[ T-Track ]
    title = [t-track] in region mesh
     mesh =  reg            # mesh type is region-wise
      reg = 1400 1500 1700 2000 2100 2300 2500 2700 2900 3000 3200 3500
            3600 3800 4000 4200 4400 4600 4800 5000 5200 5400 5600
   volume                   # combined, lattice or level structure 
   non     reg      vol     # reg definition
    1     1400   1.0455E+02 # 1400
    2     1500   6.4619E+01 # 1500
    3     1700   4.0604E+01 # 1700
    4     2000   1.2366E+02 # 2000
    5     2100   2.0742E+01 # 2100
    6     2300   9.4889E+01 # 2300
    7     2500   3.4459E+01 # 2500
    8     2700   3.1228E+02 # 2700
    9     2900   3.2076E+02 # 2900
   10     3000   9.5304E+01 # 3000
   11     3200   2.9518E+02 # 3200
   12     3500   4.9980E+02 # 3500
   13     3600   7.3069E+01 # 3600
   14     3800   3.5825E+02 # 3800
   15     4000   4.0696E+01 # 4000
   16     4200   4.8913E+02 # 4200
   17     4400   3.4588E+02 # 4400
   18     4600   1.1543E+02 # 4600
   19     4800   6.8303E+01 # 4800
   20     5000   2.8548E+02 # 5000
   21     5200   2.3286E+02 # 5200
   22     5400   1.6466E+02 # 5400
   23     5600   5.2207E+01 # 5600
   e-type =    3            # e-mesh is log given by emin, emax and ne
     emin =  1.0000000E-02  # minimum value of e-mesh points
     emax =   10.00000      # maximum value of e-mesh points
#    edel =  6.9077553E-02  # mesh width of e-mesh points
       ne =    100          # number of e-mesh points
#    data = ( e(i), i = 1, ne + 1 )
#           1.00000E-02  1.07152E-02  1.14815E-02  1.23027E-02  1.31826E-02
#           1.41254E-02  1.51356E-02  1.62181E-02  1.73780E-02  1.86209E-02
#           1.99526E-02  2.13796E-02  2.29087E-02  2.45471E-02  2.63027E-02
#           2.81838E-02  3.01995E-02  3.23594E-02  3.46737E-02  3.71535E-02
#           3.98107E-02  4.26580E-02  4.57088E-02  4.89779E-02  5.24807E-02
#           5.62341E-02  6.02560E-02  6.45654E-02  6.91831E-02  7.41310E-02
#           7.94328E-02  8.51138E-02  9.12011E-02  9.77237E-02  1.04713E-01
#           1.12202E-01  1.20226E-01  1.28825E-01  1.38038E-01  1.47911E-01
#           1.58489E-01  1.69824E-01  1.81970E-01  1.94984E-01  2.08930E-01
#           2.23872E-01  2.39883E-01  2.57040E-01  2.75423E-01  2.95121E-01
#           3.16228E-01  3.38844E-01  3.63078E-01  3.89045E-01  4.16869E-01
#           4.46684E-01  4.78630E-01  5.12861E-01  5.49541E-01  5.88844E-01
#           6.30957E-01  6.76083E-01  7.24436E-01  7.76247E-01  8.31764E-01
#           8.91251E-01  9.54993E-01  1.02329E+00  1.09648E+00  1.17490E+00
#           1.25893E+00  1.34896E+00  1.44544E+00  1.54882E+00  1.65959E+00
#           1.77828E+00  1.90546E+00  2.04174E+00  2.18776E+00  2.34423E+00
#           2.51189E+00  2.69153E+00  2.88403E+00  3.09030E+00  3.31131E+00
#           3.54813E+00  3.80189E+00  4.07380E+00  4.36516E+00  4.67735E+00
#           5.01187E+00  5.37032E+00  5.75440E+00  6.16595E+00  6.60693E+00
#           7.07946E+00  7.58578E+00  8.12831E+00  8.70964E+00  9.33254E+00
#           1.00000E+01
     unit =    1            # unit is [1/cm^2/source]
 material =  all            # (D=all) number of specific material
     axis =     eng            # axis of output
     file = phits_fluence_MRCP_AM_H165W65_source_Liver_photon_energy_10.0.out  # file name of output for the abo
     file = ve axis
     part =  photon   
# kf/name :  22       
#    used :        main (  %)        temp (  %)       total (  %)
#  memory :         129 (  0)           0 (  0)         129 (  0)

#------------------------------------------------------------------------------
#newpage:
#   no. =  1   reg =   1400

x: Energy [MeV/n]
y: Flux [1/cm^2/source]              
p: xlog ylog afac(0.8) form(0.9)
h: n            x            y(photon  ),hh0l n  
#  e-lower      e-upper        photon    r.err 
   1.0000E-02   1.0715E-02   0.0000E+00  0.0000
   1.0715E-02   1.1482E-02   0.0000E+00  0.0000
   1.1482E-02   1.2303E-02   0.0000E+00  0.0000
   1.2303E-02   1.3183E-02   0.0000E+00  0.0000
   1.3183E-02   1.4125E-02   0.0000E+00  0.0000
   1.4125E-02   1.5136E-02   0.0000E+00  0.0000
   1.5136E-02   1.6218E-02   0.0000E+00  0.0000
   1.6218E-02   1.7378E-02   0.0000E+00  0.0000
   1.7378E-02   1.8621E-02   0.0000E+00  0.0000
   1.8621E-02   1.9953E-02   0.0000E+00  0.0000
   1.9953E-02   2.1380E-02   0.0000E+00  0.0000
   2.1380E-02   2.2909E-02   0.0000E+00  0.0000
   2.2909E-02   2.4547E-02   0.0000E+00  0.0000
   2.4547E-02   2.6303E-02   0.0000E+00  0.0000
   2.6303E-02   2.8184E-02   0.0000E+00  0.0000
   2.8184E-02   3.0200E-02   0.0000E+00  0.0000
   3.0200E-02   3.2359E-02   0.0000E+00  0.0000
   3.2359E-02   3.4674E-02   0.0000E+00  0.0000
   3.4674E-02   3.7154E-02   0.0000E+00  0.0000
   3.7154E-02   3.9811E-02   0.0000E+00  0.0000
   3.9811E-02   4.2658E-02   0.0000E+00  0.0000
   4.2658E-02   4.5709E-02   0.0000E+00  0.0000
   4.5709E-02   4.8978E-02   0.0000E+00  0.0000
   4.8978E-02   5.2481E-02   0.0000E+00  0.0000
   5.2481E-02   5.6234E-02   0.0000E+00  0.0000
   5.6234E-02   6.0256E-02   0.0000E+00  0.0000
   6.0256E-02   6.4565E-02   0.0000E+00  0.0000
   6.4565E-02   6.9183E-02   0.0000E+00  0.0000
   6.9183E-02   7.4131E-02   0.0000E+00  0.0000
   7.4131E-02   7.9433E-02   0.0000E+00  0.0000
   7.9433E-02   8.5114E-02   0.0000E+00  0.0000
   8.5114E-02   9.1201E-02   2.5413E-05  1.0000
   9.1201E-02   9.7724E-02   1.7978E-05  1.0000
   9.7724E-02   1.0471E-01   0.0000E+00  0.0000
   1.0471E-01   1.1220E-01   0.0000E+00  0.0000
   1.1220E-01   1.2023E-01   0.0000E+00  0.0000
   1.2023E-01   1.2882E-01   3.8164E-05  1.0000
   1.2882E-01   1.3804E-01   0.0000E+00  0.0000
   1.3804E-01   1.4791E-01   0.0000E+00  0.0000
   1.4791E-01   1.5849E-01   0.0000E+00  0.0000
   1.5849E-01   1.6982E-01   0.0000E+00  0.0000
   1.6982E-01   1.8197E-01   0.0000E+00  0.0000
   1.8197E-01   1.9498E-01   0.0000E+00  0.0000
   1.9498E-01   2.0893E-01   0.0000E+00  0.0000
   2.0893E-01   2.2387E-01   0.0000E+00  0.0000
   2.2387E-01   2.3988E-01   0.0000E+00  0.0000
   2.3988E-01   2.5704E-01   0.0000E+00  0.0000
   2.5704E-01   2.7542E-01   0.0000E+00  0.0000
   2.7542E-01   2.9512E-01   0.0000E+00  0.0000
   2.9512E-01   3.1623E-01   0.0000E+00  0.0000
   3.1623E-01   3.3884E-01   0.0000E+00  0.0000
   3.3884E-01   3.6308E-01   0.0000E+00  0.0000
   3.6308E-01   3.8905E-01   0.0000E+00  0.0000
   3.8905E-01   4.1687E-01   0.0000E+00  0.0000
   4.1687E-01   4.4668E-01   0.0000E+00  0.0000
   4.4668E-01   4.7863E-01   0.0000E+00  0.0000
   4.7863E-01   5.1286E-01   0.0000E+00  0.0000
   5.1286E-01   5.4954E-01   0.0000E+00  0.0000
   5.4954E-01   5.8884E-01   0.0000E+00  0.0000
   5.8884E-01   6.3096E-01   0.0000E+00  0.0000
   6.3096E-01   6.7608E-01   0.0000E+00  0.0000
   6.7608E-01   7.2444E-01   0.0000E+00  0.0000
   7.2444E-01   7.7625E-01   0.0000E+00  0.0000
   7.7625E-01   8.3176E-01   0.0000E+00  0.0000
   8.3176E-01   8.9125E-01   0.0000E+00  0.0000
   8.9125E-01   9.5499E-01   0.0000E+00  0.0000
   9.5499E-01   1.0233E+00   0.0000E+00  0.0000
   1.0233E+00   1.0965E+00   0.0000E+00  0.0000
   1.0965E+00   1.1749E+00   0.0000E+00  0.0000
   1.1749E+00   1.2589E+00   0.0000E+00  0.0000
   1.2589E+00   1.3490E+00   0.0000E+00  0.0000
   1.3490E+00   1.4454E+00   0.0000E+00  0.0000
   1.4454E+00   1.5488E+00   0.0000E+00  0.0000
   1.5488E+00   1.6596E+00   0.0000E+00  0.0000
   1.6596E+00   1.7783E+00   0.0000E+00  0.0000
   1.7783E+00   1.9055E+00   0.0000E+00  0.0000
   1.9055E+00   2.0417E+00   0.0000E+00  0.0000
   2.0417E+00   2.1878E+00   0.0000E+00  0.0000
   2.1878E+00   2.3442E+00   0.0000E+00  0.0000
   2.3442E+00   2.5119E+00   0.0000E+00  0.0000
   2.5119E+00   2.6915E+00   0.0000E+00  0.0000
   2.6915E+00   2.8840E+00   3.0220E-05  1.0000
   2.8840E+00   3.0903E+00   0.0000E+00  0.0000
   3.0903E+00   3.3113E+00   0.0000E+00  0.0000
   3.3113E+00   3.5481E+00   0.0000E+00  0.0000
   3.5481E+00   3.8019E+00   0.0000E+00  0.0000
   3.8019E+00   4.0738E+00   0.0000E+00  0.0000
   4.0738E+00   4.3652E+00   0.0000E+00  0.0000
   4.3652E+00   4.6774E+00   0.0000E+00  0.0000
   4.6774E+00   5.0119E+00   0.0000E+00  0.0000
   5.0119E+00   5.3703E+00   0.0000E+00  0.0000
   5.3703E+00   5.7544E+00   0.0000E+00  0.0000
   5.7544E+00   6.1660E+00   0.0000E+00  0.0000
   6.1660E+00   6.6069E+00   0.0000E+00  0.0000
   6.6069E+00   7.0795E+00   0.0000E+00  0.0000
   7.0795E+00   7.5858E+00   0.0000E+00  0.0000
   7.5858E+00   8.1283E+00   0.0000E+00  0.0000
   8.1283E+00   8.7096E+00   0.0000E+00  0.0000
   8.7096E+00   9.3325E+00   0.0000E+00  0.0000
   9.3325E+00   1.0000E+01   0.0000E+00  0.0000

#   sum over                 1.1177E-04  0.5162

'no. =  1,  reg  =   1400'
msuc: {\huge [t-track] in region mesh}
msdr: {\it plotted by \ANGEL \version}
msdl: {\it calculated by \PHITS  3.36}
wt: s(0.7)
\vspace{-3}
   vol  &=&   1.0455E+02 [cm^3]
e:

#------------------------------------------------------------------------------
 newpage:
#   no. =  2   reg =   1500

x: Energy [MeV/n]
y: Flux [1/cm^2/source]              
p: xlog ylog afac(0.8) form(0.9)
h: n            x            y(photon  ),hh0l n  
#  e-lower      e-upper        photon    r.err 
   1.0000E-02   1.0715E-02   0.0000E+00  0.0000
   1.0715E-02   1.1482E-02   0.0000E+00  0.0000
   1.1482E-02   1.2303E-02   0.0000E+00  0.0000
   1.2303E-02   1.3183E-02   0.0000E+00  0.0000
   1.3183E-02   1.4125E-02   0.0000E+00  0.0000
   1.4125E-02   1.5136E-02   0.0000E+00  0.0000
   1.5136E-02   1.6218E-02   0.0000E+00  0.0000
   1.6218E-02   1.7378E-02   0.0000E+00  0.0000
   1.7378E-02   1.8621E-02   0.0000E+00  0.0000
   1.8621E-02   1.9953E-02   0.0000E+00  0.0000
   1.9953E-02   2.1380E-02   0.0000E+00  0.0000
   2.1380E-02   2.2909E-02   0.0000E+00  0.0000
   2.2909E-02   2.4547E-02   0.0000E+00  0.0000
   2.4547E-02   2.6303E-02   0.0000E+00  0.0000
   2.6303E-02   2.8184E-02   0.0000E+00  0.0000
   2.8184E-02   3.0200E-02   0.0000E+00  0.0000
   3.0200E-02   3.2359E-02   0.0000E+00  0.0000
   3.2359E-02   3.4674E-02   0.0000E+00  0.0000
   3.4674E-02   3.7154E-02   0.0000E+00  0.0000
   3.7154E-02   3.9811E-02   0.0000E+00  0.0000
   3.9811E-02   4.2658E-02   0.0000E+00  0.0000
   4.2658E-02   4.5709E-02   0.0000E+00  0.0000
   4.5709E-02   4.8978E-02   0.0000E+00  0.0000
   4.8978E-02   5.2481E-02   0.0000E+00  0.0000
   5.2481E-02   5.6234E-02   0.0000E+00  0.0000
   5.6234E-02   6.0256E-02   0.0000E+00  0.0000
   6.0256E-02   6.4565E-02   0.0000E+00  0.0000
   6.4565E-02   6.9183E-02   0.0000E+00  0.0000
   6.9183E-02   7.4131E-02   0.0000E+00  0.0000
   7.4131E-02   7.9433E-02   0.0000E+00  0.0000
   7.9433E-02   8.5114E-02   0.0000E+00  0.0000
   8.5114E-02   9.1201E-02   0.0000E+00  0.0000
   9.1201E-02   9.7724E-02   3.9585E-06  1.0000
   9.7724E-02   1.0471E-01   0.0000E+00  0.0000
   1.0471E-01   1.1220E-01   0.0000E+00  0.0000
   1.1220E-01   1.2023E-01   0.0000E+00  0.0000
   1.2023E-01   1.2882E-01   0.0000E+00  0.0000
   1.2882E-01   1.3804E-01   0.0000E+00  0.0000
   1.3804E-01   1.4791E-01   0.0000E+00  0.0000
   1.4791E-01   1.5849E-01   0.0000E+00  0.0000
   1.5849E-01   1.6982E-01   0.0000E+00  0.0000
   1.6982E-01   1.8197E-01   0.0000E+00  0.0000
   1.8197E-01   1.9498E-01   0.0000E+00  0.0000
   1.9498E-01   2.0893E-01   2.8096E-05  1.0000
   2.0893E-01   2.2387E-01   0.0000E+00  0.0000
   2.2387E-01   2.3988E-01   0.0000E+00  0.0000
   2.3988E-01   2.5704E-01   0.0000E+00  0.0000
   2.5704E-01   2.7542E-01   0.0000E+00  0.0000
   2.7542E-01   2.9512E-01   0.0000E+00  0.0000
   2.9512E-01   3.1623E-01   0.0000E+00  0.0000
   3.1623E-01   3.3884E-01   0.0000E+00  0.0000
   3.3884E-01   3.6308E-01   0.0000E+00  0.0000
   3.6308E-01   3.8905E-01   0.0000E+00  0.0000
   3.8905E-01   4.1687E-01   0.0000E+00  0.0000
   4.1687E-01   4.4668E-01   0.0000E+00  0.0000
   4.4668E-01   4.7863E-01   0.0000E+00  0.0000
   4.7863E-01   5.1286E-01   2.3127E-05  1.0000
   5.1286E-01   5.4954E-01   0.0000E+00  0.0000
   5.4954E-01   5.8884E-01   0.0000E+00  0.0000
   5.8884E-01   6.3096E-01   0.0000E+00  0.0000
   6.3096E-01   6.7608E-01   0.0000E+00  0.0000
   6.7608E-01   7.2444E-01   0.0000E+00  0.0000
   7.2444E-01   7.7625E-01   0.0000E+00  0.0000
   7.7625E-01   8.3176E-01   0.0000E+00  0.0000
   8.3176E-01   8.9125E-01   0.0000E+00  0.0000
   8.9125E-01   9.5499E-01   0.0000E+00  0.0000
   9.5499E-01   1.0233E+00   0.0000E+00  0.0000
   1.0233E+00   1.0965E+00   0.0000E+00  0.0000
   1.0965E+00   1.1749E+00   0.0000E+00  0.0000
   1.1749E+00   1.2589E+00   0.0000E+00  0.0000
   1.2589E+00   1.3490E+00   0.0000E+00  0.0000
   1.3490E+00   1.4454E+00   0.0000E+00  0.0000
   1.4454E+00   1.5488E+00   9.4334E-06  1.0000
   1.5488E+00   1.6596E+00   0.0000E+00  0.0000
   1.6596E+00   1.7783E+00   0.0000E+00  0.0000
   1.7783E+00   1.9055E+00   0.0000E+00  0.0000
   1.9055E+00   2.0417E+00   0.0000E+00  0.0000
   2.0417E+00   2.1878E+00   0.0000E+00  0.0000
   2.1878E+00   2.3442E+00   0.0000E+00  0.0000
   2.3442E+00   2.5119E+00   0.0000E+00  0.0000
   2.5119E+00   2.6915E+00   0.0000E+00  0.0000
   2.6915E+00   2.8840E+00   0.0000E+00  0.0000
   2.8840E+00   3.0903E+00   0.0000E+00  0.0000
   3.0903E+00   3.3113E+00   0.0000E+00  0.0000
   3.3113E+00   3.5481E+00   0.0000E+00  0.0000
   3.5481E+00   3.8019E+00   0.0000E+00  0.0000
   3.8019E+00   4.0738E+00   0.0000E+00  0.0000
   4.0738E+00   4.3652E+00   0.0000E+00  0.0000
   4.3652E+00   4.6774E+00   0.0000E+00  0.0000
   4.6774E+00   5.0119E+00   0.0000E+00  0.0000
   5.0119E+00   5.3703E+00   0.0000E+00  0.0000
   5.3703E+00   5.7544E+00   0.0000E+00  0.0000
   5.7544E+00   6.1660E+00   0.0000E+00  0.0000
   6.1660E+00   6.6069E+00   0.0000E+00  0.0000
   6.6069E+00   7.0795E+00   0.0000E+00  0.0000
   7.0795E+00   7.5858E+00   0.0000E+00  0.0000
   7.5858E+00   8.1283E+00   0.0000E+00  0.0000
   8.1283E+00   8.7096E+00   0.0000E+00  0.0000
   8.7096E+00   9.3325E+00   0.0000E+00  0.0000
   9.3325E+00   1.0000E+01   0.0000E+00  0.0000

#   sum over                 6.4615E-05  0.5845

'no. =  2,  reg  =   1500'
msuc: {\huge [t-track] in region mesh}
msdr: {\it plotted by \ANGEL \version}
msdl: {\it calculated by \PHITS  3.36}
wt: s(0.7)
\vspace{-3}
   vol  &=&   6.4619E+01 [cm^3]
e:

#------------------------------------------------------------------------------
 newpage:
#   no. =  3   reg =   1700

x: Energy [MeV/n]
y: Flux [1/cm^2/source]              
p: xlog ylog afac(0.8) form(0.9)
h: n            x            y(photon  ),hh0l n  
#  e-lower      e-upper        photon    r.err 
   1.0000E-02   1.0715E-02   0.0000E+00  0.0000
   1.0715E-02   1.1482E-02   0.0000E+00  0.0000
   1.1482E-02   1.2303E-02   0.0000E+00  0.0000
   1.2303E-02   1.3183E-02   0.0000E+00  0.0000
   1.3183E-02   1.4125E-02   0.0000E+00  0.0000
   1.4125E-02   1.5136E-02   0.0000E+00  0.0000
   1.5136E-02   1.6218E-02   0.0000E+00  0.0000
   1.6218E-02   1.7378E-02   0.0000E+00  0.0000
   1.7378E-02   1.8621E-02   0.0000E+00  0.0000
   1.8621E-02   1.9953E-02   0.0000E+00  0.0000
   1.9953E-02   2.1380E-02   0.0000E+00  0.0000
   2.1380E-02   2.2909E-02   0.0000E+00  0.0000
   2.2909E-02   2.4547E-02   0.0000E+00  0.0000
   2.4547E-02   2.6303E-02   0.0000E+00  0.0000
   2.6303E-02   2.8184E-02   0.0000E+00  0.0000
   2.8184E-02   3.0200E-02   0.0000E+00  0.0000
   3.0200E-02   3.2359E-02   0.0000E+00  0.0000
   3.2359E-02   3.4674E-02   0.0000E+00  0.0000
   3.4674E-02   3.7154E-02   0.0000E+00  0.0000
   3.7154E-02   3.9811E-02   0.0000E+00  0.0000
   3.9811E-02   4.2658E-02   0.0000E+00  0.0000
   4.2658E-02   4.5709E-02   0.0000E+00  0.0000
   4.5709E-02   4.8978E-02   0.0000E+00  0.0000
   4.8978E-02   5.2481E-02   0.0000E+00  0.0000
   5.2481E-02   5.6234E-02   3.3473E-05  1.0000
   5.6234E-02   6.0256E-02   0.0000E+00  0.0000
   6.0256E-02   6.4565E-02   0.0000E+00  0.0000
   6.4565E-02   6.9183E-02   0.0000E+00  0.0000
   6.9183E-02   7.4131E-02   0.0000E+00  0.0000
   7.4131E-02   7.9433E-02   0.0000E+00  0.0000
   7.9433E-02   8.5114E-02   0.0000E+00  0.0000
   8.5114E-02   9.1201E-02   3.9839E-05  1.0000
   9.1201E-02   9.7724E-02   0.0000E+00  0.0000
   9.7724E-02   1.0471E-01   0.0000E+00  0.0000
   1.0471E-01   1.1220E-01   0.0000E+00  0.0000
   1.1220E-01   1.2023E-01   1.9369E-05  1.0000
   1.2023E-01   1.2882E-01   0.0000E+00  0.0000
   1.2882E-01   1.3804E-01   0.0000E+00  0.0000
   1.3804E-01   1.4791E-01   0.0000E+00  0.0000
   1.4791E-01   1.5849E-01   0.0000E+00  0.0000
   1.5849E-01   1.6982E-01   3.7147E-06  1.0000
   1.6982E-01   1.8197E-01   0.0000E+00  0.0000
   1.8197E-01   1.9498E-01   0.0000E+00  0.0000
   1.9498E-01   2.0893E-01   0.0000E+00  0.0000
   2.0893E-01   2.2387E-01   0.0000E+00  0.0000
   2.2387E-01   2.3988E-01   4.0333E-05  1.0000
   2.3988E-01   2.5704E-01   0.0000E+00  0.0000
   2.5704E-01   2.7542E-01   0.0000E+00  0.0000
   2.7542E-01   2.9512E-01   5.6449E-05  1.0000
   2.9512E-01   3.1623E-01   0.0000E+00  0.0000
   3.1623E-01   3.3884E-01   0.0000E+00  0.0000
   3.3884E-01   3.6308E-01   0.0000E+00  0.0000
   3.6308E-01   3.8905E-01   0.0000E+00  0.0000
   3.8905E-01   4.1687E-01   0.0000E+00  0.0000
   4.1687E-01   4.4668E-01   0.0000E+00  0.0000
   4.4668E-01   4.7863E-01   0.0000E+00  0.0000
   4.7863E-01   5.1286E-01   4.0264E-05  1.0000
   5.1286E-01   5.4954E-01   0.0000E+00  0.0000
   5.4954E-01   5.8884E-01   0.0000E+00  0.0000
   5.8884E-01   6.3096E-01   0.0000E+00  0.0000
   6.3096E-01   6.7608E-01   0.0000E+00  0.0000
   6.7608E-01   7.2444E-01   0.0000E+00  0.0000
   7.2444E-01   7.7625E-01   0.0000E+00  0.0000
   7.7625E-01   8.3176E-01   0.0000E+00  0.0000
   8.3176E-01   8.9125E-01   0.0000E+00  0.0000
   8.9125E-01   9.5499E-01   0.0000E+00  0.0000
   9.5499E-01   1.0233E+00   0.0000E+00  0.0000
   1.0233E+00   1.0965E+00   0.0000E+00  0.0000
   1.0965E+00   1.1749E+00   0.0000E+00  0.0000
   1.1749E+00   1.2589E+00   0.0000E+00  0.0000
   1.2589E+00   1.3490E+00   0.0000E+00  0.0000
   1.3490E+00   1.4454E+00   0.0000E+00  0.0000
   1.4454E+00   1.5488E+00   0.0000E+00  0.0000
   1.5488E+00   1.6596E+00   0.0000E+00  0.0000
   1.6596E+00   1.7783E+00   0.0000E+00  0.0000
   1.7783E+00   1.9055E+00   0.0000E+00  0.0000
   1.9055E+00   2.0417E+00   0.0000E+00  0.0000
   2.0417E+00   2.1878E+00   0.0000E+00  0.0000
   2.1878E+00   2.3442E+00   0.0000E+00  0.0000
   2.3442E+00   2.5119E+00   0.0000E+00  0.0000
   2.5119E+00   2.6915E+00   0.0000E+00  0.0000
   2.6915E+00   2.8840E+00   0.0000E+00  0.0000
   2.8840E+00   3.0903E+00   0.0000E+00  0.0000
   3.0903E+00   3.3113E+00   0.0000E+00  0.0000
   3.3113E+00   3.5481E+00   0.0000E+00  0.0000
   3.5481E+00   3.8019E+00   0.0000E+00  0.0000
   3.8019E+00   4.0738E+00   0.0000E+00  0.0000
   4.0738E+00   4.3652E+00   0.0000E+00  0.0000
   4.3652E+00   4.6774E+00   0.0000E+00  0.0000
   4.6774E+00   5.0119E+00   0.0000E+00  0.0000
   5.0119E+00   5.3703E+00   0.0000E+00  0.0000
   5.3703E+00   5.7544E+00   0.0000E+00  0.0000
   5.7544E+00   6.1660E+00   0.0000E+00  0.0000
   6.1660E+00   6.6069E+00   0.0000E+00  0.0000
   6.6069E+00   7.0795E+00   0.0000E+00  0.0000
   7.0795E+00   7.5858E+00   0.0000E+00  0.0000
   7.5858E+00   8.1283E+00   0.0000E+00  0.0000
   8.1283E+00   8.7096E+00   0.0000E+00  0.0000
   8.7096E+00   9.3325E+00   0.0000E+00  0.0000
   9.3325E+00   1.0000E+01   0.0000E+00  0.0000

#   sum over                 2.3344E-04  0.5787

'no. =  3,  reg  =   1700'
msuc: {\huge [t-track] in region mesh}
msdr: {\it plotted by \ANGEL \version}
msdl: {\it calculated by \PHITS  3.36}
wt: s(0.7)
\vspace{-3}
   vol  &=&   4.0604E+01 [cm^3]
e:

#------------------------------------------------------------------------------
 newpage:
#   no. =  4   reg =   2000

x: Energy [MeV/n]
y: Flux [1/cm^2/source]              
p: xlog ylog afac(0.8) form(0.9)
h: n            x            y(photon  ),hh0l n  
#  e-lower      e-upper        photon    r.err 
   1.0000E-02   1.0715E-02   0.0000E+00  0.0000
   1.0715E-02   1.1482E-02   0.0000E+00  0.0000
   1.1482E-02   1.2303E-02   0.0000E+00  0.0000
   1.2303E-02   1.3183E-02   0.0000E+00  0.0000
   1.3183E-02   1.4125E-02   0.0000E+00  0.0000
   1.4125E-02   1.5136E-02   0.0000E+00  0.0000
   1.5136E-02   1.6218E-02   0.0000E+00  0.0000
   1.6218E-02   1.7378E-02   0.0000E+00  0.0000
   1.7378E-02   1.8621E-02   0.0000E+00  0.0000
   1.8621E-02   1.9953E-02   0.0000E+00  0.0000
   1.9953E-02   2.1380E-02   0.0000E+00  0.0000
   2.1380E-02   2.2909E-02   0.0000E+00  0.0000
   2.2909E-02   2.4547E-02   0.0000E+00  0.0000
   2.4547E-02   2.6303E-02   0.0000E+00  0.0000
   2.6303E-02   2.8184E-02   0.0000E+00  0.0000
   2.8184E-02   3.0200E-02   0.0000E+00  0.0000
   3.0200E-02   3.2359E-02   0.0000E+00  0.0000
   3.2359E-02   3.4674E-02   0.0000E+00  0.0000
   3.4674E-02   3.7154E-02   0.0000E+00  0.0000
   3.7154E-02   3.9811E-02   0.0000E+00  0.0000
   3.9811E-02   4.2658E-02   0.0000E+00  0.0000
   4.2658E-02   4.5709E-02   0.0000E+00  0.0000
   4.5709E-02   4.8978E-02   0.0000E+00  0.0000
   4.8978E-02   5.2481E-02   0.0000E+00  0.0000
   5.2481E-02   5.6234E-02   1.8158E-05  1.0000
   5.6234E-02   6.0256E-02   1.7313E-05  1.0000
   6.0256E-02   6.4565E-02   0.0000E+00  0.0000
   6.4565E-02   6.9183E-02   0.0000E+00  0.0000
   6.9183E-02   7.4131E-02   0.0000E+00  0.0000
   7.4131E-02   7.9433E-02   0.0000E+00  0.0000
   7.9433E-02   8.5114E-02   0.0000E+00  0.0000
   8.5114E-02   9.1201E-02   0.0000E+00  0.0000
   9.1201E-02   9.7724E-02   0.0000E+00  0.0000
   9.7724E-02   1.0471E-01   0.0000E+00  0.0000
   1.0471E-01   1.1220E-01   0.0000E+00  0.0000
   1.1220E-01   1.2023E-01   0.0000E+00  0.0000
   1.2023E-01   1.2882E-01   0.0000E+00  0.0000
   1.2882E-01   1.3804E-01   0.0000E+00  0.0000
   1.3804E-01   1.4791E-01   0.0000E+00  0.0000
   1.4791E-01   1.5849E-01   0.0000E+00  0.0000
   1.5849E-01   1.6982E-01   6.8001E-06  1.0000
   1.6982E-01   1.8197E-01   0.0000E+00  0.0000
   1.8197E-01   1.9498E-01   0.0000E+00  0.0000
   1.9498E-01   2.0893E-01   0.0000E+00  0.0000
   2.0893E-01   2.2387E-01   0.0000E+00  0.0000
   2.2387E-01   2.3988E-01   0.0000E+00  0.0000
   2.3988E-01   2.5704E-01   0.0000E+00  0.0000
   2.5704E-01   2.7542E-01   0.0000E+00  0.0000
   2.7542E-01   2.9512E-01   2.7352E-06  1.0000
   2.9512E-01   3.1623E-01   0.0000E+00  0.0000
   3.1623E-01   3.3884E-01   0.0000E+00  0.0000
   3.3884E-01   3.6308E-01   0.0000E+00  0.0000
   3.6308E-01   3.8905E-01   0.0000E+00  0.0000
   3.8905E-01   4.1687E-01   0.0000E+00  0.0000
   4.1687E-01   4.4668E-01   0.0000E+00  0.0000
   4.4668E-01   4.7863E-01   2.0842E-05  1.0000
   4.7863E-01   5.1286E-01   1.0090E-05  1.0000
   5.1286E-01   5.4954E-01   0.0000E+00  0.0000
   5.4954E-01   5.8884E-01   0.0000E+00  0.0000
   5.8884E-01   6.3096E-01   0.0000E+00  0.0000
   6.3096E-01   6.7608E-01   0.0000E+00  0.0000
   6.7608E-01   7.2444E-01   0.0000E+00  0.0000
   7.2444E-01   7.7625E-01   0.0000E+00  0.0000
   7.7625E-01   8.3176E-01   0.0000E+00  0.0000
   8.3176E-01   8.9125E-01   0.0000E+00  0.0000
   8.9125E-01   9.5499E-01   0.0000E+00  0.0000
   9.5499E-01   1.0233E+00   0.0000E+00  0.0000
   1.0233E+00   1.0965E+00   0.0000E+00  0.0000
   1.0965E+00   1.1749E+00   0.0000E+00  0.0000
   1.1749E+00   1.2589E+00   0.0000E+00  0.0000
   1.2589E+00   1.3490E+00   0.0000E+00  0.0000
   1.3490E+00   1.4454E+00   0.0000E+00  0.0000
   1.4454E+00   1.5488E+00   0.0000E+00  0.0000
   1.5488E+00   1.6596E+00   0.0000E+00  0.0000
   1.6596E+00   1.7783E+00   0.0000E+00  0.0000
   1.7783E+00   1.9055E+00   0.0000E+00  0.0000
   1.9055E+00   2.0417E+00   0.0000E+00  0.0000
   2.0417E+00   2.1878E+00   0.0000E+00  0.0000
   2.1878E+00   2.3442E+00   0.0000E+00  0.0000
   2.3442E+00   2.5119E+00   0.0000E+00  0.0000
   2.5119E+00   2.6915E+00   0.0000E+00  0.0000
   2.6915E+00   2.8840E+00   0.0000E+00  0.0000
   2.8840E+00   3.0903E+00   0.0000E+00  0.0000
   3.0903E+00   3.3113E+00   0.0000E+00  0.0000
   3.3113E+00   3.5481E+00   0.0000E+00  0.0000
   3.5481E+00   3.8019E+00   0.0000E+00  0.0000
   3.8019E+00   4.0738E+00   0.0000E+00  0.0000
   4.0738E+00   4.3652E+00   0.0000E+00  0.0000
   4.3652E+00   4.6774E+00   0.0000E+00  0.0000
   4.6774E+00   5.0119E+00   0.0000E+00  0.0000
   5.0119E+00   5.3703E+00   0.0000E+00  0.0000
   5.3703E+00   5.7544E+00   0.0000E+00  0.0000
   5.7544E+00   6.1660E+00   3.8501E-05  1.0000
   6.1660E+00   6.6069E+00   0.0000E+00  0.0000
   6.6069E+00   7.0795E+00   0.0000E+00  0.0000
   7.0795E+00   7.5858E+00   0.0000E+00  0.0000
   7.5858E+00   8.1283E+00   0.0000E+00  0.0000
   8.1283E+00   8.7096E+00   0.0000E+00  0.0000
   8.7096E+00   9.3325E+00   0.0000E+00  0.0000
   9.3325E+00   1.0000E+01   0.0000E+00  0.0000

#   sum over                 1.1444E-04  0.4832

'no. =  4,  reg  =   2000'
msuc: {\huge [t-track] in region mesh}
msdr: {\it plotted by \ANGEL \version}
msdl: {\it calculated by \PHITS  3.36}
wt: s(0.7)
\vspace{-3}
   vol  &=&   1.2366E+02 [cm^3]
e:

#------------------------------------------------------------------------------
 newpage:
#   no. =  5   reg =   2100

x: Energy [MeV/n]
y: Flux [1/cm^2/source]              
p: xlog ylog afac(0.8) form(0.9)
h: n            x            y(photon  ),hh0l n  
#  e-lower      e-upper        photon    r.err 
   1.0000E-02   1.0715E-02   0.0000E+00  0.0000
   1.0715E-02   1.1482E-02   0.0000E+00  0.0000
   1.1482E-02   1.2303E-02   0.0000E+00  0.0000
   1.2303E-02   1.3183E-02   0.0000E+00  0.0000
   1.3183E-02   1.4125E-02   0.0000E+00  0.0000
   1.4125E-02   1.5136E-02   0.0000E+00  0.0000
   1.5136E-02   1.6218E-02   0.0000E+00  0.0000
   1.6218E-02   1.7378E-02   0.0000E+00  0.0000
   1.7378E-02   1.8621E-02   0.0000E+00  0.0000
   1.8621E-02   1.9953E-02   0.0000E+00  0.0000
   1.9953E-02   2.1380E-02   0.0000E+00  0.0000
   2.1380E-02   2.2909E-02   0.0000E+00  0.0000
   2.2909E-02   2.4547E-02   0.0000E+00  0.0000
   2.4547E-02   2.6303E-02   0.0000E+00  0.0000
   2.6303E-02   2.8184E-02   0.0000E+00  0.0000
   2.8184E-02   3.0200E-02   0.0000E+00  0.0000
   3.0200E-02   3.2359E-02   0.0000E+00  0.0000
   3.2359E-02   3.4674E-02   0.0000E+00  0.0000
   3.4674E-02   3.7154E-02   0.0000E+00  0.0000
   3.7154E-02   3.9811E-02   0.0000E+00  0.0000
   3.9811E-02   4.2658E-02   0.0000E+00  0.0000
   4.2658E-02   4.5709E-02   0.0000E+00  0.0000
   4.5709E-02   4.8978E-02   0.0000E+00  0.0000
   4.8978E-02   5.2481E-02   0.0000E+00  0.0000
   5.2481E-02   5.6234E-02   0.0000E+00  0.0000
   5.6234E-02   6.0256E-02   0.0000E+00  0.0000
   6.0256E-02   6.4565E-02   0.0000E+00  0.0000
   6.4565E-02   6.9183E-02   0.0000E+00  0.0000
   6.9183E-02   7.4131E-02   0.0000E+00  0.0000
   7.4131E-02   7.9433E-02   0.0000E+00  0.0000
   7.9433E-02   8.5114E-02   2.6669E-05  1.0000
   8.5114E-02   9.1201E-02   0.0000E+00  0.0000
   9.1201E-02   9.7724E-02   0.0000E+00  0.0000
   9.7724E-02   1.0471E-01   0.0000E+00  0.0000
   1.0471E-01   1.1220E-01   0.0000E+00  0.0000
   1.1220E-01   1.2023E-01   0.0000E+00  0.0000
   1.2023E-01   1.2882E-01   0.0000E+00  0.0000
   1.2882E-01   1.3804E-01   0.0000E+00  0.0000
   1.3804E-01   1.4791E-01   2.9599E-05  1.0000
   1.4791E-01   1.5849E-01   0.0000E+00  0.0000
   1.5849E-01   1.6982E-01   0.0000E+00  0.0000
   1.6982E-01   1.8197E-01   0.0000E+00  0.0000
   1.8197E-01   1.9498E-01   0.0000E+00  0.0000
   1.9498E-01   2.0893E-01   0.0000E+00  0.0000
   2.0893E-01   2.2387E-01   0.0000E+00  0.0000
   2.2387E-01   2.3988E-01   0.0000E+00  0.0000
   2.3988E-01   2.5704E-01   0.0000E+00  0.0000
   2.5704E-01   2.7542E-01   0.0000E+00  0.0000
   2.7542E-01   2.9512E-01   2.1297E-05  1.0000
   2.9512E-01   3.1623E-01   0.0000E+00  0.0000
   3.1623E-01   3.3884E-01   0.0000E+00  0.0000
   3.3884E-01   3.6308E-01   0.0000E+00  0.0000
   3.6308E-01   3.8905E-01   0.0000E+00  0.0000
   3.8905E-01   4.1687E-01   0.0000E+00  0.0000
   4.1687E-01   4.4668E-01   0.0000E+00  0.0000
   4.4668E-01   4.7863E-01   0.0000E+00  0.0000
   4.7863E-01   5.1286E-01   5.5479E-05  1.0000
   5.1286E-01   5.4954E-01   0.0000E+00  0.0000
   5.4954E-01   5.8884E-01   0.0000E+00  0.0000
   5.8884E-01   6.3096E-01   0.0000E+00  0.0000
   6.3096E-01   6.7608E-01   0.0000E+00  0.0000
   6.7608E-01   7.2444E-01   0.0000E+00  0.0000
   7.2444E-01   7.7625E-01   0.0000E+00  0.0000
   7.7625E-01   8.3176E-01   0.0000E+00  0.0000
   8.3176E-01   8.9125E-01   0.0000E+00  0.0000
   8.9125E-01   9.5499E-01   0.0000E+00  0.0000
   9.5499E-01   1.0233E+00   0.0000E+00  0.0000
   1.0233E+00   1.0965E+00   0.0000E+00  0.0000
   1.0965E+00   1.1749E+00   0.0000E+00  0.0000
   1.1749E+00   1.2589E+00   0.0000E+00  0.0000
   1.2589E+00   1.3490E+00   0.0000E+00  0.0000
   1.3490E+00   1.4454E+00   0.0000E+00  0.0000
   1.4454E+00   1.5488E+00   0.0000E+00  0.0000
   1.5488E+00   1.6596E+00   0.0000E+00  0.0000
   1.6596E+00   1.7783E+00   0.0000E+00  0.0000
   1.7783E+00   1.9055E+00   0.0000E+00  0.0000
   1.9055E+00   2.0417E+00   0.0000E+00  0.0000
   2.0417E+00   2.1878E+00   0.0000E+00  0.0000
   2.1878E+00   2.3442E+00   0.0000E+00  0.0000
   2.3442E+00   2.5119E+00   0.0000E+00  0.0000
   2.5119E+00   2.6915E+00   0.0000E+00  0.0000
   2.6915E+00   2.8840E+00   0.0000E+00  0.0000
   2.8840E+00   3.0903E+00   0.0000E+00  0.0000
   3.0903E+00   3.3113E+00   0.0000E+00  0.0000
   3.3113E+00   3.5481E+00   0.0000E+00  0.0000
   3.5481E+00   3.8019E+00   0.0000E+00  0.0000
   3.8019E+00   4.0738E+00   0.0000E+00  0.0000
   4.0738E+00   4.3652E+00   0.0000E+00  0.0000
   4.3652E+00   4.6774E+00   0.0000E+00  0.0000
   4.6774E+00   5.0119E+00   0.0000E+00  0.0000
   5.0119E+00   5.3703E+00   0.0000E+00  0.0000
   5.3703E+00   5.7544E+00   0.0000E+00  0.0000
   5.7544E+00   6.1660E+00   0.0000E+00  0.0000
   6.1660E+00   6.6069E+00   0.0000E+00  0.0000
   6.6069E+00   7.0795E+00   0.0000E+00  0.0000
   7.0795E+00   7.5858E+00   0.0000E+00  0.0000
   7.5858E+00   8.1283E+00   0.0000E+00  0.0000
   8.1283E+00   8.7096E+00   0.0000E+00  0.0000
   8.7096E+00   9.3325E+00   0.0000E+00  0.0000
   9.3325E+00   1.0000E+01   0.0000E+00  0.0000

#   sum over                 1.3304E-04  0.6886

'no. =  5,  reg  =   2100'
msuc: {\huge [t-track] in region mesh}
msdr: {\it plotted by \ANGEL \version}
msdl: {\it calculated by \PHITS  3.36}
wt: s(0.7)
\vspace{-3}
   vol  &=&   2.0742E+01 [cm^3]
e:

#------------------------------------------------------------------------------
 newpage:
#   no. =  6   reg =   2300

x: Energy [MeV/n]
y: Flux [1/cm^2/source]              
p: xlog ylog afac(0.8) form(0.9)
h: n            x            y(photon  ),hh0l n  
#  e-lower      e-upper        photon    r.err 
   1.0000E-02   1.0715E-02   0.0000E+00  0.0000
   1.0715E-02   1.1482E-02   0.0000E+00  0.0000
   1.1482E-02   1.2303E-02   0.0000E+00  0.0000
   1.2303E-02   1.3183E-02   0.0000E+00  0.0000
   1.3183E-02   1.4125E-02   0.0000E+00  0.0000
   1.4125E-02   1.5136E-02   0.0000E+00  0.0000
   1.5136E-02   1.6218E-02   0.0000E+00  0.0000
   1.6218E-02   1.7378E-02   0.0000E+00  0.0000
   1.7378E-02   1.8621E-02   0.0000E+00  0.0000
   1.8621E-02   1.9953E-02   0.0000E+00  0.0000
   1.9953E-02   2.1380E-02   0.0000E+00  0.0000
   2.1380E-02   2.2909E-02   0.0000E+00  0.0000
   2.2909E-02   2.4547E-02   0.0000E+00  0.0000
   2.4547E-02   2.6303E-02   0.0000E+00  0.0000
   2.6303E-02   2.8184E-02   0.0000E+00  0.0000
   2.8184E-02   3.0200E-02   0.0000E+00  0.0000
   3.0200E-02   3.2359E-02   0.0000E+00  0.0000
   3.2359E-02   3.4674E-02   0.0000E+00  0.0000
   3.4674E-02   3.7154E-02   0.0000E+00  0.0000
   3.7154E-02   3.9811E-02   0.0000E+00  0.0000
   3.9811E-02   4.2658E-02   0.0000E+00  0.0000
   4.2658E-02   4.5709E-02   0.0000E+00  0.0000
   4.5709E-02   4.8978E-02   0.0000E+00  0.0000
   4.8978E-02   5.2481E-02   0.0000E+00  0.0000
   5.2481E-02   5.6234E-02   0.0000E+00  0.0000
   5.6234E-02   6.0256E-02   0.0000E+00  0.0000
   6.0256E-02   6.4565E-02   0.0000E+00  0.0000
   6.4565E-02   6.9183E-02   0.0000E+00  0.0000
   6.9183E-02   7.4131E-02   0.0000E+00  0.0000
   7.4131E-02   7.9433E-02   0.0000E+00  0.0000
   7.9433E-02   8.5114E-02   0.0000E+00  0.0000
   8.5114E-02   9.1201E-02   0.0000E+00  0.0000
   9.1201E-02   9.7724E-02   0.0000E+00  0.0000
   9.7724E-02   1.0471E-01   0.0000E+00  0.0000
   1.0471E-01   1.1220E-01   0.0000E+00  0.0000
   1.1220E-01   1.2023E-01   0.0000E+00  0.0000
   1.2023E-01   1.2882E-01   0.0000E+00  0.0000
   1.2882E-01   1.3804E-01   0.0000E+00  0.0000
   1.3804E-01   1.4791E-01   0.0000E+00  0.0000
   1.4791E-01   1.5849E-01   0.0000E+00  0.0000
   1.5849E-01   1.6982E-01   0.0000E+00  0.0000
   1.6982E-01   1.8197E-01   0.0000E+00  0.0000
   1.8197E-01   1.9498E-01   0.0000E+00  0.0000
   1.9498E-01   2.0893E-01   0.0000E+00  0.0000
   2.0893E-01   2.2387E-01   0.0000E+00  0.0000
   2.2387E-01   2.3988E-01   0.0000E+00  0.0000
   2.3988E-01   2.5704E-01   0.0000E+00  0.0000
   2.5704E-01   2.7542E-01   0.0000E+00  0.0000
   2.7542E-01   2.9512E-01   0.0000E+00  0.0000
   2.9512E-01   3.1623E-01   0.0000E+00  0.0000
   3.1623E-01   3.3884E-01   0.0000E+00  0.0000
   3.3884E-01   3.6308E-01   0.0000E+00  0.0000
   3.6308E-01   3.8905E-01   0.0000E+00  0.0000
   3.8905E-01   4.1687E-01   0.0000E+00  0.0000
   4.1687E-01   4.4668E-01   0.0000E+00  0.0000
   4.4668E-01   4.7863E-01   0.0000E+00  0.0000
   4.7863E-01   5.1286E-01   0.0000E+00  0.0000
   5.1286E-01   5.4954E-01   0.0000E+00  0.0000
   5.4954E-01   5.8884E-01   0.0000E+00  0.0000
   5.8884E-01   6.3096E-01   0.0000E+00  0.0000
   6.3096E-01   6.7608E-01   0.0000E+00  0.0000
   6.7608E-01   7.2444E-01   0.0000E+00  0.0000
   7.2444E-01   7.7625E-01   0.0000E+00  0.0000
   7.7625E-01   8.3176E-01   0.0000E+00  0.0000
   8.3176E-01   8.9125E-01   0.0000E+00  0.0000
   8.9125E-01   9.5499E-01   0.0000E+00  0.0000
   9.5499E-01   1.0233E+00   0.0000E+00  0.0000
   1.0233E+00   1.0965E+00   0.0000E+00  0.0000
   1.0965E+00   1.1749E+00   0.0000E+00  0.0000
   1.1749E+00   1.2589E+00   0.0000E+00  0.0000
   1.2589E+00   1.3490E+00   0.0000E+00  0.0000
   1.3490E+00   1.4454E+00   0.0000E+00  0.0000
   1.4454E+00   1.5488E+00   0.0000E+00  0.0000
   1.5488E+00   1.6596E+00   0.0000E+00  0.0000
   1.6596E+00   1.7783E+00   0.0000E+00  0.0000
   1.7783E+00   1.9055E+00   0.0000E+00  0.0000
   1.9055E+00   2.0417E+00   0.0000E+00  0.0000
   2.0417E+00   2.1878E+00   0.0000E+00  0.0000
   2.1878E+00   2.3442E+00   0.0000E+00  0.0000
   2.3442E+00   2.5119E+00   0.0000E+00  0.0000
   2.5119E+00   2.6915E+00   6.0456E-06  1.0000
   2.6915E+00   2.8840E+00   0.0000E+00  0.0000
   2.8840E+00   3.0903E+00   0.0000E+00  0.0000
   3.0903E+00   3.3113E+00   0.0000E+00  0.0000
   3.3113E+00   3.5481E+00   0.0000E+00  0.0000
   3.5481E+00   3.8019E+00   0.0000E+00  0.0000
   3.8019E+00   4.0738E+00   0.0000E+00  0.0000
   4.0738E+00   4.3652E+00   0.0000E+00  0.0000
   4.3652E+00   4.6774E+00   0.0000E+00  0.0000
   4.6774E+00   5.0119E+00   0.0000E+00  0.0000
   5.0119E+00   5.3703E+00   0.0000E+00  0.0000
   5.3703E+00   5.7544E+00   0.0000E+00  0.0000
   5.7544E+00   6.1660E+00   0.0000E+00  0.0000
   6.1660E+00   6.6069E+00   0.0000E+00  0.0000
   6.6069E+00   7.0795E+00   1.6713E-05  1.0000
   7.0795E+00   7.5858E+00   0.0000E+00  0.0000
   7.5858E+00   8.1283E+00   0.0000E+00  0.0000
   8.1283E+00   8.7096E+00   0.0000E+00  0.0000
   8.7096E+00   9.3325E+00   0.0000E+00  0.0000
   9.3325E+00   1.0000E+01   0.0000E+00  0.0000

#   sum over                 2.2759E-05  0.7807

'no. =  6,  reg  =   2300'
msuc: {\huge [t-track] in region mesh}
msdr: {\it plotted by \ANGEL \version}
msdl: {\it calculated by \PHITS  3.36}
wt: s(0.7)
\vspace{-3}
   vol  &=&   9.4889E+01 [cm^3]
e:

#------------------------------------------------------------------------------
 newpage:
#   no. =  7   reg =   2500

x: Energy [MeV/n]
y: Flux [1/cm^2/source]              
p: xlog ylog afac(0.8) form(0.9)
h: n            x            y(photon  ),hh0l n  
#  e-lower      e-upper        photon    r.err 
   1.0000E-02   1.0715E-02   0.0000E+00  0.0000
   1.0715E-02   1.1482E-02   0.0000E+00  0.0000
   1.1482E-02   1.2303E-02   0.0000E+00  0.0000
   1.2303E-02   1.3183E-02   0.0000E+00  0.0000
   1.3183E-02   1.4125E-02   0.0000E+00  0.0000
   1.4125E-02   1.5136E-02   0.0000E+00  0.0000
   1.5136E-02   1.6218E-02   0.0000E+00  0.0000
   1.6218E-02   1.7378E-02   0.0000E+00  0.0000
   1.7378E-02   1.8621E-02   0.0000E+00  0.0000
   1.8621E-02   1.9953E-02   0.0000E+00  0.0000
   1.9953E-02   2.1380E-02   0.0000E+00  0.0000
   2.1380E-02   2.2909E-02   0.0000E+00  0.0000
   2.2909E-02   2.4547E-02   0.0000E+00  0.0000
   2.4547E-02   2.6303E-02   0.0000E+00  0.0000
   2.6303E-02   2.8184E-02   0.0000E+00  0.0000
   2.8184E-02   3.0200E-02   0.0000E+00  0.0000
   3.0200E-02   3.2359E-02   0.0000E+00  0.0000
   3.2359E-02   3.4674E-02   0.0000E+00  0.0000
   3.4674E-02   3.7154E-02   0.0000E+00  0.0000
   3.7154E-02   3.9811E-02   0.0000E+00  0.0000
   3.9811E-02   4.2658E-02   0.0000E+00  0.0000
   4.2658E-02   4.5709E-02   0.0000E+00  0.0000
   4.5709E-02   4.8978E-02   0.0000E+00  0.0000
   4.8978E-02   5.2481E-02   0.0000E+00  0.0000
   5.2481E-02   5.6234E-02   0.0000E+00  0.0000
   5.6234E-02   6.0256E-02   0.0000E+00  0.0000
   6.0256E-02   6.4565E-02   0.0000E+00  0.0000
   6.4565E-02   6.9183E-02   0.0000E+00  0.0000
   6.9183E-02   7.4131E-02   4.1727E-05  1.0000
   7.4131E-02   7.9433E-02   0.0000E+00  0.0000
   7.9433E-02   8.5114E-02   0.0000E+00  0.0000
   8.5114E-02   9.1201E-02   0.0000E+00  0.0000
   9.1201E-02   9.7724E-02   0.0000E+00  0.0000
   9.7724E-02   1.0471E-01   0.0000E+00  0.0000
   1.0471E-01   1.1220E-01   0.0000E+00  0.0000
   1.1220E-01   1.2023E-01   0.0000E+00  0.0000
   1.2023E-01   1.2882E-01   0.0000E+00  0.0000
   1.2882E-01   1.3804E-01   0.0000E+00  0.0000
   1.3804E-01   1.4791E-01   0.0000E+00  0.0000
   1.4791E-01   1.5849E-01   0.0000E+00  0.0000
   1.5849E-01   1.6982E-01   7.9085E-06  1.0000
   1.6982E-01   1.8197E-01   8.2079E-05  1.0000
   1.8197E-01   1.9498E-01   0.0000E+00  0.0000
   1.9498E-01   2.0893E-01   0.0000E+00  0.0000
   2.0893E-01   2.2387E-01   0.0000E+00  0.0000
   2.2387E-01   2.3988E-01   0.0000E+00  0.0000
   2.3988E-01   2.5704E-01   0.0000E+00  0.0000
   2.5704E-01   2.7542E-01   0.0000E+00  0.0000
   2.7542E-01   2.9512E-01   0.0000E+00  0.0000
   2.9512E-01   3.1623E-01   0.0000E+00  0.0000
   3.1623E-01   3.3884E-01   0.0000E+00  0.0000
   3.3884E-01   3.6308E-01   0.0000E+00  0.0000
   3.6308E-01   3.8905E-01   3.9517E-05  1.0000
   3.8905E-01   4.1687E-01   0.0000E+00  0.0000
   4.1687E-01   4.4668E-01   2.0448E-06  1.0000
   4.4668E-01   4.7863E-01   0.0000E+00  0.0000
   4.7863E-01   5.1286E-01   0.0000E+00  0.0000
   5.1286E-01   5.4954E-01   0.0000E+00  0.0000
   5.4954E-01   5.8884E-01   0.0000E+00  0.0000
   5.8884E-01   6.3096E-01   0.0000E+00  0.0000
   6.3096E-01   6.7608E-01   0.0000E+00  0.0000
   6.7608E-01   7.2444E-01   0.0000E+00  0.0000
   7.2444E-01   7.7625E-01   0.0000E+00  0.0000
   7.7625E-01   8.3176E-01   0.0000E+00  0.0000
   8.3176E-01   8.9125E-01   0.0000E+00  0.0000
   8.9125E-01   9.5499E-01   0.0000E+00  0.0000
   9.5499E-01   1.0233E+00   0.0000E+00  0.0000
   1.0233E+00   1.0965E+00   0.0000E+00  0.0000
   1.0965E+00   1.1749E+00   0.0000E+00  0.0000
   1.1749E+00   1.2589E+00   0.0000E+00  0.0000
   1.2589E+00   1.3490E+00   0.0000E+00  0.0000
   1.3490E+00   1.4454E+00   0.0000E+00  0.0000
   1.4454E+00   1.5488E+00   0.0000E+00  0.0000
   1.5488E+00   1.6596E+00   0.0000E+00  0.0000
   1.6596E+00   1.7783E+00   0.0000E+00  0.0000
   1.7783E+00   1.9055E+00   0.0000E+00  0.0000
   1.9055E+00   2.0417E+00   0.0000E+00  0.0000
   2.0417E+00   2.1878E+00   0.0000E+00  0.0000
   2.1878E+00   2.3442E+00   0.0000E+00  0.0000
   2.3442E+00   2.5119E+00   0.0000E+00  0.0000
   2.5119E+00   2.6915E+00   0.0000E+00  0.0000
   2.6915E+00   2.8840E+00   0.0000E+00  0.0000
   2.8840E+00   3.0903E+00   0.0000E+00  0.0000
   3.0903E+00   3.3113E+00   0.0000E+00  0.0000
   3.3113E+00   3.5481E+00   0.0000E+00  0.0000
   3.5481E+00   3.8019E+00   0.0000E+00  0.0000
   3.8019E+00   4.0738E+00   0.0000E+00  0.0000
   4.0738E+00   4.3652E+00   0.0000E+00  0.0000
   4.3652E+00   4.6774E+00   0.0000E+00  0.0000
   4.6774E+00   5.0119E+00   0.0000E+00  0.0000
   5.0119E+00   5.3703E+00   0.0000E+00  0.0000
   5.3703E+00   5.7544E+00   0.0000E+00  0.0000
   5.7544E+00   6.1660E+00   0.0000E+00  0.0000
   6.1660E+00   6.6069E+00   0.0000E+00  0.0000
   6.6069E+00   7.0795E+00   0.0000E+00  0.0000
   7.0795E+00   7.5858E+00   0.0000E+00  0.0000
   7.5858E+00   8.1283E+00   0.0000E+00  0.0000
   8.1283E+00   8.7096E+00   0.0000E+00  0.0000
   8.7096E+00   9.3325E+00   0.0000E+00  0.0000
   9.3325E+00   1.0000E+01   0.0000E+00  0.0000

#   sum over                 1.7328E-04  0.6158

'no. =  7,  reg  =   2500'
msuc: {\huge [t-track] in region mesh}
msdr: {\it plotted by \ANGEL \version}
msdl: {\it calculated by \PHITS  3.36}
wt: s(0.7)
\vspace{-3}
   vol  &=&   3.4459E+01 [cm^3]
e:

#------------------------------------------------------------------------------
 newpage:
#   no. =  8   reg =   2700

x: Energy [MeV/n]
y: Flux [1/cm^2/source]              
p: xlog ylog afac(0.8) form(0.9)
h: n            x            y(photon  ),hh0l n  
#  e-lower      e-upper        photon    r.err 
   1.0000E-02   1.0715E-02   0.0000E+00  0.0000
   1.0715E-02   1.1482E-02   0.0000E+00  0.0000
   1.1482E-02   1.2303E-02   0.0000E+00  0.0000
   1.2303E-02   1.3183E-02   0.0000E+00  0.0000
   1.3183E-02   1.4125E-02   0.0000E+00  0.0000
   1.4125E-02   1.5136E-02   0.0000E+00  0.0000
   1.5136E-02   1.6218E-02   0.0000E+00  0.0000
   1.6218E-02   1.7378E-02   0.0000E+00  0.0000
   1.7378E-02   1.8621E-02   0.0000E+00  0.0000
   1.8621E-02   1.9953E-02   0.0000E+00  0.0000
   1.9953E-02   2.1380E-02   0.0000E+00  0.0000
   2.1380E-02   2.2909E-02   0.0000E+00  0.0000
   2.2909E-02   2.4547E-02   0.0000E+00  0.0000
   2.4547E-02   2.6303E-02   0.0000E+00  0.0000
   2.6303E-02   2.8184E-02   0.0000E+00  0.0000
   2.8184E-02   3.0200E-02   0.0000E+00  0.0000
   3.0200E-02   3.2359E-02   0.0000E+00  0.0000
   3.2359E-02   3.4674E-02   0.0000E+00  0.0000
   3.4674E-02   3.7154E-02   0.0000E+00  0.0000
   3.7154E-02   3.9811E-02   0.0000E+00  0.0000
   3.9811E-02   4.2658E-02   0.0000E+00  0.0000
   4.2658E-02   4.5709E-02   0.0000E+00  0.0000
   4.5709E-02   4.8978E-02   0.0000E+00  0.0000
   4.8978E-02   5.2481E-02   0.0000E+00  0.0000
   5.2481E-02   5.6234E-02   0.0000E+00  0.0000
   5.6234E-02   6.0256E-02   0.0000E+00  0.0000
   6.0256E-02   6.4565E-02   0.0000E+00  0.0000
   6.4565E-02   6.9183E-02   0.0000E+00  0.0000
   6.9183E-02   7.4131E-02   0.0000E+00  0.0000
   7.4131E-02   7.9433E-02   0.0000E+00  0.0000
   7.9433E-02   8.5114E-02   0.0000E+00  0.0000
   8.5114E-02   9.1201E-02   0.0000E+00  0.0000
   9.1201E-02   9.7724E-02   0.0000E+00  0.0000
   9.7724E-02   1.0471E-01   0.0000E+00  0.0000
   1.0471E-01   1.1220E-01   0.0000E+00  0.0000
   1.1220E-01   1.2023E-01   0.0000E+00  0.0000
   1.2023E-01   1.2882E-01   0.0000E+00  0.0000
   1.2882E-01   1.3804E-01   0.0000E+00  0.0000
   1.3804E-01   1.4791E-01   0.0000E+00  0.0000
   1.4791E-01   1.5849E-01   0.0000E+00  0.0000
   1.5849E-01   1.6982E-01   0.0000E+00  0.0000
   1.6982E-01   1.8197E-01   0.0000E+00  0.0000
   1.8197E-01   1.9498E-01   0.0000E+00  0.0000
   1.9498E-01   2.0893E-01   0.0000E+00  0.0000
   2.0893E-01   2.2387E-01   0.0000E+00  0.0000
   2.2387E-01   2.3988E-01   0.0000E+00  0.0000
   2.3988E-01   2.5704E-01   0.0000E+00  0.0000
   2.5704E-01   2.7542E-01   0.0000E+00  0.0000
   2.7542E-01   2.9512E-01   0.0000E+00  0.0000
   2.9512E-01   3.1623E-01   0.0000E+00  0.0000
   3.1623E-01   3.3884E-01   0.0000E+00  0.0000
   3.3884E-01   3.6308E-01   0.0000E+00  0.0000
   3.6308E-01   3.8905E-01   0.0000E+00  0.0000
   3.8905E-01   4.1687E-01   0.0000E+00  0.0000
   4.1687E-01   4.4668E-01   0.0000E+00  0.0000
   4.4668E-01   4.7863E-01   0.0000E+00  0.0000
   4.7863E-01   5.1286E-01   0.0000E+00  0.0000
   5.1286E-01   5.4954E-01   0.0000E+00  0.0000
   5.4954E-01   5.8884E-01   0.0000E+00  0.0000
   5.8884E-01   6.3096E-01   0.0000E+00  0.0000
   6.3096E-01   6.7608E-01   0.0000E+00  0.0000
   6.7608E-01   7.2444E-01   0.0000E+00  0.0000
   7.2444E-01   7.7625E-01   0.0000E+00  0.0000
   7.7625E-01   8.3176E-01   0.0000E+00  0.0000
   8.3176E-01   8.9125E-01   0.0000E+00  0.0000
   8.9125E-01   9.5499E-01   0.0000E+00  0.0000
   9.5499E-01   1.0233E+00   0.0000E+00  0.0000
   1.0233E+00   1.0965E+00   0.0000E+00  0.0000
   1.0965E+00   1.1749E+00   0.0000E+00  0.0000
   1.1749E+00   1.2589E+00   0.0000E+00  0.0000
   1.2589E+00   1.3490E+00   0.0000E+00  0.0000
   1.3490E+00   1.4454E+00   0.0000E+00  0.0000
   1.4454E+00   1.5488E+00   0.0000E+00  0.0000
   1.5488E+00   1.6596E+00   0.0000E+00  0.0000
   1.6596E+00   1.7783E+00   0.0000E+00  0.0000
   1.7783E+00   1.9055E+00   0.0000E+00  0.0000
   1.9055E+00   2.0417E+00   0.0000E+00  0.0000
   2.0417E+00   2.1878E+00   0.0000E+00  0.0000
   2.1878E+00   2.3442E+00   0.0000E+00  0.0000
   2.3442E+00   2.5119E+00   4.1948E-06  1.0000
   2.5119E+00   2.6915E+00   0.0000E+00  0.0000
   2.6915E+00   2.8840E+00   0.0000E+00  0.0000
   2.8840E+00   3.0903E+00   0.0000E+00  0.0000
   3.0903E+00   3.3113E+00   0.0000E+00  0.0000
   3.3113E+00   3.5481E+00   0.0000E+00  0.0000
   3.5481E+00   3.8019E+00   0.0000E+00  0.0000
   3.8019E+00   4.0738E+00   0.0000E+00  0.0000
   4.0738E+00   4.3652E+00   0.0000E+00  0.0000
   4.3652E+00   4.6774E+00   0.0000E+00  0.0000
   4.6774E+00   5.0119E+00   0.0000E+00  0.0000
   5.0119E+00   5.3703E+00   0.0000E+00  0.0000
   5.3703E+00   5.7544E+00   0.0000E+00  0.0000
   5.7544E+00   6.1660E+00   0.0000E+00  0.0000
   6.1660E+00   6.6069E+00   0.0000E+00  0.0000
   6.6069E+00   7.0795E+00   0.0000E+00  0.0000
   7.0795E+00   7.5858E+00   0.0000E+00  0.0000
   7.5858E+00   8.1283E+00   0.0000E+00  0.0000
   8.1283E+00   8.7096E+00   0.0000E+00  0.0000
   8.7096E+00   9.3325E+00   4.2563E-06  1.0000
   9.3325E+00   1.0000E+01   0.0000E+00  0.0000

#   sum over                 8.4510E-06  0.7068

'no. =  8,  reg  =   2700'
msuc: {\huge [t-track] in region mesh}
msdr: {\it plotted by \ANGEL \version}
msdl: {\it calculated by \PHITS  3.36}
wt: s(0.7)
\vspace{-3}
   vol  &=&   3.1228E+02 [cm^3]
e:

#------------------------------------------------------------------------------
 newpage:
#   no. =  9   reg =   2900

x: Energy [MeV/n]
y: Flux [1/cm^2/source]              
p: xlog ylog afac(0.8) form(0.9)
h: n            x            y(photon  ),hh0l n  
#  e-lower      e-upper        photon    r.err 
   1.0000E-02   1.0715E-02   0.0000E+00  0.0000
   1.0715E-02   1.1482E-02   0.0000E+00  0.0000
   1.1482E-02   1.2303E-02   0.0000E+00  0.0000
   1.2303E-02   1.3183E-02   0.0000E+00  0.0000
   1.3183E-02   1.4125E-02   0.0000E+00  0.0000
   1.4125E-02   1.5136E-02   0.0000E+00  0.0000
   1.5136E-02   1.6218E-02   0.0000E+00  0.0000
   1.6218E-02   1.7378E-02   0.0000E+00  0.0000
   1.7378E-02   1.8621E-02   0.0000E+00  0.0000
   1.8621E-02   1.9953E-02   0.0000E+00  0.0000
   1.9953E-02   2.1380E-02   0.0000E+00  0.0000
   2.1380E-02   2.2909E-02   0.0000E+00  0.0000
   2.2909E-02   2.4547E-02   0.0000E+00  0.0000
   2.4547E-02   2.6303E-02   0.0000E+00  0.0000
   2.6303E-02   2.8184E-02   0.0000E+00  0.0000
   2.8184E-02   3.0200E-02   0.0000E+00  0.0000
   3.0200E-02   3.2359E-02   0.0000E+00  0.0000
   3.2359E-02   3.4674E-02   0.0000E+00  0.0000
   3.4674E-02   3.7154E-02   0.0000E+00  0.0000
   3.7154E-02   3.9811E-02   0.0000E+00  0.0000
   3.9811E-02   4.2658E-02   0.0000E+00  0.0000
   4.2658E-02   4.5709E-02   0.0000E+00  0.0000
   4.5709E-02   4.8978E-02   0.0000E+00  0.0000
   4.8978E-02   5.2481E-02   0.0000E+00  0.0000
   5.2481E-02   5.6234E-02   0.0000E+00  0.0000
   5.6234E-02   6.0256E-02   0.0000E+00  0.0000
   6.0256E-02   6.4565E-02   0.0000E+00  0.0000
   6.4565E-02   6.9183E-02   0.0000E+00  0.0000
   6.9183E-02   7.4131E-02   0.0000E+00  0.0000
   7.4131E-02   7.9433E-02   7.2446E-06  1.0000
   7.9433E-02   8.5114E-02   0.0000E+00  0.0000
   8.5114E-02   9.1201E-02   0.0000E+00  0.0000
   9.1201E-02   9.7724E-02   2.7911E-06  1.0000
   9.7724E-02   1.0471E-01   0.0000E+00  0.0000
   1.0471E-01   1.1220E-01   0.0000E+00  0.0000
   1.1220E-01   1.2023E-01   0.0000E+00  0.0000
   1.2023E-01   1.2882E-01   0.0000E+00  0.0000
   1.2882E-01   1.3804E-01   0.0000E+00  0.0000
   1.3804E-01   1.4791E-01   0.0000E+00  0.0000
   1.4791E-01   1.5849E-01   0.0000E+00  0.0000
   1.5849E-01   1.6982E-01   0.0000E+00  0.0000
   1.6982E-01   1.8197E-01   0.0000E+00  0.0000
   1.8197E-01   1.9498E-01   0.0000E+00  0.0000
   1.9498E-01   2.0893E-01   0.0000E+00  0.0000
   2.0893E-01   2.2387E-01   0.0000E+00  0.0000
   2.2387E-01   2.3988E-01   0.0000E+00  0.0000
   2.3988E-01   2.5704E-01   0.0000E+00  0.0000
   2.5704E-01   2.7542E-01   0.0000E+00  0.0000
   2.7542E-01   2.9512E-01   9.0117E-06  1.0000
   2.9512E-01   3.1623E-01   0.0000E+00  0.0000
   3.1623E-01   3.3884E-01   0.0000E+00  0.0000
   3.3884E-01   3.6308E-01   0.0000E+00  0.0000
   3.6308E-01   3.8905E-01   0.0000E+00  0.0000
   3.8905E-01   4.1687E-01   0.0000E+00  0.0000
   4.1687E-01   4.4668E-01   0.0000E+00  0.0000
   4.4668E-01   4.7863E-01   0.0000E+00  0.0000
   4.7863E-01   5.1286E-01   0.0000E+00  0.0000
   5.1286E-01   5.4954E-01   0.0000E+00  0.0000
   5.4954E-01   5.8884E-01   0.0000E+00  0.0000
   5.8884E-01   6.3096E-01   0.0000E+00  0.0000
   6.3096E-01   6.7608E-01   0.0000E+00  0.0000
   6.7608E-01   7.2444E-01   0.0000E+00  0.0000
   7.2444E-01   7.7625E-01   0.0000E+00  0.0000
   7.7625E-01   8.3176E-01   0.0000E+00  0.0000
   8.3176E-01   8.9125E-01   0.0000E+00  0.0000
   8.9125E-01   9.5499E-01   0.0000E+00  0.0000
   9.5499E-01   1.0233E+00   0.0000E+00  0.0000
   1.0233E+00   1.0965E+00   0.0000E+00  0.0000
   1.0965E+00   1.1749E+00   0.0000E+00  0.0000
   1.1749E+00   1.2589E+00   0.0000E+00  0.0000
   1.2589E+00   1.3490E+00   0.0000E+00  0.0000
   1.3490E+00   1.4454E+00   0.0000E+00  0.0000
   1.4454E+00   1.5488E+00   0.0000E+00  0.0000
   1.5488E+00   1.6596E+00   0.0000E+00  0.0000
   1.6596E+00   1.7783E+00   0.0000E+00  0.0000
   1.7783E+00   1.9055E+00   0.0000E+00  0.0000
   1.9055E+00   2.0417E+00   0.0000E+00  0.0000
   2.0417E+00   2.1878E+00   0.0000E+00  0.0000
   2.1878E+00   2.3442E+00   0.0000E+00  0.0000
   2.3442E+00   2.5119E+00   0.0000E+00  0.0000
   2.5119E+00   2.6915E+00   0.0000E+00  0.0000
   2.6915E+00   2.8840E+00   8.1582E-06  1.0000
   2.8840E+00   3.0903E+00   0.0000E+00  0.0000
   3.0903E+00   3.3113E+00   0.0000E+00  0.0000
   3.3113E+00   3.5481E+00   0.0000E+00  0.0000
   3.5481E+00   3.8019E+00   0.0000E+00  0.0000
   3.8019E+00   4.0738E+00   0.0000E+00  0.0000
   4.0738E+00   4.3652E+00   0.0000E+00  0.0000
   4.3652E+00   4.6774E+00   0.0000E+00  0.0000
   4.6774E+00   5.0119E+00   0.0000E+00  0.0000
   5.0119E+00   5.3703E+00   0.0000E+00  0.0000
   5.3703E+00   5.7544E+00   0.0000E+00  0.0000
   5.7544E+00   6.1660E+00   0.0000E+00  0.0000
   6.1660E+00   6.6069E+00   0.0000E+00  0.0000
   6.6069E+00   7.0795E+00   0.0000E+00  0.0000
   7.0795E+00   7.5858E+00   0.0000E+00  0.0000
   7.5858E+00   8.1283E+00   0.0000E+00  0.0000
   8.1283E+00   8.7096E+00   5.9340E-07  1.0000
   8.7096E+00   9.3325E+00   0.0000E+00  0.0000
   9.3325E+00   1.0000E+01   0.0000E+00  0.0000

#   sum over                 2.7799E-05  0.5668

'no. =  9,  reg  =   2900'
msuc: {\huge [t-track] in region mesh}
msdr: {\it plotted by \ANGEL \version}
msdl: {\it calculated by \PHITS  3.36}
wt: s(0.7)
\vspace{-3}
   vol  &=&   3.2076E+02 [cm^3]
e:

#------------------------------------------------------------------------------
 newpage:
#   no. = 10   reg =   3000

x: Energy [MeV/n]
y: Flux [1/cm^2/source]              
p: xlog ylog afac(0.8) form(0.9)
h: n            x            y(photon  ),hh0l n  
#  e-lower      e-upper        photon    r.err 
   1.0000E-02   1.0715E-02   0.0000E+00  0.0000
   1.0715E-02   1.1482E-02   0.0000E+00  0.0000
   1.1482E-02   1.2303E-02   0.0000E+00  0.0000
   1.2303E-02   1.3183E-02   0.0000E+00  0.0000
   1.3183E-02   1.4125E-02   0.0000E+00  0.0000
   1.4125E-02   1.5136E-02   0.0000E+00  0.0000
   1.5136E-02   1.6218E-02   0.0000E+00  0.0000
   1.6218E-02   1.7378E-02   0.0000E+00  0.0000
   1.7378E-02   1.8621E-02   0.0000E+00  0.0000
   1.8621E-02   1.9953E-02   0.0000E+00  0.0000
   1.9953E-02   2.1380E-02   0.0000E+00  0.0000
   2.1380E-02   2.2909E-02   0.0000E+00  0.0000
   2.2909E-02   2.4547E-02   0.0000E+00  0.0000
   2.4547E-02   2.6303E-02   0.0000E+00  0.0000
   2.6303E-02   2.8184E-02   0.0000E+00  0.0000
   2.8184E-02   3.0200E-02   0.0000E+00  0.0000
   3.0200E-02   3.2359E-02   0.0000E+00  0.0000
   3.2359E-02   3.4674E-02   0.0000E+00  0.0000
   3.4674E-02   3.7154E-02   0.0000E+00  0.0000
   3.7154E-02   3.9811E-02   0.0000E+00  0.0000
   3.9811E-02   4.2658E-02   0.0000E+00  0.0000
   4.2658E-02   4.5709E-02   0.0000E+00  0.0000
   4.5709E-02   4.8978E-02   0.0000E+00  0.0000
   4.8978E-02   5.2481E-02   0.0000E+00  0.0000
   5.2481E-02   5.6234E-02   0.0000E+00  0.0000
   5.6234E-02   6.0256E-02   0.0000E+00  0.0000
   6.0256E-02   6.4565E-02   0.0000E+00  0.0000
   6.4565E-02   6.9183E-02   0.0000E+00  0.0000
   6.9183E-02   7.4131E-02   0.0000E+00  0.0000
   7.4131E-02   7.9433E-02   0.0000E+00  0.0000
   7.9433E-02   8.5114E-02   0.0000E+00  0.0000
   8.5114E-02   9.1201E-02   0.0000E+00  0.0000
   9.1201E-02   9.7724E-02   0.0000E+00  0.0000
   9.7724E-02   1.0471E-01   0.0000E+00  0.0000
   1.0471E-01   1.1220E-01   0.0000E+00  0.0000
   1.1220E-01   1.2023E-01   0.0000E+00  0.0000
   1.2023E-01   1.2882E-01   0.0000E+00  0.0000
   1.2882E-01   1.3804E-01   0.0000E+00  0.0000
   1.3804E-01   1.4791E-01   0.0000E+00  0.0000
   1.4791E-01   1.5849E-01   0.0000E+00  0.0000
   1.5849E-01   1.6982E-01   0.0000E+00  0.0000
   1.6982E-01   1.8197E-01   0.0000E+00  0.0000
   1.8197E-01   1.9498E-01   0.0000E+00  0.0000
   1.9498E-01   2.0893E-01   0.0000E+00  0.0000
   2.0893E-01   2.2387E-01   0.0000E+00  0.0000
   2.2387E-01   2.3988E-01   0.0000E+00  0.0000
   2.3988E-01   2.5704E-01   0.0000E+00  0.0000
   2.5704E-01   2.7542E-01   0.0000E+00  0.0000
   2.7542E-01   2.9512E-01   0.0000E+00  0.0000
   2.9512E-01   3.1623E-01   0.0000E+00  0.0000
   3.1623E-01   3.3884E-01   0.0000E+00  0.0000
   3.3884E-01   3.6308E-01   0.0000E+00  0.0000
   3.6308E-01   3.8905E-01   0.0000E+00  0.0000
   3.8905E-01   4.1687E-01   0.0000E+00  0.0000
   4.1687E-01   4.4668E-01   0.0000E+00  0.0000
   4.4668E-01   4.7863E-01   0.0000E+00  0.0000
   4.7863E-01   5.1286E-01   0.0000E+00  0.0000
   5.1286E-01   5.4954E-01   0.0000E+00  0.0000
   5.4954E-01   5.8884E-01   0.0000E+00  0.0000
   5.8884E-01   6.3096E-01   0.0000E+00  0.0000
   6.3096E-01   6.7608E-01   0.0000E+00  0.0000
   6.7608E-01   7.2444E-01   0.0000E+00  0.0000
   7.2444E-01   7.7625E-01   0.0000E+00  0.0000
   7.7625E-01   8.3176E-01   0.0000E+00  0.0000
   8.3176E-01   8.9125E-01   0.0000E+00  0.0000
   8.9125E-01   9.5499E-01   0.0000E+00  0.0000
   9.5499E-01   1.0233E+00   0.0000E+00  0.0000
   1.0233E+00   1.0965E+00   0.0000E+00  0.0000
   1.0965E+00   1.1749E+00   0.0000E+00  0.0000
   1.1749E+00   1.2589E+00   0.0000E+00  0.0000
   1.2589E+00   1.3490E+00   0.0000E+00  0.0000
   1.3490E+00   1.4454E+00   0.0000E+00  0.0000
   1.4454E+00   1.5488E+00   0.0000E+00  0.0000
   1.5488E+00   1.6596E+00   0.0000E+00  0.0000
   1.6596E+00   1.7783E+00   0.0000E+00  0.0000
   1.7783E+00   1.9055E+00   0.0000E+00  0.0000
   1.9055E+00   2.0417E+00   0.0000E+00  0.0000
   2.0417E+00   2.1878E+00   0.0000E+00  0.0000
   2.1878E+00   2.3442E+00   0.0000E+00  0.0000
   2.3442E+00   2.5119E+00   0.0000E+00  0.0000
   2.5119E+00   2.6915E+00   0.0000E+00  0.0000
   2.6915E+00   2.8840E+00   0.0000E+00  0.0000
   2.8840E+00   3.0903E+00   0.0000E+00  0.0000
   3.0903E+00   3.3113E+00   0.0000E+00  0.0000
   3.3113E+00   3.5481E+00   0.0000E+00  0.0000
   3.5481E+00   3.8019E+00   0.0000E+00  0.0000
   3.8019E+00   4.0738E+00   0.0000E+00  0.0000
   4.0738E+00   4.3652E+00   0.0000E+00  0.0000
   4.3652E+00   4.6774E+00   0.0000E+00  0.0000
   4.6774E+00   5.0119E+00   0.0000E+00  0.0000
   5.0119E+00   5.3703E+00   0.0000E+00  0.0000
   5.3703E+00   5.7544E+00   0.0000E+00  0.0000
   5.7544E+00   6.1660E+00   0.0000E+00  0.0000
   6.1660E+00   6.6069E+00   0.0000E+00  0.0000
   6.6069E+00   7.0795E+00   0.0000E+00  0.0000
   7.0795E+00   7.5858E+00   0.0000E+00  0.0000
   7.5858E+00   8.1283E+00   9.9752E-06  1.0000
   8.1283E+00   8.7096E+00   3.7141E-05  1.0000
   8.7096E+00   9.3325E+00   0.0000E+00  0.0000
   9.3325E+00   1.0000E+01   0.0000E+00  0.0000

#   sum over                 4.7117E-05  0.8160

'no. = 10,  reg  =   3000'
msuc: {\huge [t-track] in region mesh}
msdr: {\it plotted by \ANGEL \version}
msdl: {\it calculated by \PHITS  3.36}
wt: s(0.7)
\vspace{-3}
   vol  &=&   9.5304E+01 [cm^3]
e:

#------------------------------------------------------------------------------
 newpage:
#   no. = 11   reg =   3200

x: Energy [MeV/n]
y: Flux [1/cm^2/source]              
p: xlog ylog afac(0.8) form(0.9)
h: n            x            y(photon  ),hh0l n  
#  e-lower      e-upper        photon    r.err 
   1.0000E-02   1.0715E-02   0.0000E+00  0.0000
   1.0715E-02   1.1482E-02   0.0000E+00  0.0000
   1.1482E-02   1.2303E-02   0.0000E+00  0.0000
   1.2303E-02   1.3183E-02   0.0000E+00  0.0000
   1.3183E-02   1.4125E-02   0.0000E+00  0.0000
   1.4125E-02   1.5136E-02   0.0000E+00  0.0000
   1.5136E-02   1.6218E-02   0.0000E+00  0.0000
   1.6218E-02   1.7378E-02   0.0000E+00  0.0000
   1.7378E-02   1.8621E-02   0.0000E+00  0.0000
   1.8621E-02   1.9953E-02   0.0000E+00  0.0000
   1.9953E-02   2.1380E-02   0.0000E+00  0.0000
   2.1380E-02   2.2909E-02   0.0000E+00  0.0000
   2.2909E-02   2.4547E-02   0.0000E+00  0.0000
   2.4547E-02   2.6303E-02   0.0000E+00  0.0000
   2.6303E-02   2.8184E-02   0.0000E+00  0.0000
   2.8184E-02   3.0200E-02   0.0000E+00  0.0000
   3.0200E-02   3.2359E-02   0.0000E+00  0.0000
   3.2359E-02   3.4674E-02   0.0000E+00  0.0000
   3.4674E-02   3.7154E-02   0.0000E+00  0.0000
   3.7154E-02   3.9811E-02   0.0000E+00  0.0000
   3.9811E-02   4.2658E-02   0.0000E+00  0.0000
   4.2658E-02   4.5709E-02   0.0000E+00  0.0000
   4.5709E-02   4.8978E-02   0.0000E+00  0.0000
   4.8978E-02   5.2481E-02   0.0000E+00  0.0000
   5.2481E-02   5.6234E-02   0.0000E+00  0.0000
   5.6234E-02   6.0256E-02   0.0000E+00  0.0000
   6.0256E-02   6.4565E-02   0.0000E+00  0.0000
   6.4565E-02   6.9183E-02   0.0000E+00  0.0000
   6.9183E-02   7.4131E-02   0.0000E+00  0.0000
   7.4131E-02   7.9433E-02   0.0000E+00  0.0000
   7.9433E-02   8.5114E-02   0.0000E+00  0.0000
   8.5114E-02   9.1201E-02   0.0000E+00  0.0000
   9.1201E-02   9.7724E-02   0.0000E+00  0.0000
   9.7724E-02   1.0471E-01   0.0000E+00  0.0000
   1.0471E-01   1.1220E-01   0.0000E+00  0.0000
   1.1220E-01   1.2023E-01   0.0000E+00  0.0000
   1.2023E-01   1.2882E-01   0.0000E+00  0.0000
   1.2882E-01   1.3804E-01   0.0000E+00  0.0000
   1.3804E-01   1.4791E-01   0.0000E+00  0.0000
   1.4791E-01   1.5849E-01   0.0000E+00  0.0000
   1.5849E-01   1.6982E-01   0.0000E+00  0.0000
   1.6982E-01   1.8197E-01   0.0000E+00  0.0000
   1.8197E-01   1.9498E-01   0.0000E+00  0.0000
   1.9498E-01   2.0893E-01   0.0000E+00  0.0000
   2.0893E-01   2.2387E-01   0.0000E+00  0.0000
   2.2387E-01   2.3988E-01   0.0000E+00  0.0000
   2.3988E-01   2.5704E-01   0.0000E+00  0.0000
   2.5704E-01   2.7542E-01   0.0000E+00  0.0000
   2.7542E-01   2.9512E-01   0.0000E+00  0.0000
   2.9512E-01   3.1623E-01   0.0000E+00  0.0000
   3.1623E-01   3.3884E-01   0.0000E+00  0.0000
   3.3884E-01   3.6308E-01   0.0000E+00  0.0000
   3.6308E-01   3.8905E-01   0.0000E+00  0.0000
   3.8905E-01   4.1687E-01   0.0000E+00  0.0000
   4.1687E-01   4.4668E-01   0.0000E+00  0.0000
   4.4668E-01   4.7863E-01   0.0000E+00  0.0000
   4.7863E-01   5.1286E-01   0.0000E+00  0.0000
   5.1286E-01   5.4954E-01   0.0000E+00  0.0000
   5.4954E-01   5.8884E-01   0.0000E+00  0.0000
   5.8884E-01   6.3096E-01   0.0000E+00  0.0000
   6.3096E-01   6.7608E-01   0.0000E+00  0.0000
   6.7608E-01   7.2444E-01   0.0000E+00  0.0000
   7.2444E-01   7.7625E-01   0.0000E+00  0.0000
   7.7625E-01   8.3176E-01   0.0000E+00  0.0000
   8.3176E-01   8.9125E-01   0.0000E+00  0.0000
   8.9125E-01   9.5499E-01   0.0000E+00  0.0000
   9.5499E-01   1.0233E+00   0.0000E+00  0.0000
   1.0233E+00   1.0965E+00   0.0000E+00  0.0000
   1.0965E+00   1.1749E+00   0.0000E+00  0.0000
   1.1749E+00   1.2589E+00   0.0000E+00  0.0000
   1.2589E+00   1.3490E+00   0.0000E+00  0.0000
   1.3490E+00   1.4454E+00   0.0000E+00  0.0000
   1.4454E+00   1.5488E+00   0.0000E+00  0.0000
   1.5488E+00   1.6596E+00   0.0000E+00  0.0000
   1.6596E+00   1.7783E+00   0.0000E+00  0.0000
   1.7783E+00   1.9055E+00   0.0000E+00  0.0000
   1.9055E+00   2.0417E+00   0.0000E+00  0.0000
   2.0417E+00   2.1878E+00   0.0000E+00  0.0000
   2.1878E+00   2.3442E+00   0.0000E+00  0.0000
   2.3442E+00   2.5119E+00   0.0000E+00  0.0000
   2.5119E+00   2.6915E+00   0.0000E+00  0.0000
   2.6915E+00   2.8840E+00   0.0000E+00  0.0000
   2.8840E+00   3.0903E+00   2.3992E-06  1.0000
   3.0903E+00   3.3113E+00   0.0000E+00  0.0000
   3.3113E+00   3.5481E+00   0.0000E+00  0.0000
   3.5481E+00   3.8019E+00   0.0000E+00  0.0000
   3.8019E+00   4.0738E+00   0.0000E+00  0.0000
   4.0738E+00   4.3652E+00   0.0000E+00  0.0000
   4.3652E+00   4.6774E+00   0.0000E+00  0.0000
   4.6774E+00   5.0119E+00   0.0000E+00  0.0000
   5.0119E+00   5.3703E+00   0.0000E+00  0.0000
   5.3703E+00   5.7544E+00   0.0000E+00  0.0000
   5.7544E+00   6.1660E+00   0.0000E+00  0.0000
   6.1660E+00   6.6069E+00   0.0000E+00  0.0000
   6.6069E+00   7.0795E+00   0.0000E+00  0.0000
   7.0795E+00   7.5858E+00   0.0000E+00  0.0000
   7.5858E+00   8.1283E+00   0.0000E+00  0.0000
   8.1283E+00   8.7096E+00   0.0000E+00  0.0000
   8.7096E+00   9.3325E+00   0.0000E+00  0.0000
   9.3325E+00   1.0000E+01   0.0000E+00  0.0000

#   sum over                 2.3992E-06  1.0000

'no. = 11,  reg  =   3200'
msuc: {\huge [t-track] in region mesh}
msdr: {\it plotted by \ANGEL \version}
msdl: {\it calculated by \PHITS  3.36}
wt: s(0.7)
\vspace{-3}
   vol  &=&   2.9518E+02 [cm^3]
e:

#------------------------------------------------------------------------------
 newpage:
#   no. = 12   reg =   3500

x: Energy [MeV/n]
y: Flux [1/cm^2/source]              
p: xlog ylog afac(0.8) form(0.9)
h: n            x            y(photon  ),hh0l n  
#  e-lower      e-upper        photon    r.err 
   1.0000E-02   1.0715E-02   0.0000E+00  0.0000
   1.0715E-02   1.1482E-02   0.0000E+00  0.0000
   1.1482E-02   1.2303E-02   0.0000E+00  0.0000
   1.2303E-02   1.3183E-02   0.0000E+00  0.0000
   1.3183E-02   1.4125E-02   0.0000E+00  0.0000
   1.4125E-02   1.5136E-02   0.0000E+00  0.0000
   1.5136E-02   1.6218E-02   0.0000E+00  0.0000
   1.6218E-02   1.7378E-02   0.0000E+00  0.0000
   1.7378E-02   1.8621E-02   0.0000E+00  0.0000
   1.8621E-02   1.9953E-02   0.0000E+00  0.0000
   1.9953E-02   2.1380E-02   0.0000E+00  0.0000
   2.1380E-02   2.2909E-02   0.0000E+00  0.0000
   2.2909E-02   2.4547E-02   0.0000E+00  0.0000
   2.4547E-02   2.6303E-02   0.0000E+00  0.0000
   2.6303E-02   2.8184E-02   0.0000E+00  0.0000
   2.8184E-02   3.0200E-02   0.0000E+00  0.0000
   3.0200E-02   3.2359E-02   0.0000E+00  0.0000
   3.2359E-02   3.4674E-02   0.0000E+00  0.0000
   3.4674E-02   3.7154E-02   0.0000E+00  0.0000
   3.7154E-02   3.9811E-02   0.0000E+00  0.0000
   3.9811E-02   4.2658E-02   0.0000E+00  0.0000
   4.2658E-02   4.5709E-02   1.4490E-06  1.0000
   4.5709E-02   4.8978E-02   0.0000E+00  0.0000
   4.8978E-02   5.2481E-02   2.1262E-06  1.0000
   5.2481E-02   5.6234E-02   0.0000E+00  0.0000
   5.6234E-02   6.0256E-02   0.0000E+00  0.0000
   6.0256E-02   6.4565E-02   1.8886E-06  1.0000
   6.4565E-02   6.9183E-02   0.0000E+00  0.0000
   6.9183E-02   7.4131E-02   0.0000E+00  0.0000
   7.4131E-02   7.9433E-02   0.0000E+00  0.0000
   7.9433E-02   8.5114E-02   0.0000E+00  0.0000
   8.5114E-02   9.1201E-02   0.0000E+00  0.0000
   9.1201E-02   9.7724E-02   0.0000E+00  0.0000
   9.7724E-02   1.0471E-01   0.0000E+00  0.0000
   1.0471E-01   1.1220E-01   0.0000E+00  0.0000
   1.1220E-01   1.2023E-01   0.0000E+00  0.0000
   1.2023E-01   1.2882E-01   0.0000E+00  0.0000
   1.2882E-01   1.3804E-01   0.0000E+00  0.0000
   1.3804E-01   1.4791E-01   0.0000E+00  0.0000
   1.4791E-01   1.5849E-01   0.0000E+00  0.0000
   1.5849E-01   1.6982E-01   0.0000E+00  0.0000
   1.6982E-01   1.8197E-01   0.0000E+00  0.0000
   1.8197E-01   1.9498E-01   0.0000E+00  0.0000
   1.9498E-01   2.0893E-01   0.0000E+00  0.0000
   2.0893E-01   2.2387E-01   0.0000E+00  0.0000
   2.2387E-01   2.3988E-01   0.0000E+00  0.0000
   2.3988E-01   2.5704E-01   0.0000E+00  0.0000
   2.5704E-01   2.7542E-01   0.0000E+00  0.0000
   2.7542E-01   2.9512E-01   1.7990E-06  1.0000
   2.9512E-01   3.1623E-01   0.0000E+00  0.0000
   3.1623E-01   3.3884E-01   0.0000E+00  0.0000
   3.3884E-01   3.6308E-01   0.0000E+00  0.0000
   3.6308E-01   3.8905E-01   0.0000E+00  0.0000
   3.8905E-01   4.1687E-01   0.0000E+00  0.0000
   4.1687E-01   4.4668E-01   0.0000E+00  0.0000
   4.4668E-01   4.7863E-01   0.0000E+00  0.0000
   4.7863E-01   5.1286E-01   0.0000E+00  0.0000
   5.1286E-01   5.4954E-01   0.0000E+00  0.0000
   5.4954E-01   5.8884E-01   0.0000E+00  0.0000
   5.8884E-01   6.3096E-01   0.0000E+00  0.0000
   6.3096E-01   6.7608E-01   0.0000E+00  0.0000
   6.7608E-01   7.2444E-01   0.0000E+00  0.0000
   7.2444E-01   7.7625E-01   0.0000E+00  0.0000
   7.7625E-01   8.3176E-01   0.0000E+00  0.0000
   8.3176E-01   8.9125E-01   0.0000E+00  0.0000
   8.9125E-01   9.5499E-01   0.0000E+00  0.0000
   9.5499E-01   1.0233E+00   0.0000E+00  0.0000
   1.0233E+00   1.0965E+00   0.0000E+00  0.0000
   1.0965E+00   1.1749E+00   0.0000E+00  0.0000
   1.1749E+00   1.2589E+00   0.0000E+00  0.0000
   1.2589E+00   1.3490E+00   0.0000E+00  0.0000
   1.3490E+00   1.4454E+00   0.0000E+00  0.0000
   1.4454E+00   1.5488E+00   0.0000E+00  0.0000
   1.5488E+00   1.6596E+00   0.0000E+00  0.0000
   1.6596E+00   1.7783E+00   0.0000E+00  0.0000
   1.7783E+00   1.9055E+00   0.0000E+00  0.0000
   1.9055E+00   2.0417E+00   0.0000E+00  0.0000
   2.0417E+00   2.1878E+00   0.0000E+00  0.0000
   2.1878E+00   2.3442E+00   0.0000E+00  0.0000
   2.3442E+00   2.5119E+00   0.0000E+00  0.0000
   2.5119E+00   2.6915E+00   0.0000E+00  0.0000
   2.6915E+00   2.8840E+00   0.0000E+00  0.0000
   2.8840E+00   3.0903E+00   2.8296E-06  1.0000
   3.0903E+00   3.3113E+00   0.0000E+00  0.0000
   3.3113E+00   3.5481E+00   0.0000E+00  0.0000
   3.5481E+00   3.8019E+00   0.0000E+00  0.0000
   3.8019E+00   4.0738E+00   0.0000E+00  0.0000
   4.0738E+00   4.3652E+00   0.0000E+00  0.0000
   4.3652E+00   4.6774E+00   0.0000E+00  0.0000
   4.6774E+00   5.0119E+00   0.0000E+00  0.0000
   5.0119E+00   5.3703E+00   0.0000E+00  0.0000
   5.3703E+00   5.7544E+00   0.0000E+00  0.0000
   5.7544E+00   6.1660E+00   0.0000E+00  0.0000
   6.1660E+00   6.6069E+00   0.0000E+00  0.0000
   6.6069E+00   7.0795E+00   0.0000E+00  0.0000
   7.0795E+00   7.5858E+00   0.0000E+00  0.0000
   7.5858E+00   8.1283E+00   0.0000E+00  0.0000
   8.1283E+00   8.7096E+00   0.0000E+00  0.0000
   8.7096E+00   9.3325E+00   0.0000E+00  0.0000
   9.3325E+00   1.0000E+01   0.0000E+00  0.0000

#   sum over                 1.0092E-05  1.0000

'no. = 12,  reg  =   3500'
msuc: {\huge [t-track] in region mesh}
msdr: {\it plotted by \ANGEL \version}
msdl: {\it calculated by \PHITS  3.36}
wt: s(0.7)
\vspace{-3}
   vol  &=&   4.9980E+02 [cm^3]
e:

#------------------------------------------------------------------------------
 newpage:
#   no. = 13   reg =   3600

x: Energy [MeV/n]
y: Flux [1/cm^2/source]              
p: xlog ylog afac(0.8) form(0.9)
h: n            x            y(photon  ),hh0l n  
#  e-lower      e-upper        photon    r.err 
   1.0000E-02   1.0715E-02   0.0000E+00  0.0000
   1.0715E-02   1.1482E-02   0.0000E+00  0.0000
   1.1482E-02   1.2303E-02   0.0000E+00  0.0000
   1.2303E-02   1.3183E-02   0.0000E+00  0.0000
   1.3183E-02   1.4125E-02   0.0000E+00  0.0000
   1.4125E-02   1.5136E-02   0.0000E+00  0.0000
   1.5136E-02   1.6218E-02   0.0000E+00  0.0000
   1.6218E-02   1.7378E-02   0.0000E+00  0.0000
   1.7378E-02   1.8621E-02   0.0000E+00  0.0000
   1.8621E-02   1.9953E-02   0.0000E+00  0.0000
   1.9953E-02   2.1380E-02   0.0000E+00  0.0000
   2.1380E-02   2.2909E-02   0.0000E+00  0.0000
   2.2909E-02   2.4547E-02   0.0000E+00  0.0000
   2.4547E-02   2.6303E-02   0.0000E+00  0.0000
   2.6303E-02   2.8184E-02   0.0000E+00  0.0000
   2.8184E-02   3.0200E-02   0.0000E+00  0.0000
   3.0200E-02   3.2359E-02   0.0000E+00  0.0000
   3.2359E-02   3.4674E-02   0.0000E+00  0.0000
   3.4674E-02   3.7154E-02   0.0000E+00  0.0000
   3.7154E-02   3.9811E-02   0.0000E+00  0.0000
   3.9811E-02   4.2658E-02   0.0000E+00  0.0000
   4.2658E-02   4.5709E-02   0.0000E+00  0.0000
   4.5709E-02   4.8978E-02   0.0000E+00  0.0000
   4.8978E-02   5.2481E-02   0.0000E+00  0.0000
   5.2481E-02   5.6234E-02   0.0000E+00  0.0000
   5.6234E-02   6.0256E-02   0.0000E+00  0.0000
   6.0256E-02   6.4565E-02   0.0000E+00  0.0000
   6.4565E-02   6.9183E-02   0.0000E+00  0.0000
   6.9183E-02   7.4131E-02   0.0000E+00  0.0000
   7.4131E-02   7.9433E-02   0.0000E+00  0.0000
   7.9433E-02   8.5114E-02   0.0000E+00  0.0000
   8.5114E-02   9.1201E-02   0.0000E+00  0.0000
   9.1201E-02   9.7724E-02   0.0000E+00  0.0000
   9.7724E-02   1.0471E-01   0.0000E+00  0.0000
   1.0471E-01   1.1220E-01   0.0000E+00  0.0000
   1.1220E-01   1.2023E-01   0.0000E+00  0.0000
   1.2023E-01   1.2882E-01   0.0000E+00  0.0000
   1.2882E-01   1.3804E-01   0.0000E+00  0.0000
   1.3804E-01   1.4791E-01   0.0000E+00  0.0000
   1.4791E-01   1.5849E-01   0.0000E+00  0.0000
   1.5849E-01   1.6982E-01   0.0000E+00  0.0000
   1.6982E-01   1.8197E-01   0.0000E+00  0.0000
   1.8197E-01   1.9498E-01   0.0000E+00  0.0000
   1.9498E-01   2.0893E-01   0.0000E+00  0.0000
   2.0893E-01   2.2387E-01   0.0000E+00  0.0000
   2.2387E-01   2.3988E-01   0.0000E+00  0.0000
   2.3988E-01   2.5704E-01   0.0000E+00  0.0000
   2.5704E-01   2.7542E-01   0.0000E+00  0.0000
   2.7542E-01   2.9512E-01   0.0000E+00  0.0000
   2.9512E-01   3.1623E-01   0.0000E+00  0.0000
   3.1623E-01   3.3884E-01   0.0000E+00  0.0000
   3.3884E-01   3.6308E-01   0.0000E+00  0.0000
   3.6308E-01   3.8905E-01   0.0000E+00  0.0000
   3.8905E-01   4.1687E-01   0.0000E+00  0.0000
   4.1687E-01   4.4668E-01   0.0000E+00  0.0000
   4.4668E-01   4.7863E-01   0.0000E+00  0.0000
   4.7863E-01   5.1286E-01   0.0000E+00  0.0000
   5.1286E-01   5.4954E-01   0.0000E+00  0.0000
   5.4954E-01   5.8884E-01   0.0000E+00  0.0000
   5.8884E-01   6.3096E-01   0.0000E+00  0.0000
   6.3096E-01   6.7608E-01   0.0000E+00  0.0000
   6.7608E-01   7.2444E-01   0.0000E+00  0.0000
   7.2444E-01   7.7625E-01   0.0000E+00  0.0000
   7.7625E-01   8.3176E-01   0.0000E+00  0.0000
   8.3176E-01   8.9125E-01   0.0000E+00  0.0000
   8.9125E-01   9.5499E-01   0.0000E+00  0.0000
   9.5499E-01   1.0233E+00   0.0000E+00  0.0000
   1.0233E+00   1.0965E+00   0.0000E+00  0.0000
   1.0965E+00   1.1749E+00   0.0000E+00  0.0000
   1.1749E+00   1.2589E+00   0.0000E+00  0.0000
   1.2589E+00   1.3490E+00   0.0000E+00  0.0000
   1.3490E+00   1.4454E+00   0.0000E+00  0.0000
   1.4454E+00   1.5488E+00   0.0000E+00  0.0000
   1.5488E+00   1.6596E+00   0.0000E+00  0.0000
   1.6596E+00   1.7783E+00   0.0000E+00  0.0000
   1.7783E+00   1.9055E+00   0.0000E+00  0.0000
   1.9055E+00   2.0417E+00   0.0000E+00  0.0000
   2.0417E+00   2.1878E+00   0.0000E+00  0.0000
   2.1878E+00   2.3442E+00   0.0000E+00  0.0000
   2.3442E+00   2.5119E+00   0.0000E+00  0.0000
   2.5119E+00   2.6915E+00   0.0000E+00  0.0000
   2.6915E+00   2.8840E+00   0.0000E+00  0.0000
   2.8840E+00   3.0903E+00   0.0000E+00  0.0000
   3.0903E+00   3.3113E+00   0.0000E+00  0.0000
   3.3113E+00   3.5481E+00   0.0000E+00  0.0000
   3.5481E+00   3.8019E+00   0.0000E+00  0.0000
   3.8019E+00   4.0738E+00   0.0000E+00  0.0000
   4.0738E+00   4.3652E+00   0.0000E+00  0.0000
   4.3652E+00   4.6774E+00   0.0000E+00  0.0000
   4.6774E+00   5.0119E+00   0.0000E+00  0.0000
   5.0119E+00   5.3703E+00   0.0000E+00  0.0000
   5.3703E+00   5.7544E+00   0.0000E+00  0.0000
   5.7544E+00   6.1660E+00   0.0000E+00  0.0000
   6.1660E+00   6.6069E+00   0.0000E+00  0.0000
   6.6069E+00   7.0795E+00   0.0000E+00  0.0000
   7.0795E+00   7.5858E+00   0.0000E+00  0.0000
   7.5858E+00   8.1283E+00   0.0000E+00  0.0000
   8.1283E+00   8.7096E+00   0.0000E+00  0.0000
   8.7096E+00   9.3325E+00   0.0000E+00  0.0000
   9.3325E+00   1.0000E+01   0.0000E+00  0.0000

#   sum over                 0.0000E+00  0.0000

'no. = 13,  reg  =   3600'
msuc: {\huge [t-track] in region mesh}
msdr: {\it plotted by \ANGEL \version}
msdl: {\it calculated by \PHITS  3.36}
wt: s(0.7)
\vspace{-3}
   vol  &=&   7.3069E+01 [cm^3]
e:

#------------------------------------------------------------------------------
 newpage:
#   no. = 14   reg =   3800

x: Energy [MeV/n]
y: Flux [1/cm^2/source]              
p: xlog ylog afac(0.8) form(0.9)
h: n            x            y(photon  ),hh0l n  
#  e-lower      e-upper        photon    r.err 
   1.0000E-02   1.0715E-02   0.0000E+00  0.0000
   1.0715E-02   1.1482E-02   0.0000E+00  0.0000
   1.1482E-02   1.2303E-02   0.0000E+00  0.0000
   1.2303E-02   1.3183E-02   0.0000E+00  0.0000
   1.3183E-02   1.4125E-02   0.0000E+00  0.0000
   1.4125E-02   1.5136E-02   0.0000E+00  0.0000
   1.5136E-02   1.6218E-02   0.0000E+00  0.0000
   1.6218E-02   1.7378E-02   0.0000E+00  0.0000
   1.7378E-02   1.8621E-02   0.0000E+00  0.0000
   1.8621E-02   1.9953E-02   0.0000E+00  0.0000
   1.9953E-02   2.1380E-02   0.0000E+00  0.0000
   2.1380E-02   2.2909E-02   0.0000E+00  0.0000
   2.2909E-02   2.4547E-02   0.0000E+00  0.0000
   2.4547E-02   2.6303E-02   0.0000E+00  0.0000
   2.6303E-02   2.8184E-02   0.0000E+00  0.0000
   2.8184E-02   3.0200E-02   0.0000E+00  0.0000
   3.0200E-02   3.2359E-02   0.0000E+00  0.0000
   3.2359E-02   3.4674E-02   0.0000E+00  0.0000
   3.4674E-02   3.7154E-02   0.0000E+00  0.0000
   3.7154E-02   3.9811E-02   0.0000E+00  0.0000
   3.9811E-02   4.2658E-02   0.0000E+00  0.0000
   4.2658E-02   4.5709E-02   0.0000E+00  0.0000
   4.5709E-02   4.8978E-02   0.0000E+00  0.0000
   4.8978E-02   5.2481E-02   0.0000E+00  0.0000
   5.2481E-02   5.6234E-02   0.0000E+00  0.0000
   5.6234E-02   6.0256E-02   0.0000E+00  0.0000
   6.0256E-02   6.4565E-02   0.0000E+00  0.0000
   6.4565E-02   6.9183E-02   0.0000E+00  0.0000
   6.9183E-02   7.4131E-02   0.0000E+00  0.0000
   7.4131E-02   7.9433E-02   0.0000E+00  0.0000
   7.9433E-02   8.5114E-02   0.0000E+00  0.0000
   8.5114E-02   9.1201E-02   0.0000E+00  0.0000
   9.1201E-02   9.7724E-02   0.0000E+00  0.0000
   9.7724E-02   1.0471E-01   0.0000E+00  0.0000
   1.0471E-01   1.1220E-01   0.0000E+00  0.0000
   1.1220E-01   1.2023E-01   0.0000E+00  0.0000
   1.2023E-01   1.2882E-01   0.0000E+00  0.0000
   1.2882E-01   1.3804E-01   0.0000E+00  0.0000
   1.3804E-01   1.4791E-01   0.0000E+00  0.0000
   1.4791E-01   1.5849E-01   0.0000E+00  0.0000
   1.5849E-01   1.6982E-01   0.0000E+00  0.0000
   1.6982E-01   1.8197E-01   0.0000E+00  0.0000
   1.8197E-01   1.9498E-01   0.0000E+00  0.0000
   1.9498E-01   2.0893E-01   0.0000E+00  0.0000
   2.0893E-01   2.2387E-01   0.0000E+00  0.0000
   2.2387E-01   2.3988E-01   0.0000E+00  0.0000
   2.3988E-01   2.5704E-01   0.0000E+00  0.0000
   2.5704E-01   2.7542E-01   0.0000E+00  0.0000
   2.7542E-01   2.9512E-01   0.0000E+00  0.0000
   2.9512E-01   3.1623E-01   0.0000E+00  0.0000
   3.1623E-01   3.3884E-01   0.0000E+00  0.0000
   3.3884E-01   3.6308E-01   0.0000E+00  0.0000
   3.6308E-01   3.8905E-01   0.0000E+00  0.0000
   3.8905E-01   4.1687E-01   0.0000E+00  0.0000
   4.1687E-01   4.4668E-01   0.0000E+00  0.0000
   4.4668E-01   4.7863E-01   0.0000E+00  0.0000
   4.7863E-01   5.1286E-01   0.0000E+00  0.0000
   5.1286E-01   5.4954E-01   0.0000E+00  0.0000
   5.4954E-01   5.8884E-01   0.0000E+00  0.0000
   5.8884E-01   6.3096E-01   0.0000E+00  0.0000
   6.3096E-01   6.7608E-01   0.0000E+00  0.0000
   6.7608E-01   7.2444E-01   0.0000E+00  0.0000
   7.2444E-01   7.7625E-01   0.0000E+00  0.0000
   7.7625E-01   8.3176E-01   0.0000E+00  0.0000
   8.3176E-01   8.9125E-01   0.0000E+00  0.0000
   8.9125E-01   9.5499E-01   0.0000E+00  0.0000
   9.5499E-01   1.0233E+00   0.0000E+00  0.0000
   1.0233E+00   1.0965E+00   0.0000E+00  0.0000
   1.0965E+00   1.1749E+00   0.0000E+00  0.0000
   1.1749E+00   1.2589E+00   0.0000E+00  0.0000
   1.2589E+00   1.3490E+00   0.0000E+00  0.0000
   1.3490E+00   1.4454E+00   0.0000E+00  0.0000
   1.4454E+00   1.5488E+00   0.0000E+00  0.0000
   1.5488E+00   1.6596E+00   0.0000E+00  0.0000
   1.6596E+00   1.7783E+00   0.0000E+00  0.0000
   1.7783E+00   1.9055E+00   0.0000E+00  0.0000
   1.9055E+00   2.0417E+00   0.0000E+00  0.0000
   2.0417E+00   2.1878E+00   0.0000E+00  0.0000
   2.1878E+00   2.3442E+00   0.0000E+00  0.0000
   2.3442E+00   2.5119E+00   0.0000E+00  0.0000
   2.5119E+00   2.6915E+00   0.0000E+00  0.0000
   2.6915E+00   2.8840E+00   0.0000E+00  0.0000
   2.8840E+00   3.0903E+00   0.0000E+00  0.0000
   3.0903E+00   3.3113E+00   0.0000E+00  0.0000
   3.3113E+00   3.5481E+00   0.0000E+00  0.0000
   3.5481E+00   3.8019E+00   0.0000E+00  0.0000
   3.8019E+00   4.0738E+00   0.0000E+00  0.0000
   4.0738E+00   4.3652E+00   0.0000E+00  0.0000
   4.3652E+00   4.6774E+00   0.0000E+00  0.0000
   4.6774E+00   5.0119E+00   0.0000E+00  0.0000
   5.0119E+00   5.3703E+00   0.0000E+00  0.0000
   5.3703E+00   5.7544E+00   0.0000E+00  0.0000
   5.7544E+00   6.1660E+00   0.0000E+00  0.0000
   6.1660E+00   6.6069E+00   0.0000E+00  0.0000
   6.6069E+00   7.0795E+00   0.0000E+00  0.0000
   7.0795E+00   7.5858E+00   0.0000E+00  0.0000
   7.5858E+00   8.1283E+00   0.0000E+00  0.0000
   8.1283E+00   8.7096E+00   0.0000E+00  0.0000
   8.7096E+00   9.3325E+00   0.0000E+00  0.0000
   9.3325E+00   1.0000E+01   0.0000E+00  0.0000

#   sum over                 0.0000E+00  0.0000

'no. = 14,  reg  =   3800'
msuc: {\huge [t-track] in region mesh}
msdr: {\it plotted by \ANGEL \version}
msdl: {\it calculated by \PHITS  3.36}
wt: s(0.7)
\vspace{-3}
   vol  &=&   3.5825E+02 [cm^3]
e:

#------------------------------------------------------------------------------
 newpage:
#   no. = 15   reg =   4000

x: Energy [MeV/n]
y: Flux [1/cm^2/source]              
p: xlog ylog afac(0.8) form(0.9)
h: n            x            y(photon  ),hh0l n  
#  e-lower      e-upper        photon    r.err 
   1.0000E-02   1.0715E-02   0.0000E+00  0.0000
   1.0715E-02   1.1482E-02   0.0000E+00  0.0000
   1.1482E-02   1.2303E-02   0.0000E+00  0.0000
   1.2303E-02   1.3183E-02   0.0000E+00  0.0000
   1.3183E-02   1.4125E-02   0.0000E+00  0.0000
   1.4125E-02   1.5136E-02   0.0000E+00  0.0000
   1.5136E-02   1.6218E-02   0.0000E+00  0.0000
   1.6218E-02   1.7378E-02   0.0000E+00  0.0000
   1.7378E-02   1.8621E-02   0.0000E+00  0.0000
   1.8621E-02   1.9953E-02   0.0000E+00  0.0000
   1.9953E-02   2.1380E-02   0.0000E+00  0.0000
   2.1380E-02   2.2909E-02   0.0000E+00  0.0000
   2.2909E-02   2.4547E-02   0.0000E+00  0.0000
   2.4547E-02   2.6303E-02   0.0000E+00  0.0000
   2.6303E-02   2.8184E-02   0.0000E+00  0.0000
   2.8184E-02   3.0200E-02   0.0000E+00  0.0000
   3.0200E-02   3.2359E-02   0.0000E+00  0.0000
   3.2359E-02   3.4674E-02   0.0000E+00  0.0000
   3.4674E-02   3.7154E-02   0.0000E+00  0.0000
   3.7154E-02   3.9811E-02   0.0000E+00  0.0000
   3.9811E-02   4.2658E-02   0.0000E+00  0.0000
   4.2658E-02   4.5709E-02   0.0000E+00  0.0000
   4.5709E-02   4.8978E-02   0.0000E+00  0.0000
   4.8978E-02   5.2481E-02   0.0000E+00  0.0000
   5.2481E-02   5.6234E-02   0.0000E+00  0.0000
   5.6234E-02   6.0256E-02   0.0000E+00  0.0000
   6.0256E-02   6.4565E-02   0.0000E+00  0.0000
   6.4565E-02   6.9183E-02   0.0000E+00  0.0000
   6.9183E-02   7.4131E-02   0.0000E+00  0.0000
   7.4131E-02   7.9433E-02   0.0000E+00  0.0000
   7.9433E-02   8.5114E-02   0.0000E+00  0.0000
   8.5114E-02   9.1201E-02   0.0000E+00  0.0000
   9.1201E-02   9.7724E-02   0.0000E+00  0.0000
   9.7724E-02   1.0471E-01   0.0000E+00  0.0000
   1.0471E-01   1.1220E-01   0.0000E+00  0.0000
   1.1220E-01   1.2023E-01   0.0000E+00  0.0000
   1.2023E-01   1.2882E-01   0.0000E+00  0.0000
   1.2882E-01   1.3804E-01   0.0000E+00  0.0000
   1.3804E-01   1.4791E-01   0.0000E+00  0.0000
   1.4791E-01   1.5849E-01   0.0000E+00  0.0000
   1.5849E-01   1.6982E-01   0.0000E+00  0.0000
   1.6982E-01   1.8197E-01   2.9592E-05  1.0000
   1.8197E-01   1.9498E-01   0.0000E+00  0.0000
   1.9498E-01   2.0893E-01   0.0000E+00  0.0000
   2.0893E-01   2.2387E-01   0.0000E+00  0.0000
   2.2387E-01   2.3988E-01   0.0000E+00  0.0000
   2.3988E-01   2.5704E-01   0.0000E+00  0.0000
   2.5704E-01   2.7542E-01   0.0000E+00  0.0000
   2.7542E-01   2.9512E-01   0.0000E+00  0.0000
   2.9512E-01   3.1623E-01   0.0000E+00  0.0000
   3.1623E-01   3.3884E-01   0.0000E+00  0.0000
   3.3884E-01   3.6308E-01   2.5669E-05  1.0000
   3.6308E-01   3.8905E-01   0.0000E+00  0.0000
   3.8905E-01   4.1687E-01   0.0000E+00  0.0000
   4.1687E-01   4.4668E-01   0.0000E+00  0.0000
   4.4668E-01   4.7863E-01   0.0000E+00  0.0000
   4.7863E-01   5.1286E-01   4.6931E-05  0.7291
   5.1286E-01   5.4954E-01   0.0000E+00  0.0000
   5.4954E-01   5.8884E-01   0.0000E+00  0.0000
   5.8884E-01   6.3096E-01   0.0000E+00  0.0000
   6.3096E-01   6.7608E-01   0.0000E+00  0.0000
   6.7608E-01   7.2444E-01   0.0000E+00  0.0000
   7.2444E-01   7.7625E-01   0.0000E+00  0.0000
   7.7625E-01   8.3176E-01   0.0000E+00  0.0000
   8.3176E-01   8.9125E-01   0.0000E+00  0.0000
   8.9125E-01   9.5499E-01   0.0000E+00  0.0000
   9.5499E-01   1.0233E+00   0.0000E+00  0.0000
   1.0233E+00   1.0965E+00   0.0000E+00  0.0000
   1.0965E+00   1.1749E+00   0.0000E+00  0.0000
   1.1749E+00   1.2589E+00   0.0000E+00  0.0000
   1.2589E+00   1.3490E+00   0.0000E+00  0.0000
   1.3490E+00   1.4454E+00   0.0000E+00  0.0000
   1.4454E+00   1.5488E+00   0.0000E+00  0.0000
   1.5488E+00   1.6596E+00   0.0000E+00  0.0000
   1.6596E+00   1.7783E+00   0.0000E+00  0.0000
   1.7783E+00   1.9055E+00   0.0000E+00  0.0000
   1.9055E+00   2.0417E+00   0.0000E+00  0.0000
   2.0417E+00   2.1878E+00   0.0000E+00  0.0000
   2.1878E+00   2.3442E+00   0.0000E+00  0.0000
   2.3442E+00   2.5119E+00   0.0000E+00  0.0000
   2.5119E+00   2.6915E+00   0.0000E+00  0.0000
   2.6915E+00   2.8840E+00   0.0000E+00  0.0000
   2.8840E+00   3.0903E+00   0.0000E+00  0.0000
   3.0903E+00   3.3113E+00   0.0000E+00  0.0000
   3.3113E+00   3.5481E+00   0.0000E+00  0.0000
   3.5481E+00   3.8019E+00   0.0000E+00  0.0000
   3.8019E+00   4.0738E+00   0.0000E+00  0.0000
   4.0738E+00   4.3652E+00   2.9485E-05  1.0000
   4.3652E+00   4.6774E+00   0.0000E+00  0.0000
   4.6774E+00   5.0119E+00   0.0000E+00  0.0000
   5.0119E+00   5.3703E+00   0.0000E+00  0.0000
   5.3703E+00   5.7544E+00   0.0000E+00  0.0000
   5.7544E+00   6.1660E+00   0.0000E+00  0.0000
   6.1660E+00   6.6069E+00   0.0000E+00  0.0000
   6.6069E+00   7.0795E+00   0.0000E+00  0.0000
   7.0795E+00   7.5858E+00   0.0000E+00  0.0000
   7.5858E+00   8.1283E+00   0.0000E+00  0.0000
   8.1283E+00   8.7096E+00   0.0000E+00  0.0000
   8.7096E+00   9.3325E+00   0.0000E+00  0.0000
   9.3325E+00   1.0000E+01   0.0000E+00  0.0000

#   sum over                 1.3168E-04  0.5151

'no. = 15,  reg  =   4000'
msuc: {\huge [t-track] in region mesh}
msdr: {\it plotted by \ANGEL \version}
msdl: {\it calculated by \PHITS  3.36}
wt: s(0.7)
\vspace{-3}
   vol  &=&   4.0696E+01 [cm^3]
e:

#------------------------------------------------------------------------------
 newpage:
#   no. = 16   reg =   4200

x: Energy [MeV/n]
y: Flux [1/cm^2/source]              
p: xlog ylog afac(0.8) form(0.9)
h: n            x            y(photon  ),hh0l n  
#  e-lower      e-upper        photon    r.err 
   1.0000E-02   1.0715E-02   0.0000E+00  0.0000
   1.0715E-02   1.1482E-02   0.0000E+00  0.0000
   1.1482E-02   1.2303E-02   0.0000E+00  0.0000
   1.2303E-02   1.3183E-02   0.0000E+00  0.0000
   1.3183E-02   1.4125E-02   0.0000E+00  0.0000
   1.4125E-02   1.5136E-02   0.0000E+00  0.0000
   1.5136E-02   1.6218E-02   0.0000E+00  0.0000
   1.6218E-02   1.7378E-02   0.0000E+00  0.0000
   1.7378E-02   1.8621E-02   0.0000E+00  0.0000
   1.8621E-02   1.9953E-02   0.0000E+00  0.0000
   1.9953E-02   2.1380E-02   0.0000E+00  0.0000
   2.1380E-02   2.2909E-02   0.0000E+00  0.0000
   2.2909E-02   2.4547E-02   0.0000E+00  0.0000
   2.4547E-02   2.6303E-02   0.0000E+00  0.0000
   2.6303E-02   2.8184E-02   0.0000E+00  0.0000
   2.8184E-02   3.0200E-02   0.0000E+00  0.0000
   3.0200E-02   3.2359E-02   0.0000E+00  0.0000
   3.2359E-02   3.4674E-02   0.0000E+00  0.0000
   3.4674E-02   3.7154E-02   0.0000E+00  0.0000
   3.7154E-02   3.9811E-02   0.0000E+00  0.0000
   3.9811E-02   4.2658E-02   0.0000E+00  0.0000
   4.2658E-02   4.5709E-02   0.0000E+00  0.0000
   4.5709E-02   4.8978E-02   0.0000E+00  0.0000
   4.8978E-02   5.2481E-02   0.0000E+00  0.0000
   5.2481E-02   5.6234E-02   8.9166E-07  1.0000
   5.6234E-02   6.0256E-02   1.9149E-06  1.0000
   6.0256E-02   6.4565E-02   3.3734E-06  1.0000
   6.4565E-02   6.9183E-02   3.9570E-06  1.0000
   6.9183E-02   7.4131E-02   0.0000E+00  0.0000
   7.4131E-02   7.9433E-02   8.1449E-07  1.0000
   7.9433E-02   8.5114E-02   1.9175E-06  1.0000
   8.5114E-02   9.1201E-02   1.4051E-06  1.0000
   9.1201E-02   9.7724E-02   1.4067E-06  1.0000
   9.7724E-02   1.0471E-01   1.3237E-05  0.7401
   1.0471E-01   1.1220E-01   2.0147E-06  1.0000
   1.1220E-01   1.2023E-01   0.0000E+00  0.0000
   1.2023E-01   1.2882E-01   2.3986E-06  1.0000
   1.2882E-01   1.3804E-01   0.0000E+00  0.0000
   1.3804E-01   1.4791E-01   0.0000E+00  0.0000
   1.4791E-01   1.5849E-01   7.0558E-07  1.0000
   1.5849E-01   1.6982E-01   0.0000E+00  0.0000
   1.6982E-01   1.8197E-01   0.0000E+00  0.0000
   1.8197E-01   1.9498E-01   5.9959E-06  1.0000
   1.9498E-01   2.0893E-01   5.8023E-07  1.0000
   2.0893E-01   2.2387E-01   0.0000E+00  0.0000
   2.2387E-01   2.3988E-01   0.0000E+00  0.0000
   2.3988E-01   2.5704E-01   0.0000E+00  0.0000
   2.5704E-01   2.7542E-01   0.0000E+00  0.0000
   2.7542E-01   2.9512E-01   0.0000E+00  0.0000
   2.9512E-01   3.1623E-01   0.0000E+00  0.0000
   3.1623E-01   3.3884E-01   0.0000E+00  0.0000
   3.3884E-01   3.6308E-01   0.0000E+00  0.0000
   3.6308E-01   3.8905E-01   0.0000E+00  0.0000
   3.8905E-01   4.1687E-01   5.0562E-07  1.0000
   4.1687E-01   4.4668E-01   1.8942E-07  1.0000
   4.4668E-01   4.7863E-01   0.0000E+00  0.0000
   4.7863E-01   5.1286E-01   3.0419E-06  1.0000
   5.1286E-01   5.4954E-01   0.0000E+00  0.0000
   5.4954E-01   5.8884E-01   8.3946E-07  1.0000
   5.8884E-01   6.3096E-01   0.0000E+00  0.0000
   6.3096E-01   6.7608E-01   0.0000E+00  0.0000
   6.7608E-01   7.2444E-01   1.6086E-06  1.0000
   7.2444E-01   7.7625E-01   2.9169E-06  1.0000
   7.7625E-01   8.3176E-01   0.0000E+00  0.0000
   8.3176E-01   8.9125E-01   0.0000E+00  0.0000
   8.9125E-01   9.5499E-01   0.0000E+00  0.0000
   9.5499E-01   1.0233E+00   0.0000E+00  0.0000
   1.0233E+00   1.0965E+00   5.2624E-07  1.0000
   1.0965E+00   1.1749E+00   0.0000E+00  0.0000
   1.1749E+00   1.2589E+00   0.0000E+00  0.0000
   1.2589E+00   1.3490E+00   0.0000E+00  0.0000
   1.3490E+00   1.4454E+00   4.7599E-06  0.8474
   1.4454E+00   1.5488E+00   6.0978E-07  1.0000
   1.5488E+00   1.6596E+00   0.0000E+00  0.0000
   1.6596E+00   1.7783E+00   0.0000E+00  0.0000
   1.7783E+00   1.9055E+00   0.0000E+00  0.0000
   1.9055E+00   2.0417E+00   0.0000E+00  0.0000
   2.0417E+00   2.1878E+00   0.0000E+00  0.0000
   2.1878E+00   2.3442E+00   0.0000E+00  0.0000
   2.3442E+00   2.5119E+00   0.0000E+00  0.0000
   2.5119E+00   2.6915E+00   2.2983E-06  1.0000
   2.6915E+00   2.8840E+00   0.0000E+00  0.0000
   2.8840E+00   3.0903E+00   0.0000E+00  0.0000
   3.0903E+00   3.3113E+00   0.0000E+00  0.0000
   3.3113E+00   3.5481E+00   0.0000E+00  0.0000
   3.5481E+00   3.8019E+00   0.0000E+00  0.0000
   3.8019E+00   4.0738E+00   4.4815E-06  1.0000
   4.0738E+00   4.3652E+00   0.0000E+00  0.0000
   4.3652E+00   4.6774E+00   0.0000E+00  0.0000
   4.6774E+00   5.0119E+00   0.0000E+00  0.0000
   5.0119E+00   5.3703E+00   0.0000E+00  0.0000
   5.3703E+00   5.7544E+00   0.0000E+00  0.0000
   5.7544E+00   6.1660E+00   0.0000E+00  0.0000
   6.1660E+00   6.6069E+00   0.0000E+00  0.0000
   6.6069E+00   7.0795E+00   8.6439E-06  0.9462
   7.0795E+00   7.5858E+00   0.0000E+00  0.0000
   7.5858E+00   8.1283E+00   0.0000E+00  0.0000
   8.1283E+00   8.7096E+00   3.4420E-06  1.0000
   8.7096E+00   9.3325E+00   2.7958E-06  1.0000
   9.3325E+00   1.0000E+01   0.0000E+00  0.0000

#   sum over                 7.7272E-05  0.2951

'no. = 16,  reg  =   4200'
msuc: {\huge [t-track] in region mesh}
msdr: {\it plotted by \ANGEL \version}
msdl: {\it calculated by \PHITS  3.36}
wt: s(0.7)
\vspace{-3}
   vol  &=&   4.8913E+02 [cm^3]
e:

#------------------------------------------------------------------------------
 newpage:
#   no. = 17   reg =   4400

x: Energy [MeV/n]
y: Flux [1/cm^2/source]              
p: xlog ylog afac(0.8) form(0.9)
h: n            x            y(photon  ),hh0l n  
#  e-lower      e-upper        photon    r.err 
   1.0000E-02   1.0715E-02   0.0000E+00  0.0000
   1.0715E-02   1.1482E-02   0.0000E+00  0.0000
   1.1482E-02   1.2303E-02   0.0000E+00  0.0000
   1.2303E-02   1.3183E-02   0.0000E+00  0.0000
   1.3183E-02   1.4125E-02   0.0000E+00  0.0000
   1.4125E-02   1.5136E-02   0.0000E+00  0.0000
   1.5136E-02   1.6218E-02   0.0000E+00  0.0000
   1.6218E-02   1.7378E-02   0.0000E+00  0.0000
   1.7378E-02   1.8621E-02   0.0000E+00  0.0000
   1.8621E-02   1.9953E-02   0.0000E+00  0.0000
   1.9953E-02   2.1380E-02   0.0000E+00  0.0000
   2.1380E-02   2.2909E-02   0.0000E+00  0.0000
   2.2909E-02   2.4547E-02   0.0000E+00  0.0000
   2.4547E-02   2.6303E-02   0.0000E+00  0.0000
   2.6303E-02   2.8184E-02   1.1702E-06  1.0000
   2.8184E-02   3.0200E-02   0.0000E+00  0.0000
   3.0200E-02   3.2359E-02   0.0000E+00  0.0000
   3.2359E-02   3.4674E-02   0.0000E+00  0.0000
   3.4674E-02   3.7154E-02   0.0000E+00  0.0000
   3.7154E-02   3.9811E-02   2.2596E-06  0.7165
   3.9811E-02   4.2658E-02   0.0000E+00  0.0000
   4.2658E-02   4.5709E-02   1.2579E-06  1.0000
   4.5709E-02   4.8978E-02   0.0000E+00  0.0000
   4.8978E-02   5.2481E-02   0.0000E+00  0.0000
   5.2481E-02   5.6234E-02   1.0513E-06  1.0000
   5.6234E-02   6.0256E-02   0.0000E+00  0.0000
   6.0256E-02   6.4565E-02   1.6122E-06  1.0000
   6.4565E-02   6.9183E-02   1.3046E-06  1.0000
   6.9183E-02   7.4131E-02   3.5457E-06  1.0000
   7.4131E-02   7.9433E-02   2.4726E-06  0.7093
   7.9433E-02   8.5114E-02   2.7083E-06  0.8702
   8.5114E-02   9.1201E-02   0.0000E+00  0.0000
   9.1201E-02   9.7724E-02   0.0000E+00  0.0000
   9.7724E-02   1.0471E-01   1.6075E-05  0.5368
   1.0471E-01   1.1220E-01   6.6506E-06  0.6567
   1.1220E-01   1.2023E-01   3.0203E-06  1.0000
   1.2023E-01   1.2882E-01   3.9391E-06  0.6216
   1.2882E-01   1.3804E-01   1.2044E-05  0.5153
   1.3804E-01   1.4791E-01   0.0000E+00  0.0000
   1.4791E-01   1.5849E-01   3.7290E-07  1.0000
   1.5849E-01   1.6982E-01   6.8610E-07  1.0000
   1.6982E-01   1.8197E-01   7.5101E-06  0.7782
   1.8197E-01   1.9498E-01   4.1558E-06  0.7221
   1.9498E-01   2.0893E-01   2.8085E-06  0.6335
   2.0893E-01   2.2387E-01   1.6224E-06  1.0000
   2.2387E-01   2.3988E-01   8.0529E-06  0.5580
   2.3988E-01   2.5704E-01   1.0901E-06  0.7834
   2.5704E-01   2.7542E-01   5.9237E-06  0.5814
   2.7542E-01   2.9512E-01   6.2275E-06  0.6257
   2.9512E-01   3.1623E-01   0.0000E+00  0.0000
   3.1623E-01   3.3884E-01   3.3384E-06  1.0000
   3.3884E-01   3.6308E-01   4.0209E-06  0.6649
   3.6308E-01   3.8905E-01   5.5195E-06  0.6249
   3.8905E-01   4.1687E-01   3.9192E-06  1.0000
   4.1687E-01   4.4668E-01   1.0033E-05  0.5419
   4.4668E-01   4.7863E-01   1.6566E-05  0.7621
   4.7863E-01   5.1286E-01   3.0596E-05  0.3441
   5.1286E-01   5.4954E-01   0.0000E+00  0.0000
   5.4954E-01   5.8884E-01   0.0000E+00  0.0000
   5.8884E-01   6.3096E-01   1.9106E-06  1.0000
   6.3096E-01   6.7608E-01   2.1603E-06  1.0000
   6.7608E-01   7.2444E-01   2.1469E-06  1.0000
   7.2444E-01   7.7625E-01   4.0531E-06  0.7072
   7.7625E-01   8.3176E-01   2.9528E-06  1.0000
   8.3176E-01   8.9125E-01   0.0000E+00  0.0000
   8.9125E-01   9.5499E-01   6.9017E-06  0.5709
   9.5499E-01   1.0233E+00   1.4743E-06  0.7372
   1.0233E+00   1.0965E+00   3.7618E-06  0.7384
   1.0965E+00   1.1749E+00   5.3871E-06  0.8048
   1.1749E+00   1.2589E+00   0.0000E+00  0.0000
   1.2589E+00   1.3490E+00   0.0000E+00  0.0000
   1.3490E+00   1.4454E+00   3.7743E-06  0.7192
   1.4454E+00   1.5488E+00   1.4279E-06  1.0000
   1.5488E+00   1.6596E+00   0.0000E+00  0.0000
   1.6596E+00   1.7783E+00   1.1237E-06  1.0000
   1.7783E+00   1.9055E+00   1.3927E-06  1.0000
   1.9055E+00   2.0417E+00   1.1469E-06  1.0000
   2.0417E+00   2.1878E+00   1.0548E-07  1.0000
   2.1878E+00   2.3442E+00   1.8005E-06  1.0000
   2.3442E+00   2.5119E+00   0.0000E+00  0.0000
   2.5119E+00   2.6915E+00   1.6903E-06  1.0000
   2.6915E+00   2.8840E+00   1.6476E-06  1.0000
   2.8840E+00   3.0903E+00   2.5124E-06  0.7134
   3.0903E+00   3.3113E+00   0.0000E+00  0.0000
   3.3113E+00   3.5481E+00   0.0000E+00  0.0000
   3.5481E+00   3.8019E+00   0.0000E+00  0.0000
   3.8019E+00   4.0738E+00   0.0000E+00  0.0000
   4.0738E+00   4.3652E+00   0.0000E+00  0.0000
   4.3652E+00   4.6774E+00   2.0380E-06  1.0000
   4.6774E+00   5.0119E+00   0.0000E+00  0.0000
   5.0119E+00   5.3703E+00   0.0000E+00  0.0000
   5.3703E+00   5.7544E+00   2.3796E-06  0.7288
   5.7544E+00   6.1660E+00   1.5136E-06  1.0000
   6.1660E+00   6.6069E+00   2.3406E-06  0.7070
   6.6069E+00   7.0795E+00   0.0000E+00  0.0000
   7.0795E+00   7.5858E+00   1.6955E-06  1.0000
   7.5858E+00   8.1283E+00   0.0000E+00  0.0000
   8.1283E+00   8.7096E+00   2.2495E-06  0.7235
   8.7096E+00   9.3325E+00   1.3903E-06  1.0000
   9.3325E+00   1.0000E+01   9.7529E-07  1.0000

#   sum over                 2.3351E-04  0.1429

'no. = 17,  reg  =   4400'
msuc: {\huge [t-track] in region mesh}
msdr: {\it plotted by \ANGEL \version}
msdl: {\it calculated by \PHITS  3.36}
wt: s(0.7)
\vspace{-3}
   vol  &=&   3.4588E+02 [cm^3]
e:

#------------------------------------------------------------------------------
 newpage:
#   no. = 18   reg =   4600

x: Energy [MeV/n]
y: Flux [1/cm^2/source]              
p: xlog ylog afac(0.8) form(0.9)
h: n            x            y(photon  ),hh0l n  
#  e-lower      e-upper        photon    r.err 
   1.0000E-02   1.0715E-02   0.0000E+00  0.0000
   1.0715E-02   1.1482E-02   0.0000E+00  0.0000
   1.1482E-02   1.2303E-02   0.0000E+00  0.0000
   1.2303E-02   1.3183E-02   0.0000E+00  0.0000
   1.3183E-02   1.4125E-02   0.0000E+00  0.0000
   1.4125E-02   1.5136E-02   0.0000E+00  0.0000
   1.5136E-02   1.6218E-02   0.0000E+00  0.0000
   1.6218E-02   1.7378E-02   0.0000E+00  0.0000
   1.7378E-02   1.8621E-02   0.0000E+00  0.0000
   1.8621E-02   1.9953E-02   0.0000E+00  0.0000
   1.9953E-02   2.1380E-02   0.0000E+00  0.0000
   2.1380E-02   2.2909E-02   0.0000E+00  0.0000
   2.2909E-02   2.4547E-02   0.0000E+00  0.0000
   2.4547E-02   2.6303E-02   0.0000E+00  0.0000
   2.6303E-02   2.8184E-02   0.0000E+00  0.0000
   2.8184E-02   3.0200E-02   0.0000E+00  0.0000
   3.0200E-02   3.2359E-02   0.0000E+00  0.0000
   3.2359E-02   3.4674E-02   0.0000E+00  0.0000
   3.4674E-02   3.7154E-02   0.0000E+00  0.0000
   3.7154E-02   3.9811E-02   0.0000E+00  0.0000
   3.9811E-02   4.2658E-02   0.0000E+00  0.0000
   4.2658E-02   4.5709E-02   0.0000E+00  0.0000
   4.5709E-02   4.8978E-02   0.0000E+00  0.0000
   4.8978E-02   5.2481E-02   0.0000E+00  0.0000
   5.2481E-02   5.6234E-02   0.0000E+00  0.0000
   5.6234E-02   6.0256E-02   0.0000E+00  0.0000
   6.0256E-02   6.4565E-02   0.0000E+00  0.0000
   6.4565E-02   6.9183E-02   0.0000E+00  0.0000
   6.9183E-02   7.4131E-02   4.4684E-06  1.0000
   7.4131E-02   7.9433E-02   3.6294E-06  1.0000
   7.9433E-02   8.5114E-02   0.0000E+00  0.0000
   8.5114E-02   9.1201E-02   1.5082E-06  1.0000
   9.1201E-02   9.7724E-02   0.0000E+00  0.0000
   9.7724E-02   1.0471E-01   5.4013E-06  0.7371
   1.0471E-01   1.1220E-01   2.8276E-06  1.0000
   1.1220E-01   1.2023E-01   0.0000E+00  0.0000
   1.2023E-01   1.2882E-01   2.2504E-06  1.0000
   1.2882E-01   1.3804E-01   0.0000E+00  0.0000
   1.3804E-01   1.4791E-01   0.0000E+00  0.0000
   1.4791E-01   1.5849E-01   2.9523E-06  1.0000
   1.5849E-01   1.6982E-01   0.0000E+00  0.0000
   1.6982E-01   1.8197E-01   0.0000E+00  0.0000
   1.8197E-01   1.9498E-01   0.0000E+00  0.0000
   1.9498E-01   2.0893E-01   0.0000E+00  0.0000
   2.0893E-01   2.2387E-01   0.0000E+00  0.0000
   2.2387E-01   2.3988E-01   0.0000E+00  0.0000
   2.3988E-01   2.5704E-01   0.0000E+00  0.0000
   2.5704E-01   2.7542E-01   0.0000E+00  0.0000
   2.7542E-01   2.9512E-01   0.0000E+00  0.0000
   2.9512E-01   3.1623E-01   0.0000E+00  0.0000
   3.1623E-01   3.3884E-01   0.0000E+00  0.0000
   3.3884E-01   3.6308E-01   0.0000E+00  0.0000
   3.6308E-01   3.8905E-01   0.0000E+00  0.0000
   3.8905E-01   4.1687E-01   4.2843E-07  1.0000
   4.1687E-01   4.4668E-01   2.0172E-06  1.0000
   4.4668E-01   4.7863E-01   5.9727E-06  1.0000
   4.7863E-01   5.1286E-01   1.1524E-05  0.7330
   5.1286E-01   5.4954E-01   0.0000E+00  0.0000
   5.4954E-01   5.8884E-01   0.0000E+00  0.0000
   5.8884E-01   6.3096E-01   0.0000E+00  0.0000
   6.3096E-01   6.7608E-01   0.0000E+00  0.0000
   6.7608E-01   7.2444E-01   0.0000E+00  0.0000
   7.2444E-01   7.7625E-01   0.0000E+00  0.0000
   7.7625E-01   8.3176E-01   0.0000E+00  0.0000
   8.3176E-01   8.9125E-01   0.0000E+00  0.0000
   8.9125E-01   9.5499E-01   0.0000E+00  0.0000
   9.5499E-01   1.0233E+00   2.3575E-05  0.9459
   1.0233E+00   1.0965E+00   0.0000E+00  0.0000
   1.0965E+00   1.1749E+00   0.0000E+00  0.0000
   1.1749E+00   1.2589E+00   0.0000E+00  0.0000
   1.2589E+00   1.3490E+00   0.0000E+00  0.0000
   1.3490E+00   1.4454E+00   0.0000E+00  0.0000
   1.4454E+00   1.5488E+00   0.0000E+00  0.0000
   1.5488E+00   1.6596E+00   0.0000E+00  0.0000
   1.6596E+00   1.7783E+00   0.0000E+00  0.0000
   1.7783E+00   1.9055E+00   0.0000E+00  0.0000
   1.9055E+00   2.0417E+00   0.0000E+00  0.0000
   2.0417E+00   2.1878E+00   0.0000E+00  0.0000
   2.1878E+00   2.3442E+00   0.0000E+00  0.0000
   2.3442E+00   2.5119E+00   0.0000E+00  0.0000
   2.5119E+00   2.6915E+00   0.0000E+00  0.0000
   2.6915E+00   2.8840E+00   0.0000E+00  0.0000
   2.8840E+00   3.0903E+00   0.0000E+00  0.0000
   3.0903E+00   3.3113E+00   0.0000E+00  0.0000
   3.3113E+00   3.5481E+00   0.0000E+00  0.0000
   3.5481E+00   3.8019E+00   0.0000E+00  0.0000
   3.8019E+00   4.0738E+00   0.0000E+00  0.0000
   4.0738E+00   4.3652E+00   7.0419E-07  1.0000
   4.3652E+00   4.6774E+00   0.0000E+00  0.0000
   4.6774E+00   5.0119E+00   0.0000E+00  0.0000
   5.0119E+00   5.3703E+00   0.0000E+00  0.0000
   5.3703E+00   5.7544E+00   0.0000E+00  0.0000
   5.7544E+00   6.1660E+00   0.0000E+00  0.0000
   6.1660E+00   6.6069E+00   2.6758E-06  1.0000
   6.6069E+00   7.0795E+00   0.0000E+00  0.0000
   7.0795E+00   7.5858E+00   0.0000E+00  0.0000
   7.5858E+00   8.1283E+00   0.0000E+00  0.0000
   8.1283E+00   8.7096E+00   0.0000E+00  0.0000
   8.7096E+00   9.3325E+00   0.0000E+00  0.0000
   9.3325E+00   1.0000E+01   0.0000E+00  0.0000

#   sum over                 6.9935E-05  0.3897

'no. = 18,  reg  =   4600'
msuc: {\huge [t-track] in region mesh}
msdr: {\it plotted by \ANGEL \version}
msdl: {\it calculated by \PHITS  3.36}
wt: s(0.7)
\vspace{-3}
   vol  &=&   1.1543E+02 [cm^3]
e:

#------------------------------------------------------------------------------
 newpage:
#   no. = 19   reg =   4800

x: Energy [MeV/n]
y: Flux [1/cm^2/source]              
p: xlog ylog afac(0.8) form(0.9)
h: n            x            y(photon  ),hh0l n  
#  e-lower      e-upper        photon    r.err 
   1.0000E-02   1.0715E-02   0.0000E+00  0.0000
   1.0715E-02   1.1482E-02   0.0000E+00  0.0000
   1.1482E-02   1.2303E-02   0.0000E+00  0.0000
   1.2303E-02   1.3183E-02   0.0000E+00  0.0000
   1.3183E-02   1.4125E-02   0.0000E+00  0.0000
   1.4125E-02   1.5136E-02   0.0000E+00  0.0000
   1.5136E-02   1.6218E-02   0.0000E+00  0.0000
   1.6218E-02   1.7378E-02   0.0000E+00  0.0000
   1.7378E-02   1.8621E-02   0.0000E+00  0.0000
   1.8621E-02   1.9953E-02   0.0000E+00  0.0000
   1.9953E-02   2.1380E-02   0.0000E+00  0.0000
   2.1380E-02   2.2909E-02   0.0000E+00  0.0000
   2.2909E-02   2.4547E-02   0.0000E+00  0.0000
   2.4547E-02   2.6303E-02   0.0000E+00  0.0000
   2.6303E-02   2.8184E-02   0.0000E+00  0.0000
   2.8184E-02   3.0200E-02   0.0000E+00  0.0000
   3.0200E-02   3.2359E-02   0.0000E+00  0.0000
   3.2359E-02   3.4674E-02   0.0000E+00  0.0000
   3.4674E-02   3.7154E-02   0.0000E+00  0.0000
   3.7154E-02   3.9811E-02   0.0000E+00  0.0000
   3.9811E-02   4.2658E-02   0.0000E+00  0.0000
   4.2658E-02   4.5709E-02   0.0000E+00  0.0000
   4.5709E-02   4.8978E-02   0.0000E+00  0.0000
   4.8978E-02   5.2481E-02   0.0000E+00  0.0000
   5.2481E-02   5.6234E-02   0.0000E+00  0.0000
   5.6234E-02   6.0256E-02   0.0000E+00  0.0000
   6.0256E-02   6.4565E-02   0.0000E+00  0.0000
   6.4565E-02   6.9183E-02   0.0000E+00  0.0000
   6.9183E-02   7.4131E-02   4.7898E-05  1.0000
   7.4131E-02   7.9433E-02   0.0000E+00  0.0000
   7.9433E-02   8.5114E-02   0.0000E+00  0.0000
   8.5114E-02   9.1201E-02   0.0000E+00  0.0000
   9.1201E-02   9.7724E-02   0.0000E+00  0.0000
   9.7724E-02   1.0471E-01   0.0000E+00  0.0000
   1.0471E-01   1.1220E-01   0.0000E+00  0.0000
   1.1220E-01   1.2023E-01   0.0000E+00  0.0000
   1.2023E-01   1.2882E-01   0.0000E+00  0.0000
   1.2882E-01   1.3804E-01   0.0000E+00  0.0000
   1.3804E-01   1.4791E-01   0.0000E+00  0.0000
   1.4791E-01   1.5849E-01   0.0000E+00  0.0000
   1.5849E-01   1.6982E-01   0.0000E+00  0.0000
   1.6982E-01   1.8197E-01   0.0000E+00  0.0000
   1.8197E-01   1.9498E-01   0.0000E+00  0.0000
   1.9498E-01   2.0893E-01   0.0000E+00  0.0000
   2.0893E-01   2.2387E-01   0.0000E+00  0.0000
   2.2387E-01   2.3988E-01   0.0000E+00  0.0000
   2.3988E-01   2.5704E-01   0.0000E+00  0.0000
   2.5704E-01   2.7542E-01   0.0000E+00  0.0000
   2.7542E-01   2.9512E-01   0.0000E+00  0.0000
   2.9512E-01   3.1623E-01   0.0000E+00  0.0000
   3.1623E-01   3.3884E-01   0.0000E+00  0.0000
   3.3884E-01   3.6308E-01   0.0000E+00  0.0000
   3.6308E-01   3.8905E-01   0.0000E+00  0.0000
   3.8905E-01   4.1687E-01   0.0000E+00  0.0000
   4.1687E-01   4.4668E-01   0.0000E+00  0.0000
   4.4668E-01   4.7863E-01   0.0000E+00  0.0000
   4.7863E-01   5.1286E-01   0.0000E+00  0.0000
   5.1286E-01   5.4954E-01   0.0000E+00  0.0000
   5.4954E-01   5.8884E-01   0.0000E+00  0.0000
   5.8884E-01   6.3096E-01   0.0000E+00  0.0000
   6.3096E-01   6.7608E-01   0.0000E+00  0.0000
   6.7608E-01   7.2444E-01   0.0000E+00  0.0000
   7.2444E-01   7.7625E-01   0.0000E+00  0.0000
   7.7625E-01   8.3176E-01   0.0000E+00  0.0000
   8.3176E-01   8.9125E-01   0.0000E+00  0.0000
   8.9125E-01   9.5499E-01   0.0000E+00  0.0000
   9.5499E-01   1.0233E+00   0.0000E+00  0.0000
   1.0233E+00   1.0965E+00   0.0000E+00  0.0000
   1.0965E+00   1.1749E+00   0.0000E+00  0.0000
   1.1749E+00   1.2589E+00   0.0000E+00  0.0000
   1.2589E+00   1.3490E+00   0.0000E+00  0.0000
   1.3490E+00   1.4454E+00   0.0000E+00  0.0000
   1.4454E+00   1.5488E+00   0.0000E+00  0.0000
   1.5488E+00   1.6596E+00   0.0000E+00  0.0000
   1.6596E+00   1.7783E+00   0.0000E+00  0.0000
   1.7783E+00   1.9055E+00   0.0000E+00  0.0000
   1.9055E+00   2.0417E+00   0.0000E+00  0.0000
   2.0417E+00   2.1878E+00   0.0000E+00  0.0000
   2.1878E+00   2.3442E+00   0.0000E+00  0.0000
   2.3442E+00   2.5119E+00   0.0000E+00  0.0000
   2.5119E+00   2.6915E+00   0.0000E+00  0.0000
   2.6915E+00   2.8840E+00   0.0000E+00  0.0000
   2.8840E+00   3.0903E+00   0.0000E+00  0.0000
   3.0903E+00   3.3113E+00   0.0000E+00  0.0000
   3.3113E+00   3.5481E+00   0.0000E+00  0.0000
   3.5481E+00   3.8019E+00   0.0000E+00  0.0000
   3.8019E+00   4.0738E+00   0.0000E+00  0.0000
   4.0738E+00   4.3652E+00   0.0000E+00  0.0000
   4.3652E+00   4.6774E+00   0.0000E+00  0.0000
   4.6774E+00   5.0119E+00   0.0000E+00  0.0000
   5.0119E+00   5.3703E+00   0.0000E+00  0.0000
   5.3703E+00   5.7544E+00   0.0000E+00  0.0000
   5.7544E+00   6.1660E+00   0.0000E+00  0.0000
   6.1660E+00   6.6069E+00   0.0000E+00  0.0000
   6.6069E+00   7.0795E+00   0.0000E+00  0.0000
   7.0795E+00   7.5858E+00   0.0000E+00  0.0000
   7.5858E+00   8.1283E+00   0.0000E+00  0.0000
   8.1283E+00   8.7096E+00   0.0000E+00  0.0000
   8.7096E+00   9.3325E+00   0.0000E+00  0.0000
   9.3325E+00   1.0000E+01   0.0000E+00  0.0000

#   sum over                 4.7898E-05  1.0000

'no. = 19,  reg  =   4800'
msuc: {\huge [t-track] in region mesh}
msdr: {\it plotted by \ANGEL \version}
msdl: {\it calculated by \PHITS  3.36}
wt: s(0.7)
\vspace{-3}
   vol  &=&   6.8303E+01 [cm^3]
e:

#------------------------------------------------------------------------------
 newpage:
#   no. = 20   reg =   5000

x: Energy [MeV/n]
y: Flux [1/cm^2/source]              
p: xlog ylog afac(0.8) form(0.9)
h: n            x            y(photon  ),hh0l n  
#  e-lower      e-upper        photon    r.err 
   1.0000E-02   1.0715E-02   0.0000E+00  0.0000
   1.0715E-02   1.1482E-02   0.0000E+00  0.0000
   1.1482E-02   1.2303E-02   0.0000E+00  0.0000
   1.2303E-02   1.3183E-02   0.0000E+00  0.0000
   1.3183E-02   1.4125E-02   0.0000E+00  0.0000
   1.4125E-02   1.5136E-02   0.0000E+00  0.0000
   1.5136E-02   1.6218E-02   0.0000E+00  0.0000
   1.6218E-02   1.7378E-02   0.0000E+00  0.0000
   1.7378E-02   1.8621E-02   0.0000E+00  0.0000
   1.8621E-02   1.9953E-02   0.0000E+00  0.0000
   1.9953E-02   2.1380E-02   0.0000E+00  0.0000
   2.1380E-02   2.2909E-02   0.0000E+00  0.0000
   2.2909E-02   2.4547E-02   0.0000E+00  0.0000
   2.4547E-02   2.6303E-02   0.0000E+00  0.0000
   2.6303E-02   2.8184E-02   0.0000E+00  0.0000
   2.8184E-02   3.0200E-02   0.0000E+00  0.0000
   3.0200E-02   3.2359E-02   0.0000E+00  0.0000
   3.2359E-02   3.4674E-02   0.0000E+00  0.0000
   3.4674E-02   3.7154E-02   0.0000E+00  0.0000
   3.7154E-02   3.9811E-02   0.0000E+00  0.0000
   3.9811E-02   4.2658E-02   0.0000E+00  0.0000
   4.2658E-02   4.5709E-02   0.0000E+00  0.0000
   4.5709E-02   4.8978E-02   0.0000E+00  0.0000
   4.8978E-02   5.2481E-02   8.1153E-06  1.0000
   5.2481E-02   5.6234E-02   7.9027E-06  1.0000
   5.6234E-02   6.0256E-02   3.2735E-06  1.0000
   6.0256E-02   6.4565E-02   0.0000E+00  0.0000
   6.4565E-02   6.9183E-02   0.0000E+00  0.0000
   6.9183E-02   7.4131E-02   0.0000E+00  0.0000
   7.4131E-02   7.9433E-02   6.4223E-06  1.0000
   7.9433E-02   8.5114E-02   0.0000E+00  0.0000
   8.5114E-02   9.1201E-02   0.0000E+00  0.0000
   9.1201E-02   9.7724E-02   2.4194E-05  0.5924
   9.7724E-02   1.0471E-01   7.2984E-06  1.0000
   1.0471E-01   1.1220E-01   1.1503E-05  0.7554
   1.1220E-01   1.2023E-01   1.1228E-06  1.0000
   1.2023E-01   1.2882E-01   4.6284E-06  1.0000
   1.2882E-01   1.3804E-01   1.6158E-05  0.8532
   1.3804E-01   1.4791E-01   0.0000E+00  0.0000
   1.4791E-01   1.5849E-01   1.0192E-05  1.0000
   1.5849E-01   1.6982E-01   1.8015E-06  1.0000
   1.6982E-01   1.8197E-01   4.2129E-05  0.5235
   1.8197E-01   1.9498E-01   2.9747E-06  1.0000
   1.9498E-01   2.0893E-01   4.9067E-06  0.7404
   2.0893E-01   2.2387E-01   0.0000E+00  0.0000
   2.2387E-01   2.3988E-01   0.0000E+00  0.0000
   2.3988E-01   2.5704E-01   4.0989E-06  1.0000
   2.5704E-01   2.7542E-01   8.2104E-06  1.0000
   2.7542E-01   2.9512E-01   8.8033E-06  1.0000
   2.9512E-01   3.1623E-01   6.1006E-06  1.0000
   3.1623E-01   3.3884E-01   0.0000E+00  0.0000
   3.3884E-01   3.6308E-01   0.0000E+00  0.0000
   3.6308E-01   3.8905E-01   0.0000E+00  0.0000
   3.8905E-01   4.1687E-01   0.0000E+00  0.0000
   4.1687E-01   4.4668E-01   3.1282E-06  1.0000
   4.4668E-01   4.7863E-01   1.3700E-05  0.6547
   4.7863E-01   5.1286E-01   6.8874E-05  0.4131
   5.1286E-01   5.4954E-01   0.0000E+00  0.0000
   5.4954E-01   5.8884E-01   0.0000E+00  0.0000
   5.8884E-01   6.3096E-01   0.0000E+00  0.0000
   6.3096E-01   6.7608E-01   0.0000E+00  0.0000
   6.7608E-01   7.2444E-01   0.0000E+00  0.0000
   7.2444E-01   7.7625E-01   0.0000E+00  0.0000
   7.7625E-01   8.3176E-01   0.0000E+00  0.0000
   8.3176E-01   8.9125E-01   0.0000E+00  0.0000
   8.9125E-01   9.5499E-01   0.0000E+00  0.0000
   9.5499E-01   1.0233E+00   0.0000E+00  0.0000
   1.0233E+00   1.0965E+00   0.0000E+00  0.0000
   1.0965E+00   1.1749E+00   0.0000E+00  0.0000
   1.1749E+00   1.2589E+00   0.0000E+00  0.0000
   1.2589E+00   1.3490E+00   0.0000E+00  0.0000
   1.3490E+00   1.4454E+00   9.4315E-06  1.0000
   1.4454E+00   1.5488E+00   0.0000E+00  0.0000
   1.5488E+00   1.6596E+00   6.8852E-06  1.0000
   1.6596E+00   1.7783E+00   0.0000E+00  0.0000
   1.7783E+00   1.9055E+00   0.0000E+00  0.0000
   1.9055E+00   2.0417E+00   5.1527E-06  1.0000
   2.0417E+00   2.1878E+00   0.0000E+00  0.0000
   2.1878E+00   2.3442E+00   0.0000E+00  0.0000
   2.3442E+00   2.5119E+00   0.0000E+00  0.0000
   2.5119E+00   2.6915E+00   6.8666E-06  1.0000
   2.6915E+00   2.8840E+00   6.8196E-06  1.0000
   2.8840E+00   3.0903E+00   1.1467E-05  0.8546
   3.0903E+00   3.3113E+00   0.0000E+00  0.0000
   3.3113E+00   3.5481E+00   0.0000E+00  0.0000
   3.5481E+00   3.8019E+00   0.0000E+00  0.0000
   3.8019E+00   4.0738E+00   0.0000E+00  0.0000
   4.0738E+00   4.3652E+00   0.0000E+00  0.0000
   4.3652E+00   4.6774E+00   0.0000E+00  0.0000
   4.6774E+00   5.0119E+00   9.0247E-06  1.0000
   5.0119E+00   5.3703E+00   0.0000E+00  0.0000
   5.3703E+00   5.7544E+00   0.0000E+00  0.0000
   5.7544E+00   6.1660E+00   0.0000E+00  0.0000
   6.1660E+00   6.6069E+00   0.0000E+00  0.0000
   6.6069E+00   7.0795E+00   3.3733E-06  1.0000
   7.0795E+00   7.5858E+00   0.0000E+00  0.0000
   7.5858E+00   8.1283E+00   0.0000E+00  0.0000
   8.1283E+00   8.7096E+00   4.4685E-06  1.0000
   8.7096E+00   9.3325E+00   9.6148E-06  1.0000
   9.3325E+00   1.0000E+01   1.0540E-05  1.0000

#   sum over                 3.4918E-04  0.2294

'no. = 20,  reg  =   5000'
msuc: {\huge [t-track] in region mesh}
msdr: {\it plotted by \ANGEL \version}
msdl: {\it calculated by \PHITS  3.36}
wt: s(0.7)
\vspace{-3}
   vol  &=&   2.8548E+02 [cm^3]
e:

#------------------------------------------------------------------------------
 newpage:
#   no. = 21   reg =   5200

x: Energy [MeV/n]
y: Flux [1/cm^2/source]              
p: xlog ylog afac(0.8) form(0.9)
h: n            x            y(photon  ),hh0l n  
#  e-lower      e-upper        photon    r.err 
   1.0000E-02   1.0715E-02   0.0000E+00  0.0000
   1.0715E-02   1.1482E-02   0.0000E+00  0.0000
   1.1482E-02   1.2303E-02   0.0000E+00  0.0000
   1.2303E-02   1.3183E-02   0.0000E+00  0.0000
   1.3183E-02   1.4125E-02   0.0000E+00  0.0000
   1.4125E-02   1.5136E-02   0.0000E+00  0.0000
   1.5136E-02   1.6218E-02   0.0000E+00  0.0000
   1.6218E-02   1.7378E-02   0.0000E+00  0.0000
   1.7378E-02   1.8621E-02   0.0000E+00  0.0000
   1.8621E-02   1.9953E-02   0.0000E+00  0.0000
   1.9953E-02   2.1380E-02   0.0000E+00  0.0000
   2.1380E-02   2.2909E-02   0.0000E+00  0.0000
   2.2909E-02   2.4547E-02   0.0000E+00  0.0000
   2.4547E-02   2.6303E-02   0.0000E+00  0.0000
   2.6303E-02   2.8184E-02   0.0000E+00  0.0000
   2.8184E-02   3.0200E-02   0.0000E+00  0.0000
   3.0200E-02   3.2359E-02   0.0000E+00  0.0000
   3.2359E-02   3.4674E-02   0.0000E+00  0.0000
   3.4674E-02   3.7154E-02   0.0000E+00  0.0000
   3.7154E-02   3.9811E-02   0.0000E+00  0.0000
   3.9811E-02   4.2658E-02   7.3875E-06  1.0000
   4.2658E-02   4.5709E-02   7.8259E-06  1.0000
   4.5709E-02   4.8978E-02   0.0000E+00  0.0000
   4.8978E-02   5.2481E-02   0.0000E+00  0.0000
   5.2481E-02   5.6234E-02   2.4119E-06  1.0000
   5.6234E-02   6.0256E-02   0.0000E+00  0.0000
   6.0256E-02   6.4565E-02   0.0000E+00  0.0000
   6.4565E-02   6.9183E-02   0.0000E+00  0.0000
   6.9183E-02   7.4131E-02   0.0000E+00  0.0000
   7.4131E-02   7.9433E-02   0.0000E+00  0.0000
   7.9433E-02   8.5114E-02   0.0000E+00  0.0000
   8.5114E-02   9.1201E-02   4.8516E-06  1.0000
   9.1201E-02   9.7724E-02   0.0000E+00  0.0000
   9.7724E-02   1.0471E-01   0.0000E+00  0.0000
   1.0471E-01   1.1220E-01   0.0000E+00  0.0000
   1.1220E-01   1.2023E-01   2.5990E-05  0.6603
   1.2023E-01   1.2882E-01   7.3400E-06  1.0000
   1.2882E-01   1.3804E-01   1.9894E-05  0.7799
   1.3804E-01   1.4791E-01   1.3610E-06  1.0000
   1.4791E-01   1.5849E-01   0.0000E+00  0.0000
   1.5849E-01   1.6982E-01   6.9082E-06  1.0000
   1.6982E-01   1.8197E-01   8.2729E-06  1.0000
   1.8197E-01   1.9498E-01   0.0000E+00  0.0000
   1.9498E-01   2.0893E-01   0.0000E+00  0.0000
   2.0893E-01   2.2387E-01   1.3645E-05  1.0000
   2.2387E-01   2.3988E-01   7.8365E-06  1.0000
   2.3988E-01   2.5704E-01   0.0000E+00  0.0000
   2.5704E-01   2.7542E-01   0.0000E+00  0.0000
   2.7542E-01   2.9512E-01   0.0000E+00  0.0000
   2.9512E-01   3.1623E-01   2.0173E-06  1.0000
   3.1623E-01   3.3884E-01   0.0000E+00  0.0000
   3.3884E-01   3.6308E-01   5.3212E-06  1.0000
   3.6308E-01   3.8905E-01   0.0000E+00  0.0000
   3.8905E-01   4.1687E-01   1.3376E-05  0.8228
   4.1687E-01   4.4668E-01   0.0000E+00  0.0000
   4.4668E-01   4.7863E-01   6.4982E-06  1.0000
   4.7863E-01   5.1286E-01   4.0895E-05  0.5979
   5.1286E-01   5.4954E-01   0.0000E+00  0.0000
   5.4954E-01   5.8884E-01   7.6281E-06  1.0000
   5.8884E-01   6.3096E-01   0.0000E+00  0.0000
   6.3096E-01   6.7608E-01   1.5565E-05  1.0000
   6.7608E-01   7.2444E-01   4.6124E-06  1.0000
   7.2444E-01   7.7625E-01   0.0000E+00  0.0000
   7.7625E-01   8.3176E-01   0.0000E+00  0.0000
   8.3176E-01   8.9125E-01   0.0000E+00  0.0000
   8.9125E-01   9.5499E-01   1.4004E-05  0.7076
   9.5499E-01   1.0233E+00   0.0000E+00  0.0000
   1.0233E+00   1.0965E+00   0.0000E+00  0.0000
   1.0965E+00   1.1749E+00   0.0000E+00  0.0000
   1.1749E+00   1.2589E+00   0.0000E+00  0.0000
   1.2589E+00   1.3490E+00   0.0000E+00  0.0000
   1.3490E+00   1.4454E+00   0.0000E+00  0.0000
   1.4454E+00   1.5488E+00   0.0000E+00  0.0000
   1.5488E+00   1.6596E+00   0.0000E+00  0.0000
   1.6596E+00   1.7783E+00   0.0000E+00  0.0000
   1.7783E+00   1.9055E+00   0.0000E+00  0.0000
   1.9055E+00   2.0417E+00   1.0234E-05  1.0000
   2.0417E+00   2.1878E+00   0.0000E+00  0.0000
   2.1878E+00   2.3442E+00   0.0000E+00  0.0000
   2.3442E+00   2.5119E+00   0.0000E+00  0.0000
   2.5119E+00   2.6915E+00   0.0000E+00  0.0000
   2.6915E+00   2.8840E+00   0.0000E+00  0.0000
   2.8840E+00   3.0903E+00   0.0000E+00  0.0000
   3.0903E+00   3.3113E+00   1.1879E-05  1.0000
   3.3113E+00   3.5481E+00   0.0000E+00  0.0000
   3.5481E+00   3.8019E+00   0.0000E+00  0.0000
   3.8019E+00   4.0738E+00   0.0000E+00  0.0000
   4.0738E+00   4.3652E+00   0.0000E+00  0.0000
   4.3652E+00   4.6774E+00   0.0000E+00  0.0000
   4.6774E+00   5.0119E+00   0.0000E+00  0.0000
   5.0119E+00   5.3703E+00   1.5127E-05  1.0000
   5.3703E+00   5.7544E+00   0.0000E+00  0.0000
   5.7544E+00   6.1660E+00   0.0000E+00  0.0000
   6.1660E+00   6.6069E+00   0.0000E+00  0.0000
   6.6069E+00   7.0795E+00   0.0000E+00  0.0000
   7.0795E+00   7.5858E+00   0.0000E+00  0.0000
   7.5858E+00   8.1283E+00   0.0000E+00  0.0000
   8.1283E+00   8.7096E+00   0.0000E+00  0.0000
   8.7096E+00   9.3325E+00   0.0000E+00  0.0000
   9.3325E+00   1.0000E+01   0.0000E+00  0.0000

#   sum over                 2.6088E-04  0.3240

'no. = 21,  reg  =   5200'
msuc: {\huge [t-track] in region mesh}
msdr: {\it plotted by \ANGEL \version}
msdl: {\it calculated by \PHITS  3.36}
wt: s(0.7)
\vspace{-3}
   vol  &=&   2.3286E+02 [cm^3]
e:

#------------------------------------------------------------------------------
 newpage:
#   no. = 22   reg =   5400

x: Energy [MeV/n]
y: Flux [1/cm^2/source]              
p: xlog ylog afac(0.8) form(0.9)
h: n            x            y(photon  ),hh0l n  
#  e-lower      e-upper        photon    r.err 
   1.0000E-02   1.0715E-02   0.0000E+00  0.0000
   1.0715E-02   1.1482E-02   0.0000E+00  0.0000
   1.1482E-02   1.2303E-02   0.0000E+00  0.0000
   1.2303E-02   1.3183E-02   0.0000E+00  0.0000
   1.3183E-02   1.4125E-02   0.0000E+00  0.0000
   1.4125E-02   1.5136E-02   0.0000E+00  0.0000
   1.5136E-02   1.6218E-02   0.0000E+00  0.0000
   1.6218E-02   1.7378E-02   0.0000E+00  0.0000
   1.7378E-02   1.8621E-02   0.0000E+00  0.0000
   1.8621E-02   1.9953E-02   0.0000E+00  0.0000
   1.9953E-02   2.1380E-02   0.0000E+00  0.0000
   2.1380E-02   2.2909E-02   0.0000E+00  0.0000
   2.2909E-02   2.4547E-02   0.0000E+00  0.0000
   2.4547E-02   2.6303E-02   0.0000E+00  0.0000
   2.6303E-02   2.8184E-02   0.0000E+00  0.0000
   2.8184E-02   3.0200E-02   0.0000E+00  0.0000
   3.0200E-02   3.2359E-02   0.0000E+00  0.0000
   3.2359E-02   3.4674E-02   0.0000E+00  0.0000
   3.4674E-02   3.7154E-02   0.0000E+00  0.0000
   3.7154E-02   3.9811E-02   0.0000E+00  0.0000
   3.9811E-02   4.2658E-02   0.0000E+00  0.0000
   4.2658E-02   4.5709E-02   0.0000E+00  0.0000
   4.5709E-02   4.8978E-02   0.0000E+00  0.0000
   4.8978E-02   5.2481E-02   0.0000E+00  0.0000
   5.2481E-02   5.6234E-02   0.0000E+00  0.0000
   5.6234E-02   6.0256E-02   0.0000E+00  0.0000
   6.0256E-02   6.4565E-02   0.0000E+00  0.0000
   6.4565E-02   6.9183E-02   0.0000E+00  0.0000
   6.9183E-02   7.4131E-02   0.0000E+00  0.0000
   7.4131E-02   7.9433E-02   0.0000E+00  0.0000
   7.9433E-02   8.5114E-02   0.0000E+00  0.0000
   8.5114E-02   9.1201E-02   0.0000E+00  0.0000
   9.1201E-02   9.7724E-02   0.0000E+00  0.0000
   9.7724E-02   1.0471E-01   0.0000E+00  0.0000
   1.0471E-01   1.1220E-01   0.0000E+00  0.0000
   1.1220E-01   1.2023E-01   0.0000E+00  0.0000
   1.2023E-01   1.2882E-01   9.8148E-06  1.0000
   1.2882E-01   1.3804E-01   4.0714E-06  1.0000
   1.3804E-01   1.4791E-01   3.4399E-05  1.0000
   1.4791E-01   1.5849E-01   0.0000E+00  0.0000
   1.5849E-01   1.6982E-01   2.2515E-06  1.0000
   1.6982E-01   1.8197E-01   1.1511E-05  1.0000
   1.8197E-01   1.9498E-01   2.0178E-05  1.0000
   1.9498E-01   2.0893E-01   0.0000E+00  0.0000
   2.0893E-01   2.2387E-01   1.9644E-05  1.0000
   2.2387E-01   2.3988E-01   9.8608E-06  1.0000
   2.3988E-01   2.5704E-01   0.0000E+00  0.0000
   2.5704E-01   2.7542E-01   0.0000E+00  0.0000
   2.7542E-01   2.9512E-01   0.0000E+00  0.0000
   2.9512E-01   3.1623E-01   0.0000E+00  0.0000
   3.1623E-01   3.3884E-01   0.0000E+00  0.0000
   3.3884E-01   3.6308E-01   0.0000E+00  0.0000
   3.6308E-01   3.8905E-01   0.0000E+00  0.0000
   3.8905E-01   4.1687E-01   0.0000E+00  0.0000
   4.1687E-01   4.4668E-01   0.0000E+00  0.0000
   4.4668E-01   4.7863E-01   0.0000E+00  0.0000
   4.7863E-01   5.1286E-01   0.0000E+00  0.0000
   5.1286E-01   5.4954E-01   5.2784E-06  1.0000
   5.4954E-01   5.8884E-01   0.0000E+00  0.0000
   5.8884E-01   6.3096E-01   0.0000E+00  0.0000
   6.3096E-01   6.7608E-01   0.0000E+00  0.0000
   6.7608E-01   7.2444E-01   1.5696E-05  1.0000
   7.2444E-01   7.7625E-01   0.0000E+00  0.0000
   7.7625E-01   8.3176E-01   0.0000E+00  0.0000
   8.3176E-01   8.9125E-01   0.0000E+00  0.0000
   8.9125E-01   9.5499E-01   0.0000E+00  0.0000
   9.5499E-01   1.0233E+00   0.0000E+00  0.0000
   1.0233E+00   1.0965E+00   1.2242E-05  1.0000
   1.0965E+00   1.1749E+00   0.0000E+00  0.0000
   1.1749E+00   1.2589E+00   0.0000E+00  0.0000
   1.2589E+00   1.3490E+00   0.0000E+00  0.0000
   1.3490E+00   1.4454E+00   0.0000E+00  0.0000
   1.4454E+00   1.5488E+00   0.0000E+00  0.0000
   1.5488E+00   1.6596E+00   0.0000E+00  0.0000
   1.6596E+00   1.7783E+00   0.0000E+00  0.0000
   1.7783E+00   1.9055E+00   0.0000E+00  0.0000
   1.9055E+00   2.0417E+00   0.0000E+00  0.0000
   2.0417E+00   2.1878E+00   9.9129E-06  1.0000
   2.1878E+00   2.3442E+00   0.0000E+00  0.0000
   2.3442E+00   2.5119E+00   0.0000E+00  0.0000
   2.5119E+00   2.6915E+00   0.0000E+00  0.0000
   2.6915E+00   2.8840E+00   0.0000E+00  0.0000
   2.8840E+00   3.0903E+00   0.0000E+00  0.0000
   3.0903E+00   3.3113E+00   2.0708E-05  1.0000
   3.3113E+00   3.5481E+00   2.5286E-05  1.0000
   3.5481E+00   3.8019E+00   0.0000E+00  0.0000
   3.8019E+00   4.0738E+00   0.0000E+00  0.0000
   4.0738E+00   4.3652E+00   0.0000E+00  0.0000
   4.3652E+00   4.6774E+00   0.0000E+00  0.0000
   4.6774E+00   5.0119E+00   0.0000E+00  0.0000
   5.0119E+00   5.3703E+00   0.0000E+00  0.0000
   5.3703E+00   5.7544E+00   0.0000E+00  0.0000
   5.7544E+00   6.1660E+00   0.0000E+00  0.0000
   6.1660E+00   6.6069E+00   0.0000E+00  0.0000
   6.6069E+00   7.0795E+00   0.0000E+00  0.0000
   7.0795E+00   7.5858E+00   0.0000E+00  0.0000
   7.5858E+00   8.1283E+00   0.0000E+00  0.0000
   8.1283E+00   8.7096E+00   0.0000E+00  0.0000
   8.7096E+00   9.3325E+00   0.0000E+00  0.0000
   9.3325E+00   1.0000E+01   0.0000E+00  0.0000

#   sum over                 2.0085E-04  0.4805

'no. = 22,  reg  =   5400'
msuc: {\huge [t-track] in region mesh}
msdr: {\it plotted by \ANGEL \version}
msdl: {\it calculated by \PHITS  3.36}
wt: s(0.7)
\vspace{-3}
   vol  &=&   1.6466E+02 [cm^3]
e:

#------------------------------------------------------------------------------
 newpage:
#   no. = 23   reg =   5600

x: Energy [MeV/n]
y: Flux [1/cm^2/source]              
p: xlog ylog afac(0.8) form(0.9)
h: n            x            y(photon  ),hh0l n  
#  e-lower      e-upper        photon    r.err 
   1.0000E-02   1.0715E-02   0.0000E+00  0.0000
   1.0715E-02   1.1482E-02   0.0000E+00  0.0000
   1.1482E-02   1.2303E-02   0.0000E+00  0.0000
   1.2303E-02   1.3183E-02   0.0000E+00  0.0000
   1.3183E-02   1.4125E-02   0.0000E+00  0.0000
   1.4125E-02   1.5136E-02   0.0000E+00  0.0000
   1.5136E-02   1.6218E-02   0.0000E+00  0.0000
   1.6218E-02   1.7378E-02   0.0000E+00  0.0000
   1.7378E-02   1.8621E-02   0.0000E+00  0.0000
   1.8621E-02   1.9953E-02   0.0000E+00  0.0000
   1.9953E-02   2.1380E-02   0.0000E+00  0.0000
   2.1380E-02   2.2909E-02   0.0000E+00  0.0000
   2.2909E-02   2.4547E-02   0.0000E+00  0.0000
   2.4547E-02   2.6303E-02   0.0000E+00  0.0000
   2.6303E-02   2.8184E-02   0.0000E+00  0.0000
   2.8184E-02   3.0200E-02   0.0000E+00  0.0000
   3.0200E-02   3.2359E-02   0.0000E+00  0.0000
   3.2359E-02   3.4674E-02   0.0000E+00  0.0000
   3.4674E-02   3.7154E-02   0.0000E+00  0.0000
   3.7154E-02   3.9811E-02   0.0000E+00  0.0000
   3.9811E-02   4.2658E-02   0.0000E+00  0.0000
   4.2658E-02   4.5709E-02   2.6933E-05  1.0000
   4.5709E-02   4.8978E-02   0.0000E+00  0.0000
   4.8978E-02   5.2481E-02   0.0000E+00  0.0000
   5.2481E-02   5.6234E-02   0.0000E+00  0.0000
   5.6234E-02   6.0256E-02   0.0000E+00  0.0000
   6.0256E-02   6.4565E-02   0.0000E+00  0.0000
   6.4565E-02   6.9183E-02   0.0000E+00  0.0000
   6.9183E-02   7.4131E-02   0.0000E+00  0.0000
   7.4131E-02   7.9433E-02   0.0000E+00  0.0000
   7.9433E-02   8.5114E-02   0.0000E+00  0.0000
   8.5114E-02   9.1201E-02   9.2496E-05  1.0000
   9.1201E-02   9.7724E-02   0.0000E+00  0.0000
   9.7724E-02   1.0471E-01   2.2814E-05  1.0000
   1.0471E-01   1.1220E-01   0.0000E+00  0.0000
   1.1220E-01   1.2023E-01   2.1559E-05  1.0000
   1.2023E-01   1.2882E-01   0.0000E+00  0.0000
   1.2882E-01   1.3804E-01   1.3411E-05  1.0000
   1.3804E-01   1.4791E-01   0.0000E+00  0.0000
   1.4791E-01   1.5849E-01   0.0000E+00  0.0000
   1.5849E-01   1.6982E-01   0.0000E+00  0.0000
   1.6982E-01   1.8197E-01   4.1819E-05  1.0000
   1.8197E-01   1.9498E-01   0.0000E+00  0.0000
   1.9498E-01   2.0893E-01   3.3730E-05  0.7516
   2.0893E-01   2.2387E-01   2.1581E-05  1.0000
   2.2387E-01   2.3988E-01   0.0000E+00  0.0000
   2.3988E-01   2.5704E-01   0.0000E+00  0.0000
   2.5704E-01   2.7542E-01   8.3738E-06  1.0000
   2.7542E-01   2.9512E-01   0.0000E+00  0.0000
   2.9512E-01   3.1623E-01   0.0000E+00  0.0000
   3.1623E-01   3.3884E-01   0.0000E+00  0.0000
   3.3884E-01   3.6308E-01   0.0000E+00  0.0000
   3.6308E-01   3.8905E-01   0.0000E+00  0.0000
   3.8905E-01   4.1687E-01   2.8108E-05  1.0000
   4.1687E-01   4.4668E-01   4.1120E-06  1.0000
   4.4668E-01   4.7863E-01   0.0000E+00  0.0000
   4.7863E-01   5.1286E-01   0.0000E+00  0.0000
   5.1286E-01   5.4954E-01   9.9454E-07  1.0000
   5.4954E-01   5.8884E-01   0.0000E+00  0.0000
   5.8884E-01   6.3096E-01   0.0000E+00  0.0000
   6.3096E-01   6.7608E-01   0.0000E+00  0.0000
   6.7608E-01   7.2444E-01   0.0000E+00  0.0000
   7.2444E-01   7.7625E-01   0.0000E+00  0.0000
   7.7625E-01   8.3176E-01   0.0000E+00  0.0000
   8.3176E-01   8.9125E-01   0.0000E+00  0.0000
   8.9125E-01   9.5499E-01   0.0000E+00  0.0000
   9.5499E-01   1.0233E+00   0.0000E+00  0.0000
   1.0233E+00   1.0965E+00   0.0000E+00  0.0000
   1.0965E+00   1.1749E+00   0.0000E+00  0.0000
   1.1749E+00   1.2589E+00   0.0000E+00  0.0000
   1.2589E+00   1.3490E+00   0.0000E+00  0.0000
   1.3490E+00   1.4454E+00   0.0000E+00  0.0000
   1.4454E+00   1.5488E+00   1.7908E-05  1.0000
   1.5488E+00   1.6596E+00   0.0000E+00  0.0000
   1.6596E+00   1.7783E+00   0.0000E+00  0.0000
   1.7783E+00   1.9055E+00   0.0000E+00  0.0000
   1.9055E+00   2.0417E+00   0.0000E+00  0.0000
   2.0417E+00   2.1878E+00   0.0000E+00  0.0000
   2.1878E+00   2.3442E+00   0.0000E+00  0.0000
   2.3442E+00   2.5119E+00   0.0000E+00  0.0000
   2.5119E+00   2.6915E+00   0.0000E+00  0.0000
   2.6915E+00   2.8840E+00   0.0000E+00  0.0000
   2.8840E+00   3.0903E+00   0.0000E+00  0.0000
   3.0903E+00   3.3113E+00   0.0000E+00  0.0000
   3.3113E+00   3.5481E+00   0.0000E+00  0.0000
   3.5481E+00   3.8019E+00   0.0000E+00  0.0000
   3.8019E+00   4.0738E+00   0.0000E+00  0.0000
   4.0738E+00   4.3652E+00   0.0000E+00  0.0000
   4.3652E+00   4.6774E+00   0.0000E+00  0.0000
   4.6774E+00   5.0119E+00   0.0000E+00  0.0000
   5.0119E+00   5.3703E+00   0.0000E+00  0.0000
   5.3703E+00   5.7544E+00   0.0000E+00  0.0000
   5.7544E+00   6.1660E+00   0.0000E+00  0.0000
   6.1660E+00   6.6069E+00   0.0000E+00  0.0000
   6.6069E+00   7.0795E+00   0.0000E+00  0.0000
   7.0795E+00   7.5858E+00   0.0000E+00  0.0000
   7.5858E+00   8.1283E+00   0.0000E+00  0.0000
   8.1283E+00   8.7096E+00   0.0000E+00  0.0000
   8.7096E+00   9.3325E+00   0.0000E+00  0.0000
   9.3325E+00   1.0000E+01   0.0000E+00  0.0000

#   sum over                 3.3384E-04  0.4061

'no. = 23,  reg  =   5600'
msuc: {\huge [t-track] in region mesh}
msdr: {\it plotted by \ANGEL \version}
msdl: {\it calculated by \PHITS  3.36}
wt: s(0.7)
\vspace{-3}
   vol  &=&   5.2207E+01 [cm^3]
e:
 
# Information for Restart Calculation
# This calculation was newly started
# istdev =  2 # 1:Batch variance, 2:History variance
# resc2  = 1.00000000000000000E+03 # Total source weight or Total source weight / maxcas
# resc3  = 1.00000000000000000E+03 # Total history number or Total batch number
# maxcas =         100 # History / Batch, only used for istdev=1
# bitrseed = 0101000011000111010110101100111000100101101011010111101101011101 # bit data of rseed
