Skeletal ID,Energy Low (MeV),Energy High (MeV),Energy Center (MeV),Fluence (photons/m2/source),Relative Error
1400,0.01,0.0107151930524,0.0103514216668,0,0
1400,0.0107151930524,0.011481536215,0.0110917481526,0,0
1400,0.011481536215,0.0123026877081,0.0118850222744,0,0
1400,0.0123026877081,0.0131825673856,0.0127350308102,0,0
1400,0.0131825673856,0.0141253754462,0.0136458313659,0,0
1400,0.0141253754462,0.0151356124844,0.0146217717446,0,0
1400,0.0151356124844,0.0162181009736,0.0156675107011,0,0
1400,0.0162181009736,0.0173780082875,0.0167880401812,0,0
1400,0.0173780082875,0.0186208713666,0.0179887091513,0,0
1400,0.0186208713666,0.0199526231497,0.0192752491319,0,0
1400,0.0199526231497,0.021379620895,0.0206538015581,0,0
1400,0.021379620895,0.0229086765277,0.0221309470961,0,0
1400,0.0229086765277,0.0245470891569,0.0237137370566,0,0
1400,0.0245470891569,0.026302679919,0.0254097270555,0,0
1400,0.026302679919,0.0281838293126,0.0272270130808,0.0584919244423,0.999499874937
1400,0.0281838293126,0.030199517204,0.02917427014,0,0
1400,0.030199517204,0.032359365693,0.0312607936712,0,0
1400,0.032359365693,0.0346736850453,0.0334965439158,0.0846108794146,0.999499874937
1400,0.0346736850453,0.0371535229097,0.0358921934645,0,0
1400,0.0371535229097,0.0398107170553,0.0384591782045,0,0
1400,0.0398107170553,0.0426579518802,0.0412097519097,0,0
1400,0.0426579518802,0.0457088189615,0.0441570447353,0,0
1400,0.0457088189615,0.0489778819368,0.0473151258961,0,0
1400,0.0489778819368,0.052480746025,0.0506990708275,0,0
1400,0.052480746025,0.056234132519,0.0543250331492,0,0
1400,0.056234132519,0.0602559586074,0.0582103217771,0,0
1400,0.0602559586074,0.0645654229035,0.0623734835482,0.186901200204,0.999499874937
1400,0.0645654229035,0.0691830970919,0.0668343917569,0,0
1400,0.0691830970919,0.0741310241301,0.0716143410213,0.131734238965,0.999499874937
1400,0.0741310241301,0.0794328234724,0.0767361489362,0,0
1400,0.0794328234724,0.0851138038202,0.0822242649947,0,0
1400,0.0851138038202,0.0912010839356,0.0881048873008,0,0
1400,0.0912010839356,0.0977237220956,0.0944060876286,0,0
1400,0.0977237220956,0.104712854805,0.101157945426,0,0
1400,0.104712854805,0.11220184543,0.108392691402,0,0
1400,0.11220184543,0.120226443462,0.116144861384,0,0
1400,0.120226443462,0.128824955169,0.124451461177,0,0
1400,0.128824955169,0.13803842646,0.133352143216,0.315076061513,0.999499874937
1400,0.13803842646,0.147910838817,0.142889395851,0,0
1400,0.147910838817,0.158489319246,0.153108746168,0,0
1400,0.158489319246,0.169824365246,0.16405897732,0,0
1400,0.169824365246,0.181970085861,0.175792361396,0,0
1400,0.181970085861,0.194984459976,0.188364908949,0.270240998548,0.999499874937
1400,0.194984459976,0.208929613085,0.201836636368,0,0
1400,0.208929613085,0.223872113857,0.216271852373,0,0
1400,0.223872113857,0.239883291902,0.231739464997,0,0
1400,0.239883291902,0.257039578277,0.24831331053,0,0
1400,0.257039578277,0.275422870334,0.26607250598,0,0
1400,0.275422870334,0.295120922667,0.28510182675,0,0
1400,0.295120922667,0.316227766017,0.305492111322,0,0
1400,0.316227766017,0.338844156139,0.327340694879,0,0
1400,0.338844156139,0.36307805477,0.350751873953,0,0
1400,0.36307805477,0.389045144994,0.375837404288,0.0834709935028,0.999499874937
1400,0.389045144994,0.41686938347,0.402717034325,0,0
1400,0.41686938347,0.446683592151,0.431519076828,0,0
1400,0.446683592151,0.478630092323,0.462381021399,0,0
1400,0.478630092323,0.512861383991,0.495450190805,0.131890303326,0.905238629588
1400,0.512861383991,0.549540873858,0.530884444231,0,0
1400,0.549540873858,0.588843655356,0.568852930844,0,0
1400,0.588843655356,0.63095734448,0.60953689724,0,0
1400,0.63095734448,0.676082975392,0.653130552647,0,0
1400,0.676082975392,0.724435960075,0.699841996002,0,0
1400,0.724435960075,0.776247116629,0.749894209332,0,0
1400,0.776247116629,0.831763771103,0.803526122186,0,0
1400,0.831763771103,0.891250938134,0.860993752185,0,0
1400,0.891250938134,0.954992586021,0.922571427155,0,0
1400,0.954992586021,1.02329299228,0.988553094657,0,0
1400,1.02329299228,1.09647819614,1.05925372518,0,0
1400,1.09647819614,1.17489755494,1.13501081567,0,0
1400,1.17489755494,1.25892541179,1.21618600065,0,0
1400,1.25892541179,1.34896288259,1.30316677845,0,0
1400,1.34896288259,1.44543977075,1.39636836106,0,0
1400,1.44543977075,1.54881661891,1.49623565609,0,0
1400,1.54881661891,1.65958690744,1.60324539069,0,0
1400,1.65958690744,1.77827941004,1.71790838716,0,0
1400,1.77827941004,1.90546071796,1.84077200147,0,0
1400,1.90546071796,2.04173794467,1.97242273611,0,0
1400,2.04173794467,2.18776162395,2.11348903984,0,0
1400,2.18776162395,2.34422881532,2.26464430759,0,0
1400,2.34422881532,2.51188643151,2.42661009508,0,0
1400,2.51188643151,2.69153480393,2.60015956317,0,0
1400,2.69153480393,2.88403150313,2.78612116863,0,0
1400,2.88403150313,3.09029543251,2.98538261892,0,0
1400,3.09029543251,3.31131121483,3.19889510969,0,0
1400,3.31131121483,3.54813389234,3.42767786546,0,0
1400,3.54813389234,3.80189396321,3.67282300498,0,0
1400,3.80189396321,4.07380277804,3.93550075456,0,0
1400,4.07380277804,4.3651583224,4.21696503429,0,0
1400,4.3651583224,4.67735141287,4.51855944375,0,0
1400,4.67735141287,5.01187233627,4.84172367584,0,0
1400,5.01187233627,5.3703179637,5.18800038929,0,0
1400,5.3703179637,5.75439937337,5.5590425727,0,0
1400,5.75439937337,6.16595001861,5.95662143529,0,0
1400,6.16595001861,6.60693448008,6.38263486191,0,0
1400,6.60693448008,7.07945784384,6.83911647281,0,0
1400,7.07945784384,7.58577575029,7.32824533139,0,0
1400,7.58577575029,8.12830516164,7.8523563461,0,0
1400,8.12830516164,8.70963589956,8.41395141645,0.344503298131,0.999499874937
1400,8.70963589956,9.33254300797,9.01571137606,0.442608426991,0.999499874937
1400,9.33254300797,10,9.6605087899,2.22211018816,0.355210039509
1500,0.01,0.0107151930524,0.0103514216668,0,0
1500,0.0107151930524,0.011481536215,0.0110917481526,0,0
1500,0.011481536215,0.0123026877081,0.0118850222744,0,0
1500,0.0123026877081,0.0131825673856,0.0127350308102,0,0
1500,0.0131825673856,0.0141253754462,0.0136458313659,0,0
1500,0.0141253754462,0.0151356124844,0.0146217717446,0,0
1500,0.0151356124844,0.0162181009736,0.0156675107011,0,0
1500,0.0162181009736,0.0173780082875,0.0167880401812,0,0
1500,0.0173780082875,0.0186208713666,0.0179887091513,0,0
1500,0.0186208713666,0.0199526231497,0.0192752491319,0,0
1500,0.0199526231497,0.021379620895,0.0206538015581,0,0
1500,0.021379620895,0.0229086765277,0.0221309470961,0,0
1500,0.0229086765277,0.0245470891569,0.0237137370566,0,0
1500,0.0245470891569,0.026302679919,0.0254097270555,0,0
1500,0.026302679919,0.0281838293126,0.0272270130808,0,0
1500,0.0281838293126,0.030199517204,0.02917427014,0,0
1500,0.030199517204,0.032359365693,0.0312607936712,0,0
1500,0.032359365693,0.0346736850453,0.0334965439158,0,0
1500,0.0346736850453,0.0371535229097,0.0358921934645,0,0
1500,0.0371535229097,0.0398107170553,0.0384591782045,0,0
1500,0.0398107170553,0.0426579518802,0.0412097519097,0,0
1500,0.0426579518802,0.0457088189615,0.0441570447353,0,0
1500,0.0457088189615,0.0489778819368,0.0473151258961,0,0
1500,0.0489778819368,0.052480746025,0.0506990708275,0,0
1500,0.052480746025,0.056234132519,0.0543250331492,0,0
1500,0.056234132519,0.0602559586074,0.0582103217771,0,0
1500,0.0602559586074,0.0645654229035,0.0623734835482,0,0
1500,0.0645654229035,0.0691830970919,0.0668343917569,0,0
1500,0.0691830970919,0.0741310241301,0.0716143410213,0,0
1500,0.0741310241301,0.0794328234724,0.0767361489362,0,0
1500,0.0794328234724,0.0851138038202,0.0822242649947,0,0
1500,0.0851138038202,0.0912010839356,0.0881048873008,0,0
1500,0.0912010839356,0.0977237220956,0.0944060876286,0,0
1500,0.0977237220956,0.104712854805,0.101157945426,0,0
1500,0.104712854805,0.11220184543,0.108392691402,0,0
1500,0.11220184543,0.120226443462,0.116144861384,0,0
1500,0.120226443462,0.128824955169,0.124451461177,0,0
1500,0.128824955169,0.13803842646,0.133352143216,0,0
1500,0.13803842646,0.147910838817,0.142889395851,0,0
1500,0.147910838817,0.158489319246,0.153108746168,0,0
1500,0.158489319246,0.169824365246,0.16405897732,0,0
1500,0.169824365246,0.181970085861,0.175792361396,0,0
1500,0.181970085861,0.194984459976,0.188364908949,0,0
1500,0.194984459976,0.208929613085,0.201836636368,0,0
1500,0.208929613085,0.223872113857,0.216271852373,0,0
1500,0.223872113857,0.239883291902,0.231739464997,0,0
1500,0.239883291902,0.257039578277,0.24831331053,0,0
1500,0.257039578277,0.275422870334,0.26607250598,0,0
1500,0.275422870334,0.295120922667,0.28510182675,0,0
1500,0.295120922667,0.316227766017,0.305492111322,0,0
1500,0.316227766017,0.338844156139,0.327340694879,0,0
1500,0.338844156139,0.36307805477,0.350751873953,0,0
1500,0.36307805477,0.389045144994,0.375837404288,0,0
1500,0.389045144994,0.41686938347,0.402717034325,0,0
1500,0.41686938347,0.446683592151,0.431519076828,0,0
1500,0.446683592151,0.478630092323,0.462381021399,0,0
1500,0.478630092323,0.512861383991,0.495450190805,0,0
1500,0.512861383991,0.549540873858,0.530884444231,0,0
1500,0.549540873858,0.588843655356,0.568852930844,0,0
1500,0.588843655356,0.63095734448,0.60953689724,0,0
1500,0.63095734448,0.676082975392,0.653130552647,0,0
1500,0.676082975392,0.724435960075,0.699841996002,0,0
1500,0.724435960075,0.776247116629,0.749894209332,0,0
1500,0.776247116629,0.831763771103,0.803526122186,0,0
1500,0.831763771103,0.891250938134,0.860993752185,0,0
1500,0.891250938134,0.954992586021,0.922571427155,0,0
1500,0.954992586021,1.02329299228,0.988553094657,0,0
1500,1.02329299228,1.09647819614,1.05925372518,0,0
1500,1.09647819614,1.17489755494,1.13501081567,0,0
1500,1.17489755494,1.25892541179,1.21618600065,0,0
1500,1.25892541179,1.34896288259,1.30316677845,0,0
1500,1.34896288259,1.44543977075,1.39636836106,0,0
1500,1.44543977075,1.54881661891,1.49623565609,0,0
1500,1.54881661891,1.65958690744,1.60324539069,0,0
1500,1.65958690744,1.77827941004,1.71790838716,0,0
1500,1.77827941004,1.90546071796,1.84077200147,0,0
1500,1.90546071796,2.04173794467,1.97242273611,0,0
1500,2.04173794467,2.18776162395,2.11348903984,0,0
1500,2.18776162395,2.34422881532,2.26464430759,0,0
1500,2.34422881532,2.51188643151,2.42661009508,0,0
1500,2.51188643151,2.69153480393,2.60015956317,0,0
1500,2.69153480393,2.88403150313,2.78612116863,0,0
1500,2.88403150313,3.09029543251,2.98538261892,0,0
1500,3.09029543251,3.31131121483,3.19889510969,0,0
1500,3.31131121483,3.54813389234,3.42767786546,0,0
1500,3.54813389234,3.80189396321,3.67282300498,0,0
1500,3.80189396321,4.07380277804,3.93550075456,0,0
1500,4.07380277804,4.3651583224,4.21696503429,0,0
1500,4.3651583224,4.67735141287,4.51855944375,0,0
1500,4.67735141287,5.01187233627,4.84172367584,0,0
1500,5.01187233627,5.3703179637,5.18800038929,0,0
1500,5.3703179637,5.75439937337,5.5590425727,0,0
1500,5.75439937337,6.16595001861,5.95662143529,0,0
1500,6.16595001861,6.60693448008,6.38263486191,0,0
1500,6.60693448008,7.07945784384,6.83911647281,0,0
1500,7.07945784384,7.58577575029,7.32824533139,0,0
1500,7.58577575029,8.12830516164,7.8523563461,0,0
1500,8.12830516164,8.70963589956,8.41395141645,0,0
1500,8.70963589956,9.33254300797,9.01571137606,0,0
1500,9.33254300797,10,9.6605087899,0.621237973526,0.997366128824
1700,0.01,0.0107151930524,0.0103514216668,0,0
1700,0.0107151930524,0.011481536215,0.0110917481526,0,0
1700,0.011481536215,0.0123026877081,0.0118850222744,0,0
1700,0.0123026877081,0.0131825673856,0.0127350308102,0,0
1700,0.0131825673856,0.0141253754462,0.0136458313659,0,0
1700,0.0141253754462,0.0151356124844,0.0146217717446,0,0
1700,0.0151356124844,0.0162181009736,0.0156675107011,0,0
1700,0.0162181009736,0.0173780082875,0.0167880401812,0,0
1700,0.0173780082875,0.0186208713666,0.0179887091513,0,0
1700,0.0186208713666,0.0199526231497,0.0192752491319,0,0
1700,0.0199526231497,0.021379620895,0.0206538015581,0,0
1700,0.021379620895,0.0229086765277,0.0221309470961,0,0
1700,0.0229086765277,0.0245470891569,0.0237137370566,0,0
1700,0.0245470891569,0.026302679919,0.0254097270555,0,0
1700,0.026302679919,0.0281838293126,0.0272270130808,0,0
1700,0.0281838293126,0.030199517204,0.02917427014,0,0
1700,0.030199517204,0.032359365693,0.0312607936712,0,0
1700,0.032359365693,0.0346736850453,0.0334965439158,0,0
1700,0.0346736850453,0.0371535229097,0.0358921934645,0,0
1700,0.0371535229097,0.0398107170553,0.0384591782045,0,0
1700,0.0398107170553,0.0426579518802,0.0412097519097,0,0
1700,0.0426579518802,0.0457088189615,0.0441570447353,0,0
1700,0.0457088189615,0.0489778819368,0.0473151258961,0,0
1700,0.0489778819368,0.052480746025,0.0506990708275,0,0
1700,0.052480746025,0.056234132519,0.0543250331492,0,0
1700,0.056234132519,0.0602559586074,0.0582103217771,0,0
1700,0.0602559586074,0.0645654229035,0.0623734835482,0,0
1700,0.0645654229035,0.0691830970919,0.0668343917569,0,0
1700,0.0691830970919,0.0741310241301,0.0716143410213,0,0
1700,0.0741310241301,0.0794328234724,0.0767361489362,0,0
1700,0.0794328234724,0.0851138038202,0.0822242649947,0,0
1700,0.0851138038202,0.0912010839356,0.0881048873008,0,0
1700,0.0912010839356,0.0977237220956,0.0944060876286,0,0
1700,0.0977237220956,0.104712854805,0.101157945426,0,0
1700,0.104712854805,0.11220184543,0.108392691402,0,0
1700,0.11220184543,0.120226443462,0.116144861384,0,0
1700,0.120226443462,0.128824955169,0.124451461177,0,0
1700,0.128824955169,0.13803842646,0.133352143216,0,0
1700,0.13803842646,0.147910838817,0.142889395851,0,0
1700,0.147910838817,0.158489319246,0.153108746168,0,0
1700,0.158489319246,0.169824365246,0.16405897732,0,0
1700,0.169824365246,0.181970085861,0.175792361396,0,0
1700,0.181970085861,0.194984459976,0.188364908949,0,0
1700,0.194984459976,0.208929613085,0.201836636368,0,0
1700,0.208929613085,0.223872113857,0.216271852373,0,0
1700,0.223872113857,0.239883291902,0.231739464997,0,0
1700,0.239883291902,0.257039578277,0.24831331053,0,0
1700,0.257039578277,0.275422870334,0.26607250598,0,0
1700,0.275422870334,0.295120922667,0.28510182675,0,0
1700,0.295120922667,0.316227766017,0.305492111322,0,0
1700,0.316227766017,0.338844156139,0.327340694879,0,0
1700,0.338844156139,0.36307805477,0.350751873953,0,0
1700,0.36307805477,0.389045144994,0.375837404288,0,0
1700,0.389045144994,0.41686938347,0.402717034325,0,0
1700,0.41686938347,0.446683592151,0.431519076828,0,0
1700,0.446683592151,0.478630092323,0.462381021399,0,0
1700,0.478630092323,0.512861383991,0.495450190805,0,0
1700,0.512861383991,0.549540873858,0.530884444231,0,0
1700,0.549540873858,0.588843655356,0.568852930844,0,0
1700,0.588843655356,0.63095734448,0.60953689724,0,0
1700,0.63095734448,0.676082975392,0.653130552647,0,0
1700,0.676082975392,0.724435960075,0.699841996002,0,0
1700,0.724435960075,0.776247116629,0.749894209332,0,0
1700,0.776247116629,0.831763771103,0.803526122186,0,0
1700,0.831763771103,0.891250938134,0.860993752185,0,0
1700,0.891250938134,0.954992586021,0.922571427155,0,0
1700,0.954992586021,1.02329299228,0.988553094657,0,0
1700,1.02329299228,1.09647819614,1.05925372518,0,0
1700,1.09647819614,1.17489755494,1.13501081567,0,0
1700,1.17489755494,1.25892541179,1.21618600065,0,0
1700,1.25892541179,1.34896288259,1.30316677845,0,0
1700,1.34896288259,1.44543977075,1.39636836106,0,0
1700,1.44543977075,1.54881661891,1.49623565609,0,0
1700,1.54881661891,1.65958690744,1.60324539069,0,0
1700,1.65958690744,1.77827941004,1.71790838716,0,0
1700,1.77827941004,1.90546071796,1.84077200147,0,0
1700,1.90546071796,2.04173794467,1.97242273611,0,0
1700,2.04173794467,2.18776162395,2.11348903984,0,0
1700,2.18776162395,2.34422881532,2.26464430759,0,0
1700,2.34422881532,2.51188643151,2.42661009508,0,0
1700,2.51188643151,2.69153480393,2.60015956317,0,0
1700,2.69153480393,2.88403150313,2.78612116863,0,0
1700,2.88403150313,3.09029543251,2.98538261892,0,0
1700,3.09029543251,3.31131121483,3.19889510969,0,0
1700,3.31131121483,3.54813389234,3.42767786546,0,0
1700,3.54813389234,3.80189396321,3.67282300498,0,0
1700,3.80189396321,4.07380277804,3.93550075456,0,0
1700,4.07380277804,4.3651583224,4.21696503429,0,0
1700,4.3651583224,4.67735141287,4.51855944375,0,0
1700,4.67735141287,5.01187233627,4.84172367584,0,0
1700,5.01187233627,5.3703179637,5.18800038929,0,0
1700,5.3703179637,5.75439937337,5.5590425727,0,0
1700,5.75439937337,6.16595001861,5.95662143529,0,0
1700,6.16595001861,6.60693448008,6.38263486191,0,0
1700,6.60693448008,7.07945784384,6.83911647281,0,0
1700,7.07945784384,7.58577575029,7.32824533139,0,0
1700,7.58577575029,8.12830516164,7.8523563461,0,0
1700,8.12830516164,8.70963589956,8.41395141645,0,0
1700,8.70963589956,9.33254300797,9.01571137606,0,0
1700,9.33254300797,10,9.6605087899,0.56218087808,0.999499874937
1800,0.01,0.0107151930524,0.0103514216668,0,0
1800,0.0107151930524,0.011481536215,0.0110917481526,0,0
1800,0.011481536215,0.0123026877081,0.0118850222744,0,0
1800,0.0123026877081,0.0131825673856,0.0127350308102,0,0
1800,0.0131825673856,0.0141253754462,0.0136458313659,0,0
1800,0.0141253754462,0.0151356124844,0.0146217717446,0,0
1800,0.0151356124844,0.0162181009736,0.0156675107011,0,0
1800,0.0162181009736,0.0173780082875,0.0167880401812,0,0
1800,0.0173780082875,0.0186208713666,0.0179887091513,0,0
1800,0.0186208713666,0.0199526231497,0.0192752491319,0,0
1800,0.0199526231497,0.021379620895,0.0206538015581,0,0
1800,0.021379620895,0.0229086765277,0.0221309470961,0,0
1800,0.0229086765277,0.0245470891569,0.0237137370566,0,0
1800,0.0245470891569,0.026302679919,0.0254097270555,0,0
1800,0.026302679919,0.0281838293126,0.0272270130808,0,0
1800,0.0281838293126,0.030199517204,0.02917427014,0,0
1800,0.030199517204,0.032359365693,0.0312607936712,0,0
1800,0.032359365693,0.0346736850453,0.0334965439158,0,0
1800,0.0346736850453,0.0371535229097,0.0358921934645,0,0
1800,0.0371535229097,0.0398107170553,0.0384591782045,0,0
1800,0.0398107170553,0.0426579518802,0.0412097519097,0,0
1800,0.0426579518802,0.0457088189615,0.0441570447353,0,0
1800,0.0457088189615,0.0489778819368,0.0473151258961,0,0
1800,0.0489778819368,0.052480746025,0.0506990708275,0,0
1800,0.052480746025,0.056234132519,0.0543250331492,0,0
1800,0.056234132519,0.0602559586074,0.0582103217771,0,0
1800,0.0602559586074,0.0645654229035,0.0623734835482,0,0
1800,0.0645654229035,0.0691830970919,0.0668343917569,0,0
1800,0.0691830970919,0.0741310241301,0.0716143410213,0,0
1800,0.0741310241301,0.0794328234724,0.0767361489362,0,0
1800,0.0794328234724,0.0851138038202,0.0822242649947,0,0
1800,0.0851138038202,0.0912010839356,0.0881048873008,0,0
1800,0.0912010839356,0.0977237220956,0.0944060876286,0,0
1800,0.0977237220956,0.104712854805,0.101157945426,0,0
1800,0.104712854805,0.11220184543,0.108392691402,0,0
1800,0.11220184543,0.120226443462,0.116144861384,0,0
1800,0.120226443462,0.128824955169,0.124451461177,0,0
1800,0.128824955169,0.13803842646,0.133352143216,0,0
1800,0.13803842646,0.147910838817,0.142889395851,0,0
1800,0.147910838817,0.158489319246,0.153108746168,0,0
1800,0.158489319246,0.169824365246,0.16405897732,0,0
1800,0.169824365246,0.181970085861,0.175792361396,0,0
1800,0.181970085861,0.194984459976,0.188364908949,0,0
1800,0.194984459976,0.208929613085,0.201836636368,0,0
1800,0.208929613085,0.223872113857,0.216271852373,0,0
1800,0.223872113857,0.239883291902,0.231739464997,0,0
1800,0.239883291902,0.257039578277,0.24831331053,0,0
1800,0.257039578277,0.275422870334,0.26607250598,0,0
1800,0.275422870334,0.295120922667,0.28510182675,0,0
1800,0.295120922667,0.316227766017,0.305492111322,0,0
1800,0.316227766017,0.338844156139,0.327340694879,0,0
1800,0.338844156139,0.36307805477,0.350751873953,0.489595272394,0.999499874937
1800,0.36307805477,0.389045144994,0.375837404288,0,0
1800,0.389045144994,0.41686938347,0.402717034325,0,0
1800,0.41686938347,0.446683592151,0.431519076828,0,0
1800,0.446683592151,0.478630092323,0.462381021399,0,0
1800,0.478630092323,0.512861383991,0.495450190805,0,0
1800,0.512861383991,0.549540873858,0.530884444231,0,0
1800,0.549540873858,0.588843655356,0.568852930844,0,0
1800,0.588843655356,0.63095734448,0.60953689724,0,0
1800,0.63095734448,0.676082975392,0.653130552647,0,0
1800,0.676082975392,0.724435960075,0.699841996002,0,0
1800,0.724435960075,0.776247116629,0.749894209332,0,0
1800,0.776247116629,0.831763771103,0.803526122186,0,0
1800,0.831763771103,0.891250938134,0.860993752185,0,0
1800,0.891250938134,0.954992586021,0.922571427155,0,0
1800,0.954992586021,1.02329299228,0.988553094657,0,0
1800,1.02329299228,1.09647819614,1.05925372518,0,0
1800,1.09647819614,1.17489755494,1.13501081567,0,0
1800,1.17489755494,1.25892541179,1.21618600065,0,0
1800,1.25892541179,1.34896288259,1.30316677845,0,0
1800,1.34896288259,1.44543977075,1.39636836106,0,0
1800,1.44543977075,1.54881661891,1.49623565609,0,0
1800,1.54881661891,1.65958690744,1.60324539069,0,0
1800,1.65958690744,1.77827941004,1.71790838716,0,0
1800,1.77827941004,1.90546071796,1.84077200147,0,0
1800,1.90546071796,2.04173794467,1.97242273611,0,0
1800,2.04173794467,2.18776162395,2.11348903984,0,0
1800,2.18776162395,2.34422881532,2.26464430759,0,0
1800,2.34422881532,2.51188643151,2.42661009508,0,0
1800,2.51188643151,2.69153480393,2.60015956317,0,0
1800,2.69153480393,2.88403150313,2.78612116863,0,0
1800,2.88403150313,3.09029543251,2.98538261892,0,0
1800,3.09029543251,3.31131121483,3.19889510969,0,0
1800,3.31131121483,3.54813389234,3.42767786546,0,0
1800,3.54813389234,3.80189396321,3.67282300498,0,0
1800,3.80189396321,4.07380277804,3.93550075456,0,0
1800,4.07380277804,4.3651583224,4.21696503429,0,0
1800,4.3651583224,4.67735141287,4.51855944375,0,0
1800,4.67735141287,5.01187233627,4.84172367584,0,0
1800,5.01187233627,5.3703179637,5.18800038929,0,0
1800,5.3703179637,5.75439937337,5.5590425727,0,0
1800,5.75439937337,6.16595001861,5.95662143529,0,0
1800,6.16595001861,6.60693448008,6.38263486191,0,0
1800,6.60693448008,7.07945784384,6.83911647281,0,0
1800,7.07945784384,7.58577575029,7.32824533139,0,0
1800,7.58577575029,8.12830516164,7.8523563461,0,0
1800,8.12830516164,8.70963589956,8.41395141645,0,0
1800,8.70963589956,9.33254300797,9.01571137606,0,0
1800,9.33254300797,10,9.6605087899,0.881108833079,0.999499874937
2000,0.01,0.0107151930524,0.0103514216668,0,0
2000,0.0107151930524,0.011481536215,0.0110917481526,0,0
2000,0.011481536215,0.0123026877081,0.0118850222744,0,0
2000,0.0123026877081,0.0131825673856,0.0127350308102,0,0
2000,0.0131825673856,0.0141253754462,0.0136458313659,0,0
2000,0.0141253754462,0.0151356124844,0.0146217717446,0,0
2000,0.0151356124844,0.0162181009736,0.0156675107011,0,0
2000,0.0162181009736,0.0173780082875,0.0167880401812,0,0
2000,0.0173780082875,0.0186208713666,0.0179887091513,0,0
2000,0.0186208713666,0.0199526231497,0.0192752491319,0,0
2000,0.0199526231497,0.021379620895,0.0206538015581,0,0
2000,0.021379620895,0.0229086765277,0.0221309470961,0,0
2000,0.0229086765277,0.0245470891569,0.0237137370566,0,0
2000,0.0245470891569,0.026302679919,0.0254097270555,0,0
2000,0.026302679919,0.0281838293126,0.0272270130808,0,0
2000,0.0281838293126,0.030199517204,0.02917427014,0,0
2000,0.030199517204,0.032359365693,0.0312607936712,0,0
2000,0.032359365693,0.0346736850453,0.0334965439158,0,0
2000,0.0346736850453,0.0371535229097,0.0358921934645,0,0
2000,0.0371535229097,0.0398107170553,0.0384591782045,0,0
2000,0.0398107170553,0.0426579518802,0.0412097519097,0,0
2000,0.0426579518802,0.0457088189615,0.0441570447353,0,0
2000,0.0457088189615,0.0489778819368,0.0473151258961,0,0
2000,0.0489778819368,0.052480746025,0.0506990708275,0,0
2000,0.052480746025,0.056234132519,0.0543250331492,0,0
2000,0.056234132519,0.0602559586074,0.0582103217771,0,0
2000,0.0602559586074,0.0645654229035,0.0623734835482,0,0
2000,0.0645654229035,0.0691830970919,0.0668343917569,0,0
2000,0.0691830970919,0.0741310241301,0.0716143410213,0,0
2000,0.0741310241301,0.0794328234724,0.0767361489362,0,0
2000,0.0794328234724,0.0851138038202,0.0822242649947,0,0
2000,0.0851138038202,0.0912010839356,0.0881048873008,0,0
2000,0.0912010839356,0.0977237220956,0.0944060876286,0,0
2000,0.0977237220956,0.104712854805,0.101157945426,0,0
2000,0.104712854805,0.11220184543,0.108392691402,0,0
2000,0.11220184543,0.120226443462,0.116144861384,0,0
2000,0.120226443462,0.128824955169,0.124451461177,0,0
2000,0.128824955169,0.13803842646,0.133352143216,0,0
2000,0.13803842646,0.147910838817,0.142889395851,0,0
2000,0.147910838817,0.158489319246,0.153108746168,0,0
2000,0.158489319246,0.169824365246,0.16405897732,0,0
2000,0.169824365246,0.181970085861,0.175792361396,0,0
2000,0.181970085861,0.194984459976,0.188364908949,0,0
2000,0.194984459976,0.208929613085,0.201836636368,0,0
2000,0.208929613085,0.223872113857,0.216271852373,0,0
2000,0.223872113857,0.239883291902,0.231739464997,0,0
2000,0.239883291902,0.257039578277,0.24831331053,0,0
2000,0.257039578277,0.275422870334,0.26607250598,0,0
2000,0.275422870334,0.295120922667,0.28510182675,0,0
2000,0.295120922667,0.316227766017,0.305492111322,0,0
2000,0.316227766017,0.338844156139,0.327340694879,0,0
2000,0.338844156139,0.36307805477,0.350751873953,0,0
2000,0.36307805477,0.389045144994,0.375837404288,0,0
2000,0.389045144994,0.41686938347,0.402717034325,0,0
2000,0.41686938347,0.446683592151,0.431519076828,0,0
2000,0.446683592151,0.478630092323,0.462381021399,0,0
2000,0.478630092323,0.512861383991,0.495450190805,0,0
2000,0.512861383991,0.549540873858,0.530884444231,0,0
2000,0.549540873858,0.588843655356,0.568852930844,0,0
2000,0.588843655356,0.63095734448,0.60953689724,0,0
2000,0.63095734448,0.676082975392,0.653130552647,0,0
2000,0.676082975392,0.724435960075,0.699841996002,0,0
2000,0.724435960075,0.776247116629,0.749894209332,0,0
2000,0.776247116629,0.831763771103,0.803526122186,0,0
2000,0.831763771103,0.891250938134,0.860993752185,0,0
2000,0.891250938134,0.954992586021,0.922571427155,0,0
2000,0.954992586021,1.02329299228,0.988553094657,0,0
2000,1.02329299228,1.09647819614,1.05925372518,0,0
2000,1.09647819614,1.17489755494,1.13501081567,0,0
2000,1.17489755494,1.25892541179,1.21618600065,0,0
2000,1.25892541179,1.34896288259,1.30316677845,0,0
2000,1.34896288259,1.44543977075,1.39636836106,0,0
2000,1.44543977075,1.54881661891,1.49623565609,0,0
2000,1.54881661891,1.65958690744,1.60324539069,0,0
2000,1.65958690744,1.77827941004,1.71790838716,0,0
2000,1.77827941004,1.90546071796,1.84077200147,0,0
2000,1.90546071796,2.04173794467,1.97242273611,0,0
2000,2.04173794467,2.18776162395,2.11348903984,0,0
2000,2.18776162395,2.34422881532,2.26464430759,0,0
2000,2.34422881532,2.51188643151,2.42661009508,0,0
2000,2.51188643151,2.69153480393,2.60015956317,0,0
2000,2.69153480393,2.88403150313,2.78612116863,0,0
2000,2.88403150313,3.09029543251,2.98538261892,0,0
2000,3.09029543251,3.31131121483,3.19889510969,0,0
2000,3.31131121483,3.54813389234,3.42767786546,0,0
2000,3.54813389234,3.80189396321,3.67282300498,0,0
2000,3.80189396321,4.07380277804,3.93550075456,0,0
2000,4.07380277804,4.3651583224,4.21696503429,0,0
2000,4.3651583224,4.67735141287,4.51855944375,0,0
2000,4.67735141287,5.01187233627,4.84172367584,0,0
2000,5.01187233627,5.3703179637,5.18800038929,0,0
2000,5.3703179637,5.75439937337,5.5590425727,0,0
2000,5.75439937337,6.16595001861,5.95662143529,0,0
2000,6.16595001861,6.60693448008,6.38263486191,0,0
2000,6.60693448008,7.07945784384,6.83911647281,0,0
2000,7.07945784384,7.58577575029,7.32824533139,0,0
2000,7.58577575029,8.12830516164,7.8523563461,0,0
2000,8.12830516164,8.70963589956,8.41395141645,0,0
2000,8.70963589956,9.33254300797,9.01571137606,0,0
2000,9.33254300797,10,9.6605087899,0.296787441679,0.999499874937
2100,0.01,0.0107151930524,0.0103514216668,0,0
2100,0.0107151930524,0.011481536215,0.0110917481526,0,0
2100,0.011481536215,0.0123026877081,0.0118850222744,0,0
2100,0.0123026877081,0.0131825673856,0.0127350308102,0,0
2100,0.0131825673856,0.0141253754462,0.0136458313659,0,0
2100,0.0141253754462,0.0151356124844,0.0146217717446,0,0
2100,0.0151356124844,0.0162181009736,0.0156675107011,0,0
2100,0.0162181009736,0.0173780082875,0.0167880401812,0,0
2100,0.0173780082875,0.0186208713666,0.0179887091513,0,0
2100,0.0186208713666,0.0199526231497,0.0192752491319,0,0
2100,0.0199526231497,0.021379620895,0.0206538015581,0,0
2100,0.021379620895,0.0229086765277,0.0221309470961,0,0
2100,0.0229086765277,0.0245470891569,0.0237137370566,0,0
2100,0.0245470891569,0.026302679919,0.0254097270555,0,0
2100,0.026302679919,0.0281838293126,0.0272270130808,0,0
2100,0.0281838293126,0.030199517204,0.02917427014,0,0
2100,0.030199517204,0.032359365693,0.0312607936712,0,0
2100,0.032359365693,0.0346736850453,0.0334965439158,0,0
2100,0.0346736850453,0.0371535229097,0.0358921934645,0,0
2100,0.0371535229097,0.0398107170553,0.0384591782045,0,0
2100,0.0398107170553,0.0426579518802,0.0412097519097,0,0
2100,0.0426579518802,0.0457088189615,0.0441570447353,0,0
2100,0.0457088189615,0.0489778819368,0.0473151258961,0,0
2100,0.0489778819368,0.052480746025,0.0506990708275,0,0
2100,0.052480746025,0.056234132519,0.0543250331492,0,0
2100,0.056234132519,0.0602559586074,0.0582103217771,0,0
2100,0.0602559586074,0.0645654229035,0.0623734835482,0,0
2100,0.0645654229035,0.0691830970919,0.0668343917569,0,0
2100,0.0691830970919,0.0741310241301,0.0716143410213,0,0
2100,0.0741310241301,0.0794328234724,0.0767361489362,0,0
2100,0.0794328234724,0.0851138038202,0.0822242649947,0,0
2100,0.0851138038202,0.0912010839356,0.0881048873008,0,0
2100,0.0912010839356,0.0977237220956,0.0944060876286,0,0
2100,0.0977237220956,0.104712854805,0.101157945426,0,0
2100,0.104712854805,0.11220184543,0.108392691402,0,0
2100,0.11220184543,0.120226443462,0.116144861384,0,0
2100,0.120226443462,0.128824955169,0.124451461177,0,0
2100,0.128824955169,0.13803842646,0.133352143216,0,0
2100,0.13803842646,0.147910838817,0.142889395851,0,0
2100,0.147910838817,0.158489319246,0.153108746168,0,0
2100,0.158489319246,0.169824365246,0.16405897732,0,0
2100,0.169824365246,0.181970085861,0.175792361396,0,0
2100,0.181970085861,0.194984459976,0.188364908949,0,0
2100,0.194984459976,0.208929613085,0.201836636368,0,0
2100,0.208929613085,0.223872113857,0.216271852373,0,0
2100,0.223872113857,0.239883291902,0.231739464997,0,0
2100,0.239883291902,0.257039578277,0.24831331053,0,0
2100,0.257039578277,0.275422870334,0.26607250598,0,0
2100,0.275422870334,0.295120922667,0.28510182675,0,0
2100,0.295120922667,0.316227766017,0.305492111322,0,0
2100,0.316227766017,0.338844156139,0.327340694879,0,0
2100,0.338844156139,0.36307805477,0.350751873953,0,0
2100,0.36307805477,0.389045144994,0.375837404288,0,0
2100,0.389045144994,0.41686938347,0.402717034325,0,0
2100,0.41686938347,0.446683592151,0.431519076828,0,0
2100,0.446683592151,0.478630092323,0.462381021399,0,0
2100,0.478630092323,0.512861383991,0.495450190805,0,0
2100,0.512861383991,0.549540873858,0.530884444231,0,0
2100,0.549540873858,0.588843655356,0.568852930844,0,0
2100,0.588843655356,0.63095734448,0.60953689724,0,0
2100,0.63095734448,0.676082975392,0.653130552647,0,0
2100,0.676082975392,0.724435960075,0.699841996002,0,0
2100,0.724435960075,0.776247116629,0.749894209332,0,0
2100,0.776247116629,0.831763771103,0.803526122186,0,0
2100,0.831763771103,0.891250938134,0.860993752185,0,0
2100,0.891250938134,0.954992586021,0.922571427155,0,0
2100,0.954992586021,1.02329299228,0.988553094657,0,0
2100,1.02329299228,1.09647819614,1.05925372518,0,0
2100,1.09647819614,1.17489755494,1.13501081567,0,0
2100,1.17489755494,1.25892541179,1.21618600065,0,0
2100,1.25892541179,1.34896288259,1.30316677845,0,0
2100,1.34896288259,1.44543977075,1.39636836106,0,0
2100,1.44543977075,1.54881661891,1.49623565609,0,0
2100,1.54881661891,1.65958690744,1.60324539069,0,0
2100,1.65958690744,1.77827941004,1.71790838716,0,0
2100,1.77827941004,1.90546071796,1.84077200147,0,0
2100,1.90546071796,2.04173794467,1.97242273611,0,0
2100,2.04173794467,2.18776162395,2.11348903984,0,0
2100,2.18776162395,2.34422881532,2.26464430759,0,0
2100,2.34422881532,2.51188643151,2.42661009508,0,0
2100,2.51188643151,2.69153480393,2.60015956317,0,0
2100,2.69153480393,2.88403150313,2.78612116863,0,0
2100,2.88403150313,3.09029543251,2.98538261892,0,0
2100,3.09029543251,3.31131121483,3.19889510969,0,0
2100,3.31131121483,3.54813389234,3.42767786546,0,0
2100,3.54813389234,3.80189396321,3.67282300498,0,0
2100,3.80189396321,4.07380277804,3.93550075456,0,0
2100,4.07380277804,4.3651583224,4.21696503429,0,0
2100,4.3651583224,4.67735141287,4.51855944375,0,0
2100,4.67735141287,5.01187233627,4.84172367584,0,0
2100,5.01187233627,5.3703179637,5.18800038929,0,0
2100,5.3703179637,5.75439937337,5.5590425727,0,0
2100,5.75439937337,6.16595001861,5.95662143529,0,0
2100,6.16595001861,6.60693448008,6.38263486191,0,0
2100,6.60693448008,7.07945784384,6.83911647281,0,0
2100,7.07945784384,7.58577575029,7.32824533139,0,0
2100,7.58577575029,8.12830516164,7.8523563461,0,0
2100,8.12830516164,8.70963589956,8.41395141645,0,0
2100,8.70963589956,9.33254300797,9.01571137606,0,0
2100,9.33254300797,10,9.6605087899,0,0
2300,0.01,0.0107151930524,0.0103514216668,0,0
2300,0.0107151930524,0.011481536215,0.0110917481526,0,0
2300,0.011481536215,0.0123026877081,0.0118850222744,0,0
2300,0.0123026877081,0.0131825673856,0.0127350308102,0,0
2300,0.0131825673856,0.0141253754462,0.0136458313659,0,0
2300,0.0141253754462,0.0151356124844,0.0146217717446,0,0
2300,0.0151356124844,0.0162181009736,0.0156675107011,0,0
2300,0.0162181009736,0.0173780082875,0.0167880401812,0,0
2300,0.0173780082875,0.0186208713666,0.0179887091513,0,0
2300,0.0186208713666,0.0199526231497,0.0192752491319,0,0
2300,0.0199526231497,0.021379620895,0.0206538015581,0,0
2300,0.021379620895,0.0229086765277,0.0221309470961,0,0
2300,0.0229086765277,0.0245470891569,0.0237137370566,0,0
2300,0.0245470891569,0.026302679919,0.0254097270555,0,0
2300,0.026302679919,0.0281838293126,0.0272270130808,0,0
2300,0.0281838293126,0.030199517204,0.02917427014,0,0
2300,0.030199517204,0.032359365693,0.0312607936712,0,0
2300,0.032359365693,0.0346736850453,0.0334965439158,0,0
2300,0.0346736850453,0.0371535229097,0.0358921934645,0,0
2300,0.0371535229097,0.0398107170553,0.0384591782045,0,0
2300,0.0398107170553,0.0426579518802,0.0412097519097,0,0
2300,0.0426579518802,0.0457088189615,0.0441570447353,0,0
2300,0.0457088189615,0.0489778819368,0.0473151258961,0,0
2300,0.0489778819368,0.052480746025,0.0506990708275,0,0
2300,0.052480746025,0.056234132519,0.0543250331492,0,0
2300,0.056234132519,0.0602559586074,0.0582103217771,0,0
2300,0.0602559586074,0.0645654229035,0.0623734835482,0,0
2300,0.0645654229035,0.0691830970919,0.0668343917569,0,0
2300,0.0691830970919,0.0741310241301,0.0716143410213,0,0
2300,0.0741310241301,0.0794328234724,0.0767361489362,0,0
2300,0.0794328234724,0.0851138038202,0.0822242649947,0,0
2300,0.0851138038202,0.0912010839356,0.0881048873008,0,0
2300,0.0912010839356,0.0977237220956,0.0944060876286,0,0
2300,0.0977237220956,0.104712854805,0.101157945426,0,0
2300,0.104712854805,0.11220184543,0.108392691402,0,0
2300,0.11220184543,0.120226443462,0.116144861384,0,0
2300,0.120226443462,0.128824955169,0.124451461177,0,0
2300,0.128824955169,0.13803842646,0.133352143216,0,0
2300,0.13803842646,0.147910838817,0.142889395851,0,0
2300,0.147910838817,0.158489319246,0.153108746168,0,0
2300,0.158489319246,0.169824365246,0.16405897732,0,0
2300,0.169824365246,0.181970085861,0.175792361396,0,0
2300,0.181970085861,0.194984459976,0.188364908949,0,0
2300,0.194984459976,0.208929613085,0.201836636368,0,0
2300,0.208929613085,0.223872113857,0.216271852373,0,0
2300,0.223872113857,0.239883291902,0.231739464997,0,0
2300,0.239883291902,0.257039578277,0.24831331053,0,0
2300,0.257039578277,0.275422870334,0.26607250598,0,0
2300,0.275422870334,0.295120922667,0.28510182675,0,0
2300,0.295120922667,0.316227766017,0.305492111322,0,0
2300,0.316227766017,0.338844156139,0.327340694879,0,0
2300,0.338844156139,0.36307805477,0.350751873953,0,0
2300,0.36307805477,0.389045144994,0.375837404288,0,0
2300,0.389045144994,0.41686938347,0.402717034325,0,0
2300,0.41686938347,0.446683592151,0.431519076828,0,0
2300,0.446683592151,0.478630092323,0.462381021399,0,0
2300,0.478630092323,0.512861383991,0.495450190805,0,0
2300,0.512861383991,0.549540873858,0.530884444231,0,0
2300,0.549540873858,0.588843655356,0.568852930844,0,0
2300,0.588843655356,0.63095734448,0.60953689724,0,0
2300,0.63095734448,0.676082975392,0.653130552647,0,0
2300,0.676082975392,0.724435960075,0.699841996002,0,0
2300,0.724435960075,0.776247116629,0.749894209332,0,0
2300,0.776247116629,0.831763771103,0.803526122186,0,0
2300,0.831763771103,0.891250938134,0.860993752185,0,0
2300,0.891250938134,0.954992586021,0.922571427155,0,0
2300,0.954992586021,1.02329299228,0.988553094657,0,0
2300,1.02329299228,1.09647819614,1.05925372518,0,0
2300,1.09647819614,1.17489755494,1.13501081567,0,0
2300,1.17489755494,1.25892541179,1.21618600065,0,0
2300,1.25892541179,1.34896288259,1.30316677845,0,0
2300,1.34896288259,1.44543977075,1.39636836106,0,0
2300,1.44543977075,1.54881661891,1.49623565609,0,0
2300,1.54881661891,1.65958690744,1.60324539069,0,0
2300,1.65958690744,1.77827941004,1.71790838716,0,0
2300,1.77827941004,1.90546071796,1.84077200147,0,0
2300,1.90546071796,2.04173794467,1.97242273611,0,0
2300,2.04173794467,2.18776162395,2.11348903984,0,0
2300,2.18776162395,2.34422881532,2.26464430759,0,0
2300,2.34422881532,2.51188643151,2.42661009508,0,0
2300,2.51188643151,2.69153480393,2.60015956317,0,0
2300,2.69153480393,2.88403150313,2.78612116863,0,0
2300,2.88403150313,3.09029543251,2.98538261892,0,0
2300,3.09029543251,3.31131121483,3.19889510969,0,0
2300,3.31131121483,3.54813389234,3.42767786546,0,0
2300,3.54813389234,3.80189396321,3.67282300498,0,0
2300,3.80189396321,4.07380277804,3.93550075456,0,0
2300,4.07380277804,4.3651583224,4.21696503429,0,0
2300,4.3651583224,4.67735141287,4.51855944375,0,0
2300,4.67735141287,5.01187233627,4.84172367584,0,0
2300,5.01187233627,5.3703179637,5.18800038929,0,0
2300,5.3703179637,5.75439937337,5.5590425727,0,0
2300,5.75439937337,6.16595001861,5.95662143529,0,0
2300,6.16595001861,6.60693448008,6.38263486191,0,0
2300,6.60693448008,7.07945784384,6.83911647281,0,0
2300,7.07945784384,7.58577575029,7.32824533139,0,0
2300,7.58577575029,8.12830516164,7.8523563461,0,0
2300,8.12830516164,8.70963589956,8.41395141645,0,0
2300,8.70963589956,9.33254300797,9.01571137606,0,0
2300,9.33254300797,10,9.6605087899,0,0
2500,0.01,0.0107151930524,0.0103514216668,0,0
2500,0.0107151930524,0.011481536215,0.0110917481526,0,0
2500,0.011481536215,0.0123026877081,0.0118850222744,0,0
2500,0.0123026877081,0.0131825673856,0.0127350308102,0,0
2500,0.0131825673856,0.0141253754462,0.0136458313659,0,0
2500,0.0141253754462,0.0151356124844,0.0146217717446,0,0
2500,0.0151356124844,0.0162181009736,0.0156675107011,0,0
2500,0.0162181009736,0.0173780082875,0.0167880401812,0,0
2500,0.0173780082875,0.0186208713666,0.0179887091513,0,0
2500,0.0186208713666,0.0199526231497,0.0192752491319,0,0
2500,0.0199526231497,0.021379620895,0.0206538015581,0,0
2500,0.021379620895,0.0229086765277,0.0221309470961,0,0
2500,0.0229086765277,0.0245470891569,0.0237137370566,0,0
2500,0.0245470891569,0.026302679919,0.0254097270555,0,0
2500,0.026302679919,0.0281838293126,0.0272270130808,0,0
2500,0.0281838293126,0.030199517204,0.02917427014,0,0
2500,0.030199517204,0.032359365693,0.0312607936712,0,0
2500,0.032359365693,0.0346736850453,0.0334965439158,0.299984192958,0.999499874937
2500,0.0346736850453,0.0371535229097,0.0358921934645,0,0
2500,0.0371535229097,0.0398107170553,0.0384591782045,0,0
2500,0.0398107170553,0.0426579518802,0.0412097519097,0,0
2500,0.0426579518802,0.0457088189615,0.0441570447353,0,0
2500,0.0457088189615,0.0489778819368,0.0473151258961,0,0
2500,0.0489778819368,0.052480746025,0.0506990708275,0.241836236017,0.999499874937
2500,0.052480746025,0.056234132519,0.0543250331492,0,0
2500,0.056234132519,0.0602559586074,0.0582103217771,0,0
2500,0.0602559586074,0.0645654229035,0.0623734835482,0,0
2500,0.0645654229035,0.0691830970919,0.0668343917569,0,0
2500,0.0691830970919,0.0741310241301,0.0716143410213,0,0
2500,0.0741310241301,0.0794328234724,0.0767361489362,0,0
2500,0.0794328234724,0.0851138038202,0.0822242649947,0,0
2500,0.0851138038202,0.0912010839356,0.0881048873008,0,0
2500,0.0912010839356,0.0977237220956,0.0944060876286,0,0
2500,0.0977237220956,0.104712854805,0.101157945426,0,0
2500,0.104712854805,0.11220184543,0.108392691402,0.0964414357347,0.999499874937
2500,0.11220184543,0.120226443462,0.116144861384,0.309785108536,0.999499874937
2500,0.120226443462,0.128824955169,0.124451461177,0,0
2500,0.128824955169,0.13803842646,0.133352143216,0,0
2500,0.13803842646,0.147910838817,0.142889395851,0.194967924932,0.999499874937
2500,0.147910838817,0.158489319246,0.153108746168,0,0
2500,0.158489319246,0.169824365246,0.16405897732,0,0
2500,0.169824365246,0.181970085861,0.175792361396,0.438241419538,0.999499874937
2500,0.181970085861,0.194984459976,0.188364908949,0,0
2500,0.194984459976,0.208929613085,0.201836636368,0,0
2500,0.208929613085,0.223872113857,0.216271852373,0,0
2500,0.223872113857,0.239883291902,0.231739464997,0,0
2500,0.239883291902,0.257039578277,0.24831331053,0,0
2500,0.257039578277,0.275422870334,0.26607250598,0.425797502145,0.999499874937
2500,0.275422870334,0.295120922667,0.28510182675,0,0
2500,0.295120922667,0.316227766017,0.305492111322,0.213367447553,0.999499874937
2500,0.316227766017,0.338844156139,0.327340694879,0,0
2500,0.338844156139,0.36307805477,0.350751873953,0.711539792722,0.70968145265
2500,0.36307805477,0.389045144994,0.375837404288,0.529787721668,0.999499874937
2500,0.389045144994,0.41686938347,0.402717034325,0.431830380993,0.999499874937
2500,0.41686938347,0.446683592151,0.431519076828,0,0
2500,0.446683592151,0.478630092323,0.462381021399,0.504728532552,0.999499874937
2500,0.478630092323,0.512861383991,0.495450190805,1.46706102768,0.591472769487
2500,0.512861383991,0.549540873858,0.530884444231,0,0
2500,0.549540873858,0.588843655356,0.568852930844,0,0
2500,0.588843655356,0.63095734448,0.60953689724,0,0
2500,0.63095734448,0.676082975392,0.653130552647,0.566547978513,0.999499874937
2500,0.676082975392,0.724435960075,0.699841996002,0.278740695753,0.999499874937
2500,0.724435960075,0.776247116629,0.749894209332,0,0
2500,0.776247116629,0.831763771103,0.803526122186,0,0
2500,0.831763771103,0.891250938134,0.860993752185,0.0468338838235,0.999499874937
2500,0.891250938134,0.954992586021,0.922571427155,0,0
2500,0.954992586021,1.02329299228,0.988553094657,0,0
2500,1.02329299228,1.09647819614,1.05925372518,0,0
2500,1.09647819614,1.17489755494,1.13501081567,0,0
2500,1.17489755494,1.25892541179,1.21618600065,0,0
2500,1.25892541179,1.34896288259,1.30316677845,0,0
2500,1.34896288259,1.44543977075,1.39636836106,0.525671642815,0.999499874937
2500,1.44543977075,1.54881661891,1.49623565609,0,0
2500,1.54881661891,1.65958690744,1.60324539069,0,0
2500,1.65958690744,1.77827941004,1.71790838716,0,0
2500,1.77827941004,1.90546071796,1.84077200147,0,0
2500,1.90546071796,2.04173794467,1.97242273611,0,0
2500,2.04173794467,2.18776162395,2.11348903984,0,0
2500,2.18776162395,2.34422881532,2.26464430759,0,0
2500,2.34422881532,2.51188643151,2.42661009508,0,0
2500,2.51188643151,2.69153480393,2.60015956317,0,0
2500,2.69153480393,2.88403150313,2.78612116863,0,0
2500,2.88403150313,3.09029543251,2.98538261892,0,0
2500,3.09029543251,3.31131121483,3.19889510969,0.376832842921,0.999499874937
2500,3.31131121483,3.54813389234,3.42767786546,0,0
2500,3.54813389234,3.80189396321,3.67282300498,0,0
2500,3.80189396321,4.07380277804,3.93550075456,0,0
2500,4.07380277804,4.3651583224,4.21696503429,0,0
2500,4.3651583224,4.67735141287,4.51855944375,0,0
2500,4.67735141287,5.01187233627,4.84172367584,0,0
2500,5.01187233627,5.3703179637,5.18800038929,0,0
2500,5.3703179637,5.75439937337,5.5590425727,0,0
2500,5.75439937337,6.16595001861,5.95662143529,0,0
2500,6.16595001861,6.60693448008,6.38263486191,0,0
2500,6.60693448008,7.07945784384,6.83911647281,0,0
2500,7.07945784384,7.58577575029,7.32824533139,0,0
2500,7.58577575029,8.12830516164,7.8523563461,0,0
2500,8.12830516164,8.70963589956,8.41395141645,0.188966369789,0.999499874937
2500,8.70963589956,9.33254300797,9.01571137606,0,0
2500,9.33254300797,10,9.6605087899,17.9047062601,0.165968874023
2700,0.01,0.0107151930524,0.0103514216668,0,0
2700,0.0107151930524,0.011481536215,0.0110917481526,0,0
2700,0.011481536215,0.0123026877081,0.0118850222744,0,0
2700,0.0123026877081,0.0131825673856,0.0127350308102,0,0
2700,0.0131825673856,0.0141253754462,0.0136458313659,0,0
2700,0.0141253754462,0.0151356124844,0.0146217717446,0,0
2700,0.0151356124844,0.0162181009736,0.0156675107011,0,0
2700,0.0162181009736,0.0173780082875,0.0167880401812,0,0
2700,0.0173780082875,0.0186208713666,0.0179887091513,0,0
2700,0.0186208713666,0.0199526231497,0.0192752491319,0,0
2700,0.0199526231497,0.021379620895,0.0206538015581,0,0
2700,0.021379620895,0.0229086765277,0.0221309470961,0,0
2700,0.0229086765277,0.0245470891569,0.0237137370566,0,0
2700,0.0245470891569,0.026302679919,0.0254097270555,0,0
2700,0.026302679919,0.0281838293126,0.0272270130808,0,0
2700,0.0281838293126,0.030199517204,0.02917427014,0,0
2700,0.030199517204,0.032359365693,0.0312607936712,0,0
2700,0.032359365693,0.0346736850453,0.0334965439158,0,0
2700,0.0346736850453,0.0371535229097,0.0358921934645,0,0
2700,0.0371535229097,0.0398107170553,0.0384591782045,0,0
2700,0.0398107170553,0.0426579518802,0.0412097519097,0.066508371824,0.999499874937
2700,0.0426579518802,0.0457088189615,0.0441570447353,0,0
2700,0.0457088189615,0.0489778819368,0.0473151258961,0,0
2700,0.0489778819368,0.052480746025,0.0506990708275,0,0
2700,0.052480746025,0.056234132519,0.0543250331492,0,0
2700,0.056234132519,0.0602559586074,0.0582103217771,0.00215078081303,0.999499874937
2700,0.0602559586074,0.0645654229035,0.0623734835482,0.0203146013966,0.999499874937
2700,0.0645654229035,0.0691830970919,0.0668343917569,0.0819355346245,0.999499874937
2700,0.0691830970919,0.0741310241301,0.0716143410213,0.0102629310685,0.999499874937
2700,0.0741310241301,0.0794328234724,0.0767361489362,0,0
2700,0.0794328234724,0.0851138038202,0.0822242649947,0,0
2700,0.0851138038202,0.0912010839356,0.0881048873008,0.0192963124282,0.999499874937
2700,0.0912010839356,0.0977237220956,0.0944060876286,0.0261064039073,0.871093711523
2700,0.0977237220956,0.104712854805,0.101157945426,0.0247486935028,0.755103828462
2700,0.104712854805,0.11220184543,0.108392691402,0.0902219306631,0.899685233118
2700,0.11220184543,0.120226443462,0.116144861384,0.0259553180177,0.999499874937
2700,0.120226443462,0.128824955169,0.124451461177,0.00405437676754,0.999499874937
2700,0.128824955169,0.13803842646,0.133352143216,0.02165085426,0.999499874937
2700,0.13803842646,0.147910838817,0.142889395851,0,0
2700,0.147910838817,0.158489319246,0.153108746168,0.0075504657189,0.999499874937
2700,0.158489319246,0.169824365246,0.16405897732,0,0
2700,0.169824365246,0.181970085861,0.175792361396,0,0
2700,0.181970085861,0.194984459976,0.188364908949,0,0
2700,0.194984459976,0.208929613085,0.201836636368,0,0
2700,0.208929613085,0.223872113857,0.216271852373,0.0166910681344,0.999499874937
2700,0.223872113857,0.239883291902,0.231739464997,0.0608298108447,0.811801416156
2700,0.239883291902,0.257039578277,0.24831331053,0.00634392305788,0.999499874937
2700,0.257039578277,0.275422870334,0.26607250598,0,0
2700,0.275422870334,0.295120922667,0.28510182675,0,0
2700,0.295120922667,0.316227766017,0.305492111322,0.038746119971,0.768706393827
2700,0.316227766017,0.338844156139,0.327340694879,0.00416066030115,0.999499874937
2700,0.338844156139,0.36307805477,0.350751873953,0.0631851537225,0.999499874937
2700,0.36307805477,0.389045144994,0.375837404288,0.0243282661064,0.999499874937
2700,0.389045144994,0.41686938347,0.402717034325,0.00956524648925,0.999499874937
2700,0.41686938347,0.446683592151,0.431519076828,0.214200310649,0.65466448961
2700,0.446683592151,0.478630092323,0.462381021399,0.0210349197048,0.999499874937
2700,0.478630092323,0.512861383991,0.495450190805,0.236646632155,0.499709019325
2700,0.512861383991,0.549540873858,0.530884444231,0,0
2700,0.549540873858,0.588843655356,0.568852930844,0,0
2700,0.588843655356,0.63095734448,0.60953689724,0,0
2700,0.63095734448,0.676082975392,0.653130552647,0.057287290975,0.648825715122
2700,0.676082975392,0.724435960075,0.699841996002,0.0165885318327,0.999499874937
2700,0.724435960075,0.776247116629,0.749894209332,0.075636793773,0.755231615524
2700,0.776247116629,0.831763771103,0.803526122186,0,0
2700,0.831763771103,0.891250938134,0.860993752185,0,0
2700,0.891250938134,0.954992586021,0.922571427155,0,0
2700,0.954992586021,1.02329299228,0.988553094657,0.0375601814872,0.999499874937
2700,1.02329299228,1.09647819614,1.05925372518,0.0109047402649,0.999499874937
2700,1.09647819614,1.17489755494,1.13501081567,0,0
2700,1.17489755494,1.25892541179,1.21618600065,0.0629878482652,0.827026965848
2700,1.25892541179,1.34896288259,1.30316677845,0,0
2700,1.34896288259,1.44543977075,1.39636836106,0,0
2700,1.44543977075,1.54881661891,1.49623565609,0,0
2700,1.54881661891,1.65958690744,1.60324539069,0,0
2700,1.65958690744,1.77827941004,1.71790838716,0.0583932800483,0.999499874937
2700,1.77827941004,1.90546071796,1.84077200147,0,0
2700,1.90546071796,2.04173794467,1.97242273611,0,0
2700,2.04173794467,2.18776162395,2.11348903984,0.0840390982428,0.999499874937
2700,2.18776162395,2.34422881532,2.26464430759,0.0598596913615,0.722238551392
2700,2.34422881532,2.51188643151,2.42661009508,0.0143372762177,0.999499874937
2700,2.51188643151,2.69153480393,2.60015956317,0,0
2700,2.69153480393,2.88403150313,2.78612116863,0,0
2700,2.88403150313,3.09029543251,2.98538261892,0,0
2700,3.09029543251,3.31131121483,3.19889510969,0,0
2700,3.31131121483,3.54813389234,3.42767786546,0,0
2700,3.54813389234,3.80189396321,3.67282300498,0,0
2700,3.80189396321,4.07380277804,3.93550075456,0,0
2700,4.07380277804,4.3651583224,4.21696503429,0,0
2700,4.3651583224,4.67735141287,4.51855944375,0,0
2700,4.67735141287,5.01187233627,4.84172367584,0.0281307784302,0.999499874937
2700,5.01187233627,5.3703179637,5.18800038929,0,0
2700,5.3703179637,5.75439937337,5.5590425727,0.0481417689536,0.999499874937
2700,5.75439937337,6.16595001861,5.95662143529,0,0
2700,6.16595001861,6.60693448008,6.38263486191,0.0189610252951,0.999499874937
2700,6.60693448008,7.07945784384,6.83911647281,0,0
2700,7.07945784384,7.58577575029,7.32824533139,5.20406214454e-06,0.999499874937
2700,7.58577575029,8.12830516164,7.8523563461,0.0353183501329,0.999499874937
2700,8.12830516164,8.70963589956,8.41395141645,0,0
2700,8.70963589956,9.33254300797,9.01571137606,0.0447197921263,0.999499874937
2700,9.33254300797,10,9.6605087899,2.09997973542,0.165314996847
2900,0.01,0.0107151930524,0.0103514216668,0,0
2900,0.0107151930524,0.011481536215,0.0110917481526,0,0
2900,0.011481536215,0.0123026877081,0.0118850222744,0,0
2900,0.0123026877081,0.0131825673856,0.0127350308102,0,0
2900,0.0131825673856,0.0141253754462,0.0136458313659,0,0
2900,0.0141253754462,0.0151356124844,0.0146217717446,0,0
2900,0.0151356124844,0.0162181009736,0.0156675107011,0,0
2900,0.0162181009736,0.0173780082875,0.0167880401812,0,0
2900,0.0173780082875,0.0186208713666,0.0179887091513,0,0
2900,0.0186208713666,0.0199526231497,0.0192752491319,0,0
2900,0.0199526231497,0.021379620895,0.0206538015581,0,0
2900,0.021379620895,0.0229086765277,0.0221309470961,0,0
2900,0.0229086765277,0.0245470891569,0.0237137370566,0,0
2900,0.0245470891569,0.026302679919,0.0254097270555,0,0
2900,0.026302679919,0.0281838293126,0.0272270130808,0,0
2900,0.0281838293126,0.030199517204,0.02917427014,0,0
2900,0.030199517204,0.032359365693,0.0312607936712,0,0
2900,0.032359365693,0.0346736850453,0.0334965439158,0,0
2900,0.0346736850453,0.0371535229097,0.0358921934645,0,0
2900,0.0371535229097,0.0398107170553,0.0384591782045,0,0
2900,0.0398107170553,0.0426579518802,0.0412097519097,0,0
2900,0.0426579518802,0.0457088189615,0.0441570447353,0.0142562538903,0.999499874937
2900,0.0457088189615,0.0489778819368,0.0473151258961,0.0471124442276,0.999499874937
2900,0.0489778819368,0.052480746025,0.0506990708275,0,0
2900,0.052480746025,0.056234132519,0.0543250331492,0,0
2900,0.056234132519,0.0602559586074,0.0582103217771,0,0
2900,0.0602559586074,0.0645654229035,0.0623734835482,0,0
2900,0.0645654229035,0.0691830970919,0.0668343917569,0,0
2900,0.0691830970919,0.0741310241301,0.0716143410213,0,0
2900,0.0741310241301,0.0794328234724,0.0767361489362,0,0
2900,0.0794328234724,0.0851138038202,0.0822242649947,0,0
2900,0.0851138038202,0.0912010839356,0.0881048873008,0,0
2900,0.0912010839356,0.0977237220956,0.0944060876286,0,0
2900,0.0977237220956,0.104712854805,0.101157945426,0,0
2900,0.104712854805,0.11220184543,0.108392691402,0,0
2900,0.11220184543,0.120226443462,0.116144861384,0,0
2900,0.120226443462,0.128824955169,0.124451461177,0,0
2900,0.128824955169,0.13803842646,0.133352143216,0,0
2900,0.13803842646,0.147910838817,0.142889395851,0,0
2900,0.147910838817,0.158489319246,0.153108746168,0,0
2900,0.158489319246,0.169824365246,0.16405897732,0,0
2900,0.169824365246,0.181970085861,0.175792361396,0,0
2900,0.181970085861,0.194984459976,0.188364908949,0,0
2900,0.194984459976,0.208929613085,0.201836636368,0,0
2900,0.208929613085,0.223872113857,0.216271852373,0,0
2900,0.223872113857,0.239883291902,0.231739464997,0,0
2900,0.239883291902,0.257039578277,0.24831331053,0,0
2900,0.257039578277,0.275422870334,0.26607250598,0,0
2900,0.275422870334,0.295120922667,0.28510182675,0,0
2900,0.295120922667,0.316227766017,0.305492111322,0,0
2900,0.316227766017,0.338844156139,0.327340694879,0,0
2900,0.338844156139,0.36307805477,0.350751873953,0,0
2900,0.36307805477,0.389045144994,0.375837404288,0,0
2900,0.389045144994,0.41686938347,0.402717034325,0,0
2900,0.41686938347,0.446683592151,0.431519076828,0,0
2900,0.446683592151,0.478630092323,0.462381021399,0.215375843837,0.999499874937
2900,0.478630092323,0.512861383991,0.495450190805,0,0
2900,0.512861383991,0.549540873858,0.530884444231,0,0
2900,0.549540873858,0.588843655356,0.568852930844,0,0
2900,0.588843655356,0.63095734448,0.60953689724,0,0
2900,0.63095734448,0.676082975392,0.653130552647,0,0
2900,0.676082975392,0.724435960075,0.699841996002,0,0
2900,0.724435960075,0.776247116629,0.749894209332,0,0
2900,0.776247116629,0.831763771103,0.803526122186,0,0
2900,0.831763771103,0.891250938134,0.860993752185,0,0
2900,0.891250938134,0.954992586021,0.922571427155,0,0
2900,0.954992586021,1.02329299228,0.988553094657,0,0
2900,1.02329299228,1.09647819614,1.05925372518,0,0
2900,1.09647819614,1.17489755494,1.13501081567,0,0
2900,1.17489755494,1.25892541179,1.21618600065,0,0
2900,1.25892541179,1.34896288259,1.30316677845,0,0
2900,1.34896288259,1.44543977075,1.39636836106,0,0
2900,1.44543977075,1.54881661891,1.49623565609,0,0
2900,1.54881661891,1.65958690744,1.60324539069,0,0
2900,1.65958690744,1.77827941004,1.71790838716,0,0
2900,1.77827941004,1.90546071796,1.84077200147,0,0
2900,1.90546071796,2.04173794467,1.97242273611,0,0
2900,2.04173794467,2.18776162395,2.11348903984,0,0
2900,2.18776162395,2.34422881532,2.26464430759,0,0
2900,2.34422881532,2.51188643151,2.42661009508,0,0
2900,2.51188643151,2.69153480393,2.60015956317,0,0
2900,2.69153480393,2.88403150313,2.78612116863,0,0
2900,2.88403150313,3.09029543251,2.98538261892,0,0
2900,3.09029543251,3.31131121483,3.19889510969,0,0
2900,3.31131121483,3.54813389234,3.42767786546,0,0
2900,3.54813389234,3.80189396321,3.67282300498,0,0
2900,3.80189396321,4.07380277804,3.93550075456,0,0
2900,4.07380277804,4.3651583224,4.21696503429,0,0
2900,4.3651583224,4.67735141287,4.51855944375,0,0
2900,4.67735141287,5.01187233627,4.84172367584,0,0
2900,5.01187233627,5.3703179637,5.18800038929,0,0
2900,5.3703179637,5.75439937337,5.5590425727,0,0
2900,5.75439937337,6.16595001861,5.95662143529,0,0
2900,6.16595001861,6.60693448008,6.38263486191,0,0
2900,6.60693448008,7.07945784384,6.83911647281,0,0
2900,7.07945784384,7.58577575029,7.32824533139,0,0
2900,7.58577575029,8.12830516164,7.8523563461,0,0
2900,8.12830516164,8.70963589956,8.41395141645,0,0
2900,8.70963589956,9.33254300797,9.01571137606,0,0
2900,9.33254300797,10,9.6605087899,0,0
3000,0.01,0.0107151930524,0.0103514216668,0,0
3000,0.0107151930524,0.011481536215,0.0110917481526,0,0
3000,0.011481536215,0.0123026877081,0.0118850222744,0,0
3000,0.0123026877081,0.0131825673856,0.0127350308102,0,0
3000,0.0131825673856,0.0141253754462,0.0136458313659,0,0
3000,0.0141253754462,0.0151356124844,0.0146217717446,0,0
3000,0.0151356124844,0.0162181009736,0.0156675107011,0,0
3000,0.0162181009736,0.0173780082875,0.0167880401812,0,0
3000,0.0173780082875,0.0186208713666,0.0179887091513,0,0
3000,0.0186208713666,0.0199526231497,0.0192752491319,0,0
3000,0.0199526231497,0.021379620895,0.0206538015581,0,0
3000,0.021379620895,0.0229086765277,0.0221309470961,0,0
3000,0.0229086765277,0.0245470891569,0.0237137370566,0,0
3000,0.0245470891569,0.026302679919,0.0254097270555,0,0
3000,0.026302679919,0.0281838293126,0.0272270130808,0,0
3000,0.0281838293126,0.030199517204,0.02917427014,0,0
3000,0.030199517204,0.032359365693,0.0312607936712,0,0
3000,0.032359365693,0.0346736850453,0.0334965439158,0,0
3000,0.0346736850453,0.0371535229097,0.0358921934645,0,0
3000,0.0371535229097,0.0398107170553,0.0384591782045,0,0
3000,0.0398107170553,0.0426579518802,0.0412097519097,0,0
3000,0.0426579518802,0.0457088189615,0.0441570447353,0,0
3000,0.0457088189615,0.0489778819368,0.0473151258961,0,0
3000,0.0489778819368,0.052480746025,0.0506990708275,0,0
3000,0.052480746025,0.056234132519,0.0543250331492,0,0
3000,0.056234132519,0.0602559586074,0.0582103217771,0,0
3000,0.0602559586074,0.0645654229035,0.0623734835482,0,0
3000,0.0645654229035,0.0691830970919,0.0668343917569,0,0
3000,0.0691830970919,0.0741310241301,0.0716143410213,0,0
3000,0.0741310241301,0.0794328234724,0.0767361489362,0,0
3000,0.0794328234724,0.0851138038202,0.0822242649947,0,0
3000,0.0851138038202,0.0912010839356,0.0881048873008,0,0
3000,0.0912010839356,0.0977237220956,0.0944060876286,0,0
3000,0.0977237220956,0.104712854805,0.101157945426,0,0
3000,0.104712854805,0.11220184543,0.108392691402,0,0
3000,0.11220184543,0.120226443462,0.116144861384,0,0
3000,0.120226443462,0.128824955169,0.124451461177,0,0
3000,0.128824955169,0.13803842646,0.133352143216,0,0
3000,0.13803842646,0.147910838817,0.142889395851,0,0
3000,0.147910838817,0.158489319246,0.153108746168,0,0
3000,0.158489319246,0.169824365246,0.16405897732,0,0
3000,0.169824365246,0.181970085861,0.175792361396,0,0
3000,0.181970085861,0.194984459976,0.188364908949,0,0
3000,0.194984459976,0.208929613085,0.201836636368,0,0
3000,0.208929613085,0.223872113857,0.216271852373,0,0
3000,0.223872113857,0.239883291902,0.231739464997,0,0
3000,0.239883291902,0.257039578277,0.24831331053,0,0
3000,0.257039578277,0.275422870334,0.26607250598,0,0
3000,0.275422870334,0.295120922667,0.28510182675,0,0
3000,0.295120922667,0.316227766017,0.305492111322,0,0
3000,0.316227766017,0.338844156139,0.327340694879,0,0
3000,0.338844156139,0.36307805477,0.350751873953,0,0
3000,0.36307805477,0.389045144994,0.375837404288,0,0
3000,0.389045144994,0.41686938347,0.402717034325,0,0
3000,0.41686938347,0.446683592151,0.431519076828,0,0
3000,0.446683592151,0.478630092323,0.462381021399,0,0
3000,0.478630092323,0.512861383991,0.495450190805,0,0
3000,0.512861383991,0.549540873858,0.530884444231,0,0
3000,0.549540873858,0.588843655356,0.568852930844,0,0
3000,0.588843655356,0.63095734448,0.60953689724,0,0
3000,0.63095734448,0.676082975392,0.653130552647,0,0
3000,0.676082975392,0.724435960075,0.699841996002,0,0
3000,0.724435960075,0.776247116629,0.749894209332,0,0
3000,0.776247116629,0.831763771103,0.803526122186,0,0
3000,0.831763771103,0.891250938134,0.860993752185,0,0
3000,0.891250938134,0.954992586021,0.922571427155,0,0
3000,0.954992586021,1.02329299228,0.988553094657,0,0
3000,1.02329299228,1.09647819614,1.05925372518,0,0
3000,1.09647819614,1.17489755494,1.13501081567,0,0
3000,1.17489755494,1.25892541179,1.21618600065,0,0
3000,1.25892541179,1.34896288259,1.30316677845,0,0
3000,1.34896288259,1.44543977075,1.39636836106,0,0
3000,1.44543977075,1.54881661891,1.49623565609,0,0
3000,1.54881661891,1.65958690744,1.60324539069,0,0
3000,1.65958690744,1.77827941004,1.71790838716,0,0
3000,1.77827941004,1.90546071796,1.84077200147,0,0
3000,1.90546071796,2.04173794467,1.97242273611,0,0
3000,2.04173794467,2.18776162395,2.11348903984,0,0
3000,2.18776162395,2.34422881532,2.26464430759,0,0
3000,2.34422881532,2.51188643151,2.42661009508,0,0
3000,2.51188643151,2.69153480393,2.60015956317,0,0
3000,2.69153480393,2.88403150313,2.78612116863,0,0
3000,2.88403150313,3.09029543251,2.98538261892,0,0
3000,3.09029543251,3.31131121483,3.19889510969,0,0
3000,3.31131121483,3.54813389234,3.42767786546,0,0
3000,3.54813389234,3.80189396321,3.67282300498,0,0
3000,3.80189396321,4.07380277804,3.93550075456,0,0
3000,4.07380277804,4.3651583224,4.21696503429,0,0
3000,4.3651583224,4.67735141287,4.51855944375,0,0
3000,4.67735141287,5.01187233627,4.84172367584,0,0
3000,5.01187233627,5.3703179637,5.18800038929,0,0
3000,5.3703179637,5.75439937337,5.5590425727,0,0
3000,5.75439937337,6.16595001861,5.95662143529,0,0
3000,6.16595001861,6.60693448008,6.38263486191,0,0
3000,6.60693448008,7.07945784384,6.83911647281,0,0
3000,7.07945784384,7.58577575029,7.32824533139,0,0
3000,7.58577575029,8.12830516164,7.8523563461,0,0
3000,8.12830516164,8.70963589956,8.41395141645,0,0
3000,8.70963589956,9.33254300797,9.01571137606,0,0
3000,9.33254300797,10,9.6605087899,0,0
3200,0.01,0.0107151930524,0.0103514216668,0,0
3200,0.0107151930524,0.011481536215,0.0110917481526,0,0
3200,0.011481536215,0.0123026877081,0.0118850222744,0,0
3200,0.0123026877081,0.0131825673856,0.0127350308102,0,0
3200,0.0131825673856,0.0141253754462,0.0136458313659,0,0
3200,0.0141253754462,0.0151356124844,0.0146217717446,0,0
3200,0.0151356124844,0.0162181009736,0.0156675107011,0,0
3200,0.0162181009736,0.0173780082875,0.0167880401812,0,0
3200,0.0173780082875,0.0186208713666,0.0179887091513,0,0
3200,0.0186208713666,0.0199526231497,0.0192752491319,0,0
3200,0.0199526231497,0.021379620895,0.0206538015581,0,0
3200,0.021379620895,0.0229086765277,0.0221309470961,0,0
3200,0.0229086765277,0.0245470891569,0.0237137370566,0,0
3200,0.0245470891569,0.026302679919,0.0254097270555,0,0
3200,0.026302679919,0.0281838293126,0.0272270130808,0,0
3200,0.0281838293126,0.030199517204,0.02917427014,0,0
3200,0.030199517204,0.032359365693,0.0312607936712,0,0
3200,0.032359365693,0.0346736850453,0.0334965439158,0,0
3200,0.0346736850453,0.0371535229097,0.0358921934645,0,0
3200,0.0371535229097,0.0398107170553,0.0384591782045,0,0
3200,0.0398107170553,0.0426579518802,0.0412097519097,0,0
3200,0.0426579518802,0.0457088189615,0.0441570447353,0,0
3200,0.0457088189615,0.0489778819368,0.0473151258961,0,0
3200,0.0489778819368,0.052480746025,0.0506990708275,0,0
3200,0.052480746025,0.056234132519,0.0543250331492,0,0
3200,0.056234132519,0.0602559586074,0.0582103217771,0,0
3200,0.0602559586074,0.0645654229035,0.0623734835482,0,0
3200,0.0645654229035,0.0691830970919,0.0668343917569,0,0
3200,0.0691830970919,0.0741310241301,0.0716143410213,0,0
3200,0.0741310241301,0.0794328234724,0.0767361489362,0,0
3200,0.0794328234724,0.0851138038202,0.0822242649947,0,0
3200,0.0851138038202,0.0912010839356,0.0881048873008,0,0
3200,0.0912010839356,0.0977237220956,0.0944060876286,0,0
3200,0.0977237220956,0.104712854805,0.101157945426,0,0
3200,0.104712854805,0.11220184543,0.108392691402,0,0
3200,0.11220184543,0.120226443462,0.116144861384,0,0
3200,0.120226443462,0.128824955169,0.124451461177,0,0
3200,0.128824955169,0.13803842646,0.133352143216,0,0
3200,0.13803842646,0.147910838817,0.142889395851,0,0
3200,0.147910838817,0.158489319246,0.153108746168,0,0
3200,0.158489319246,0.169824365246,0.16405897732,0,0
3200,0.169824365246,0.181970085861,0.175792361396,0,0
3200,0.181970085861,0.194984459976,0.188364908949,0,0
3200,0.194984459976,0.208929613085,0.201836636368,0,0
3200,0.208929613085,0.223872113857,0.216271852373,0,0
3200,0.223872113857,0.239883291902,0.231739464997,0,0
3200,0.239883291902,0.257039578277,0.24831331053,0,0
3200,0.257039578277,0.275422870334,0.26607250598,0,0
3200,0.275422870334,0.295120922667,0.28510182675,0,0
3200,0.295120922667,0.316227766017,0.305492111322,0,0
3200,0.316227766017,0.338844156139,0.327340694879,0,0
3200,0.338844156139,0.36307805477,0.350751873953,0,0
3200,0.36307805477,0.389045144994,0.375837404288,0,0
3200,0.389045144994,0.41686938347,0.402717034325,0,0
3200,0.41686938347,0.446683592151,0.431519076828,0,0
3200,0.446683592151,0.478630092323,0.462381021399,0,0
3200,0.478630092323,0.512861383991,0.495450190805,0,0
3200,0.512861383991,0.549540873858,0.530884444231,0,0
3200,0.549540873858,0.588843655356,0.568852930844,0,0
3200,0.588843655356,0.63095734448,0.60953689724,0,0
3200,0.63095734448,0.676082975392,0.653130552647,0,0
3200,0.676082975392,0.724435960075,0.699841996002,0,0
3200,0.724435960075,0.776247116629,0.749894209332,0,0
3200,0.776247116629,0.831763771103,0.803526122186,0,0
3200,0.831763771103,0.891250938134,0.860993752185,0,0
3200,0.891250938134,0.954992586021,0.922571427155,0,0
3200,0.954992586021,1.02329299228,0.988553094657,0,0
3200,1.02329299228,1.09647819614,1.05925372518,0,0
3200,1.09647819614,1.17489755494,1.13501081567,0,0
3200,1.17489755494,1.25892541179,1.21618600065,0,0
3200,1.25892541179,1.34896288259,1.30316677845,0,0
3200,1.34896288259,1.44543977075,1.39636836106,0,0
3200,1.44543977075,1.54881661891,1.49623565609,0,0
3200,1.54881661891,1.65958690744,1.60324539069,0,0
3200,1.65958690744,1.77827941004,1.71790838716,0,0
3200,1.77827941004,1.90546071796,1.84077200147,0,0
3200,1.90546071796,2.04173794467,1.97242273611,0,0
3200,2.04173794467,2.18776162395,2.11348903984,0,0
3200,2.18776162395,2.34422881532,2.26464430759,0,0
3200,2.34422881532,2.51188643151,2.42661009508,0,0
3200,2.51188643151,2.69153480393,2.60015956317,0,0
3200,2.69153480393,2.88403150313,2.78612116863,0,0
3200,2.88403150313,3.09029543251,2.98538261892,0,0
3200,3.09029543251,3.31131121483,3.19889510969,0,0
3200,3.31131121483,3.54813389234,3.42767786546,0,0
3200,3.54813389234,3.80189396321,3.67282300498,0,0
3200,3.80189396321,4.07380277804,3.93550075456,0,0
3200,4.07380277804,4.3651583224,4.21696503429,0,0
3200,4.3651583224,4.67735141287,4.51855944375,0,0
3200,4.67735141287,5.01187233627,4.84172367584,0,0
3200,5.01187233627,5.3703179637,5.18800038929,0,0
3200,5.3703179637,5.75439937337,5.5590425727,0,0
3200,5.75439937337,6.16595001861,5.95662143529,0,0
3200,6.16595001861,6.60693448008,6.38263486191,0,0
3200,6.60693448008,7.07945784384,6.83911647281,0,0
3200,7.07945784384,7.58577575029,7.32824533139,0,0
3200,7.58577575029,8.12830516164,7.8523563461,0,0
3200,8.12830516164,8.70963589956,8.41395141645,0,0
3200,8.70963589956,9.33254300797,9.01571137606,0,0
3200,9.33254300797,10,9.6605087899,0,0
3300,0.01,0.0107151930524,0.0103514216668,0,0
3300,0.0107151930524,0.011481536215,0.0110917481526,0,0
3300,0.011481536215,0.0123026877081,0.0118850222744,0,0
3300,0.0123026877081,0.0131825673856,0.0127350308102,0,0
3300,0.0131825673856,0.0141253754462,0.0136458313659,0,0
3300,0.0141253754462,0.0151356124844,0.0146217717446,0,0
3300,0.0151356124844,0.0162181009736,0.0156675107011,0,0
3300,0.0162181009736,0.0173780082875,0.0167880401812,0,0
3300,0.0173780082875,0.0186208713666,0.0179887091513,0,0
3300,0.0186208713666,0.0199526231497,0.0192752491319,0,0
3300,0.0199526231497,0.021379620895,0.0206538015581,0,0
3300,0.021379620895,0.0229086765277,0.0221309470961,0,0
3300,0.0229086765277,0.0245470891569,0.0237137370566,0,0
3300,0.0245470891569,0.026302679919,0.0254097270555,0,0
3300,0.026302679919,0.0281838293126,0.0272270130808,0,0
3300,0.0281838293126,0.030199517204,0.02917427014,0,0
3300,0.030199517204,0.032359365693,0.0312607936712,0,0
3300,0.032359365693,0.0346736850453,0.0334965439158,0,0
3300,0.0346736850453,0.0371535229097,0.0358921934645,0,0
3300,0.0371535229097,0.0398107170553,0.0384591782045,0,0
3300,0.0398107170553,0.0426579518802,0.0412097519097,0,0
3300,0.0426579518802,0.0457088189615,0.0441570447353,0,0
3300,0.0457088189615,0.0489778819368,0.0473151258961,0,0
3300,0.0489778819368,0.052480746025,0.0506990708275,0,0
3300,0.052480746025,0.056234132519,0.0543250331492,0,0
3300,0.056234132519,0.0602559586074,0.0582103217771,0,0
3300,0.0602559586074,0.0645654229035,0.0623734835482,0,0
3300,0.0645654229035,0.0691830970919,0.0668343917569,0,0
3300,0.0691830970919,0.0741310241301,0.0716143410213,0,0
3300,0.0741310241301,0.0794328234724,0.0767361489362,0,0
3300,0.0794328234724,0.0851138038202,0.0822242649947,0,0
3300,0.0851138038202,0.0912010839356,0.0881048873008,0,0
3300,0.0912010839356,0.0977237220956,0.0944060876286,0,0
3300,0.0977237220956,0.104712854805,0.101157945426,0,0
3300,0.104712854805,0.11220184543,0.108392691402,0,0
3300,0.11220184543,0.120226443462,0.116144861384,0,0
3300,0.120226443462,0.128824955169,0.124451461177,0,0
3300,0.128824955169,0.13803842646,0.133352143216,0,0
3300,0.13803842646,0.147910838817,0.142889395851,0,0
3300,0.147910838817,0.158489319246,0.153108746168,0,0
3300,0.158489319246,0.169824365246,0.16405897732,0,0
3300,0.169824365246,0.181970085861,0.175792361396,0,0
3300,0.181970085861,0.194984459976,0.188364908949,0,0
3300,0.194984459976,0.208929613085,0.201836636368,0,0
3300,0.208929613085,0.223872113857,0.216271852373,0,0
3300,0.223872113857,0.239883291902,0.231739464997,0,0
3300,0.239883291902,0.257039578277,0.24831331053,0,0
3300,0.257039578277,0.275422870334,0.26607250598,0,0
3300,0.275422870334,0.295120922667,0.28510182675,0,0
3300,0.295120922667,0.316227766017,0.305492111322,0,0
3300,0.316227766017,0.338844156139,0.327340694879,0,0
3300,0.338844156139,0.36307805477,0.350751873953,0,0
3300,0.36307805477,0.389045144994,0.375837404288,0,0
3300,0.389045144994,0.41686938347,0.402717034325,0,0
3300,0.41686938347,0.446683592151,0.431519076828,0,0
3300,0.446683592151,0.478630092323,0.462381021399,0,0
3300,0.478630092323,0.512861383991,0.495450190805,0,0
3300,0.512861383991,0.549540873858,0.530884444231,0,0
3300,0.549540873858,0.588843655356,0.568852930844,0,0
3300,0.588843655356,0.63095734448,0.60953689724,0,0
3300,0.63095734448,0.676082975392,0.653130552647,0,0
3300,0.676082975392,0.724435960075,0.699841996002,0,0
3300,0.724435960075,0.776247116629,0.749894209332,0,0
3300,0.776247116629,0.831763771103,0.803526122186,0,0
3300,0.831763771103,0.891250938134,0.860993752185,0,0
3300,0.891250938134,0.954992586021,0.922571427155,0,0
3300,0.954992586021,1.02329299228,0.988553094657,0,0
3300,1.02329299228,1.09647819614,1.05925372518,0,0
3300,1.09647819614,1.17489755494,1.13501081567,0,0
3300,1.17489755494,1.25892541179,1.21618600065,0,0
3300,1.25892541179,1.34896288259,1.30316677845,0,0
3300,1.34896288259,1.44543977075,1.39636836106,0,0
3300,1.44543977075,1.54881661891,1.49623565609,0,0
3300,1.54881661891,1.65958690744,1.60324539069,0,0
3300,1.65958690744,1.77827941004,1.71790838716,0,0
3300,1.77827941004,1.90546071796,1.84077200147,0,0
3300,1.90546071796,2.04173794467,1.97242273611,0,0
3300,2.04173794467,2.18776162395,2.11348903984,0,0
3300,2.18776162395,2.34422881532,2.26464430759,0,0
3300,2.34422881532,2.51188643151,2.42661009508,0,0
3300,2.51188643151,2.69153480393,2.60015956317,0,0
3300,2.69153480393,2.88403150313,2.78612116863,0,0
3300,2.88403150313,3.09029543251,2.98538261892,0,0
3300,3.09029543251,3.31131121483,3.19889510969,0,0
3300,3.31131121483,3.54813389234,3.42767786546,0,0
3300,3.54813389234,3.80189396321,3.67282300498,0,0
3300,3.80189396321,4.07380277804,3.93550075456,0,0
3300,4.07380277804,4.3651583224,4.21696503429,0,0
3300,4.3651583224,4.67735141287,4.51855944375,0,0
3300,4.67735141287,5.01187233627,4.84172367584,0,0
3300,5.01187233627,5.3703179637,5.18800038929,0,0
3300,5.3703179637,5.75439937337,5.5590425727,0,0
3300,5.75439937337,6.16595001861,5.95662143529,0,0
3300,6.16595001861,6.60693448008,6.38263486191,0,0
3300,6.60693448008,7.07945784384,6.83911647281,0,0
3300,7.07945784384,7.58577575029,7.32824533139,0,0
3300,7.58577575029,8.12830516164,7.8523563461,0,0
3300,8.12830516164,8.70963589956,8.41395141645,0,0
3300,8.70963589956,9.33254300797,9.01571137606,0,0
3300,9.33254300797,10,9.6605087899,0,0
3500,0.01,0.0107151930524,0.0103514216668,0,0
3500,0.0107151930524,0.011481536215,0.0110917481526,0,0
3500,0.011481536215,0.0123026877081,0.0118850222744,0,0
3500,0.0123026877081,0.0131825673856,0.0127350308102,0,0
3500,0.0131825673856,0.0141253754462,0.0136458313659,0,0
3500,0.0141253754462,0.0151356124844,0.0146217717446,0,0
3500,0.0151356124844,0.0162181009736,0.0156675107011,0,0
3500,0.0162181009736,0.0173780082875,0.0167880401812,0,0
3500,0.0173780082875,0.0186208713666,0.0179887091513,0,0
3500,0.0186208713666,0.0199526231497,0.0192752491319,0,0
3500,0.0199526231497,0.021379620895,0.0206538015581,0,0
3500,0.021379620895,0.0229086765277,0.0221309470961,0,0
3500,0.0229086765277,0.0245470891569,0.0237137370566,0,0
3500,0.0245470891569,0.026302679919,0.0254097270555,0,0
3500,0.026302679919,0.0281838293126,0.0272270130808,0,0
3500,0.0281838293126,0.030199517204,0.02917427014,0,0
3500,0.030199517204,0.032359365693,0.0312607936712,0,0
3500,0.032359365693,0.0346736850453,0.0334965439158,0,0
3500,0.0346736850453,0.0371535229097,0.0358921934645,0,0
3500,0.0371535229097,0.0398107170553,0.0384591782045,0,0
3500,0.0398107170553,0.0426579518802,0.0412097519097,0,0
3500,0.0426579518802,0.0457088189615,0.0441570447353,0,0
3500,0.0457088189615,0.0489778819368,0.0473151258961,0,0
3500,0.0489778819368,0.052480746025,0.0506990708275,0,0
3500,0.052480746025,0.056234132519,0.0543250331492,0,0
3500,0.056234132519,0.0602559586074,0.0582103217771,0,0
3500,0.0602559586074,0.0645654229035,0.0623734835482,0,0
3500,0.0645654229035,0.0691830970919,0.0668343917569,0,0
3500,0.0691830970919,0.0741310241301,0.0716143410213,0,0
3500,0.0741310241301,0.0794328234724,0.0767361489362,0,0
3500,0.0794328234724,0.0851138038202,0.0822242649947,0,0
3500,0.0851138038202,0.0912010839356,0.0881048873008,0,0
3500,0.0912010839356,0.0977237220956,0.0944060876286,0,0
3500,0.0977237220956,0.104712854805,0.101157945426,0,0
3500,0.104712854805,0.11220184543,0.108392691402,0,0
3500,0.11220184543,0.120226443462,0.116144861384,0,0
3500,0.120226443462,0.128824955169,0.124451461177,0,0
3500,0.128824955169,0.13803842646,0.133352143216,0,0
3500,0.13803842646,0.147910838817,0.142889395851,0,0
3500,0.147910838817,0.158489319246,0.153108746168,0,0
3500,0.158489319246,0.169824365246,0.16405897732,0,0
3500,0.169824365246,0.181970085861,0.175792361396,0,0
3500,0.181970085861,0.194984459976,0.188364908949,0,0
3500,0.194984459976,0.208929613085,0.201836636368,0,0
3500,0.208929613085,0.223872113857,0.216271852373,0,0
3500,0.223872113857,0.239883291902,0.231739464997,0,0
3500,0.239883291902,0.257039578277,0.24831331053,0,0
3500,0.257039578277,0.275422870334,0.26607250598,0,0
3500,0.275422870334,0.295120922667,0.28510182675,0,0
3500,0.295120922667,0.316227766017,0.305492111322,0,0
3500,0.316227766017,0.338844156139,0.327340694879,0,0
3500,0.338844156139,0.36307805477,0.350751873953,0,0
3500,0.36307805477,0.389045144994,0.375837404288,0,0
3500,0.389045144994,0.41686938347,0.402717034325,0,0
3500,0.41686938347,0.446683592151,0.431519076828,0,0
3500,0.446683592151,0.478630092323,0.462381021399,0,0
3500,0.478630092323,0.512861383991,0.495450190805,0,0
3500,0.512861383991,0.549540873858,0.530884444231,0,0
3500,0.549540873858,0.588843655356,0.568852930844,0,0
3500,0.588843655356,0.63095734448,0.60953689724,0,0
3500,0.63095734448,0.676082975392,0.653130552647,0,0
3500,0.676082975392,0.724435960075,0.699841996002,0,0
3500,0.724435960075,0.776247116629,0.749894209332,0,0
3500,0.776247116629,0.831763771103,0.803526122186,0,0
3500,0.831763771103,0.891250938134,0.860993752185,0,0
3500,0.891250938134,0.954992586021,0.922571427155,0,0
3500,0.954992586021,1.02329299228,0.988553094657,0,0
3500,1.02329299228,1.09647819614,1.05925372518,0,0
3500,1.09647819614,1.17489755494,1.13501081567,0,0
3500,1.17489755494,1.25892541179,1.21618600065,0,0
3500,1.25892541179,1.34896288259,1.30316677845,0,0
3500,1.34896288259,1.44543977075,1.39636836106,0,0
3500,1.44543977075,1.54881661891,1.49623565609,0,0
3500,1.54881661891,1.65958690744,1.60324539069,0,0
3500,1.65958690744,1.77827941004,1.71790838716,0,0
3500,1.77827941004,1.90546071796,1.84077200147,0,0
3500,1.90546071796,2.04173794467,1.97242273611,0,0
3500,2.04173794467,2.18776162395,2.11348903984,0,0
3500,2.18776162395,2.34422881532,2.26464430759,0,0
3500,2.34422881532,2.51188643151,2.42661009508,0,0
3500,2.51188643151,2.69153480393,2.60015956317,0,0
3500,2.69153480393,2.88403150313,2.78612116863,0,0
3500,2.88403150313,3.09029543251,2.98538261892,0,0
3500,3.09029543251,3.31131121483,3.19889510969,0,0
3500,3.31131121483,3.54813389234,3.42767786546,0,0
3500,3.54813389234,3.80189396321,3.67282300498,0,0
3500,3.80189396321,4.07380277804,3.93550075456,0,0
3500,4.07380277804,4.3651583224,4.21696503429,0,0
3500,4.3651583224,4.67735141287,4.51855944375,0,0
3500,4.67735141287,5.01187233627,4.84172367584,0,0
3500,5.01187233627,5.3703179637,5.18800038929,0,0
3500,5.3703179637,5.75439937337,5.5590425727,0,0
3500,5.75439937337,6.16595001861,5.95662143529,0,0
3500,6.16595001861,6.60693448008,6.38263486191,0,0
3500,6.60693448008,7.07945784384,6.83911647281,0,0
3500,7.07945784384,7.58577575029,7.32824533139,0,0
3500,7.58577575029,8.12830516164,7.8523563461,0,0
3500,8.12830516164,8.70963589956,8.41395141645,0,0
3500,8.70963589956,9.33254300797,9.01571137606,0,0
3500,9.33254300797,10,9.6605087899,0,0
3600,0.01,0.0107151930524,0.0103514216668,0,0
3600,0.0107151930524,0.011481536215,0.0110917481526,0,0
3600,0.011481536215,0.0123026877081,0.0118850222744,0,0
3600,0.0123026877081,0.0131825673856,0.0127350308102,0,0
3600,0.0131825673856,0.0141253754462,0.0136458313659,0,0
3600,0.0141253754462,0.0151356124844,0.0146217717446,0,0
3600,0.0151356124844,0.0162181009736,0.0156675107011,0,0
3600,0.0162181009736,0.0173780082875,0.0167880401812,0,0
3600,0.0173780082875,0.0186208713666,0.0179887091513,0,0
3600,0.0186208713666,0.0199526231497,0.0192752491319,0,0
3600,0.0199526231497,0.021379620895,0.0206538015581,0,0
3600,0.021379620895,0.0229086765277,0.0221309470961,0,0
3600,0.0229086765277,0.0245470891569,0.0237137370566,0,0
3600,0.0245470891569,0.026302679919,0.0254097270555,0,0
3600,0.026302679919,0.0281838293126,0.0272270130808,0,0
3600,0.0281838293126,0.030199517204,0.02917427014,0,0
3600,0.030199517204,0.032359365693,0.0312607936712,0,0
3600,0.032359365693,0.0346736850453,0.0334965439158,0,0
3600,0.0346736850453,0.0371535229097,0.0358921934645,0,0
3600,0.0371535229097,0.0398107170553,0.0384591782045,0,0
3600,0.0398107170553,0.0426579518802,0.0412097519097,0,0
3600,0.0426579518802,0.0457088189615,0.0441570447353,0,0
3600,0.0457088189615,0.0489778819368,0.0473151258961,0,0
3600,0.0489778819368,0.052480746025,0.0506990708275,0,0
3600,0.052480746025,0.056234132519,0.0543250331492,0,0
3600,0.056234132519,0.0602559586074,0.0582103217771,0,0
3600,0.0602559586074,0.0645654229035,0.0623734835482,0,0
3600,0.0645654229035,0.0691830970919,0.0668343917569,0,0
3600,0.0691830970919,0.0741310241301,0.0716143410213,0,0
3600,0.0741310241301,0.0794328234724,0.0767361489362,0,0
3600,0.0794328234724,0.0851138038202,0.0822242649947,0,0
3600,0.0851138038202,0.0912010839356,0.0881048873008,0,0
3600,0.0912010839356,0.0977237220956,0.0944060876286,0,0
3600,0.0977237220956,0.104712854805,0.101157945426,0,0
3600,0.104712854805,0.11220184543,0.108392691402,0,0
3600,0.11220184543,0.120226443462,0.116144861384,0,0
3600,0.120226443462,0.128824955169,0.124451461177,0,0
3600,0.128824955169,0.13803842646,0.133352143216,0,0
3600,0.13803842646,0.147910838817,0.142889395851,0,0
3600,0.147910838817,0.158489319246,0.153108746168,0,0
3600,0.158489319246,0.169824365246,0.16405897732,0,0
3600,0.169824365246,0.181970085861,0.175792361396,0,0
3600,0.181970085861,0.194984459976,0.188364908949,0,0
3600,0.194984459976,0.208929613085,0.201836636368,0,0
3600,0.208929613085,0.223872113857,0.216271852373,0,0
3600,0.223872113857,0.239883291902,0.231739464997,0,0
3600,0.239883291902,0.257039578277,0.24831331053,0,0
3600,0.257039578277,0.275422870334,0.26607250598,0,0
3600,0.275422870334,0.295120922667,0.28510182675,0,0
3600,0.295120922667,0.316227766017,0.305492111322,0,0
3600,0.316227766017,0.338844156139,0.327340694879,0,0
3600,0.338844156139,0.36307805477,0.350751873953,0,0
3600,0.36307805477,0.389045144994,0.375837404288,0,0
3600,0.389045144994,0.41686938347,0.402717034325,0,0
3600,0.41686938347,0.446683592151,0.431519076828,0,0
3600,0.446683592151,0.478630092323,0.462381021399,0,0
3600,0.478630092323,0.512861383991,0.495450190805,0,0
3600,0.512861383991,0.549540873858,0.530884444231,0,0
3600,0.549540873858,0.588843655356,0.568852930844,0,0
3600,0.588843655356,0.63095734448,0.60953689724,0,0
3600,0.63095734448,0.676082975392,0.653130552647,0,0
3600,0.676082975392,0.724435960075,0.699841996002,0,0
3600,0.724435960075,0.776247116629,0.749894209332,0,0
3600,0.776247116629,0.831763771103,0.803526122186,0,0
3600,0.831763771103,0.891250938134,0.860993752185,0,0
3600,0.891250938134,0.954992586021,0.922571427155,0,0
3600,0.954992586021,1.02329299228,0.988553094657,0,0
3600,1.02329299228,1.09647819614,1.05925372518,0,0
3600,1.09647819614,1.17489755494,1.13501081567,0,0
3600,1.17489755494,1.25892541179,1.21618600065,0,0
3600,1.25892541179,1.34896288259,1.30316677845,0,0
3600,1.34896288259,1.44543977075,1.39636836106,0,0
3600,1.44543977075,1.54881661891,1.49623565609,0,0
3600,1.54881661891,1.65958690744,1.60324539069,0,0
3600,1.65958690744,1.77827941004,1.71790838716,0,0
3600,1.77827941004,1.90546071796,1.84077200147,0,0
3600,1.90546071796,2.04173794467,1.97242273611,0,0
3600,2.04173794467,2.18776162395,2.11348903984,0,0
3600,2.18776162395,2.34422881532,2.26464430759,0,0
3600,2.34422881532,2.51188643151,2.42661009508,0,0
3600,2.51188643151,2.69153480393,2.60015956317,0,0
3600,2.69153480393,2.88403150313,2.78612116863,0,0
3600,2.88403150313,3.09029543251,2.98538261892,0,0
3600,3.09029543251,3.31131121483,3.19889510969,0,0
3600,3.31131121483,3.54813389234,3.42767786546,0,0
3600,3.54813389234,3.80189396321,3.67282300498,0,0
3600,3.80189396321,4.07380277804,3.93550075456,0,0
3600,4.07380277804,4.3651583224,4.21696503429,0,0
3600,4.3651583224,4.67735141287,4.51855944375,0,0
3600,4.67735141287,5.01187233627,4.84172367584,0,0
3600,5.01187233627,5.3703179637,5.18800038929,0,0
3600,5.3703179637,5.75439937337,5.5590425727,0,0
3600,5.75439937337,6.16595001861,5.95662143529,0,0
3600,6.16595001861,6.60693448008,6.38263486191,0,0
3600,6.60693448008,7.07945784384,6.83911647281,0,0
3600,7.07945784384,7.58577575029,7.32824533139,0,0
3600,7.58577575029,8.12830516164,7.8523563461,0,0
3600,8.12830516164,8.70963589956,8.41395141645,0,0
3600,8.70963589956,9.33254300797,9.01571137606,0,0
3600,9.33254300797,10,9.6605087899,0,0
3800,0.01,0.0107151930524,0.0103514216668,0,0
3800,0.0107151930524,0.011481536215,0.0110917481526,0,0
3800,0.011481536215,0.0123026877081,0.0118850222744,0,0
3800,0.0123026877081,0.0131825673856,0.0127350308102,0,0
3800,0.0131825673856,0.0141253754462,0.0136458313659,0,0
3800,0.0141253754462,0.0151356124844,0.0146217717446,0,0
3800,0.0151356124844,0.0162181009736,0.0156675107011,0,0
3800,0.0162181009736,0.0173780082875,0.0167880401812,0,0
3800,0.0173780082875,0.0186208713666,0.0179887091513,0,0
3800,0.0186208713666,0.0199526231497,0.0192752491319,0,0
3800,0.0199526231497,0.021379620895,0.0206538015581,0,0
3800,0.021379620895,0.0229086765277,0.0221309470961,0,0
3800,0.0229086765277,0.0245470891569,0.0237137370566,0,0
3800,0.0245470891569,0.026302679919,0.0254097270555,0,0
3800,0.026302679919,0.0281838293126,0.0272270130808,0,0
3800,0.0281838293126,0.030199517204,0.02917427014,0,0
3800,0.030199517204,0.032359365693,0.0312607936712,0,0
3800,0.032359365693,0.0346736850453,0.0334965439158,0,0
3800,0.0346736850453,0.0371535229097,0.0358921934645,0,0
3800,0.0371535229097,0.0398107170553,0.0384591782045,0,0
3800,0.0398107170553,0.0426579518802,0.0412097519097,0,0
3800,0.0426579518802,0.0457088189615,0.0441570447353,0,0
3800,0.0457088189615,0.0489778819368,0.0473151258961,0,0
3800,0.0489778819368,0.052480746025,0.0506990708275,0,0
3800,0.052480746025,0.056234132519,0.0543250331492,0,0
3800,0.056234132519,0.0602559586074,0.0582103217771,0,0
3800,0.0602559586074,0.0645654229035,0.0623734835482,0,0
3800,0.0645654229035,0.0691830970919,0.0668343917569,0,0
3800,0.0691830970919,0.0741310241301,0.0716143410213,0,0
3800,0.0741310241301,0.0794328234724,0.0767361489362,0,0
3800,0.0794328234724,0.0851138038202,0.0822242649947,0,0
3800,0.0851138038202,0.0912010839356,0.0881048873008,0,0
3800,0.0912010839356,0.0977237220956,0.0944060876286,0,0
3800,0.0977237220956,0.104712854805,0.101157945426,0,0
3800,0.104712854805,0.11220184543,0.108392691402,0,0
3800,0.11220184543,0.120226443462,0.116144861384,0,0
3800,0.120226443462,0.128824955169,0.124451461177,0,0
3800,0.128824955169,0.13803842646,0.133352143216,0,0
3800,0.13803842646,0.147910838817,0.142889395851,0,0
3800,0.147910838817,0.158489319246,0.153108746168,0,0
3800,0.158489319246,0.169824365246,0.16405897732,0,0
3800,0.169824365246,0.181970085861,0.175792361396,0,0
3800,0.181970085861,0.194984459976,0.188364908949,0,0
3800,0.194984459976,0.208929613085,0.201836636368,0,0
3800,0.208929613085,0.223872113857,0.216271852373,0,0
3800,0.223872113857,0.239883291902,0.231739464997,0,0
3800,0.239883291902,0.257039578277,0.24831331053,0,0
3800,0.257039578277,0.275422870334,0.26607250598,0,0
3800,0.275422870334,0.295120922667,0.28510182675,0,0
3800,0.295120922667,0.316227766017,0.305492111322,0,0
3800,0.316227766017,0.338844156139,0.327340694879,0,0
3800,0.338844156139,0.36307805477,0.350751873953,0,0
3800,0.36307805477,0.389045144994,0.375837404288,0,0
3800,0.389045144994,0.41686938347,0.402717034325,0,0
3800,0.41686938347,0.446683592151,0.431519076828,0,0
3800,0.446683592151,0.478630092323,0.462381021399,0,0
3800,0.478630092323,0.512861383991,0.495450190805,0,0
3800,0.512861383991,0.549540873858,0.530884444231,0,0
3800,0.549540873858,0.588843655356,0.568852930844,0,0
3800,0.588843655356,0.63095734448,0.60953689724,0,0
3800,0.63095734448,0.676082975392,0.653130552647,0,0
3800,0.676082975392,0.724435960075,0.699841996002,0,0
3800,0.724435960075,0.776247116629,0.749894209332,0,0
3800,0.776247116629,0.831763771103,0.803526122186,0,0
3800,0.831763771103,0.891250938134,0.860993752185,0,0
3800,0.891250938134,0.954992586021,0.922571427155,0,0
3800,0.954992586021,1.02329299228,0.988553094657,0,0
3800,1.02329299228,1.09647819614,1.05925372518,0,0
3800,1.09647819614,1.17489755494,1.13501081567,0,0
3800,1.17489755494,1.25892541179,1.21618600065,0,0
3800,1.25892541179,1.34896288259,1.30316677845,0,0
3800,1.34896288259,1.44543977075,1.39636836106,0,0
3800,1.44543977075,1.54881661891,1.49623565609,0,0
3800,1.54881661891,1.65958690744,1.60324539069,0,0
3800,1.65958690744,1.77827941004,1.71790838716,0,0
3800,1.77827941004,1.90546071796,1.84077200147,0,0
3800,1.90546071796,2.04173794467,1.97242273611,0,0
3800,2.04173794467,2.18776162395,2.11348903984,0,0
3800,2.18776162395,2.34422881532,2.26464430759,0,0
3800,2.34422881532,2.51188643151,2.42661009508,0,0
3800,2.51188643151,2.69153480393,2.60015956317,0,0
3800,2.69153480393,2.88403150313,2.78612116863,0,0
3800,2.88403150313,3.09029543251,2.98538261892,0,0
3800,3.09029543251,3.31131121483,3.19889510969,0,0
3800,3.31131121483,3.54813389234,3.42767786546,0,0
3800,3.54813389234,3.80189396321,3.67282300498,0,0
3800,3.80189396321,4.07380277804,3.93550075456,0,0
3800,4.07380277804,4.3651583224,4.21696503429,0,0
3800,4.3651583224,4.67735141287,4.51855944375,0,0
3800,4.67735141287,5.01187233627,4.84172367584,0,0
3800,5.01187233627,5.3703179637,5.18800038929,0,0
3800,5.3703179637,5.75439937337,5.5590425727,0,0
3800,5.75439937337,6.16595001861,5.95662143529,0,0
3800,6.16595001861,6.60693448008,6.38263486191,0,0
3800,6.60693448008,7.07945784384,6.83911647281,0,0
3800,7.07945784384,7.58577575029,7.32824533139,0,0
3800,7.58577575029,8.12830516164,7.8523563461,0,0
3800,8.12830516164,8.70963589956,8.41395141645,0,0
3800,8.70963589956,9.33254300797,9.01571137606,0,0
3800,9.33254300797,10,9.6605087899,0,0
4000,0.01,0.0107151930524,0.0103514216668,0,0
4000,0.0107151930524,0.011481536215,0.0110917481526,0,0
4000,0.011481536215,0.0123026877081,0.0118850222744,0,0
4000,0.0123026877081,0.0131825673856,0.0127350308102,0,0
4000,0.0131825673856,0.0141253754462,0.0136458313659,0,0
4000,0.0141253754462,0.0151356124844,0.0146217717446,0,0
4000,0.0151356124844,0.0162181009736,0.0156675107011,0,0
4000,0.0162181009736,0.0173780082875,0.0167880401812,0,0
4000,0.0173780082875,0.0186208713666,0.0179887091513,0,0
4000,0.0186208713666,0.0199526231497,0.0192752491319,0,0
4000,0.0199526231497,0.021379620895,0.0206538015581,0,0
4000,0.021379620895,0.0229086765277,0.0221309470961,0,0
4000,0.0229086765277,0.0245470891569,0.0237137370566,0,0
4000,0.0245470891569,0.026302679919,0.0254097270555,0,0
4000,0.026302679919,0.0281838293126,0.0272270130808,0,0
4000,0.0281838293126,0.030199517204,0.02917427014,0,0
4000,0.030199517204,0.032359365693,0.0312607936712,0,0
4000,0.032359365693,0.0346736850453,0.0334965439158,0,0
4000,0.0346736850453,0.0371535229097,0.0358921934645,0,0
4000,0.0371535229097,0.0398107170553,0.0384591782045,0,0
4000,0.0398107170553,0.0426579518802,0.0412097519097,0,0
4000,0.0426579518802,0.0457088189615,0.0441570447353,0.399889598859,0.999499874937
4000,0.0457088189615,0.0489778819368,0.0473151258961,0,0
4000,0.0489778819368,0.052480746025,0.0506990708275,0,0
4000,0.052480746025,0.056234132519,0.0543250331492,0,0
4000,0.056234132519,0.0602559586074,0.0582103217771,0,0
4000,0.0602559586074,0.0645654229035,0.0623734835482,0,0
4000,0.0645654229035,0.0691830970919,0.0668343917569,0,0
4000,0.0691830970919,0.0741310241301,0.0716143410213,0,0
4000,0.0741310241301,0.0794328234724,0.0767361489362,0,0
4000,0.0794328234724,0.0851138038202,0.0822242649947,0,0
4000,0.0851138038202,0.0912010839356,0.0881048873008,0.612779007384,0.999499874937
4000,0.0912010839356,0.0977237220956,0.0944060876286,0,0
4000,0.0977237220956,0.104712854805,0.101157945426,0.399158536657,0.999499874937
4000,0.104712854805,0.11220184543,0.108392691402,0,0
4000,0.11220184543,0.120226443462,0.116144861384,0.209113954808,0.999499874937
4000,0.120226443462,0.128824955169,0.124451461177,0,0
4000,0.128824955169,0.13803842646,0.133352143216,0,0
4000,0.13803842646,0.147910838817,0.142889395851,0.391308117064,0.999499874937
4000,0.147910838817,0.158489319246,0.153108746168,0,0
4000,0.158489319246,0.169824365246,0.16405897732,0,0
4000,0.169824365246,0.181970085861,0.175792361396,0,0
4000,0.181970085861,0.194984459976,0.188364908949,0,0
4000,0.194984459976,0.208929613085,0.201836636368,0,0
4000,0.208929613085,0.223872113857,0.216271852373,0,0
4000,0.223872113857,0.239883291902,0.231739464997,0,0
4000,0.239883291902,0.257039578277,0.24831331053,0.0460594240559,0.999499874937
4000,0.257039578277,0.275422870334,0.26607250598,0,0
4000,0.275422870334,0.295120922667,0.28510182675,0,0
4000,0.295120922667,0.316227766017,0.305492111322,0,0
4000,0.316227766017,0.338844156139,0.327340694879,0.260925164929,0.999499874937
4000,0.338844156139,0.36307805477,0.350751873953,0,0
4000,0.36307805477,0.389045144994,0.375837404288,0,0
4000,0.389045144994,0.41686938347,0.402717034325,0,0
4000,0.41686938347,0.446683592151,0.431519076828,0,0
4000,0.446683592151,0.478630092323,0.462381021399,0,0
4000,0.478630092323,0.512861383991,0.495450190805,1.2019916763,0.7071116894
4000,0.512861383991,0.549540873858,0.530884444231,0,0
4000,0.549540873858,0.588843655356,0.568852930844,0,0
4000,0.588843655356,0.63095734448,0.60953689724,0.369002351028,0.724464598146
4000,0.63095734448,0.676082975392,0.653130552647,0,0
4000,0.676082975392,0.724435960075,0.699841996002,0,0
4000,0.724435960075,0.776247116629,0.749894209332,0,0
4000,0.776247116629,0.831763771103,0.803526122186,0,0
4000,0.831763771103,0.891250938134,0.860993752185,0,0
4000,0.891250938134,0.954992586021,0.922571427155,0.490385396174,0.999499874937
4000,0.954992586021,1.02329299228,0.988553094657,0,0
4000,1.02329299228,1.09647819614,1.05925372518,0,0
4000,1.09647819614,1.17489755494,1.13501081567,0,0
4000,1.17489755494,1.25892541179,1.21618600065,0,0
4000,1.25892541179,1.34896288259,1.30316677845,0,0
4000,1.34896288259,1.44543977075,1.39636836106,0,0
4000,1.44543977075,1.54881661891,1.49623565609,0,0
4000,1.54881661891,1.65958690744,1.60324539069,0,0
4000,1.65958690744,1.77827941004,1.71790838716,0,0
4000,1.77827941004,1.90546071796,1.84077200147,0,0
4000,1.90546071796,2.04173794467,1.97242273611,0,0
4000,2.04173794467,2.18776162395,2.11348903984,0.0777885413772,0.999499874937
4000,2.18776162395,2.34422881532,2.26464430759,0,0
4000,2.34422881532,2.51188643151,2.42661009508,0,0
4000,2.51188643151,2.69153480393,2.60015956317,0,0
4000,2.69153480393,2.88403150313,2.78612116863,0,0
4000,2.88403150313,3.09029543251,2.98538261892,0,0
4000,3.09029543251,3.31131121483,3.19889510969,0,0
4000,3.31131121483,3.54813389234,3.42767786546,0,0
4000,3.54813389234,3.80189396321,3.67282300498,0,0
4000,3.80189396321,4.07380277804,3.93550075456,0,0
4000,4.07380277804,4.3651583224,4.21696503429,0,0
4000,4.3651583224,4.67735141287,4.51855944375,0,0
4000,4.67735141287,5.01187233627,4.84172367584,0,0
4000,5.01187233627,5.3703179637,5.18800038929,0,0
4000,5.3703179637,5.75439937337,5.5590425727,0.352801374315,0.999499874937
4000,5.75439937337,6.16595001861,5.95662143529,0,0
4000,6.16595001861,6.60693448008,6.38263486191,0,0
4000,6.60693448008,7.07945784384,6.83911647281,0,0
4000,7.07945784384,7.58577575029,7.32824533139,0,0
4000,7.58577575029,8.12830516164,7.8523563461,0,0
4000,8.12830516164,8.70963589956,8.41395141645,0,0
4000,8.70963589956,9.33254300797,9.01571137606,0,0
4000,9.33254300797,10,9.6605087899,7.00917823339,0.246066937082
4200,0.01,0.0107151930524,0.0103514216668,0,0
4200,0.0107151930524,0.011481536215,0.0110917481526,0,0
4200,0.011481536215,0.0123026877081,0.0118850222744,0,0
4200,0.0123026877081,0.0131825673856,0.0127350308102,0,0
4200,0.0131825673856,0.0141253754462,0.0136458313659,0,0
4200,0.0141253754462,0.0151356124844,0.0146217717446,0,0
4200,0.0151356124844,0.0162181009736,0.0156675107011,0,0
4200,0.0162181009736,0.0173780082875,0.0167880401812,0,0
4200,0.0173780082875,0.0186208713666,0.0179887091513,0,0
4200,0.0186208713666,0.0199526231497,0.0192752491319,0,0
4200,0.0199526231497,0.021379620895,0.0206538015581,0,0
4200,0.021379620895,0.0229086765277,0.0221309470961,0,0
4200,0.0229086765277,0.0245470891569,0.0237137370566,0,0
4200,0.0245470891569,0.026302679919,0.0254097270555,0,0
4200,0.026302679919,0.0281838293126,0.0272270130808,0,0
4200,0.0281838293126,0.030199517204,0.02917427014,0,0
4200,0.030199517204,0.032359365693,0.0312607936712,0,0
4200,0.032359365693,0.0346736850453,0.0334965439158,0,0
4200,0.0346736850453,0.0371535229097,0.0358921934645,0,0
4200,0.0371535229097,0.0398107170553,0.0384591782045,0,0
4200,0.0398107170553,0.0426579518802,0.0412097519097,0,0
4200,0.0426579518802,0.0457088189615,0.0441570447353,0,0
4200,0.0457088189615,0.0489778819368,0.0473151258961,0,0
4200,0.0489778819368,0.052480746025,0.0506990708275,0,0
4200,0.052480746025,0.056234132519,0.0543250331492,0,0
4200,0.056234132519,0.0602559586074,0.0582103217771,0,0
4200,0.0602559586074,0.0645654229035,0.0623734835482,0,0
4200,0.0645654229035,0.0691830970919,0.0668343917569,0,0
4200,0.0691830970919,0.0741310241301,0.0716143410213,0.0213023436994,0.999499874937
4200,0.0741310241301,0.0794328234724,0.0767361489362,0.0590705556095,0.999499874937
4200,0.0794328234724,0.0851138038202,0.0822242649947,0.0252347832663,0.999499874937
4200,0.0851138038202,0.0912010839356,0.0881048873008,0.0100403131477,0.999499874937
4200,0.0912010839356,0.0977237220956,0.0944060876286,0,0
4200,0.0977237220956,0.104712854805,0.101157945426,0.00199234802816,0.999499874937
4200,0.104712854805,0.11220184543,0.108392691402,0,0
4200,0.11220184543,0.120226443462,0.116144861384,0,0
4200,0.120226443462,0.128824955169,0.124451461177,0,0
4200,0.128824955169,0.13803842646,0.133352143216,0,0
4200,0.13803842646,0.147910838817,0.142889395851,0,0
4200,0.147910838817,0.158489319246,0.153108746168,0,0
4200,0.158489319246,0.169824365246,0.16405897732,0,0
4200,0.169824365246,0.181970085861,0.175792361396,0,0
4200,0.181970085861,0.194984459976,0.188364908949,0,0
4200,0.194984459976,0.208929613085,0.201836636368,0,0
4200,0.208929613085,0.223872113857,0.216271852373,0,0
4200,0.223872113857,0.239883291902,0.231739464997,0.0863318634948,0.999499874937
4200,0.239883291902,0.257039578277,0.24831331053,0,0
4200,0.257039578277,0.275422870334,0.26607250598,0,0
4200,0.275422870334,0.295120922667,0.28510182675,0,0
4200,0.295120922667,0.316227766017,0.305492111322,0.0117741480463,0.999499874937
4200,0.316227766017,0.338844156139,0.327340694879,0,0
4200,0.338844156139,0.36307805477,0.350751873953,0,0
4200,0.36307805477,0.389045144994,0.375837404288,0,0
4200,0.389045144994,0.41686938347,0.402717034325,0,0
4200,0.41686938347,0.446683592151,0.431519076828,0,0
4200,0.446683592151,0.478630092323,0.462381021399,0,0
4200,0.478630092323,0.512861383991,0.495450190805,0.05071486951,0.728288385561
4200,0.512861383991,0.549540873858,0.530884444231,0,0
4200,0.549540873858,0.588843655356,0.568852930844,0,0
4200,0.588843655356,0.63095734448,0.60953689724,0,0
4200,0.63095734448,0.676082975392,0.653130552647,0,0
4200,0.676082975392,0.724435960075,0.699841996002,0,0
4200,0.724435960075,0.776247116629,0.749894209332,0,0
4200,0.776247116629,0.831763771103,0.803526122186,0,0
4200,0.831763771103,0.891250938134,0.860993752185,0,0
4200,0.891250938134,0.954992586021,0.922571427155,0,0
4200,0.954992586021,1.02329299228,0.988553094657,0,0
4200,1.02329299228,1.09647819614,1.05925372518,0,0
4200,1.09647819614,1.17489755494,1.13501081567,0,0
4200,1.17489755494,1.25892541179,1.21618600065,0,0
4200,1.25892541179,1.34896288259,1.30316677845,0,0
4200,1.34896288259,1.44543977075,1.39636836106,0,0
4200,1.44543977075,1.54881661891,1.49623565609,0,0
4200,1.54881661891,1.65958690744,1.60324539069,0,0
4200,1.65958690744,1.77827941004,1.71790838716,0,0
4200,1.77827941004,1.90546071796,1.84077200147,0,0
4200,1.90546071796,2.04173794467,1.97242273611,0,0
4200,2.04173794467,2.18776162395,2.11348903984,0,0
4200,2.18776162395,2.34422881532,2.26464430759,0,0
4200,2.34422881532,2.51188643151,2.42661009508,0,0
4200,2.51188643151,2.69153480393,2.60015956317,0,0
4200,2.69153480393,2.88403150313,2.78612116863,0,0
4200,2.88403150313,3.09029543251,2.98538261892,0,0
4200,3.09029543251,3.31131121483,3.19889510969,0,0
4200,3.31131121483,3.54813389234,3.42767786546,0,0
4200,3.54813389234,3.80189396321,3.67282300498,0,0
4200,3.80189396321,4.07380277804,3.93550075456,0,0
4200,4.07380277804,4.3651583224,4.21696503429,0,0
4200,4.3651583224,4.67735141287,4.51855944375,0,0
4200,4.67735141287,5.01187233627,4.84172367584,0,0
4200,5.01187233627,5.3703179637,5.18800038929,0,0
4200,5.3703179637,5.75439937337,5.5590425727,0,0
4200,5.75439937337,6.16595001861,5.95662143529,0,0
4200,6.16595001861,6.60693448008,6.38263486191,0,0
4200,6.60693448008,7.07945784384,6.83911647281,0,0
4200,7.07945784384,7.58577575029,7.32824533139,0,0
4200,7.58577575029,8.12830516164,7.8523563461,0,0
4200,8.12830516164,8.70963589956,8.41395141645,0,0
4200,8.70963589956,9.33254300797,9.01571137606,0,0
4200,9.33254300797,10,9.6605087899,0,0
4400,0.01,0.0107151930524,0.0103514216668,0,0
4400,0.0107151930524,0.011481536215,0.0110917481526,0,0
4400,0.011481536215,0.0123026877081,0.0118850222744,0,0
4400,0.0123026877081,0.0131825673856,0.0127350308102,0,0
4400,0.0131825673856,0.0141253754462,0.0136458313659,0,0
4400,0.0141253754462,0.0151356124844,0.0146217717446,0,0
4400,0.0151356124844,0.0162181009736,0.0156675107011,0,0
4400,0.0162181009736,0.0173780082875,0.0167880401812,0,0
4400,0.0173780082875,0.0186208713666,0.0179887091513,0,0
4400,0.0186208713666,0.0199526231497,0.0192752491319,0,0
4400,0.0199526231497,0.021379620895,0.0206538015581,0,0
4400,0.021379620895,0.0229086765277,0.0221309470961,0,0
4400,0.0229086765277,0.0245470891569,0.0237137370566,0,0
4400,0.0245470891569,0.026302679919,0.0254097270555,0,0
4400,0.026302679919,0.0281838293126,0.0272270130808,0,0
4400,0.0281838293126,0.030199517204,0.02917427014,0,0
4400,0.030199517204,0.032359365693,0.0312607936712,0,0
4400,0.032359365693,0.0346736850453,0.0334965439158,0.0514891509009,0.999499874937
4400,0.0346736850453,0.0371535229097,0.0358921934645,0,0
4400,0.0371535229097,0.0398107170553,0.0384591782045,0.0350217247048,0.744012206569
4400,0.0398107170553,0.0426579518802,0.0412097519097,0.0384527677641,0.879109284382
4400,0.0426579518802,0.0457088189615,0.0441570447353,0,0
4400,0.0457088189615,0.0489778819368,0.0473151258961,0,0
4400,0.0489778819368,0.052480746025,0.0506990708275,0.0280322340426,0.999499874937
4400,0.052480746025,0.056234132519,0.0543250331492,0.105717148419,0.788323440768
4400,0.056234132519,0.0602559586074,0.0582103217771,0.0618777261815,0.999499874937
4400,0.0602559586074,0.0645654229035,0.0623734835482,0.0172037306781,0.999499874937
4400,0.0645654229035,0.0691830970919,0.0668343917569,0,0
4400,0.0691830970919,0.0741310241301,0.0716143410213,0,0
4400,0.0741310241301,0.0794328234724,0.0767361489362,0,0
4400,0.0794328234724,0.0851138038202,0.0822242649947,0,0
4400,0.0851138038202,0.0912010839356,0.0881048873008,0.0535995456811,0.999499874937
4400,0.0912010839356,0.0977237220956,0.0944060876286,0,0
4400,0.0977237220956,0.104712854805,0.101157945426,0.0341321584302,0.999499874937
4400,0.104712854805,0.11220184543,0.108392691402,0.0315869273236,0.999499874937
4400,0.11220184543,0.120226443462,0.116144861384,0,0
4400,0.120226443462,0.128824955169,0.124451461177,0.00764770106629,0.999499874937
4400,0.128824955169,0.13803842646,0.133352143216,0.0298812931941,0.999499874937
4400,0.13803842646,0.147910838817,0.142889395851,0.0498465116629,0.999499874937
4400,0.147910838817,0.158489319246,0.153108746168,0,0
4400,0.158489319246,0.169824365246,0.16405897732,0,0
4400,0.169824365246,0.181970085861,0.175792361396,0,0
4400,0.181970085861,0.194984459976,0.188364908949,0.0593872594162,0.706785037407
4400,0.194984459976,0.208929613085,0.201836636368,0,0
4400,0.208929613085,0.223872113857,0.216271852373,0.024516487748,0.999499874937
4400,0.223872113857,0.239883291902,0.231739464997,0,0
4400,0.239883291902,0.257039578277,0.24831331053,0.0120053917248,0.824578257721
4400,0.257039578277,0.275422870334,0.26607250598,0,0
4400,0.275422870334,0.295120922667,0.28510182675,0.108150333564,0.577111398104
4400,0.295120922667,0.316227766017,0.305492111322,0.0532824688197,0.999499874937
4400,0.316227766017,0.338844156139,0.327340694879,0.0311341237746,0.999499874937
4400,0.338844156139,0.36307805477,0.350751873953,0.0332566085992,0.999499874937
4400,0.36307805477,0.389045144994,0.375837404288,0.0707815829051,0.598644326942
4400,0.389045144994,0.41686938347,0.402717034325,0,0
4400,0.41686938347,0.446683592151,0.431519076828,0,0
4400,0.446683592151,0.478630092323,0.462381021399,0.0436125451543,0.999499874937
4400,0.478630092323,0.512861383991,0.495450190805,0.0837025304035,0.632539034552
4400,0.512861383991,0.549540873858,0.530884444231,0,0
4400,0.549540873858,0.588843655356,0.568852930844,0.0512308117594,0.999499874937
4400,0.588843655356,0.63095734448,0.60953689724,0.0125111665132,0.999499874937
4400,0.63095734448,0.676082975392,0.653130552647,0.02276829355,0.999499874937
4400,0.676082975392,0.724435960075,0.699841996002,0,0
4400,0.724435960075,0.776247116629,0.749894209332,0,0
4400,0.776247116629,0.831763771103,0.803526122186,0,0
4400,0.831763771103,0.891250938134,0.860993752185,0,0
4400,0.891250938134,0.954992586021,0.922571427155,0,0
4400,0.954992586021,1.02329299228,0.988553094657,0.011813763777,0.999499874937
4400,1.02329299228,1.09647819614,1.05925372518,0,0
4400,1.09647819614,1.17489755494,1.13501081567,0,0
4400,1.17489755494,1.25892541179,1.21618600065,0.035608278618,0.999499874937
4400,1.25892541179,1.34896288259,1.30316677845,0.0132384810241,0.999499874937
4400,1.34896288259,1.44543977075,1.39636836106,0.101230690205,0.83605531006
4400,1.44543977075,1.54881661891,1.49623565609,0,0
4400,1.54881661891,1.65958690744,1.60324539069,0,0
4400,1.65958690744,1.77827941004,1.71790838716,0,0
4400,1.77827941004,1.90546071796,1.84077200147,0,0
4400,1.90546071796,2.04173794467,1.97242273611,0,0
4400,2.04173794467,2.18776162395,2.11348903984,0,0
4400,2.18776162395,2.34422881532,2.26464430759,0.012290034464,0.999499874937
4400,2.34422881532,2.51188643151,2.42661009508,0.0324876206299,0.999499874937
4400,2.51188643151,2.69153480393,2.60015956317,0,0
4400,2.69153480393,2.88403150313,2.78612116863,0,0
4400,2.88403150313,3.09029543251,2.98538261892,0,0
4400,3.09029543251,3.31131121483,3.19889510969,0,0
4400,3.31131121483,3.54813389234,3.42767786546,0.0288177382686,0.999499874937
4400,3.54813389234,3.80189396321,3.67282300498,0,0
4400,3.80189396321,4.07380277804,3.93550075456,0,0
4400,4.07380277804,4.3651583224,4.21696503429,0,0
4400,4.3651583224,4.67735141287,4.51855944375,0,0
4400,4.67735141287,5.01187233627,4.84172367584,0,0
4400,5.01187233627,5.3703179637,5.18800038929,0,0
4400,5.3703179637,5.75439937337,5.5590425727,0,0
4400,5.75439937337,6.16595001861,5.95662143529,0,0
4400,6.16595001861,6.60693448008,6.38263486191,0,0
4400,6.60693448008,7.07945784384,6.83911647281,0,0
4400,7.07945784384,7.58577575029,7.32824533139,0,0
4400,7.58577575029,8.12830516164,7.8523563461,0,0
4400,8.12830516164,8.70963589956,8.41395141645,0.0296091785507,0.999499874937
4400,8.70963589956,9.33254300797,9.01571137606,0.0415974058585,0.999499874937
4400,9.33254300797,10,9.6605087899,4.09486429696,0.100119742435
4600,0.01,0.0107151930524,0.0103514216668,0,0
4600,0.0107151930524,0.011481536215,0.0110917481526,0,0
4600,0.011481536215,0.0123026877081,0.0118850222744,0,0
4600,0.0123026877081,0.0131825673856,0.0127350308102,0,0
4600,0.0131825673856,0.0141253754462,0.0136458313659,0,0
4600,0.0141253754462,0.0151356124844,0.0146217717446,0,0
4600,0.0151356124844,0.0162181009736,0.0156675107011,0,0
4600,0.0162181009736,0.0173780082875,0.0167880401812,0,0
4600,0.0173780082875,0.0186208713666,0.0179887091513,0,0
4600,0.0186208713666,0.0199526231497,0.0192752491319,0,0
4600,0.0199526231497,0.021379620895,0.0206538015581,0,0
4600,0.021379620895,0.0229086765277,0.0221309470961,0,0
4600,0.0229086765277,0.0245470891569,0.0237137370566,0,0
4600,0.0245470891569,0.026302679919,0.0254097270555,0,0
4600,0.026302679919,0.0281838293126,0.0272270130808,0,0
4600,0.0281838293126,0.030199517204,0.02917427014,0,0
4600,0.030199517204,0.032359365693,0.0312607936712,0,0
4600,0.032359365693,0.0346736850453,0.0334965439158,0,0
4600,0.0346736850453,0.0371535229097,0.0358921934645,0,0
4600,0.0371535229097,0.0398107170553,0.0384591782045,0,0
4600,0.0398107170553,0.0426579518802,0.0412097519097,0.21810860313,0.726452265409
4600,0.0426579518802,0.0457088189615,0.0441570447353,0,0
4600,0.0457088189615,0.0489778819368,0.0473151258961,0.0675294583147,0.999499874937
4600,0.0489778819368,0.052480746025,0.0506990708275,0.126068341608,0.999499874937
4600,0.052480746025,0.056234132519,0.0543250331492,0,0
4600,0.056234132519,0.0602559586074,0.0582103217771,0,0
4600,0.0602559586074,0.0645654229035,0.0623734835482,0.0645330371646,0.999499874937
4600,0.0645654229035,0.0691830970919,0.0668343917569,0,0
4600,0.0691830970919,0.0741310241301,0.0716143410213,0.201475062294,0.999499874937
4600,0.0741310241301,0.0794328234724,0.0767361489362,0,0
4600,0.0794328234724,0.0851138038202,0.0822242649947,0.0869452305798,0.999499874937
4600,0.0851138038202,0.0912010839356,0.0881048873008,0.0418592926599,0.999499874937
4600,0.0912010839356,0.0977237220956,0.0944060876286,0,0
4600,0.0977237220956,0.104712854805,0.101157945426,0,0
4600,0.104712854805,0.11220184543,0.108392691402,0,0
4600,0.11220184543,0.120226443462,0.116144861384,0.0215030494661,0.999499874937
4600,0.120226443462,0.128824955169,0.124451461177,0,0
4600,0.128824955169,0.13803842646,0.133352143216,0,0
4600,0.13803842646,0.147910838817,0.142889395851,0,0
4600,0.147910838817,0.158489319246,0.153108746168,0,0
4600,0.158489319246,0.169824365246,0.16405897732,0.149505162269,0.999499874937
4600,0.169824365246,0.181970085861,0.175792361396,0,0
4600,0.181970085861,0.194984459976,0.188364908949,0,0
4600,0.194984459976,0.208929613085,0.201836636368,0.0458913935842,0.999499874937
4600,0.208929613085,0.223872113857,0.216271852373,0,0
4600,0.223872113857,0.239883291902,0.231739464997,0.0491682746853,0.724638287422
4600,0.239883291902,0.257039578277,0.24831331053,0.0350643675975,0.999499874937
4600,0.257039578277,0.275422870334,0.26607250598,0.108315182995,0.999499874937
4600,0.275422870334,0.295120922667,0.28510182675,0,0
4600,0.295120922667,0.316227766017,0.305492111322,0,0
4600,0.316227766017,0.338844156139,0.327340694879,0,0
4600,0.338844156139,0.36307805477,0.350751873953,0,0
4600,0.36307805477,0.389045144994,0.375837404288,0,0
4600,0.389045144994,0.41686938347,0.402717034325,0.116779213353,0.999499874937
4600,0.41686938347,0.446683592151,0.431519076828,0,0
4600,0.446683592151,0.478630092323,0.462381021399,0,0
4600,0.478630092323,0.512861383991,0.495450190805,0.0507046153834,0.999499874937
4600,0.512861383991,0.549540873858,0.530884444231,0,0
4600,0.549540873858,0.588843655356,0.568852930844,0.139532326384,0.999499874937
4600,0.588843655356,0.63095734448,0.60953689724,0,0
4600,0.63095734448,0.676082975392,0.653130552647,0.271454660446,0.999499874937
4600,0.676082975392,0.724435960075,0.699841996002,0.0821198426367,0.999499874937
4600,0.724435960075,0.776247116629,0.749894209332,0.0414363322864,0.999499874937
4600,0.776247116629,0.831763771103,0.803526122186,0,0
4600,0.831763771103,0.891250938134,0.860993752185,0,0
4600,0.891250938134,0.954992586021,0.922571427155,0,0
4600,0.954992586021,1.02329299228,0.988553094657,0,0
4600,1.02329299228,1.09647819614,1.05925372518,0,0
4600,1.09647819614,1.17489755494,1.13501081567,0,0
4600,1.17489755494,1.25892541179,1.21618600065,0,0
4600,1.25892541179,1.34896288259,1.30316677845,0,0
4600,1.34896288259,1.44543977075,1.39636836106,0.129425234064,0.999499874937
4600,1.44543977075,1.54881661891,1.49623565609,0,0
4600,1.54881661891,1.65958690744,1.60324539069,0,0
4600,1.65958690744,1.77827941004,1.71790838716,0,0
4600,1.77827941004,1.90546071796,1.84077200147,0,0
4600,1.90546071796,2.04173794467,1.97242273611,0.0974446959279,0.999499874937
4600,2.04173794467,2.18776162395,2.11348903984,0,0
4600,2.18776162395,2.34422881532,2.26464430759,0,0
4600,2.34422881532,2.51188643151,2.42661009508,0,0
4600,2.51188643151,2.69153480393,2.60015956317,0,0
4600,2.69153480393,2.88403150313,2.78612116863,0,0
4600,2.88403150313,3.09029543251,2.98538261892,0,0
4600,3.09029543251,3.31131121483,3.19889510969,0,0
4600,3.31131121483,3.54813389234,3.42767786546,0.013127416502,0.999499874937
4600,3.54813389234,3.80189396321,3.67282300498,0.0618069502263,0.999499874937
4600,3.80189396321,4.07380277804,3.93550075456,0,0
4600,4.07380277804,4.3651583224,4.21696503429,0,0
4600,4.3651583224,4.67735141287,4.51855944375,0,0
4600,4.67735141287,5.01187233627,4.84172367584,0,0
4600,5.01187233627,5.3703179637,5.18800038929,0,0
4600,5.3703179637,5.75439937337,5.5590425727,0,0
4600,5.75439937337,6.16595001861,5.95662143529,0.048861666079,0.999499874937
4600,6.16595001861,6.60693448008,6.38263486191,0.0741957821276,0.999499874937
4600,6.60693448008,7.07945784384,6.83911647281,0,0
4600,7.07945784384,7.58577575029,7.32824533139,0,0
4600,7.58577575029,8.12830516164,7.8523563461,0.259216894871,0.71172521622
4600,8.12830516164,8.70963589956,8.41395141645,0,0
4600,8.70963589956,9.33254300797,9.01571137606,0.0155712681958,0.999499874937
4600,9.33254300797,10,9.6605087899,4.4601702363,0.19252272531
4800,0.01,0.0107151930524,0.0103514216668,0,0
4800,0.0107151930524,0.011481536215,0.0110917481526,0,0
4800,0.011481536215,0.0123026877081,0.0118850222744,0,0
4800,0.0123026877081,0.0131825673856,0.0127350308102,0,0
4800,0.0131825673856,0.0141253754462,0.0136458313659,0,0
4800,0.0141253754462,0.0151356124844,0.0146217717446,0,0
4800,0.0151356124844,0.0162181009736,0.0156675107011,0,0
4800,0.0162181009736,0.0173780082875,0.0167880401812,0,0
4800,0.0173780082875,0.0186208713666,0.0179887091513,0,0
4800,0.0186208713666,0.0199526231497,0.0192752491319,0,0
4800,0.0199526231497,0.021379620895,0.0206538015581,0,0
4800,0.021379620895,0.0229086765277,0.0221309470961,0,0
4800,0.0229086765277,0.0245470891569,0.0237137370566,0,0
4800,0.0245470891569,0.026302679919,0.0254097270555,0,0
4800,0.026302679919,0.0281838293126,0.0272270130808,0,0
4800,0.0281838293126,0.030199517204,0.02917427014,0.287313416899,0.719613501464
4800,0.030199517204,0.032359365693,0.0312607936712,0,0
4800,0.032359365693,0.0346736850453,0.0334965439158,0,0
4800,0.0346736850453,0.0371535229097,0.0358921934645,0,0
4800,0.0371535229097,0.0398107170553,0.0384591782045,0.0994995912716,0.999499874937
4800,0.0398107170553,0.0426579518802,0.0412097519097,0.105777015754,0.999499874937
4800,0.0426579518802,0.0457088189615,0.0441570447353,0,0
4800,0.0457088189615,0.0489778819368,0.0473151258961,0,0
4800,0.0489778819368,0.052480746025,0.0506990708275,0,0
4800,0.052480746025,0.056234132519,0.0543250331492,0,0
4800,0.056234132519,0.0602559586074,0.0582103217771,0,0
4800,0.0602559586074,0.0645654229035,0.0623734835482,0,0
4800,0.0645654229035,0.0691830970919,0.0668343917569,0,0
4800,0.0691830970919,0.0741310241301,0.0716143410213,0,0
4800,0.0741310241301,0.0794328234724,0.0767361489362,0.112893970211,0.999499874937
4800,0.0794328234724,0.0851138038202,0.0822242649947,0,0
4800,0.0851138038202,0.0912010839356,0.0881048873008,0,0
4800,0.0912010839356,0.0977237220956,0.0944060876286,0,0
4800,0.0977237220956,0.104712854805,0.101157945426,0,0
4800,0.104712854805,0.11220184543,0.108392691402,0.493249549434,0.741422094702
4800,0.11220184543,0.120226443462,0.116144861384,0.312900350748,0.907974687702
4800,0.120226443462,0.128824955169,0.124451461177,0,0
4800,0.128824955169,0.13803842646,0.133352143216,0,0
4800,0.13803842646,0.147910838817,0.142889395851,0,0
4800,0.147910838817,0.158489319246,0.153108746168,0.0287622877965,0.999499874937
4800,0.158489319246,0.169824365246,0.16405897732,0,0
4800,0.169824365246,0.181970085861,0.175792361396,0,0
4800,0.181970085861,0.194984459976,0.188364908949,0,0
4800,0.194984459976,0.208929613085,0.201836636368,0.188518096567,0.890404128091
4800,0.208929613085,0.223872113857,0.216271852373,0.500212879745,0.59299888114
4800,0.223872113857,0.239883291902,0.231739464997,0.481223630875,0.738229254648
4800,0.239883291902,0.257039578277,0.24831331053,0,0
4800,0.257039578277,0.275422870334,0.26607250598,0,0
4800,0.275422870334,0.295120922667,0.28510182675,0,0
4800,0.295120922667,0.316227766017,0.305492111322,0,0
4800,0.316227766017,0.338844156139,0.327340694879,0,0
4800,0.338844156139,0.36307805477,0.350751873953,0,0
4800,0.36307805477,0.389045144994,0.375837404288,0.21550444841,0.999499874937
4800,0.389045144994,0.41686938347,0.402717034325,0,0
4800,0.41686938347,0.446683592151,0.431519076828,0.512043768005,0.767861118141
4800,0.446683592151,0.478630092323,0.462381021399,0,0
4800,0.478630092323,0.512861383991,0.495450190805,1.1892748965,0.415000734225
4800,0.512861383991,0.549540873858,0.530884444231,0,0
4800,0.549540873858,0.588843655356,0.568852930844,0,0
4800,0.588843655356,0.63095734448,0.60953689724,0.10246615574,0.718560307003
4800,0.63095734448,0.676082975392,0.653130552647,0.216307362494,0.999499874937
4800,0.676082975392,0.724435960075,0.699841996002,0.324061565402,0.999499874937
4800,0.724435960075,0.776247116629,0.749894209332,0.187850022828,0.999499874937
4800,0.776247116629,0.831763771103,0.803526122186,0,0
4800,0.831763771103,0.891250938134,0.860993752185,0.216858340295,0.999499874937
4800,0.891250938134,0.954992586021,0.922571427155,0,0
4800,0.954992586021,1.02329299228,0.988553094657,0.199864264934,0.999499874937
4800,1.02329299228,1.09647819614,1.05925372518,0,0
4800,1.09647819614,1.17489755494,1.13501081567,0,0
4800,1.17489755494,1.25892541179,1.21618600065,0.34170963501,0.757437851289
4800,1.25892541179,1.34896288259,1.30316677845,0,0
4800,1.34896288259,1.44543977075,1.39636836106,0,0
4800,1.44543977075,1.54881661891,1.49623565609,0,0
4800,1.54881661891,1.65958690744,1.60324539069,0,0
4800,1.65958690744,1.77827941004,1.71790838716,0,0
4800,1.77827941004,1.90546071796,1.84077200147,0.666114610945,0.728005167874
4800,1.90546071796,2.04173794467,1.97242273611,0,0
4800,2.04173794467,2.18776162395,2.11348903984,0,0
4800,2.18776162395,2.34422881532,2.26464430759,0,0
4800,2.34422881532,2.51188643151,2.42661009508,0,0
4800,2.51188643151,2.69153480393,2.60015956317,0.239240679741,0.999499874937
4800,2.69153480393,2.88403150313,2.78612116863,0.0894649600898,0.999499874937
4800,2.88403150313,3.09029543251,2.98538261892,0,0
4800,3.09029543251,3.31131121483,3.19889510969,0,0
4800,3.31131121483,3.54813389234,3.42767786546,0,0
4800,3.54813389234,3.80189396321,3.67282300498,0.115291882621,0.999499874937
4800,3.80189396321,4.07380277804,3.93550075456,0,0
4800,4.07380277804,4.3651583224,4.21696503429,0,0
4800,4.3651583224,4.67735141287,4.51855944375,0,0
4800,4.67735141287,5.01187233627,4.84172367584,0,0
4800,5.01187233627,5.3703179637,5.18800038929,0,0
4800,5.3703179637,5.75439937337,5.5590425727,0,0
4800,5.75439937337,6.16595001861,5.95662143529,0.175242347879,0.999499874937
4800,6.16595001861,6.60693448008,6.38263486191,0,0
4800,6.60693448008,7.07945784384,6.83911647281,0,0
4800,7.07945784384,7.58577575029,7.32824533139,0.120001639796,0.999499874937
4800,7.58577575029,8.12830516164,7.8523563461,0.0198134866752,0.999499874937
4800,8.12830516164,8.70963589956,8.41395141645,0.152384500718,0.999499874937
4800,8.70963589956,9.33254300797,9.01571137606,0.0588927971265,0.999499874937
4800,9.33254300797,10,9.6605087899,20.6538950591,0.107362263861
5000,0.01,0.0107151930524,0.0103514216668,0,0
5000,0.0107151930524,0.011481536215,0.0110917481526,0,0
5000,0.011481536215,0.0123026877081,0.0118850222744,0,0
5000,0.0123026877081,0.0131825673856,0.0127350308102,0,0
5000,0.0131825673856,0.0141253754462,0.0136458313659,0,0
5000,0.0141253754462,0.0151356124844,0.0146217717446,0,0
5000,0.0151356124844,0.0162181009736,0.0156675107011,0,0
5000,0.0162181009736,0.0173780082875,0.0167880401812,0,0
5000,0.0173780082875,0.0186208713666,0.0179887091513,0,0
5000,0.0186208713666,0.0199526231497,0.0192752491319,0,0
5000,0.0199526231497,0.021379620895,0.0206538015581,0,0
5000,0.021379620895,0.0229086765277,0.0221309470961,0.0271236816013,0.999499874937
5000,0.0229086765277,0.0245470891569,0.0237137370566,0.0107484844536,0.999499874937
5000,0.0245470891569,0.026302679919,0.0254097270555,0,0
5000,0.026302679919,0.0281838293126,0.0272270130808,0,0
5000,0.0281838293126,0.030199517204,0.02917427014,0,0
5000,0.030199517204,0.032359365693,0.0312607936712,0.0113217855394,0.999499874937
5000,0.032359365693,0.0346736850453,0.0334965439158,0,0
5000,0.0346736850453,0.0371535229097,0.0358921934645,0,0
5000,0.0371535229097,0.0398107170553,0.0384591782045,0,0
5000,0.0398107170553,0.0426579518802,0.0412097519097,0,0
5000,0.0426579518802,0.0457088189615,0.0441570447353,0,0
5000,0.0457088189615,0.0489778819368,0.0473151258961,0,0
5000,0.0489778819368,0.052480746025,0.0506990708275,0.00999342144117,0.999499874937
5000,0.052480746025,0.056234132519,0.0543250331492,0.0406814300643,0.999499874937
5000,0.056234132519,0.0602559586074,0.0582103217771,0.0470811912202,0.708943178132
5000,0.0602559586074,0.0645654229035,0.0623734835482,0.0788538158781,0.999499874937
5000,0.0645654229035,0.0691830970919,0.0668343917569,0.0548498626723,0.845919692619
5000,0.0691830970919,0.0741310241301,0.0716143410213,0,0
5000,0.0741310241301,0.0794328234724,0.0767361489362,0.0466356567282,0.999499874937
5000,0.0794328234724,0.0851138038202,0.0822242649947,0.0488795287929,0.999499874937
5000,0.0851138038202,0.0912010839356,0.0881048873008,0,0
5000,0.0912010839356,0.0977237220956,0.0944060876286,0.04056755363,0.999499874937
5000,0.0977237220956,0.104712854805,0.101157945426,0,0
5000,0.104712854805,0.11220184543,0.108392691402,0,0
5000,0.11220184543,0.120226443462,0.116144861384,0,0
5000,0.120226443462,0.128824955169,0.124451461177,0,0
5000,0.128824955169,0.13803842646,0.133352143216,0,0
5000,0.13803842646,0.147910838817,0.142889395851,0,0
5000,0.147910838817,0.158489319246,0.153108746168,0,0
5000,0.158489319246,0.169824365246,0.16405897732,0,0
5000,0.169824365246,0.181970085861,0.175792361396,0,0
5000,0.181970085861,0.194984459976,0.188364908949,0.0586634052158,0.999499874937
5000,0.194984459976,0.208929613085,0.201836636368,0.0198495847958,0.999499874937
5000,0.208929613085,0.223872113857,0.216271852373,0,0
5000,0.223872113857,0.239883291902,0.231739464997,0,0
5000,0.239883291902,0.257039578277,0.24831331053,0.0149882247078,0.999499874937
5000,0.257039578277,0.275422870334,0.26607250598,0,0
5000,0.275422870334,0.295120922667,0.28510182675,0.0903226150294,0.650241056482
5000,0.295120922667,0.316227766017,0.305492111322,0,0
5000,0.316227766017,0.338844156139,0.327340694879,0.0448589383027,0.999499874937
5000,0.338844156139,0.36307805477,0.350751873953,0,0
5000,0.36307805477,0.389045144994,0.375837404288,0,0
5000,0.389045144994,0.41686938347,0.402717034325,0,0
5000,0.41686938347,0.446683592151,0.431519076828,0,0
5000,0.446683592151,0.478630092323,0.462381021399,0.0148891478311,0.999499874937
5000,0.478630092323,0.512861383991,0.495450190805,0.32663319709,0.506995209928
5000,0.512861383991,0.549540873858,0.530884444231,0,0
5000,0.549540873858,0.588843655356,0.568852930844,0,0
5000,0.588843655356,0.63095734448,0.60953689724,0,0
5000,0.63095734448,0.676082975392,0.653130552647,0.0166447923831,0.733694172704
5000,0.676082975392,0.724435960075,0.699841996002,0,0
5000,0.724435960075,0.776247116629,0.749894209332,0.0095611207527,0.999499874937
5000,0.776247116629,0.831763771103,0.803526122186,0,0
5000,0.831763771103,0.891250938134,0.860993752185,0,0
5000,0.891250938134,0.954992586021,0.922571427155,0.205555563594,0.800832525816
5000,0.954992586021,1.02329299228,0.988553094657,0,0
5000,1.02329299228,1.09647819614,1.05925372518,0.0424366388998,0.999499874937
5000,1.09647819614,1.17489755494,1.13501081567,0,0
5000,1.17489755494,1.25892541179,1.21618600065,0,0
5000,1.25892541179,1.34896288259,1.30316677845,0,0
5000,1.34896288259,1.44543977075,1.39636836106,0,0
5000,1.44543977075,1.54881661891,1.49623565609,0.0916635521249,0.999499874937
5000,1.54881661891,1.65958690744,1.60324539069,0,0
5000,1.65958690744,1.77827941004,1.71790838716,0,0
5000,1.77827941004,1.90546071796,1.84077200147,0,0
5000,1.90546071796,2.04173794467,1.97242273611,0,0
5000,2.04173794467,2.18776162395,2.11348903984,0,0
5000,2.18776162395,2.34422881532,2.26464430759,0,0
5000,2.34422881532,2.51188643151,2.42661009508,0,0
5000,2.51188643151,2.69153480393,2.60015956317,0,0
5000,2.69153480393,2.88403150313,2.78612116863,0,0
5000,2.88403150313,3.09029543251,2.98538261892,0,0
5000,3.09029543251,3.31131121483,3.19889510969,0.0344594430979,0.999499874937
5000,3.31131121483,3.54813389234,3.42767786546,0,0
5000,3.54813389234,3.80189396321,3.67282300498,0,0
5000,3.80189396321,4.07380277804,3.93550075456,0,0
5000,4.07380277804,4.3651583224,4.21696503429,0,0
5000,4.3651583224,4.67735141287,4.51855944375,0,0
5000,4.67735141287,5.01187233627,4.84172367584,0,0
5000,5.01187233627,5.3703179637,5.18800038929,0,0
5000,5.3703179637,5.75439937337,5.5590425727,0.265591799255,0.724018462095
5000,5.75439937337,6.16595001861,5.95662143529,0,0
5000,6.16595001861,6.60693448008,6.38263486191,0,0
5000,6.60693448008,7.07945784384,6.83911647281,0.105392551741,0.999499874937
5000,7.07945784384,7.58577575029,7.32824533139,0,0
5000,7.58577575029,8.12830516164,7.8523563461,0,0
5000,8.12830516164,8.70963589956,8.41395141645,0,0
5000,8.70963589956,9.33254300797,9.01571137606,0,0
5000,9.33254300797,10,9.6605087899,5.58234448649,0.14482307102
5200,0.01,0.0107151930524,0.0103514216668,0,0
5200,0.0107151930524,0.011481536215,0.0110917481526,0,0
5200,0.011481536215,0.0123026877081,0.0118850222744,0,0
5200,0.0123026877081,0.0131825673856,0.0127350308102,0,0
5200,0.0131825673856,0.0141253754462,0.0136458313659,0,0
5200,0.0141253754462,0.0151356124844,0.0146217717446,0,0
5200,0.0151356124844,0.0162181009736,0.0156675107011,0.00585059033662,0.999499874937
5200,0.0162181009736,0.0173780082875,0.0167880401812,0,0
5200,0.0173780082875,0.0186208713666,0.0179887091513,0,0
5200,0.0186208713666,0.0199526231497,0.0192752491319,0,0
5200,0.0199526231497,0.021379620895,0.0206538015581,0,0
5200,0.021379620895,0.0229086765277,0.0221309470961,0,0
5200,0.0229086765277,0.0245470891569,0.0237137370566,0,0
5200,0.0245470891569,0.026302679919,0.0254097270555,0,0
5200,0.026302679919,0.0281838293126,0.0272270130808,0,0
5200,0.0281838293126,0.030199517204,0.02917427014,0,0
5200,0.030199517204,0.032359365693,0.0312607936712,0,0
5200,0.032359365693,0.0346736850453,0.0334965439158,0,0
5200,0.0346736850453,0.0371535229097,0.0358921934645,0,0
5200,0.0371535229097,0.0398107170553,0.0384591782045,0,0
5200,0.0398107170553,0.0426579518802,0.0412097519097,0,0
5200,0.0426579518802,0.0457088189615,0.0441570447353,0,0
5200,0.0457088189615,0.0489778819368,0.0473151258961,0,0
5200,0.0489778819368,0.052480746025,0.0506990708275,0,0
5200,0.052480746025,0.056234132519,0.0543250331492,0,0
5200,0.056234132519,0.0602559586074,0.0582103217771,0,0
5200,0.0602559586074,0.0645654229035,0.0623734835482,0,0
5200,0.0645654229035,0.0691830970919,0.0668343917569,0,0
5200,0.0691830970919,0.0741310241301,0.0716143410213,0,0
5200,0.0741310241301,0.0794328234724,0.0767361489362,0,0
5200,0.0794328234724,0.0851138038202,0.0822242649947,0,0
5200,0.0851138038202,0.0912010839356,0.0881048873008,0,0
5200,0.0912010839356,0.0977237220956,0.0944060876286,0,0
5200,0.0977237220956,0.104712854805,0.101157945426,0,0
5200,0.104712854805,0.11220184543,0.108392691402,0,0
5200,0.11220184543,0.120226443462,0.116144861384,0,0
5200,0.120226443462,0.128824955169,0.124451461177,0,0
5200,0.128824955169,0.13803842646,0.133352143216,0,0
5200,0.13803842646,0.147910838817,0.142889395851,0,0
5200,0.147910838817,0.158489319246,0.153108746168,0.000723277997271,0.999499874937
5200,0.158489319246,0.169824365246,0.16405897732,0,0
5200,0.169824365246,0.181970085861,0.175792361396,0,0
5200,0.181970085861,0.194984459976,0.188364908949,0,0
5200,0.194984459976,0.208929613085,0.201836636368,0,0
5200,0.208929613085,0.223872113857,0.216271852373,0,0
5200,0.223872113857,0.239883291902,0.231739464997,0,0
5200,0.239883291902,0.257039578277,0.24831331053,0.064784390375,0.999499874937
5200,0.257039578277,0.275422870334,0.26607250598,0,0
5200,0.275422870334,0.295120922667,0.28510182675,0,0
5200,0.295120922667,0.316227766017,0.305492111322,0,0
5200,0.316227766017,0.338844156139,0.327340694879,0,0
5200,0.338844156139,0.36307805477,0.350751873953,0,0
5200,0.36307805477,0.389045144994,0.375837404288,0,0
5200,0.389045144994,0.41686938347,0.402717034325,0,0
5200,0.41686938347,0.446683592151,0.431519076828,0,0
5200,0.446683592151,0.478630092323,0.462381021399,0,0
5200,0.478630092323,0.512861383991,0.495450190805,0.144120036283,0.999499874937
5200,0.512861383991,0.549540873858,0.530884444231,0,0
5200,0.549540873858,0.588843655356,0.568852930844,0,0
5200,0.588843655356,0.63095734448,0.60953689724,0.00644696382426,0.999499874937
5200,0.63095734448,0.676082975392,0.653130552647,0,0
5200,0.676082975392,0.724435960075,0.699841996002,0.0751645935948,0.999499874937
5200,0.724435960075,0.776247116629,0.749894209332,0,0
5200,0.776247116629,0.831763771103,0.803526122186,0,0
5200,0.831763771103,0.891250938134,0.860993752185,0,0
5200,0.891250938134,0.954992586021,0.922571427155,0,0
5200,0.954992586021,1.02329299228,0.988553094657,0,0
5200,1.02329299228,1.09647819614,1.05925372518,0,0
5200,1.09647819614,1.17489755494,1.13501081567,0,0
5200,1.17489755494,1.25892541179,1.21618600065,0,0
5200,1.25892541179,1.34896288259,1.30316677845,0,0
5200,1.34896288259,1.44543977075,1.39636836106,0,0
5200,1.44543977075,1.54881661891,1.49623565609,0,0
5200,1.54881661891,1.65958690744,1.60324539069,0,0
5200,1.65958690744,1.77827941004,1.71790838716,0,0
5200,1.77827941004,1.90546071796,1.84077200147,0,0
5200,1.90546071796,2.04173794467,1.97242273611,0,0
5200,2.04173794467,2.18776162395,2.11348903984,0,0
5200,2.18776162395,2.34422881532,2.26464430759,0,0
5200,2.34422881532,2.51188643151,2.42661009508,0,0
5200,2.51188643151,2.69153480393,2.60015956317,0,0
5200,2.69153480393,2.88403150313,2.78612116863,0,0
5200,2.88403150313,3.09029543251,2.98538261892,0,0
5200,3.09029543251,3.31131121483,3.19889510969,0,0
5200,3.31131121483,3.54813389234,3.42767786546,0,0
5200,3.54813389234,3.80189396321,3.67282300498,0,0
5200,3.80189396321,4.07380277804,3.93550075456,0,0
5200,4.07380277804,4.3651583224,4.21696503429,0,0
5200,4.3651583224,4.67735141287,4.51855944375,0,0
5200,4.67735141287,5.01187233627,4.84172367584,0,0
5200,5.01187233627,5.3703179637,5.18800038929,0,0
5200,5.3703179637,5.75439937337,5.5590425727,0,0
5200,5.75439937337,6.16595001861,5.95662143529,0,0
5200,6.16595001861,6.60693448008,6.38263486191,0,0
5200,6.60693448008,7.07945784384,6.83911647281,0,0
5200,7.07945784384,7.58577575029,7.32824533139,0,0
5200,7.58577575029,8.12830516164,7.8523563461,0,0
5200,8.12830516164,8.70963589956,8.41395141645,0,0
5200,8.70963589956,9.33254300797,9.01571137606,0,0
5200,9.33254300797,10,9.6605087899,0.464494831399,0.999499874937
5400,0.01,0.0107151930524,0.0103514216668,0,0
5400,0.0107151930524,0.011481536215,0.0110917481526,0,0
5400,0.011481536215,0.0123026877081,0.0118850222744,0,0
5400,0.0123026877081,0.0131825673856,0.0127350308102,0,0
5400,0.0131825673856,0.0141253754462,0.0136458313659,0,0
5400,0.0141253754462,0.0151356124844,0.0146217717446,0,0
5400,0.0151356124844,0.0162181009736,0.0156675107011,0,0
5400,0.0162181009736,0.0173780082875,0.0167880401812,0,0
5400,0.0173780082875,0.0186208713666,0.0179887091513,0,0
5400,0.0186208713666,0.0199526231497,0.0192752491319,0,0
5400,0.0199526231497,0.021379620895,0.0206538015581,0,0
5400,0.021379620895,0.0229086765277,0.0221309470961,0,0
5400,0.0229086765277,0.0245470891569,0.0237137370566,0,0
5400,0.0245470891569,0.026302679919,0.0254097270555,0,0
5400,0.026302679919,0.0281838293126,0.0272270130808,0,0
5400,0.0281838293126,0.030199517204,0.02917427014,0,0
5400,0.030199517204,0.032359365693,0.0312607936712,0,0
5400,0.032359365693,0.0346736850453,0.0334965439158,0,0
5400,0.0346736850453,0.0371535229097,0.0358921934645,0,0
5400,0.0371535229097,0.0398107170553,0.0384591782045,0,0
5400,0.0398107170553,0.0426579518802,0.0412097519097,0,0
5400,0.0426579518802,0.0457088189615,0.0441570447353,0,0
5400,0.0457088189615,0.0489778819368,0.0473151258961,0,0
5400,0.0489778819368,0.052480746025,0.0506990708275,0,0
5400,0.052480746025,0.056234132519,0.0543250331492,0,0
5400,0.056234132519,0.0602559586074,0.0582103217771,0,0
5400,0.0602559586074,0.0645654229035,0.0623734835482,0,0
5400,0.0645654229035,0.0691830970919,0.0668343917569,0,0
5400,0.0691830970919,0.0741310241301,0.0716143410213,0,0
5400,0.0741310241301,0.0794328234724,0.0767361489362,0.259713439001,0.999499874937
5400,0.0794328234724,0.0851138038202,0.0822242649947,0,0
5400,0.0851138038202,0.0912010839356,0.0881048873008,0,0
5400,0.0912010839356,0.0977237220956,0.0944060876286,0,0
5400,0.0977237220956,0.104712854805,0.101157945426,0,0
5400,0.104712854805,0.11220184543,0.108392691402,0.162048109506,0.999499874937
5400,0.11220184543,0.120226443462,0.116144861384,0,0
5400,0.120226443462,0.128824955169,0.124451461177,0,0
5400,0.128824955169,0.13803842646,0.133352143216,0,0
5400,0.13803842646,0.147910838817,0.142889395851,0,0
5400,0.147910838817,0.158489319246,0.153108746168,0,0
5400,0.158489319246,0.169824365246,0.16405897732,0,0
5400,0.169824365246,0.181970085861,0.175792361396,0,0
5400,0.181970085861,0.194984459976,0.188364908949,0,0
5400,0.194984459976,0.208929613085,0.201836636368,0,0
5400,0.208929613085,0.223872113857,0.216271852373,0,0
5400,0.223872113857,0.239883291902,0.231739464997,0,0
5400,0.239883291902,0.257039578277,0.24831331053,0,0
5400,0.257039578277,0.275422870334,0.26607250598,0,0
5400,0.275422870334,0.295120922667,0.28510182675,0,0
5400,0.295120922667,0.316227766017,0.305492111322,0,0
5400,0.316227766017,0.338844156139,0.327340694879,0,0
5400,0.338844156139,0.36307805477,0.350751873953,0,0
5400,0.36307805477,0.389045144994,0.375837404288,0,0
5400,0.389045144994,0.41686938347,0.402717034325,0,0
5400,0.41686938347,0.446683592151,0.431519076828,0,0
5400,0.446683592151,0.478630092323,0.462381021399,0,0
5400,0.478630092323,0.512861383991,0.495450190805,0,0
5400,0.512861383991,0.549540873858,0.530884444231,0,0
5400,0.549540873858,0.588843655356,0.568852930844,0,0
5400,0.588843655356,0.63095734448,0.60953689724,0,0
5400,0.63095734448,0.676082975392,0.653130552647,0,0
5400,0.676082975392,0.724435960075,0.699841996002,0,0
5400,0.724435960075,0.776247116629,0.749894209332,0,0
5400,0.776247116629,0.831763771103,0.803526122186,0,0
5400,0.831763771103,0.891250938134,0.860993752185,0,0
5400,0.891250938134,0.954992586021,0.922571427155,0,0
5400,0.954992586021,1.02329299228,0.988553094657,0,0
5400,1.02329299228,1.09647819614,1.05925372518,0,0
5400,1.09647819614,1.17489755494,1.13501081567,0,0
5400,1.17489755494,1.25892541179,1.21618600065,0,0
5400,1.25892541179,1.34896288259,1.30316677845,0,0
5400,1.34896288259,1.44543977075,1.39636836106,0,0
5400,1.44543977075,1.54881661891,1.49623565609,0,0
5400,1.54881661891,1.65958690744,1.60324539069,0,0
5400,1.65958690744,1.77827941004,1.71790838716,0,0
5400,1.77827941004,1.90546071796,1.84077200147,0,0
5400,1.90546071796,2.04173794467,1.97242273611,0,0
5400,2.04173794467,2.18776162395,2.11348903984,0,0
5400,2.18776162395,2.34422881532,2.26464430759,0,0
5400,2.34422881532,2.51188643151,2.42661009508,0,0
5400,2.51188643151,2.69153480393,2.60015956317,0,0
5400,2.69153480393,2.88403150313,2.78612116863,0,0
5400,2.88403150313,3.09029543251,2.98538261892,0,0
5400,3.09029543251,3.31131121483,3.19889510969,0,0
5400,3.31131121483,3.54813389234,3.42767786546,0,0
5400,3.54813389234,3.80189396321,3.67282300498,0,0
5400,3.80189396321,4.07380277804,3.93550075456,0,0
5400,4.07380277804,4.3651583224,4.21696503429,0,0
5400,4.3651583224,4.67735141287,4.51855944375,0,0
5400,4.67735141287,5.01187233627,4.84172367584,0,0
5400,5.01187233627,5.3703179637,5.18800038929,0,0
5400,5.3703179637,5.75439937337,5.5590425727,0,0
5400,5.75439937337,6.16595001861,5.95662143529,0,0
5400,6.16595001861,6.60693448008,6.38263486191,0,0
5400,6.60693448008,7.07945784384,6.83911647281,0,0
5400,7.07945784384,7.58577575029,7.32824533139,0,0
5400,7.58577575029,8.12830516164,7.8523563461,0,0
5400,8.12830516164,8.70963589956,8.41395141645,0,0
5400,8.70963589956,9.33254300797,9.01571137606,0,0
5400,9.33254300797,10,9.6605087899,0,0
5600,0.01,0.0107151930524,0.0103514216668,0,0
5600,0.0107151930524,0.011481536215,0.0110917481526,0,0
5600,0.011481536215,0.0123026877081,0.0118850222744,0,0
5600,0.0123026877081,0.0131825673856,0.0127350308102,0,0
5600,0.0131825673856,0.0141253754462,0.0136458313659,0,0
5600,0.0141253754462,0.0151356124844,0.0146217717446,0,0
5600,0.0151356124844,0.0162181009736,0.0156675107011,0,0
5600,0.0162181009736,0.0173780082875,0.0167880401812,0,0
5600,0.0173780082875,0.0186208713666,0.0179887091513,0,0
5600,0.0186208713666,0.0199526231497,0.0192752491319,0,0
5600,0.0199526231497,0.021379620895,0.0206538015581,0,0
5600,0.021379620895,0.0229086765277,0.0221309470961,0,0
5600,0.0229086765277,0.0245470891569,0.0237137370566,0,0
5600,0.0245470891569,0.026302679919,0.0254097270555,0,0
5600,0.026302679919,0.0281838293126,0.0272270130808,0,0
5600,0.0281838293126,0.030199517204,0.02917427014,0,0
5600,0.030199517204,0.032359365693,0.0312607936712,0,0
5600,0.032359365693,0.0346736850453,0.0334965439158,0.600418090447,0.999499874937
5600,0.0346736850453,0.0371535229097,0.0358921934645,0,0
5600,0.0371535229097,0.0398107170553,0.0384591782045,0,0
5600,0.0398107170553,0.0426579518802,0.0412097519097,0,0
5600,0.0426579518802,0.0457088189615,0.0441570447353,0,0
5600,0.0457088189615,0.0489778819368,0.0473151258961,0,0
5600,0.0489778819368,0.052480746025,0.0506990708275,0,0
5600,0.052480746025,0.056234132519,0.0543250331492,0,0
5600,0.056234132519,0.0602559586074,0.0582103217771,0.310817286822,0.999499874937
5600,0.0602559586074,0.0645654229035,0.0623734835482,0,0
5600,0.0645654229035,0.0691830970919,0.0668343917569,0,0
5600,0.0691830970919,0.0741310241301,0.0716143410213,0,0
5600,0.0741310241301,0.0794328234724,0.0767361489362,0,0
5600,0.0794328234724,0.0851138038202,0.0822242649947,0,0
5600,0.0851138038202,0.0912010839356,0.0881048873008,0,0
5600,0.0912010839356,0.0977237220956,0.0944060876286,0,0
5600,0.0977237220956,0.104712854805,0.101157945426,0,0
5600,0.104712854805,0.11220184543,0.108392691402,0.29044771809,0.999499874937
5600,0.11220184543,0.120226443462,0.116144861384,0,0
5600,0.120226443462,0.128824955169,0.124451461177,0,0
5600,0.128824955169,0.13803842646,0.133352143216,1.15517865209,0.999499874937
5600,0.13803842646,0.147910838817,0.142889395851,0,0
5600,0.147910838817,0.158489319246,0.153108746168,0,0
5600,0.158489319246,0.169824365246,0.16405897732,0,0
5600,0.169824365246,0.181970085861,0.175792361396,0,0
5600,0.181970085861,0.194984459976,0.188364908949,0,0
5600,0.194984459976,0.208929613085,0.201836636368,0,0
5600,0.208929613085,0.223872113857,0.216271852373,0,0
5600,0.223872113857,0.239883291902,0.231739464997,0,0
5600,0.239883291902,0.257039578277,0.24831331053,0,0
5600,0.257039578277,0.275422870334,0.26607250598,0,0
5600,0.275422870334,0.295120922667,0.28510182675,0,0
5600,0.295120922667,0.316227766017,0.305492111322,0,0
5600,0.316227766017,0.338844156139,0.327340694879,0,0
5600,0.338844156139,0.36307805477,0.350751873953,0,0
5600,0.36307805477,0.389045144994,0.375837404288,0,0
5600,0.389045144994,0.41686938347,0.402717034325,0,0
5600,0.41686938347,0.446683592151,0.431519076828,0,0
5600,0.446683592151,0.478630092323,0.462381021399,0,0
5600,0.478630092323,0.512861383991,0.495450190805,0.478187621015,0.719068142221
5600,0.512861383991,0.549540873858,0.530884444231,0,0
5600,0.549540873858,0.588843655356,0.568852930844,0.135446531968,0.999499874937
5600,0.588843655356,0.63095734448,0.60953689724,0,0
5600,0.63095734448,0.676082975392,0.653130552647,0,0
5600,0.676082975392,0.724435960075,0.699841996002,0,0
5600,0.724435960075,0.776247116629,0.749894209332,0,0
5600,0.776247116629,0.831763771103,0.803526122186,0,0
5600,0.831763771103,0.891250938134,0.860993752185,0,0
5600,0.891250938134,0.954992586021,0.922571427155,0,0
5600,0.954992586021,1.02329299228,0.988553094657,0,0
5600,1.02329299228,1.09647819614,1.05925372518,0,0
5600,1.09647819614,1.17489755494,1.13501081567,0,0
5600,1.17489755494,1.25892541179,1.21618600065,0,0
5600,1.25892541179,1.34896288259,1.30316677845,0,0
5600,1.34896288259,1.44543977075,1.39636836106,0.0021704193698,0.999499874937
5600,1.44543977075,1.54881661891,1.49623565609,0,0
5600,1.54881661891,1.65958690744,1.60324539069,0.340615706073,0.999499874937
5600,1.65958690744,1.77827941004,1.71790838716,0,0
5600,1.77827941004,1.90546071796,1.84077200147,0,0
5600,1.90546071796,2.04173794467,1.97242273611,0,0
5600,2.04173794467,2.18776162395,2.11348903984,0,0
5600,2.18776162395,2.34422881532,2.26464430759,0,0
5600,2.34422881532,2.51188643151,2.42661009508,0,0
5600,2.51188643151,2.69153480393,2.60015956317,0,0
5600,2.69153480393,2.88403150313,2.78612116863,0,0
5600,2.88403150313,3.09029543251,2.98538261892,0,0
5600,3.09029543251,3.31131121483,3.19889510969,0,0
5600,3.31131121483,3.54813389234,3.42767786546,0.0131159410366,0.999499874937
5600,3.54813389234,3.80189396321,3.67282300498,0,0
5600,3.80189396321,4.07380277804,3.93550075456,0,0
5600,4.07380277804,4.3651583224,4.21696503429,0,0
5600,4.3651583224,4.67735141287,4.51855944375,0,0
5600,4.67735141287,5.01187233627,4.84172367584,0,0
5600,5.01187233627,5.3703179637,5.18800038929,0,0
5600,5.3703179637,5.75439937337,5.5590425727,0,0
5600,5.75439937337,6.16595001861,5.95662143529,0,0
5600,6.16595001861,6.60693448008,6.38263486191,0,0
5600,6.60693448008,7.07945784384,6.83911647281,0,0
5600,7.07945784384,7.58577575029,7.32824533139,0,0
5600,7.58577575029,8.12830516164,7.8523563461,0,0
5600,8.12830516164,8.70963589956,8.41395141645,0.0254188754296,0.999499874937
5600,8.70963589956,9.33254300797,9.01571137606,0,0
5600,9.33254300797,10,9.6605087899,7.2946640847,0.35806822739
