Skeletal ID,Energy Low (MeV),Energy High (MeV),Energy Center (MeV),Fluence (photons/m2/source),Relative Error
1400,0.01,0.0107151930524,0.0103514216668,0,0
1400,0.0107151930524,0.011481536215,0.0110917481526,0,0
1400,0.011481536215,0.0123026877081,0.0118850222744,0,0
1400,0.0123026877081,0.0131825673856,0.0127350308102,0,0
1400,0.0131825673856,0.0141253754462,0.0136458313659,0,0
1400,0.0141253754462,0.0151356124844,0.0146217717446,0,0
1400,0.0151356124844,0.0162181009736,0.0156675107011,0,0
1400,0.0162181009736,0.0173780082875,0.0167880401812,0,0
1400,0.0173780082875,0.0186208713666,0.0179887091513,0,0
1400,0.0186208713666,0.0199526231497,0.0192752491319,0,0
1400,0.0199526231497,0.021379620895,0.0206538015581,0,0
1400,0.021379620895,0.0229086765277,0.0221309470961,0,0
1400,0.0229086765277,0.0245470891569,0.0237137370566,0,0
1400,0.0245470891569,0.026302679919,0.0254097270555,0,0
1400,0.026302679919,0.0281838293126,0.0272270130808,0,0
1400,0.0281838293126,0.030199517204,0.02917427014,0,0
1400,0.030199517204,0.032359365693,0.0312607936712,0,0
1400,0.032359365693,0.0346736850453,0.0334965439158,0,0
1400,0.0346736850453,0.0371535229097,0.0358921934645,0,0
1400,0.0371535229097,0.0398107170553,0.0384591782045,0,0
1400,0.0398107170553,0.0426579518802,0.0412097519097,0,0
1400,0.0426579518802,0.0457088189615,0.0441570447353,0,0
1400,0.0457088189615,0.0489778819368,0.0473151258961,0,0
1400,0.0489778819368,0.052480746025,0.0506990708275,0,0
1400,0.052480746025,0.056234132519,0.0543250331492,0,0
1400,0.056234132519,0.0602559586074,0.0582103217771,0.0329140220295,0.99994999875
1400,0.0602559586074,0.0645654229035,0.0623734835482,0,0
1400,0.0645654229035,0.0691830970919,0.0668343917569,0.0585474679935,0.707200317107
1400,0.0691830970919,0.0741310241301,0.0716143410213,0.0607042067884,0.99994999875
1400,0.0741310241301,0.0794328234724,0.0767361489362,0,0
1400,0.0794328234724,0.0851138038202,0.0822242649947,0,0
1400,0.0851138038202,0.0912010839356,0.0881048873008,0,0
1400,0.0912010839356,0.0977237220956,0.0944060876286,0,0
1400,0.0977237220956,0.104712854805,0.101157945426,0.0464143577219,0.734558113903
1400,0.104712854805,0.11220184543,0.108392691402,0,0
1400,0.11220184543,0.120226443462,0.116144861384,0.0287564605004,0.99994999875
1400,0.120226443462,0.128824955169,0.124451461177,0.0623053439297,0.735434250748
1400,0.128824955169,0.13803842646,0.133352143216,0.0221208001889,0.99994999875
1400,0.13803842646,0.147910838817,0.142889395851,0,0
1400,0.147910838817,0.158489319246,0.153108746168,0,0
1400,0.158489319246,0.169824365246,0.16405897732,0.0318022704429,0.967980604372
1400,0.169824365246,0.181970085861,0.175792361396,0,0
1400,0.181970085861,0.194984459976,0.188364908949,0,0
1400,0.194984459976,0.208929613085,0.201836636368,0,0
1400,0.208929613085,0.223872113857,0.216271852373,0.0306190283453,0.99994999875
1400,0.223872113857,0.239883291902,0.231739464997,0.0219891691304,0.99994999875
1400,0.239883291902,0.257039578277,0.24831331053,0,0
1400,0.257039578277,0.275422870334,0.26607250598,0,0
1400,0.275422870334,0.295120922667,0.28510182675,0,0
1400,0.295120922667,0.316227766017,0.305492111322,0,0
1400,0.316227766017,0.338844156139,0.327340694879,0,0
1400,0.338844156139,0.36307805477,0.350751873953,0,0
1400,0.36307805477,0.389045144994,0.375837404288,0.0375107386537,0.99994999875
1400,0.389045144994,0.41686938347,0.402717034325,0,0
1400,0.41686938347,0.446683592151,0.431519076828,0.0129644728758,0.99994999875
1400,0.446683592151,0.478630092323,0.462381021399,0.0267663797911,0.99994999875
1400,0.478630092323,0.512861383991,0.495450190805,0.0720174466995,0.707062936859
1400,0.512861383991,0.549540873858,0.530884444231,0,0
1400,0.549540873858,0.588843655356,0.568852930844,0.017284358832,0.717988997042
1400,0.588843655356,0.63095734448,0.60953689724,0,0
1400,0.63095734448,0.676082975392,0.653130552647,0,0
1400,0.676082975392,0.724435960075,0.699841996002,0,0
1400,0.724435960075,0.776247116629,0.749894209332,0,0
1400,0.776247116629,0.831763771103,0.803526122186,0,0
1400,0.831763771103,0.891250938134,0.860993752185,0,0
1400,0.891250938134,0.954992586021,0.922571427155,0,0
1400,0.954992586021,1.02329299228,0.988553094657,0,0
1400,1.02329299228,1.09647819614,1.05925372518,0,0
1400,1.09647819614,1.17489755494,1.13501081567,0,0
1400,1.17489755494,1.25892541179,1.21618600065,0,0
1400,1.25892541179,1.34896288259,1.30316677845,0.0298880810197,0.99994999875
1400,1.34896288259,1.44543977075,1.39636836106,0,0
1400,1.44543977075,1.54881661891,1.49623565609,0,0
1400,1.54881661891,1.65958690744,1.60324539069,0,0
1400,1.65958690744,1.77827941004,1.71790838716,0,0
1400,1.77827941004,1.90546071796,1.84077200147,0,0
1400,1.90546071796,2.04173794467,1.97242273611,0.052477807525,0.99994999875
1400,2.04173794467,2.18776162395,2.11348903984,0,0
1400,2.18776162395,2.34422881532,2.26464430759,0,0
1400,2.34422881532,2.51188643151,2.42661009508,0,0
1400,2.51188643151,2.69153480393,2.60015956317,0,0
1400,2.69153480393,2.88403150313,2.78612116863,0.0209819607131,0.99994999875
1400,2.88403150313,3.09029543251,2.98538261892,0,0
1400,3.09029543251,3.31131121483,3.19889510969,0,0
1400,3.31131121483,3.54813389234,3.42767786546,0,0
1400,3.54813389234,3.80189396321,3.67282300498,0,0
1400,3.80189396321,4.07380277804,3.93550075456,0,0
1400,4.07380277804,4.3651583224,4.21696503429,0,0
1400,4.3651583224,4.67735141287,4.51855944375,0,0
1400,4.67735141287,5.01187233627,4.84172367584,0,0
1400,5.01187233627,5.3703179637,5.18800038929,0,0
1400,5.3703179637,5.75439937337,5.5590425727,0.0527661358118,0.99994999875
1400,5.75439937337,6.16595001861,5.95662143529,0,0
1400,6.16595001861,6.60693448008,6.38263486191,0,0
1400,6.60693448008,7.07945784384,6.83911647281,0.0339150792624,0.99994999875
1400,7.07945784384,7.58577575029,7.32824533139,0,0
1400,7.58577575029,8.12830516164,7.8523563461,0.00723793499867,0.99994999875
1400,8.12830516164,8.70963589956,8.41395141645,0,0
1400,8.70963589956,9.33254300797,9.01571137606,0,0
1400,9.33254300797,10,9.6605087899,0.87123383578,0.206991682716
1500,0.01,0.0107151930524,0.0103514216668,0,0
1500,0.0107151930524,0.011481536215,0.0110917481526,0,0
1500,0.011481536215,0.0123026877081,0.0118850222744,0,0
1500,0.0123026877081,0.0131825673856,0.0127350308102,0,0
1500,0.0131825673856,0.0141253754462,0.0136458313659,0,0
1500,0.0141253754462,0.0151356124844,0.0146217717446,0,0
1500,0.0151356124844,0.0162181009736,0.0156675107011,0,0
1500,0.0162181009736,0.0173780082875,0.0167880401812,0,0
1500,0.0173780082875,0.0186208713666,0.0179887091513,0,0
1500,0.0186208713666,0.0199526231497,0.0192752491319,0,0
1500,0.0199526231497,0.021379620895,0.0206538015581,0,0
1500,0.021379620895,0.0229086765277,0.0221309470961,0,0
1500,0.0229086765277,0.0245470891569,0.0237137370566,0,0
1500,0.0245470891569,0.026302679919,0.0254097270555,0.0249167195473,0.99994999875
1500,0.026302679919,0.0281838293126,0.0272270130808,0.0276820148054,0.717275753907
1500,0.0281838293126,0.030199517204,0.02917427014,0,0
1500,0.030199517204,0.032359365693,0.0312607936712,0,0
1500,0.032359365693,0.0346736850453,0.0334965439158,0.0191728633567,0.99994999875
1500,0.0346736850453,0.0371535229097,0.0358921934645,0.0303021267149,0.99994999875
1500,0.0371535229097,0.0398107170553,0.0384591782045,0.0230458554675,0.99994999875
1500,0.0398107170553,0.0426579518802,0.0412097519097,0,0
1500,0.0426579518802,0.0457088189615,0.0441570447353,0.01263464254,0.99994999875
1500,0.0457088189615,0.0489778819368,0.0473151258961,0,0
1500,0.0489778819368,0.052480746025,0.0506990708275,0.0367800316892,0.99994999875
1500,0.052480746025,0.056234132519,0.0543250331492,0,0
1500,0.056234132519,0.0602559586074,0.0582103217771,0.00431194880747,0.99994999875
1500,0.0602559586074,0.0645654229035,0.0623734835482,0.0382898972397,0.98578893452
1500,0.0645654229035,0.0691830970919,0.0668343917569,0,0
1500,0.0691830970919,0.0741310241301,0.0716143410213,0,0
1500,0.0741310241301,0.0794328234724,0.0767361489362,0.0257531585465,0.99994999875
1500,0.0794328234724,0.0851138038202,0.0822242649947,0,0
1500,0.0851138038202,0.0912010839356,0.0881048873008,0.0287910601337,0.99994999875
1500,0.0912010839356,0.0977237220956,0.0944060876286,0.0270924740808,0.99994999875
1500,0.0977237220956,0.104712854805,0.101157945426,0,0
1500,0.104712854805,0.11220184543,0.108392691402,0.0644573266155,0.99994999875
1500,0.11220184543,0.120226443462,0.116144861384,0.00853094284239,0.99994999875
1500,0.120226443462,0.128824955169,0.124451461177,0,0
1500,0.128824955169,0.13803842646,0.133352143216,0.0371967316253,0.798238747904
1500,0.13803842646,0.147910838817,0.142889395851,0,0
1500,0.147910838817,0.158489319246,0.153108746168,0,0
1500,0.158489319246,0.169824365246,0.16405897732,0.00532876709414,0.99994999875
1500,0.169824365246,0.181970085861,0.175792361396,0.0150685695648,0.99994999875
1500,0.181970085861,0.194984459976,0.188364908949,0.0764141233748,0.585959248116
1500,0.194984459976,0.208929613085,0.201836636368,0.0558882590431,0.718899878558
1500,0.208929613085,0.223872113857,0.216271852373,0.0188102423502,0.99994999875
1500,0.223872113857,0.239883291902,0.231739464997,0,0
1500,0.239883291902,0.257039578277,0.24831331053,0.0222908820518,0.99994999875
1500,0.257039578277,0.275422870334,0.26607250598,0.0392060318789,0.99994999875
1500,0.275422870334,0.295120922667,0.28510182675,0,0
1500,0.295120922667,0.316227766017,0.305492111322,0.0366326769744,0.99994999875
1500,0.316227766017,0.338844156139,0.327340694879,0.0231940238052,0.99994999875
1500,0.338844156139,0.36307805477,0.350751873953,0.0770846529499,0.878581348511
1500,0.36307805477,0.389045144994,0.375837404288,0.0468205676939,0.99994999875
1500,0.389045144994,0.41686938347,0.402717034325,0,0
1500,0.41686938347,0.446683592151,0.431519076828,0,0
1500,0.446683592151,0.478630092323,0.462381021399,0.0294857507828,0.99994999875
1500,0.478630092323,0.512861383991,0.495450190805,0.151720478565,0.474755393557
1500,0.512861383991,0.549540873858,0.530884444231,0,0
1500,0.549540873858,0.588843655356,0.568852930844,0,0
1500,0.588843655356,0.63095734448,0.60953689724,0,0
1500,0.63095734448,0.676082975392,0.653130552647,0,0
1500,0.676082975392,0.724435960075,0.699841996002,0,0
1500,0.724435960075,0.776247116629,0.749894209332,0.0342470904865,0.99994999875
1500,0.776247116629,0.831763771103,0.803526122186,0.0281162112831,0.99994999875
1500,0.831763771103,0.891250938134,0.860993752185,0,0
1500,0.891250938134,0.954992586021,0.922571427155,0,0
1500,0.954992586021,1.02329299228,0.988553094657,0.01518180957,0.99994999875
1500,1.02329299228,1.09647819614,1.05925372518,0,0
1500,1.09647819614,1.17489755494,1.13501081567,0.0243448198271,0.99994999875
1500,1.17489755494,1.25892541179,1.21618600065,0,0
1500,1.25892541179,1.34896288259,1.30316677845,0,0
1500,1.34896288259,1.44543977075,1.39636836106,0.0305831259302,0.99994999875
1500,1.44543977075,1.54881661891,1.49623565609,0.00994386421535,0.99994999875
1500,1.54881661891,1.65958690744,1.60324539069,0,0
1500,1.65958690744,1.77827941004,1.71790838716,0,0
1500,1.77827941004,1.90546071796,1.84077200147,0,0
1500,1.90546071796,2.04173794467,1.97242273611,0,0
1500,2.04173794467,2.18776162395,2.11348903984,0,0
1500,2.18776162395,2.34422881532,2.26464430759,0,0
1500,2.34422881532,2.51188643151,2.42661009508,0.028775221221,0.99994999875
1500,2.51188643151,2.69153480393,2.60015956317,0,0
1500,2.69153480393,2.88403150313,2.78612116863,0,0
1500,2.88403150313,3.09029543251,2.98538261892,0.0201868966337,0.99994999875
1500,3.09029543251,3.31131121483,3.19889510969,0,0
1500,3.31131121483,3.54813389234,3.42767786546,0,0
1500,3.54813389234,3.80189396321,3.67282300498,0,0
1500,3.80189396321,4.07380277804,3.93550075456,0,0
1500,4.07380277804,4.3651583224,4.21696503429,0.012448943321,0.99994999875
1500,4.3651583224,4.67735141287,4.51855944375,0.0314567807711,0.99994999875
1500,4.67735141287,5.01187233627,4.84172367584,0,0
1500,5.01187233627,5.3703179637,5.18800038929,0.0201988046086,0.99994999875
1500,5.3703179637,5.75439937337,5.5590425727,0,0
1500,5.75439937337,6.16595001861,5.95662143529,0,0
1500,6.16595001861,6.60693448008,6.38263486191,0,0
1500,6.60693448008,7.07945784384,6.83911647281,0,0
1500,7.07945784384,7.58577575029,7.32824533139,0,0
1500,7.58577575029,8.12830516164,7.8523563461,0.00210317972574,0.99994999875
1500,8.12830516164,8.70963589956,8.41395141645,0,0
1500,8.70963589956,9.33254300797,9.01571137606,0.0134078168462,0.99994999875
1500,9.33254300797,10,9.6605087899,2.03364773849,0.121953999471
1700,0.01,0.0107151930524,0.0103514216668,0,0
1700,0.0107151930524,0.011481536215,0.0110917481526,0,0
1700,0.011481536215,0.0123026877081,0.0118850222744,0,0
1700,0.0123026877081,0.0131825673856,0.0127350308102,0,0
1700,0.0131825673856,0.0141253754462,0.0136458313659,0,0
1700,0.0141253754462,0.0151356124844,0.0146217717446,0,0
1700,0.0151356124844,0.0162181009736,0.0156675107011,0,0
1700,0.0162181009736,0.0173780082875,0.0167880401812,0,0
1700,0.0173780082875,0.0186208713666,0.0179887091513,0,0
1700,0.0186208713666,0.0199526231497,0.0192752491319,0,0
1700,0.0199526231497,0.021379620895,0.0206538015581,0,0
1700,0.021379620895,0.0229086765277,0.0221309470961,0,0
1700,0.0229086765277,0.0245470891569,0.0237137370566,0,0
1700,0.0245470891569,0.026302679919,0.0254097270555,0,0
1700,0.026302679919,0.0281838293126,0.0272270130808,0,0
1700,0.0281838293126,0.030199517204,0.02917427014,0,0
1700,0.030199517204,0.032359365693,0.0312607936712,0,0
1700,0.032359365693,0.0346736850453,0.0334965439158,0,0
1700,0.0346736850453,0.0371535229097,0.0358921934645,0,0
1700,0.0371535229097,0.0398107170553,0.0384591782045,0,0
1700,0.0398107170553,0.0426579518802,0.0412097519097,0.0312562706258,0.99994999875
1700,0.0426579518802,0.0457088189615,0.0441570447353,0,0
1700,0.0457088189615,0.0489778819368,0.0473151258961,0,0
1700,0.0489778819368,0.052480746025,0.0506990708275,0,0
1700,0.052480746025,0.056234132519,0.0543250331492,0,0
1700,0.056234132519,0.0602559586074,0.0582103217771,0.0396972707237,0.99994999875
1700,0.0602559586074,0.0645654229035,0.0623734835482,0.034146055473,0.99994999875
1700,0.0645654229035,0.0691830970919,0.0668343917569,0.0316526619503,0.99994999875
1700,0.0691830970919,0.0741310241301,0.0716143410213,0.0351403122387,0.99994999875
1700,0.0741310241301,0.0794328234724,0.0767361489362,0,0
1700,0.0794328234724,0.0851138038202,0.0822242649947,0.0172201167614,0.99994999875
1700,0.0851138038202,0.0912010839356,0.0881048873008,0.0505264249558,0.824143953121
1700,0.0912010839356,0.0977237220956,0.0944060876286,0,0
1700,0.0977237220956,0.104712854805,0.101157945426,0,0
1700,0.104712854805,0.11220184543,0.108392691402,0.0421725665887,0.870683946646
1700,0.11220184543,0.120226443462,0.116144861384,0,0
1700,0.120226443462,0.128824955169,0.124451461177,0.0536874229961,0.99994999875
1700,0.128824955169,0.13803842646,0.133352143216,0,0
1700,0.13803842646,0.147910838817,0.142889395851,0,0
1700,0.147910838817,0.158489319246,0.153108746168,0,0
1700,0.158489319246,0.169824365246,0.16405897732,0,0
1700,0.169824365246,0.181970085861,0.175792361396,0,0
1700,0.181970085861,0.194984459976,0.188364908949,0.00817693377141,0.99994999875
1700,0.194984459976,0.208929613085,0.201836636368,0,0
1700,0.208929613085,0.223872113857,0.216271852373,0.0249456953417,0.95872162028
1700,0.223872113857,0.239883291902,0.231739464997,0.0629760003829,0.99994999875
1700,0.239883291902,0.257039578277,0.24831331053,0.0188314191196,0.99994999875
1700,0.257039578277,0.275422870334,0.26607250598,0.0554615807528,0.85573179682
1700,0.275422870334,0.295120922667,0.28510182675,0.0246161833536,0.99994999875
1700,0.295120922667,0.316227766017,0.305492111322,0,0
1700,0.316227766017,0.338844156139,0.327340694879,0,0
1700,0.338844156139,0.36307805477,0.350751873953,0.045024512925,0.99994999875
1700,0.36307805477,0.389045144994,0.375837404288,0.0351225452749,0.99994999875
1700,0.389045144994,0.41686938347,0.402717034325,0,0
1700,0.41686938347,0.446683592151,0.431519076828,0,0
1700,0.446683592151,0.478630092323,0.462381021399,0,0
1700,0.478630092323,0.512861383991,0.495450190805,0.12877720506,0.513600782367
1700,0.512861383991,0.549540873858,0.530884444231,0,0
1700,0.549540873858,0.588843655356,0.568852930844,0,0
1700,0.588843655356,0.63095734448,0.60953689724,0.0588900056578,0.985553737373
1700,0.63095734448,0.676082975392,0.653130552647,0,0
1700,0.676082975392,0.724435960075,0.699841996002,0,0
1700,0.724435960075,0.776247116629,0.749894209332,0,0
1700,0.776247116629,0.831763771103,0.803526122186,0,0
1700,0.831763771103,0.891250938134,0.860993752185,0,0
1700,0.891250938134,0.954992586021,0.922571427155,0,0
1700,0.954992586021,1.02329299228,0.988553094657,0.0335175234783,0.99994999875
1700,1.02329299228,1.09647819614,1.05925372518,0,0
1700,1.09647819614,1.17489755494,1.13501081567,0,0
1700,1.17489755494,1.25892541179,1.21618600065,0,0
1700,1.25892541179,1.34896288259,1.30316677845,0,0
1700,1.34896288259,1.44543977075,1.39636836106,0,0
1700,1.44543977075,1.54881661891,1.49623565609,0,0
1700,1.54881661891,1.65958690744,1.60324539069,0.058840170106,0.99994999875
1700,1.65958690744,1.77827941004,1.71790838716,0.0341980681146,0.99994999875
1700,1.77827941004,1.90546071796,1.84077200147,0,0
1700,1.90546071796,2.04173794467,1.97242273611,0.00963486352748,0.99994999875
1700,2.04173794467,2.18776162395,2.11348903984,0,0
1700,2.18776162395,2.34422881532,2.26464430759,0.0344885418157,0.99994999875
1700,2.34422881532,2.51188643151,2.42661009508,0,0
1700,2.51188643151,2.69153480393,2.60015956317,0,0
1700,2.69153480393,2.88403150313,2.78612116863,0,0
1700,2.88403150313,3.09029543251,2.98538261892,0,0
1700,3.09029543251,3.31131121483,3.19889510969,0.010071817392,0.99994999875
1700,3.31131121483,3.54813389234,3.42767786546,0,0
1700,3.54813389234,3.80189396321,3.67282300498,0,0
1700,3.80189396321,4.07380277804,3.93550075456,0,0
1700,4.07380277804,4.3651583224,4.21696503429,0,0
1700,4.3651583224,4.67735141287,4.51855944375,0,0
1700,4.67735141287,5.01187233627,4.84172367584,0,0
1700,5.01187233627,5.3703179637,5.18800038929,0,0
1700,5.3703179637,5.75439937337,5.5590425727,0.0360448182497,0.99994999875
1700,5.75439937337,6.16595001861,5.95662143529,0,0
1700,6.16595001861,6.60693448008,6.38263486191,0,0
1700,6.60693448008,7.07945784384,6.83911647281,0.0270087606449,0.99994999875
1700,7.07945784384,7.58577575029,7.32824533139,0.0233855413471,0.99994999875
1700,7.58577575029,8.12830516164,7.8523563461,0.0335492210179,0.99994999875
1700,8.12830516164,8.70963589956,8.41395141645,0,0
1700,8.70963589956,9.33254300797,9.01571137606,0,0
1700,9.33254300797,10,9.6605087899,1.79062231226,0.142263027327
2000,0.01,0.0107151930524,0.0103514216668,0,0
2000,0.0107151930524,0.011481536215,0.0110917481526,0,0
2000,0.011481536215,0.0123026877081,0.0118850222744,0,0
2000,0.0123026877081,0.0131825673856,0.0127350308102,0,0
2000,0.0131825673856,0.0141253754462,0.0136458313659,0,0
2000,0.0141253754462,0.0151356124844,0.0146217717446,0,0
2000,0.0151356124844,0.0162181009736,0.0156675107011,0,0
2000,0.0162181009736,0.0173780082875,0.0167880401812,0,0
2000,0.0173780082875,0.0186208713666,0.0179887091513,0,0
2000,0.0186208713666,0.0199526231497,0.0192752491319,0,0
2000,0.0199526231497,0.021379620895,0.0206538015581,0,0
2000,0.021379620895,0.0229086765277,0.0221309470961,0,0
2000,0.0229086765277,0.0245470891569,0.0237137370566,0,0
2000,0.0245470891569,0.026302679919,0.0254097270555,0,0
2000,0.026302679919,0.0281838293126,0.0272270130808,0,0
2000,0.0281838293126,0.030199517204,0.02917427014,0,0
2000,0.030199517204,0.032359365693,0.0312607936712,0,0
2000,0.032359365693,0.0346736850453,0.0334965439158,0,0
2000,0.0346736850453,0.0371535229097,0.0358921934645,0,0
2000,0.0371535229097,0.0398107170553,0.0384591782045,0,0
2000,0.0398107170553,0.0426579518802,0.0412097519097,0,0
2000,0.0426579518802,0.0457088189615,0.0441570447353,0,0
2000,0.0457088189615,0.0489778819368,0.0473151258961,0,0
2000,0.0489778819368,0.052480746025,0.0506990708275,0,0
2000,0.052480746025,0.056234132519,0.0543250331492,0,0
2000,0.056234132519,0.0602559586074,0.0582103217771,0,0
2000,0.0602559586074,0.0645654229035,0.0623734835482,0,0
2000,0.0645654229035,0.0691830970919,0.0668343917569,0,0
2000,0.0691830970919,0.0741310241301,0.0716143410213,0.0162413153792,0.99994999875
2000,0.0741310241301,0.0794328234724,0.0767361489362,0,0
2000,0.0794328234724,0.0851138038202,0.0822242649947,0,0
2000,0.0851138038202,0.0912010839356,0.0881048873008,0,0
2000,0.0912010839356,0.0977237220956,0.0944060876286,0,0
2000,0.0977237220956,0.104712854805,0.101157945426,0,0
2000,0.104712854805,0.11220184543,0.108392691402,0,0
2000,0.11220184543,0.120226443462,0.116144861384,0,0
2000,0.120226443462,0.128824955169,0.124451461177,0,0
2000,0.128824955169,0.13803842646,0.133352143216,0.0331275019645,0.99994999875
2000,0.13803842646,0.147910838817,0.142889395851,0,0
2000,0.147910838817,0.158489319246,0.153108746168,0,0
2000,0.158489319246,0.169824365246,0.16405897732,0,0
2000,0.169824365246,0.181970085861,0.175792361396,0,0
2000,0.181970085861,0.194984459976,0.188364908949,0,0
2000,0.194984459976,0.208929613085,0.201836636368,0.0318243055608,0.99994999875
2000,0.208929613085,0.223872113857,0.216271852373,0.0423265034818,0.711906921626
2000,0.223872113857,0.239883291902,0.231739464997,0,0
2000,0.239883291902,0.257039578277,0.24831331053,0.0194987826924,0.99994999875
2000,0.257039578277,0.275422870334,0.26607250598,0.0232367863958,0.99994999875
2000,0.275422870334,0.295120922667,0.28510182675,0,0
2000,0.295120922667,0.316227766017,0.305492111322,0,0
2000,0.316227766017,0.338844156139,0.327340694879,0.0144834462452,0.99994999875
2000,0.338844156139,0.36307805477,0.350751873953,0,0
2000,0.36307805477,0.389045144994,0.375837404288,0.0738283521543,0.717249570891
2000,0.389045144994,0.41686938347,0.402717034325,0,0
2000,0.41686938347,0.446683592151,0.431519076828,0.0232151757243,0.713652153723
2000,0.446683592151,0.478630092323,0.462381021399,0,0
2000,0.478630092323,0.512861383991,0.495450190805,0.0698471971972,0.578704282735
2000,0.512861383991,0.549540873858,0.530884444231,0,0
2000,0.549540873858,0.588843655356,0.568852930844,0,0
2000,0.588843655356,0.63095734448,0.60953689724,0,0
2000,0.63095734448,0.676082975392,0.653130552647,0,0
2000,0.676082975392,0.724435960075,0.699841996002,0,0
2000,0.724435960075,0.776247116629,0.749894209332,0,0
2000,0.776247116629,0.831763771103,0.803526122186,0,0
2000,0.831763771103,0.891250938134,0.860993752185,0.0203697811773,0.99994999875
2000,0.891250938134,0.954992586021,0.922571427155,0,0
2000,0.954992586021,1.02329299228,0.988553094657,0.00145065899085,0.99994999875
2000,1.02329299228,1.09647819614,1.05925372518,0,0
2000,1.09647819614,1.17489755494,1.13501081567,0,0
2000,1.17489755494,1.25892541179,1.21618600065,0,0
2000,1.25892541179,1.34896288259,1.30316677845,0.0228371922066,0.99994999875
2000,1.34896288259,1.44543977075,1.39636836106,0,0
2000,1.44543977075,1.54881661891,1.49623565609,0,0
2000,1.54881661891,1.65958690744,1.60324539069,0.0484498297777,0.99994999875
2000,1.65958690744,1.77827941004,1.71790838716,0,0
2000,1.77827941004,1.90546071796,1.84077200147,0,0
2000,1.90546071796,2.04173794467,1.97242273611,0.0797172073271,0.748692839547
2000,2.04173794467,2.18776162395,2.11348903984,0,0
2000,2.18776162395,2.34422881532,2.26464430759,0,0
2000,2.34422881532,2.51188643151,2.42661009508,0,0
2000,2.51188643151,2.69153480393,2.60015956317,0,0
2000,2.69153480393,2.88403150313,2.78612116863,0.0253650309073,0.99994999875
2000,2.88403150313,3.09029543251,2.98538261892,0,0
2000,3.09029543251,3.31131121483,3.19889510969,0,0
2000,3.31131121483,3.54813389234,3.42767786546,0,0
2000,3.54813389234,3.80189396321,3.67282300498,0,0
2000,3.80189396321,4.07380277804,3.93550075456,0,0
2000,4.07380277804,4.3651583224,4.21696503429,0,0
2000,4.3651583224,4.67735141287,4.51855944375,0,0
2000,4.67735141287,5.01187233627,4.84172367584,0,0
2000,5.01187233627,5.3703179637,5.18800038929,0,0
2000,5.3703179637,5.75439937337,5.5590425727,0.0596179262258,0.731400835885
2000,5.75439937337,6.16595001861,5.95662143529,0,0
2000,6.16595001861,6.60693448008,6.38263486191,0,0
2000,6.60693448008,7.07945784384,6.83911647281,0.0135962311646,0.99994999875
2000,7.07945784384,7.58577575029,7.32824533139,0.0688718732662,0.780365109542
2000,7.58577575029,8.12830516164,7.8523563461,0.0280277777424,0.99994999875
2000,8.12830516164,8.70963589956,8.41395141645,0,0
2000,8.70963589956,9.33254300797,9.01571137606,0.0190873078363,0.99994999875
2000,9.33254300797,10,9.6605087899,0.781459666497,0.177335544945
2100,0.01,0.0107151930524,0.0103514216668,0,0
2100,0.0107151930524,0.011481536215,0.0110917481526,0,0
2100,0.011481536215,0.0123026877081,0.0118850222744,0,0
2100,0.0123026877081,0.0131825673856,0.0127350308102,0,0
2100,0.0131825673856,0.0141253754462,0.0136458313659,0,0
2100,0.0141253754462,0.0151356124844,0.0146217717446,0,0
2100,0.0151356124844,0.0162181009736,0.0156675107011,0,0
2100,0.0162181009736,0.0173780082875,0.0167880401812,0,0
2100,0.0173780082875,0.0186208713666,0.0179887091513,0,0
2100,0.0186208713666,0.0199526231497,0.0192752491319,0,0
2100,0.0199526231497,0.021379620895,0.0206538015581,0,0
2100,0.021379620895,0.0229086765277,0.0221309470961,0,0
2100,0.0229086765277,0.0245470891569,0.0237137370566,0,0
2100,0.0245470891569,0.026302679919,0.0254097270555,0,0
2100,0.026302679919,0.0281838293126,0.0272270130808,0,0
2100,0.0281838293126,0.030199517204,0.02917427014,0,0
2100,0.030199517204,0.032359365693,0.0312607936712,0,0
2100,0.032359365693,0.0346736850453,0.0334965439158,0,0
2100,0.0346736850453,0.0371535229097,0.0358921934645,0,0
2100,0.0371535229097,0.0398107170553,0.0384591782045,0,0
2100,0.0398107170553,0.0426579518802,0.0412097519097,0,0
2100,0.0426579518802,0.0457088189615,0.0441570447353,0.0932725257156,0.99994999875
2100,0.0457088189615,0.0489778819368,0.0473151258961,0,0
2100,0.0489778819368,0.052480746025,0.0506990708275,0,0
2100,0.052480746025,0.056234132519,0.0543250331492,0,0
2100,0.056234132519,0.0602559586074,0.0582103217771,0,0
2100,0.0602559586074,0.0645654229035,0.0623734835482,0,0
2100,0.0645654229035,0.0691830970919,0.0668343917569,0,0
2100,0.0691830970919,0.0741310241301,0.0716143410213,0,0
2100,0.0741310241301,0.0794328234724,0.0767361489362,0,0
2100,0.0794328234724,0.0851138038202,0.0822242649947,0,0
2100,0.0851138038202,0.0912010839356,0.0881048873008,0,0
2100,0.0912010839356,0.0977237220956,0.0944060876286,0,0
2100,0.0977237220956,0.104712854805,0.101157945426,0,0
2100,0.104712854805,0.11220184543,0.108392691402,0.0290833409208,0.99994999875
2100,0.11220184543,0.120226443462,0.116144861384,0,0
2100,0.120226443462,0.128824955169,0.124451461177,0.0210270848685,0.99994999875
2100,0.128824955169,0.13803842646,0.133352143216,0.0108288652651,0.99994999875
2100,0.13803842646,0.147910838817,0.142889395851,0,0
2100,0.147910838817,0.158489319246,0.153108746168,0,0
2100,0.158489319246,0.169824365246,0.16405897732,0,0
2100,0.169824365246,0.181970085861,0.175792361396,0,0
2100,0.181970085861,0.194984459976,0.188364908949,0,0
2100,0.194984459976,0.208929613085,0.201836636368,0.0233119042883,0.99994999875
2100,0.208929613085,0.223872113857,0.216271852373,0,0
2100,0.223872113857,0.239883291902,0.231739464997,0.0213056352419,0.99994999875
2100,0.239883291902,0.257039578277,0.24831331053,0,0
2100,0.257039578277,0.275422870334,0.26607250598,0.0192558996088,0.99994999875
2100,0.275422870334,0.295120922667,0.28510182675,0,0
2100,0.295120922667,0.316227766017,0.305492111322,0,0
2100,0.316227766017,0.338844156139,0.327340694879,0,0
2100,0.338844156139,0.36307805477,0.350751873953,0,0
2100,0.36307805477,0.389045144994,0.375837404288,0,0
2100,0.389045144994,0.41686938347,0.402717034325,0,0
2100,0.41686938347,0.446683592151,0.431519076828,0,0
2100,0.446683592151,0.478630092323,0.462381021399,0.0395938073126,0.99994999875
2100,0.478630092323,0.512861383991,0.495450190805,0.167956515117,0.508781025945
2100,0.512861383991,0.549540873858,0.530884444231,0,0
2100,0.549540873858,0.588843655356,0.568852930844,0,0
2100,0.588843655356,0.63095734448,0.60953689724,0,0
2100,0.63095734448,0.676082975392,0.653130552647,0,0
2100,0.676082975392,0.724435960075,0.699841996002,0,0
2100,0.724435960075,0.776247116629,0.749894209332,0,0
2100,0.776247116629,0.831763771103,0.803526122186,0,0
2100,0.831763771103,0.891250938134,0.860993752185,0,0
2100,0.891250938134,0.954992586021,0.922571427155,0,0
2100,0.954992586021,1.02329299228,0.988553094657,0,0
2100,1.02329299228,1.09647819614,1.05925372518,0.0344722530403,0.99994999875
2100,1.09647819614,1.17489755494,1.13501081567,0,0
2100,1.17489755494,1.25892541179,1.21618600065,0,0
2100,1.25892541179,1.34896288259,1.30316677845,0,0
2100,1.34896288259,1.44543977075,1.39636836106,0,0
2100,1.44543977075,1.54881661891,1.49623565609,0.0315372979351,0.99994999875
2100,1.54881661891,1.65958690744,1.60324539069,0,0
2100,1.65958690744,1.77827941004,1.71790838716,0,0
2100,1.77827941004,1.90546071796,1.84077200147,0.0344954120706,0.99994999875
2100,1.90546071796,2.04173794467,1.97242273611,0.0364659366753,0.99994999875
2100,2.04173794467,2.18776162395,2.11348903984,0,0
2100,2.18776162395,2.34422881532,2.26464430759,0,0
2100,2.34422881532,2.51188643151,2.42661009508,0,0
2100,2.51188643151,2.69153480393,2.60015956317,0,0
2100,2.69153480393,2.88403150313,2.78612116863,0,0
2100,2.88403150313,3.09029543251,2.98538261892,0,0
2100,3.09029543251,3.31131121483,3.19889510969,0,0
2100,3.31131121483,3.54813389234,3.42767786546,0,0
2100,3.54813389234,3.80189396321,3.67282300498,0.0291929126502,0.99994999875
2100,3.80189396321,4.07380277804,3.93550075456,0,0
2100,4.07380277804,4.3651583224,4.21696503429,0,0
2100,4.3651583224,4.67735141287,4.51855944375,0,0
2100,4.67735141287,5.01187233627,4.84172367584,0,0
2100,5.01187233627,5.3703179637,5.18800038929,0,0
2100,5.3703179637,5.75439937337,5.5590425727,0.0510782745738,0.99994999875
2100,5.75439937337,6.16595001861,5.95662143529,0,0
2100,6.16595001861,6.60693448008,6.38263486191,0,0
2100,6.60693448008,7.07945784384,6.83911647281,0,0
2100,7.07945784384,7.58577575029,7.32824533139,0,0
2100,7.58577575029,8.12830516164,7.8523563461,0,0
2100,8.12830516164,8.70963589956,8.41395141645,0,0
2100,8.70963589956,9.33254300797,9.01571137606,0,0
2100,9.33254300797,10,9.6605087899,0.775237176436,0.209219770584
2300,0.01,0.0107151930524,0.0103514216668,0,0
2300,0.0107151930524,0.011481536215,0.0110917481526,0,0
2300,0.011481536215,0.0123026877081,0.0118850222744,0,0
2300,0.0123026877081,0.0131825673856,0.0127350308102,0,0
2300,0.0131825673856,0.0141253754462,0.0136458313659,0,0
2300,0.0141253754462,0.0151356124844,0.0146217717446,0,0
2300,0.0151356124844,0.0162181009736,0.0156675107011,0,0
2300,0.0162181009736,0.0173780082875,0.0167880401812,0,0
2300,0.0173780082875,0.0186208713666,0.0179887091513,0,0
2300,0.0186208713666,0.0199526231497,0.0192752491319,0,0
2300,0.0199526231497,0.021379620895,0.0206538015581,0,0
2300,0.021379620895,0.0229086765277,0.0221309470961,0,0
2300,0.0229086765277,0.0245470891569,0.0237137370566,0,0
2300,0.0245470891569,0.026302679919,0.0254097270555,0,0
2300,0.026302679919,0.0281838293126,0.0272270130808,0,0
2300,0.0281838293126,0.030199517204,0.02917427014,0,0
2300,0.030199517204,0.032359365693,0.0312607936712,0,0
2300,0.032359365693,0.0346736850453,0.0334965439158,0,0
2300,0.0346736850453,0.0371535229097,0.0358921934645,0,0
2300,0.0371535229097,0.0398107170553,0.0384591782045,0,0
2300,0.0398107170553,0.0426579518802,0.0412097519097,0,0
2300,0.0426579518802,0.0457088189615,0.0441570447353,0,0
2300,0.0457088189615,0.0489778819368,0.0473151258961,0.0156748985489,0.99994999875
2300,0.0489778819368,0.052480746025,0.0506990708275,0,0
2300,0.052480746025,0.056234132519,0.0543250331492,0.00825431370068,0.99994999875
2300,0.056234132519,0.0602559586074,0.0582103217771,0,0
2300,0.0602559586074,0.0645654229035,0.0623734835482,0,0
2300,0.0645654229035,0.0691830970919,0.0668343917569,0,0
2300,0.0691830970919,0.0741310241301,0.0716143410213,0,0
2300,0.0741310241301,0.0794328234724,0.0767361489362,0,0
2300,0.0794328234724,0.0851138038202,0.0822242649947,0,0
2300,0.0851138038202,0.0912010839356,0.0881048873008,0,0
2300,0.0912010839356,0.0977237220956,0.0944060876286,0,0
2300,0.0977237220956,0.104712854805,0.101157945426,0,0
2300,0.104712854805,0.11220184543,0.108392691402,0,0
2300,0.11220184543,0.120226443462,0.116144861384,0,0
2300,0.120226443462,0.128824955169,0.124451461177,0,0
2300,0.128824955169,0.13803842646,0.133352143216,0,0
2300,0.13803842646,0.147910838817,0.142889395851,0.00511623155964,0.99994999875
2300,0.147910838817,0.158489319246,0.153108746168,0,0
2300,0.158489319246,0.169824365246,0.16405897732,0,0
2300,0.169824365246,0.181970085861,0.175792361396,0,0
2300,0.181970085861,0.194984459976,0.188364908949,0,0
2300,0.194984459976,0.208929613085,0.201836636368,0,0
2300,0.208929613085,0.223872113857,0.216271852373,0,0
2300,0.223872113857,0.239883291902,0.231739464997,0.0106224808997,0.99994999875
2300,0.239883291902,0.257039578277,0.24831331053,0.0387028002828,0.724089884848
2300,0.257039578277,0.275422870334,0.26607250598,0,0
2300,0.275422870334,0.295120922667,0.28510182675,0.00520589765581,0.99994999875
2300,0.295120922667,0.316227766017,0.305492111322,0,0
2300,0.316227766017,0.338844156139,0.327340694879,0.00524951164128,0.99994999875
2300,0.338844156139,0.36307805477,0.350751873953,0,0
2300,0.36307805477,0.389045144994,0.375837404288,0,0
2300,0.389045144994,0.41686938347,0.402717034325,0,0
2300,0.41686938347,0.446683592151,0.431519076828,0,0
2300,0.446683592151,0.478630092323,0.462381021399,0.0112298008079,0.99994999875
2300,0.478630092323,0.512861383991,0.495450190805,0.0296094934105,0.742246637242
2300,0.512861383991,0.549540873858,0.530884444231,0,0
2300,0.549540873858,0.588843655356,0.568852930844,0,0
2300,0.588843655356,0.63095734448,0.60953689724,0,0
2300,0.63095734448,0.676082975392,0.653130552647,0,0
2300,0.676082975392,0.724435960075,0.699841996002,0,0
2300,0.724435960075,0.776247116629,0.749894209332,0,0
2300,0.776247116629,0.831763771103,0.803526122186,0,0
2300,0.831763771103,0.891250938134,0.860993752185,0,0
2300,0.891250938134,0.954992586021,0.922571427155,0,0
2300,0.954992586021,1.02329299228,0.988553094657,0,0
2300,1.02329299228,1.09647819614,1.05925372518,0,0
2300,1.09647819614,1.17489755494,1.13501081567,0,0
2300,1.17489755494,1.25892541179,1.21618600065,0,0
2300,1.25892541179,1.34896288259,1.30316677845,0,0
2300,1.34896288259,1.44543977075,1.39636836106,0.0100166553577,0.99994999875
2300,1.44543977075,1.54881661891,1.49623565609,0,0
2300,1.54881661891,1.65958690744,1.60324539069,0,0
2300,1.65958690744,1.77827941004,1.71790838716,0,0
2300,1.77827941004,1.90546071796,1.84077200147,0,0
2300,1.90546071796,2.04173794467,1.97242273611,0,0
2300,2.04173794467,2.18776162395,2.11348903984,0,0
2300,2.18776162395,2.34422881532,2.26464430759,0,0
2300,2.34422881532,2.51188643151,2.42661009508,0,0
2300,2.51188643151,2.69153480393,2.60015956317,0.024496388627,0.99994999875
2300,2.69153480393,2.88403150313,2.78612116863,0,0
2300,2.88403150313,3.09029543251,2.98538261892,0.0087012509663,0.99994999875
2300,3.09029543251,3.31131121483,3.19889510969,0,0
2300,3.31131121483,3.54813389234,3.42767786546,0,0
2300,3.54813389234,3.80189396321,3.67282300498,0,0
2300,3.80189396321,4.07380277804,3.93550075456,0,0
2300,4.07380277804,4.3651583224,4.21696503429,0,0
2300,4.3651583224,4.67735141287,4.51855944375,0,0
2300,4.67735141287,5.01187233627,4.84172367584,0,0
2300,5.01187233627,5.3703179637,5.18800038929,0,0
2300,5.3703179637,5.75439937337,5.5590425727,0,0
2300,5.75439937337,6.16595001861,5.95662143529,0,0
2300,6.16595001861,6.60693448008,6.38263486191,0,0
2300,6.60693448008,7.07945784384,6.83911647281,0,0
2300,7.07945784384,7.58577575029,7.32824533139,0.017648391697,0.99994999875
2300,7.58577575029,8.12830516164,7.8523563461,0,0
2300,8.12830516164,8.70963589956,8.41395141645,0.022443465362,0.99994999875
2300,8.70963589956,9.33254300797,9.01571137606,0,0
2300,9.33254300797,10,9.6605087899,0.271340976128,0.367806681286
2500,0.01,0.0107151930524,0.0103514216668,0,0
2500,0.0107151930524,0.011481536215,0.0110917481526,0,0
2500,0.011481536215,0.0123026877081,0.0118850222744,0,0
2500,0.0123026877081,0.0131825673856,0.0127350308102,0,0
2500,0.0131825673856,0.0141253754462,0.0136458313659,0,0
2500,0.0141253754462,0.0151356124844,0.0146217717446,0,0
2500,0.0151356124844,0.0162181009736,0.0156675107011,0,0
2500,0.0162181009736,0.0173780082875,0.0167880401812,0,0
2500,0.0173780082875,0.0186208713666,0.0179887091513,0,0
2500,0.0186208713666,0.0199526231497,0.0192752491319,0,0
2500,0.0199526231497,0.021379620895,0.0206538015581,0,0
2500,0.021379620895,0.0229086765277,0.0221309470961,0,0
2500,0.0229086765277,0.0245470891569,0.0237137370566,0,0
2500,0.0245470891569,0.026302679919,0.0254097270555,0,0
2500,0.026302679919,0.0281838293126,0.0272270130808,0,0
2500,0.0281838293126,0.030199517204,0.02917427014,0,0
2500,0.030199517204,0.032359365693,0.0312607936712,0,0
2500,0.032359365693,0.0346736850453,0.0334965439158,0,0
2500,0.0346736850453,0.0371535229097,0.0358921934645,0,0
2500,0.0371535229097,0.0398107170553,0.0384591782045,0,0
2500,0.0398107170553,0.0426579518802,0.0412097519097,0,0
2500,0.0426579518802,0.0457088189615,0.0441570447353,0.0593534980003,0.99994999875
2500,0.0457088189615,0.0489778819368,0.0473151258961,0,0
2500,0.0489778819368,0.052480746025,0.0506990708275,0,0
2500,0.052480746025,0.056234132519,0.0543250331492,0,0
2500,0.056234132519,0.0602559586074,0.0582103217771,0,0
2500,0.0602559586074,0.0645654229035,0.0623734835482,0.0707901809497,0.99994999875
2500,0.0645654229035,0.0691830970919,0.0668343917569,0.0166211743069,0.99994999875
2500,0.0691830970919,0.0741310241301,0.0716143410213,0.00971667211059,0.99994999875
2500,0.0741310241301,0.0794328234724,0.0767361489362,0,0
2500,0.0794328234724,0.0851138038202,0.0822242649947,0.0228347572966,0.99994999875
2500,0.0851138038202,0.0912010839356,0.0881048873008,0,0
2500,0.0912010839356,0.0977237220956,0.0944060876286,0,0
2500,0.0977237220956,0.104712854805,0.101157945426,0,0
2500,0.104712854805,0.11220184543,0.108392691402,0,0
2500,0.11220184543,0.120226443462,0.116144861384,0,0
2500,0.120226443462,0.128824955169,0.124451461177,0.050625936218,0.99994999875
2500,0.128824955169,0.13803842646,0.133352143216,0.0252683677475,0.99994999875
2500,0.13803842646,0.147910838817,0.142889395851,0,0
2500,0.147910838817,0.158489319246,0.153108746168,0,0
2500,0.158489319246,0.169824365246,0.16405897732,0.0119690660962,0.99994999875
2500,0.169824365246,0.181970085861,0.175792361396,0.018063545511,0.99994999875
2500,0.181970085861,0.194984459976,0.188364908949,0.0191618090227,0.99994999875
2500,0.194984459976,0.208929613085,0.201836636368,0.00693829110092,0.99994999875
2500,0.208929613085,0.223872113857,0.216271852373,0,0
2500,0.223872113857,0.239883291902,0.231739464997,0.0559612472003,0.99994999875
2500,0.239883291902,0.257039578277,0.24831331053,0,0
2500,0.257039578277,0.275422870334,0.26607250598,0.0696945876458,0.712556851454
2500,0.275422870334,0.295120922667,0.28510182675,0,0
2500,0.295120922667,0.316227766017,0.305492111322,0.047762930941,0.760971209071
2500,0.316227766017,0.338844156139,0.327340694879,0,0
2500,0.338844156139,0.36307805477,0.350751873953,0,0
2500,0.36307805477,0.389045144994,0.375837404288,0.0328804491039,0.77312116133
2500,0.389045144994,0.41686938347,0.402717034325,0.0683330283398,0.708602030404
2500,0.41686938347,0.446683592151,0.431519076828,0.024199426139,0.99994999875
2500,0.446683592151,0.478630092323,0.462381021399,0,0
2500,0.478630092323,0.512861383991,0.495450190805,0.177352171786,0.5250260425
2500,0.512861383991,0.549540873858,0.530884444231,0,0
2500,0.549540873858,0.588843655356,0.568852930844,0.0476923943191,0.99994999875
2500,0.588843655356,0.63095734448,0.60953689724,0,0
2500,0.63095734448,0.676082975392,0.653130552647,0,0
2500,0.676082975392,0.724435960075,0.699841996002,0,0
2500,0.724435960075,0.776247116629,0.749894209332,0,0
2500,0.776247116629,0.831763771103,0.803526122186,0,0
2500,0.831763771103,0.891250938134,0.860993752185,0,0
2500,0.891250938134,0.954992586021,0.922571427155,0,0
2500,0.954992586021,1.02329299228,0.988553094657,0,0
2500,1.02329299228,1.09647819614,1.05925372518,0,0
2500,1.09647819614,1.17489755494,1.13501081567,0.0326006782552,0.99994999875
2500,1.17489755494,1.25892541179,1.21618600065,0,0
2500,1.25892541179,1.34896288259,1.30316677845,0,0
2500,1.34896288259,1.44543977075,1.39636836106,0,0
2500,1.44543977075,1.54881661891,1.49623565609,0,0
2500,1.54881661891,1.65958690744,1.60324539069,0.0482977222583,0.99994999875
2500,1.65958690744,1.77827941004,1.71790838716,0,0
2500,1.77827941004,1.90546071796,1.84077200147,0,0
2500,1.90546071796,2.04173794467,1.97242273611,0,0
2500,2.04173794467,2.18776162395,2.11348903984,0,0
2500,2.18776162395,2.34422881532,2.26464430759,0,0
2500,2.34422881532,2.51188643151,2.42661009508,0,0
2500,2.51188643151,2.69153480393,2.60015956317,0,0
2500,2.69153480393,2.88403150313,2.78612116863,0,0
2500,2.88403150313,3.09029543251,2.98538261892,0,0
2500,3.09029543251,3.31131121483,3.19889510969,0,0
2500,3.31131121483,3.54813389234,3.42767786546,0,0
2500,3.54813389234,3.80189396321,3.67282300498,0,0
2500,3.80189396321,4.07380277804,3.93550075456,0,0
2500,4.07380277804,4.3651583224,4.21696503429,0,0
2500,4.3651583224,4.67735141287,4.51855944375,0,0
2500,4.67735141287,5.01187233627,4.84172367584,0,0
2500,5.01187233627,5.3703179637,5.18800038929,0,0
2500,5.3703179637,5.75439937337,5.5590425727,0,0
2500,5.75439937337,6.16595001861,5.95662143529,0,0
2500,6.16595001861,6.60693448008,6.38263486191,0,0
2500,6.60693448008,7.07945784384,6.83911647281,0,0
2500,7.07945784384,7.58577575029,7.32824533139,0,0
2500,7.58577575029,8.12830516164,7.8523563461,0.0474715175241,0.99994999875
2500,8.12830516164,8.70963589956,8.41395141645,0.0219456156268,0.99994999875
2500,8.70963589956,9.33254300797,9.01571137606,0,0
2500,9.33254300797,10,9.6605087899,1.03037148775,0.219340327495
2700,0.01,0.0107151930524,0.0103514216668,0,0
2700,0.0107151930524,0.011481536215,0.0110917481526,0,0
2700,0.011481536215,0.0123026877081,0.0118850222744,0,0
2700,0.0123026877081,0.0131825673856,0.0127350308102,0,0
2700,0.0131825673856,0.0141253754462,0.0136458313659,0,0
2700,0.0141253754462,0.0151356124844,0.0146217717446,0,0
2700,0.0151356124844,0.0162181009736,0.0156675107011,0,0
2700,0.0162181009736,0.0173780082875,0.0167880401812,0,0
2700,0.0173780082875,0.0186208713666,0.0179887091513,0.000229162913283,0.99994999875
2700,0.0186208713666,0.0199526231497,0.0192752491319,0,0
2700,0.0199526231497,0.021379620895,0.0206538015581,0,0
2700,0.021379620895,0.0229086765277,0.0221309470961,0,0
2700,0.0229086765277,0.0245470891569,0.0237137370566,0,0
2700,0.0245470891569,0.026302679919,0.0254097270555,0,0
2700,0.026302679919,0.0281838293126,0.0272270130808,0,0
2700,0.0281838293126,0.030199517204,0.02917427014,0.000517323189274,0.99994999875
2700,0.030199517204,0.032359365693,0.0312607936712,0,0
2700,0.032359365693,0.0346736850453,0.0334965439158,0,0
2700,0.0346736850453,0.0371535229097,0.0358921934645,0.00987437747545,0.624169882983
2700,0.0371535229097,0.0398107170553,0.0384591782045,0,0
2700,0.0398107170553,0.0426579518802,0.0412097519097,0.00963182285441,0.577827950547
2700,0.0426579518802,0.0457088189615,0.0441570447353,0.0103683269668,0.698270043277
2700,0.0457088189615,0.0489778819368,0.0473151258961,0.00284565581689,0.99994999875
2700,0.0489778819368,0.052480746025,0.0506990708275,0.00237644609369,0.99994999875
2700,0.052480746025,0.056234132519,0.0543250331492,0,0
2700,0.056234132519,0.0602559586074,0.0582103217771,0.00975681355601,0.594801399643
2700,0.0602559586074,0.0645654229035,0.0623734835482,0.0118474237124,0.904387209534
2700,0.0645654229035,0.0691830970919,0.0668343917569,0.00739641133991,0.99994999875
2700,0.0691830970919,0.0741310241301,0.0716143410213,0.00564199566534,0.944686621342
2700,0.0741310241301,0.0794328234724,0.0767361489362,0,0
2700,0.0794328234724,0.0851138038202,0.0822242649947,0,0
2700,0.0851138038202,0.0912010839356,0.0881048873008,0.00320147239562,0.86232751008
2700,0.0912010839356,0.0977237220956,0.0944060876286,0.0076493731757,0.999146345375
2700,0.0977237220956,0.104712854805,0.101157945426,0.0133880283409,0.70542094202
2700,0.104712854805,0.11220184543,0.108392691402,0.00328346625797,0.99994999875
2700,0.11220184543,0.120226443462,0.116144861384,0.00345012026232,0.99994999875
2700,0.120226443462,0.128824955169,0.124451461177,0,0
2700,0.128824955169,0.13803842646,0.133352143216,0.00387227192005,0.99994999875
2700,0.13803842646,0.147910838817,0.142889395851,0.00368174528074,0.688365937498
2700,0.147910838817,0.158489319246,0.153108746168,0.0025944817612,0.732600698936
2700,0.158489319246,0.169824365246,0.16405897732,0.0167143377897,0.693540704312
2700,0.169824365246,0.181970085861,0.175792361396,0.00498578425141,0.99994999875
2700,0.181970085861,0.194984459976,0.188364908949,0.00192453144415,0.99994999875
2700,0.194984459976,0.208929613085,0.201836636368,0.00606568782861,0.658904981759
2700,0.208929613085,0.223872113857,0.216271852373,0.0016815465882,0.99994999875
2700,0.223872113857,0.239883291902,0.231739464997,0.00704815640044,0.556794916807
2700,0.239883291902,0.257039578277,0.24831331053,0,0
2700,0.257039578277,0.275422870334,0.26607250598,0.00718708735013,0.746265198835
2700,0.275422870334,0.295120922667,0.28510182675,0.00984872716405,0.662561771111
2700,0.295120922667,0.316227766017,0.305492111322,0.00158387957406,0.99994999875
2700,0.316227766017,0.338844156139,0.327340694879,0.00201694985046,0.99994999875
2700,0.338844156139,0.36307805477,0.350751873953,0.00875826780318,0.975472529209
2700,0.36307805477,0.389045144994,0.375837404288,0.00683237045338,0.513181884609
2700,0.389045144994,0.41686938347,0.402717034325,0.000747388447421,0.99994999875
2700,0.41686938347,0.446683592151,0.431519076828,0.00326147648016,0.714330821741
2700,0.446683592151,0.478630092323,0.462381021399,0.0287325251053,0.83461889415
2700,0.478630092323,0.512861383991,0.495450190805,0.0533077500762,0.434478142429
2700,0.512861383991,0.549540873858,0.530884444231,0,0
2700,0.549540873858,0.588843655356,0.568852930844,0,0
2700,0.588843655356,0.63095734448,0.60953689724,0.00534244000648,0.99994999875
2700,0.63095734448,0.676082975392,0.653130552647,0.0127408599701,0.809740526792
2700,0.676082975392,0.724435960075,0.699841996002,0,0
2700,0.724435960075,0.776247116629,0.749894209332,0.00253567141661,0.99994999875
2700,0.776247116629,0.831763771103,0.803526122186,0,0
2700,0.831763771103,0.891250938134,0.860993752185,0,0
2700,0.891250938134,0.954992586021,0.922571427155,0.0124128919289,0.99994999875
2700,0.954992586021,1.02329299228,0.988553094657,0.0134101424308,0.99994999875
2700,1.02329299228,1.09647819614,1.05925372518,0,0
2700,1.09647819614,1.17489755494,1.13501081567,0.0083888681568,0.638036553046
2700,1.17489755494,1.25892541179,1.21618600065,0.00918728595036,0.99994999875
2700,1.25892541179,1.34896288259,1.30316677845,3.7429112806e-05,0.99994999875
2700,1.34896288259,1.44543977075,1.39636836106,0.00216214371554,0.99994999875
2700,1.44543977075,1.54881661891,1.49623565609,0.00789427357934,0.823032829237
2700,1.54881661891,1.65958690744,1.60324539069,0.0048310237401,0.99994999875
2700,1.65958690744,1.77827941004,1.71790838716,0,0
2700,1.77827941004,1.90546071796,1.84077200147,0,0
2700,1.90546071796,2.04173794467,1.97242273611,0,0
2700,2.04173794467,2.18776162395,2.11348903984,0.00190334324773,0.99994999875
2700,2.18776162395,2.34422881532,2.26464430759,0,0
2700,2.34422881532,2.51188643151,2.42661009508,0,0
2700,2.51188643151,2.69153480393,2.60015956317,0.00358927438519,0.770749565146
2700,2.69153480393,2.88403150313,2.78612116863,0.00131441387928,0.99994999875
2700,2.88403150313,3.09029543251,2.98538261892,0.00433309506676,0.99994999875
2700,3.09029543251,3.31131121483,3.19889510969,0,0
2700,3.31131121483,3.54813389234,3.42767786546,0,0
2700,3.54813389234,3.80189396321,3.67282300498,0.00724071033974,0.99994999875
2700,3.80189396321,4.07380277804,3.93550075456,0.016962078583,0.801954603914
2700,4.07380277804,4.3651583224,4.21696503429,0,0
2700,4.3651583224,4.67735141287,4.51855944375,0.002615284662,0.99994999875
2700,4.67735141287,5.01187233627,4.84172367584,0.00275299640479,0.99994999875
2700,5.01187233627,5.3703179637,5.18800038929,0.00542019922054,0.99994999875
2700,5.3703179637,5.75439937337,5.5590425727,0,0
2700,5.75439937337,6.16595001861,5.95662143529,0.00173013114161,0.99994999875
2700,6.16595001861,6.60693448008,6.38263486191,0.0112144017341,0.615212715874
2700,6.60693448008,7.07945784384,6.83911647281,0.00346473422863,0.99994999875
2700,7.07945784384,7.58577575029,7.32824533139,0,0
2700,7.58577575029,8.12830516164,7.8523563461,0,0
2700,8.12830516164,8.70963589956,8.41395141645,0.00159477082368,0.99994999875
2700,8.70963589956,9.33254300797,9.01571137606,0,0
2700,9.33254300797,10,9.6605087899,0.257934304911,0.156124562071
2900,0.01,0.0107151930524,0.0103514216668,0,0
2900,0.0107151930524,0.011481536215,0.0110917481526,0,0
2900,0.011481536215,0.0123026877081,0.0118850222744,0.000478509958562,0.99994999875
2900,0.0123026877081,0.0131825673856,0.0127350308102,0,0
2900,0.0131825673856,0.0141253754462,0.0136458313659,0,0
2900,0.0141253754462,0.0151356124844,0.0146217717446,0,0
2900,0.0151356124844,0.0162181009736,0.0156675107011,0.0023902227998,0.99994999875
2900,0.0162181009736,0.0173780082875,0.0167880401812,0.0084420935183,0.99994999875
2900,0.0173780082875,0.0186208713666,0.0179887091513,0,0
2900,0.0186208713666,0.0199526231497,0.0192752491319,0.00458667359823,0.99994999875
2900,0.0199526231497,0.021379620895,0.0206538015581,0,0
2900,0.021379620895,0.0229086765277,0.0221309470961,0,0
2900,0.0229086765277,0.0245470891569,0.0237137370566,0,0
2900,0.0245470891569,0.026302679919,0.0254097270555,0,0
2900,0.026302679919,0.0281838293126,0.0272270130808,0,0
2900,0.0281838293126,0.030199517204,0.02917427014,0,0
2900,0.030199517204,0.032359365693,0.0312607936712,0,0
2900,0.032359365693,0.0346736850453,0.0334965439158,0,0
2900,0.0346736850453,0.0371535229097,0.0358921934645,0,0
2900,0.0371535229097,0.0398107170553,0.0384591782045,0,0
2900,0.0398107170553,0.0426579518802,0.0412097519097,0.00701857624047,0.99994999875
2900,0.0426579518802,0.0457088189615,0.0441570447353,0.030656129141,0.72324232702
2900,0.0457088189615,0.0489778819368,0.0473151258961,0,0
2900,0.0489778819368,0.052480746025,0.0506990708275,0,0
2900,0.052480746025,0.056234132519,0.0543250331492,0.0040185259812,0.99994999875
2900,0.056234132519,0.0602559586074,0.0582103217771,0.0155347893125,0.99994999875
2900,0.0602559586074,0.0645654229035,0.0623734835482,0.0149887604719,0.99994999875
2900,0.0645654229035,0.0691830970919,0.0668343917569,0,0
2900,0.0691830970919,0.0741310241301,0.0716143410213,0,0
2900,0.0741310241301,0.0794328234724,0.0767361489362,0.0120200846595,0.99994999875
2900,0.0794328234724,0.0851138038202,0.0822242649947,0.0048322912517,0.99994999875
2900,0.0851138038202,0.0912010839356,0.0881048873008,0,0
2900,0.0912010839356,0.0977237220956,0.0944060876286,0,0
2900,0.0977237220956,0.104712854805,0.101157945426,0,0
2900,0.104712854805,0.11220184543,0.108392691402,0,0
2900,0.11220184543,0.120226443462,0.116144861384,0,0
2900,0.120226443462,0.128824955169,0.124451461177,0.00641545122989,0.99994999875
2900,0.128824955169,0.13803842646,0.133352143216,0.0137700097874,0.99994999875
2900,0.13803842646,0.147910838817,0.142889395851,0,0
2900,0.147910838817,0.158489319246,0.153108746168,0.0194373439952,0.99994999875
2900,0.158489319246,0.169824365246,0.16405897732,0.0082519710469,0.99994999875
2900,0.169824365246,0.181970085861,0.175792361396,0.00237701811501,0.99994999875
2900,0.181970085861,0.194984459976,0.188364908949,0.031332228875,0.553997087023
2900,0.194984459976,0.208929613085,0.201836636368,0,0
2900,0.208929613085,0.223872113857,0.216271852373,0.00463806742203,0.99994999875
2900,0.223872113857,0.239883291902,0.231739464997,0.00947324124083,0.99994999875
2900,0.239883291902,0.257039578277,0.24831331053,0.0139598841851,0.839914647923
2900,0.257039578277,0.275422870334,0.26607250598,0.0145649584769,0.99994999875
2900,0.275422870334,0.295120922667,0.28510182675,0,0
2900,0.295120922667,0.316227766017,0.305492111322,0,0
2900,0.316227766017,0.338844156139,0.327340694879,0,0
2900,0.338844156139,0.36307805477,0.350751873953,0,0
2900,0.36307805477,0.389045144994,0.375837404288,0.0113353997632,0.99994999875
2900,0.389045144994,0.41686938347,0.402717034325,0.00177764814114,0.99994999875
2900,0.41686938347,0.446683592151,0.431519076828,0.0322691220214,0.99994999875
2900,0.446683592151,0.478630092323,0.462381021399,0.0115139547411,0.99994999875
2900,0.478630092323,0.512861383991,0.495450190805,0.0832499414626,0.49197470983
2900,0.512861383991,0.549540873858,0.530884444231,0,0
2900,0.549540873858,0.588843655356,0.568852930844,0,0
2900,0.588843655356,0.63095734448,0.60953689724,0.0176028903002,0.99994999875
2900,0.63095734448,0.676082975392,0.653130552647,0,0
2900,0.676082975392,0.724435960075,0.699841996002,0,0
2900,0.724435960075,0.776247116629,0.749894209332,0,0
2900,0.776247116629,0.831763771103,0.803526122186,0,0
2900,0.831763771103,0.891250938134,0.860993752185,0,0
2900,0.891250938134,0.954992586021,0.922571427155,0.00565501870599,0.99994999875
2900,0.954992586021,1.02329299228,0.988553094657,0,0
2900,1.02329299228,1.09647819614,1.05925372518,0.00960886828172,0.99994999875
2900,1.09647819614,1.17489755494,1.13501081567,0,0
2900,1.17489755494,1.25892541179,1.21618600065,0,0
2900,1.25892541179,1.34896288259,1.30316677845,0.0110827171052,0.99994999875
2900,1.34896288259,1.44543977075,1.39636836106,0,0
2900,1.44543977075,1.54881661891,1.49623565609,0,0
2900,1.54881661891,1.65958690744,1.60324539069,0,0
2900,1.65958690744,1.77827941004,1.71790838716,0,0
2900,1.77827941004,1.90546071796,1.84077200147,0,0
2900,1.90546071796,2.04173794467,1.97242273611,0,0
2900,2.04173794467,2.18776162395,2.11348903984,0,0
2900,2.18776162395,2.34422881532,2.26464430759,0.017052095791,0.99994999875
2900,2.34422881532,2.51188643151,2.42661009508,0,0
2900,2.51188643151,2.69153480393,2.60015956317,0,0
2900,2.69153480393,2.88403150313,2.78612116863,0,0
2900,2.88403150313,3.09029543251,2.98538261892,0.00755336464382,0.99994999875
2900,3.09029543251,3.31131121483,3.19889510969,0,0
2900,3.31131121483,3.54813389234,3.42767786546,0,0
2900,3.54813389234,3.80189396321,3.67282300498,0,0
2900,3.80189396321,4.07380277804,3.93550075456,0,0
2900,4.07380277804,4.3651583224,4.21696503429,0,0
2900,4.3651583224,4.67735141287,4.51855944375,0,0
2900,4.67735141287,5.01187233627,4.84172367584,0,0
2900,5.01187233627,5.3703179637,5.18800038929,0,0
2900,5.3703179637,5.75439937337,5.5590425727,0,0
2900,5.75439937337,6.16595001861,5.95662143529,0,0
2900,6.16595001861,6.60693448008,6.38263486191,0,0
2900,6.60693448008,7.07945784384,6.83911647281,0.0123256227662,0.99994999875
2900,7.07945784384,7.58577575029,7.32824533139,0,0
2900,7.58577575029,8.12830516164,7.8523563461,0.00586520783974,0.99994999875
2900,8.12830516164,8.70963589956,8.41395141645,0,0
2900,8.70963589956,9.33254300797,9.01571137606,0,0
2900,9.33254300797,10,9.6605087899,0.311784444627,0.30893029598
3000,0.01,0.0107151930524,0.0103514216668,0,0
3000,0.0107151930524,0.011481536215,0.0110917481526,0,0
3000,0.011481536215,0.0123026877081,0.0118850222744,0,0
3000,0.0123026877081,0.0131825673856,0.0127350308102,0,0
3000,0.0131825673856,0.0141253754462,0.0136458313659,0,0
3000,0.0141253754462,0.0151356124844,0.0146217717446,0,0
3000,0.0151356124844,0.0162181009736,0.0156675107011,0,0
3000,0.0162181009736,0.0173780082875,0.0167880401812,0,0
3000,0.0173780082875,0.0186208713666,0.0179887091513,0,0
3000,0.0186208713666,0.0199526231497,0.0192752491319,0,0
3000,0.0199526231497,0.021379620895,0.0206538015581,0,0
3000,0.021379620895,0.0229086765277,0.0221309470961,0,0
3000,0.0229086765277,0.0245470891569,0.0237137370566,0,0
3000,0.0245470891569,0.026302679919,0.0254097270555,0,0
3000,0.026302679919,0.0281838293126,0.0272270130808,0,0
3000,0.0281838293126,0.030199517204,0.02917427014,0,0
3000,0.030199517204,0.032359365693,0.0312607936712,0,0
3000,0.032359365693,0.0346736850453,0.0334965439158,0,0
3000,0.0346736850453,0.0371535229097,0.0358921934645,0,0
3000,0.0371535229097,0.0398107170553,0.0384591782045,0,0
3000,0.0398107170553,0.0426579518802,0.0412097519097,0,0
3000,0.0426579518802,0.0457088189615,0.0441570447353,0,0
3000,0.0457088189615,0.0489778819368,0.0473151258961,0,0
3000,0.0489778819368,0.052480746025,0.0506990708275,0,0
3000,0.052480746025,0.056234132519,0.0543250331492,0,0
3000,0.056234132519,0.0602559586074,0.0582103217771,0,0
3000,0.0602559586074,0.0645654229035,0.0623734835482,0,0
3000,0.0645654229035,0.0691830970919,0.0668343917569,0.018859801382,0.99994999875
3000,0.0691830970919,0.0741310241301,0.0716143410213,0,0
3000,0.0741310241301,0.0794328234724,0.0767361489362,0,0
3000,0.0794328234724,0.0851138038202,0.0822242649947,0.0110808580845,0.99994999875
3000,0.0851138038202,0.0912010839356,0.0881048873008,0,0
3000,0.0912010839356,0.0977237220956,0.0944060876286,0,0
3000,0.0977237220956,0.104712854805,0.101157945426,0.0499236760308,0.99994999875
3000,0.104712854805,0.11220184543,0.108392691402,0,0
3000,0.11220184543,0.120226443462,0.116144861384,0,0
3000,0.120226443462,0.128824955169,0.124451461177,0,0
3000,0.128824955169,0.13803842646,0.133352143216,0,0
3000,0.13803842646,0.147910838817,0.142889395851,0,0
3000,0.147910838817,0.158489319246,0.153108746168,0.00656847127668,0.99994999875
3000,0.158489319246,0.169824365246,0.16405897732,0,0
3000,0.169824365246,0.181970085861,0.175792361396,0,0
3000,0.181970085861,0.194984459976,0.188364908949,0,0
3000,0.194984459976,0.208929613085,0.201836636368,0,0
3000,0.208929613085,0.223872113857,0.216271852373,0,0
3000,0.223872113857,0.239883291902,0.231739464997,0.0169195930714,0.99994999875
3000,0.239883291902,0.257039578277,0.24831331053,0.0348720642783,0.711685285422
3000,0.257039578277,0.275422870334,0.26607250598,0.00787587163377,0.99994999875
3000,0.275422870334,0.295120922667,0.28510182675,0.0227415668046,0.99994999875
3000,0.295120922667,0.316227766017,0.305492111322,0.0164431801144,0.99994999875
3000,0.316227766017,0.338844156139,0.327340694879,0,0
3000,0.338844156139,0.36307805477,0.350751873953,0,0
3000,0.36307805477,0.389045144994,0.375837404288,0,0
3000,0.389045144994,0.41686938347,0.402717034325,0,0
3000,0.41686938347,0.446683592151,0.431519076828,0,0
3000,0.446683592151,0.478630092323,0.462381021399,0.0142359160276,0.99994999875
3000,0.478630092323,0.512861383991,0.495450190805,0,0
3000,0.512861383991,0.549540873858,0.530884444231,0,0
3000,0.549540873858,0.588843655356,0.568852930844,0,0
3000,0.588843655356,0.63095734448,0.60953689724,0,0
3000,0.63095734448,0.676082975392,0.653130552647,0,0
3000,0.676082975392,0.724435960075,0.699841996002,0,0
3000,0.724435960075,0.776247116629,0.749894209332,0,0
3000,0.776247116629,0.831763771103,0.803526122186,0,0
3000,0.831763771103,0.891250938134,0.860993752185,0.0257742778509,0.99994999875
3000,0.891250938134,0.954992586021,0.922571427155,0,0
3000,0.954992586021,1.02329299228,0.988553094657,0,0
3000,1.02329299228,1.09647819614,1.05925372518,0,0
3000,1.09647819614,1.17489755494,1.13501081567,0,0
3000,1.17489755494,1.25892541179,1.21618600065,0,0
3000,1.25892541179,1.34896288259,1.30316677845,0.0445931146156,0.99994999875
3000,1.34896288259,1.44543977075,1.39636836106,0,0
3000,1.44543977075,1.54881661891,1.49623565609,0,0
3000,1.54881661891,1.65958690744,1.60324539069,0,0
3000,1.65958690744,1.77827941004,1.71790838716,0,0
3000,1.77827941004,1.90546071796,1.84077200147,0,0
3000,1.90546071796,2.04173794467,1.97242273611,0,0
3000,2.04173794467,2.18776162395,2.11348903984,0,0
3000,2.18776162395,2.34422881532,2.26464430759,0,0
3000,2.34422881532,2.51188643151,2.42661009508,0,0
3000,2.51188643151,2.69153480393,2.60015956317,0,0
3000,2.69153480393,2.88403150313,2.78612116863,0,0
3000,2.88403150313,3.09029543251,2.98538261892,0,0
3000,3.09029543251,3.31131121483,3.19889510969,0,0
3000,3.31131121483,3.54813389234,3.42767786546,0,0
3000,3.54813389234,3.80189396321,3.67282300498,0,0
3000,3.80189396321,4.07380277804,3.93550075456,0,0
3000,4.07380277804,4.3651583224,4.21696503429,0,0
3000,4.3651583224,4.67735141287,4.51855944375,0,0
3000,4.67735141287,5.01187233627,4.84172367584,0.0571541302964,0.99994999875
3000,5.01187233627,5.3703179637,5.18800038929,0,0
3000,5.3703179637,5.75439937337,5.5590425727,0,0
3000,5.75439937337,6.16595001861,5.95662143529,0,0
3000,6.16595001861,6.60693448008,6.38263486191,0,0
3000,6.60693448008,7.07945784384,6.83911647281,0,0
3000,7.07945784384,7.58577575029,7.32824533139,0,0
3000,7.58577575029,8.12830516164,7.8523563461,0,0
3000,8.12830516164,8.70963589956,8.41395141645,0.0230818879032,0.99994999875
3000,8.70963589956,9.33254300797,9.01571137606,0,0
3000,9.33254300797,10,9.6605087899,0.193016481586,0.421058784563
3200,0.01,0.0107151930524,0.0103514216668,0,0
3200,0.0107151930524,0.011481536215,0.0110917481526,0,0
3200,0.011481536215,0.0123026877081,0.0118850222744,0,0
3200,0.0123026877081,0.0131825673856,0.0127350308102,0,0
3200,0.0131825673856,0.0141253754462,0.0136458313659,0,0
3200,0.0141253754462,0.0151356124844,0.0146217717446,0,0
3200,0.0151356124844,0.0162181009736,0.0156675107011,0,0
3200,0.0162181009736,0.0173780082875,0.0167880401812,0,0
3200,0.0173780082875,0.0186208713666,0.0179887091513,0,0
3200,0.0186208713666,0.0199526231497,0.0192752491319,0,0
3200,0.0199526231497,0.021379620895,0.0206538015581,0,0
3200,0.021379620895,0.0229086765277,0.0221309470961,0,0
3200,0.0229086765277,0.0245470891569,0.0237137370566,0,0
3200,0.0245470891569,0.026302679919,0.0254097270555,0,0
3200,0.026302679919,0.0281838293126,0.0272270130808,0,0
3200,0.0281838293126,0.030199517204,0.02917427014,0,0
3200,0.030199517204,0.032359365693,0.0312607936712,0,0
3200,0.032359365693,0.0346736850453,0.0334965439158,0,0
3200,0.0346736850453,0.0371535229097,0.0358921934645,0,0
3200,0.0371535229097,0.0398107170553,0.0384591782045,0,0
3200,0.0398107170553,0.0426579518802,0.0412097519097,0,0
3200,0.0426579518802,0.0457088189615,0.0441570447353,0,0
3200,0.0457088189615,0.0489778819368,0.0473151258961,0,0
3200,0.0489778819368,0.052480746025,0.0506990708275,0.0108480142192,0.99994999875
3200,0.052480746025,0.056234132519,0.0543250331492,0,0
3200,0.056234132519,0.0602559586074,0.0582103217771,0,0
3200,0.0602559586074,0.0645654229035,0.0623734835482,0,0
3200,0.0645654229035,0.0691830970919,0.0668343917569,0,0
3200,0.0691830970919,0.0741310241301,0.0716143410213,0,0
3200,0.0741310241301,0.0794328234724,0.0767361489362,0,0
3200,0.0794328234724,0.0851138038202,0.0822242649947,0,0
3200,0.0851138038202,0.0912010839356,0.0881048873008,0,0
3200,0.0912010839356,0.0977237220956,0.0944060876286,0,0
3200,0.0977237220956,0.104712854805,0.101157945426,0,0
3200,0.104712854805,0.11220184543,0.108392691402,0,0
3200,0.11220184543,0.120226443462,0.116144861384,0,0
3200,0.120226443462,0.128824955169,0.124451461177,0,0
3200,0.128824955169,0.13803842646,0.133352143216,0,0
3200,0.13803842646,0.147910838817,0.142889395851,0,0
3200,0.147910838817,0.158489319246,0.153108746168,0,0
3200,0.158489319246,0.169824365246,0.16405897732,0,0
3200,0.169824365246,0.181970085861,0.175792361396,0,0
3200,0.181970085861,0.194984459976,0.188364908949,0,0
3200,0.194984459976,0.208929613085,0.201836636368,0,0
3200,0.208929613085,0.223872113857,0.216271852373,0,0
3200,0.223872113857,0.239883291902,0.231739464997,0,0
3200,0.239883291902,0.257039578277,0.24831331053,0,0
3200,0.257039578277,0.275422870334,0.26607250598,0,0
3200,0.275422870334,0.295120922667,0.28510182675,0,0
3200,0.295120922667,0.316227766017,0.305492111322,0,0
3200,0.316227766017,0.338844156139,0.327340694879,0,0
3200,0.338844156139,0.36307805477,0.350751873953,0,0
3200,0.36307805477,0.389045144994,0.375837404288,0,0
3200,0.389045144994,0.41686938347,0.402717034325,0,0
3200,0.41686938347,0.446683592151,0.431519076828,0,0
3200,0.446683592151,0.478630092323,0.462381021399,0,0
3200,0.478630092323,0.512861383991,0.495450190805,0,0
3200,0.512861383991,0.549540873858,0.530884444231,0,0
3200,0.549540873858,0.588843655356,0.568852930844,0,0
3200,0.588843655356,0.63095734448,0.60953689724,0,0
3200,0.63095734448,0.676082975392,0.653130552647,0,0
3200,0.676082975392,0.724435960075,0.699841996002,0,0
3200,0.724435960075,0.776247116629,0.749894209332,0,0
3200,0.776247116629,0.831763771103,0.803526122186,0,0
3200,0.831763771103,0.891250938134,0.860993752185,0,0
3200,0.891250938134,0.954992586021,0.922571427155,0,0
3200,0.954992586021,1.02329299228,0.988553094657,0,0
3200,1.02329299228,1.09647819614,1.05925372518,0,0
3200,1.09647819614,1.17489755494,1.13501081567,0,0
3200,1.17489755494,1.25892541179,1.21618600065,0,0
3200,1.25892541179,1.34896288259,1.30316677845,0,0
3200,1.34896288259,1.44543977075,1.39636836106,0,0
3200,1.44543977075,1.54881661891,1.49623565609,0,0
3200,1.54881661891,1.65958690744,1.60324539069,0,0
3200,1.65958690744,1.77827941004,1.71790838716,0,0
3200,1.77827941004,1.90546071796,1.84077200147,0,0
3200,1.90546071796,2.04173794467,1.97242273611,0,0
3200,2.04173794467,2.18776162395,2.11348903984,0,0
3200,2.18776162395,2.34422881532,2.26464430759,0,0
3200,2.34422881532,2.51188643151,2.42661009508,0,0
3200,2.51188643151,2.69153480393,2.60015956317,0,0
3200,2.69153480393,2.88403150313,2.78612116863,0,0
3200,2.88403150313,3.09029543251,2.98538261892,0,0
3200,3.09029543251,3.31131121483,3.19889510969,0,0
3200,3.31131121483,3.54813389234,3.42767786546,0,0
3200,3.54813389234,3.80189396321,3.67282300498,0,0
3200,3.80189396321,4.07380277804,3.93550075456,0,0
3200,4.07380277804,4.3651583224,4.21696503429,0,0
3200,4.3651583224,4.67735141287,4.51855944375,0,0
3200,4.67735141287,5.01187233627,4.84172367584,0.00448017553455,0.99994999875
3200,5.01187233627,5.3703179637,5.18800038929,0,0
3200,5.3703179637,5.75439937337,5.5590425727,0,0
3200,5.75439937337,6.16595001861,5.95662143529,0,0
3200,6.16595001861,6.60693448008,6.38263486191,0,0
3200,6.60693448008,7.07945784384,6.83911647281,0,0
3200,7.07945784384,7.58577575029,7.32824533139,0,0
3200,7.58577575029,8.12830516164,7.8523563461,0,0
3200,8.12830516164,8.70963589956,8.41395141645,0,0
3200,8.70963589956,9.33254300797,9.01571137606,0,0
3200,9.33254300797,10,9.6605087899,0.0180720379966,0.99994999875
3500,0.01,0.0107151930524,0.0103514216668,0,0
3500,0.0107151930524,0.011481536215,0.0110917481526,0,0
3500,0.011481536215,0.0123026877081,0.0118850222744,0,0
3500,0.0123026877081,0.0131825673856,0.0127350308102,0,0
3500,0.0131825673856,0.0141253754462,0.0136458313659,0,0
3500,0.0141253754462,0.0151356124844,0.0146217717446,0,0
3500,0.0151356124844,0.0162181009736,0.0156675107011,0,0
3500,0.0162181009736,0.0173780082875,0.0167880401812,0,0
3500,0.0173780082875,0.0186208713666,0.0179887091513,0,0
3500,0.0186208713666,0.0199526231497,0.0192752491319,0,0
3500,0.0199526231497,0.021379620895,0.0206538015581,0,0
3500,0.021379620895,0.0229086765277,0.0221309470961,0,0
3500,0.0229086765277,0.0245470891569,0.0237137370566,0,0
3500,0.0245470891569,0.026302679919,0.0254097270555,0,0
3500,0.026302679919,0.0281838293126,0.0272270130808,0,0
3500,0.0281838293126,0.030199517204,0.02917427014,0,0
3500,0.030199517204,0.032359365693,0.0312607936712,0,0
3500,0.032359365693,0.0346736850453,0.0334965439158,0,0
3500,0.0346736850453,0.0371535229097,0.0358921934645,0,0
3500,0.0371535229097,0.0398107170553,0.0384591782045,0,0
3500,0.0398107170553,0.0426579518802,0.0412097519097,0,0
3500,0.0426579518802,0.0457088189615,0.0441570447353,0,0
3500,0.0457088189615,0.0489778819368,0.0473151258961,0,0
3500,0.0489778819368,0.052480746025,0.0506990708275,0,0
3500,0.052480746025,0.056234132519,0.0543250331492,0,0
3500,0.056234132519,0.0602559586074,0.0582103217771,0,0
3500,0.0602559586074,0.0645654229035,0.0623734835482,0,0
3500,0.0645654229035,0.0691830970919,0.0668343917569,0,0
3500,0.0691830970919,0.0741310241301,0.0716143410213,0,0
3500,0.0741310241301,0.0794328234724,0.0767361489362,0,0
3500,0.0794328234724,0.0851138038202,0.0822242649947,0,0
3500,0.0851138038202,0.0912010839356,0.0881048873008,0,0
3500,0.0912010839356,0.0977237220956,0.0944060876286,0,0
3500,0.0977237220956,0.104712854805,0.101157945426,0,0
3500,0.104712854805,0.11220184543,0.108392691402,0,0
3500,0.11220184543,0.120226443462,0.116144861384,0,0
3500,0.120226443462,0.128824955169,0.124451461177,0,0
3500,0.128824955169,0.13803842646,0.133352143216,0,0
3500,0.13803842646,0.147910838817,0.142889395851,0,0
3500,0.147910838817,0.158489319246,0.153108746168,0,0
3500,0.158489319246,0.169824365246,0.16405897732,0,0
3500,0.169824365246,0.181970085861,0.175792361396,0,0
3500,0.181970085861,0.194984459976,0.188364908949,0,0
3500,0.194984459976,0.208929613085,0.201836636368,0,0
3500,0.208929613085,0.223872113857,0.216271852373,0,0
3500,0.223872113857,0.239883291902,0.231739464997,0,0
3500,0.239883291902,0.257039578277,0.24831331053,0,0
3500,0.257039578277,0.275422870334,0.26607250598,0,0
3500,0.275422870334,0.295120922667,0.28510182675,0,0
3500,0.295120922667,0.316227766017,0.305492111322,0,0
3500,0.316227766017,0.338844156139,0.327340694879,0,0
3500,0.338844156139,0.36307805477,0.350751873953,0,0
3500,0.36307805477,0.389045144994,0.375837404288,0,0
3500,0.389045144994,0.41686938347,0.402717034325,0,0
3500,0.41686938347,0.446683592151,0.431519076828,0,0
3500,0.446683592151,0.478630092323,0.462381021399,0,0
3500,0.478630092323,0.512861383991,0.495450190805,0.00390649223499,0.99994999875
3500,0.512861383991,0.549540873858,0.530884444231,0,0
3500,0.549540873858,0.588843655356,0.568852930844,0,0
3500,0.588843655356,0.63095734448,0.60953689724,0.000826084320587,0.99994999875
3500,0.63095734448,0.676082975392,0.653130552647,0,0
3500,0.676082975392,0.724435960075,0.699841996002,0,0
3500,0.724435960075,0.776247116629,0.749894209332,0,0
3500,0.776247116629,0.831763771103,0.803526122186,0,0
3500,0.831763771103,0.891250938134,0.860993752185,0,0
3500,0.891250938134,0.954992586021,0.922571427155,0,0
3500,0.954992586021,1.02329299228,0.988553094657,0,0
3500,1.02329299228,1.09647819614,1.05925372518,0,0
3500,1.09647819614,1.17489755494,1.13501081567,0,0
3500,1.17489755494,1.25892541179,1.21618600065,0,0
3500,1.25892541179,1.34896288259,1.30316677845,0,0
3500,1.34896288259,1.44543977075,1.39636836106,0,0
3500,1.44543977075,1.54881661891,1.49623565609,0.000399967542147,0.99994999875
3500,1.54881661891,1.65958690744,1.60324539069,0.00467406585802,0.99994999875
3500,1.65958690744,1.77827941004,1.71790838716,0,0
3500,1.77827941004,1.90546071796,1.84077200147,0.0145548252593,0.99994999875
3500,1.90546071796,2.04173794467,1.97242273611,0,0
3500,2.04173794467,2.18776162395,2.11348903984,0,0
3500,2.18776162395,2.34422881532,2.26464430759,0,0
3500,2.34422881532,2.51188643151,2.42661009508,0,0
3500,2.51188643151,2.69153480393,2.60015956317,0,0
3500,2.69153480393,2.88403150313,2.78612116863,0.00293562746089,0.99994999875
3500,2.88403150313,3.09029543251,2.98538261892,0,0
3500,3.09029543251,3.31131121483,3.19889510969,0,0
3500,3.31131121483,3.54813389234,3.42767786546,0,0
3500,3.54813389234,3.80189396321,3.67282300498,0,0
3500,3.80189396321,4.07380277804,3.93550075456,0,0
3500,4.07380277804,4.3651583224,4.21696503429,0,0
3500,4.3651583224,4.67735141287,4.51855944375,0,0
3500,4.67735141287,5.01187233627,4.84172367584,0,0
3500,5.01187233627,5.3703179637,5.18800038929,0,0
3500,5.3703179637,5.75439937337,5.5590425727,0.00834733183619,0.99994999875
3500,5.75439937337,6.16595001861,5.95662143529,0,0
3500,6.16595001861,6.60693448008,6.38263486191,0.00106943866346,0.99994999875
3500,6.60693448008,7.07945784384,6.83911647281,0,0
3500,7.07945784384,7.58577575029,7.32824533139,0,0
3500,7.58577575029,8.12830516164,7.8523563461,0,0
3500,8.12830516164,8.70963589956,8.41395141645,0,0
3500,8.70963589956,9.33254300797,9.01571137606,0,0
3500,9.33254300797,10,9.6605087899,0.0254852985799,0.659840730798
3600,0.01,0.0107151930524,0.0103514216668,0,0
3600,0.0107151930524,0.011481536215,0.0110917481526,0,0
3600,0.011481536215,0.0123026877081,0.0118850222744,0,0
3600,0.0123026877081,0.0131825673856,0.0127350308102,0,0
3600,0.0131825673856,0.0141253754462,0.0136458313659,0,0
3600,0.0141253754462,0.0151356124844,0.0146217717446,0,0
3600,0.0151356124844,0.0162181009736,0.0156675107011,0,0
3600,0.0162181009736,0.0173780082875,0.0167880401812,0,0
3600,0.0173780082875,0.0186208713666,0.0179887091513,0,0
3600,0.0186208713666,0.0199526231497,0.0192752491319,0,0
3600,0.0199526231497,0.021379620895,0.0206538015581,0,0
3600,0.021379620895,0.0229086765277,0.0221309470961,0,0
3600,0.0229086765277,0.0245470891569,0.0237137370566,0,0
3600,0.0245470891569,0.026302679919,0.0254097270555,0,0
3600,0.026302679919,0.0281838293126,0.0272270130808,0,0
3600,0.0281838293126,0.030199517204,0.02917427014,0,0
3600,0.030199517204,0.032359365693,0.0312607936712,0,0
3600,0.032359365693,0.0346736850453,0.0334965439158,0,0
3600,0.0346736850453,0.0371535229097,0.0358921934645,0,0
3600,0.0371535229097,0.0398107170553,0.0384591782045,0,0
3600,0.0398107170553,0.0426579518802,0.0412097519097,0,0
3600,0.0426579518802,0.0457088189615,0.0441570447353,0,0
3600,0.0457088189615,0.0489778819368,0.0473151258961,0,0
3600,0.0489778819368,0.052480746025,0.0506990708275,0,0
3600,0.052480746025,0.056234132519,0.0543250331492,0,0
3600,0.056234132519,0.0602559586074,0.0582103217771,0,0
3600,0.0602559586074,0.0645654229035,0.0623734835482,0,0
3600,0.0645654229035,0.0691830970919,0.0668343917569,0,0
3600,0.0691830970919,0.0741310241301,0.0716143410213,0,0
3600,0.0741310241301,0.0794328234724,0.0767361489362,0,0
3600,0.0794328234724,0.0851138038202,0.0822242649947,0,0
3600,0.0851138038202,0.0912010839356,0.0881048873008,0,0
3600,0.0912010839356,0.0977237220956,0.0944060876286,0,0
3600,0.0977237220956,0.104712854805,0.101157945426,0,0
3600,0.104712854805,0.11220184543,0.108392691402,0,0
3600,0.11220184543,0.120226443462,0.116144861384,0,0
3600,0.120226443462,0.128824955169,0.124451461177,0,0
3600,0.128824955169,0.13803842646,0.133352143216,0,0
3600,0.13803842646,0.147910838817,0.142889395851,0,0
3600,0.147910838817,0.158489319246,0.153108746168,0,0
3600,0.158489319246,0.169824365246,0.16405897732,0,0
3600,0.169824365246,0.181970085861,0.175792361396,0,0
3600,0.181970085861,0.194984459976,0.188364908949,0,0
3600,0.194984459976,0.208929613085,0.201836636368,0,0
3600,0.208929613085,0.223872113857,0.216271852373,0,0
3600,0.223872113857,0.239883291902,0.231739464997,0,0
3600,0.239883291902,0.257039578277,0.24831331053,0,0
3600,0.257039578277,0.275422870334,0.26607250598,0,0
3600,0.275422870334,0.295120922667,0.28510182675,0,0
3600,0.295120922667,0.316227766017,0.305492111322,0,0
3600,0.316227766017,0.338844156139,0.327340694879,0,0
3600,0.338844156139,0.36307805477,0.350751873953,0,0
3600,0.36307805477,0.389045144994,0.375837404288,0.0160875469828,0.99994999875
3600,0.389045144994,0.41686938347,0.402717034325,0,0
3600,0.41686938347,0.446683592151,0.431519076828,0,0
3600,0.446683592151,0.478630092323,0.462381021399,0,0
3600,0.478630092323,0.512861383991,0.495450190805,0,0
3600,0.512861383991,0.549540873858,0.530884444231,0,0
3600,0.549540873858,0.588843655356,0.568852930844,0.0199880304627,0.99994999875
3600,0.588843655356,0.63095734448,0.60953689724,0,0
3600,0.63095734448,0.676082975392,0.653130552647,0,0
3600,0.676082975392,0.724435960075,0.699841996002,0,0
3600,0.724435960075,0.776247116629,0.749894209332,0,0
3600,0.776247116629,0.831763771103,0.803526122186,0,0
3600,0.831763771103,0.891250938134,0.860993752185,0,0
3600,0.891250938134,0.954992586021,0.922571427155,0,0
3600,0.954992586021,1.02329299228,0.988553094657,0,0
3600,1.02329299228,1.09647819614,1.05925372518,0,0
3600,1.09647819614,1.17489755494,1.13501081567,0,0
3600,1.17489755494,1.25892541179,1.21618600065,0,0
3600,1.25892541179,1.34896288259,1.30316677845,0,0
3600,1.34896288259,1.44543977075,1.39636836106,0,0
3600,1.44543977075,1.54881661891,1.49623565609,0,0
3600,1.54881661891,1.65958690744,1.60324539069,0,0
3600,1.65958690744,1.77827941004,1.71790838716,0,0
3600,1.77827941004,1.90546071796,1.84077200147,0.0815702967344,0.99994999875
3600,1.90546071796,2.04173794467,1.97242273611,0,0
3600,2.04173794467,2.18776162395,2.11348903984,0,0
3600,2.18776162395,2.34422881532,2.26464430759,0,0
3600,2.34422881532,2.51188643151,2.42661009508,0,0
3600,2.51188643151,2.69153480393,2.60015956317,0,0
3600,2.69153480393,2.88403150313,2.78612116863,0,0
3600,2.88403150313,3.09029543251,2.98538261892,0,0
3600,3.09029543251,3.31131121483,3.19889510969,0,0
3600,3.31131121483,3.54813389234,3.42767786546,0,0
3600,3.54813389234,3.80189396321,3.67282300498,0,0
3600,3.80189396321,4.07380277804,3.93550075456,0,0
3600,4.07380277804,4.3651583224,4.21696503429,0,0
3600,4.3651583224,4.67735141287,4.51855944375,0,0
3600,4.67735141287,5.01187233627,4.84172367584,0,0
3600,5.01187233627,5.3703179637,5.18800038929,0,0
3600,5.3703179637,5.75439937337,5.5590425727,0,0
3600,5.75439937337,6.16595001861,5.95662143529,0,0
3600,6.16595001861,6.60693448008,6.38263486191,0,0
3600,6.60693448008,7.07945784384,6.83911647281,0,0
3600,7.07945784384,7.58577575029,7.32824533139,0,0
3600,7.58577575029,8.12830516164,7.8523563461,0,0
3600,8.12830516164,8.70963589956,8.41395141645,0,0
3600,8.70963589956,9.33254300797,9.01571137606,0,0
3600,9.33254300797,10,9.6605087899,0.0938064430676,0.765190544684
3800,0.01,0.0107151930524,0.0103514216668,0,0
3800,0.0107151930524,0.011481536215,0.0110917481526,0,0
3800,0.011481536215,0.0123026877081,0.0118850222744,0,0
3800,0.0123026877081,0.0131825673856,0.0127350308102,0,0
3800,0.0131825673856,0.0141253754462,0.0136458313659,0,0
3800,0.0141253754462,0.0151356124844,0.0146217717446,0,0
3800,0.0151356124844,0.0162181009736,0.0156675107011,0,0
3800,0.0162181009736,0.0173780082875,0.0167880401812,0,0
3800,0.0173780082875,0.0186208713666,0.0179887091513,0,0
3800,0.0186208713666,0.0199526231497,0.0192752491319,0,0
3800,0.0199526231497,0.021379620895,0.0206538015581,0,0
3800,0.021379620895,0.0229086765277,0.0221309470961,0,0
3800,0.0229086765277,0.0245470891569,0.0237137370566,0,0
3800,0.0245470891569,0.026302679919,0.0254097270555,0,0
3800,0.026302679919,0.0281838293126,0.0272270130808,0,0
3800,0.0281838293126,0.030199517204,0.02917427014,0,0
3800,0.030199517204,0.032359365693,0.0312607936712,0,0
3800,0.032359365693,0.0346736850453,0.0334965439158,0,0
3800,0.0346736850453,0.0371535229097,0.0358921934645,0,0
3800,0.0371535229097,0.0398107170553,0.0384591782045,0,0
3800,0.0398107170553,0.0426579518802,0.0412097519097,0,0
3800,0.0426579518802,0.0457088189615,0.0441570447353,0,0
3800,0.0457088189615,0.0489778819368,0.0473151258961,0,0
3800,0.0489778819368,0.052480746025,0.0506990708275,0,0
3800,0.052480746025,0.056234132519,0.0543250331492,0,0
3800,0.056234132519,0.0602559586074,0.0582103217771,0,0
3800,0.0602559586074,0.0645654229035,0.0623734835482,0,0
3800,0.0645654229035,0.0691830970919,0.0668343917569,0,0
3800,0.0691830970919,0.0741310241301,0.0716143410213,0,0
3800,0.0741310241301,0.0794328234724,0.0767361489362,0,0
3800,0.0794328234724,0.0851138038202,0.0822242649947,0,0
3800,0.0851138038202,0.0912010839356,0.0881048873008,0,0
3800,0.0912010839356,0.0977237220956,0.0944060876286,0,0
3800,0.0977237220956,0.104712854805,0.101157945426,0,0
3800,0.104712854805,0.11220184543,0.108392691402,0,0
3800,0.11220184543,0.120226443462,0.116144861384,0,0
3800,0.120226443462,0.128824955169,0.124451461177,0,0
3800,0.128824955169,0.13803842646,0.133352143216,0,0
3800,0.13803842646,0.147910838817,0.142889395851,0,0
3800,0.147910838817,0.158489319246,0.153108746168,0,0
3800,0.158489319246,0.169824365246,0.16405897732,0,0
3800,0.169824365246,0.181970085861,0.175792361396,0,0
3800,0.181970085861,0.194984459976,0.188364908949,0,0
3800,0.194984459976,0.208929613085,0.201836636368,0,0
3800,0.208929613085,0.223872113857,0.216271852373,0,0
3800,0.223872113857,0.239883291902,0.231739464997,0,0
3800,0.239883291902,0.257039578277,0.24831331053,0,0
3800,0.257039578277,0.275422870334,0.26607250598,0,0
3800,0.275422870334,0.295120922667,0.28510182675,0,0
3800,0.295120922667,0.316227766017,0.305492111322,0,0
3800,0.316227766017,0.338844156139,0.327340694879,0,0
3800,0.338844156139,0.36307805477,0.350751873953,0,0
3800,0.36307805477,0.389045144994,0.375837404288,0,0
3800,0.389045144994,0.41686938347,0.402717034325,0,0
3800,0.41686938347,0.446683592151,0.431519076828,0,0
3800,0.446683592151,0.478630092323,0.462381021399,0,0
3800,0.478630092323,0.512861383991,0.495450190805,0,0
3800,0.512861383991,0.549540873858,0.530884444231,0,0
3800,0.549540873858,0.588843655356,0.568852930844,0,0
3800,0.588843655356,0.63095734448,0.60953689724,0,0
3800,0.63095734448,0.676082975392,0.653130552647,0,0
3800,0.676082975392,0.724435960075,0.699841996002,0,0
3800,0.724435960075,0.776247116629,0.749894209332,0,0
3800,0.776247116629,0.831763771103,0.803526122186,0,0
3800,0.831763771103,0.891250938134,0.860993752185,0,0
3800,0.891250938134,0.954992586021,0.922571427155,0,0
3800,0.954992586021,1.02329299228,0.988553094657,0,0
3800,1.02329299228,1.09647819614,1.05925372518,0,0
3800,1.09647819614,1.17489755494,1.13501081567,0,0
3800,1.17489755494,1.25892541179,1.21618600065,0,0
3800,1.25892541179,1.34896288259,1.30316677845,0,0
3800,1.34896288259,1.44543977075,1.39636836106,0,0
3800,1.44543977075,1.54881661891,1.49623565609,0,0
3800,1.54881661891,1.65958690744,1.60324539069,0,0
3800,1.65958690744,1.77827941004,1.71790838716,0,0
3800,1.77827941004,1.90546071796,1.84077200147,0,0
3800,1.90546071796,2.04173794467,1.97242273611,0,0
3800,2.04173794467,2.18776162395,2.11348903984,0,0
3800,2.18776162395,2.34422881532,2.26464430759,0,0
3800,2.34422881532,2.51188643151,2.42661009508,0,0
3800,2.51188643151,2.69153480393,2.60015956317,0,0
3800,2.69153480393,2.88403150313,2.78612116863,0,0
3800,2.88403150313,3.09029543251,2.98538261892,0,0
3800,3.09029543251,3.31131121483,3.19889510969,0,0
3800,3.31131121483,3.54813389234,3.42767786546,0,0
3800,3.54813389234,3.80189396321,3.67282300498,0,0
3800,3.80189396321,4.07380277804,3.93550075456,0,0
3800,4.07380277804,4.3651583224,4.21696503429,0,0
3800,4.3651583224,4.67735141287,4.51855944375,0,0
3800,4.67735141287,5.01187233627,4.84172367584,0.00207104997904,0.99994999875
3800,5.01187233627,5.3703179637,5.18800038929,0,0
3800,5.3703179637,5.75439937337,5.5590425727,0.00183331807469,0.99994999875
3800,5.75439937337,6.16595001861,5.95662143529,0,0
3800,6.16595001861,6.60693448008,6.38263486191,0,0
3800,6.60693448008,7.07945784384,6.83911647281,0,0
3800,7.07945784384,7.58577575029,7.32824533139,0,0
3800,7.58577575029,8.12830516164,7.8523563461,0,0
3800,8.12830516164,8.70963589956,8.41395141645,0,0
3800,8.70963589956,9.33254300797,9.01571137606,0,0
3800,9.33254300797,10,9.6605087899,0.0141829149964,0.99994999875
4000,0.01,0.0107151930524,0.0103514216668,0,0
4000,0.0107151930524,0.011481536215,0.0110917481526,0,0
4000,0.011481536215,0.0123026877081,0.0118850222744,0,0
4000,0.0123026877081,0.0131825673856,0.0127350308102,0,0
4000,0.0131825673856,0.0141253754462,0.0136458313659,0,0
4000,0.0141253754462,0.0151356124844,0.0146217717446,0,0
4000,0.0151356124844,0.0162181009736,0.0156675107011,0,0
4000,0.0162181009736,0.0173780082875,0.0167880401812,0,0
4000,0.0173780082875,0.0186208713666,0.0179887091513,0,0
4000,0.0186208713666,0.0199526231497,0.0192752491319,0,0
4000,0.0199526231497,0.021379620895,0.0206538015581,0,0
4000,0.021379620895,0.0229086765277,0.0221309470961,0,0
4000,0.0229086765277,0.0245470891569,0.0237137370566,0,0
4000,0.0245470891569,0.026302679919,0.0254097270555,0,0
4000,0.026302679919,0.0281838293126,0.0272270130808,0,0
4000,0.0281838293126,0.030199517204,0.02917427014,0,0
4000,0.030199517204,0.032359365693,0.0312607936712,0,0
4000,0.032359365693,0.0346736850453,0.0334965439158,0,0
4000,0.0346736850453,0.0371535229097,0.0358921934645,0,0
4000,0.0371535229097,0.0398107170553,0.0384591782045,0,0
4000,0.0398107170553,0.0426579518802,0.0412097519097,0,0
4000,0.0426579518802,0.0457088189615,0.0441570447353,0,0
4000,0.0457088189615,0.0489778819368,0.0473151258961,0,0
4000,0.0489778819368,0.052480746025,0.0506990708275,0.0262581986901,0.99994999875
4000,0.052480746025,0.056234132519,0.0543250331492,0,0
4000,0.056234132519,0.0602559586074,0.0582103217771,0,0
4000,0.0602559586074,0.0645654229035,0.0623734835482,0,0
4000,0.0645654229035,0.0691830970919,0.0668343917569,0,0
4000,0.0691830970919,0.0741310241301,0.0716143410213,0,0
4000,0.0741310241301,0.0794328234724,0.0767361489362,0,0
4000,0.0794328234724,0.0851138038202,0.0822242649947,0,0
4000,0.0851138038202,0.0912010839356,0.0881048873008,0,0
4000,0.0912010839356,0.0977237220956,0.0944060876286,0,0
4000,0.0977237220956,0.104712854805,0.101157945426,0,0
4000,0.104712854805,0.11220184543,0.108392691402,0,0
4000,0.11220184543,0.120226443462,0.116144861384,0,0
4000,0.120226443462,0.128824955169,0.124451461177,0,0
4000,0.128824955169,0.13803842646,0.133352143216,0.00261683129776,0.99994999875
4000,0.13803842646,0.147910838817,0.142889395851,0,0
4000,0.147910838817,0.158489319246,0.153108746168,0,0
4000,0.158489319246,0.169824365246,0.16405897732,0,0
4000,0.169824365246,0.181970085861,0.175792361396,0,0
4000,0.181970085861,0.194984459976,0.188364908949,0,0
4000,0.194984459976,0.208929613085,0.201836636368,0.0434188351809,0.778560172919
4000,0.208929613085,0.223872113857,0.216271852373,0.0628186141112,0.99994999875
4000,0.223872113857,0.239883291902,0.231739464997,0,0
4000,0.239883291902,0.257039578277,0.24831331053,0,0
4000,0.257039578277,0.275422870334,0.26607250598,0,0
4000,0.275422870334,0.295120922667,0.28510182675,0.00774991215145,0.99994999875
4000,0.295120922667,0.316227766017,0.305492111322,0,0
4000,0.316227766017,0.338844156139,0.327340694879,0.0725568728863,0.99994999875
4000,0.338844156139,0.36307805477,0.350751873953,0.0108715764443,0.99994999875
4000,0.36307805477,0.389045144994,0.375837404288,0,0
4000,0.389045144994,0.41686938347,0.402717034325,0.0109582559327,0.99994999875
4000,0.41686938347,0.446683592151,0.431519076828,0,0
4000,0.446683592151,0.478630092323,0.462381021399,0,0
4000,0.478630092323,0.512861383991,0.495450190805,0.0531775109834,0.818439629699
4000,0.512861383991,0.549540873858,0.530884444231,0,0
4000,0.549540873858,0.588843655356,0.568852930844,0.0549743680016,0.99994999875
4000,0.588843655356,0.63095734448,0.60953689724,0,0
4000,0.63095734448,0.676082975392,0.653130552647,0,0
4000,0.676082975392,0.724435960075,0.699841996002,0,0
4000,0.724435960075,0.776247116629,0.749894209332,0,0
4000,0.776247116629,0.831763771103,0.803526122186,0,0
4000,0.831763771103,0.891250938134,0.860993752185,0,0
4000,0.891250938134,0.954992586021,0.922571427155,0.0414411394004,0.99994999875
4000,0.954992586021,1.02329299228,0.988553094657,0,0
4000,1.02329299228,1.09647819614,1.05925372518,0,0
4000,1.09647819614,1.17489755494,1.13501081567,0,0
4000,1.17489755494,1.25892541179,1.21618600065,0,0
4000,1.25892541179,1.34896288259,1.30316677845,0,0
4000,1.34896288259,1.44543977075,1.39636836106,0,0
4000,1.44543977075,1.54881661891,1.49623565609,0,0
4000,1.54881661891,1.65958690744,1.60324539069,0,0
4000,1.65958690744,1.77827941004,1.71790838716,0,0
4000,1.77827941004,1.90546071796,1.84077200147,0,0
4000,1.90546071796,2.04173794467,1.97242273611,0,0
4000,2.04173794467,2.18776162395,2.11348903984,0,0
4000,2.18776162395,2.34422881532,2.26464430759,0,0
4000,2.34422881532,2.51188643151,2.42661009508,0,0
4000,2.51188643151,2.69153480393,2.60015956317,0,0
4000,2.69153480393,2.88403150313,2.78612116863,0.00322997590866,0.99994999875
4000,2.88403150313,3.09029543251,2.98538261892,0,0
4000,3.09029543251,3.31131121483,3.19889510969,0,0
4000,3.31131121483,3.54813389234,3.42767786546,0,0
4000,3.54813389234,3.80189396321,3.67282300498,0,0
4000,3.80189396321,4.07380277804,3.93550075456,0,0
4000,4.07380277804,4.3651583224,4.21696503429,0,0
4000,4.3651583224,4.67735141287,4.51855944375,0,0
4000,4.67735141287,5.01187233627,4.84172367584,0,0
4000,5.01187233627,5.3703179637,5.18800038929,0,0
4000,5.3703179637,5.75439937337,5.5590425727,0,0
4000,5.75439937337,6.16595001861,5.95662143529,0,0
4000,6.16595001861,6.60693448008,6.38263486191,0,0
4000,6.60693448008,7.07945784384,6.83911647281,0,0
4000,7.07945784384,7.58577575029,7.32824533139,0,0
4000,7.58577575029,8.12830516164,7.8523563461,0,0
4000,8.12830516164,8.70963589956,8.41395141645,0,0
4000,8.70963589956,9.33254300797,9.01571137606,0,0
4000,9.33254300797,10,9.6605087899,0.457090401081,0.412325416315
4200,0.01,0.0107151930524,0.0103514216668,0,0
4200,0.0107151930524,0.011481536215,0.0110917481526,0,0
4200,0.011481536215,0.0123026877081,0.0118850222744,0,0
4200,0.0123026877081,0.0131825673856,0.0127350308102,0,0
4200,0.0131825673856,0.0141253754462,0.0136458313659,0,0
4200,0.0141253754462,0.0151356124844,0.0146217717446,0,0
4200,0.0151356124844,0.0162181009736,0.0156675107011,0,0
4200,0.0162181009736,0.0173780082875,0.0167880401812,0,0
4200,0.0173780082875,0.0186208713666,0.0179887091513,0,0
4200,0.0186208713666,0.0199526231497,0.0192752491319,0,0
4200,0.0199526231497,0.021379620895,0.0206538015581,0,0
4200,0.021379620895,0.0229086765277,0.0221309470961,0,0
4200,0.0229086765277,0.0245470891569,0.0237137370566,0,0
4200,0.0245470891569,0.026302679919,0.0254097270555,0,0
4200,0.026302679919,0.0281838293126,0.0272270130808,0,0
4200,0.0281838293126,0.030199517204,0.02917427014,0,0
4200,0.030199517204,0.032359365693,0.0312607936712,0.000985273354537,0.99994999875
4200,0.032359365693,0.0346736850453,0.0334965439158,0.00289339169472,0.99994999875
4200,0.0346736850453,0.0371535229097,0.0358921934645,0,0
4200,0.0371535229097,0.0398107170553,0.0384591782045,0,0
4200,0.0398107170553,0.0426579518802,0.0412097519097,0,0
4200,0.0426579518802,0.0457088189615,0.0441570447353,0.00995090495063,0.605174460989
4200,0.0457088189615,0.0489778819368,0.0473151258961,0.00111612790557,0.99994999875
4200,0.0489778819368,0.052480746025,0.0506990708275,0.00148347432629,0.99994999875
4200,0.052480746025,0.056234132519,0.0543250331492,0.0147171921698,0.482665821769
4200,0.056234132519,0.0602559586074,0.0582103217771,0.0114523498502,0.576316988136
4200,0.0602559586074,0.0645654229035,0.0623734835482,0.00117935424597,0.99994999875
4200,0.0645654229035,0.0691830970919,0.0668343917569,0.0339436100281,0.459789898787
4200,0.0691830970919,0.0741310241301,0.0716143410213,0.0166362222758,0.536594755326
4200,0.0741310241301,0.0794328234724,0.0767361489362,0.0165074379708,0.648551308974
4200,0.0794328234724,0.0851138038202,0.0822242649947,0.0191727087498,0.732384550795
4200,0.0851138038202,0.0912010839356,0.0881048873008,0.0164579589222,0.604425065223
4200,0.0912010839356,0.0977237220956,0.0944060876286,0.00827085648446,0.522540223694
4200,0.0977237220956,0.104712854805,0.101157945426,0.0198166468549,0.659636688922
4200,0.104712854805,0.11220184543,0.108392691402,0.00598226228534,0.638396600995
4200,0.11220184543,0.120226443462,0.116144861384,0.00686945488969,0.741875282256
4200,0.120226443462,0.128824955169,0.124451461177,0.0118795437923,0.625068783189
4200,0.128824955169,0.13803842646,0.133352143216,0.0320457802356,0.385720916459
4200,0.13803842646,0.147910838817,0.142889395851,0.0247374323222,0.536984452429
4200,0.147910838817,0.158489319246,0.153108746168,0.0145976192559,0.65346251683
4200,0.158489319246,0.169824365246,0.16405897732,0.00576694844895,0.855035574112
4200,0.169824365246,0.181970085861,0.175792361396,0.00135243903957,0.99994999875
4200,0.181970085861,0.194984459976,0.188364908949,0.0434246295984,0.695930303405
4200,0.194984459976,0.208929613085,0.201836636368,0.0105327232753,0.718313060137
4200,0.208929613085,0.223872113857,0.216271852373,0.00890884629025,0.707947759484
4200,0.223872113857,0.239883291902,0.231739464997,0.0125656236671,0.599582650683
4200,0.239883291902,0.257039578277,0.24831331053,0.0167271250595,0.525831182051
4200,0.257039578277,0.275422870334,0.26607250598,0.0294417190525,0.541821044041
4200,0.275422870334,0.295120922667,0.28510182675,0.0224853583675,0.517533629621
4200,0.295120922667,0.316227766017,0.305492111322,0.00982078695047,0.723208743454
4200,0.316227766017,0.338844156139,0.327340694879,0.00625073039492,0.70706230402
4200,0.338844156139,0.36307805477,0.350751873953,0.0102959169956,0.920937172259
4200,0.36307805477,0.389045144994,0.375837404288,0.00447415078099,0.99994999875
4200,0.389045144994,0.41686938347,0.402717034325,0.0162581392321,0.593340011128
4200,0.41686938347,0.446683592151,0.431519076828,0.00959843332542,0.510732115897
4200,0.446683592151,0.478630092323,0.462381021399,0.0218632234199,0.624656966072
4200,0.478630092323,0.512861383991,0.495450190805,0.0734951318287,0.31836409281
4200,0.512861383991,0.549540873858,0.530884444231,0,0
4200,0.549540873858,0.588843655356,0.568852930844,0,0
4200,0.588843655356,0.63095734448,0.60953689724,0.00293189156468,0.99994999875
4200,0.63095734448,0.676082975392,0.653130552647,0.0139791492279,0.787510731814
4200,0.676082975392,0.724435960075,0.699841996002,0.00232401409409,0.99994999875
4200,0.724435960075,0.776247116629,0.749894209332,0,0
4200,0.776247116629,0.831763771103,0.803526122186,0.0182956906525,0.630534490116
4200,0.831763771103,0.891250938134,0.860993752185,0.00774251191181,0.664601697955
4200,0.891250938134,0.954992586021,0.922571427155,0.0154270816887,0.580315027184
4200,0.954992586021,1.02329299228,0.988553094657,0.00411342423511,0.99994999875
4200,1.02329299228,1.09647819614,1.05925372518,0.0048263051515,0.639688582181
4200,1.09647819614,1.17489755494,1.13501081567,0.0116053966631,0.99994999875
4200,1.17489755494,1.25892541179,1.21618600065,0.00801280764965,0.994894197238
4200,1.25892541179,1.34896288259,1.30316677845,0.00213059284344,0.99994999875
4200,1.34896288259,1.44543977075,1.39636836106,0,0
4200,1.44543977075,1.54881661891,1.49623565609,0,0
4200,1.54881661891,1.65958690744,1.60324539069,0,0
4200,1.65958690744,1.77827941004,1.71790838716,0.0113931533823,0.621669605688
4200,1.77827941004,1.90546071796,1.84077200147,0.0177246084129,0.536337525332
4200,1.90546071796,2.04173794467,1.97242273611,0.0184056383563,0.719496911142
4200,2.04173794467,2.18776162395,2.11348903984,0.00444559434505,0.99994999875
4200,2.18776162395,2.34422881532,2.26464430759,0.0107996833704,0.845963415521
4200,2.34422881532,2.51188643151,2.42661009508,0.0131964661344,0.751879847097
4200,2.51188643151,2.69153480393,2.60015956317,0.00942979916219,0.707507082014
4200,2.69153480393,2.88403150313,2.78612116863,0,0
4200,2.88403150313,3.09029543251,2.98538261892,0,0
4200,3.09029543251,3.31131121483,3.19889510969,0.00201950813706,0.99994999875
4200,3.31131121483,3.54813389234,3.42767786546,0.00236362544439,0.99994999875
4200,3.54813389234,3.80189396321,3.67282300498,0,0
4200,3.80189396321,4.07380277804,3.93550075456,0,0
4200,4.07380277804,4.3651583224,4.21696503429,0.010387941516,0.99994999875
4200,4.3651583224,4.67735141287,4.51855944375,0.00612636145594,0.712777942243
4200,4.67735141287,5.01187233627,4.84172367584,0.00201883275059,0.99994999875
4200,5.01187233627,5.3703179637,5.18800038929,0,0
4200,5.3703179637,5.75439937337,5.5590425727,0,0
4200,5.75439937337,6.16595001861,5.95662143529,0.00596372885933,0.716640179543
4200,6.16595001861,6.60693448008,6.38263486191,0.00229148108769,0.99994999875
4200,6.60693448008,7.07945784384,6.83911647281,0.013019571362,0.837744466916
4200,7.07945784384,7.58577575029,7.32824533139,0.00649587953982,0.70742017325
4200,7.58577575029,8.12830516164,7.8523563461,0.0102522749097,0.591876184767
4200,8.12830516164,8.70963589956,8.41395141645,0.0140953243934,0.64011836634
4200,8.70963589956,9.33254300797,9.01571137606,0.0075695228112,0.590752595339
4200,9.33254300797,10,9.6605087899,0.569835445077,0.128742679214
4400,0.01,0.0107151930524,0.0103514216668,0.000153348261209,0.99994999875
4400,0.0107151930524,0.011481536215,0.0110917481526,0.000324877072124,0.99994999875
4400,0.011481536215,0.0123026877081,0.0118850222744,0.000208225225125,0.99994999875
4400,0.0123026877081,0.0131825673856,0.0127350308102,0.000623299676863,0.774774395674
4400,0.0131825673856,0.0141253754462,0.0136458313659,0.00384784809757,0.917528505419
4400,0.0141253754462,0.0151356124844,0.0146217717446,0,0
4400,0.0151356124844,0.0162181009736,0.0156675107011,0,0
4400,0.0162181009736,0.0173780082875,0.0167880401812,0,0
4400,0.0173780082875,0.0186208713666,0.0179887091513,0,0
4400,0.0186208713666,0.0199526231497,0.0192752491319,0,0
4400,0.0199526231497,0.021379620895,0.0206538015581,0.00216341147183,0.99994999875
4400,0.021379620895,0.0229086765277,0.0221309470961,0.00175140662807,0.99994999875
4400,0.0229086765277,0.0245470891569,0.0237137370566,0.00164485984182,0.99994999875
4400,0.0245470891569,0.026302679919,0.0254097270555,0.0136122305325,0.611055779711
4400,0.026302679919,0.0281838293126,0.0272270130808,0.000227189212047,0.99994999875
4400,0.0281838293126,0.030199517204,0.02917427014,0.00399747323949,0.764957438114
4400,0.030199517204,0.032359365693,0.0312607936712,0.00650953087371,0.556431429279
4400,0.032359365693,0.0346736850453,0.0334965439158,0.0289496710255,0.467097146549
4400,0.0346736850453,0.0371535229097,0.0358921934645,0.0123393995397,0.435735717281
4400,0.0371535229097,0.0398107170553,0.0384591782045,0.0215200620773,0.52038442396
4400,0.0398107170553,0.0426579518802,0.0412097519097,0.0202632548448,0.436950865558
4400,0.0426579518802,0.0457088189615,0.0441570447353,0.0246817064224,0.39815984419
4400,0.0457088189615,0.0489778819368,0.0473151258961,0.0198276796686,0.365422001288
4400,0.0489778819368,0.052480746025,0.0506990708275,0.0407738272223,0.28732620785
4400,0.052480746025,0.056234132519,0.0543250331492,0.0225870736368,0.396969656777
4400,0.056234132519,0.0602559586074,0.0582103217771,0.0199664658279,0.376408167921
4400,0.0602559586074,0.0645654229035,0.0623734835482,0.0553595534957,0.329352536896
4400,0.0645654229035,0.0691830970919,0.0668343917569,0.0493491367063,0.291522194447
4400,0.0691830970919,0.0741310241301,0.0716143410213,0.042244883527,0.249513552699
4400,0.0741310241301,0.0794328234724,0.0767361489362,0.0483989004191,0.329105365744
4400,0.0794328234724,0.0851138038202,0.0822242649947,0.0668877373503,0.303689390332
4400,0.0851138038202,0.0912010839356,0.0881048873008,0.0619537096594,0.338606918954
4400,0.0912010839356,0.0977237220956,0.0944060876286,0.0626248831377,0.268498020443
4400,0.0977237220956,0.104712854805,0.101157945426,0.0356557320526,0.288658557161
4400,0.104712854805,0.11220184543,0.108392691402,0.0471404989994,0.326083014806
4400,0.11220184543,0.120226443462,0.116144861384,0.0377748300184,0.326638925652
4400,0.120226443462,0.128824955169,0.124451461177,0.0381136233875,0.311215128232
4400,0.128824955169,0.13803842646,0.133352143216,0.0241995029363,0.350946195297
4400,0.13803842646,0.147910838817,0.142889395851,0.0740441777702,0.348712858834
4400,0.147910838817,0.158489319246,0.153108746168,0.0496301785979,0.272021059872
4400,0.158489319246,0.169824365246,0.16405897732,0.0739440712464,0.282839776544
4400,0.169824365246,0.181970085861,0.175792361396,0.0529041758292,0.265768198352
4400,0.181970085861,0.194984459976,0.188364908949,0.0734908236387,0.251366494418
4400,0.194984459976,0.208929613085,0.201836636368,0.0436008038602,0.248202642764
4400,0.208929613085,0.223872113857,0.216271852373,0.0573630900152,0.266296119073
4400,0.223872113857,0.239883291902,0.231739464997,0.0341422178187,0.31616071135
4400,0.239883291902,0.257039578277,0.24831331053,0.0901390619461,0.233794268775
4400,0.257039578277,0.275422870334,0.26607250598,0.0686444161339,0.243422948334
4400,0.275422870334,0.295120922667,0.28510182675,0.0604750932389,0.272385588088
4400,0.295120922667,0.316227766017,0.305492111322,0.0462415962062,0.294380810057
4400,0.316227766017,0.338844156139,0.327340694879,0.0255024175327,0.338133510137
4400,0.338844156139,0.36307805477,0.350751873953,0.0527115208707,0.245754840935
4400,0.36307805477,0.389045144994,0.375837404288,0.0299519545178,0.298629871474
4400,0.389045144994,0.41686938347,0.402717034325,0.0528262862559,0.329668865709
4400,0.41686938347,0.446683592151,0.431519076828,0.0350751353527,0.278377728709
4400,0.446683592151,0.478630092323,0.462381021399,0.0269383799228,0.299923192451
4400,0.478630092323,0.512861383991,0.495450190805,0.426745988461,0.117292076409
4400,0.512861383991,0.549540873858,0.530884444231,0.00878534450768,0.493178374669
4400,0.549540873858,0.588843655356,0.568852930844,0.0194083107979,0.352913866812
4400,0.588843655356,0.63095734448,0.60953689724,0.020822408771,0.437781938344
4400,0.63095734448,0.676082975392,0.653130552647,0.0228667878024,0.331770646454
4400,0.676082975392,0.724435960075,0.699841996002,0.0272221316502,0.41071316693
4400,0.724435960075,0.776247116629,0.749894209332,0.0178478847023,0.392470879258
4400,0.776247116629,0.831763771103,0.803526122186,0.0126466096073,0.415554948995
4400,0.831763771103,0.891250938134,0.860993752185,0.010342376484,0.461627915809
4400,0.891250938134,0.954992586021,0.922571427155,0.0152172458202,0.394718978816
4400,0.954992586021,1.02329299228,0.988553094657,0.0383885724496,0.373108579382
4400,1.02329299228,1.09647819614,1.05925372518,0.00933747713334,0.519932952022
4400,1.09647819614,1.17489755494,1.13501081567,0.0339613567295,0.400909537876
4400,1.17489755494,1.25892541179,1.21618600065,0.0142933835949,0.443544690716
4400,1.25892541179,1.34896288259,1.30316677845,0.0221869858952,0.355541168243
4400,1.34896288259,1.44543977075,1.39636836106,0.0151970834646,0.41879681229
4400,1.44543977075,1.54881661891,1.49623565609,0.0176632913191,0.382457228049
4400,1.54881661891,1.65958690744,1.60324539069,0.00692600345238,0.526278259438
4400,1.65958690744,1.77827941004,1.71790838716,0.0175167966929,0.405574197747
4400,1.77827941004,1.90546071796,1.84077200147,0.00708830697308,0.503231657547
4400,1.90546071796,2.04173794467,1.97242273611,0.0109366083422,0.490626689578
4400,2.04173794467,2.18776162395,2.11348903984,0.0086399523879,0.593475687939
4400,2.18776162395,2.34422881532,2.26464430759,0.0210532218593,0.382925005208
4400,2.34422881532,2.51188643151,2.42661009508,0.0181600587343,0.397773953888
4400,2.51188643151,2.69153480393,2.60015956317,0.0244134192063,0.380823400922
4400,2.69153480393,2.88403150313,2.78612116863,0.0214020203883,0.374242942943
4400,2.88403150313,3.09029543251,2.98538261892,0.0209720569039,0.368350865072
4400,3.09029543251,3.31131121483,3.19889510969,0.0091859691934,0.501886172177
4400,3.31131121483,3.54813389234,3.42767786546,0.00597919564674,0.6954913513
4400,3.54813389234,3.80189396321,3.67282300498,0.0115079845264,0.505793252457
4400,3.80189396321,4.07380277804,3.93550075456,0.00702698422386,0.530459948326
4400,4.07380277804,4.3651583224,4.21696503429,0.0125888645037,0.423502444258
4400,4.3651583224,4.67735141287,4.51855944375,0.0265656556817,0.333336291745
4400,4.67735141287,5.01187233627,4.84172367584,0.00977383160717,0.464197172821
4400,5.01187233627,5.3703179637,5.18800038929,0.0127344422448,0.370592537314
4400,5.3703179637,5.75439937337,5.5590425727,0.0218939788046,0.408588182602
4400,5.75439937337,6.16595001861,5.95662143529,0.0292230990869,0.315552275072
4400,6.16595001861,6.60693448008,6.38263486191,0.0295088431461,0.352554230873
4400,6.60693448008,7.07945784384,6.83911647281,0.0151513197934,0.35784227533
4400,7.07945784384,7.58577575029,7.32824533139,0.00906660073696,0.422531785375
4400,7.58577575029,8.12830516164,7.8523563461,0.0162121458502,0.338963623995
4400,8.12830516164,8.70963589956,8.41395141645,0.0191227223028,0.355578628022
4400,8.70963589956,9.33254300797,9.01571137606,0.0105063433471,0.418557947137
4400,9.33254300797,10,9.6605087899,5.25443579246,0.0214936918648
4600,0.01,0.0107151930524,0.0103514216668,0.000526077419533,0.99994999875
4600,0.0107151930524,0.011481536215,0.0110917481526,0,0
4600,0.011481536215,0.0123026877081,0.0118850222744,0,0
4600,0.0123026877081,0.0131825673856,0.0127350308102,0,0
4600,0.0131825673856,0.0141253754462,0.0136458313659,0,0
4600,0.0141253754462,0.0151356124844,0.0146217717446,0,0
4600,0.0151356124844,0.0162181009736,0.0156675107011,0,0
4600,0.0162181009736,0.0173780082875,0.0167880401812,0,0
4600,0.0173780082875,0.0186208713666,0.0179887091513,0,0
4600,0.0186208713666,0.0199526231497,0.0192752491319,0,0
4600,0.0199526231497,0.021379620895,0.0206538015581,0,0
4600,0.021379620895,0.0229086765277,0.0221309470961,0,0
4600,0.0229086765277,0.0245470891569,0.0237137370566,0.00350632463071,0.99994999875
4600,0.0245470891569,0.026302679919,0.0254097270555,0,0
4600,0.026302679919,0.0281838293126,0.0272270130808,0,0
4600,0.0281838293126,0.030199517204,0.02917427014,0,0
4600,0.030199517204,0.032359365693,0.0312607936712,0,0
4600,0.032359365693,0.0346736850453,0.0334965439158,0.00569242661358,0.99994999875
4600,0.0346736850453,0.0371535229097,0.0358921934645,0.0181422832006,0.709333781009
4600,0.0371535229097,0.0398107170553,0.0384591782045,0,0
4600,0.0398107170553,0.0426579518802,0.0412097519097,0.00238888801797,0.99994999875
4600,0.0426579518802,0.0457088189615,0.0441570447353,0.0187156276202,0.796041303813
4600,0.0457088189615,0.0489778819368,0.0473151258961,0.018850621557,0.727683252814
4600,0.0489778819368,0.052480746025,0.0506990708275,0.0261885212772,0.99994999875
4600,0.052480746025,0.056234132519,0.0543250331492,0,0
4600,0.056234132519,0.0602559586074,0.0582103217771,0.0133808515978,0.786604278603
4600,0.0602559586074,0.0645654229035,0.0623734835482,0.0164484638363,0.99994999875
4600,0.0645654229035,0.0691830970919,0.0668343917569,0,0
4600,0.0691830970919,0.0741310241301,0.0716143410213,0.0307220134882,0.535200850062
4600,0.0741310241301,0.0794328234724,0.0767361489362,0.0193950117151,0.584444787122
4600,0.0794328234724,0.0851138038202,0.0822242649947,0.0502164099236,0.678515592128
4600,0.0851138038202,0.0912010839356,0.0881048873008,0.0110268952999,0.99994999875
4600,0.0912010839356,0.0977237220956,0.0944060876286,0.032732083487,0.607947174126
4600,0.0977237220956,0.104712854805,0.101157945426,0.0339873174809,0.706641916348
4600,0.104712854805,0.11220184543,0.108392691402,0.00695605976136,0.99994999875
4600,0.11220184543,0.120226443462,0.116144861384,0.00220388686485,0.99994999875
4600,0.120226443462,0.128824955169,0.124451461177,0.0120835190082,0.736031337495
4600,0.128824955169,0.13803842646,0.133352143216,0.0302483468628,0.665250145505
4600,0.13803842646,0.147910838817,0.142889395851,0,0
4600,0.147910838817,0.158489319246,0.153108746168,0,0
4600,0.158489319246,0.169824365246,0.16405897732,0.001883216057,0.99994999875
4600,0.169824365246,0.181970085861,0.175792361396,0.00557325051854,0.99994999875
4600,0.181970085861,0.194984459976,0.188364908949,0.0118107687635,0.99994999875
4600,0.194984459976,0.208929613085,0.201836636368,0,0
4600,0.208929613085,0.223872113857,0.216271852373,0.0844205095728,0.587761263596
4600,0.223872113857,0.239883291902,0.231739464997,0.0220393093235,0.55608702621
4600,0.239883291902,0.257039578277,0.24831331053,0.0010000540811,0.99994999875
4600,0.257039578277,0.275422870334,0.26607250598,0,0
4600,0.275422870334,0.295120922667,0.28510182675,0.0142666579351,0.99994999875
4600,0.295120922667,0.316227766017,0.305492111322,0.0381777061974,0.533856982099
4600,0.316227766017,0.338844156139,0.327340694879,0.00770048298398,0.99994999875
4600,0.338844156139,0.36307805477,0.350751873953,0.00276802146751,0.711145873034
4600,0.36307805477,0.389045144994,0.375837404288,0,0
4600,0.389045144994,0.41686938347,0.402717034325,0.0355770161422,0.554078119351
4600,0.41686938347,0.446683592151,0.431519076828,0.0307173695947,0.699997632367
4600,0.446683592151,0.478630092323,0.462381021399,0,0
4600,0.478630092323,0.512861383991,0.495450190805,0.164854122274,0.427555860529
4600,0.512861383991,0.549540873858,0.530884444231,0,0
4600,0.549540873858,0.588843655356,0.568852930844,0,0
4600,0.588843655356,0.63095734448,0.60953689724,0,0
4600,0.63095734448,0.676082975392,0.653130552647,0.00401094855757,0.99994999875
4600,0.676082975392,0.724435960075,0.699841996002,0.00662305077637,0.99994999875
4600,0.724435960075,0.776247116629,0.749894209332,0.0195299620724,0.99994999875
4600,0.776247116629,0.831763771103,0.803526122186,0.0424260073878,0.766673742893
4600,0.831763771103,0.891250938134,0.860993752185,0.0204893436146,0.719946036744
4600,0.891250938134,0.954992586021,0.922571427155,0.0323851340474,0.99994999875
4600,0.954992586021,1.02329299228,0.988553094657,0.0165760591189,0.71261726195
4600,1.02329299228,1.09647819614,1.05925372518,0.0076934085151,0.808531157208
4600,1.09647819614,1.17489755494,1.13501081567,0.0138390834557,0.718847869876
4600,1.17489755494,1.25892541179,1.21618600065,0,0
4600,1.25892541179,1.34896288259,1.30316677845,0,0
4600,1.34896288259,1.44543977075,1.39636836106,0.0110742200909,0.99994999875
4600,1.44543977075,1.54881661891,1.49623565609,0,0
4600,1.54881661891,1.65958690744,1.60324539069,0.0225984661391,0.800349101138
4600,1.65958690744,1.77827941004,1.71790838716,0,0
4600,1.77827941004,1.90546071796,1.84077200147,0,0
4600,1.90546071796,2.04173794467,1.97242273611,0.00964499189105,0.99994999875
4600,2.04173794467,2.18776162395,2.11348903984,0.010570821392,0.912758596894
4600,2.18776162395,2.34422881532,2.26464430759,0.0427760090559,0.878438780631
4600,2.34422881532,2.51188643151,2.42661009508,0,0
4600,2.51188643151,2.69153480393,2.60015956317,0.00877570452698,0.707751910539
4600,2.69153480393,2.88403150313,2.78612116863,0,0
4600,2.88403150313,3.09029543251,2.98538261892,0.00409779470788,0.99994999875
4600,3.09029543251,3.31131121483,3.19889510969,0,0
4600,3.31131121483,3.54813389234,3.42767786546,0.00795242275387,0.853239477539
4600,3.54813389234,3.80189396321,3.67282300498,0,0
4600,3.80189396321,4.07380277804,3.93550075456,0,0
4600,4.07380277804,4.3651583224,4.21696503429,0,0
4600,4.3651583224,4.67735141287,4.51855944375,0,0
4600,4.67735141287,5.01187233627,4.84172367584,0,0
4600,5.01187233627,5.3703179637,5.18800038929,0.0114023714919,0.707409435809
4600,5.3703179637,5.75439937337,5.5590425727,0.00927417111117,0.99994999875
4600,5.75439937337,6.16595001861,5.95662143529,0.00928558166835,0.891377864987
4600,6.16595001861,6.60693448008,6.38263486191,0.016931241231,0.725793810165
4600,6.60693448008,7.07945784384,6.83911647281,0.00604418697436,0.99994999875
4600,7.07945784384,7.58577575029,7.32824533139,0,0
4600,7.58577575029,8.12830516164,7.8523563461,0.0416652723895,0.778920143874
4600,8.12830516164,8.70963589956,8.41395141645,0.0191852918738,0.71241130179
4600,8.70963589956,9.33254300797,9.01571137606,0,0
4600,9.33254300797,10,9.6605087899,1.13418559766,0.123035643012
4800,0.01,0.0107151930524,0.0103514216668,0,0
4800,0.0107151930524,0.011481536215,0.0110917481526,0,0
4800,0.011481536215,0.0123026877081,0.0118850222744,0,0
4800,0.0123026877081,0.0131825673856,0.0127350308102,0,0
4800,0.0131825673856,0.0141253754462,0.0136458313659,0,0
4800,0.0141253754462,0.0151356124844,0.0146217717446,0,0
4800,0.0151356124844,0.0162181009736,0.0156675107011,0,0
4800,0.0162181009736,0.0173780082875,0.0167880401812,0,0
4800,0.0173780082875,0.0186208713666,0.0179887091513,0,0
4800,0.0186208713666,0.0199526231497,0.0192752491319,0,0
4800,0.0199526231497,0.021379620895,0.0206538015581,0,0
4800,0.021379620895,0.0229086765277,0.0221309470961,0,0
4800,0.0229086765277,0.0245470891569,0.0237137370566,0,0
4800,0.0245470891569,0.026302679919,0.0254097270555,0,0
4800,0.026302679919,0.0281838293126,0.0272270130808,0,0
4800,0.0281838293126,0.030199517204,0.02917427014,0,0
4800,0.030199517204,0.032359365693,0.0312607936712,0,0
4800,0.032359365693,0.0346736850453,0.0334965439158,0.00855916195352,0.99994999875
4800,0.0346736850453,0.0371535229097,0.0358921934645,0,0
4800,0.0371535229097,0.0398107170553,0.0384591782045,0,0
4800,0.0398107170553,0.0426579518802,0.0412097519097,0,0
4800,0.0426579518802,0.0457088189615,0.0441570447353,0,0
4800,0.0457088189615,0.0489778819368,0.0473151258961,0,0
4800,0.0489778819368,0.052480746025,0.0506990708275,0,0
4800,0.052480746025,0.056234132519,0.0543250331492,0,0
4800,0.056234132519,0.0602559586074,0.0582103217771,0.00601428787282,0.99994999875
4800,0.0602559586074,0.0645654229035,0.0623734835482,0,0
4800,0.0645654229035,0.0691830970919,0.0668343917569,0,0
4800,0.0691830970919,0.0741310241301,0.0716143410213,0.0373715641411,0.70705233543
4800,0.0741310241301,0.0794328234724,0.0767361489362,0.0398194038341,0.712258036247
4800,0.0794328234724,0.0851138038202,0.0822242649947,0.0495815115452,0.71427397167
4800,0.0851138038202,0.0912010839356,0.0881048873008,0,0
4800,0.0912010839356,0.0977237220956,0.0944060876286,0.00655423156782,0.99994999875
4800,0.0977237220956,0.104712854805,0.101157945426,0.00788558746786,0.99994999875
4800,0.104712854805,0.11220184543,0.108392691402,0.0394844805761,0.99994999875
4800,0.11220184543,0.120226443462,0.116144861384,0.0424680168889,0.79750740604
4800,0.120226443462,0.128824955169,0.124451461177,0,0
4800,0.128824955169,0.13803842646,0.133352143216,0.00111500612299,0.99994999875
4800,0.13803842646,0.147910838817,0.142889395851,0.0112135841727,0.99994999875
4800,0.147910838817,0.158489319246,0.153108746168,0.0375241090066,0.99994999875
4800,0.158489319246,0.169824365246,0.16405897732,0.0236475946019,0.99994999875
4800,0.169824365246,0.181970085861,0.175792361396,0,0
4800,0.181970085861,0.194984459976,0.188364908949,0,0
4800,0.194984459976,0.208929613085,0.201836636368,0.0140330481737,0.99994999875
4800,0.208929613085,0.223872113857,0.216271852373,0,0
4800,0.223872113857,0.239883291902,0.231739464997,0.0683086419681,0.751478481347
4800,0.239883291902,0.257039578277,0.24831331053,0,0
4800,0.257039578277,0.275422870334,0.26607250598,0.0145779253828,0.99994999875
4800,0.275422870334,0.295120922667,0.28510182675,0,0
4800,0.295120922667,0.316227766017,0.305492111322,0.00836545957761,0.99994999875
4800,0.316227766017,0.338844156139,0.327340694879,0,0
4800,0.338844156139,0.36307805477,0.350751873953,0,0
4800,0.36307805477,0.389045144994,0.375837404288,0.0177112362972,0.99994999875
4800,0.389045144994,0.41686938347,0.402717034325,0,0
4800,0.41686938347,0.446683592151,0.431519076828,0,0
4800,0.446683592151,0.478630092323,0.462381021399,0.0104246314751,0.99994999875
4800,0.478630092323,0.512861383991,0.495450190805,0.0912245854196,0.594547304037
4800,0.512861383991,0.549540873858,0.530884444231,0,0
4800,0.549540873858,0.588843655356,0.568852930844,0.0201628147925,0.99994999875
4800,0.588843655356,0.63095734448,0.60953689724,0,0
4800,0.63095734448,0.676082975392,0.653130552647,0,0
4800,0.676082975392,0.724435960075,0.699841996002,0,0
4800,0.724435960075,0.776247116629,0.749894209332,0,0
4800,0.776247116629,0.831763771103,0.803526122186,0,0
4800,0.831763771103,0.891250938134,0.860993752185,0,0
4800,0.891250938134,0.954992586021,0.922571427155,0,0
4800,0.954992586021,1.02329299228,0.988553094657,0,0
4800,1.02329299228,1.09647819614,1.05925372518,0,0
4800,1.09647819614,1.17489755494,1.13501081567,0,0
4800,1.17489755494,1.25892541179,1.21618600065,0.00732568257415,0.99994999875
4800,1.25892541179,1.34896288259,1.30316677845,0,0
4800,1.34896288259,1.44543977075,1.39636836106,0,0
4800,1.44543977075,1.54881661891,1.49623565609,0,0
4800,1.54881661891,1.65958690744,1.60324539069,0,0
4800,1.65958690744,1.77827941004,1.71790838716,0,0
4800,1.77827941004,1.90546071796,1.84077200147,0,0
4800,1.90546071796,2.04173794467,1.97242273611,0,0
4800,2.04173794467,2.18776162395,2.11348903984,0.0142945780941,0.99994999875
4800,2.18776162395,2.34422881532,2.26464430759,0,0
4800,2.34422881532,2.51188643151,2.42661009508,0,0
4800,2.51188643151,2.69153480393,2.60015956317,0,0
4800,2.69153480393,2.88403150313,2.78612116863,0,0
4800,2.88403150313,3.09029543251,2.98538261892,0,0
4800,3.09029543251,3.31131121483,3.19889510969,0,0
4800,3.31131121483,3.54813389234,3.42767786546,0,0
4800,3.54813389234,3.80189396321,3.67282300498,0,0
4800,3.80189396321,4.07380277804,3.93550075456,0,0
4800,4.07380277804,4.3651583224,4.21696503429,0,0
4800,4.3651583224,4.67735141287,4.51855944375,0,0
4800,4.67735141287,5.01187233627,4.84172367584,0,0
4800,5.01187233627,5.3703179637,5.18800038929,0,0
4800,5.3703179637,5.75439937337,5.5590425727,0,0
4800,5.75439937337,6.16595001861,5.95662143529,0.0599015204768,0.99994999875
4800,6.16595001861,6.60693448008,6.38263486191,0.116042102757,0.784657174883
4800,6.60693448008,7.07945784384,6.83911647281,0,0
4800,7.07945784384,7.58577575029,7.32824533139,0,0
4800,7.58577575029,8.12830516164,7.8523563461,0,0
4800,8.12830516164,8.70963589956,8.41395141645,0.0513299740856,0.99994999875
4800,8.70963589956,9.33254300797,9.01571137606,0,0
4800,9.33254300797,10,9.6605087899,0.790272272577,0.225340517432
5000,0.01,0.0107151930524,0.0103514216668,0.000180585041558,0.99994999875
5000,0.0107151930524,0.011481536215,0.0110917481526,0.00163473901767,0.99994999875
5000,0.011481536215,0.0123026877081,0.0118850222744,0,0
5000,0.0123026877081,0.0131825673856,0.0127350308102,0.00265945655952,0.708260361135
5000,0.0131825673856,0.0141253754462,0.0136458313659,0,0
5000,0.0141253754462,0.0151356124844,0.0146217717446,0,0
5000,0.0151356124844,0.0162181009736,0.0156675107011,0,0
5000,0.0162181009736,0.0173780082875,0.0167880401812,0,0
5000,0.0173780082875,0.0186208713666,0.0179887091513,0,0
5000,0.0186208713666,0.0199526231497,0.0192752491319,0.000511485222249,0.99994999875
5000,0.0199526231497,0.021379620895,0.0206538015581,0.00275460478935,0.746615225331
5000,0.021379620895,0.0229086765277,0.0221309470961,1.07572407671e-05,0.99994999875
5000,0.0229086765277,0.0245470891569,0.0237137370566,0.00696532362799,0.863437736862
5000,0.0245470891569,0.026302679919,0.0254097270555,0,0
5000,0.026302679919,0.0281838293126,0.0272270130808,0.00524722741106,0.99994999875
5000,0.0281838293126,0.030199517204,0.02917427014,0.00718598458745,0.99994999875
5000,0.030199517204,0.032359365693,0.0312607936712,0.0177321207886,0.93150958203
5000,0.032359365693,0.0346736850453,0.0334965439158,0.0122821362754,0.751741195448
5000,0.0346736850453,0.0371535229097,0.0358921934645,0.00628368013412,0.744364308816
5000,0.0371535229097,0.0398107170553,0.0384591782045,0.0304313012961,0.458499826981
5000,0.0398107170553,0.0426579518802,0.0412097519097,0.0072270898201,0.676586813642
5000,0.0426579518802,0.0457088189615,0.0441570447353,0.0249580413214,0.608138658235
5000,0.0457088189615,0.0489778819368,0.0473151258961,0.0473180821443,0.501812023866
5000,0.0489778819368,0.052480746025,0.0506990708275,0.0631272804563,0.373461562967
5000,0.052480746025,0.056234132519,0.0543250331492,0.0617372584058,0.398569714434
5000,0.056234132519,0.0602559586074,0.0582103217771,0.061556709707,0.436525303757
5000,0.0602559586074,0.0645654229035,0.0623734835482,0.0566201563684,0.396183522643
5000,0.0645654229035,0.0691830970919,0.0668343917569,0.0270535574181,0.488755906705
5000,0.0691830970919,0.0741310241301,0.0716143410213,0.0305489290985,0.530517633781
5000,0.0741310241301,0.0794328234724,0.0767361489362,0.0402882798726,0.39966524825
5000,0.0794328234724,0.0851138038202,0.0822242649947,0.0635888978547,0.354271977664
5000,0.0851138038202,0.0912010839356,0.0881048873008,0.085810222195,0.393856180778
5000,0.0912010839356,0.0977237220956,0.0944060876286,0.0642963702259,0.403367418685
5000,0.0977237220956,0.104712854805,0.101157945426,0.105440229638,0.324189469856
5000,0.104712854805,0.11220184543,0.108392691402,0.0668959251968,0.353391214065
5000,0.11220184543,0.120226443462,0.116144861384,0.0519170596232,0.39246923255
5000,0.120226443462,0.128824955169,0.124451461177,0.0301667048865,0.378869406219
5000,0.128824955169,0.13803842646,0.133352143216,0.0878828839665,0.385442009738
5000,0.13803842646,0.147910838817,0.142889395851,0.0947206036554,0.322825842924
5000,0.147910838817,0.158489319246,0.153108746168,0.0275018334512,0.443994110447
5000,0.158489319246,0.169824365246,0.16405897732,0.0438586393756,0.368564877618
5000,0.169824365246,0.181970085861,0.175792361396,0.0922871835228,0.339744275156
5000,0.181970085861,0.194984459976,0.188364908949,0.0503417148852,0.442722590889
5000,0.194984459976,0.208929613085,0.201836636368,0.0558764716406,0.354445743682
5000,0.208929613085,0.223872113857,0.216271852373,0.101526941201,0.315110249068
5000,0.223872113857,0.239883291902,0.231739464997,0.0305360265205,0.524221418068
5000,0.239883291902,0.257039578277,0.24831331053,0.0774519624312,0.343594759102
5000,0.257039578277,0.275422870334,0.26607250598,0.0409355556063,0.569895300736
5000,0.275422870334,0.295120922667,0.28510182675,0.0414592677746,0.485374470604
5000,0.295120922667,0.316227766017,0.305492111322,0.0393786733283,0.400444990696
5000,0.316227766017,0.338844156139,0.327340694879,0.0468122450718,0.425552291607
5000,0.338844156139,0.36307805477,0.350751873953,0.0524413958324,0.43345147663
5000,0.36307805477,0.389045144994,0.375837404288,0.0347411236542,0.47330438096
5000,0.389045144994,0.41686938347,0.402717034325,0.0599143374058,0.378964690463
5000,0.41686938347,0.446683592151,0.431519076828,0.0742327024683,0.386760188584
5000,0.446683592151,0.478630092323,0.462381021399,0.0348652229026,0.442857661303
5000,0.478630092323,0.512861383991,0.495450190805,0.506127954149,0.155639908958
5000,0.512861383991,0.549540873858,0.530884444231,0.0188292279798,0.724879661618
5000,0.549540873858,0.588843655356,0.568852930844,0.0472881718398,0.521626653567
5000,0.588843655356,0.63095734448,0.60953689724,0.0181682963452,0.721001317663
5000,0.63095734448,0.676082975392,0.653130552647,0.0256389504167,0.678878372034
5000,0.676082975392,0.724435960075,0.699841996002,0.0341996602523,0.597203549807
5000,0.724435960075,0.776247116629,0.749894209332,0.0221538538405,0.504196953872
5000,0.776247116629,0.831763771103,0.803526122186,0.0128762012214,0.820284096888
5000,0.831763771103,0.891250938134,0.860993752185,0.0536928162581,0.507962069426
5000,0.891250938134,0.954992586021,0.922571427155,0.0125907176394,0.600200796093
5000,0.954992586021,1.02329299228,0.988553094657,0.0327007755797,0.616677508825
5000,1.02329299228,1.09647819614,1.05925372518,0.015388409231,0.888105704832
5000,1.09647819614,1.17489755494,1.13501081567,0.0463252076453,0.457420191751
5000,1.17489755494,1.25892541179,1.21618600065,0.0037152646097,0.99994999875
5000,1.25892541179,1.34896288259,1.30316677845,0.0069281471068,0.99994999875
5000,1.34896288259,1.44543977075,1.39636836106,0.0257084142083,0.599186635753
5000,1.44543977075,1.54881661891,1.49623565609,0.0173615834955,0.689578904312
5000,1.54881661891,1.65958690744,1.60324539069,0.0370771255514,0.431935342227
5000,1.65958690744,1.77827941004,1.71790838716,0.0377643611553,0.567594264547
5000,1.77827941004,1.90546071796,1.84077200147,0.0220917767004,0.714938481866
5000,1.90546071796,2.04173794467,1.97242273611,0.0210394927097,0.742092061648
5000,2.04173794467,2.18776162395,2.11348903984,0.0109133091337,0.99994999875
5000,2.18776162395,2.34422881532,2.26464430759,0,0
5000,2.34422881532,2.51188643151,2.42661009508,0.0108533553297,0.865563847057
5000,2.51188643151,2.69153480393,2.60015956317,0.00499394227562,0.789802164851
5000,2.69153480393,2.88403150313,2.78612116863,0.00420490024994,0.99994999875
5000,2.88403150313,3.09029543251,2.98538261892,0.0404022649101,0.611755008749
5000,3.09029543251,3.31131121483,3.19889510969,0.0176173848351,0.617348473948
5000,3.31131121483,3.54813389234,3.42767786546,0.0147609120311,0.619975394316
5000,3.54813389234,3.80189396321,3.67282300498,0,0
5000,3.80189396321,4.07380277804,3.93550075456,0.0358241263177,0.521974324508
5000,4.07380277804,4.3651583224,4.21696503429,0.0116373048198,0.78355353672
5000,4.3651583224,4.67735141287,4.51855944375,0.0158873697263,0.802010681271
5000,4.67735141287,5.01187233627,4.84172367584,0.0272319313233,0.636926257081
5000,5.01187233627,5.3703179637,5.18800038929,0.0294566370302,0.576131061486
5000,5.3703179637,5.75439937337,5.5590425727,0.000100405991805,0.99994999875
5000,5.75439937337,6.16595001861,5.95662143529,0.0210106083851,0.741118835495
5000,6.16595001861,6.60693448008,6.38263486191,0.0164606300499,0.566322638909
5000,6.60693448008,7.07945784384,6.83911647281,0.0331095780821,0.622261660135
5000,7.07945784384,7.58577575029,7.32824533139,0.0371516145327,0.671728187931
5000,7.58577575029,8.12830516164,7.8523563461,0.0239876125781,0.547321891955
5000,8.12830516164,8.70963589956,8.41395141645,0.00808918694251,0.770898200899
5000,8.70963589956,9.33254300797,9.01571137606,0.0236866896179,0.785064824495
5000,9.33254300797,10,9.6605087899,5.52311572371,0.045781050826
5200,0.01,0.0107151930524,0.0103514216668,0,0
5200,0.0107151930524,0.011481536215,0.0110917481526,0,0
5200,0.011481536215,0.0123026877081,0.0118850222744,0,0
5200,0.0123026877081,0.0131825673856,0.0127350308102,0,0
5200,0.0131825673856,0.0141253754462,0.0136458313659,0,0
5200,0.0141253754462,0.0151356124844,0.0146217717446,0,0
5200,0.0151356124844,0.0162181009736,0.0156675107011,0,0
5200,0.0162181009736,0.0173780082875,0.0167880401812,0.00169007092665,0.724962842519
5200,0.0173780082875,0.0186208713666,0.0179887091513,0,0
5200,0.0186208713666,0.0199526231497,0.0192752491319,0,0
5200,0.0199526231497,0.021379620895,0.0206538015581,0.000119063943579,0.99994999875
5200,0.021379620895,0.0229086765277,0.0221309470961,0,0
5200,0.0229086765277,0.0245470891569,0.0237137370566,0.00854803904138,0.72759449266
5200,0.0245470891569,0.026302679919,0.0254097270555,0.0127126152891,0.787955649597
5200,0.026302679919,0.0281838293126,0.0272270130808,0,0
5200,0.0281838293126,0.030199517204,0.02917427014,0.00654874818371,0.99994999875
5200,0.030199517204,0.032359365693,0.0312607936712,0.0054422637116,0.722506303187
5200,0.032359365693,0.0346736850453,0.0334965439158,0.0265133471004,0.782503642688
5200,0.0346736850453,0.0371535229097,0.0358921934645,0,0
5200,0.0371535229097,0.0398107170553,0.0384591782045,0.0566070543438,0.43596255219
5200,0.0398107170553,0.0426579518802,0.0412097519097,0.00886918793984,0.581789690103
5200,0.0426579518802,0.0457088189615,0.0441570447353,0.00091930543333,0.99994999875
5200,0.0457088189615,0.0489778819368,0.0473151258961,0.0541340768103,0.453452337492
5200,0.0489778819368,0.052480746025,0.0506990708275,0.0308295215185,0.482321108559
5200,0.052480746025,0.056234132519,0.0543250331492,0.0155163877852,0.588821919525
5200,0.056234132519,0.0602559586074,0.0582103217771,0.0500130378954,0.483516489226
5200,0.0602559586074,0.0645654229035,0.0623734835482,0.0607524185054,0.433629356075
5200,0.0645654229035,0.0691830970919,0.0668343917569,0.0469372691794,0.413045361
5200,0.0691830970919,0.0741310241301,0.0716143410213,0.0111294529822,0.50989252071
5200,0.0741310241301,0.0794328234724,0.0767361489362,0.094561793111,0.37338845014
5200,0.0794328234724,0.0851138038202,0.0822242649947,0.0947464776067,0.414743759025
5200,0.0851138038202,0.0912010839356,0.0881048873008,0.1110897085,0.31771925515
5200,0.0912010839356,0.0977237220956,0.0944060876286,0.0476496701067,0.447239499778
5200,0.0977237220956,0.104712854805,0.101157945426,0.0715218217521,0.423087203845
5200,0.104712854805,0.11220184543,0.108392691402,0.0657892650698,0.388393338101
5200,0.11220184543,0.120226443462,0.116144861384,0.0742820365022,0.41109903982
5200,0.120226443462,0.128824955169,0.124451461177,0.0625869263063,0.439812812904
5200,0.128824955169,0.13803842646,0.133352143216,0.058735594007,0.444058872532
5200,0.13803842646,0.147910838817,0.142889395851,0.086797404723,0.433966445329
5200,0.147910838817,0.158489319246,0.153108746168,0.0403256316094,0.621524014649
5200,0.158489319246,0.169824365246,0.16405897732,0.0819833638535,0.411645936308
5200,0.169824365246,0.181970085861,0.175792361396,0.041761380031,0.551009067452
5200,0.181970085861,0.194984459976,0.188364908949,0.108393773497,0.340576609851
5200,0.194984459976,0.208929613085,0.201836636368,0.107311084091,0.380120273505
5200,0.208929613085,0.223872113857,0.216271852373,0.08237574119,0.368778755472
5200,0.223872113857,0.239883291902,0.231739464997,0.0551731351675,0.475452211396
5200,0.239883291902,0.257039578277,0.24831331053,0.0626515909514,0.382280753363
5200,0.257039578277,0.275422870334,0.26607250598,0.064994089109,0.375481843694
5200,0.275422870334,0.295120922667,0.28510182675,0.0500585141297,0.532455478076
5200,0.295120922667,0.316227766017,0.305492111322,0.0363482305568,0.503285166322
5200,0.316227766017,0.338844156139,0.327340694879,0.0227606711864,0.652957279696
5200,0.338844156139,0.36307805477,0.350751873953,0.0770839381612,0.470255925509
5200,0.36307805477,0.389045144994,0.375837404288,0.025001215197,0.505785994572
5200,0.389045144994,0.41686938347,0.402717034325,0.0918309362899,0.412799534683
5200,0.41686938347,0.446683592151,0.431519076828,0.00865597163481,0.821296764863
5200,0.446683592151,0.478630092323,0.462381021399,0.0454793330377,0.462451579305
5200,0.478630092323,0.512861383991,0.495450190805,0.510077610083,0.197356461398
5200,0.512861383991,0.549540873858,0.530884444231,0.02798444795,0.885050728391
5200,0.549540873858,0.588843655356,0.568852930844,0.0289719322539,0.827249921036
5200,0.588843655356,0.63095734448,0.60953689724,0,0
5200,0.63095734448,0.676082975392,0.653130552647,0.00798160221612,0.99994999875
5200,0.676082975392,0.724435960075,0.699841996002,0.0115662753608,0.99994999875
5200,0.724435960075,0.776247116629,0.749894209332,0.00399812181455,0.99994999875
5200,0.776247116629,0.831763771103,0.803526122186,0.0148182527753,0.618726843072
5200,0.831763771103,0.891250938134,0.860993752185,0.00328794591183,0.99994999875
5200,0.891250938134,0.954992586021,0.922571427155,0.0169724053351,0.99994999875
5200,0.954992586021,1.02329299228,0.988553094657,0.0183705055856,0.736211894283
5200,1.02329299228,1.09647819614,1.05925372518,0.0276129778628,0.707043390384
5200,1.09647819614,1.17489755494,1.13501081567,0.00938442146448,0.72219742178
5200,1.17489755494,1.25892541179,1.21618600065,0.00280477723323,0.99994999875
5200,1.25892541179,1.34896288259,1.30316677845,0.0133404282284,0.938910905904
5200,1.34896288259,1.44543977075,1.39636836106,0.0508079325014,0.568076163659
5200,1.44543977075,1.54881661891,1.49623565609,0.0260594394705,0.686086639956
5200,1.54881661891,1.65958690744,1.60324539069,0.0623216547146,0.505897378337
5200,1.65958690744,1.77827941004,1.71790838716,0.0386893731068,0.645492568357
5200,1.77827941004,1.90546071796,1.84077200147,0.0275716148484,0.584087564459
5200,1.90546071796,2.04173794467,1.97242273611,0.00801096879438,0.99994999875
5200,2.04173794467,2.18776162395,2.11348903984,0.0338389207606,0.710370336651
5200,2.18776162395,2.34422881532,2.26464430759,0.0201269061542,0.761736457696
5200,2.34422881532,2.51188643151,2.42661009508,0.0177721091266,0.708076217165
5200,2.51188643151,2.69153480393,2.60015956317,0.022976597404,0.707568185321
5200,2.69153480393,2.88403150313,2.78612116863,0,0
5200,2.88403150313,3.09029543251,2.98538261892,0.080856970289,0.534626671628
5200,3.09029543251,3.31131121483,3.19889510969,0.00558790690158,0.99994999875
5200,3.31131121483,3.54813389234,3.42767786546,0.00904390703237,0.99994999875
5200,3.54813389234,3.80189396321,3.67282300498,0.0426791548777,0.528375747269
5200,3.80189396321,4.07380277804,3.93550075456,0.011962425472,0.99994999875
5200,4.07380277804,4.3651583224,4.21696503429,0.00278294609628,0.99994999875
5200,4.3651583224,4.67735141287,4.51855944375,0.000491878189353,0.99994999875
5200,4.67735141287,5.01187233627,4.84172367584,0.0705591444797,0.549590280433
5200,5.01187233627,5.3703179637,5.18800038929,0.0390246884648,0.550135942019
5200,5.3703179637,5.75439937337,5.5590425727,0.0124751511582,0.99994999875
5200,5.75439937337,6.16595001861,5.95662143529,0.0281256557281,0.713968561274
5200,6.16595001861,6.60693448008,6.38263486191,0.0454094232219,0.441243511816
5200,6.60693448008,7.07945784384,6.83911647281,0.011032753087,0.99994999875
5200,7.07945784384,7.58577575029,7.32824533139,0.0149375471439,0.673005636868
5200,7.58577575029,8.12830516164,7.8523563461,0.0179612917085,0.835003893403
5200,8.12830516164,8.70963589956,8.41395141645,0.00937360060166,0.99994999875
5200,8.70963589956,9.33254300797,9.01571137606,0.0367925919496,0.652718473853
5200,9.33254300797,10,9.6605087899,4.63242119451,0.0612629670608
5400,0.01,0.0107151930524,0.0103514216668,0,0
5400,0.0107151930524,0.011481536215,0.0110917481526,0,0
5400,0.011481536215,0.0123026877081,0.0118850222744,0,0
5400,0.0123026877081,0.0131825673856,0.0127350308102,0,0
5400,0.0131825673856,0.0141253754462,0.0136458313659,0,0
5400,0.0141253754462,0.0151356124844,0.0146217717446,0,0
5400,0.0151356124844,0.0162181009736,0.0156675107011,0,0
5400,0.0162181009736,0.0173780082875,0.0167880401812,0.00442245327161,0.99994999875
5400,0.0173780082875,0.0186208713666,0.0179887091513,0,0
5400,0.0186208713666,0.0199526231497,0.0192752491319,0,0
5400,0.0199526231497,0.021379620895,0.0206538015581,0,0
5400,0.021379620895,0.0229086765277,0.0221309470961,0,0
5400,0.0229086765277,0.0245470891569,0.0237137370566,0,0
5400,0.0245470891569,0.026302679919,0.0254097270555,0.00133475234854,0.99994999875
5400,0.026302679919,0.0281838293126,0.0272270130808,0,0
5400,0.0281838293126,0.030199517204,0.02917427014,0,0
5400,0.030199517204,0.032359365693,0.0312607936712,0,0
5400,0.032359365693,0.0346736850453,0.0334965439158,0,0
5400,0.0346736850453,0.0371535229097,0.0358921934645,0.00112786259071,0.99994999875
5400,0.0371535229097,0.0398107170553,0.0384591782045,0,0
5400,0.0398107170553,0.0426579518802,0.0412097519097,0,0
5400,0.0426579518802,0.0457088189615,0.0441570447353,0,0
5400,0.0457088189615,0.0489778819368,0.0473151258961,0.0598656898256,0.578774885684
5400,0.0489778819368,0.052480746025,0.0506990708275,0.0142571608576,0.919701565434
5400,0.052480746025,0.056234132519,0.0543250331492,0,0
5400,0.056234132519,0.0602559586074,0.0582103217771,0.0450437712121,0.638058727133
5400,0.0602559586074,0.0645654229035,0.0623734835482,0.023588940591,0.70872770771
5400,0.0645654229035,0.0691830970919,0.0668343917569,0.0201806943266,0.734647434889
5400,0.0691830970919,0.0741310241301,0.0716143410213,0.0105996076066,0.723125295501
5400,0.0741310241301,0.0794328234724,0.0767361489362,0.0371179709936,0.59365283467
5400,0.0794328234724,0.0851138038202,0.0822242649947,0.0301453478445,0.707936540972
5400,0.0851138038202,0.0912010839356,0.0881048873008,0.0142422405114,0.99994999875
5400,0.0912010839356,0.0977237220956,0.0944060876286,0.0350017520925,0.684397382573
5400,0.0977237220956,0.104712854805,0.101157945426,0.0109668670144,0.99994999875
5400,0.104712854805,0.11220184543,0.108392691402,0.026512346954,0.766726099449
5400,0.11220184543,0.120226443462,0.116144861384,0.00886585862709,0.99994999875
5400,0.120226443462,0.128824955169,0.124451461177,0.0189871109183,0.542968814555
5400,0.128824955169,0.13803842646,0.133352143216,0.00338229391584,0.742202871119
5400,0.13803842646,0.147910838817,0.142889395851,0.0858569601775,0.646323012388
5400,0.147910838817,0.158489319246,0.153108746168,0.0308755648306,0.648727695039
5400,0.158489319246,0.169824365246,0.16405897732,0.0261473471166,0.84886428158
5400,0.169824365246,0.181970085861,0.175792361396,0.0331529474955,0.599120425015
5400,0.181970085861,0.194984459976,0.188364908949,0.0356320038814,0.920237816435
5400,0.194984459976,0.208929613085,0.201836636368,0,0
5400,0.208929613085,0.223872113857,0.216271852373,0,0
5400,0.223872113857,0.239883291902,0.231739464997,0.0143200097848,0.99994999875
5400,0.239883291902,0.257039578277,0.24831331053,0,0
5400,0.257039578277,0.275422870334,0.26607250598,0.0251203429733,0.717001609809
5400,0.275422870334,0.295120922667,0.28510182675,0.0203912129324,0.881703389182
5400,0.295120922667,0.316227766017,0.305492111322,0.0425204032107,0.602698138108
5400,0.316227766017,0.338844156139,0.327340694879,0,0
5400,0.338844156139,0.36307805477,0.350751873953,0,0
5400,0.36307805477,0.389045144994,0.375837404288,0,0
5400,0.389045144994,0.41686938347,0.402717034325,0.021946142006,0.99994999875
5400,0.41686938347,0.446683592151,0.431519076828,0.0302513781232,0.627069800957
5400,0.446683592151,0.478630092323,0.462381021399,0.0394045471561,0.99994999875
5400,0.478630092323,0.512861383991,0.495450190805,0.177545839952,0.374317505243
5400,0.512861383991,0.549540873858,0.530884444231,0,0
5400,0.549540873858,0.588843655356,0.568852930844,0.00994277304826,0.709836264441
5400,0.588843655356,0.63095734448,0.60953689724,0.00938543161199,0.99994999875
5400,0.63095734448,0.676082975392,0.653130552647,0,0
5400,0.676082975392,0.724435960075,0.699841996002,0.0184263301916,0.99994999875
5400,0.724435960075,0.776247116629,0.749894209332,0.00476171662568,0.99994999875
5400,0.776247116629,0.831763771103,0.803526122186,0.0266077529263,0.719045925715
5400,0.831763771103,0.891250938134,0.860993752185,0.0137759806396,0.99994999875
5400,0.891250938134,0.954992586021,0.922571427155,0,0
5400,0.954992586021,1.02329299228,0.988553094657,0,0
5400,1.02329299228,1.09647819614,1.05925372518,0.0474548912825,0.754644233281
5400,1.09647819614,1.17489755494,1.13501081567,0,0
5400,1.17489755494,1.25892541179,1.21618600065,0,0
5400,1.25892541179,1.34896288259,1.30316677845,0.00780226833368,0.99994999875
5400,1.34896288259,1.44543977075,1.39636836106,0,0
5400,1.44543977075,1.54881661891,1.49623565609,0,0
5400,1.54881661891,1.65958690744,1.60324539069,0.0240267930858,0.99994999875
5400,1.65958690744,1.77827941004,1.71790838716,0.0243926552826,0.713429533998
5400,1.77827941004,1.90546071796,1.84077200147,0,0
5400,1.90546071796,2.04173794467,1.97242273611,0,0
5400,2.04173794467,2.18776162395,2.11348903984,0,0
5400,2.18776162395,2.34422881532,2.26464430759,0,0
5400,2.34422881532,2.51188643151,2.42661009508,0.00391782489442,0.99994999875
5400,2.51188643151,2.69153480393,2.60015956317,0.0169761770832,0.99994999875
5400,2.69153480393,2.88403150313,2.78612116863,0,0
5400,2.88403150313,3.09029543251,2.98538261892,0.0164044867082,0.99994999875
5400,3.09029543251,3.31131121483,3.19889510969,0,0
5400,3.31131121483,3.54813389234,3.42767786546,0,0
5400,3.54813389234,3.80189396321,3.67282300498,0,0
5400,3.80189396321,4.07380277804,3.93550075456,0,0
5400,4.07380277804,4.3651583224,4.21696503429,0.00367017645165,0.99994999875
5400,4.3651583224,4.67735141287,4.51855944375,0,0
5400,4.67735141287,5.01187233627,4.84172367584,0.00636498649327,0.99994999875
5400,5.01187233627,5.3703179637,5.18800038929,0.0156768553829,0.99994999875
5400,5.3703179637,5.75439937337,5.5590425727,0,0
5400,5.75439937337,6.16595001861,5.95662143529,0,0
5400,6.16595001861,6.60693448008,6.38263486191,0.0171484964449,0.99994999875
5400,6.60693448008,7.07945784384,6.83911647281,0.0205981428074,0.763371060309
5400,7.07945784384,7.58577575029,7.32824533139,0,0
5400,7.58577575029,8.12830516164,7.8523563461,0,0
5400,8.12830516164,8.70963589956,8.41395141645,0,0
5400,8.70963589956,9.33254300797,9.01571137606,0.0371445508272,0.709727557124
5400,9.33254300797,10,9.6605087899,0.718331414133,0.161139862202
5600,0.01,0.0107151930524,0.0103514216668,0.00405694112735,0.99994999875
5600,0.0107151930524,0.011481536215,0.0110917481526,0,0
5600,0.011481536215,0.0123026877081,0.0118850222744,0,0
5600,0.0123026877081,0.0131825673856,0.0127350308102,0,0
5600,0.0131825673856,0.0141253754462,0.0136458313659,0,0
5600,0.0141253754462,0.0151356124844,0.0146217717446,0,0
5600,0.0151356124844,0.0162181009736,0.0156675107011,0,0
5600,0.0162181009736,0.0173780082875,0.0167880401812,0,0
5600,0.0173780082875,0.0186208713666,0.0179887091513,0,0
5600,0.0186208713666,0.0199526231497,0.0192752491319,0,0
5600,0.0199526231497,0.021379620895,0.0206538015581,0.0165227757475,0.99994999875
5600,0.021379620895,0.0229086765277,0.0221309470961,0,0
5600,0.0229086765277,0.0245470891569,0.0237137370566,0,0
5600,0.0245470891569,0.026302679919,0.0254097270555,0,0
5600,0.026302679919,0.0281838293126,0.0272270130808,0.00418356995777,0.99994999875
5600,0.0281838293126,0.030199517204,0.02917427014,0,0
5600,0.030199517204,0.032359365693,0.0312607936712,0,0
5600,0.032359365693,0.0346736850453,0.0334965439158,0,0
5600,0.0346736850453,0.0371535229097,0.0358921934645,0,0
5600,0.0371535229097,0.0398107170553,0.0384591782045,0,0
5600,0.0398107170553,0.0426579518802,0.0412097519097,0,0
5600,0.0426579518802,0.0457088189615,0.0441570447353,0.208570554816,0.513201723625
5600,0.0457088189615,0.0489778819368,0.0473151258961,0.0195766368301,0.99994999875
5600,0.0489778819368,0.052480746025,0.0506990708275,0.0292508911257,0.707095181508
5600,0.052480746025,0.056234132519,0.0543250331492,0.0641310804791,0.598804814357
5600,0.056234132519,0.0602559586074,0.0582103217771,0.0232655759884,0.713876523807
5600,0.0602559586074,0.0645654229035,0.0623734835482,0.0278971085277,0.99994999875
5600,0.0645654229035,0.0691830970919,0.0668343917569,0.034674573198,0.958630978825
5600,0.0691830970919,0.0741310241301,0.0716143410213,0.138449296235,0.505305133931
5600,0.0741310241301,0.0794328234724,0.0767361489362,0,0
5600,0.0794328234724,0.0851138038202,0.0822242649947,0.051230862027,0.566108179032
5600,0.0851138038202,0.0912010839356,0.0881048873008,0,0
5600,0.0912010839356,0.0977237220956,0.0944060876286,0.142518936134,0.590677571491
5600,0.0977237220956,0.104712854805,0.101157945426,0.104472735792,0.516542867978
5600,0.104712854805,0.11220184543,0.108392691402,0.0185243687506,0.99994999875
5600,0.11220184543,0.120226443462,0.116144861384,0.0709982859123,0.709437317551
5600,0.120226443462,0.128824955169,0.124451461177,0.0541310927161,0.593271238641
5600,0.128824955169,0.13803842646,0.133352143216,0.0670929007649,0.535984027362
5600,0.13803842646,0.147910838817,0.142889395851,0.0754458031567,0.709891177063
5600,0.147910838817,0.158489319246,0.153108746168,0.0570031257158,0.767414673589
5600,0.158489319246,0.169824365246,0.16405897732,0.0260338225032,0.99994999875
5600,0.169824365246,0.181970085861,0.175792361396,0.0241234462491,0.708888671429
5600,0.181970085861,0.194984459976,0.188364908949,0.0147767061877,0.99994999875
5600,0.194984459976,0.208929613085,0.201836636368,0.0414961773182,0.707071809834
5600,0.208929613085,0.223872113857,0.216271852373,0.0411176555485,0.99994999875
5600,0.223872113857,0.239883291902,0.231739464997,0,0
5600,0.239883291902,0.257039578277,0.24831331053,0.077170274854,0.681222049978
5600,0.257039578277,0.275422870334,0.26607250598,0.100986846274,0.541903614432
5600,0.275422870334,0.295120922667,0.28510182675,0.00965722118326,0.99994999875
5600,0.295120922667,0.316227766017,0.305492111322,0.0247764536716,0.99994999875
5600,0.316227766017,0.338844156139,0.327340694879,0,0
5600,0.338844156139,0.36307805477,0.350751873953,0,0
5600,0.36307805477,0.389045144994,0.375837404288,0.0312199478186,0.99994999875
5600,0.389045144994,0.41686938347,0.402717034325,0.0449380017693,0.72062857908
5600,0.41686938347,0.446683592151,0.431519076828,0.0442049679666,0.713010799473
5600,0.446683592151,0.478630092323,0.462381021399,0.0461853709196,0.659416802436
5600,0.478630092323,0.512861383991,0.495450190805,0.436912954947,0.306107282946
5600,0.512861383991,0.549540873858,0.530884444231,0.0147630898545,0.99994999875
5600,0.549540873858,0.588843655356,0.568852930844,0,0
5600,0.588843655356,0.63095734448,0.60953689724,0,0
5600,0.63095734448,0.676082975392,0.653130552647,0.0326680049982,0.99994999875
5600,0.676082975392,0.724435960075,0.699841996002,0.0616328654204,0.589730481452
5600,0.724435960075,0.776247116629,0.749894209332,0,0
5600,0.776247116629,0.831763771103,0.803526122186,0.0125901264283,0.99994999875
5600,0.831763771103,0.891250938134,0.860993752185,0.0677870164949,0.755224666547
5600,0.891250938134,0.954992586021,0.922571427155,0,0
5600,0.954992586021,1.02329299228,0.988553094657,0.047995736788,0.99994999875
5600,1.02329299228,1.09647819614,1.05925372518,0.0621203596299,0.99994999875
5600,1.09647819614,1.17489755494,1.13501081567,0.0890498671047,0.70704525715
5600,1.17489755494,1.25892541179,1.21618600065,0,0
5600,1.25892541179,1.34896288259,1.30316677845,0,0
5600,1.34896288259,1.44543977075,1.39636836106,0,0
5600,1.44543977075,1.54881661891,1.49623565609,0,0
5600,1.54881661891,1.65958690744,1.60324539069,0.0591374519449,0.806628222444
5600,1.65958690744,1.77827941004,1.71790838716,0,0
5600,1.77827941004,1.90546071796,1.84077200147,0,0
5600,1.90546071796,2.04173794467,1.97242273611,0,0
5600,2.04173794467,2.18776162395,2.11348903984,0,0
5600,2.18776162395,2.34422881532,2.26464430759,0,0
5600,2.34422881532,2.51188643151,2.42661009508,0.0572807060893,0.935880115483
5600,2.51188643151,2.69153480393,2.60015956317,0,0
5600,2.69153480393,2.88403150313,2.78612116863,0,0
5600,2.88403150313,3.09029543251,2.98538261892,0,0
5600,3.09029543251,3.31131121483,3.19889510969,0,0
5600,3.31131121483,3.54813389234,3.42767786546,0,0
5600,3.54813389234,3.80189396321,3.67282300498,0.00817593555031,0.99994999875
5600,3.80189396321,4.07380277804,3.93550075456,0.01628538691,0.99994999875
5600,4.07380277804,4.3651583224,4.21696503429,0,0
5600,4.3651583224,4.67735141287,4.51855944375,0.00483131854957,0.99994999875
5600,4.67735141287,5.01187233627,4.84172367584,0,0
5600,5.01187233627,5.3703179637,5.18800038929,0,0
5600,5.3703179637,5.75439937337,5.5590425727,0,0
5600,5.75439937337,6.16595001861,5.95662143529,0,0
5600,6.16595001861,6.60693448008,6.38263486191,0,0
5600,6.60693448008,7.07945784384,6.83911647281,0.037164127554,0.99994999875
5600,7.07945784384,7.58577575029,7.32824533139,0.126568303479,0.629192261936
5600,7.58577575029,8.12830516164,7.8523563461,0,0
5600,8.12830516164,8.70963589956,8.41395141645,0,0
5600,8.70963589956,9.33254300797,9.01571137606,0,0
5600,9.33254300797,10,9.6605087899,5.82961492071,0.0983459145672
