Phantom Group,Sex,Quantity,Organ ID,Organ/tissue,Reference (cm or g),Value (cm or g),% Error
ICRP145,Male,Height,,,165.0,176.004707,6.669519393939391
ICRP145,Male,Total Body Mass,,,64305.65943986049,72985.70586325703,13.498106541484479
ICRP145,Male,Organ,100,"Adrenal, left",7.682875779483626,8.682739521973351,13.014185979158535
ICRP145,Male,Organ,200,"Adrenal, right",7.682878120561571,8.682743131787394,13.01419852737087
ICRP145,Male,Organ,300,"ET1, 0~8 um",0.020909350507041794,0.02230901100703183,6.693945369171855
ICRP145,Male,Organ,301,"ET1, 8~40 um",0.08390790617048587,0.08953171140055799,6.702354386779187
ICRP145,Male,Organ,302,"ET1, 40~50 um",0.026311444646383204,0.028076494647082444,6.708297565644558
ICRP145,Male,Organ,303,"ET1, 50 um~surface",10.590084637630946,11.29120583068137,6.620543810944163
ICRP145,Male,Organ,400,"ET2, -15~0 um",0.13026326375295708,0.14120038752800593,8.39616900417219
ICRP145,Male,Organ,401,"ET2, 0~40 um",0.35961655400283893,0.3898324431019095,8.402251999453854
ICRP145,Male,Organ,402,"ET2, 40~50 um",0.0902278602647502,0.09782525443563121,8.42023090050948
ICRP145,Male,Organ,403,"ET2, 50~55 um",0.045177739814410006,0.04897425006887976,8.403497541191312
ICRP145,Male,Organ,404,"ET2, 55~65 um",0.09045939511482488,0.09805441233887986,8.396051305023898
ICRP145,Male,Organ,405,"ET2, 65 um~surface",26.65721265489982,28.8084848041517,8.070131626670499
ICRP145,Male,Organ,500,"Oral mucosa, tongue",0.07928266440780482,0.08596550427504501,8.429131282553508
ICRP145,Male,Organ,501,"Oral mucosa, mouth floor",0.021848301208725867,0.023515567380066747,7.631102095365656
ICRP145,Male,Organ,600,"Oral mucosa, lips, and cheeks",0.021373259965762476,0.023077684719165818,7.974566145424876
ICRP145,Male,Organ,700,Trachea,9.170181856473425,10.363608784459043,13.014212222445213
ICRP145,Male,Organ,800,"BB1, -11~-6 um",0.02226724751063029,0.02516398226537089,13.008948471775476
ICRP145,Male,Organ,801,"BB1, -6~0 um",0.027572477725654843,0.031163358595447697,13.023424682837678
ICRP145,Male,Organ,802,"BB1, 0~10 um",0.04602574961014392,0.05201120782342172,13.00458605015013
ICRP145,Male,Organ,803,"BB1, 10~35 um",0.11539195132946477,0.1304111259961421,13.015790524067741
ICRP145,Male,Organ,804,"BB1, 35~40 um",0.02314408795097901,0.02615675686520097,13.017012900240557
ICRP145,Male,Organ,805,"BB1, 40~50 um",0.04634119309153492,0.05236504327091515,12.998910423997259
ICRP145,Male,Organ,806,"BB1, 50~60 um",0.04641840943255409,0.05246035062305502,13.016260712853303
ICRP145,Male,Organ,807,"BB1, 60~70 um",0.04650029902436529,0.052550091060408664,13.010221789914505
ICRP145,Male,Organ,808,"BB1, 70 um~surface",2.4569212237893963,2.776674508378841,13.014388963447434
ICRP145,Male,Organ,900,"Blood in large arteries, head",296.0033216594926,1.5040307834011921,-99.49188719404596
ICRP145,Male,Organ,910,"Blood in large veins, head",888.5159014647871,6.943591122847132,-99.2185180803855
ICRP145,Male,Organ,1000,"Blood in large arteries, trunk",0.0,193.19678250210035,
ICRP145,Male,Organ,1010,"Blood in large veins, trunk",0.0,444.0353949335862,
ICRP145,Male,Organ,1100,"Blood in large arteries, arms",0.0,32.46345325332425,
ICRP145,Male,Organ,1110,"Blood in large veins, arms",0.0,167.26940209121452,
ICRP145,Male,Organ,1200,"Blood in large arteries, legs",0.0,108.83156714687131,
ICRP145,Male,Organ,1210,"Blood in large veins, legs",0.0,389.7405461384459,
ICRP145,Male,Organ,1300,"Humeri, upper, cortical",235.29476661760665,159.19645165276762,-32.34169465762557
ICRP145,Male,Organ,1400,"Humeri, upper, spongiosa",128.91177570946775,145.68865566281588,13.014233851807825
ICRP145,Male,Organ,1500,"Humeri, upper, medullary cavity",63.391080113217384,34.24398253797597,-45.979809025472164
ICRP145,Male,Organ,1600,"Humeri, lower, cortical",0.0,106.72012458296493,
ICRP145,Male,Organ,1700,"Humeri, lower, spongiosa",45.02954463198989,50.8897893178414,13.014221515551968
ICRP145,Male,Organ,1800,"Humeri, lower, medullary cavity",0.0,37.39695522125388,
ICRP145,Male,Organ,1900,"Ulnae and radii, cortical",241.68181638925523,273.40891971299067,13.127633595998564
ICRP145,Male,Organ,2000,"Ulnae and radii, spongiosa",137.134046341523,154.98098548211598,13.014229228055003
ICRP145,Male,Organ,2100,"Ulnae and radii, medullary cavity",20.34818660526051,22.996345760168317,13.01422680202468
ICRP145,Male,Organ,2200,"Wrists and hand bones, cortical",160.62490272893928,181.52898847752562,13.014224689594236
ICRP145,Male,Organ,2300,"Wrists and hand bones, spongiosa",105.23178826377375,118.92688655638592,13.014221765655137
ICRP145,Male,Organ,2400,"Clavicles, cortical",42.69533347934776,48.25181226810412,13.014253165264755
ICRP145,Male,Organ,2500,"Clavicles, spongiosa",39.86844525948271,45.05701335680252,13.01422230927279
ICRP145,Male,Organ,2600,"Cranium, cortical",541.3707962659504,568.4694168021932,5.0055563992651235
ICRP145,Male,Organ,2700,"Cranium, spongiosa",363.80335920595917,382.07292633100957,5.02182474755751
ICRP145,Male,Organ,2800,"Femora, upper, cortical",487.3951669720985,253.54758457975825,-47.97905236629626
ICRP145,Male,Organ,2900,"Femora, upper, spongiosa",360.85186834463804,413.232292237906,14.515769069883572
ICRP145,Male,Organ,3000,"Femora, upper, medullary cavity",93.49327646113062,26.04535047202931,-72.1420069358062
ICRP145,Male,Organ,3100,"Femora, lower, cortical",0.0,307.76097346365503,
ICRP145,Male,Organ,3200,"Femora, lower, spongiosa",327.3572014550552,373.6519545295038,14.141968732832266
ICRP145,Male,Organ,3300,"Femora, lower, medullary cavity",0.0,82.17888245638618,
ICRP145,Male,Organ,3400,"Tibiae, fibulae, and patellae, cortical",480.0635258030162,536.6511904030592,11.787536765136903
ICRP145,Male,Organ,3500,"Tibiae, fibulae, and patellae, spongiosa",554.2725801541859,621.4076462600168,12.112283470193578
ICRP145,Male,Organ,3600,"Tibiae, fibulae, and patellae, medullary cavity",71.68065405430674,79.81493797477779,11.347948798441971
ICRP145,Male,Organ,3700,"Ankles and foot, cortical",215.77270633149516,234.8823427804357,8.856373344820584
ICRP145,Male,Organ,3800,"Ankles and foot, spongiosa",397.2985551082131,432.61504238402995,8.889155729800628
ICRP145,Male,Organ,3900,"Mandible, cortical",70.8002734274618,76.87705057615418,8.582985424368896
ICRP145,Male,Organ,4000,"Mandible, spongiosa",51.72404968052495,56.28731655252362,8.822331004984756
ICRP145,Male,Organ,4100,"Pelvis, cortical",356.2335838252123,402.59467433187353,13.014239142991228
ICRP145,Male,Organ,4200,"Pelvis, spongiosa",548.3128975400481,619.6715755278943,13.014225692663794
ICRP145,Male,Organ,4300,"Ribs, cortical",326.32447763907794,368.7971195707965,13.01546308723253
ICRP145,Male,Organ,4400,"Ribs, spongiosa",404.68463141300094,457.35119431751656,13.014223624115528
ICRP145,Male,Organ,4500,"Scapulae, cortical",197.61506129097148,223.3331223438105,13.014221125064617
ICRP145,Male,Organ,4600,"Scapulae, spongiosa",138.62878471380378,156.67025675647417,13.014232275004526
ICRP145,Male,Organ,4700,"Cervical spine, cortical",94.26003323696276,103.94340658854976,10.273042581306674
ICRP145,Male,Organ,4800,"Cervical spine, spongiosa",71.64944321022621,78.91527127702106,10.140801855886346
ICRP145,Male,Organ,4900,"Thoracic spine, cortical",256.1094369849593,289.4401290938737,13.014238171501589
ICRP145,Male,Organ,5000,"Thoracic spine, spongiosa",305.4675451869742,345.2217732828088,13.014223187442505
ICRP145,Male,Organ,5100,"Lumbar spine, cortical",166.39270912774688,188.04745141355627,13.014237462282141
ICRP145,Male,Organ,5200,"Lumbar spine, spongiosa",258.00678132789494,291.58436460066713,13.014225091277426
ICRP145,Male,Organ,5300,"Sacrum, cortical",97.61628632864999,110.32028826366144,13.01422376614513
ICRP145,Male,Organ,5400,"Sacrum, spongiosa",170.08831814327232,192.2239989586902,13.014227583091332
ICRP145,Male,Organ,5500,"Sternum, cortical",8.840057695424361,9.99052342484324,13.014233266988315
ICRP145,Male,Organ,5600,"Sternum, spongiosa",54.347215370600956,61.42008371703705,13.014224000632336
ICRP145,Male,Organ,5700,"Cartilage, costal",49.84457899682184,56.331463789335835,13.014223257713963
ICRP145,Male,Organ,5800,"Cartilage, discs",72.69653626942004,82.06297945824626,12.88430463057184
ICRP145,Male,Organ,6100,Brain,1449.5416681878035,1517.3896778905007,4.680652594659103
ICRP145,Male,Organ,6200,"Breast, left, adipose tissue",6.887520596157155,7.769025257475426,12.798577499864033
ICRP145,Male,Organ,6300,"Breast, left, glandular tissue",4.58361301966038,5.18013406814562,13.01421053493383
ICRP145,Male,Organ,6400,"Breast, right, adipose tissue",6.8876813723224775,7.769029192598022,12.796001624249934
ICRP145,Male,Organ,6500,"Breast, right, glandular tissue",4.5836158899336334,5.180136443151125,13.01419158022267
ICRP145,Male,Organ,6600,"Eye lens, sensitive, left",0.03680979279049414,0.03888948807554384,5.649842412551599
ICRP145,Male,Organ,6601,"Eye lens, insensitive, left",0.1791486631111861,0.1892705687789634,5.650003461926631
ICRP145,Male,Organ,6700,"Cornea, left",1.0537438479808336,1.1132850686123545,5.650445385338457
ICRP145,Male,Organ,6701,"Aqueous, left",0.29112342046870215,0.3075716047013278,5.649900721193942
ICRP145,Male,Organ,6702,"Vitreous, left",5.794604492806679,6.121993940073037,5.649901519124797
ICRP145,Male,Organ,6800," Eye lens, sensitive, right",0.03680698058432186,0.03888931397097076,5.657441478739174
ICRP145,Male,Organ,6801,"Eye lens, insensitive, right",0.17913565194247869,0.18927065242507315,5.657723838160852
ICRP145,Male,Organ,6900,"Cornea, right",1.0536726574554003,1.1132816955125,5.6572634428091195
ICRP145,Male,Organ,6901,"Aqueous, right",0.291101379788252,0.30757159201175416,5.657895622302658
ICRP145,Male,Organ,6902,"Vitreous, right",5.794182114052224,6.12199522014182,5.65762517706467
ICRP145,Male,Organ,7000,Gallbladder wall,9.170194617739174,10.363612759822626,13.014098302503399
ICRP145,Male,Organ,7100,Gallbladder contents,51.32096333957828,57.99999932578972,13.014245157515644
ICRP145,Male,Organ,7200,"Stomach wall, 0~60 um",1.5783397512891135,1.7837383883440847,13.013588290303863
ICRP145,Male,Organ,7201,"Stomach wall, 60~100 um",1.0554677357504934,1.1928211312291406,13.013509634283771
ICRP145,Male,Organ,7202,"Stomach wall, 100~300 um",5.316153008996211,6.008017357407735,13.014379895400364
ICRP145,Male,Organ,7203,"Stomach wall, 300 um~surface",163.94935869274315,185.286098491188,13.014225836913429
ICRP145,Male,Organ,7300,Stomach contents,221.21106612227774,249.99998652415073,13.014231569210683
ICRP145,Male,Organ,7400,"Small intestine wall, 0~130 um",12.872085357855925,14.54747903922977,13.015712954011304
ICRP145,Male,Organ,7401,"Small intestine wall, 130~150 um",2.0036706624923166,2.264442034599205,13.014682352164671
ICRP145,Male,Organ,7402,"Small intestine wall, 150~200 um",5.036403647864871,5.691843593243338,13.014047149623007
ICRP145,Male,Organ,7403,"Small intestine wall, 200 um~surface",743.354511625898,840.0963485350128,13.014226105592169
ICRP145,Male,Organ,7500,"Small intestine contents, -500~0 um",47.195284785259176,53.337397292948445,13.014250333769947
ICRP145,Male,Organ,7501,"Small intestine contents, centre~500 um",262.500239289284,296.66260810883153,13.014223877296905
ICRP145,Male,Organ,7600,"Ascending colon wall, 0~280 um",2.717759467574717,3.0714502217638864,13.014056556844483
ICRP145,Male,Organ,7601,"Ascending colon wall, 280~300 um",0.19762534145968602,0.22334956641016762,13.01666312653994
ICRP145,Male,Organ,7602,"Ascending colon wall, 300 um~surface",103.20309308099779,116.63417775827631,13.014226876647275
ICRP145,Male,Organ,7700,Ascending colon contents,48.666438299449524,55.000000637121936,13.014230255975095
ICRP145,Male,Organ,7800,"Transverse colon wall, right, 0~280 um",3.5329115914967946,3.992697540998566,13.0143632976384
ICRP145,Male,Organ,7801,"Transverse colon wall, right, 280~300 um",0.255381264823509,0.2886113450628562,13.011949119412547
ICRP145,Male,Organ,7802,"Transverse colon wall, right, 300 um~surface",66.95736021382255,75.67134897069351,13.014235819697175
ICRP145,Male,Organ,7900,"Transverse colon contents, right",84.06022207292696,95.00000216962,13.01421745852892
ICRP145,Male,Organ,8000,"Transverse colon wall, left, 0~280 um",2.498509363501947,2.8236702141862247,13.014193800279674
ICRP145,Male,Organ,8001,"Transverse colon wall, left, 280~300 um",0.18136970954333712,0.20497231897973225,13.013534341441643
ICRP145,Male,Organ,8002,"Transverse colon wall, left, 300 um~surface",68.0657945148379,76.92402449697593,13.01421667855062
ICRP145,Male,Organ,8100,"Transverse colon contents, left",35.39376875088367,39.99999290714094,13.014223460287106
ICRP145,Male,Organ,8200,"Descending colon wall, 0~280 um",2.459366966458215,2.7794343898997775,13.014219830011713
ICRP145,Male,Organ,8201,"Descending colon wall, 280~300 um",0.1799082871294559,0.2033227535922421,13.014668104720473
ICRP145,Male,Organ,8202,"Descending colon wall, 300 um~surface",103.47920490383099,116.94622050882549,13.014224082519915
ICRP145,Male,Organ,8300,Descending colon contents,30.969562053571494,35.00000917722327,13.014220597242748
ICRP145,Male,Organ,8400,"Sigmoid colon wall, 0~280 um",3.9383921869764693,4.450942356500349,13.01419831216372
ICRP145,Male,Organ,8401,"Sigmoid colon wall, 280~300 um",0.28629542838656874,0.32356275509517063,13.017087600253923
ICRP145,Male,Organ,8402,"Sigmoid colon wall, 300 um~surface",42.937215701710805,48.52422396478801,13.012041353334865
ICRP145,Male,Organ,8500,Sigmoid colon contents,66.36332399929212,74.99999544936816,13.014223715147482
ICRP145,Male,Organ,8600,Rectum wall,35.372822991304204,39.97632661810045,13.014238721992696
ICRP145,Male,Organ,8700,Heart wall,341.40731112772846,385.8388144993086,13.014221407507382
ICRP145,Male,Organ,8800,Blood in heart chamber,451.2706250433623,510.0000095221753,13.014227210816056
ICRP145,Male,Organ,8900,"Kidney, left, cortex",143.6442636351903,162.33844661404672,13.014221734836248
ICRP145,Male,Organ,9000,"Kidney, left, medulla",33.94199459608314,38.35928191888284,13.014224341752298
ICRP145,Male,Organ,9100,"Kidney, left, pelvis",6.770647506720763,7.651796291936333,13.014246928981501
ICRP145,Male,Organ,9200,"Kidney, right, cortex",147.36370239894558,166.54194565312235,13.014224630606188
ICRP145,Male,Organ,9300,"Kidney, right, medulla",34.82936822852215,39.362138158463054,13.01421805931286
ICRP145,Male,Organ,9400,"Kidney, right, pelvis",6.9836222854053345,7.89248678926693,13.01422767037356
ICRP145,Male,Organ,9500,Liver,2088.232684650478,2360.00000489757,13.014225964602192
ICRP145,Male,Organ,9700,"Lung (AI), left",483.01607760957955,545.8768933536599,13.014228440422745
ICRP145,Male,Organ,9900,"Lung (AI), right",577.6807739263216,652.8614495578809,13.014224988063717
ICRP145,Male,Organ,10000,"Lymphatic nodes, ET",14.81599759293954,15.949185997804115,7.648411102635352
ICRP145,Male,Organ,10100,"Lymphatic nodes, thoracic",14.112556659780322,15.949205446656883,13.014288134699683
ICRP145,Male,Organ,10200,"Lymphatic nodes, head",4.952650682455826,5.509725193861101,11.248007322193034
ICRP145,Male,Organ,10300,"Lymphatic nodes, trunk",114.92650386344735,130.20352238277857,13.292859354255631
ICRP145,Male,Organ,10400,"Lymphatic nodes, arms",9.7503628114126,11.019452424564799,13.01581938742582
ICRP145,Male,Organ,10500,"Lymphatic nodes, legs",9.691440718205955,11.019453548127908,13.702945398275002
ICRP145,Male,Organ,10600,"Muscle, head",26267.36323333447,1200.8277988924913,-95.42844179590668
ICRP145,Male,Organ,10700,"Muscle, trunk",0.0,14844.72969345579,
ICRP145,Male,Organ,10800,"Muscle, arms",0.0,2843.506922075566,
ICRP145,Male,Organ,10900,"Muscle, legs",0.0,10887.729125201768,
ICRP145,Male,Organ,11000,"Oesophagus wall, 0~190 um",1.6984718218537311,1.9193930012782567,13.007055906491857
ICRP145,Male,Organ,11001,"Oesophagus wall, 190~200 um",0.09120915065870157,0.1030714170553999,13.005566120318488
ICRP145,Male,Organ,11002,"Oesophagus wall, 200 um~surface",44.060642942923664,49.78305164129575,12.987574207178312
ICRP145,Male,Organ,11003,Oesophagus contents,20.236553297537302,22.869997657089186,13.01330478976557
ICRP145,Male,Organ,11300,Pancreas,153.6366754934898,173.63129558992782,13.014223350130525
ICRP145,Male,Organ,11400,Pituitary gland,0.587518741194832,0.6218196488304819,5.838266123373764
ICRP145,Male,Organ,11500,Prostate,15.589316664667244,17.618144186398624,13.014217142241142
ICRP145,Male,Organ,11600,"RST, head",15614.359488339216,975.6224151055426,-93.75176153825498
ICRP145,Male,Organ,11700,"RST, trunk",0.0,11176.90036487355,
ICRP145,Male,Organ,11800,"RST, arms",0.0,1549.841514616755,
ICRP145,Male,Organ,11900,"RST, legs",0.0,4510.133508867629,
ICRP145,Male,Organ,12000,"Salivary glands, left",40.6795975451566,44.0453586880419,8.273830976693228
ICRP145,Male,Organ,12100,"Salivary glands, right",40.69732894251032,44.045362366926035,8.226666249141811
ICRP145,Male,Organ,12200,"Skin, head, insensitive",3082.768390973179,259.2303086461898,-91.59098979328917
ICRP145,Male,Organ,12201,"Skin, head, sensitive, 50~100 um",93.69861922226112,8.47000153082754,-90.96037743017752
ICRP145,Male,Organ,12300,"Skin, trunk, insensitive",0.0,1271.006475196992,
ICRP145,Male,Organ,12301,"Skin, trunk, sensitive, 50~100 um",0.0,38.41782704156981,
ICRP145,Male,Organ,12400,"Skin, arms, insensitive",0.0,575.7089401467681,
ICRP145,Male,Organ,12401,"Skin, arms, sensitive, 50~100 um",0.0,18.843020518248828,
ICRP145,Male,Organ,12500,"Skin, legs, insensitive",0.0,1259.9820159550839,
ICRP145,Male,Organ,12501,"Skin, legs, sensitive, 50~100 um",0.0,37.78988120926353,
ICRP145,Male,Organ,12600,Spinal cord,33.88678693897573,37.951723316166984,11.995638254259697
ICRP145,Male,Organ,12700,Spleen,202.09844362466902,228.39999506950068,13.014227607649511
ICRP145,Male,Organ,12800,Teeth,46.98507959500074,50.72662087588219,7.96325410775627
ICRP145,Male,Organ,12801,"Teeth, retention region",0.039954869530306754,0.04313799171157471,7.966794082141799
ICRP145,Male,Organ,12900,"Testis, left",15.886632618024978,18.616753217331382,17.185017523529872
ICRP145,Male,Organ,13000,"Testis, right",15.88868316630075,18.616749836770907,17.169872681810887
ICRP145,Male,Organ,13100,Thymus,22.925457109594,25.909028548785557,13.014228789108733
ICRP145,Male,Organ,13200,Thyroid,20.661579089271694,23.350524289116485,13.014228913611921
ICRP145,Male,Organ,13300,"Tongue, upper (food)",19.470364063699463,20.993037544073157,7.820467431384941
ICRP145,Male,Organ,13301,"Tongue, lower",50.28212048099303,54.55215826284434,8.492159322249366
ICRP145,Male,Organ,13400,Tonsils,2.900397931324652,3.1090947489144223,7.19545464213097
ICRP145,Male,Organ,13500,"Ureter, left",7.7946537683302655,8.809067046598571,13.014218571065644
ICRP145,Male,Organ,13600,"Ureter, right",6.8776365210910235,7.7727085951457076,13.014239285688445
ICRP145,Male,Organ,13700,"Urinary bladder wall, insensitive",43.38224494218406,49.78112323614282,14.749993465037614
ICRP145,Male,Organ,13701,"Urinary bladder wall, sensitive, 118/116~193/185 um",1.8323037463906737,1.317737831556219,-28.08300293267762
ICRP145,Male,Organ,13800,Urinary bladder contents,176.9688705458481,200.00000298604812,13.014228078171097
ICRP145,Male,Organ,14000,Air inside body,0.12961389207378246,0.14016508041363973,8.140476434309237
ICRP145,Female,Height,,,150.0,163.01744,8.678293333333329
ICRP145,Female,Total Body Mass,,,55830.456323601065,60001.84214232206,7.471523776454666
ICRP145,Female,Organ,100,"Adrenal, left",6.071448112350957,6.816533157629252,12.271949483725162
ICRP145,Female,Organ,200,"Adrenal, right",7.703218256794416,8.648553977873142,12.271958155215435
ICRP145,Female,Organ,300,"ET1, 0~8 um",0.007924529708712479,0.008564642407083769,8.077611188302184
ICRP145,Female,Organ,301,"ET1, 8~40 um",0.03196698688356106,0.034550880670621016,8.0830069986631
ICRP145,Female,Organ,302,"ET1, 40~50 um",0.010078703608281862,0.010893182985760566,8.081191878779244
ICRP145,Female,Organ,303,"ET1, 50 um~surface",4.045658953906863,4.374578837248131,8.130193056031876
ICRP145,Female,Organ,400,"ET2, -15~0 um",0.09587556171632611,0.10415812360499567,8.638866610425472
ICRP145,Female,Organ,401,"ET2, 0~40 um",0.26496143267256445,0.28785739216517947,8.641242335411707
ICRP145,Female,Organ,402,"ET2, 40~50 um",0.0665560994452484,0.07230681899474375,8.640409515323409
ICRP145,Female,Organ,403,"ET2, 50~55 um",0.03335057554905102,0.03623167406135289,8.638826961365151
ICRP145,Female,Organ,404,"ET2, 55~65 um",0.0667129771027223,0.07248044633739224,8.645198408383727
ICRP145,Female,Organ,405,"ET2, 65 um~surface",13.046614395885328,14.180331022892835,8.689738138999962
ICRP145,Female,Organ,500,"Oral mucosa, tongue",0.06047540426954316,0.06614430714606362,9.373898273178556
ICRP145,Female,Organ,501,"Oral mucosa, mouth floor",0.014827393268182634,0.016117579508077184,8.7013692599838
ICRP145,Female,Organ,600,"Oral mucosa, lips, and cheeks",0.01727768864507327,0.018824758521797092,8.95414837310991
ICRP145,Female,Organ,700,Trachea,7.310630166206021,8.201122819042673,12.180791978139267
ICRP145,Female,Organ,800,"BB1, -11~-6 um",0.009115993927556278,0.010233956708274887,12.263750827424055
ICRP145,Female,Organ,801,"BB1, -6~0 um",0.01125210033731858,0.012634000739052825,12.28126625525237
ICRP145,Female,Organ,802,"BB1, 0~10 um",0.01879631350912945,0.02110304104380938,12.272233773710695
ICRP145,Female,Organ,803,"BB1, 10~35 um",0.04723245132635067,0.053028159310937295,12.270605953820647
ICRP145,Female,Organ,804,"BB1, 35~40 um",0.009483620598232472,0.0106508083382203,12.307406521570094
ICRP145,Female,Organ,805,"BB1, 40~50 um",0.01901574022419252,0.02134790498527826,12.26439114959446
ICRP145,Female,Organ,806,"BB1, 50~60 um",0.019069118517038002,0.02141007120092797,12.276145233448307
ICRP145,Female,Organ,807,"BB1, 60~70 um",0.019123297723818527,0.021469763419409302,12.270193820536484
ICRP145,Female,Organ,808,"BB1, 70 um~surface",1.0501364795827444,1.1790086139062959,12.271941488477465
ICRP145,Female,Organ,900,"Blood in large arteries, head",217.5471266518745,1.905949095522094,-99.12389139546207
ICRP145,Female,Organ,910,"Blood in large veins, head",652.5937774776165,3.007187080501874,-99.53919464385254
ICRP145,Female,Organ,1000,"Blood in large arteries, trunk",0.0,117.87207283380279,
ICRP145,Female,Organ,1010,"Blood in large veins, trunk",0.0,239.85123902374016,
ICRP145,Female,Organ,1100,"Blood in large arteries, arms",0.0,46.312498622530356,
ICRP145,Female,Organ,1110,"Blood in large veins, arms",0.0,139.52789271135924,
ICRP145,Female,Organ,1200,"Blood in large arteries, legs",0.0,79.90579478361157,
ICRP145,Female,Organ,1210,"Blood in large veins, legs",0.0,355.61214192163374,
ICRP145,Female,Organ,1300,"Humeri, upper, cortical",193.24730062085052,113.68141739457418,-41.17308907842593
ICRP145,Female,Organ,1400,"Humeri, upper, spongiosa",95.94336760544012,107.71748525675636,12.271945362327095
ICRP145,Female,Organ,1500,"Humeri, upper, medullary cavity",36.526539479581984,20.516234874057776,-43.83197760760728
ICRP145,Female,Organ,1600,"Humeri, lower, cortical",0.0,103.29563257901161,
ICRP145,Female,Organ,1700,"Humeri, lower, spongiosa",44.769956985398146,50.264101793420636,12.271945692988764
ICRP145,Female,Organ,1800,"Humeri, lower, medullary cavity",0.0,20.49282148673207,
ICRP145,Female,Organ,1900,"Ulnae and radii, cortical",139.57919439424796,156.7082606463714,12.271933740885183
ICRP145,Female,Organ,2000,"Ulnae and radii, spongiosa",77.38599722080703,86.88276399941033,12.271944692404732
ICRP145,Female,Organ,2100,"Ulnae and radii, medullary cavity",30.3443563001217,34.06820067408791,12.271950464644647
ICRP145,Female,Organ,2200,"Wrists and hand bones, cortical",93.64006536917407,105.13154834324298,12.27197239639248
ICRP145,Female,Organ,2300,"Wrists and hand bones, spongiosa",61.77877050186059,69.36022515983421,12.27194163364791
ICRP145,Female,Organ,2400,"Clavicles, cortical",29.262017967304722,32.82525023736568,12.176987499776187
ICRP145,Female,Organ,2500,"Clavicles, spongiosa",34.580868456351084,38.798220569746626,12.195622324288353
ICRP145,Female,Organ,2600,"Cranium, cortical",385.5631665799589,407.67002259585036,5.733653505334752
ICRP145,Female,Organ,2700,"Cranium, spongiosa",368.92548590690365,391.31146558049954,6.067886478096252
ICRP145,Female,Organ,2800,"Femora, upper, cortical",412.0076762886126,244.12628134535433,-40.74715220248878
ICRP145,Female,Organ,2900,"Femora, upper, spongiosa",205.1783646869525,232.8040702002445,13.464239056316416
ICRP145,Female,Organ,3000,"Femora, upper, medullary cavity",81.16596116594185,39.51633699157236,-51.31415137093964
ICRP145,Female,Organ,3100,"Femora, lower, cortical",0.0,240.92941448164257,
ICRP145,Female,Organ,3200,"Femora, lower, spongiosa",144.4334560562011,166.33369447504825,15.162857011692262
ICRP145,Female,Organ,3300,"Femora, lower, medullary cavity",0.0,56.762126630484545,
ICRP145,Female,Organ,3400,"Tibiae, fibulae, and patellae, cortical",493.9394014058951,544.8452248227562,10.306086793636695
ICRP145,Female,Organ,3500,"Tibiae, fibulae, and patellae, spongiosa",505.05497614149635,558.5291489631189,10.587792487493724
ICRP145,Female,Organ,3600,"Tibiae, fibulae, and patellae, medullary cavity",81.04754748706709,88.88342749908533,9.668250619512728
ICRP145,Female,Organ,3700,"Ankles and foot, cortical",166.22924931147367,173.47574701871653,4.359339729474848
ICRP145,Female,Organ,3800,"Ankles and foot, spongiosa",246.60655367397058,257.4510646483038,4.397495043327345
ICRP145,Female,Organ,3900,"Mandible, cortical",41.61903666337843,45.394099874614305,9.070520400962671
ICRP145,Female,Organ,4000,"Mandible, spongiosa",30.64089130675969,33.47875705671152,9.26169451645739
ICRP145,Female,Organ,4100,"Pelvis, cortical",233.77205355739343,262.45763007538216,12.27074668741194
ICRP145,Female,Organ,4200,"Pelvis, spongiosa",405.79911228028556,455.5985822992558,12.271951443938526
ICRP145,Female,Organ,4300,"Ribs, cortical",146.52705765494983,164.50399078257593,12.268678164519752
ICRP145,Female,Organ,4400,"Ribs, spongiosa",247.01172627310714,277.3248898477021,12.271953251757513
ICRP145,Female,Organ,4500,"Scapulae, cortical",108.38469129549162,121.66439609152938,12.252380513621619
ICRP145,Female,Organ,4600,"Scapulae, spongiosa",86.16200582785456,96.7301388038725,12.26542125438945
ICRP145,Female,Organ,4700,"Cervical spine, cortical",65.29128173114489,71.59649605583554,9.657053985636452
ICRP145,Female,Organ,4800,"Cervical spine, spongiosa",68.8796009356445,75.60121987196192,9.758504470137023
ICRP145,Female,Organ,4900,"Thoracic spine, cortical",183.32968132242632,205.8277997231691,12.271945403742235
ICRP145,Female,Organ,5000,"Thoracic spine, spongiosa",242.19362180268075,271.9154945745766,12.271946945040014
ICRP145,Female,Organ,5100,"Lumbar spine, cortical",139.1041497328945,156.17492211779833,12.27193611238977
ICRP145,Female,Organ,5200,"Lumbar spine, spongiosa",236.01226296756053,264.9755764768744,12.271952798187781
ICRP145,Female,Organ,5300,"Sacrum, cortical",71.46974118457116,80.24045854089545,12.27193104515915
ICRP145,Female,Organ,5400,"Sacrum, spongiosa",137.91484250974412,154.83968447428938,12.271951050772126
ICRP145,Female,Organ,5500,"Sternum, cortical",1.5010860186318231,1.6852962481330669,12.271797033266866
ICRP145,Female,Organ,5600,"Sternum, spongiosa",45.73445527247788,51.34696060100694,12.271940914329766
ICRP145,Female,Organ,5700,"Cartilage, costal",37.37271201076071,41.95907371777562,12.271953145103197
ICRP145,Female,Organ,5800,"Cartilage, discs",61.84904617170622,69.35056397215195,12.128752607792693
ICRP145,Female,Organ,6100,Brain,1276.255611476403,1349.5681134246909,5.744343162062833
ICRP145,Female,Organ,6200,"Breast, left, adipose tissue",147.12110663808974,153.6633058179418,4.446812105584223
ICRP145,Female,Organ,6300,"Breast, left, glandular tissue",91.28857509325019,102.4914601223685,12.271946426674633
ICRP145,Female,Organ,6400,"Breast, right, adipose tissue",147.17322653384187,153.66330353990477,4.4098217854662165
ICRP145,Female,Organ,6500,"Breast, right, glandular tissue",91.2885780331,102.49146139059859,12.271944200332028
ICRP145,Female,Organ,6600,"Eye lens, sensitive, left",0.03622300389933872,0.03888949784434238,7.361327493472576
ICRP145,Female,Organ,6601,"Eye lens, insensitive, left",0.17629263398513356,0.18927056714578558,7.361585601895551
ICRP145,Female,Organ,6700,"Cornea, left",1.0246947705434375,1.100128016004906,7.361533173577459
ICRP145,Female,Organ,6701,"Aqueous, left",0.28340749362487316,0.30427091258576344,7.361632783255103
ICRP145,Female,Organ,6702,"Vitreous, left",5.635845002719309,6.050738358097164,7.361688534331023
ICRP145,Female,Organ,6800," Eye lens, sensitive, right",0.03621758049926151,0.03888931586449868,7.376901848238167
ICRP145,Female,Organ,6801,"Eye lens, insensitive, right",0.17626844641168382,0.1892706620145763,7.376371589799538
ICRP145,Female,Organ,6900,"Cornea, right",1.0245552773956903,1.100123804647425,7.375739398251103
ICRP145,Female,Organ,6901,"Aqueous, right",0.28336883702869314,0.30427082089625307,7.376246480287262
ICRP145,Female,Organ,6902,"Vitreous, right",5.635086860502781,6.050740749821898,7.376175374198772
ICRP145,Female,Organ,7000,Gallbladder wall,7.304689191881326,8.20111842803206,12.271969588344103
ICRP145,Female,Organ,7100,Gallbladder contents,42.75333087110025,47.999998457865,12.271950465294172
ICRP145,Female,Organ,7200,"Stomach wall, 0~60 um",1.3903497243940606,1.5609641746161826,12.271333408324939
ICRP145,Female,Organ,7201,"Stomach wall, 60~100 um",0.9296354936216783,1.0437299846490133,12.273035163797932
ICRP145,Female,Organ,7202,"Stomach wall, 100~300 um",4.681649456937874,5.256181108004264,12.27199209062896
ICRP145,Female,Organ,7203,"Stomach wall, 300 um~surface",146.9752972840381,165.01201243313082,12.27193649708069
ICRP145,Female,Organ,7300,Stomach contents,204.8597209351243,230.00000055208108,12.27194858130178
ICRP145,Female,Organ,7400,"Small intestine wall, 0~130 um",10.992268087188622,12.341227725691624,12.271895370485016
ICRP145,Female,Organ,7401,"Small intestine wall, 130~150 um",1.7115965627327447,1.9216446127782374,12.272053743209717
ICRP145,Female,Organ,7402,"Small intestine wall, 150~200 um",4.302960740628387,4.831023157744231,12.27207146302544
ICRP145,Female,Organ,7403,"Small intestine wall, 200 um~surface",656.1363144167585,736.6617235837316,12.272664596921807
ICRP145,Female,Organ,7500,"Small intestine contents, -500~0 um",40.283164827756245,45.22669118586805,12.271941341375376
ICRP145,Female,Organ,7501,"Small intestine contents, centre~500 um",209.11127664246104,234.7733080654419,12.271950052152318
ICRP145,Female,Organ,7600,"Ascending colon wall, 0~280 um",3.96435796686349,4.450855099029285,12.271776066445902
ICRP145,Female,Organ,7601,"Ascending colon wall, 280~300 um",0.28670851767912137,0.3218907157540255,12.27106831694459
ICRP145,Female,Organ,7602,"Ascending colon wall, 300 um~surface",96.0026078759689,107.78398959137203,12.271939248383907
ICRP145,Female,Organ,7700,Ascending colon contents,89.07567787195607,100.007003512098,12.271953356173626
ICRP145,Female,Organ,7800,"Transverse colon wall, right, 0~280 um",3.2778987229707193,3.680164607595078,12.272065692737142
ICRP145,Female,Organ,7801,"Transverse colon wall, right, 280~300 um",0.23720362434207826,0.2663179478089344,12.273979180381135
ICRP145,Female,Organ,7802,"Transverse colon wall, right, 300 um~surface",57.759258267056126,64.84744016411602,12.271940654582037
ICRP145,Female,Organ,7900,"Transverse colon contents, right",53.43720966141019,59.99499313122701,12.271942175439856
ICRP145,Female,Organ,8000,"Transverse colon wall, left, 0~280 um",1.955932294456287,2.19596582237084,12.272077545571587
ICRP145,Female,Organ,8001,"Transverse colon wall, left, 280~300 um",0.14251325535407672,0.15999633101293467,12.26768388345417
ICRP145,Female,Organ,8002,"Transverse colon wall, left, 300 um~surface",59.16702656050499,66.42798484035693,12.271967516276622
ICRP145,Female,Organ,8100,"Transverse colon contents, left",26.725288710014933,30.005001295696456,12.271944454064947
ICRP145,Female,Organ,8200,"Descending colon wall, 0~280 um",2.690583817598887,3.0207753270631508,12.272113855160665
ICRP145,Female,Organ,8201,"Descending colon wall, 280~300 um",0.19554502971440993,0.2195368712725592,12.269215736748167
ICRP145,Female,Organ,8202,"Descending colon wall, 300 um~surface",97.37107604600283,109.32041137607101,12.271955713442804
ICRP145,Female,Organ,8300,Descending colon contents,44.53739168279195,50.00299462946273,12.271942159519277
ICRP145,Female,Organ,8400,"Sigmoid colon wall, 0~280 um",3.760559858738921,4.222046558248752,12.271755186595735
ICRP145,Female,Organ,8401,"Sigmoid colon wall, 280~300 um",0.2724839487321792,0.30592692673032784,12.273375424039862
ICRP145,Female,Organ,8402,"Sigmoid colon wall, 300 um~surface",46.10085161985466,51.76085912945222,12.277446751460698
ICRP145,Female,Organ,8500,Sigmoid colon contents,71.24931336214216,79.99299660652235,12.27195439756489
ICRP145,Female,Organ,8600,Rectum wall,27.849953681452988,31.267694633344526,12.2719807400169
ICRP145,Female,Organ,8700,Heart wall,259.09406587698584,290.8899694672094,12.271953617540522
ICRP145,Female,Organ,8800,Blood in heart chamber,329.55695619518747,370.00000596744076,12.271945413981792
ICRP145,Female,Organ,8900,"Kidney, left, cortex",132.7946008488992,149.09108200689556,12.271945586507222
ICRP145,Female,Organ,9000,"Kidney, left, medulla",33.34864965330282,37.44117632849867,12.271941196247292
ICRP145,Female,Organ,9100,"Kidney, left, pelvis",6.675083180733894,7.4942480159186475,12.27197943463964
ICRP145,Female,Organ,9200,"Kidney, right, cortex",111.46747823643939,125.14670252811037,12.271942012230035
ICRP145,Female,Organ,9300,"Kidney, right, medulla",28.00323397048926,31.43977765770199,12.271952913846572
ICRP145,Female,Organ,9400,"Kidney, right, pelvis",5.604213010212043,6.291959956334409,12.271962983368901
ICRP145,Female,Organ,9500,Liver,1612.1569298984964,1810.0000020049406,12.271948743780214
ICRP145,Female,Organ,9700,"Lung (AI), left",380.55422201082007,427.25563496882774,12.271947138371212
ICRP145,Female,Organ,9900,"Lung (AI), right",465.4036237031395,522.517709631839,12.27194697674509
ICRP145,Female,Organ,10000,"Lymphatic nodes, ET",11.730053672539896,12.695470454476366,8.230284437628066
ICRP145,Female,Organ,10100,"Lymphatic nodes, thoracic",11.307762833683439,12.695442566577848,12.271921097962927
ICRP145,Female,Organ,10200,"Lymphatic nodes, head",3.978355764715066,4.385693183837502,10.23883843509431
ICRP145,Female,Organ,10300,"Lymphatic nodes, trunk",92.06307636380377,103.64093316666346,12.57600469172647
ICRP145,Female,Organ,10400,"Lymphatic nodes, arms",7.81268855787673,8.771456480243959,12.27193321818264
ICRP145,Female,Organ,10500,"Lymphatic nodes, legs",7.658550766013324,8.771395775782777,14.530751884651238
ICRP145,Female,Organ,10600,"Muscle, head",15824.543639820877,445.02162805060715,-97.18777591202848
ICRP145,Female,Organ,10700,"Muscle, trunk",0.0,8324.972880760226,
ICRP145,Female,Organ,10800,"Muscle, arms",0.0,1479.7238644790418,
ICRP145,Female,Organ,10900,"Muscle, legs",0.0,7676.719926990449,
ICRP145,Female,Organ,11000,"Oesophagus wall, 0~190 um",1.667856331315392,1.8710181531669328,12.18101451767807
ICRP145,Female,Organ,11001,"Oesophagus wall, 190~200 um",0.08969558132206938,0.10061746876350214,12.176617042277257
ICRP145,Female,Organ,11002,"Oesophagus wall, 200 um~surface",36.763729584406356,41.24658622120165,12.19369385933232
ICRP145,Female,Organ,11003,Oesophagus contents,18.93034878285749,21.240003752626492,12.200805152943232
ICRP145,Female,Organ,11100,"Ovary, left",5.62764938985794,6.3182720948228885,12.271956853061567
ICRP145,Female,Organ,11200,"Ovary, right",5.627653310417494,6.3182755885017565,12.271940718271217
ICRP145,Female,Organ,11300,Pancreas,128.75133062298374,144.5516199997302,12.271942589093452
ICRP145,Female,Organ,11400,Pituitary gland,0.5736272725586633,0.6150875891179538,7.22774500841929
ICRP145,Female,Organ,11600,"RST, head",22170.762514499675,844.5432189000495,-96.19073444881421
ICRP145,Female,Organ,11700,"RST, trunk",0.0,11513.36291310824,
ICRP145,Female,Organ,11800,"RST, arms",0.0,2171.5878294689733,
ICRP145,Female,Organ,11900,"RST, legs",0.0,7795.947644148337,
ICRP145,Female,Organ,12000,"Salivary glands, left",33.00490738942372,35.87984162388322,8.710626576036878
ICRP145,Female,Organ,12100,"Salivary glands, right",33.018562922338575,35.87987861730591,8.665779009514454
ICRP145,Female,Organ,12200,"Skin, head, insensitive",2159.529472474827,155.58207837894597,-92.79555660795644
ICRP145,Female,Organ,12201,"Skin, head, sensitive, 50~100 um",82.17758190275877,6.324483800426981,-92.30388184467296
ICRP145,Female,Organ,12300,"Skin, trunk, insensitive",0.0,871.6032649399771,
ICRP145,Female,Organ,12301,"Skin, trunk, sensitive, 50~100 um",0.0,32.36827260895312,
ICRP145,Female,Organ,12400,"Skin, arms, insensitive",0.0,380.90539435902497,
ICRP145,Female,Organ,12401,"Skin, arms, sensitive, 50~100 um",0.0,15.59845875365075,
ICRP145,Female,Organ,12500,"Skin, legs, insensitive",0.0,924.5843396886984,
ICRP145,Female,Organ,12501,"Skin, legs, sensitive, 50~100 um",0.0,35.024629396508274,
ICRP145,Female,Organ,12600,Spinal cord,17.139528814037053,19.098306243806675,11.428420530238897
ICRP145,Female,Organ,12700,Spleen,166.9161382670743,187.3999945542682,12.271944762116824
ICRP145,Female,Organ,12800,Teeth,37.2253814068201,40.562396536883504,8.964354437620425
ICRP145,Female,Organ,12801,"Teeth, retention region",0.03312339058900195,0.03608964951674797,8.955179029078383
ICRP145,Female,Organ,13100,Thymus,18.2617220785338,20.502791314985984,12.271949090094326
ICRP145,Female,Organ,13200,Thyroid,17.328734464969504,19.45530683430379,12.27194272976604
ICRP145,Female,Organ,13300,"Tongue, upper (food)",19.30798905086368,20.995189084859266,8.738351930648708
ICRP145,Female,Organ,13301,"Tongue, lower",36.98845524675037,40.415330256264795,9.264715129771457
ICRP145,Female,Organ,13400,Tonsils,2.8321214487124466,3.0754149243094386,8.590502914611918
ICRP145,Female,Organ,13500,"Ureter, left",6.848147406219677,7.688548223295017,12.271944034266323
ICRP145,Female,Organ,13600,"Ureter, right",6.848148078288194,7.688548546825454,12.271937740390278
ICRP145,Female,Organ,13700,"Urinary bladder wall, insensitive",34.33226627317216,39.45905292020476,14.93285239675181
ICRP145,Female,Organ,13701,"Urinary bladder wall, sensitive, 118/116~193/185 um",2.012106842758913,1.3454738559917723,-33.13109287243826
ICRP145,Female,Organ,13800,Urinary bladder contents,178.1388863622707,199.99999842261852,12.271948313345876
ICRP145,Female,Organ,13900,Uterus,73.03085942050788,81.99316851617225,12.271948004965761
ICRP145,Female,Organ,14000,Air inside body,0.03280972068539056,0.03600626171428052,9.742664558291448
ICRP145_Resized,Male,Height,,,165.0,165.0,0.0
ICRP145_Resized,Male,Total Body Mass,,,64305.65943986049,64305.65943986049,0.0
ICRP145_Resized,Male,Organ,100,"Adrenal, left",7.682875779483626,7.682875779483626,0.0
ICRP145_Resized,Male,Organ,200,"Adrenal, right",7.682878120561571,7.682878120561571,0.0
ICRP145_Resized,Male,Organ,300,"ET1, 0~8 um",0.020909350507041794,0.020909350507041794,0.0
ICRP145_Resized,Male,Organ,301,"ET1, 8~40 um",0.08390790617048587,0.08390790617048587,0.0
ICRP145_Resized,Male,Organ,302,"ET1, 40~50 um",0.026311444646383204,0.026311444646383204,0.0
ICRP145_Resized,Male,Organ,303,"ET1, 50 um~surface",10.590084637630946,10.590084637630946,0.0
ICRP145_Resized,Male,Organ,400,"ET2, -15~0 um",0.13026326375295708,0.13026326375295708,0.0
ICRP145_Resized,Male,Organ,401,"ET2, 0~40 um",0.35961655400283893,0.35961655400283893,0.0
ICRP145_Resized,Male,Organ,402,"ET2, 40~50 um",0.0902278602647502,0.0902278602647502,0.0
ICRP145_Resized,Male,Organ,403,"ET2, 50~55 um",0.045177739814410006,0.045177739814410006,0.0
ICRP145_Resized,Male,Organ,404,"ET2, 55~65 um",0.09045939511482488,0.09045939511482488,0.0
ICRP145_Resized,Male,Organ,405,"ET2, 65 um~surface",26.65721265489982,26.65721265489982,0.0
ICRP145_Resized,Male,Organ,500,"Oral mucosa, tongue",0.07928266440780482,0.07928266440780482,0.0
ICRP145_Resized,Male,Organ,501,"Oral mucosa, mouth floor",0.021848301208725867,0.021848301208725867,0.0
ICRP145_Resized,Male,Organ,600,"Oral mucosa, lips, and cheeks",0.021373259965762476,0.021373259965762476,0.0
ICRP145_Resized,Male,Organ,700,Trachea,9.170181856473425,9.170181856473425,0.0
ICRP145_Resized,Male,Organ,800,"BB1, -11~-6 um",0.02226724751063029,0.02226724751063029,0.0
ICRP145_Resized,Male,Organ,801,"BB1, -6~0 um",0.027572477725654843,0.027572477725654843,0.0
ICRP145_Resized,Male,Organ,802,"BB1, 0~10 um",0.04602574961014392,0.04602574961014392,0.0
ICRP145_Resized,Male,Organ,803,"BB1, 10~35 um",0.11539195132946477,0.11539195132946477,0.0
ICRP145_Resized,Male,Organ,804,"BB1, 35~40 um",0.02314408795097901,0.02314408795097901,0.0
ICRP145_Resized,Male,Organ,805,"BB1, 40~50 um",0.04634119309153492,0.04634119309153492,0.0
ICRP145_Resized,Male,Organ,806,"BB1, 50~60 um",0.04641840943255409,0.04641840943255409,0.0
ICRP145_Resized,Male,Organ,807,"BB1, 60~70 um",0.04650029902436529,0.04650029902436529,0.0
ICRP145_Resized,Male,Organ,808,"BB1, 70 um~surface",2.4569212237893963,2.4569212237893963,0.0
ICRP145_Resized,Male,Organ,900,"Blood in large arteries, head",296.0033216594926,296.0033216594926,0.0
ICRP145_Resized,Male,Organ,910,"Blood in large veins, head",888.5159014647871,888.5159014647871,0.0
ICRP145_Resized,Male,Organ,1300,"Humeri, upper, cortical",235.29476661760665,235.29476661760665,0.0
ICRP145_Resized,Male,Organ,1400,"Humeri, upper, spongiosa",128.91177570946775,128.91177570946775,0.0
ICRP145_Resized,Male,Organ,1500,"Humeri, upper, medullary cavity",63.391080113217384,63.391080113217384,0.0
ICRP145_Resized,Male,Organ,1700,"Humeri, lower, spongiosa",45.02954463198989,45.02954463198989,0.0
ICRP145_Resized,Male,Organ,1900,"Ulnae and radii, cortical",241.68181638925523,241.68181638925523,0.0
ICRP145_Resized,Male,Organ,2000,"Ulnae and radii, spongiosa",137.134046341523,137.134046341523,0.0
ICRP145_Resized,Male,Organ,2100,"Ulnae and radii, medullary cavity",20.34818660526051,20.34818660526051,0.0
ICRP145_Resized,Male,Organ,2200,"Wrists and hand bones, cortical",160.62490272893928,160.62490272893928,0.0
ICRP145_Resized,Male,Organ,2300,"Wrists and hand bones, spongiosa",105.23178826377375,105.23178826377375,0.0
ICRP145_Resized,Male,Organ,2400,"Clavicles, cortical",42.69533347934776,42.69533347934776,0.0
ICRP145_Resized,Male,Organ,2500,"Clavicles, spongiosa",39.86844525948271,39.86844525948271,0.0
ICRP145_Resized,Male,Organ,2600,"Cranium, cortical",541.3707962659504,541.3707962659504,0.0
ICRP145_Resized,Male,Organ,2700,"Cranium, spongiosa",363.80335920595917,363.80335920595917,0.0
ICRP145_Resized,Male,Organ,2800,"Femora, upper, cortical",487.3951669720985,487.3951669720985,0.0
ICRP145_Resized,Male,Organ,2900,"Femora, upper, spongiosa",360.85186834463804,360.85186834463804,0.0
ICRP145_Resized,Male,Organ,3000,"Femora, upper, medullary cavity",93.49327646113062,93.49327646113062,0.0
ICRP145_Resized,Male,Organ,3200,"Femora, lower, spongiosa",327.3572014550552,327.3572014550552,0.0
ICRP145_Resized,Male,Organ,3400,"Tibiae, fibulae, and patellae, cortical",480.0635258030162,480.0635258030162,0.0
ICRP145_Resized,Male,Organ,3500,"Tibiae, fibulae, and patellae, spongiosa",554.2725801541859,554.2725801541859,0.0
ICRP145_Resized,Male,Organ,3600,"Tibiae, fibulae, and patellae, medullary cavity",71.68065405430674,71.68065405430674,0.0
ICRP145_Resized,Male,Organ,3700,"Ankles and foot, cortical",215.77270633149516,215.77270633149516,0.0
ICRP145_Resized,Male,Organ,3800,"Ankles and foot, spongiosa",397.2985551082131,397.2985551082131,0.0
ICRP145_Resized,Male,Organ,3900,"Mandible, cortical",70.8002734274618,70.8002734274618,0.0
ICRP145_Resized,Male,Organ,4000,"Mandible, spongiosa",51.72404968052495,51.72404968052495,0.0
ICRP145_Resized,Male,Organ,4100,"Pelvis, cortical",356.2335838252123,356.2335838252123,0.0
ICRP145_Resized,Male,Organ,4200,"Pelvis, spongiosa",548.3128975400481,548.3128975400481,0.0
ICRP145_Resized,Male,Organ,4300,"Ribs, cortical",326.32447763907794,326.32447763907794,0.0
ICRP145_Resized,Male,Organ,4400,"Ribs, spongiosa",404.68463141300094,404.68463141300094,0.0
ICRP145_Resized,Male,Organ,4500,"Scapulae, cortical",197.61506129097148,197.61506129097148,0.0
ICRP145_Resized,Male,Organ,4600,"Scapulae, spongiosa",138.62878471380378,138.62878471380378,0.0
ICRP145_Resized,Male,Organ,4700,"Cervical spine, cortical",94.26003323696276,94.26003323696276,0.0
ICRP145_Resized,Male,Organ,4800,"Cervical spine, spongiosa",71.64944321022621,71.64944321022621,0.0
ICRP145_Resized,Male,Organ,4900,"Thoracic spine, cortical",256.1094369849593,256.1094369849593,0.0
ICRP145_Resized,Male,Organ,5000,"Thoracic spine, spongiosa",305.4675451869742,305.4675451869742,0.0
ICRP145_Resized,Male,Organ,5100,"Lumbar spine, cortical",166.39270912774688,166.39270912774688,0.0
ICRP145_Resized,Male,Organ,5200,"Lumbar spine, spongiosa",258.00678132789494,258.00678132789494,0.0
ICRP145_Resized,Male,Organ,5300,"Sacrum, cortical",97.61628632864999,97.61628632864999,0.0
ICRP145_Resized,Male,Organ,5400,"Sacrum, spongiosa",170.08831814327232,170.08831814327232,0.0
ICRP145_Resized,Male,Organ,5500,"Sternum, cortical",8.840057695424361,8.840057695424361,0.0
ICRP145_Resized,Male,Organ,5600,"Sternum, spongiosa",54.347215370600956,54.347215370600956,0.0
ICRP145_Resized,Male,Organ,5700,"Cartilage, costal",49.84457899682184,49.84457899682184,0.0
ICRP145_Resized,Male,Organ,5800,"Cartilage, discs",72.69653626942004,72.69653626942004,0.0
ICRP145_Resized,Male,Organ,6100,Brain,1449.5416681878035,1449.5416681878035,0.0
ICRP145_Resized,Male,Organ,6200,"Breast, left, adipose tissue",6.887520596157155,6.887520596157155,0.0
ICRP145_Resized,Male,Organ,6300,"Breast, left, glandular tissue",4.58361301966038,4.58361301966038,0.0
ICRP145_Resized,Male,Organ,6400,"Breast, right, adipose tissue",6.8876813723224775,6.8876813723224775,0.0
ICRP145_Resized,Male,Organ,6500,"Breast, right, glandular tissue",4.5836158899336334,4.5836158899336334,0.0
ICRP145_Resized,Male,Organ,6600,"Eye lens, sensitive, left",0.03680979279049414,0.03680979279049414,0.0
ICRP145_Resized,Male,Organ,6601,"Eye lens, insensitive, left",0.1791486631111861,0.1791486631111861,0.0
ICRP145_Resized,Male,Organ,6700,"Cornea, left",1.0537438479808336,1.0537438479808336,0.0
ICRP145_Resized,Male,Organ,6701,"Aqueous, left",0.29112342046870215,0.29112342046870215,0.0
ICRP145_Resized,Male,Organ,6702,"Vitreous, left",5.794604492806679,5.794604492806679,0.0
ICRP145_Resized,Male,Organ,6800," Eye lens, sensitive, right",0.03680698058432186,0.03680698058432186,0.0
ICRP145_Resized,Male,Organ,6801,"Eye lens, insensitive, right",0.17913565194247869,0.17913565194247869,0.0
ICRP145_Resized,Male,Organ,6900,"Cornea, right",1.0536726574554003,1.0536726574554003,0.0
ICRP145_Resized,Male,Organ,6901,"Aqueous, right",0.291101379788252,0.291101379788252,0.0
ICRP145_Resized,Male,Organ,6902,"Vitreous, right",5.794182114052224,5.794182114052224,0.0
ICRP145_Resized,Male,Organ,7000,Gallbladder wall,9.170194617739174,9.170194617739174,0.0
ICRP145_Resized,Male,Organ,7100,Gallbladder contents,51.32096333957828,51.32096333957828,0.0
ICRP145_Resized,Male,Organ,7200,"Stomach wall, 0~60 um",1.5783397512891135,1.5783397512891135,0.0
ICRP145_Resized,Male,Organ,7201,"Stomach wall, 60~100 um",1.0554677357504934,1.0554677357504934,0.0
ICRP145_Resized,Male,Organ,7202,"Stomach wall, 100~300 um",5.316153008996211,5.316153008996211,0.0
ICRP145_Resized,Male,Organ,7203,"Stomach wall, 300 um~surface",163.94935869274315,163.94935869274315,0.0
ICRP145_Resized,Male,Organ,7300,Stomach contents,221.21106612227774,221.21106612227774,0.0
ICRP145_Resized,Male,Organ,7400,"Small intestine wall, 0~130 um",12.872085357855925,12.872085357855925,0.0
ICRP145_Resized,Male,Organ,7401,"Small intestine wall, 130~150 um",2.0036706624923166,2.0036706624923166,0.0
ICRP145_Resized,Male,Organ,7402,"Small intestine wall, 150~200 um",5.036403647864871,5.036403647864871,0.0
ICRP145_Resized,Male,Organ,7403,"Small intestine wall, 200 um~surface",743.354511625898,743.354511625898,0.0
ICRP145_Resized,Male,Organ,7500,"Small intestine contents, -500~0 um",47.195284785259176,47.195284785259176,0.0
ICRP145_Resized,Male,Organ,7501,"Small intestine contents, centre~500 um",262.500239289284,262.500239289284,0.0
ICRP145_Resized,Male,Organ,7600,"Ascending colon wall, 0~280 um",2.717759467574717,2.717759467574717,0.0
ICRP145_Resized,Male,Organ,7601,"Ascending colon wall, 280~300 um",0.19762534145968602,0.19762534145968602,0.0
ICRP145_Resized,Male,Organ,7602,"Ascending colon wall, 300 um~surface",103.20309308099779,103.20309308099779,0.0
ICRP145_Resized,Male,Organ,7700,Ascending colon contents,48.666438299449524,48.666438299449524,0.0
ICRP145_Resized,Male,Organ,7800,"Transverse colon wall, right, 0~280 um",3.5329115914967946,3.5329115914967946,0.0
ICRP145_Resized,Male,Organ,7801,"Transverse colon wall, right, 280~300 um",0.255381264823509,0.255381264823509,0.0
ICRP145_Resized,Male,Organ,7802,"Transverse colon wall, right, 300 um~surface",66.95736021382255,66.95736021382255,0.0
ICRP145_Resized,Male,Organ,7900,"Transverse colon contents, right",84.06022207292696,84.06022207292696,0.0
ICRP145_Resized,Male,Organ,8000,"Transverse colon wall, left, 0~280 um",2.498509363501947,2.498509363501947,0.0
ICRP145_Resized,Male,Organ,8001,"Transverse colon wall, left, 280~300 um",0.18136970954333712,0.18136970954333712,0.0
ICRP145_Resized,Male,Organ,8002,"Transverse colon wall, left, 300 um~surface",68.0657945148379,68.0657945148379,0.0
ICRP145_Resized,Male,Organ,8100,"Transverse colon contents, left",35.39376875088367,35.39376875088367,0.0
ICRP145_Resized,Male,Organ,8200,"Descending colon wall, 0~280 um",2.459366966458215,2.459366966458215,0.0
ICRP145_Resized,Male,Organ,8201,"Descending colon wall, 280~300 um",0.1799082871294559,0.1799082871294559,0.0
ICRP145_Resized,Male,Organ,8202,"Descending colon wall, 300 um~surface",103.47920490383099,103.47920490383099,0.0
ICRP145_Resized,Male,Organ,8300,Descending colon contents,30.969562053571494,30.969562053571494,0.0
ICRP145_Resized,Male,Organ,8400,"Sigmoid colon wall, 0~280 um",3.9383921869764693,3.9383921869764693,0.0
ICRP145_Resized,Male,Organ,8401,"Sigmoid colon wall, 280~300 um",0.28629542838656874,0.28629542838656874,0.0
ICRP145_Resized,Male,Organ,8402,"Sigmoid colon wall, 300 um~surface",42.937215701710805,42.937215701710805,0.0
ICRP145_Resized,Male,Organ,8500,Sigmoid colon contents,66.36332399929212,66.36332399929212,0.0
ICRP145_Resized,Male,Organ,8600,Rectum wall,35.372822991304204,35.372822991304204,0.0
ICRP145_Resized,Male,Organ,8700,Heart wall,341.40731112772846,341.40731112772846,0.0
ICRP145_Resized,Male,Organ,8800,Blood in heart chamber,451.2706250433623,451.2706250433623,0.0
ICRP145_Resized,Male,Organ,8900,"Kidney, left, cortex",143.6442636351903,143.6442636351903,0.0
ICRP145_Resized,Male,Organ,9000,"Kidney, left, medulla",33.94199459608314,33.94199459608314,0.0
ICRP145_Resized,Male,Organ,9100,"Kidney, left, pelvis",6.770647506720763,6.770647506720763,0.0
ICRP145_Resized,Male,Organ,9200,"Kidney, right, cortex",147.36370239894558,147.36370239894558,0.0
ICRP145_Resized,Male,Organ,9300,"Kidney, right, medulla",34.82936822852215,34.82936822852215,0.0
ICRP145_Resized,Male,Organ,9400,"Kidney, right, pelvis",6.9836222854053345,6.9836222854053345,0.0
ICRP145_Resized,Male,Organ,9500,Liver,2088.232684650478,2088.232684650478,0.0
ICRP145_Resized,Male,Organ,9700,"Lung (AI), left",483.01607760957955,483.01607760957955,0.0
ICRP145_Resized,Male,Organ,9900,"Lung (AI), right",577.6807739263216,577.6807739263216,0.0
ICRP145_Resized,Male,Organ,10000,"Lymphatic nodes, ET",14.81599759293954,14.81599759293954,0.0
ICRP145_Resized,Male,Organ,10100,"Lymphatic nodes, thoracic",14.112556659780322,14.112556659780322,0.0
ICRP145_Resized,Male,Organ,10200,"Lymphatic nodes, head",4.952650682455826,4.952650682455826,0.0
ICRP145_Resized,Male,Organ,10300,"Lymphatic nodes, trunk",114.92650386344735,114.92650386344735,0.0
ICRP145_Resized,Male,Organ,10400,"Lymphatic nodes, arms",9.7503628114126,9.7503628114126,0.0
ICRP145_Resized,Male,Organ,10500,"Lymphatic nodes, legs",9.691440718205955,9.691440718205955,0.0
ICRP145_Resized,Male,Organ,10600,"Muscle, head",26267.36323333447,26267.36323333447,0.0
ICRP145_Resized,Male,Organ,11000,"Oesophagus wall, 0~190 um",1.6984718218537311,1.6984718218537311,0.0
ICRP145_Resized,Male,Organ,11001,"Oesophagus wall, 190~200 um",0.09120915065870157,0.09120915065870157,0.0
ICRP145_Resized,Male,Organ,11002,"Oesophagus wall, 200 um~surface",44.060642942923664,44.060642942923664,0.0
ICRP145_Resized,Male,Organ,11003,Oesophagus contents,20.236553297537302,20.236553297537302,0.0
ICRP145_Resized,Male,Organ,11300,Pancreas,153.6366754934898,153.6366754934898,0.0
ICRP145_Resized,Male,Organ,11400,Pituitary gland,0.587518741194832,0.587518741194832,0.0
ICRP145_Resized,Male,Organ,11500,Prostate,15.589316664667244,15.589316664667244,0.0
ICRP145_Resized,Male,Organ,11600,"RST, head",15614.359488339216,15614.359488339216,0.0
ICRP145_Resized,Male,Organ,12000,"Salivary glands, left",40.6795975451566,40.6795975451566,0.0
ICRP145_Resized,Male,Organ,12100,"Salivary glands, right",40.69732894251032,40.69732894251032,0.0
ICRP145_Resized,Male,Organ,12200,"Skin, head, insensitive",3082.768390973179,3082.768390973179,0.0
ICRP145_Resized,Male,Organ,12201,"Skin, head, sensitive, 50~100 um",93.69861922226112,93.69861922226112,0.0
ICRP145_Resized,Male,Organ,12600,Spinal cord,33.88678693897573,33.88678693897573,0.0
ICRP145_Resized,Male,Organ,12700,Spleen,202.09844362466902,202.09844362466902,0.0
ICRP145_Resized,Male,Organ,12800,Teeth,46.98507959500074,46.98507959500074,0.0
ICRP145_Resized,Male,Organ,12801,"Teeth, retention region",0.039954869530306754,0.039954869530306754,0.0
ICRP145_Resized,Male,Organ,12900,"Testis, left",15.886632618024978,15.886632618024978,0.0
ICRP145_Resized,Male,Organ,13000,"Testis, right",15.88868316630075,15.88868316630075,0.0
ICRP145_Resized,Male,Organ,13100,Thymus,22.925457109594,22.925457109594,0.0
ICRP145_Resized,Male,Organ,13200,Thyroid,20.661579089271694,20.661579089271694,0.0
ICRP145_Resized,Male,Organ,13300,"Tongue, upper (food)",19.470364063699463,19.470364063699463,0.0
ICRP145_Resized,Male,Organ,13301,"Tongue, lower",50.28212048099303,50.28212048099303,0.0
ICRP145_Resized,Male,Organ,13400,Tonsils,2.900397931324652,2.900397931324652,0.0
ICRP145_Resized,Male,Organ,13500,"Ureter, left",7.7946537683302655,7.7946537683302655,0.0
ICRP145_Resized,Male,Organ,13600,"Ureter, right",6.8776365210910235,6.8776365210910235,0.0
ICRP145_Resized,Male,Organ,13700,"Urinary bladder wall, insensitive",43.38224494218406,43.38224494218406,0.0
ICRP145_Resized,Male,Organ,13701,"Urinary bladder wall, sensitive, 118/116~193/185 um",1.8323037463906737,1.8323037463906737,0.0
ICRP145_Resized,Male,Organ,13800,Urinary bladder contents,176.9688705458481,176.9688705458481,0.0
ICRP145_Resized,Male,Organ,14000,Air inside body,0.12961389207378246,0.12961389207378246,0.0
ICRP145_Resized,Female,Height,,,150.0,150.0,0.0
ICRP145_Resized,Female,Total Body Mass,,,55830.456323601065,55830.456323601065,0.0
ICRP145_Resized,Female,Organ,100,"Adrenal, left",6.071448112350957,6.071448112350957,0.0
ICRP145_Resized,Female,Organ,200,"Adrenal, right",7.703218256794416,7.703218256794416,0.0
ICRP145_Resized,Female,Organ,300,"ET1, 0~8 um",0.007924529708712479,0.007924529708712479,0.0
ICRP145_Resized,Female,Organ,301,"ET1, 8~40 um",0.03196698688356106,0.03196698688356106,0.0
ICRP145_Resized,Female,Organ,302,"ET1, 40~50 um",0.010078703608281862,0.010078703608281862,0.0
ICRP145_Resized,Female,Organ,303,"ET1, 50 um~surface",4.045658953906863,4.045658953906863,0.0
ICRP145_Resized,Female,Organ,400,"ET2, -15~0 um",0.09587556171632611,0.09587556171632611,0.0
ICRP145_Resized,Female,Organ,401,"ET2, 0~40 um",0.26496143267256445,0.26496143267256445,0.0
ICRP145_Resized,Female,Organ,402,"ET2, 40~50 um",0.0665560994452484,0.0665560994452484,0.0
ICRP145_Resized,Female,Organ,403,"ET2, 50~55 um",0.03335057554905102,0.03335057554905102,0.0
ICRP145_Resized,Female,Organ,404,"ET2, 55~65 um",0.0667129771027223,0.0667129771027223,0.0
ICRP145_Resized,Female,Organ,405,"ET2, 65 um~surface",13.046614395885328,13.046614395885328,0.0
ICRP145_Resized,Female,Organ,500,"Oral mucosa, tongue",0.06047540426954316,0.06047540426954316,0.0
ICRP145_Resized,Female,Organ,501,"Oral mucosa, mouth floor",0.014827393268182634,0.014827393268182634,0.0
ICRP145_Resized,Female,Organ,600,"Oral mucosa, lips, and cheeks",0.01727768864507327,0.01727768864507327,0.0
ICRP145_Resized,Female,Organ,700,Trachea,7.310630166206021,7.310630166206021,0.0
ICRP145_Resized,Female,Organ,800,"BB1, -11~-6 um",0.009115993927556278,0.009115993927556278,0.0
ICRP145_Resized,Female,Organ,801,"BB1, -6~0 um",0.01125210033731858,0.01125210033731858,0.0
ICRP145_Resized,Female,Organ,802,"BB1, 0~10 um",0.01879631350912945,0.01879631350912945,0.0
ICRP145_Resized,Female,Organ,803,"BB1, 10~35 um",0.04723245132635067,0.04723245132635067,0.0
ICRP145_Resized,Female,Organ,804,"BB1, 35~40 um",0.009483620598232472,0.009483620598232472,0.0
ICRP145_Resized,Female,Organ,805,"BB1, 40~50 um",0.01901574022419252,0.01901574022419252,0.0
ICRP145_Resized,Female,Organ,806,"BB1, 50~60 um",0.019069118517038002,0.019069118517038002,0.0
ICRP145_Resized,Female,Organ,807,"BB1, 60~70 um",0.019123297723818527,0.019123297723818527,0.0
ICRP145_Resized,Female,Organ,808,"BB1, 70 um~surface",1.0501364795827444,1.0501364795827444,0.0
ICRP145_Resized,Female,Organ,900,"Blood in large arteries, head",217.5471266518745,217.5471266518745,0.0
ICRP145_Resized,Female,Organ,910,"Blood in large veins, head",652.5937774776165,652.5937774776165,0.0
ICRP145_Resized,Female,Organ,1300,"Humeri, upper, cortical",193.24730062085052,193.24730062085052,0.0
ICRP145_Resized,Female,Organ,1400,"Humeri, upper, spongiosa",95.94336760544012,95.94336760544012,0.0
ICRP145_Resized,Female,Organ,1500,"Humeri, upper, medullary cavity",36.526539479581984,36.526539479581984,0.0
ICRP145_Resized,Female,Organ,1700,"Humeri, lower, spongiosa",44.769956985398146,44.769956985398146,0.0
ICRP145_Resized,Female,Organ,1900,"Ulnae and radii, cortical",139.57919439424796,139.57919439424796,0.0
ICRP145_Resized,Female,Organ,2000,"Ulnae and radii, spongiosa",77.38599722080703,77.38599722080703,0.0
ICRP145_Resized,Female,Organ,2100,"Ulnae and radii, medullary cavity",30.3443563001217,30.3443563001217,0.0
ICRP145_Resized,Female,Organ,2200,"Wrists and hand bones, cortical",93.64006536917407,93.64006536917407,0.0
ICRP145_Resized,Female,Organ,2300,"Wrists and hand bones, spongiosa",61.77877050186059,61.77877050186059,0.0
ICRP145_Resized,Female,Organ,2400,"Clavicles, cortical",29.262017967304722,29.262017967304722,0.0
ICRP145_Resized,Female,Organ,2500,"Clavicles, spongiosa",34.580868456351084,34.580868456351084,0.0
ICRP145_Resized,Female,Organ,2600,"Cranium, cortical",385.5631665799589,385.5631665799589,0.0
ICRP145_Resized,Female,Organ,2700,"Cranium, spongiosa",368.92548590690365,368.92548590690365,0.0
ICRP145_Resized,Female,Organ,2800,"Femora, upper, cortical",412.0076762886126,412.0076762886126,0.0
ICRP145_Resized,Female,Organ,2900,"Femora, upper, spongiosa",205.1783646869525,205.1783646869525,0.0
ICRP145_Resized,Female,Organ,3000,"Femora, upper, medullary cavity",81.16596116594185,81.16596116594185,0.0
ICRP145_Resized,Female,Organ,3200,"Femora, lower, spongiosa",144.4334560562011,144.4334560562011,0.0
ICRP145_Resized,Female,Organ,3400,"Tibiae, fibulae, and patellae, cortical",493.9394014058951,493.9394014058951,0.0
ICRP145_Resized,Female,Organ,3500,"Tibiae, fibulae, and patellae, spongiosa",505.05497614149635,505.05497614149635,0.0
ICRP145_Resized,Female,Organ,3600,"Tibiae, fibulae, and patellae, medullary cavity",81.04754748706709,81.04754748706709,0.0
ICRP145_Resized,Female,Organ,3700,"Ankles and foot, cortical",166.22924931147367,166.22924931147367,0.0
ICRP145_Resized,Female,Organ,3800,"Ankles and foot, spongiosa",246.60655367397058,246.60655367397058,0.0
ICRP145_Resized,Female,Organ,3900,"Mandible, cortical",41.61903666337843,41.61903666337843,0.0
ICRP145_Resized,Female,Organ,4000,"Mandible, spongiosa",30.64089130675969,30.64089130675969,0.0
ICRP145_Resized,Female,Organ,4100,"Pelvis, cortical",233.77205355739343,233.77205355739343,0.0
ICRP145_Resized,Female,Organ,4200,"Pelvis, spongiosa",405.79911228028556,405.79911228028556,0.0
ICRP145_Resized,Female,Organ,4300,"Ribs, cortical",146.52705765494983,146.52705765494983,0.0
ICRP145_Resized,Female,Organ,4400,"Ribs, spongiosa",247.01172627310714,247.01172627310714,0.0
ICRP145_Resized,Female,Organ,4500,"Scapulae, cortical",108.38469129549162,108.38469129549162,0.0
ICRP145_Resized,Female,Organ,4600,"Scapulae, spongiosa",86.16200582785456,86.16200582785456,0.0
ICRP145_Resized,Female,Organ,4700,"Cervical spine, cortical",65.29128173114489,65.29128173114489,0.0
ICRP145_Resized,Female,Organ,4800,"Cervical spine, spongiosa",68.8796009356445,68.8796009356445,0.0
ICRP145_Resized,Female,Organ,4900,"Thoracic spine, cortical",183.32968132242632,183.32968132242632,0.0
ICRP145_Resized,Female,Organ,5000,"Thoracic spine, spongiosa",242.19362180268075,242.19362180268075,0.0
ICRP145_Resized,Female,Organ,5100,"Lumbar spine, cortical",139.1041497328945,139.1041497328945,0.0
ICRP145_Resized,Female,Organ,5200,"Lumbar spine, spongiosa",236.01226296756053,236.01226296756053,0.0
ICRP145_Resized,Female,Organ,5300,"Sacrum, cortical",71.46974118457116,71.46974118457116,0.0
ICRP145_Resized,Female,Organ,5400,"Sacrum, spongiosa",137.91484250974412,137.91484250974412,0.0
ICRP145_Resized,Female,Organ,5500,"Sternum, cortical",1.5010860186318231,1.5010860186318231,0.0
ICRP145_Resized,Female,Organ,5600,"Sternum, spongiosa",45.73445527247788,45.73445527247788,0.0
ICRP145_Resized,Female,Organ,5700,"Cartilage, costal",37.37271201076071,37.37271201076071,0.0
ICRP145_Resized,Female,Organ,5800,"Cartilage, discs",61.84904617170622,61.84904617170622,0.0
ICRP145_Resized,Female,Organ,6100,Brain,1276.255611476403,1276.255611476403,0.0
ICRP145_Resized,Female,Organ,6200,"Breast, left, adipose tissue",147.12110663808974,147.12110663808974,0.0
ICRP145_Resized,Female,Organ,6300,"Breast, left, glandular tissue",91.28857509325019,91.28857509325019,0.0
ICRP145_Resized,Female,Organ,6400,"Breast, right, adipose tissue",147.17322653384187,147.17322653384187,0.0
ICRP145_Resized,Female,Organ,6500,"Breast, right, glandular tissue",91.2885780331,91.2885780331,0.0
ICRP145_Resized,Female,Organ,6600,"Eye lens, sensitive, left",0.03622300389933872,0.03622300389933872,0.0
ICRP145_Resized,Female,Organ,6601,"Eye lens, insensitive, left",0.17629263398513356,0.17629263398513356,0.0
ICRP145_Resized,Female,Organ,6700,"Cornea, left",1.0246947705434375,1.0246947705434375,0.0
ICRP145_Resized,Female,Organ,6701,"Aqueous, left",0.28340749362487316,0.28340749362487316,0.0
ICRP145_Resized,Female,Organ,6702,"Vitreous, left",5.635845002719309,5.635845002719309,0.0
ICRP145_Resized,Female,Organ,6800," Eye lens, sensitive, right",0.03621758049926151,0.03621758049926151,0.0
ICRP145_Resized,Female,Organ,6801,"Eye lens, insensitive, right",0.17626844641168382,0.17626844641168382,0.0
ICRP145_Resized,Female,Organ,6900,"Cornea, right",1.0245552773956903,1.0245552773956903,0.0
ICRP145_Resized,Female,Organ,6901,"Aqueous, right",0.28336883702869314,0.28336883702869314,0.0
ICRP145_Resized,Female,Organ,6902,"Vitreous, right",5.635086860502781,5.635086860502781,0.0
ICRP145_Resized,Female,Organ,7000,Gallbladder wall,7.304689191881326,7.304689191881326,0.0
ICRP145_Resized,Female,Organ,7100,Gallbladder contents,42.75333087110025,42.75333087110025,0.0
ICRP145_Resized,Female,Organ,7200,"Stomach wall, 0~60 um",1.3903497243940606,1.3903497243940606,0.0
ICRP145_Resized,Female,Organ,7201,"Stomach wall, 60~100 um",0.9296354936216783,0.9296354936216783,0.0
ICRP145_Resized,Female,Organ,7202,"Stomach wall, 100~300 um",4.681649456937874,4.681649456937874,0.0
ICRP145_Resized,Female,Organ,7203,"Stomach wall, 300 um~surface",146.9752972840381,146.9752972840381,0.0
ICRP145_Resized,Female,Organ,7300,Stomach contents,204.8597209351243,204.8597209351243,0.0
ICRP145_Resized,Female,Organ,7400,"Small intestine wall, 0~130 um",10.992268087188622,10.992268087188622,0.0
ICRP145_Resized,Female,Organ,7401,"Small intestine wall, 130~150 um",1.7115965627327447,1.7115965627327447,0.0
ICRP145_Resized,Female,Organ,7402,"Small intestine wall, 150~200 um",4.302960740628387,4.302960740628387,0.0
ICRP145_Resized,Female,Organ,7403,"Small intestine wall, 200 um~surface",656.1363144167585,656.1363144167585,0.0
ICRP145_Resized,Female,Organ,7500,"Small intestine contents, -500~0 um",40.283164827756245,40.283164827756245,0.0
ICRP145_Resized,Female,Organ,7501,"Small intestine contents, centre~500 um",209.11127664246104,209.11127664246104,0.0
ICRP145_Resized,Female,Organ,7600,"Ascending colon wall, 0~280 um",3.96435796686349,3.96435796686349,0.0
ICRP145_Resized,Female,Organ,7601,"Ascending colon wall, 280~300 um",0.28670851767912137,0.28670851767912137,0.0
ICRP145_Resized,Female,Organ,7602,"Ascending colon wall, 300 um~surface",96.0026078759689,96.0026078759689,0.0
ICRP145_Resized,Female,Organ,7700,Ascending colon contents,89.07567787195607,89.07567787195607,0.0
ICRP145_Resized,Female,Organ,7800,"Transverse colon wall, right, 0~280 um",3.2778987229707193,3.2778987229707193,0.0
ICRP145_Resized,Female,Organ,7801,"Transverse colon wall, right, 280~300 um",0.23720362434207826,0.23720362434207826,0.0
ICRP145_Resized,Female,Organ,7802,"Transverse colon wall, right, 300 um~surface",57.759258267056126,57.759258267056126,0.0
ICRP145_Resized,Female,Organ,7900,"Transverse colon contents, right",53.43720966141019,53.43720966141019,0.0
ICRP145_Resized,Female,Organ,8000,"Transverse colon wall, left, 0~280 um",1.955932294456287,1.955932294456287,0.0
ICRP145_Resized,Female,Organ,8001,"Transverse colon wall, left, 280~300 um",0.14251325535407672,0.14251325535407672,0.0
ICRP145_Resized,Female,Organ,8002,"Transverse colon wall, left, 300 um~surface",59.16702656050499,59.16702656050499,0.0
ICRP145_Resized,Female,Organ,8100,"Transverse colon contents, left",26.725288710014933,26.725288710014933,0.0
ICRP145_Resized,Female,Organ,8200,"Descending colon wall, 0~280 um",2.690583817598887,2.690583817598887,0.0
ICRP145_Resized,Female,Organ,8201,"Descending colon wall, 280~300 um",0.19554502971440993,0.19554502971440993,0.0
ICRP145_Resized,Female,Organ,8202,"Descending colon wall, 300 um~surface",97.37107604600283,97.37107604600283,0.0
ICRP145_Resized,Female,Organ,8300,Descending colon contents,44.53739168279195,44.53739168279195,0.0
ICRP145_Resized,Female,Organ,8400,"Sigmoid colon wall, 0~280 um",3.760559858738921,3.760559858738921,0.0
ICRP145_Resized,Female,Organ,8401,"Sigmoid colon wall, 280~300 um",0.2724839487321792,0.2724839487321792,0.0
ICRP145_Resized,Female,Organ,8402,"Sigmoid colon wall, 300 um~surface",46.10085161985466,46.10085161985466,0.0
ICRP145_Resized,Female,Organ,8500,Sigmoid colon contents,71.24931336214216,71.24931336214216,0.0
ICRP145_Resized,Female,Organ,8600,Rectum wall,27.849953681452988,27.849953681452988,0.0
ICRP145_Resized,Female,Organ,8700,Heart wall,259.09406587698584,259.09406587698584,0.0
ICRP145_Resized,Female,Organ,8800,Blood in heart chamber,329.55695619518747,329.55695619518747,0.0
ICRP145_Resized,Female,Organ,8900,"Kidney, left, cortex",132.7946008488992,132.7946008488992,0.0
ICRP145_Resized,Female,Organ,9000,"Kidney, left, medulla",33.34864965330282,33.34864965330282,0.0
ICRP145_Resized,Female,Organ,9100,"Kidney, left, pelvis",6.675083180733894,6.675083180733894,0.0
ICRP145_Resized,Female,Organ,9200,"Kidney, right, cortex",111.46747823643939,111.46747823643939,0.0
ICRP145_Resized,Female,Organ,9300,"Kidney, right, medulla",28.00323397048926,28.00323397048926,0.0
ICRP145_Resized,Female,Organ,9400,"Kidney, right, pelvis",5.604213010212043,5.604213010212043,0.0
ICRP145_Resized,Female,Organ,9500,Liver,1612.1569298984964,1612.1569298984964,0.0
ICRP145_Resized,Female,Organ,9700,"Lung (AI), left",380.55422201082007,380.55422201082007,0.0
ICRP145_Resized,Female,Organ,9900,"Lung (AI), right",465.4036237031395,465.4036237031395,0.0
ICRP145_Resized,Female,Organ,10000,"Lymphatic nodes, ET",11.730053672539896,11.730053672539896,0.0
ICRP145_Resized,Female,Organ,10100,"Lymphatic nodes, thoracic",11.307762833683439,11.307762833683439,0.0
ICRP145_Resized,Female,Organ,10200,"Lymphatic nodes, head",3.978355764715066,3.978355764715066,0.0
ICRP145_Resized,Female,Organ,10300,"Lymphatic nodes, trunk",92.06307636380377,92.06307636380377,0.0
ICRP145_Resized,Female,Organ,10400,"Lymphatic nodes, arms",7.81268855787673,7.81268855787673,0.0
ICRP145_Resized,Female,Organ,10500,"Lymphatic nodes, legs",7.658550766013324,7.658550766013324,0.0
ICRP145_Resized,Female,Organ,10600,"Muscle, head",15824.543639820877,15824.543639820877,0.0
ICRP145_Resized,Female,Organ,11000,"Oesophagus wall, 0~190 um",1.667856331315392,1.667856331315392,0.0
ICRP145_Resized,Female,Organ,11001,"Oesophagus wall, 190~200 um",0.08969558132206938,0.08969558132206938,0.0
ICRP145_Resized,Female,Organ,11002,"Oesophagus wall, 200 um~surface",36.763729584406356,36.763729584406356,0.0
ICRP145_Resized,Female,Organ,11003,Oesophagus contents,18.93034878285749,18.93034878285749,0.0
ICRP145_Resized,Female,Organ,11100,"Ovary, left",5.62764938985794,5.62764938985794,0.0
ICRP145_Resized,Female,Organ,11200,"Ovary, right",5.627653310417494,5.627653310417494,0.0
ICRP145_Resized,Female,Organ,11300,Pancreas,128.75133062298374,128.75133062298374,0.0
ICRP145_Resized,Female,Organ,11400,Pituitary gland,0.5736272725586633,0.5736272725586633,0.0
ICRP145_Resized,Female,Organ,11600,"RST, head",22170.762514499675,22170.762514499675,0.0
ICRP145_Resized,Female,Organ,12000,"Salivary glands, left",33.00490738942372,33.00490738942372,0.0
ICRP145_Resized,Female,Organ,12100,"Salivary glands, right",33.018562922338575,33.018562922338575,0.0
ICRP145_Resized,Female,Organ,12200,"Skin, head, insensitive",2159.529472474827,2159.529472474827,0.0
ICRP145_Resized,Female,Organ,12201,"Skin, head, sensitive, 50~100 um",82.17758190275877,82.17758190275877,0.0
ICRP145_Resized,Female,Organ,12600,Spinal cord,17.139528814037053,17.139528814037053,0.0
ICRP145_Resized,Female,Organ,12700,Spleen,166.9161382670743,166.9161382670743,0.0
ICRP145_Resized,Female,Organ,12800,Teeth,37.2253814068201,37.2253814068201,0.0
ICRP145_Resized,Female,Organ,12801,"Teeth, retention region",0.03312339058900195,0.03312339058900195,0.0
ICRP145_Resized,Female,Organ,13100,Thymus,18.2617220785338,18.2617220785338,0.0
ICRP145_Resized,Female,Organ,13200,Thyroid,17.328734464969504,17.328734464969504,0.0
ICRP145_Resized,Female,Organ,13300,"Tongue, upper (food)",19.30798905086368,19.30798905086368,0.0
ICRP145_Resized,Female,Organ,13301,"Tongue, lower",36.98845524675037,36.98845524675037,0.0
ICRP145_Resized,Female,Organ,13400,Tonsils,2.8321214487124466,2.8321214487124466,0.0
ICRP145_Resized,Female,Organ,13500,"Ureter, left",6.848147406219677,6.848147406219677,0.0
ICRP145_Resized,Female,Organ,13600,"Ureter, right",6.848148078288194,6.848148078288194,0.0
ICRP145_Resized,Female,Organ,13700,"Urinary bladder wall, insensitive",34.33226627317216,34.33226627317216,0.0
ICRP145_Resized,Female,Organ,13701,"Urinary bladder wall, sensitive, 118/116~193/185 um",2.012106842758913,2.012106842758913,0.0
ICRP145_Resized,Female,Organ,13800,Urinary bladder contents,178.1388863622707,178.1388863622707,0.0
ICRP145_Resized,Female,Organ,13900,Uterus,73.03085942050788,73.03085942050788,0.0
ICRP145_Resized,Female,Organ,14000,Air inside body,0.03280972068539056,0.03280972068539056,0.0
Filipino,Male,Height,,,165.0,163.349998,-1.0000012121212125
Filipino,Male,Total Body Mass,,,64305.65943986049,62913.48692506307,-2.1649300029329335
Filipino,Male,Organ,100,"Adrenal, left",7.682875779483626,7.339557366386806,-4.468618560951074
Filipino,Male,Organ,200,"Adrenal, right",7.682878120561571,7.339559914050722,-4.468614510388131
Filipino,Male,Organ,300,"ET1, 0~8 um",0.020909350507041794,0.02125042772631844,1.631218622318185
Filipino,Male,Organ,301,"ET1, 8~40 um",0.08390790617048587,0.08528914288194016,1.6461341660079878
Filipino,Male,Organ,302,"ET1, 40~50 um",0.026311444646383204,0.02674445354528913,1.645705527482123
Filipino,Male,Organ,303,"ET1, 50 um~surface",10.590084637630946,10.763909158401564,1.6413893440751848
Filipino,Male,Organ,400,"ET2, -15~0 um",0.13026326375295708,0.12638885250142964,-2.9742930891668835
Filipino,Male,Organ,401,"ET2, 0~40 um",0.35961655400283893,0.3655267692846555,1.6434769801419957
Filipino,Male,Organ,402,"ET2, 40~50 um",0.0902278602647502,0.09171705682984466,1.6504841860649198
Filipino,Male,Organ,403,"ET2, 50~55 um",0.045177739814410006,0.04591906397866724,1.640905825086849
Filipino,Male,Organ,404,"ET2, 55~65 um",0.09045939511482488,0.09194757000853794,1.6451302728965167
Filipino,Male,Organ,405,"ET2, 65 um~surface",26.65721265489982,27.09475870979821,1.641379616701847
Filipino,Male,Organ,500,"Oral mucosa, tongue",0.07928266440780482,0.07623877513173967,-3.83928731306046
Filipino,Male,Organ,501,"Oral mucosa, mouth floor",0.021848301208725867,0.020980664987055333,-3.9711839075342565
Filipino,Male,Organ,600,"Oral mucosa, lips, and cheeks",0.021373259965762476,0.020542670464576456,-3.886115185594191
Filipino,Male,Organ,700,Trachea,9.170181856473425,7.050574731750703,-23.11412312097657
Filipino,Male,Organ,800,"BB1, -11~-6 um",0.02226724751063029,0.0216049584538451,-2.974274465081567
Filipino,Male,Organ,801,"BB1, -6~0 um",0.027572477725654843,0.028024731262323622,1.640235386782011
Filipino,Male,Organ,802,"BB1, 0~10 um",0.04602574961014392,0.04678203018261107,1.6431683978493345
Filipino,Male,Organ,803,"BB1, 10~35 um",0.11539195132946477,0.11728434688655266,1.639971883034342
Filipino,Male,Organ,804,"BB1, 35~40 um",0.02314408795097901,0.02352524680371814,1.6468951100879547
Filipino,Male,Organ,805,"BB1, 40~50 um",0.04634119309153492,0.04710105031320131,1.6397014642361276
Filipino,Male,Organ,806,"BB1, 50~60 um",0.04641840943255409,0.04717976261567303,1.6401966211814767
Filipino,Male,Organ,807,"BB1, 60~70 um",0.04650029902436529,0.047263471588676005,1.6412207670123315
Filipino,Male,Organ,808,"BB1, 70 um~surface",2.4569212237893963,2.497251507932316,1.6414968356501483
Filipino,Male,Organ,900,"Blood in large arteries, head",296.0033216594926,287.2113698967393,-2.9702206426139726
Filipino,Male,Organ,910,"Blood in large veins, head",888.5159014647871,862.0404712643776,-2.9797362272034427
Filipino,Male,Organ,1300,"Humeri, upper, cortical",235.29476661760665,230.22484732919466,-2.154709754616626
Filipino,Male,Organ,1400,"Humeri, upper, spongiosa",128.91177570946775,115.95283941113479,-10.052562092961075
Filipino,Male,Organ,1500,"Humeri, upper, medullary cavity",63.391080113217384,61.508291806082404,-2.9701155174707434
Filipino,Male,Organ,1700,"Humeri, lower, spongiosa",45.02954463198989,44.99223282206611,-0.08286073116821756
Filipino,Male,Organ,1900,"Ulnae and radii, cortical",241.68181638925523,236.58221514946865,-2.110047547628949
Filipino,Male,Organ,2000,"Ulnae and radii, spongiosa",137.134046341523,128.1417179444475,-6.557327401162458
Filipino,Male,Organ,2100,"Ulnae and radii, medullary cavity",20.34818660526051,19.743827001122906,-2.9700907302538737
Filipino,Male,Organ,2200,"Wrists and hand bones, cortical",160.62490272893928,157.16388889420833,-2.154718089119433
Filipino,Male,Organ,2300,"Wrists and hand bones, spongiosa",105.23178826377375,107.63053936911585,2.279492865149641
Filipino,Male,Organ,2400,"Clavicles, cortical",42.69533347934776,41.77535452123023,-2.1547529510749395
Filipino,Male,Organ,2500,"Clavicles, spongiosa",39.86844525948271,36.778519175130796,-7.750304944778294
Filipino,Male,Organ,2600,"Cranium, cortical",541.3707962659504,529.705814552004,-2.154712037369661
Filipino,Male,Organ,2700,"Cranium, spongiosa",363.80335920595917,377.54120254518426,3.776172756955694
Filipino,Male,Organ,2800,"Femora, upper, cortical",487.3951669720985,476.8930839971037,-2.154736789910759
Filipino,Male,Organ,2900,"Femora, upper, spongiosa",360.85186834463804,365.69573183643763,1.3423412532184473
Filipino,Male,Organ,3000,"Femora, upper, medullary cavity",93.49327646113062,90.71643477443247,-2.9700977351591766
Filipino,Male,Organ,3200,"Femora, lower, spongiosa",327.3572014550552,317.3479720860003,-3.057586429919766
Filipino,Male,Organ,3400,"Tibiae, fibulae, and patellae, cortical",480.0635258030162,469.7195965884835,-2.1547000883331227
Filipino,Male,Organ,3500,"Tibiae, fibulae, and patellae, spongiosa",554.2725801541859,537.3251727742338,-3.0575944015195042
Filipino,Male,Organ,3600,"Tibiae, fibulae, and patellae, medullary cavity",71.68065405430674,69.5516653786115,-2.970102189751609
Filipino,Male,Organ,3700,"Ankles and foot, cortical",215.77270633149516,211.12298838171188,-2.154914784560306
Filipino,Male,Organ,3800,"Ankles and foot, spongiosa",397.2985551082131,385.1509133308857,-3.057560019068966
Filipino,Male,Organ,3900,"Mandible, cortical",70.8002734274618,69.25944554349583,-2.176302165760171
Filipino,Male,Organ,4000,"Mandible, spongiosa",51.72404968052495,41.77709050068317,-19.230820558868555
Filipino,Male,Organ,4100,"Pelvis, cortical",356.2335838252123,348.55775621873886,-2.154717565943927
Filipino,Male,Organ,4200,"Pelvis, spongiosa",548.3128975400481,531.0782605875355,-3.143212029086691
Filipino,Male,Organ,4300,"Ribs, cortical",326.32447763907794,319.29662625832555,-2.1536390501865306
Filipino,Male,Organ,4400,"Ribs, spongiosa",404.68463141300094,383.9392266767585,-5.126313955587487
Filipino,Male,Organ,4500,"Scapulae, cortical",197.61506129097148,193.35704151847426,-2.1547040719875326
Filipino,Male,Organ,4600,"Scapulae, spongiosa",138.62878471380378,132.83137213937684,-4.181968835978458
Filipino,Male,Organ,4700,"Cervical spine, cortical",94.26003323696276,92.2290039689491,-2.154708839225419
Filipino,Male,Organ,4800,"Cervical spine, spongiosa",71.64944321022621,77.9381854077111,8.777098489144057
Filipino,Male,Organ,4900,"Thoracic spine, cortical",256.1094369849593,250.5910112654597,-2.15471393185081
Filipino,Male,Organ,5000,"Thoracic spine, spongiosa",305.4675451869742,312.4611115611329,2.289462983662639
Filipino,Male,Organ,5100,"Lumbar spine, cortical",166.39270912774688,162.8074637577067,-2.154688981767606
Filipino,Male,Organ,5200,"Lumbar spine, spongiosa",258.00678132789494,253.28098707908194,-1.831655053596091
Filipino,Male,Organ,5300,"Sacrum, cortical",97.61628632864999,95.51294005459862,-2.154708351606336
Filipino,Male,Organ,5400,"Sacrum, spongiosa",170.08831814327232,172.54543358375042,1.4446115214146436
Filipino,Male,Organ,5500,"Sternum, cortical",8.840057695424361,8.649563831982755,-2.154893893285407
Filipino,Male,Organ,5600,"Sternum, spongiosa",54.347215370600956,57.292106557491195,5.418660674348502
Filipino,Male,Organ,5700,"Cartilage, costal",49.84457899682184,48.40815238279955,-2.8818111075105612
Filipino,Male,Organ,5800,"Cartilage, discs",72.69653626942004,70.59826231047724,-2.886346539491788
Filipino,Male,Organ,6100,Brain,1449.5416681878035,1391.6147899765806,-3.9962202869022883
Filipino,Male,Organ,6200,"Breast, left, adipose tissue",6.887520596157155,6.732042454204267,-2.2573891399996113
Filipino,Male,Organ,6300,"Breast, left, glandular tissue",4.58361301966038,4.31243793262585,-5.916186333169589
Filipino,Male,Organ,6400,"Breast, right, adipose tissue",6.8876813723224775,6.732193969063989,-2.257470908618113
Filipino,Male,Organ,6500,"Breast, right, glandular tissue",4.5836158899336334,4.3124424283883425,-5.916147165403455
Filipino,Male,Organ,6600,"Eye lens, sensitive, left",0.03680979279049414,0.036727363421683146,-0.22393325950013043
Filipino,Male,Organ,6601,"Eye lens, insensitive, left",0.1791486631111861,0.17874738428622125,-0.22399208456040962
Filipino,Male,Organ,6700,"Cornea, left",1.0537438479808336,0.9992055347185655,-5.175670858413409
Filipino,Male,Organ,6701,"Aqueous, left",0.29112342046870215,0.27668893620102525,-4.958200973469504
Filipino,Male,Organ,6702,"Vitreous, left",5.794604492806679,5.507983367131021,-4.946344932280782
Filipino,Male,Organ,6800," Eye lens, sensitive, right",0.03680698058432186,0.03571379299920699,-2.970055048689645
Filipino,Male,Organ,6801,"Eye lens, insensitive, right",0.17913565194247869,0.17381526002901898,-2.9700351972192047
Filipino,Male,Organ,6900,"Cornea, right",1.0536726574554003,0.999156144210588,-5.173951592942412
Filipino,Male,Organ,6901,"Aqueous, right",0.291101379788252,0.27666878180360804,-4.957928401144056
Filipino,Male,Organ,6902,"Vitreous, right",5.794182114052224,5.5075638210272215,-4.946656618367017
Filipino,Male,Organ,7000,Gallbladder wall,9.170194617739174,7.5230347071523855,-17.962104178252222
Filipino,Male,Organ,7100,Gallbladder contents,51.32096333957828,42.143484842544886,-17.88251408358853
Filipino,Male,Organ,7200,"Stomach wall, 0~60 um",1.5783397512891135,1.550660292666682,-1.7537072483807319
Filipino,Male,Organ,7201,"Stomach wall, 60~100 um",1.0554677357504934,1.0369533350971911,-1.754141791945683
Filipino,Male,Organ,7202,"Stomach wall, 100~300 um",5.316153008996211,5.222914525475723,-1.7538713306916875
Filipino,Male,Organ,7203,"Stomach wall, 300 um~surface",163.94935869274315,161.07418676730273,-1.7536951338911675
Filipino,Male,Organ,7300,Stomach contents,221.21106612227774,212.57703350990602,-3.9030744545117533
Filipino,Male,Organ,7400,"Small intestine wall, 0~130 um",12.872085357855925,12.526059774359009,-2.688185898998361
Filipino,Male,Organ,7401,"Small intestine wall, 130~150 um",2.0036706624923166,1.9497948676766843,-2.688854801547952
Filipino,Male,Organ,7402,"Small intestine wall, 150~200 um",5.036403647864871,4.900942804304474,-2.6896343707046584
Filipino,Male,Organ,7403,"Small intestine wall, 200 um~surface",743.354511625898,723.3328910938814,-2.693414813374101
Filipino,Male,Organ,7500,"Small intestine contents, -500~0 um",47.195284785259176,45.35323292114162,-3.903042163002051
Filipino,Male,Organ,7501,"Small intestine contents, centre~500 um",262.500239289284,252.25465055939,-3.9030778629512195
Filipino,Male,Organ,7600,"Ascending colon wall, 0~280 um",2.717759467574717,2.644663890620651,-2.6895528403510807
Filipino,Male,Organ,7601,"Ascending colon wall, 280~300 um",0.19762534145968602,0.192309961385078,-2.6896247390885937
Filipino,Male,Organ,7602,"Ascending colon wall, 300 um~surface",103.20309308099779,100.42755801089797,-2.6893913614793243
Filipino,Male,Organ,7700,Ascending colon contents,48.666438299449524,46.76695150012793,-3.903073382181492
Filipino,Male,Organ,7800,"Transverse colon wall, right, 0~280 um",3.5329115914967946,3.437901770630257,-2.689278188993248
Filipino,Male,Organ,7801,"Transverse colon wall, right, 280~300 um",0.255381264823509,0.24851446382930337,-2.6888428949363923
Filipino,Male,Organ,7802,"Transverse colon wall, right, 300 um~surface",66.95736021382255,65.1566038996156,-2.68940756991672
Filipino,Male,Organ,7900,"Transverse colon contents, right",84.06022207292696,80.77928619475142,-3.9030778140570987
Filipino,Male,Organ,8000,"Transverse colon wall, left, 0~280 um",2.498509363501947,2.431322366162526,-2.689083271845376
Filipino,Male,Organ,8001,"Transverse colon wall, left, 280~300 um",0.18136970954333712,0.17648869142007037,-2.69119807026016
Filipino,Male,Organ,8002,"Transverse colon wall, left, 300 um~surface",68.0657945148379,66.23523395006646,-2.689398658782122
Filipino,Male,Organ,8100,"Transverse colon contents, left",35.39376875088367,34.01231969532169,-3.9030854987079873
Filipino,Male,Organ,8200,"Descending colon wall, 0~280 um",2.459366966458215,2.393223759790308,-2.689440314113077
Filipino,Male,Organ,8201,"Descending colon wall, 280~300 um",0.1799082871294559,0.17506984576328694,-2.6893932699650334
Filipino,Male,Organ,8202,"Descending colon wall, 300 um~surface",103.47920490383099,100.69624539372026,-2.689390117267608
Filipino,Male,Organ,8300,Descending colon contents,30.969562053571494,29.760796187567667,-3.903077040330405
Filipino,Male,Organ,8400,"Sigmoid colon wall, 0~280 um",3.9383921869764693,3.8324677115212205,-2.689535994041462
Filipino,Male,Organ,8401,"Sigmoid colon wall, 280~300 um",0.28629542838656874,0.2785956991817028,-2.6894349128304738
Filipino,Male,Organ,8402,"Sigmoid colon wall, 300 um~surface",42.937215701710805,41.78431515614489,-2.6850845513021393
Filipino,Male,Organ,8500,Sigmoid colon contents,66.36332399929212,63.77311416139975,-3.903074291335984
Filipino,Male,Organ,8600,Rectum wall,35.372822991304204,34.277928092942446,-3.0952997407951277
Filipino,Male,Organ,8700,Heart wall,341.40731112772846,274.13833721282447,-19.70343683991498
Filipino,Male,Organ,8800,Blood in heart chamber,451.2706250433623,369.8351520562338,-18.045817402651327
Filipino,Male,Organ,8900,"Kidney, left, cortex",143.6442636351903,140.47969457574854,-2.2030598224783526
Filipino,Male,Organ,9000,"Kidney, left, medulla",33.94199459608314,33.19423558226249,-2.2030497108939446
Filipino,Male,Organ,9100,"Kidney, left, pelvis",6.770647506720763,6.621484866096854,-2.203077925351237
Filipino,Male,Organ,9200,"Kidney, right, cortex",147.36370239894558,132.58426491034197,-10.02922514025364
Filipino,Male,Organ,9300,"Kidney, right, medulla",34.82936822852215,31.336256883614453,-10.02921247950501
Filipino,Male,Organ,9400,"Kidney, right, pelvis",6.9836222854053345,6.283219472932138,-10.029219563276321
Filipino,Male,Organ,9500,Liver,2088.232684650478,1714.8044647374893,-17.8825004827224
Filipino,Male,Organ,9700,"Lung (AI), left",483.01607760957955,467.5254383226713,-3.2070649415171877
Filipino,Male,Organ,9900,"Lung (AI), right",577.6807739263216,559.9017914195127,-3.0776482980332793
Filipino,Male,Organ,10000,"Lymphatic nodes, ET",14.81599759293954,14.362016208112978,-3.0641297150514117
Filipino,Male,Organ,10100,"Lymphatic nodes, thoracic",14.112556659780322,13.680132656353313,-3.0641081828878214
Filipino,Male,Organ,10200,"Lymphatic nodes, head",4.952650682455826,4.8008950491026905,-3.064129555728855
Filipino,Male,Organ,10300,"Lymphatic nodes, trunk",114.92650386344735,111.40502760537228,-3.0641115318875394
Filipino,Male,Organ,10400,"Lymphatic nodes, arms",9.7503628114126,9.451600812590613,-3.0641116089782097
Filipino,Male,Organ,10500,"Lymphatic nodes, legs",9.691440718205955,9.394483251042432,-3.0641209681618378
Filipino,Male,Organ,10600,"Muscle, head",26267.36323333447,25243.229679941676,-3.8988822147672617
Filipino,Male,Organ,11000,"Oesophagus wall, 0~190 um",1.6984718218537311,1.652793330161714,-2.6893876662706826
Filipino,Male,Organ,11001,"Oesophagus wall, 190~200 um",0.09120915065870157,0.08875562398853762,-2.690000567316847
Filipino,Male,Organ,11002,"Oesophagus wall, 200 um~surface",44.060642942923664,42.875672269756194,-2.6894084925235564
Filipino,Male,Organ,11003,Oesophagus contents,20.236553297537302,19.446705550510558,-3.903074478215939
Filipino,Male,Organ,11300,Pancreas,153.6366754934898,115.54004356001296,-24.796574002339142
Filipino,Male,Organ,11400,Pituitary gland,0.587518741194832,0.5971625833320849,1.6414526824523565
Filipino,Male,Organ,11500,Prostate,15.589316664667244,19.110672228884365,22.588261178876277
Filipino,Male,Organ,11600,"RST, head",15614.359488339216,16326.10872032889,4.558299253460938
Filipino,Male,Organ,12000,"Salivary glands, left",40.6795975451566,40.198785828762226,-1.1819480658839927
Filipino,Male,Organ,12100,"Salivary glands, right",40.69732894251032,40.21630356152732,-1.181958112441489
Filipino,Male,Organ,12200,"Skin, head, insensitive",3082.768390973179,3021.408583228268,-1.990412511189033
Filipino,Male,Organ,12201,"Skin, head, sensitive, 50~100 um",93.69861922226112,91.83380330053728,-1.9902277506356087
Filipino,Male,Organ,12600,Spinal cord,33.88678693897573,32.848423958086556,-3.064211967806474
Filipino,Male,Organ,12700,Spleen,202.09844362466902,194.00079158830843,-4.006785946060671
Filipino,Male,Organ,12800,Teeth,46.98507959500074,35.616861798344715,-24.195378393837213
Filipino,Male,Organ,12801,"Teeth, retention region",0.039954869530306754,0.0383935902735709,-3.9076069452600386
Filipino,Male,Organ,12900,"Testis, left",15.886632618024978,15.399975711961556,-3.063310632054653
Filipino,Male,Organ,13000,"Testis, right",15.88868316630075,15.401962848242283,-3.0633143915335963
Filipino,Male,Organ,13100,Thymus,22.925457109594,22.22297070977168,-3.0642198167047163
Filipino,Male,Organ,13200,Thyroid,20.661579089271694,13.516445353956518,-34.58174084586405
Filipino,Male,Organ,13300,"Tongue, upper (food)",19.470364063699463,18.712047255445142,-3.894723312688983
Filipino,Male,Organ,13301,"Tongue, lower",50.28212048099303,48.32402519712944,-3.8942177957744746
Filipino,Male,Organ,13400,Tonsils,2.900397931324652,2.9480052201522913,1.6414054193555576
Filipino,Male,Organ,13500,"Ureter, left",7.7946537683302655,7.92259504789644,1.6413978525383752
Filipino,Male,Organ,13600,"Ureter, right",6.8776365210910235,6.990526271815036,1.6414032695363296
Filipino,Male,Organ,13700,"Urinary bladder wall, insensitive",43.38224494218406,42.134232455739294,-2.8767817066820838
Filipino,Male,Organ,13701,"Urinary bladder wall, sensitive, 118/116~193/185 um",1.8323037463906737,1.7795907267037234,-2.8768712496924143
Filipino,Male,Organ,13800,Urinary bladder contents,176.9688705458481,168.4105541235137,-4.836057548390784
Filipino,Male,Organ,14000,Air inside body,0.12961389207378246,0.12576422897104186,-2.9701006899393034
Filipino,Female,Height,,,150.0,151.79999600000002,1.1999973333333476
Filipino,Female,Total Body Mass,,,55830.456323601065,56543.397624835365,1.2769755939338785
Filipino,Female,Organ,100,"Adrenal, left",6.071448112350957,6.0558489858733395,-0.25692596212565527
Filipino,Female,Organ,200,"Adrenal, right",7.703218256794416,4.097004458301134,-46.81437911112694
Filipino,Female,Organ,300,"ET1, 0~8 um",0.007924529708712479,0.008410948723628473,6.138143622342779
Filipino,Female,Organ,301,"ET1, 8~40 um",0.03196698688356106,0.03392911240254263,6.137974548957525
Filipino,Female,Organ,302,"ET1, 40~50 um",0.010078703608281862,0.010697262329727782,6.137284570385013
Filipino,Female,Organ,303,"ET1, 50 um~surface",4.045658953906863,4.293978282219366,6.137920451072692
Filipino,Female,Organ,400,"ET2, -15~0 um",0.09587556171632611,0.09897407557955046,3.231807780581401
Filipino,Female,Organ,401,"ET2, 0~40 um",0.26496143267256445,0.2812323022116488,6.140844490070244
Filipino,Female,Organ,402,"ET2, 40~50 um",0.0665560994452484,0.07063967180354462,6.135534372256179
Filipino,Female,Organ,403,"ET2, 50~55 um",0.03335057554905102,0.03539904418691992,6.142228744616642
Filipino,Female,Organ,404,"ET2, 55~65 um",0.0667129771027223,0.07080761196426144,6.137688706703001
Filipino,Female,Organ,405,"ET2, 65 um~surface",13.046614395885328,13.847397331107906,6.137860067935565
Filipino,Female,Organ,500,"Oral mucosa, tongue",0.06047540426954316,0.060652390595806044,0.29265835987477024
Filipino,Female,Organ,501,"Oral mucosa, mouth floor",0.014827393268182634,0.014897761032136574,0.4745794670796163
Filipino,Female,Organ,600,"Oral mucosa, lips, and cheeks",0.01727768864507327,0.01732746305027016,0.2880848603038435
Filipino,Female,Organ,700,Trachea,7.310630166206021,7.759348437868989,6.137887725974767
Filipino,Female,Organ,800,"BB1, -11~-6 um",0.009115993927556278,0.009411244813274365,3.238822755526293
Filipino,Female,Organ,801,"BB1, -6~0 um",0.01125210033731858,0.011944099980849393,6.149959765606913
Filipino,Female,Organ,802,"BB1, 0~10 um",0.01879631350912945,0.01995009615506521,6.138345401481866
Filipino,Female,Organ,803,"BB1, 10~35 um",0.04723245132635067,0.050131293161487546,6.137394426360486
Filipino,Female,Organ,804,"BB1, 35~40 um",0.009483620598232472,0.010066947767875171,6.150891039983376
Filipino,Female,Organ,805,"BB1, 40~50 um",0.01901574022419252,0.020184738008169653,6.147527102257597
Filipino,Female,Organ,806,"BB1, 50~60 um",0.019069118517038002,0.020238021278052912,6.129820631040241
Filipino,Female,Organ,807,"BB1, 60~70 um",0.019123297723818527,0.02029788427351089,6.142175720191748
Filipino,Female,Organ,808,"BB1, 70 um~surface",1.0501364795827444,1.1145908081724087,6.137709701816503
Filipino,Female,Organ,900,"Blood in large arteries, head",217.5471266518745,220.32136353200022,1.275234898673309
Filipino,Female,Organ,910,"Blood in large veins, head",652.5937774776165,660.9901172946738,1.2866104622557941
Filipino,Female,Organ,1300,"Humeri, upper, cortical",193.24730062085052,201.1871079938352,4.1086252420997695
Filipino,Female,Organ,1400,"Humeri, upper, spongiosa",95.94336760544012,87.42819379837928,-8.875208385512218
Filipino,Female,Organ,1500,"Humeri, upper, medullary cavity",36.526539479581984,36.97752520188451,1.2346795747092973
Filipino,Female,Organ,1700,"Humeri, lower, spongiosa",44.769956985398146,45.85375901772784,2.4208243771223152
Filipino,Female,Organ,1900,"Ulnae and radii, cortical",139.57919439424796,145.30421689671007,4.101630280435289
Filipino,Female,Organ,2000,"Ulnae and radii, spongiosa",77.38599722080703,77.38552908723808,-0.0006049331736441998
Filipino,Female,Organ,2100,"Ulnae and radii, medullary cavity",30.3443563001217,30.71901710978328,1.2346968443027355
Filipino,Female,Organ,2200,"Wrists and hand bones, cortical",93.64006536917407,97.48082351362096,4.101618393050862
Filipino,Female,Organ,2300,"Wrists and hand bones, spongiosa",61.77877050186059,61.778389662585475,-0.000616456546517569
Filipino,Female,Organ,2400,"Clavicles, cortical",29.262017967304722,30.462225089100997,4.101586989445842
Filipino,Female,Organ,2500,"Clavicles, spongiosa",34.580868456351084,31.117055758802838,-10.01655786036827
Filipino,Female,Organ,2600,"Cranium, cortical",385.5631665799589,401.37761327732824,4.1016487227365195
Filipino,Female,Organ,2700,"Cranium, spongiosa",368.92548590690365,384.2030953009521,4.141109784403367
Filipino,Female,Organ,2800,"Femora, upper, cortical",412.0076762886126,428.90666280270483,4.101619335425796
Filipino,Female,Organ,2900,"Femora, upper, spongiosa",205.1783646869525,228.4189948372717,11.327037422185422
Filipino,Female,Organ,3000,"Femora, upper, medullary cavity",81.16596116594185,82.16810467669316,1.2346844617566366
Filipino,Female,Organ,3200,"Femora, lower, spongiosa",144.4334560562011,144.43257359969593,-0.0006109779058554497
Filipino,Female,Organ,3400,"Tibiae, fibulae, and patellae, cortical",493.9394014058951,514.1989095979508,4.101618160930511
Filipino,Female,Organ,3500,"Tibiae, fibulae, and patellae, spongiosa",505.05497614149635,505.0518950575055,-0.0006100492295743552
Filipino,Female,Organ,3600,"Tibiae, fibulae, and patellae, medullary cavity",81.04754748706709,82.04822460350658,1.2346790834098593
Filipino,Female,Organ,3700,"Ankles and foot, cortical",166.22924931147367,173.04745890838032,4.101690662231753
Filipino,Female,Organ,3800,"Ankles and foot, spongiosa",246.60655367397058,246.6050482317172,-0.0006104631977321299
Filipino,Female,Organ,3900,"Mandible, cortical",41.61903666337843,43.32609214136052,4.101621793385156
Filipino,Female,Organ,4000,"Mandible, spongiosa",30.64089130675969,34.10600306007597,11.308782497955077
Filipino,Female,Organ,4100,"Pelvis, cortical",233.77205355739343,243.36051789451727,4.101629853189348
Filipino,Female,Organ,4200,"Pelvis, spongiosa",405.79911228028556,417.78576567407043,2.9538392349921385
Filipino,Female,Organ,4300,"Ribs, cortical",146.52705765494983,152.5401244466648,4.1037245188358895
Filipino,Female,Organ,4400,"Ribs, spongiosa",247.01172627310714,263.21103842182407,6.558114626026397
Filipino,Female,Organ,4500,"Scapulae, cortical",108.38469129549162,112.83021375408356,4.1016147257106725
Filipino,Female,Organ,4600,"Scapulae, spongiosa",86.16200582785456,88.63232418777415,2.8670622697144554
Filipino,Female,Organ,4700,"Cervical spine, cortical",65.29128173114489,67.96930637862533,4.101657336898296
Filipino,Female,Organ,4800,"Cervical spine, spongiosa",68.8796009356445,71.23321071777416,3.416991025149338
Filipino,Female,Organ,4900,"Thoracic spine, cortical",183.32968132242632,190.84916211752466,4.101616683592899
Filipino,Female,Organ,5000,"Thoracic spine, spongiosa",242.19362180268075,248.40589475441055,2.5650027054763007
Filipino,Female,Organ,5100,"Lumbar spine, cortical",139.1041497328945,144.80966733644345,4.1016156703481395
Filipino,Female,Organ,5200,"Lumbar spine, spongiosa",236.01226296756053,220.2217703911557,-6.690539032954914
Filipino,Female,Organ,5300,"Sacrum, cortical",71.46974118457116,74.40116340204167,4.101627022686554
Filipino,Female,Organ,5400,"Sacrum, spongiosa",137.91484250974412,139.53307086675082,1.173353300890995
Filipino,Female,Organ,5500,"Sternum, cortical",1.5010860186318231,1.562657706787305,4.101809449374659
Filipino,Female,Organ,5600,"Sternum, spongiosa",45.73445527247788,45.541504853211755,-0.42189289916444994
Filipino,Female,Organ,5700,"Cartilage, costal",37.37271201076071,37.91438212385106,1.4493733099551134
Filipino,Female,Organ,5800,"Cartilage, discs",61.84904617170622,62.7454476850912,1.4493376517018177
Filipino,Female,Organ,6100,Brain,1276.255611476403,1273.9255386320347,-0.18257101660636588
Filipino,Female,Organ,6200,"Breast, left, adipose tissue",147.12110663808974,153.15548664647378,4.101641257517382
Filipino,Female,Organ,6300,"Breast, left, glandular tissue",91.28857509325019,91.37957759069934,0.099686622730386
Filipino,Female,Organ,6400,"Breast, right, adipose tissue",147.17322653384187,153.2097315772018,4.101632603652859
Filipino,Female,Organ,6500,"Breast, right, glandular tissue",91.2885780331,91.37957860708529,0.09968451250527983
Filipino,Female,Organ,6600,"Eye lens, sensitive, left",0.03622300389933872,0.03845281954611536,6.155799924747128
Filipino,Female,Organ,6601,"Eye lens, insensitive, left",0.17629263398513356,0.1871447666050843,6.1557493212483765
Filipino,Female,Organ,6700,"Cornea, left",1.0246947705434375,1.0461677277311523,2.095546674482082
Filipino,Female,Organ,6701,"Aqueous, left",0.28340749362487316,0.2896879255298594,2.21604299330885
Filipino,Female,Organ,6702,"Vitreous, left",5.635845002719309,5.76671494713745,2.322099780157113
Filipino,Female,Organ,6800," Eye lens, sensitive, right",0.03621758049926151,0.038446991449578846,6.1556043213952165
Filipino,Female,Organ,6801,"Eye lens, insensitive, right",0.17626844641168382,0.18711913850842293,6.15577678116977
Filipino,Female,Organ,6900,"Cornea, right",1.0245552773956903,1.0460001441238065,2.0930902608424153
Filipino,Female,Organ,6901,"Aqueous, right",0.28336883702869314,0.28964829892777344,2.216002989222296
Filipino,Female,Organ,6902,"Vitreous, right",5.635086860502781,5.76595580023578,2.3223943653873325
Filipino,Female,Organ,7000,Gallbladder wall,7.304689191881326,6.74984845781629,-7.595678878188333
Filipino,Female,Organ,7100,Gallbladder contents,42.75333087110025,39.544296995213706,-7.505927165211217
Filipino,Female,Organ,7200,"Stomach wall, 0~60 um",1.3903497243940606,1.426992562477645,2.635512306053355
Filipino,Female,Organ,7201,"Stomach wall, 60~100 um",0.9296354936216783,0.9541424047073794,2.6361849621540365
Filipino,Female,Organ,7202,"Stomach wall, 100~300 um",4.681649456937874,4.805066992636326,2.636197708385783
Filipino,Female,Organ,7203,"Stomach wall, 300 um~surface",146.9752972840381,149.1450966152588,1.4763020530092492
Filipino,Female,Organ,7300,Stomach contents,204.8597209351243,205.38460250643502,0.25621511584355633
Filipino,Female,Organ,7400,"Small intestine wall, 0~130 um",10.992268087188622,11.172515151311732,1.6397622646520615
Filipino,Female,Organ,7401,"Small intestine wall, 130~150 um",1.7115965627327447,1.7396635379681362,1.639812549668807
Filipino,Female,Organ,7402,"Small intestine wall, 150~200 um",4.302960740628387,4.3735193621572375,1.6397691213549541
Filipino,Female,Organ,7403,"Small intestine wall, 200 um~surface",656.1363144167585,666.9105237767609,1.642068747494886
Filipino,Female,Organ,7500,"Small intestine contents, -500~0 um",40.283164827756245,40.38637523449758,0.25621225934616226
Filipino,Female,Organ,7501,"Small intestine contents, centre~500 um",209.11127664246104,209.64704621437664,0.2562126636679037
Filipino,Female,Organ,7600,"Ascending colon wall, 0~280 um",3.96435796686349,4.029366503417194,1.6398250888815962
Filipino,Female,Organ,7601,"Ascending colon wall, 280~300 um",0.28670851767912137,0.2914126495673789,1.640736705814334
Filipino,Female,Organ,7602,"Ascending colon wall, 300 um~surface",96.0026078759689,97.57681897711154,1.6397586856978386
Filipino,Female,Organ,7700,Ascending colon contents,89.07567787195607,89.30389593898633,0.25620693828265056
Filipino,Female,Organ,7800,"Transverse colon wall, right, 0~280 um",3.2778987229707193,3.331653627655341,1.639919632291266
Filipino,Female,Organ,7801,"Transverse colon wall, right, 280~300 um",0.23720362434207826,0.24109002484918135,1.6384237457933621
Filipino,Female,Organ,7802,"Transverse colon wall, right, 300 um~surface",57.759258267056126,58.70637168646003,1.6397603567290024
Filipino,Female,Organ,7900,"Transverse colon contents, right",53.43720966141019,53.574112534573636,0.25619390314518553
Filipino,Female,Organ,8000,"Transverse colon wall, left, 0~280 um",1.955932294456287,1.9880052216704664,1.6397769649329923
Filipino,Female,Organ,8001,"Transverse colon wall, left, 280~300 um",0.14251325535407672,0.14485132360271155,1.64059703978122
Filipino,Female,Organ,8002,"Transverse colon wall, left, 300 um~surface",59.16702656050499,60.13723164833448,1.639773272765937
Filipino,Female,Organ,8100,"Transverse colon contents, left",26.725288710014933,26.793757571393552,0.25619502981444514
Filipino,Female,Organ,8200,"Descending colon wall, 0~280 um",2.690583817598887,2.7347054988201576,1.6398552958162573
Filipino,Female,Organ,8201,"Descending colon wall, 280~300 um",0.19554502971440993,0.19875313409795017,1.6405962290249079
Filipino,Female,Organ,8202,"Descending colon wall, 300 um~surface",97.37107604600283,98.9677265604314,1.6397585189201764
Filipino,Female,Organ,8300,Descending colon contents,44.53739168279195,44.6515009555737,0.256210048389166
Filipino,Female,Organ,8400,"Sigmoid colon wall, 0~280 um",3.760559858738921,3.822221617719863,1.6396962499519934
Filipino,Female,Organ,8401,"Sigmoid colon wall, 280~300 um",0.2724839487321792,0.2769519630810269,1.6397348796641391
Filipino,Female,Organ,8402,"Sigmoid colon wall, 300 um~surface",46.10085161985466,46.842057544579816,1.6077922612734035
Filipino,Female,Organ,8500,Sigmoid colon contents,71.24931336214216,71.43186308353971,0.25621260442145694
Filipino,Female,Organ,8600,Rectum wall,27.849953681452988,28.247003987579593,1.4256767198540279
Filipino,Female,Organ,8700,Heart wall,259.09406587698584,218.36101865551518,-15.721335447647853
Filipino,Female,Organ,8800,Blood in heart chamber,329.55695619518747,283.7235402157789,-13.907585659415645
Filipino,Female,Organ,8900,"Kidney, left, cortex",132.7946008488992,125.64313539796738,-5.385358595316032
Filipino,Female,Organ,9000,"Kidney, left, medulla",33.34864965330282,23.34362812513591,-30.001279308699154
Filipino,Female,Organ,9100,"Kidney, left, pelvis",6.675083180733894,4.672474292028006,-30.001257429809456
Filipino,Female,Organ,9200,"Kidney, right, cortex",111.46747823643939,111.82956197293886,0.32483352295046714
Filipino,Female,Organ,9300,"Kidney, right, medulla",28.00323397048926,21.714308396409145,-22.457854620318475
Filipino,Female,Organ,9400,"Kidney, right, pelvis",5.604213010212043,4.345626974674415,-22.45785506803939
Filipino,Female,Organ,9500,Liver,1612.1569298984964,1520.675208207552,-5.67449235210025
Filipino,Female,Organ,9700,"Lung (AI), left",380.55422201082007,380.5881721474989,0.008921235060649523
Filipino,Female,Organ,9900,"Lung (AI), right",465.4036237031395,452.94317126896544,-2.677343234895399
Filipino,Female,Organ,10000,"Lymphatic nodes, ET",11.730053672539896,12.085946043982402,3.0340216795056234
Filipino,Female,Organ,10100,"Lymphatic nodes, thoracic",11.307762833683439,11.650846617681132,3.0340553568714697
Filipino,Female,Organ,10200,"Lymphatic nodes, head",3.978355764715066,4.099060863161109,3.0340448563349742
Filipino,Female,Organ,10300,"Lymphatic nodes, trunk",92.06307636380377,94.85631631621112,3.034050199853586
Filipino,Female,Organ,10400,"Lymphatic nodes, arms",7.81268855787673,8.049729481631553,3.034050596012038
Filipino,Female,Organ,10500,"Lymphatic nodes, legs",7.658550766013324,7.890915303883055,3.034053634545395
Filipino,Female,Organ,10600,"Muscle, head",15824.543639820877,15869.575306390981,0.2845685006472295
Filipino,Female,Organ,11000,"Oesophagus wall, 0~190 um",1.667856331315392,1.6952068929231352,1.6398631641235284
Filipino,Female,Organ,11001,"Oesophagus wall, 190~200 um",0.08969558132206938,0.09116519793572886,1.6384492881344221
Filipino,Female,Organ,11002,"Oesophagus wall, 200 um~surface",36.763729584406356,37.37059873376737,1.650727921843996
Filipino,Female,Organ,11003,Oesophagus contents,18.93034878285749,18.978846962633302,0.2561927428391085
Filipino,Female,Organ,11100,"Ovary, left",5.62764938985794,5.638293540862303,0.18914026562398323
Filipino,Female,Organ,11200,"Ovary, right",5.627653310417494,5.638298869418686,0.1891651531107286
Filipino,Female,Organ,11300,Pancreas,128.75133062298374,100.27894158831756,-22.11424837079198
Filipino,Female,Organ,11400,Pituitary gland,0.5736272725586633,0.6067660241616125,5.7770530078065985
Filipino,Female,Organ,11600,"RST, head",22170.762514499675,22844.22969252125,3.03763651602478
Filipino,Female,Organ,12000,"Salivary glands, left",33.00490738942372,35.03071275106278,6.137891367900698
Filipino,Female,Organ,12100,"Salivary glands, right",33.018562922338575,35.046954414496895,6.1431852649953465
Filipino,Female,Organ,12200,"Skin, head, insensitive",2159.529472474827,2212.981936505788,2.475190300121457
Filipino,Female,Organ,12201,"Skin, head, sensitive, 50~100 um",82.17758190275877,84.21138654649137,2.4748898624678537
Filipino,Female,Organ,12600,Spinal cord,17.139528814037053,18.191534588084412,6.1378920357821025
Filipino,Female,Organ,12700,Spleen,166.9161382670743,151.20879530729437,-9.410320130128694
Filipino,Female,Organ,12800,Teeth,37.2253814068201,29.429134854686488,-20.943362451902917
Filipino,Female,Organ,12801,"Teeth, retention region",0.03312339058900195,0.03320892431511876,0.2582275684821084
Filipino,Female,Organ,13100,Thymus,18.2617220785338,19.382607877709,6.137897589038285
Filipino,Female,Organ,13200,Thyroid,17.328734464969504,10.31559865205495,-40.47113669547995
Filipino,Female,Organ,13300,"Tongue, upper (food)",19.30798905086368,19.36297875550504,0.2848028580112616
Filipino,Female,Organ,13301,"Tongue, lower",36.98845524675037,37.09374249794044,0.284648954620294
Filipino,Female,Organ,13400,Tonsils,2.8321214487124466,3.005954741799077,6.137918031928298
Filipino,Female,Organ,13500,"Ureter, left",6.848147406219677,7.268478044225119,6.137873691557592
Filipino,Female,Organ,13600,"Ureter, right",6.848148078288194,7.268479971758198,6.137891422100682
Filipino,Female,Organ,13700,"Urinary bladder wall, insensitive",34.33226627317216,35.476695867827125,3.333393681468803
Filipino,Female,Organ,13701,"Urinary bladder wall, sensitive, 118/116~193/185 um",2.012106842758913,2.0791756490302977,3.333262670058954
Filipino,Female,Organ,13800,Urinary bladder contents,178.1388863622707,184.25374651995205,3.4326363449055695
Filipino,Female,Organ,13900,Uterus,73.03085942050788,51.43397802708195,-29.57226789441463
Filipino,Female,Organ,14000,Air inside body,0.03280972068539056,0.033870820095729406,3.234100712144536
