Skeletal ID,Energy Low (MeV),Energy High (MeV),Energy Center (MeV),Fluence (photons/m2/source),Relative Error
1400,0.01,0.0107151930524,0.0103514216668,0,0
1400,0.0107151930524,0.011481536215,0.0110917481526,0,0
1400,0.011481536215,0.0123026877081,0.0118850222744,0,0
1400,0.0123026877081,0.0131825673856,0.0127350308102,0,0
1400,0.0131825673856,0.0141253754462,0.0136458313659,0,0
1400,0.0141253754462,0.0151356124844,0.0146217717446,0,0
1400,0.0151356124844,0.0162181009736,0.0156675107011,0,0
1400,0.0162181009736,0.0173780082875,0.0167880401812,0,0
1400,0.0173780082875,0.0186208713666,0.0179887091513,0,0
1400,0.0186208713666,0.0199526231497,0.0192752491319,0,0
1400,0.0199526231497,0.021379620895,0.0206538015581,0.0119741661718,0.99994999875
1400,0.021379620895,0.0229086765277,0.0221309470961,0,0
1400,0.0229086765277,0.0245470891569,0.0237137370566,0.0112520196989,0.99994999875
1400,0.0245470891569,0.026302679919,0.0254097270555,0,0
1400,0.026302679919,0.0281838293126,0.0272270130808,0,0
1400,0.0281838293126,0.030199517204,0.02917427014,0,0
1400,0.030199517204,0.032359365693,0.0312607936712,0,0
1400,0.032359365693,0.0346736850453,0.0334965439158,0,0
1400,0.0346736850453,0.0371535229097,0.0358921934645,0,0
1400,0.0371535229097,0.0398107170553,0.0384591782045,0,0
1400,0.0398107170553,0.0426579518802,0.0412097519097,0,0
1400,0.0426579518802,0.0457088189615,0.0441570447353,0,0
1400,0.0457088189615,0.0489778819368,0.0473151258961,0,0
1400,0.0489778819368,0.052480746025,0.0506990708275,0,0
1400,0.052480746025,0.056234132519,0.0543250331492,0.00405455981099,0.99994999875
1400,0.056234132519,0.0602559586074,0.0582103217771,0,0
1400,0.0602559586074,0.0645654229035,0.0623734835482,0,0
1400,0.0645654229035,0.0691830970919,0.0668343917569,0,0
1400,0.0691830970919,0.0741310241301,0.0716143410213,0.00267240924986,0.99994999875
1400,0.0741310241301,0.0794328234724,0.0767361489362,0,0
1400,0.0794328234724,0.0851138038202,0.0822242649947,0.00894060951718,0.99994999875
1400,0.0851138038202,0.0912010839356,0.0881048873008,0,0
1400,0.0912010839356,0.0977237220956,0.0944060876286,0.0609306708929,0.602507203529
1400,0.0977237220956,0.104712854805,0.101157945426,0.0169613793456,0.897785813926
1400,0.104712854805,0.11220184543,0.108392691402,0.0366869369457,0.99994999875
1400,0.11220184543,0.120226443462,0.116144861384,0.0269781916534,0.99994999875
1400,0.120226443462,0.128824955169,0.124451461177,0.0390781196227,0.914662001129
1400,0.128824955169,0.13803842646,0.133352143216,0.0239552304104,0.708816175687
1400,0.13803842646,0.147910838817,0.142889395851,0.0585624459091,0.640110994512
1400,0.147910838817,0.158489319246,0.153108746168,0,0
1400,0.158489319246,0.169824365246,0.16405897732,0.0323142121816,0.99994999875
1400,0.169824365246,0.181970085861,0.175792361396,0,0
1400,0.181970085861,0.194984459976,0.188364908949,0.00448778121318,0.99994999875
1400,0.194984459976,0.208929613085,0.201836636368,0,0
1400,0.208929613085,0.223872113857,0.216271852373,0.023559924155,0.99994999875
1400,0.223872113857,0.239883291902,0.231739464997,0,0
1400,0.239883291902,0.257039578277,0.24831331053,0.0332553423874,0.822687977419
1400,0.257039578277,0.275422870334,0.26607250598,0,0
1400,0.275422870334,0.295120922667,0.28510182675,0.0100520634933,0.99994999875
1400,0.295120922667,0.316227766017,0.305492111322,0,0
1400,0.316227766017,0.338844156139,0.327340694879,0.0170632595967,0.99994999875
1400,0.338844156139,0.36307805477,0.350751873953,0,0
1400,0.36307805477,0.389045144994,0.375837404288,0.0355332693156,0.99994999875
1400,0.389045144994,0.41686938347,0.402717034325,0,0
1400,0.41686938347,0.446683592151,0.431519076828,0,0
1400,0.446683592151,0.478630092323,0.462381021399,0,0
1400,0.478630092323,0.512861383991,0.495450190805,0.106306692297,0.470434898844
1400,0.512861383991,0.549540873858,0.530884444231,0,0
1400,0.549540873858,0.588843655356,0.568852930844,0.012334650653,0.99994999875
1400,0.588843655356,0.63095734448,0.60953689724,0,0
1400,0.63095734448,0.676082975392,0.653130552647,0.0847330392695,0.740171700289
1400,0.676082975392,0.724435960075,0.699841996002,0.0376721822106,0.99994999875
1400,0.724435960075,0.776247116629,0.749894209332,0.0326317927631,0.99994999875
1400,0.776247116629,0.831763771103,0.803526122186,0,0
1400,0.831763771103,0.891250938134,0.860993752185,0,0
1400,0.891250938134,0.954992586021,0.922571427155,0,0
1400,0.954992586021,1.02329299228,0.988553094657,0,0
1400,1.02329299228,1.09647819614,1.05925372518,0,0
1400,1.09647819614,1.17489755494,1.13501081567,0,0
1400,1.17489755494,1.25892541179,1.21618600065,0.0392736420116,0.99994999875
1400,1.25892541179,1.34896288259,1.30316677845,0.0250015407652,0.99994999875
1400,1.34896288259,1.44543977075,1.39636836106,0.0265561487125,0.99994999875
1400,1.44543977075,1.54881661891,1.49623565609,0.0325898882061,0.99994999875
1400,1.54881661891,1.65958690744,1.60324539069,0.0275395871915,0.99994999875
1400,1.65958690744,1.77827941004,1.71790838716,0,0
1400,1.77827941004,1.90546071796,1.84077200147,0.0136169680857,0.99994999875
1400,1.90546071796,2.04173794467,1.97242273611,0,0
1400,2.04173794467,2.18776162395,2.11348903984,0.023615575301,0.99994999875
1400,2.18776162395,2.34422881532,2.26464430759,0,0
1400,2.34422881532,2.51188643151,2.42661009508,0,0
1400,2.51188643151,2.69153480393,2.60015956317,0.0156950564545,0.99994999875
1400,2.69153480393,2.88403150313,2.78612116863,0.0152131647196,0.99994999875
1400,2.88403150313,3.09029543251,2.98538261892,0,0
1400,3.09029543251,3.31131121483,3.19889510969,0.0345296939851,0.99994999875
1400,3.31131121483,3.54813389234,3.42767786546,0,0
1400,3.54813389234,3.80189396321,3.67282300498,0,0
1400,3.80189396321,4.07380277804,3.93550075456,0,0
1400,4.07380277804,4.3651583224,4.21696503429,0,0
1400,4.3651583224,4.67735141287,4.51855944375,0,0
1400,4.67735141287,5.01187233627,4.84172367584,0,0
1400,5.01187233627,5.3703179637,5.18800038929,0,0
1400,5.3703179637,5.75439937337,5.5590425727,0.0387682869507,0.99994999875
1400,5.75439937337,6.16595001861,5.95662143529,0.00890861543623,0.99994999875
1400,6.16595001861,6.60693448008,6.38263486191,0,0
1400,6.60693448008,7.07945784384,6.83911647281,0,0
1400,7.07945784384,7.58577575029,7.32824533139,0.00288649844004,0.99994999875
1400,7.58577575029,8.12830516164,7.8523563461,0,0
1400,8.12830516164,8.70963589956,8.41395141645,0,0
1400,8.70963589956,9.33254300797,9.01571137606,0,0
1400,9.33254300797,10,9.6605087899,1.16722195705,0.165862386865
1500,0.01,0.0107151930524,0.0103514216668,0,0
1500,0.0107151930524,0.011481536215,0.0110917481526,0,0
1500,0.011481536215,0.0123026877081,0.0118850222744,0,0
1500,0.0123026877081,0.0131825673856,0.0127350308102,0,0
1500,0.0131825673856,0.0141253754462,0.0136458313659,0,0
1500,0.0141253754462,0.0151356124844,0.0146217717446,0,0
1500,0.0151356124844,0.0162181009736,0.0156675107011,0,0
1500,0.0162181009736,0.0173780082875,0.0167880401812,0,0
1500,0.0173780082875,0.0186208713666,0.0179887091513,0,0
1500,0.0186208713666,0.0199526231497,0.0192752491319,0,0
1500,0.0199526231497,0.021379620895,0.0206538015581,0,0
1500,0.021379620895,0.0229086765277,0.0221309470961,0,0
1500,0.0229086765277,0.0245470891569,0.0237137370566,0,0
1500,0.0245470891569,0.026302679919,0.0254097270555,0.0109328033563,0.99994999875
1500,0.026302679919,0.0281838293126,0.0272270130808,0.00474339213922,0.99994999875
1500,0.0281838293126,0.030199517204,0.02917427014,0.0108501584588,0.99994999875
1500,0.030199517204,0.032359365693,0.0312607936712,0,0
1500,0.032359365693,0.0346736850453,0.0334965439158,0.0361848461729,0.71332336328
1500,0.0346736850453,0.0371535229097,0.0358921934645,0.00893190101576,0.99994999875
1500,0.0371535229097,0.0398107170553,0.0384591782045,0,0
1500,0.0398107170553,0.0426579518802,0.0412097519097,0,0
1500,0.0426579518802,0.0457088189615,0.0441570447353,0,0
1500,0.0457088189615,0.0489778819368,0.0473151258961,0.0649975839481,0.723862670371
1500,0.0489778819368,0.052480746025,0.0506990708275,0,0
1500,0.052480746025,0.056234132519,0.0543250331492,0,0
1500,0.056234132519,0.0602559586074,0.0582103217771,0,0
1500,0.0602559586074,0.0645654229035,0.0623734835482,0.045741661767,0.99994999875
1500,0.0645654229035,0.0691830970919,0.0668343917569,0.0204844854884,0.752145524709
1500,0.0691830970919,0.0741310241301,0.0716143410213,0.0446064811793,0.600060438797
1500,0.0741310241301,0.0794328234724,0.0767361489362,0,0
1500,0.0794328234724,0.0851138038202,0.0822242649947,0.0326031021794,0.99994999875
1500,0.0851138038202,0.0912010839356,0.0881048873008,0.00631924006219,0.99994999875
1500,0.0912010839356,0.0977237220956,0.0944060876286,0.0551688174474,0.670992294458
1500,0.0977237220956,0.104712854805,0.101157945426,0.0242475594494,0.99994999875
1500,0.104712854805,0.11220184543,0.108392691402,0.0264895165093,0.983876541467
1500,0.11220184543,0.120226443462,0.116144861384,0.00861922165134,0.99994999875
1500,0.120226443462,0.128824955169,0.124451461177,0.00095235238592,0.99994999875
1500,0.128824955169,0.13803842646,0.133352143216,0,0
1500,0.13803842646,0.147910838817,0.142889395851,0.00441426155735,0.99994999875
1500,0.147910838817,0.158489319246,0.153108746168,0.0449517027531,0.71356284763
1500,0.158489319246,0.169824365246,0.16405897732,0,0
1500,0.169824365246,0.181970085861,0.175792361396,0.0245178770793,0.99994999875
1500,0.181970085861,0.194984459976,0.188364908949,0.0272821272523,0.99994999875
1500,0.194984459976,0.208929613085,0.201836636368,0.0137973993071,0.99994999875
1500,0.208929613085,0.223872113857,0.216271852373,0.0360206630965,0.898380151948
1500,0.223872113857,0.239883291902,0.231739464997,0.0231204061573,0.795579165976
1500,0.239883291902,0.257039578277,0.24831331053,0.0505734248094,0.797855191344
1500,0.257039578277,0.275422870334,0.26607250598,0.0379065173995,0.760601317552
1500,0.275422870334,0.295120922667,0.28510182675,0.0283686069068,0.99994999875
1500,0.295120922667,0.316227766017,0.305492111322,0,0
1500,0.316227766017,0.338844156139,0.327340694879,0.0395172913347,0.727914737967
1500,0.338844156139,0.36307805477,0.350751873953,0.022286013273,0.99994999875
1500,0.36307805477,0.389045144994,0.375837404288,0.0154258383686,0.99994999875
1500,0.389045144994,0.41686938347,0.402717034325,0.065053195854,0.585493502393
1500,0.41686938347,0.446683592151,0.431519076828,0.0180145770305,0.99994999875
1500,0.446683592151,0.478630092323,0.462381021399,0,0
1500,0.478630092323,0.512861383991,0.495450190805,0.215437146531,0.35584402446
1500,0.512861383991,0.549540873858,0.530884444231,0.0321540290844,0.99994999875
1500,0.549540873858,0.588843655356,0.568852930844,0.0548871036923,0.710534121909
1500,0.588843655356,0.63095734448,0.60953689724,0,0
1500,0.63095734448,0.676082975392,0.653130552647,0,0
1500,0.676082975392,0.724435960075,0.699841996002,0.0103253193416,0.99994999875
1500,0.724435960075,0.776247116629,0.749894209332,0,0
1500,0.776247116629,0.831763771103,0.803526122186,0.032443822148,0.735859739515
1500,0.831763771103,0.891250938134,0.860993752185,0,0
1500,0.891250938134,0.954992586021,0.922571427155,0,0
1500,0.954992586021,1.02329299228,0.988553094657,0.025132009628,0.99994999875
1500,1.02329299228,1.09647819614,1.05925372518,0.00427501367334,0.99994999875
1500,1.09647819614,1.17489755494,1.13501081567,0.025609710424,0.99994999875
1500,1.17489755494,1.25892541179,1.21618600065,0,0
1500,1.25892541179,1.34896288259,1.30316677845,0.0146247623959,0.99994999875
1500,1.34896288259,1.44543977075,1.39636836106,0.030410636172,0.832905709324
1500,1.44543977075,1.54881661891,1.49623565609,0.0233988764716,0.99994999875
1500,1.54881661891,1.65958690744,1.60324539069,0,0
1500,1.65958690744,1.77827941004,1.71790838716,0,0
1500,1.77827941004,1.90546071796,1.84077200147,0,0
1500,1.90546071796,2.04173794467,1.97242273611,0,0
1500,2.04173794467,2.18776162395,2.11348903984,0.0544587897826,0.666563359835
1500,2.18776162395,2.34422881532,2.26464430759,0.0161480915104,0.99994999875
1500,2.34422881532,2.51188643151,2.42661009508,0,0
1500,2.51188643151,2.69153480393,2.60015956317,0,0
1500,2.69153480393,2.88403150313,2.78612116863,0.0148420741317,0.99994999875
1500,2.88403150313,3.09029543251,2.98538261892,0,0
1500,3.09029543251,3.31131121483,3.19889510969,0,0
1500,3.31131121483,3.54813389234,3.42767786546,0.0132417747875,0.99994999875
1500,3.54813389234,3.80189396321,3.67282300498,0,0
1500,3.80189396321,4.07380277804,3.93550075456,0.0374269059995,0.713737348985
1500,4.07380277804,4.3651583224,4.21696503429,0.0240603419021,0.99994999875
1500,4.3651583224,4.67735141287,4.51855944375,0.0248304252066,0.99994999875
1500,4.67735141287,5.01187233627,4.84172367584,0.0245507371447,0.99994999875
1500,5.01187233627,5.3703179637,5.18800038929,0.0200858621059,0.869960410879
1500,5.3703179637,5.75439937337,5.5590425727,0,0
1500,5.75439937337,6.16595001861,5.95662143529,0,0
1500,6.16595001861,6.60693448008,6.38263486191,0.0247422889584,0.99994999875
1500,6.60693448008,7.07945784384,6.83911647281,0,0
1500,7.07945784384,7.58577575029,7.32824533139,0.0143490527708,0.99994999875
1500,7.58577575029,8.12830516164,7.8523563461,0,0
1500,8.12830516164,8.70963589956,8.41395141645,0.024108700768,0.99994999875
1500,8.70963589956,9.33254300797,9.01571137606,0,0
1500,9.33254300797,10,9.6605087899,1.70718844838,0.116725591794
1700,0.01,0.0107151930524,0.0103514216668,0,0
1700,0.0107151930524,0.011481536215,0.0110917481526,0,0
1700,0.011481536215,0.0123026877081,0.0118850222744,0,0
1700,0.0123026877081,0.0131825673856,0.0127350308102,0,0
1700,0.0131825673856,0.0141253754462,0.0136458313659,0,0
1700,0.0141253754462,0.0151356124844,0.0146217717446,0,0
1700,0.0151356124844,0.0162181009736,0.0156675107011,0,0
1700,0.0162181009736,0.0173780082875,0.0167880401812,0,0
1700,0.0173780082875,0.0186208713666,0.0179887091513,0,0
1700,0.0186208713666,0.0199526231497,0.0192752491319,0,0
1700,0.0199526231497,0.021379620895,0.0206538015581,0,0
1700,0.021379620895,0.0229086765277,0.0221309470961,0,0
1700,0.0229086765277,0.0245470891569,0.0237137370566,0,0
1700,0.0245470891569,0.026302679919,0.0254097270555,0.0173094877483,0.99994999875
1700,0.026302679919,0.0281838293126,0.0272270130808,0,0
1700,0.0281838293126,0.030199517204,0.02917427014,0,0
1700,0.030199517204,0.032359365693,0.0312607936712,0,0
1700,0.032359365693,0.0346736850453,0.0334965439158,0,0
1700,0.0346736850453,0.0371535229097,0.0358921934645,0,0
1700,0.0371535229097,0.0398107170553,0.0384591782045,0,0
1700,0.0398107170553,0.0426579518802,0.0412097519097,0,0
1700,0.0426579518802,0.0457088189615,0.0441570447353,0,0
1700,0.0457088189615,0.0489778819368,0.0473151258961,0,0
1700,0.0489778819368,0.052480746025,0.0506990708275,0,0
1700,0.052480746025,0.056234132519,0.0543250331492,0.0671048850088,0.76350381927
1700,0.056234132519,0.0602559586074,0.0582103217771,0.0184573429632,0.99994999875
1700,0.0602559586074,0.0645654229035,0.0623734835482,0.0616811309054,0.99994999875
1700,0.0645654229035,0.0691830970919,0.0668343917569,0,0
1700,0.0691830970919,0.0741310241301,0.0716143410213,0.003277165023,0.99994999875
1700,0.0741310241301,0.0794328234724,0.0767361489362,0.0661509224117,0.824107599358
1700,0.0794328234724,0.0851138038202,0.0822242649947,0.134763365214,0.700477236824
1700,0.0851138038202,0.0912010839356,0.0881048873008,0,0
1700,0.0912010839356,0.0977237220956,0.0944060876286,0.0499097105319,0.900632010515
1700,0.0977237220956,0.104712854805,0.101157945426,0.0573673154251,0.707263074175
1700,0.104712854805,0.11220184543,0.108392691402,0.0514296591833,0.703367435471
1700,0.11220184543,0.120226443462,0.116144861384,0.0520568882454,0.99994999875
1700,0.120226443462,0.128824955169,0.124451461177,0.0601619736036,0.796840274286
1700,0.128824955169,0.13803842646,0.133352143216,0,0
1700,0.13803842646,0.147910838817,0.142889395851,0,0
1700,0.147910838817,0.158489319246,0.153108746168,0.0586348737269,0.99994999875
1700,0.158489319246,0.169824365246,0.16405897732,0.0229352834702,0.99994999875
1700,0.169824365246,0.181970085861,0.175792361396,0,0
1700,0.181970085861,0.194984459976,0.188364908949,0,0
1700,0.194984459976,0.208929613085,0.201836636368,0.040323769416,0.99994999875
1700,0.208929613085,0.223872113857,0.216271852373,0,0
1700,0.223872113857,0.239883291902,0.231739464997,0,0
1700,0.239883291902,0.257039578277,0.24831331053,0.00899234450519,0.99994999875
1700,0.257039578277,0.275422870334,0.26607250598,0.0103268121453,0.99994999875
1700,0.275422870334,0.295120922667,0.28510182675,0.0231082324869,0.99994999875
1700,0.295120922667,0.316227766017,0.305492111322,0.0664145101136,0.99994999875
1700,0.316227766017,0.338844156139,0.327340694879,0.0571865916647,0.99994999875
1700,0.338844156139,0.36307805477,0.350751873953,0,0
1700,0.36307805477,0.389045144994,0.375837404288,0.0190987534356,0.99994999875
1700,0.389045144994,0.41686938347,0.402717034325,0,0
1700,0.41686938347,0.446683592151,0.431519076828,0.0312834231579,0.99994999875
1700,0.446683592151,0.478630092323,0.462381021399,0.00530456235863,0.99994999875
1700,0.478630092323,0.512861383991,0.495450190805,0.184431876997,0.514150211824
1700,0.512861383991,0.549540873858,0.530884444231,0.0219752582883,0.99994999875
1700,0.549540873858,0.588843655356,0.568852930844,0,0
1700,0.588843655356,0.63095734448,0.60953689724,0,0
1700,0.63095734448,0.676082975392,0.653130552647,0,0
1700,0.676082975392,0.724435960075,0.699841996002,0,0
1700,0.724435960075,0.776247116629,0.749894209332,0,0
1700,0.776247116629,0.831763771103,0.803526122186,0.0478786959682,0.99994999875
1700,0.831763771103,0.891250938134,0.860993752185,0,0
1700,0.891250938134,0.954992586021,0.922571427155,0,0
1700,0.954992586021,1.02329299228,0.988553094657,0.0637291853584,0.99994999875
1700,1.02329299228,1.09647819614,1.05925372518,0,0
1700,1.09647819614,1.17489755494,1.13501081567,0.0517034043859,0.99994999875
1700,1.17489755494,1.25892541179,1.21618600065,0.0176558887424,0.99994999875
1700,1.25892541179,1.34896288259,1.30316677845,0,0
1700,1.34896288259,1.44543977075,1.39636836106,0,0
1700,1.44543977075,1.54881661891,1.49623565609,0,0
1700,1.54881661891,1.65958690744,1.60324539069,0.0530165153122,0.99994999875
1700,1.65958690744,1.77827941004,1.71790838716,0,0
1700,1.77827941004,1.90546071796,1.84077200147,0,0
1700,1.90546071796,2.04173794467,1.97242273611,0,0
1700,2.04173794467,2.18776162395,2.11348903984,0,0
1700,2.18776162395,2.34422881532,2.26464430759,0,0
1700,2.34422881532,2.51188643151,2.42661009508,0,0
1700,2.51188643151,2.69153480393,2.60015956317,0,0
1700,2.69153480393,2.88403150313,2.78612116863,0,0
1700,2.88403150313,3.09029543251,2.98538261892,0,0
1700,3.09029543251,3.31131121483,3.19889510969,0,0
1700,3.31131121483,3.54813389234,3.42767786546,0,0
1700,3.54813389234,3.80189396321,3.67282300498,0.0307507087643,0.99994999875
1700,3.80189396321,4.07380277804,3.93550075456,0.0708232777713,0.99994999875
1700,4.07380277804,4.3651583224,4.21696503429,0,0
1700,4.3651583224,4.67735141287,4.51855944375,0,0
1700,4.67735141287,5.01187233627,4.84172367584,0,0
1700,5.01187233627,5.3703179637,5.18800038929,0,0
1700,5.3703179637,5.75439937337,5.5590425727,0,0
1700,5.75439937337,6.16595001861,5.95662143529,0,0
1700,6.16595001861,6.60693448008,6.38263486191,0,0
1700,6.60693448008,7.07945784384,6.83911647281,0.0479633559417,0.898588353202
1700,7.07945784384,7.58577575029,7.32824533139,0.0550445780627,0.99994999875
1700,7.58577575029,8.12830516164,7.8523563461,0.0428775087165,0.99994999875
1700,8.12830516164,8.70963589956,8.41395141645,0.0435644712214,0.99994999875
1700,8.70963589956,9.33254300797,9.01571137606,0,0
1700,9.33254300797,10,9.6605087899,1.31147727626,0.19593858289
2000,0.01,0.0107151930524,0.0103514216668,0,0
2000,0.0107151930524,0.011481536215,0.0110917481526,0.00261241089875,0.99994999875
2000,0.011481536215,0.0123026877081,0.0118850222744,0,0
2000,0.0123026877081,0.0131825673856,0.0127350308102,0,0
2000,0.0131825673856,0.0141253754462,0.0136458313659,0,0
2000,0.0141253754462,0.0151356124844,0.0146217717446,0,0
2000,0.0151356124844,0.0162181009736,0.0156675107011,0,0
2000,0.0162181009736,0.0173780082875,0.0167880401812,0,0
2000,0.0173780082875,0.0186208713666,0.0179887091513,0,0
2000,0.0186208713666,0.0199526231497,0.0192752491319,0,0
2000,0.0199526231497,0.021379620895,0.0206538015581,0,0
2000,0.021379620895,0.0229086765277,0.0221309470961,0,0
2000,0.0229086765277,0.0245470891569,0.0237137370566,0,0
2000,0.0245470891569,0.026302679919,0.0254097270555,0,0
2000,0.026302679919,0.0281838293126,0.0272270130808,0,0
2000,0.0281838293126,0.030199517204,0.02917427014,0,0
2000,0.030199517204,0.032359365693,0.0312607936712,0,0
2000,0.032359365693,0.0346736850453,0.0334965439158,0,0
2000,0.0346736850453,0.0371535229097,0.0358921934645,0,0
2000,0.0371535229097,0.0398107170553,0.0384591782045,0,0
2000,0.0398107170553,0.0426579518802,0.0412097519097,0,0
2000,0.0426579518802,0.0457088189615,0.0441570447353,0,0
2000,0.0457088189615,0.0489778819368,0.0473151258961,0,0
2000,0.0489778819368,0.052480746025,0.0506990708275,0,0
2000,0.052480746025,0.056234132519,0.0543250331492,0,0
2000,0.056234132519,0.0602559586074,0.0582103217771,0.0126793549174,0.99994999875
2000,0.0602559586074,0.0645654229035,0.0623734835482,0.0194728189919,0.99994999875
2000,0.0645654229035,0.0691830970919,0.0668343917569,0.0152431397334,0.99994999875
2000,0.0691830970919,0.0741310241301,0.0716143410213,0.0169425775669,0.99994999875
2000,0.0741310241301,0.0794328234724,0.0767361489362,0.0403055711709,0.603620234395
2000,0.0794328234724,0.0851138038202,0.0822242649947,0.036335506919,0.708927890364
2000,0.0851138038202,0.0912010839356,0.0881048873008,0.00761253315378,0.99994999875
2000,0.0912010839356,0.0977237220956,0.0944060876286,0,0
2000,0.0977237220956,0.104712854805,0.101157945426,0.00848133401283,0.99994999875
2000,0.104712854805,0.11220184543,0.108392691402,0,0
2000,0.11220184543,0.120226443462,0.116144861384,0.0383185194031,0.902463097491
2000,0.120226443462,0.128824955169,0.124451461177,0.0430209902188,0.833900734724
2000,0.128824955169,0.13803842646,0.133352143216,0,0
2000,0.13803842646,0.147910838817,0.142889395851,0.0190008143034,0.99994999875
2000,0.147910838817,0.158489319246,0.153108746168,0.00651115636333,0.99994999875
2000,0.158489319246,0.169824365246,0.16405897732,0,0
2000,0.169824365246,0.181970085861,0.175792361396,0.05215297969,0.603165532439
2000,0.181970085861,0.194984459976,0.188364908949,0,0
2000,0.194984459976,0.208929613085,0.201836636368,0.000672969823288,0.99994999875
2000,0.208929613085,0.223872113857,0.216271852373,0.0215492100466,0.99994999875
2000,0.223872113857,0.239883291902,0.231739464997,0.0157275234762,0.99994999875
2000,0.239883291902,0.257039578277,0.24831331053,0.0224111648866,0.747053707994
2000,0.257039578277,0.275422870334,0.26607250598,0,0
2000,0.275422870334,0.295120922667,0.28510182675,0,0
2000,0.295120922667,0.316227766017,0.305492111322,0.0211502681724,0.99994999875
2000,0.316227766017,0.338844156139,0.327340694879,0,0
2000,0.338844156139,0.36307805477,0.350751873953,0.00904436508104,0.992396397908
2000,0.36307805477,0.389045144994,0.375837404288,0.0165452396053,0.99994999875
2000,0.389045144994,0.41686938347,0.402717034325,0,0
2000,0.41686938347,0.446683592151,0.431519076828,0.00584506418836,0.99994999875
2000,0.446683592151,0.478630092323,0.462381021399,0,0
2000,0.478630092323,0.512861383991,0.495450190805,0.108041909319,0.40937602574
2000,0.512861383991,0.549540873858,0.530884444231,0.053958817705,0.896253353517
2000,0.549540873858,0.588843655356,0.568852930844,0,0
2000,0.588843655356,0.63095734448,0.60953689724,0,0
2000,0.63095734448,0.676082975392,0.653130552647,0,0
2000,0.676082975392,0.724435960075,0.699841996002,0,0
2000,0.724435960075,0.776247116629,0.749894209332,0,0
2000,0.776247116629,0.831763771103,0.803526122186,0.00763882489202,0.99994999875
2000,0.831763771103,0.891250938134,0.860993752185,0,0
2000,0.891250938134,0.954992586021,0.922571427155,0.0123869773809,0.70986212237
2000,0.954992586021,1.02329299228,0.988553094657,0,0
2000,1.02329299228,1.09647819614,1.05925372518,0,0
2000,1.09647819614,1.17489755494,1.13501081567,0,0
2000,1.17489755494,1.25892541179,1.21618600065,0,0
2000,1.25892541179,1.34896288259,1.30316677845,0,0
2000,1.34896288259,1.44543977075,1.39636836106,0,0
2000,1.44543977075,1.54881661891,1.49623565609,0,0
2000,1.54881661891,1.65958690744,1.60324539069,0,0
2000,1.65958690744,1.77827941004,1.71790838716,0,0
2000,1.77827941004,1.90546071796,1.84077200147,0.0372313343891,0.711048391135
2000,1.90546071796,2.04173794467,1.97242273611,0.00861639627746,0.99994999875
2000,2.04173794467,2.18776162395,2.11348903984,0,0
2000,2.18776162395,2.34422881532,2.26464430759,0,0
2000,2.34422881532,2.51188643151,2.42661009508,0,0
2000,2.51188643151,2.69153480393,2.60015956317,0,0
2000,2.69153480393,2.88403150313,2.78612116863,0,0
2000,2.88403150313,3.09029543251,2.98538261892,0,0
2000,3.09029543251,3.31131121483,3.19889510969,0,0
2000,3.31131121483,3.54813389234,3.42767786546,0,0
2000,3.54813389234,3.80189396321,3.67282300498,0,0
2000,3.80189396321,4.07380277804,3.93550075456,0,0
2000,4.07380277804,4.3651583224,4.21696503429,0.0322385992452,0.99994999875
2000,4.3651583224,4.67735141287,4.51855944375,0,0
2000,4.67735141287,5.01187233627,4.84172367584,0,0
2000,5.01187233627,5.3703179637,5.18800038929,0,0
2000,5.3703179637,5.75439937337,5.5590425727,0,0
2000,5.75439937337,6.16595001861,5.95662143529,0,0
2000,6.16595001861,6.60693448008,6.38263486191,0,0
2000,6.60693448008,7.07945784384,6.83911647281,0,0
2000,7.07945784384,7.58577575029,7.32824533139,0,0
2000,7.58577575029,8.12830516164,7.8523563461,0,0
2000,8.12830516164,8.70963589956,8.41395141645,0,0
2000,8.70963589956,9.33254300797,9.01571137606,0,0
2000,9.33254300797,10,9.6605087899,0.833341521445,0.174504386331
2100,0.01,0.0107151930524,0.0103514216668,0,0
2100,0.0107151930524,0.011481536215,0.0110917481526,0,0
2100,0.011481536215,0.0123026877081,0.0118850222744,0,0
2100,0.0123026877081,0.0131825673856,0.0127350308102,0,0
2100,0.0131825673856,0.0141253754462,0.0136458313659,0,0
2100,0.0141253754462,0.0151356124844,0.0146217717446,0,0
2100,0.0151356124844,0.0162181009736,0.0156675107011,0,0
2100,0.0162181009736,0.0173780082875,0.0167880401812,0,0
2100,0.0173780082875,0.0186208713666,0.0179887091513,0,0
2100,0.0186208713666,0.0199526231497,0.0192752491319,0,0
2100,0.0199526231497,0.021379620895,0.0206538015581,0,0
2100,0.021379620895,0.0229086765277,0.0221309470961,0,0
2100,0.0229086765277,0.0245470891569,0.0237137370566,0,0
2100,0.0245470891569,0.026302679919,0.0254097270555,0,0
2100,0.026302679919,0.0281838293126,0.0272270130808,0,0
2100,0.0281838293126,0.030199517204,0.02917427014,0,0
2100,0.030199517204,0.032359365693,0.0312607936712,0,0
2100,0.032359365693,0.0346736850453,0.0334965439158,0,0
2100,0.0346736850453,0.0371535229097,0.0358921934645,0,0
2100,0.0371535229097,0.0398107170553,0.0384591782045,0,0
2100,0.0398107170553,0.0426579518802,0.0412097519097,0,0
2100,0.0426579518802,0.0457088189615,0.0441570447353,0,0
2100,0.0457088189615,0.0489778819368,0.0473151258961,0.0122570817946,0.99994999875
2100,0.0489778819368,0.052480746025,0.0506990708275,0.0619341358965,0.99994999875
2100,0.052480746025,0.056234132519,0.0543250331492,0.0667986249172,0.99994999875
2100,0.056234132519,0.0602559586074,0.0582103217771,0.0328885633806,0.99994999875
2100,0.0602559586074,0.0645654229035,0.0623734835482,0,0
2100,0.0645654229035,0.0691830970919,0.0668343917569,0,0
2100,0.0691830970919,0.0741310241301,0.0716143410213,0,0
2100,0.0741310241301,0.0794328234724,0.0767361489362,0,0
2100,0.0794328234724,0.0851138038202,0.0822242649947,0,0
2100,0.0851138038202,0.0912010839356,0.0881048873008,0,0
2100,0.0912010839356,0.0977237220956,0.0944060876286,0,0
2100,0.0977237220956,0.104712854805,0.101157945426,0,0
2100,0.104712854805,0.11220184543,0.108392691402,0,0
2100,0.11220184543,0.120226443462,0.116144861384,0,0
2100,0.120226443462,0.128824955169,0.124451461177,0,0
2100,0.128824955169,0.13803842646,0.133352143216,0,0
2100,0.13803842646,0.147910838817,0.142889395851,0.039016008903,0.916960657188
2100,0.147910838817,0.158489319246,0.153108746168,0.0114947205179,0.99994999875
2100,0.158489319246,0.169824365246,0.16405897732,0.0371036735222,0.99994999875
2100,0.169824365246,0.181970085861,0.175792361396,0,0
2100,0.181970085861,0.194984459976,0.188364908949,0,0
2100,0.194984459976,0.208929613085,0.201836636368,0,0
2100,0.208929613085,0.223872113857,0.216271852373,0,0
2100,0.223872113857,0.239883291902,0.231739464997,0.061087444612,0.708196029218
2100,0.239883291902,0.257039578277,0.24831331053,0,0
2100,0.257039578277,0.275422870334,0.26607250598,0.0396896796582,0.99994999875
2100,0.275422870334,0.295120922667,0.28510182675,0,0
2100,0.295120922667,0.316227766017,0.305492111322,0,0
2100,0.316227766017,0.338844156139,0.327340694879,0,0
2100,0.338844156139,0.36307805477,0.350751873953,0.0227945565844,0.99994999875
2100,0.36307805477,0.389045144994,0.375837404288,0,0
2100,0.389045144994,0.41686938347,0.402717034325,0,0
2100,0.41686938347,0.446683592151,0.431519076828,0.0275943157966,0.99994999875
2100,0.446683592151,0.478630092323,0.462381021399,0,0
2100,0.478630092323,0.512861383991,0.495450190805,0.046902977228,0.99994999875
2100,0.512861383991,0.549540873858,0.530884444231,0,0
2100,0.549540873858,0.588843655356,0.568852930844,0,0
2100,0.588843655356,0.63095734448,0.60953689724,0,0
2100,0.63095734448,0.676082975392,0.653130552647,0,0
2100,0.676082975392,0.724435960075,0.699841996002,0.0320190089662,0.99994999875
2100,0.724435960075,0.776247116629,0.749894209332,0,0
2100,0.776247116629,0.831763771103,0.803526122186,0,0
2100,0.831763771103,0.891250938134,0.860993752185,0.0420834768549,0.99994999875
2100,0.891250938134,0.954992586021,0.922571427155,0,0
2100,0.954992586021,1.02329299228,0.988553094657,0,0
2100,1.02329299228,1.09647819614,1.05925372518,0,0
2100,1.09647819614,1.17489755494,1.13501081567,0,0
2100,1.17489755494,1.25892541179,1.21618600065,0.0359640167099,0.99994999875
2100,1.25892541179,1.34896288259,1.30316677845,0,0
2100,1.34896288259,1.44543977075,1.39636836106,0,0
2100,1.44543977075,1.54881661891,1.49623565609,0,0
2100,1.54881661891,1.65958690744,1.60324539069,0,0
2100,1.65958690744,1.77827941004,1.71790838716,0,0
2100,1.77827941004,1.90546071796,1.84077200147,0,0
2100,1.90546071796,2.04173794467,1.97242273611,0,0
2100,2.04173794467,2.18776162395,2.11348903984,0,0
2100,2.18776162395,2.34422881532,2.26464430759,0,0
2100,2.34422881532,2.51188643151,2.42661009508,0,0
2100,2.51188643151,2.69153480393,2.60015956317,0,0
2100,2.69153480393,2.88403150313,2.78612116863,0,0
2100,2.88403150313,3.09029543251,2.98538261892,0,0
2100,3.09029543251,3.31131121483,3.19889510969,0,0
2100,3.31131121483,3.54813389234,3.42767786546,0,0
2100,3.54813389234,3.80189396321,3.67282300498,0,0
2100,3.80189396321,4.07380277804,3.93550075456,0,0
2100,4.07380277804,4.3651583224,4.21696503429,0,0
2100,4.3651583224,4.67735141287,4.51855944375,0.022449378123,0.99994999875
2100,4.67735141287,5.01187233627,4.84172367584,0.0814656851415,0.99994999875
2100,5.01187233627,5.3703179637,5.18800038929,0,0
2100,5.3703179637,5.75439937337,5.5590425727,0,0
2100,5.75439937337,6.16595001861,5.95662143529,0,0
2100,6.16595001861,6.60693448008,6.38263486191,0,0
2100,6.60693448008,7.07945784384,6.83911647281,0,0
2100,7.07945784384,7.58577575029,7.32824533139,0,0
2100,7.58577575029,8.12830516164,7.8523563461,0,0
2100,8.12830516164,8.70963589956,8.41395141645,0,0
2100,8.70963589956,9.33254300797,9.01571137606,0,0
2100,9.33254300797,10,9.6605087899,0.350674526307,0.351364444916
2300,0.01,0.0107151930524,0.0103514216668,0,0
2300,0.0107151930524,0.011481536215,0.0110917481526,0,0
2300,0.011481536215,0.0123026877081,0.0118850222744,0,0
2300,0.0123026877081,0.0131825673856,0.0127350308102,0,0
2300,0.0131825673856,0.0141253754462,0.0136458313659,0,0
2300,0.0141253754462,0.0151356124844,0.0146217717446,0,0
2300,0.0151356124844,0.0162181009736,0.0156675107011,0,0
2300,0.0162181009736,0.0173780082875,0.0167880401812,0,0
2300,0.0173780082875,0.0186208713666,0.0179887091513,0,0
2300,0.0186208713666,0.0199526231497,0.0192752491319,0,0
2300,0.0199526231497,0.021379620895,0.0206538015581,0,0
2300,0.021379620895,0.0229086765277,0.0221309470961,0,0
2300,0.0229086765277,0.0245470891569,0.0237137370566,0,0
2300,0.0245470891569,0.026302679919,0.0254097270555,0,0
2300,0.026302679919,0.0281838293126,0.0272270130808,0,0
2300,0.0281838293126,0.030199517204,0.02917427014,0,0
2300,0.030199517204,0.032359365693,0.0312607936712,0,0
2300,0.032359365693,0.0346736850453,0.0334965439158,0,0
2300,0.0346736850453,0.0371535229097,0.0358921934645,0,0
2300,0.0371535229097,0.0398107170553,0.0384591782045,0,0
2300,0.0398107170553,0.0426579518802,0.0412097519097,0,0
2300,0.0426579518802,0.0457088189615,0.0441570447353,0,0
2300,0.0457088189615,0.0489778819368,0.0473151258961,0,0
2300,0.0489778819368,0.052480746025,0.0506990708275,0,0
2300,0.052480746025,0.056234132519,0.0543250331492,0,0
2300,0.056234132519,0.0602559586074,0.0582103217771,0,0
2300,0.0602559586074,0.0645654229035,0.0623734835482,0,0
2300,0.0645654229035,0.0691830970919,0.0668343917569,0,0
2300,0.0691830970919,0.0741310241301,0.0716143410213,0,0
2300,0.0741310241301,0.0794328234724,0.0767361489362,0.0132918154134,0.99994999875
2300,0.0794328234724,0.0851138038202,0.0822242649947,0,0
2300,0.0851138038202,0.0912010839356,0.0881048873008,0.0050525754923,0.99994999875
2300,0.0912010839356,0.0977237220956,0.0944060876286,0,0
2300,0.0977237220956,0.104712854805,0.101157945426,0.0115686720388,0.99994999875
2300,0.104712854805,0.11220184543,0.108392691402,0,0
2300,0.11220184543,0.120226443462,0.116144861384,0,0
2300,0.120226443462,0.128824955169,0.124451461177,0.0175655311432,0.868185813698
2300,0.128824955169,0.13803842646,0.133352143216,0,0
2300,0.13803842646,0.147910838817,0.142889395851,0,0
2300,0.147910838817,0.158489319246,0.153108746168,0.00711384433648,0.99994999875
2300,0.158489319246,0.169824365246,0.16405897732,0,0
2300,0.169824365246,0.181970085861,0.175792361396,0,0
2300,0.181970085861,0.194984459976,0.188364908949,0,0
2300,0.194984459976,0.208929613085,0.201836636368,0,0
2300,0.208929613085,0.223872113857,0.216271852373,0.00278127139165,0.99994999875
2300,0.223872113857,0.239883291902,0.231739464997,0.0199404648291,0.747529804369
2300,0.239883291902,0.257039578277,0.24831331053,0.00190713164705,0.99994999875
2300,0.257039578277,0.275422870334,0.26607250598,0,0
2300,0.275422870334,0.295120922667,0.28510182675,0,0
2300,0.295120922667,0.316227766017,0.305492111322,0,0
2300,0.316227766017,0.338844156139,0.327340694879,0,0
2300,0.338844156139,0.36307805477,0.350751873953,0.00886748110806,0.99994999875
2300,0.36307805477,0.389045144994,0.375837404288,0,0
2300,0.389045144994,0.41686938347,0.402717034325,0,0
2300,0.41686938347,0.446683592151,0.431519076828,0,0
2300,0.446683592151,0.478630092323,0.462381021399,0,0
2300,0.478630092323,0.512861383991,0.495450190805,0.00977269283427,0.915749279313
2300,0.512861383991,0.549540873858,0.530884444231,0,0
2300,0.549540873858,0.588843655356,0.568852930844,0,0
2300,0.588843655356,0.63095734448,0.60953689724,0,0
2300,0.63095734448,0.676082975392,0.653130552647,0,0
2300,0.676082975392,0.724435960075,0.699841996002,0,0
2300,0.724435960075,0.776247116629,0.749894209332,0,0
2300,0.776247116629,0.831763771103,0.803526122186,0,0
2300,0.831763771103,0.891250938134,0.860993752185,0,0
2300,0.891250938134,0.954992586021,0.922571427155,0,0
2300,0.954992586021,1.02329299228,0.988553094657,0,0
2300,1.02329299228,1.09647819614,1.05925372518,0,0
2300,1.09647819614,1.17489755494,1.13501081567,0,0
2300,1.17489755494,1.25892541179,1.21618600065,0,0
2300,1.25892541179,1.34896288259,1.30316677845,0,0
2300,1.34896288259,1.44543977075,1.39636836106,0,0
2300,1.44543977075,1.54881661891,1.49623565609,0,0
2300,1.54881661891,1.65958690744,1.60324539069,0,0
2300,1.65958690744,1.77827941004,1.71790838716,0,0
2300,1.77827941004,1.90546071796,1.84077200147,0,0
2300,1.90546071796,2.04173794467,1.97242273611,0,0
2300,2.04173794467,2.18776162395,2.11348903984,0,0
2300,2.18776162395,2.34422881532,2.26464430759,0.00102138122672,0.99994999875
2300,2.34422881532,2.51188643151,2.42661009508,0,0
2300,2.51188643151,2.69153480393,2.60015956317,0,0
2300,2.69153480393,2.88403150313,2.78612116863,0,0
2300,2.88403150313,3.09029543251,2.98538261892,0,0
2300,3.09029543251,3.31131121483,3.19889510969,0,0
2300,3.31131121483,3.54813389234,3.42767786546,0,0
2300,3.54813389234,3.80189396321,3.67282300498,0.010810284304,0.99994999875
2300,3.80189396321,4.07380277804,3.93550075456,0,0
2300,4.07380277804,4.3651583224,4.21696503429,0,0
2300,4.3651583224,4.67735141287,4.51855944375,0,0
2300,4.67735141287,5.01187233627,4.84172367584,0,0
2300,5.01187233627,5.3703179637,5.18800038929,0,0
2300,5.3703179637,5.75439937337,5.5590425727,0,0
2300,5.75439937337,6.16595001861,5.95662143529,0,0
2300,6.16595001861,6.60693448008,6.38263486191,0,0
2300,6.60693448008,7.07945784384,6.83911647281,0,0
2300,7.07945784384,7.58577575029,7.32824533139,0.0122931334865,0.99994999875
2300,7.58577575029,8.12830516164,7.8523563461,0.000258894488871,0.99994999875
2300,8.12830516164,8.70963589956,8.41395141645,0.00593629207441,0.99994999875
2300,8.70963589956,9.33254300797,9.01571137606,0,0
2300,9.33254300797,10,9.6605087899,0.115573722736,0.369553167062
2500,0.01,0.0107151930524,0.0103514216668,0,0
2500,0.0107151930524,0.011481536215,0.0110917481526,0,0
2500,0.011481536215,0.0123026877081,0.0118850222744,0,0
2500,0.0123026877081,0.0131825673856,0.0127350308102,0,0
2500,0.0131825673856,0.0141253754462,0.0136458313659,0,0
2500,0.0141253754462,0.0151356124844,0.0146217717446,0,0
2500,0.0151356124844,0.0162181009736,0.0156675107011,0,0
2500,0.0162181009736,0.0173780082875,0.0167880401812,0,0
2500,0.0173780082875,0.0186208713666,0.0179887091513,0,0
2500,0.0186208713666,0.0199526231497,0.0192752491319,0,0
2500,0.0199526231497,0.021379620895,0.0206538015581,0,0
2500,0.021379620895,0.0229086765277,0.0221309470961,0,0
2500,0.0229086765277,0.0245470891569,0.0237137370566,0,0
2500,0.0245470891569,0.026302679919,0.0254097270555,0,0
2500,0.026302679919,0.0281838293126,0.0272270130808,0,0
2500,0.0281838293126,0.030199517204,0.02917427014,0,0
2500,0.030199517204,0.032359365693,0.0312607936712,0.0348850126996,0.99994999875
2500,0.032359365693,0.0346736850453,0.0334965439158,0,0
2500,0.0346736850453,0.0371535229097,0.0358921934645,0,0
2500,0.0371535229097,0.0398107170553,0.0384591782045,0.0296830021872,0.99994999875
2500,0.0398107170553,0.0426579518802,0.0412097519097,0,0
2500,0.0426579518802,0.0457088189615,0.0441570447353,0.0149168259896,0.99994999875
2500,0.0457088189615,0.0489778819368,0.0473151258961,0.0115294908978,0.99994999875
2500,0.0489778819368,0.052480746025,0.0506990708275,0.0439165429266,0.707245901584
2500,0.052480746025,0.056234132519,0.0543250331492,0,0
2500,0.056234132519,0.0602559586074,0.0582103217771,0,0
2500,0.0602559586074,0.0645654229035,0.0623734835482,0,0
2500,0.0645654229035,0.0691830970919,0.0668343917569,0.040941506185,0.807508094201
2500,0.0691830970919,0.0741310241301,0.0716143410213,0,0
2500,0.0741310241301,0.0794328234724,0.0767361489362,0.00202662305129,0.99994999875
2500,0.0794328234724,0.0851138038202,0.0822242649947,0.0346999176695,0.99994999875
2500,0.0851138038202,0.0912010839356,0.0881048873008,0,0
2500,0.0912010839356,0.0977237220956,0.0944060876286,0,0
2500,0.0977237220956,0.104712854805,0.101157945426,0.0637087740195,0.949971503519
2500,0.104712854805,0.11220184543,0.108392691402,0.0543760978477,0.738642781735
2500,0.11220184543,0.120226443462,0.116144861384,0,0
2500,0.120226443462,0.128824955169,0.124451461177,0,0
2500,0.128824955169,0.13803842646,0.133352143216,0.0157701818613,0.99994999875
2500,0.13803842646,0.147910838817,0.142889395851,0.00318807651187,0.99994999875
2500,0.147910838817,0.158489319246,0.153108746168,0,0
2500,0.158489319246,0.169824365246,0.16405897732,0,0
2500,0.169824365246,0.181970085861,0.175792361396,0.0400289639905,0.99994999875
2500,0.181970085861,0.194984459976,0.188364908949,0.0603725442523,0.75375539432
2500,0.194984459976,0.208929613085,0.201836636368,0.00809391953789,0.99994999875
2500,0.208929613085,0.223872113857,0.216271852373,0.0138723342457,0.99994999875
2500,0.223872113857,0.239883291902,0.231739464997,0.15020485841,0.671817937632
2500,0.239883291902,0.257039578277,0.24831331053,0.0402086962037,0.99994999875
2500,0.257039578277,0.275422870334,0.26607250598,0,0
2500,0.275422870334,0.295120922667,0.28510182675,0.0417260391867,0.99994999875
2500,0.295120922667,0.316227766017,0.305492111322,0,0
2500,0.316227766017,0.338844156139,0.327340694879,0.0296916141336,0.99994999875
2500,0.338844156139,0.36307805477,0.350751873953,0.00817774897936,0.99994999875
2500,0.36307805477,0.389045144994,0.375837404288,0,0
2500,0.389045144994,0.41686938347,0.402717034325,0,0
2500,0.41686938347,0.446683592151,0.431519076828,0,0
2500,0.446683592151,0.478630092323,0.462381021399,0.0227165199776,0.99994999875
2500,0.478630092323,0.512861383991,0.495450190805,0.100756941849,0.550752874541
2500,0.512861383991,0.549540873858,0.530884444231,0,0
2500,0.549540873858,0.588843655356,0.568852930844,0.0334457324417,0.99994999875
2500,0.588843655356,0.63095734448,0.60953689724,0,0
2500,0.63095734448,0.676082975392,0.653130552647,0.0341301046153,0.99994999875
2500,0.676082975392,0.724435960075,0.699841996002,0,0
2500,0.724435960075,0.776247116629,0.749894209332,0,0
2500,0.776247116629,0.831763771103,0.803526122186,0,0
2500,0.831763771103,0.891250938134,0.860993752185,0,0
2500,0.891250938134,0.954992586021,0.922571427155,0,0
2500,0.954992586021,1.02329299228,0.988553094657,0,0
2500,1.02329299228,1.09647819614,1.05925372518,0,0
2500,1.09647819614,1.17489755494,1.13501081567,0.0246392242366,0.99994999875
2500,1.17489755494,1.25892541179,1.21618600065,0,0
2500,1.25892541179,1.34896288259,1.30316677845,0,0
2500,1.34896288259,1.44543977075,1.39636836106,0.0260494622638,0.99994999875
2500,1.44543977075,1.54881661891,1.49623565609,0.0375013497447,0.99994999875
2500,1.54881661891,1.65958690744,1.60324539069,0,0
2500,1.65958690744,1.77827941004,1.71790838716,0,0
2500,1.77827941004,1.90546071796,1.84077200147,0,0
2500,1.90546071796,2.04173794467,1.97242273611,0.0217525549331,0.99994999875
2500,2.04173794467,2.18776162395,2.11348903984,0.0226338252399,0.99994999875
2500,2.18776162395,2.34422881532,2.26464430759,0,0
2500,2.34422881532,2.51188643151,2.42661009508,0,0
2500,2.51188643151,2.69153480393,2.60015956317,0,0
2500,2.69153480393,2.88403150313,2.78612116863,0,0
2500,2.88403150313,3.09029543251,2.98538261892,0,0
2500,3.09029543251,3.31131121483,3.19889510969,0,0
2500,3.31131121483,3.54813389234,3.42767786546,0,0
2500,3.54813389234,3.80189396321,3.67282300498,0.0240109508597,0.99994999875
2500,3.80189396321,4.07380277804,3.93550075456,0,0
2500,4.07380277804,4.3651583224,4.21696503429,0,0
2500,4.3651583224,4.67735141287,4.51855944375,0,0
2500,4.67735141287,5.01187233627,4.84172367584,0,0
2500,5.01187233627,5.3703179637,5.18800038929,0,0
2500,5.3703179637,5.75439937337,5.5590425727,0,0
2500,5.75439937337,6.16595001861,5.95662143529,0,0
2500,6.16595001861,6.60693448008,6.38263486191,0,0
2500,6.60693448008,7.07945784384,6.83911647281,0,0
2500,7.07945784384,7.58577575029,7.32824533139,0,0
2500,7.58577575029,8.12830516164,7.8523563461,0,0
2500,8.12830516164,8.70963589956,8.41395141645,0.0377137674794,0.99994999875
2500,8.70963589956,9.33254300797,9.01571137606,0.0431136076875,0.99994999875
2500,9.33254300797,10,9.6605087899,1.36765373329,0.173540860648
2700,0.01,0.0107151930524,0.0103514216668,0,0
2700,0.0107151930524,0.011481536215,0.0110917481526,0,0
2700,0.011481536215,0.0123026877081,0.0118850222744,0,0
2700,0.0123026877081,0.0131825673856,0.0127350308102,0.000195061951646,0.99994999875
2700,0.0131825673856,0.0141253754462,0.0136458313659,0,0
2700,0.0141253754462,0.0151356124844,0.0146217717446,0,0
2700,0.0151356124844,0.0162181009736,0.0156675107011,0,0
2700,0.0162181009736,0.0173780082875,0.0167880401812,0,0
2700,0.0173780082875,0.0186208713666,0.0179887091513,0,0
2700,0.0186208713666,0.0199526231497,0.0192752491319,0,0
2700,0.0199526231497,0.021379620895,0.0206538015581,0,0
2700,0.021379620895,0.0229086765277,0.0221309470961,0,0
2700,0.0229086765277,0.0245470891569,0.0237137370566,0,0
2700,0.0245470891569,0.026302679919,0.0254097270555,0,0
2700,0.026302679919,0.0281838293126,0.0272270130808,0,0
2700,0.0281838293126,0.030199517204,0.02917427014,0,0
2700,0.030199517204,0.032359365693,0.0312607936712,0.000827555868455,0.99994999875
2700,0.032359365693,0.0346736850453,0.0334965439158,0,0
2700,0.0346736850453,0.0371535229097,0.0358921934645,0.000796798425569,0.99994999875
2700,0.0371535229097,0.0398107170553,0.0384591782045,0,0
2700,0.0398107170553,0.0426579518802,0.0412097519097,0,0
2700,0.0426579518802,0.0457088189615,0.0441570447353,0,0
2700,0.0457088189615,0.0489778819368,0.0473151258961,0,0
2700,0.0489778819368,0.052480746025,0.0506990708275,0.00459278221775,0.99994999875
2700,0.052480746025,0.056234132519,0.0543250331492,0,0
2700,0.056234132519,0.0602559586074,0.0582103217771,0.00684491135425,0.59918908983
2700,0.0602559586074,0.0645654229035,0.0623734835482,0.00462319732643,0.613065323017
2700,0.0645654229035,0.0691830970919,0.0668343917569,0.00845916212714,0.796219166938
2700,0.0691830970919,0.0741310241301,0.0716143410213,0.00121672069048,0.99994999875
2700,0.0741310241301,0.0794328234724,0.0767361489362,0.00515847584205,0.571647322691
2700,0.0794328234724,0.0851138038202,0.0822242649947,0.00640417534315,0.99994999875
2700,0.0851138038202,0.0912010839356,0.0881048873008,0.00485958714047,0.743284224564
2700,0.0912010839356,0.0977237220956,0.0944060876286,0.0162587141077,0.687816937073
2700,0.0977237220956,0.104712854805,0.101157945426,0.00208961131697,0.99994999875
2700,0.104712854805,0.11220184543,0.108392691402,0.00250630511348,0.991398910954
2700,0.11220184543,0.120226443462,0.116144861384,0.00564968941654,0.99994999875
2700,0.120226443462,0.128824955169,0.124451461177,0.0024129848104,0.99994999875
2700,0.128824955169,0.13803842646,0.133352143216,0.00179012753219,0.99994999875
2700,0.13803842646,0.147910838817,0.142889395851,0.00359869851577,0.724377008432
2700,0.147910838817,0.158489319246,0.153108746168,0.00223607716209,0.99994999875
2700,0.158489319246,0.169824365246,0.16405897732,0.00139439753551,0.99994999875
2700,0.169824365246,0.181970085861,0.175792361396,0,0
2700,0.181970085861,0.194984459976,0.188364908949,0.00467473295723,0.72521282473
2700,0.194984459976,0.208929613085,0.201836636368,0.0046959280154,0.791057037706
2700,0.208929613085,0.223872113857,0.216271852373,0.007231218713,0.757858338911
2700,0.223872113857,0.239883291902,0.231739464997,0.00242745604696,0.99994999875
2700,0.239883291902,0.257039578277,0.24831331053,0,0
2700,0.257039578277,0.275422870334,0.26607250598,0.00374070460761,0.642770472029
2700,0.275422870334,0.295120922667,0.28510182675,0.00199897777474,0.99994999875
2700,0.295120922667,0.316227766017,0.305492111322,0.0135511191306,0.593192918975
2700,0.316227766017,0.338844156139,0.327340694879,0.00172223432475,0.99994999875
2700,0.338844156139,0.36307805477,0.350751873953,0.00591496988293,0.752850839576
2700,0.36307805477,0.389045144994,0.375837404288,0.000310800155016,0.99994999875
2700,0.389045144994,0.41686938347,0.402717034325,0.00135298842726,0.743697038746
2700,0.41686938347,0.446683592151,0.431519076828,0.0132112098412,0.734138658255
2700,0.446683592151,0.478630092323,0.462381021399,0.00474891256352,0.99994999875
2700,0.478630092323,0.512861383991,0.495450190805,0.0243298711356,0.427664059284
2700,0.512861383991,0.549540873858,0.530884444231,0,0
2700,0.549540873858,0.588843655356,0.568852930844,0.00395980464104,0.99994999875
2700,0.588843655356,0.63095734448,0.60953689724,0,0
2700,0.63095734448,0.676082975392,0.653130552647,0,0
2700,0.676082975392,0.724435960075,0.699841996002,0,0
2700,0.724435960075,0.776247116629,0.749894209332,0.00154615823404,0.99994999875
2700,0.776247116629,0.831763771103,0.803526122186,0.00889036839277,0.99994999875
2700,0.831763771103,0.891250938134,0.860993752185,0,0
2700,0.891250938134,0.954992586021,0.922571427155,0.00405266680615,0.736602378404
2700,0.954992586021,1.02329299228,0.988553094657,0.00302730036055,0.707851490224
2700,1.02329299228,1.09647819614,1.05925372518,0.00470405283889,0.99994999875
2700,1.09647819614,1.17489755494,1.13501081567,0.00402560284272,0.717191814725
2700,1.17489755494,1.25892541179,1.21618600065,0.000436561910015,0.99994999875
2700,1.25892541179,1.34896288259,1.30316677845,0,0
2700,1.34896288259,1.44543977075,1.39636836106,0,0
2700,1.44543977075,1.54881661891,1.49623565609,0,0
2700,1.54881661891,1.65958690744,1.60324539069,0.00442487291504,0.99994999875
2700,1.65958690744,1.77827941004,1.71790838716,0.00438794138913,0.99994999875
2700,1.77827941004,1.90546071796,1.84077200147,0,0
2700,1.90546071796,2.04173794467,1.97242273611,0,0
2700,2.04173794467,2.18776162395,2.11348903984,0,0
2700,2.18776162395,2.34422881532,2.26464430759,0.00470574282043,0.794138349668
2700,2.34422881532,2.51188643151,2.42661009508,0.00309890656298,0.99994999875
2700,2.51188643151,2.69153480393,2.60015956317,0,0
2700,2.69153480393,2.88403150313,2.78612116863,0,0
2700,2.88403150313,3.09029543251,2.98538261892,0,0
2700,3.09029543251,3.31131121483,3.19889510969,0.00422275418047,0.99994999875
2700,3.31131121483,3.54813389234,3.42767786546,0,0
2700,3.54813389234,3.80189396321,3.67282300498,0,0
2700,3.80189396321,4.07380277804,3.93550075456,0.00179611243138,0.99994999875
2700,4.07380277804,4.3651583224,4.21696503429,0.0115368550076,0.611961847043
2700,4.3651583224,4.67735141287,4.51855944375,0,0
2700,4.67735141287,5.01187233627,4.84172367584,0.014949321115,0.824810799697
2700,5.01187233627,5.3703179637,5.18800038929,0,0
2700,5.3703179637,5.75439937337,5.5590425727,0.00840048808953,0.594631546995
2700,5.75439937337,6.16595001861,5.95662143529,0.00379840244481,0.99994999875
2700,6.16595001861,6.60693448008,6.38263486191,0,0
2700,6.60693448008,7.07945784384,6.83911647281,0.00362437304296,0.710500210741
2700,7.07945784384,7.58577575029,7.32824533139,0.00138938785136,0.99994999875
2700,7.58577575029,8.12830516164,7.8523563461,0,0
2700,8.12830516164,8.70963589956,8.41395141645,0.0111376815434,0.99994999875
2700,8.70963589956,9.33254300797,9.01571137606,0,0
2700,9.33254300797,10,9.6605087899,0.241605748245,0.163662029797
2900,0.01,0.0107151930524,0.0103514216668,0,0
2900,0.0107151930524,0.011481536215,0.0110917481526,0,0
2900,0.011481536215,0.0123026877081,0.0118850222744,0,0
2900,0.0123026877081,0.0131825673856,0.0127350308102,0,0
2900,0.0131825673856,0.0141253754462,0.0136458313659,0,0
2900,0.0141253754462,0.0151356124844,0.0146217717446,0,0
2900,0.0151356124844,0.0162181009736,0.0156675107011,0,0
2900,0.0162181009736,0.0173780082875,0.0167880401812,0,0
2900,0.0173780082875,0.0186208713666,0.0179887091513,0,0
2900,0.0186208713666,0.0199526231497,0.0192752491319,0,0
2900,0.0199526231497,0.021379620895,0.0206538015581,0,0
2900,0.021379620895,0.0229086765277,0.0221309470961,0,0
2900,0.0229086765277,0.0245470891569,0.0237137370566,0,0
2900,0.0245470891569,0.026302679919,0.0254097270555,0,0
2900,0.026302679919,0.0281838293126,0.0272270130808,0,0
2900,0.0281838293126,0.030199517204,0.02917427014,0,0
2900,0.030199517204,0.032359365693,0.0312607936712,0.000167054409301,0.99994999875
2900,0.032359365693,0.0346736850453,0.0334965439158,0,0
2900,0.0346736850453,0.0371535229097,0.0358921934645,0,0
2900,0.0371535229097,0.0398107170553,0.0384591782045,0,0
2900,0.0398107170553,0.0426579518802,0.0412097519097,0.0100266391118,0.916761798174
2900,0.0426579518802,0.0457088189615,0.0441570447353,0.000753549238846,0.99994999875
2900,0.0457088189615,0.0489778819368,0.0473151258961,0.0158295635106,0.623867847628
2900,0.0489778819368,0.052480746025,0.0506990708275,0.00478368691043,0.99994999875
2900,0.052480746025,0.056234132519,0.0543250331492,0.0178912409383,0.732299014804
2900,0.056234132519,0.0602559586074,0.0582103217771,0.0131711697799,0.99994999875
2900,0.0602559586074,0.0645654229035,0.0623734835482,0.00319204383697,0.99994999875
2900,0.0645654229035,0.0691830970919,0.0668343917569,0.0114081512884,0.99994999875
2900,0.0691830970919,0.0741310241301,0.0716143410213,0.0160654431989,0.707164669886
2900,0.0741310241301,0.0794328234724,0.0767361489362,0.00749274928828,0.99994999875
2900,0.0794328234724,0.0851138038202,0.0822242649947,0,0
2900,0.0851138038202,0.0912010839356,0.0881048873008,0,0
2900,0.0912010839356,0.0977237220956,0.0944060876286,0.0143483687743,0.70716714481
2900,0.0977237220956,0.104712854805,0.101157945426,0.0112308391952,0.69288595069
2900,0.104712854805,0.11220184543,0.108392691402,0.0328158483284,0.462515124043
2900,0.11220184543,0.120226443462,0.116144861384,0.0353314501811,0.539904611912
2900,0.120226443462,0.128824955169,0.124451461177,0.00851665952676,0.931365123946
2900,0.128824955169,0.13803842646,0.133352143216,0.00513800461044,0.99994999875
2900,0.13803842646,0.147910838817,0.142889395851,0.00551657533561,0.723248853621
2900,0.147910838817,0.158489319246,0.153108746168,0.0151501779427,0.677199839533
2900,0.158489319246,0.169824365246,0.16405897732,0.0229159000251,0.638703599066
2900,0.169824365246,0.181970085861,0.175792361396,0.0139529504326,0.666462100539
2900,0.181970085861,0.194984459976,0.188364908949,0.00414788154835,0.99994999875
2900,0.194984459976,0.208929613085,0.201836636368,0.015769136372,0.79707504833
2900,0.208929613085,0.223872113857,0.216271852373,0.00145844263702,0.99994999875
2900,0.223872113857,0.239883291902,0.231739464997,0.00411716885449,0.99994999875
2900,0.239883291902,0.257039578277,0.24831331053,0.0200296625157,0.575551361161
2900,0.257039578277,0.275422870334,0.26607250598,0.0149850235508,0.72733417742
2900,0.275422870334,0.295120922667,0.28510182675,0,0
2900,0.295120922667,0.316227766017,0.305492111322,0.0113960554697,0.99994999875
2900,0.316227766017,0.338844156139,0.327340694879,0,0
2900,0.338844156139,0.36307805477,0.350751873953,0.00430352188285,0.99994999875
2900,0.36307805477,0.389045144994,0.375837404288,0,0
2900,0.389045144994,0.41686938347,0.402717034325,0.00676543130696,0.99994999875
2900,0.41686938347,0.446683592151,0.431519076828,0.00579089519368,0.932083240905
2900,0.446683592151,0.478630092323,0.462381021399,0.0396327031457,0.658951102073
2900,0.478630092323,0.512861383991,0.495450190805,0.0329876351626,0.548218234632
2900,0.512861383991,0.549540873858,0.530884444231,0.0083825643178,0.99994999875
2900,0.549540873858,0.588843655356,0.568852930844,0,0
2900,0.588843655356,0.63095734448,0.60953689724,0.00551768057076,0.784180617542
2900,0.63095734448,0.676082975392,0.653130552647,0.01166277472,0.99994999875
2900,0.676082975392,0.724435960075,0.699841996002,0.00129071307286,0.99994999875
2900,0.724435960075,0.776247116629,0.749894209332,0,0
2900,0.776247116629,0.831763771103,0.803526122186,0,0
2900,0.831763771103,0.891250938134,0.860993752185,0.0316414113006,0.99994999875
2900,0.891250938134,0.954992586021,0.922571427155,0,0
2900,0.954992586021,1.02329299228,0.988553094657,0,0
2900,1.02329299228,1.09647819614,1.05925372518,0,0
2900,1.09647819614,1.17489755494,1.13501081567,0.00165276169117,0.99994999875
2900,1.17489755494,1.25892541179,1.21618600065,0.00296359828752,0.99994999875
2900,1.25892541179,1.34896288259,1.30316677845,0,0
2900,1.34896288259,1.44543977075,1.39636836106,0,0
2900,1.44543977075,1.54881661891,1.49623565609,0,0
2900,1.54881661891,1.65958690744,1.60324539069,0.00753872537777,0.99994999875
2900,1.65958690744,1.77827941004,1.71790838716,0,0
2900,1.77827941004,1.90546071796,1.84077200147,0,0
2900,1.90546071796,2.04173794467,1.97242273611,0,0
2900,2.04173794467,2.18776162395,2.11348903984,0,0
2900,2.18776162395,2.34422881532,2.26464430759,0.0197125434086,0.758924034395
2900,2.34422881532,2.51188643151,2.42661009508,0,0
2900,2.51188643151,2.69153480393,2.60015956317,0,0
2900,2.69153480393,2.88403150313,2.78612116863,0,0
2900,2.88403150313,3.09029543251,2.98538261892,0.00892628278631,0.99994999875
2900,3.09029543251,3.31131121483,3.19889510969,0,0
2900,3.31131121483,3.54813389234,3.42767786546,0,0
2900,3.54813389234,3.80189396321,3.67282300498,0.00615122678712,0.99994999875
2900,3.80189396321,4.07380277804,3.93550075456,0,0
2900,4.07380277804,4.3651583224,4.21696503429,0.0135916740068,0.99994999875
2900,4.3651583224,4.67735141287,4.51855944375,0,0
2900,4.67735141287,5.01187233627,4.84172367584,0,0
2900,5.01187233627,5.3703179637,5.18800038929,0,0
2900,5.3703179637,5.75439937337,5.5590425727,0,0
2900,5.75439937337,6.16595001861,5.95662143529,0.0245515290979,0.99994999875
2900,6.16595001861,6.60693448008,6.38263486191,0,0
2900,6.60693448008,7.07945784384,6.83911647281,0.0158746315555,0.99994999875
2900,7.07945784384,7.58577575029,7.32824533139,0,0
2900,7.58577575029,8.12830516164,7.8523563461,0,0
2900,8.12830516164,8.70963589956,8.41395141645,0,0
2900,8.70963589956,9.33254300797,9.01571137606,0,0
2900,9.33254300797,10,9.6605087899,0.213931551566,0.290164688004
3000,0.01,0.0107151930524,0.0103514216668,0,0
3000,0.0107151930524,0.011481536215,0.0110917481526,0,0
3000,0.011481536215,0.0123026877081,0.0118850222744,0,0
3000,0.0123026877081,0.0131825673856,0.0127350308102,0,0
3000,0.0131825673856,0.0141253754462,0.0136458313659,0,0
3000,0.0141253754462,0.0151356124844,0.0146217717446,0,0
3000,0.0151356124844,0.0162181009736,0.0156675107011,0,0
3000,0.0162181009736,0.0173780082875,0.0167880401812,0,0
3000,0.0173780082875,0.0186208713666,0.0179887091513,0,0
3000,0.0186208713666,0.0199526231497,0.0192752491319,0,0
3000,0.0199526231497,0.021379620895,0.0206538015581,0,0
3000,0.021379620895,0.0229086765277,0.0221309470961,0,0
3000,0.0229086765277,0.0245470891569,0.0237137370566,0,0
3000,0.0245470891569,0.026302679919,0.0254097270555,0,0
3000,0.026302679919,0.0281838293126,0.0272270130808,0,0
3000,0.0281838293126,0.030199517204,0.02917427014,0,0
3000,0.030199517204,0.032359365693,0.0312607936712,0,0
3000,0.032359365693,0.0346736850453,0.0334965439158,0,0
3000,0.0346736850453,0.0371535229097,0.0358921934645,0,0
3000,0.0371535229097,0.0398107170553,0.0384591782045,0,0
3000,0.0398107170553,0.0426579518802,0.0412097519097,0,0
3000,0.0426579518802,0.0457088189615,0.0441570447353,0,0
3000,0.0457088189615,0.0489778819368,0.0473151258961,0,0
3000,0.0489778819368,0.052480746025,0.0506990708275,0,0
3000,0.052480746025,0.056234132519,0.0543250331492,0,0
3000,0.056234132519,0.0602559586074,0.0582103217771,0,0
3000,0.0602559586074,0.0645654229035,0.0623734835482,0,0
3000,0.0645654229035,0.0691830970919,0.0668343917569,0,0
3000,0.0691830970919,0.0741310241301,0.0716143410213,0,0
3000,0.0741310241301,0.0794328234724,0.0767361489362,0,0
3000,0.0794328234724,0.0851138038202,0.0822242649947,0,0
3000,0.0851138038202,0.0912010839356,0.0881048873008,0,0
3000,0.0912010839356,0.0977237220956,0.0944060876286,0,0
3000,0.0977237220956,0.104712854805,0.101157945426,0,0
3000,0.104712854805,0.11220184543,0.108392691402,0,0
3000,0.11220184543,0.120226443462,0.116144861384,0.0262442386392,0.99994999875
3000,0.120226443462,0.128824955169,0.124451461177,0,0
3000,0.128824955169,0.13803842646,0.133352143216,0.00399679790221,0.99994999875
3000,0.13803842646,0.147910838817,0.142889395851,0,0
3000,0.147910838817,0.158489319246,0.153108746168,0,0
3000,0.158489319246,0.169824365246,0.16405897732,0,0
3000,0.169824365246,0.181970085861,0.175792361396,0,0
3000,0.181970085861,0.194984459976,0.188364908949,0.015020938457,0.99994999875
3000,0.194984459976,0.208929613085,0.201836636368,0,0
3000,0.208929613085,0.223872113857,0.216271852373,0,0
3000,0.223872113857,0.239883291902,0.231739464997,0,0
3000,0.239883291902,0.257039578277,0.24831331053,0,0
3000,0.257039578277,0.275422870334,0.26607250598,0,0
3000,0.275422870334,0.295120922667,0.28510182675,0,0
3000,0.295120922667,0.316227766017,0.305492111322,0,0
3000,0.316227766017,0.338844156139,0.327340694879,0,0
3000,0.338844156139,0.36307805477,0.350751873953,0,0
3000,0.36307805477,0.389045144994,0.375837404288,0,0
3000,0.389045144994,0.41686938347,0.402717034325,0,0
3000,0.41686938347,0.446683592151,0.431519076828,0,0
3000,0.446683592151,0.478630092323,0.462381021399,0,0
3000,0.478630092323,0.512861383991,0.495450190805,0.0141695644413,0.99994999875
3000,0.512861383991,0.549540873858,0.530884444231,0,0
3000,0.549540873858,0.588843655356,0.568852930844,0,0
3000,0.588843655356,0.63095734448,0.60953689724,0,0
3000,0.63095734448,0.676082975392,0.653130552647,0,0
3000,0.676082975392,0.724435960075,0.699841996002,0,0
3000,0.724435960075,0.776247116629,0.749894209332,0,0
3000,0.776247116629,0.831763771103,0.803526122186,0,0
3000,0.831763771103,0.891250938134,0.860993752185,0,0
3000,0.891250938134,0.954992586021,0.922571427155,0,0
3000,0.954992586021,1.02329299228,0.988553094657,0.0309034020133,0.99994999875
3000,1.02329299228,1.09647819614,1.05925372518,0,0
3000,1.09647819614,1.17489755494,1.13501081567,0.0271645214417,0.99994999875
3000,1.17489755494,1.25892541179,1.21618600065,0,0
3000,1.25892541179,1.34896288259,1.30316677845,0,0
3000,1.34896288259,1.44543977075,1.39636836106,0,0
3000,1.44543977075,1.54881661891,1.49623565609,0,0
3000,1.54881661891,1.65958690744,1.60324539069,0,0
3000,1.65958690744,1.77827941004,1.71790838716,0,0
3000,1.77827941004,1.90546071796,1.84077200147,0,0
3000,1.90546071796,2.04173794467,1.97242273611,0,0
3000,2.04173794467,2.18776162395,2.11348903984,0,0
3000,2.18776162395,2.34422881532,2.26464430759,0,0
3000,2.34422881532,2.51188643151,2.42661009508,0,0
3000,2.51188643151,2.69153480393,2.60015956317,0,0
3000,2.69153480393,2.88403150313,2.78612116863,0.0231760286888,0.99994999875
3000,2.88403150313,3.09029543251,2.98538261892,0,0
3000,3.09029543251,3.31131121483,3.19889510969,0,0
3000,3.31131121483,3.54813389234,3.42767786546,0,0
3000,3.54813389234,3.80189396321,3.67282300498,0,0
3000,3.80189396321,4.07380277804,3.93550075456,0,0
3000,4.07380277804,4.3651583224,4.21696503429,0,0
3000,4.3651583224,4.67735141287,4.51855944375,0,0
3000,4.67735141287,5.01187233627,4.84172367584,0,0
3000,5.01187233627,5.3703179637,5.18800038929,0,0
3000,5.3703179637,5.75439937337,5.5590425727,0,0
3000,5.75439937337,6.16595001861,5.95662143529,0.0597874405671,0.99994999875
3000,6.16595001861,6.60693448008,6.38263486191,0,0
3000,6.60693448008,7.07945784384,6.83911647281,0,0
3000,7.07945784384,7.58577575029,7.32824533139,0,0
3000,7.58577575029,8.12830516164,7.8523563461,0,0
3000,8.12830516164,8.70963589956,8.41395141645,0,0
3000,8.70963589956,9.33254300797,9.01571137606,0,0
3000,9.33254300797,10,9.6605087899,0.126617412212,0.590382662449
3200,0.01,0.0107151930524,0.0103514216668,0,0
3200,0.0107151930524,0.011481536215,0.0110917481526,0,0
3200,0.011481536215,0.0123026877081,0.0118850222744,0,0
3200,0.0123026877081,0.0131825673856,0.0127350308102,0,0
3200,0.0131825673856,0.0141253754462,0.0136458313659,0,0
3200,0.0141253754462,0.0151356124844,0.0146217717446,0,0
3200,0.0151356124844,0.0162181009736,0.0156675107011,0,0
3200,0.0162181009736,0.0173780082875,0.0167880401812,0,0
3200,0.0173780082875,0.0186208713666,0.0179887091513,0,0
3200,0.0186208713666,0.0199526231497,0.0192752491319,0,0
3200,0.0199526231497,0.021379620895,0.0206538015581,0,0
3200,0.021379620895,0.0229086765277,0.0221309470961,0,0
3200,0.0229086765277,0.0245470891569,0.0237137370566,0,0
3200,0.0245470891569,0.026302679919,0.0254097270555,0,0
3200,0.026302679919,0.0281838293126,0.0272270130808,0,0
3200,0.0281838293126,0.030199517204,0.02917427014,0,0
3200,0.030199517204,0.032359365693,0.0312607936712,0,0
3200,0.032359365693,0.0346736850453,0.0334965439158,0,0
3200,0.0346736850453,0.0371535229097,0.0358921934645,0,0
3200,0.0371535229097,0.0398107170553,0.0384591782045,0,0
3200,0.0398107170553,0.0426579518802,0.0412097519097,0,0
3200,0.0426579518802,0.0457088189615,0.0441570447353,0,0
3200,0.0457088189615,0.0489778819368,0.0473151258961,0,0
3200,0.0489778819368,0.052480746025,0.0506990708275,0,0
3200,0.052480746025,0.056234132519,0.0543250331492,0,0
3200,0.056234132519,0.0602559586074,0.0582103217771,0,0
3200,0.0602559586074,0.0645654229035,0.0623734835482,0,0
3200,0.0645654229035,0.0691830970919,0.0668343917569,0,0
3200,0.0691830970919,0.0741310241301,0.0716143410213,0,0
3200,0.0741310241301,0.0794328234724,0.0767361489362,0,0
3200,0.0794328234724,0.0851138038202,0.0822242649947,0.00769373075233,0.99994999875
3200,0.0851138038202,0.0912010839356,0.0881048873008,0,0
3200,0.0912010839356,0.0977237220956,0.0944060876286,0,0
3200,0.0977237220956,0.104712854805,0.101157945426,0,0
3200,0.104712854805,0.11220184543,0.108392691402,0,0
3200,0.11220184543,0.120226443462,0.116144861384,0,0
3200,0.120226443462,0.128824955169,0.124451461177,0.00628469895259,0.99994999875
3200,0.128824955169,0.13803842646,0.133352143216,0.00918529906269,0.99994999875
3200,0.13803842646,0.147910838817,0.142889395851,0,0
3200,0.147910838817,0.158489319246,0.153108746168,0,0
3200,0.158489319246,0.169824365246,0.16405897732,0.00475829936338,0.99994999875
3200,0.169824365246,0.181970085861,0.175792361396,0,0
3200,0.181970085861,0.194984459976,0.188364908949,0,0
3200,0.194984459976,0.208929613085,0.201836636368,0.0118731375893,0.99994999875
3200,0.208929613085,0.223872113857,0.216271852373,0.00644080629025,0.99994999875
3200,0.223872113857,0.239883291902,0.231739464997,0,0
3200,0.239883291902,0.257039578277,0.24831331053,0,0
3200,0.257039578277,0.275422870334,0.26607250598,0,0
3200,0.275422870334,0.295120922667,0.28510182675,0,0
3200,0.295120922667,0.316227766017,0.305492111322,0,0
3200,0.316227766017,0.338844156139,0.327340694879,0,0
3200,0.338844156139,0.36307805477,0.350751873953,0,0
3200,0.36307805477,0.389045144994,0.375837404288,0,0
3200,0.389045144994,0.41686938347,0.402717034325,0,0
3200,0.41686938347,0.446683592151,0.431519076828,0,0
3200,0.446683592151,0.478630092323,0.462381021399,0,0
3200,0.478630092323,0.512861383991,0.495450190805,0,0
3200,0.512861383991,0.549540873858,0.530884444231,0,0
3200,0.549540873858,0.588843655356,0.568852930844,0,0
3200,0.588843655356,0.63095734448,0.60953689724,0,0
3200,0.63095734448,0.676082975392,0.653130552647,0,0
3200,0.676082975392,0.724435960075,0.699841996002,0,0
3200,0.724435960075,0.776247116629,0.749894209332,0,0
3200,0.776247116629,0.831763771103,0.803526122186,0,0
3200,0.831763771103,0.891250938134,0.860993752185,0,0
3200,0.891250938134,0.954992586021,0.922571427155,0,0
3200,0.954992586021,1.02329299228,0.988553094657,0.00251886192389,0.99994999875
3200,1.02329299228,1.09647819614,1.05925372518,0,0
3200,1.09647819614,1.17489755494,1.13501081567,0,0
3200,1.17489755494,1.25892541179,1.21618600065,0,0
3200,1.25892541179,1.34896288259,1.30316677845,0,0
3200,1.34896288259,1.44543977075,1.39636836106,0,0
3200,1.44543977075,1.54881661891,1.49623565609,0,0
3200,1.54881661891,1.65958690744,1.60324539069,0,0
3200,1.65958690744,1.77827941004,1.71790838716,0,0
3200,1.77827941004,1.90546071796,1.84077200147,0,0
3200,1.90546071796,2.04173794467,1.97242273611,0,0
3200,2.04173794467,2.18776162395,2.11348903984,0,0
3200,2.18776162395,2.34422881532,2.26464430759,0,0
3200,2.34422881532,2.51188643151,2.42661009508,0,0
3200,2.51188643151,2.69153480393,2.60015956317,0,0
3200,2.69153480393,2.88403150313,2.78612116863,0,0
3200,2.88403150313,3.09029543251,2.98538261892,0,0
3200,3.09029543251,3.31131121483,3.19889510969,0,0
3200,3.31131121483,3.54813389234,3.42767786546,0,0
3200,3.54813389234,3.80189396321,3.67282300498,0,0
3200,3.80189396321,4.07380277804,3.93550075456,0,0
3200,4.07380277804,4.3651583224,4.21696503429,0.00457632237219,0.99994999875
3200,4.3651583224,4.67735141287,4.51855944375,0,0
3200,4.67735141287,5.01187233627,4.84172367584,0,0
3200,5.01187233627,5.3703179637,5.18800038929,0,0
3200,5.3703179637,5.75439937337,5.5590425727,0,0
3200,5.75439937337,6.16595001861,5.95662143529,0,0
3200,6.16595001861,6.60693448008,6.38263486191,0,0
3200,6.60693448008,7.07945784384,6.83911647281,0,0
3200,7.07945784384,7.58577575029,7.32824533139,0,0
3200,7.58577575029,8.12830516164,7.8523563461,0,0
3200,8.12830516164,8.70963589956,8.41395141645,0,0
3200,8.70963589956,9.33254300797,9.01571137606,0,0
3200,9.33254300797,10,9.6605087899,0.00403018081351,0.99994999875
3500,0.01,0.0107151930524,0.0103514216668,0,0
3500,0.0107151930524,0.011481536215,0.0110917481526,0,0
3500,0.011481536215,0.0123026877081,0.0118850222744,0,0
3500,0.0123026877081,0.0131825673856,0.0127350308102,0,0
3500,0.0131825673856,0.0141253754462,0.0136458313659,0,0
3500,0.0141253754462,0.0151356124844,0.0146217717446,0,0
3500,0.0151356124844,0.0162181009736,0.0156675107011,0,0
3500,0.0162181009736,0.0173780082875,0.0167880401812,0,0
3500,0.0173780082875,0.0186208713666,0.0179887091513,0,0
3500,0.0186208713666,0.0199526231497,0.0192752491319,0,0
3500,0.0199526231497,0.021379620895,0.0206538015581,0,0
3500,0.021379620895,0.0229086765277,0.0221309470961,0,0
3500,0.0229086765277,0.0245470891569,0.0237137370566,0,0
3500,0.0245470891569,0.026302679919,0.0254097270555,0,0
3500,0.026302679919,0.0281838293126,0.0272270130808,0,0
3500,0.0281838293126,0.030199517204,0.02917427014,0,0
3500,0.030199517204,0.032359365693,0.0312607936712,0,0
3500,0.032359365693,0.0346736850453,0.0334965439158,0,0
3500,0.0346736850453,0.0371535229097,0.0358921934645,0,0
3500,0.0371535229097,0.0398107170553,0.0384591782045,0,0
3500,0.0398107170553,0.0426579518802,0.0412097519097,0,0
3500,0.0426579518802,0.0457088189615,0.0441570447353,0,0
3500,0.0457088189615,0.0489778819368,0.0473151258961,0,0
3500,0.0489778819368,0.052480746025,0.0506990708275,0,0
3500,0.052480746025,0.056234132519,0.0543250331492,0,0
3500,0.056234132519,0.0602559586074,0.0582103217771,0,0
3500,0.0602559586074,0.0645654229035,0.0623734835482,0,0
3500,0.0645654229035,0.0691830970919,0.0668343917569,0,0
3500,0.0691830970919,0.0741310241301,0.0716143410213,0,0
3500,0.0741310241301,0.0794328234724,0.0767361489362,0,0
3500,0.0794328234724,0.0851138038202,0.0822242649947,0,0
3500,0.0851138038202,0.0912010839356,0.0881048873008,0,0
3500,0.0912010839356,0.0977237220956,0.0944060876286,0,0
3500,0.0977237220956,0.104712854805,0.101157945426,0,0
3500,0.104712854805,0.11220184543,0.108392691402,0,0
3500,0.11220184543,0.120226443462,0.116144861384,0,0
3500,0.120226443462,0.128824955169,0.124451461177,0,0
3500,0.128824955169,0.13803842646,0.133352143216,0.0065157841835,0.99994999875
3500,0.13803842646,0.147910838817,0.142889395851,0,0
3500,0.147910838817,0.158489319246,0.153108746168,0,0
3500,0.158489319246,0.169824365246,0.16405897732,0,0
3500,0.169824365246,0.181970085861,0.175792361396,0,0
3500,0.181970085861,0.194984459976,0.188364908949,0,0
3500,0.194984459976,0.208929613085,0.201836636368,0,0
3500,0.208929613085,0.223872113857,0.216271852373,0,0
3500,0.223872113857,0.239883291902,0.231739464997,0,0
3500,0.239883291902,0.257039578277,0.24831331053,0,0
3500,0.257039578277,0.275422870334,0.26607250598,0.00343050731701,0.99994999875
3500,0.275422870334,0.295120922667,0.28510182675,0,0
3500,0.295120922667,0.316227766017,0.305492111322,0.00527764732264,0.99994999875
3500,0.316227766017,0.338844156139,0.327340694879,0,0
3500,0.338844156139,0.36307805477,0.350751873953,0,0
3500,0.36307805477,0.389045144994,0.375837404288,0,0
3500,0.389045144994,0.41686938347,0.402717034325,0,0
3500,0.41686938347,0.446683592151,0.431519076828,0,0
3500,0.446683592151,0.478630092323,0.462381021399,0,0
3500,0.478630092323,0.512861383991,0.495450190805,0,0
3500,0.512861383991,0.549540873858,0.530884444231,0,0
3500,0.549540873858,0.588843655356,0.568852930844,0,0
3500,0.588843655356,0.63095734448,0.60953689724,0,0
3500,0.63095734448,0.676082975392,0.653130552647,0,0
3500,0.676082975392,0.724435960075,0.699841996002,0,0
3500,0.724435960075,0.776247116629,0.749894209332,0,0
3500,0.776247116629,0.831763771103,0.803526122186,0,0
3500,0.831763771103,0.891250938134,0.860993752185,0,0
3500,0.891250938134,0.954992586021,0.922571427155,0,0
3500,0.954992586021,1.02329299228,0.988553094657,0,0
3500,1.02329299228,1.09647819614,1.05925372518,0,0
3500,1.09647819614,1.17489755494,1.13501081567,0,0
3500,1.17489755494,1.25892541179,1.21618600065,0,0
3500,1.25892541179,1.34896288259,1.30316677845,0,0
3500,1.34896288259,1.44543977075,1.39636836106,0,0
3500,1.44543977075,1.54881661891,1.49623565609,0,0
3500,1.54881661891,1.65958690744,1.60324539069,0,0
3500,1.65958690744,1.77827941004,1.71790838716,0,0
3500,1.77827941004,1.90546071796,1.84077200147,0,0
3500,1.90546071796,2.04173794467,1.97242273611,0,0
3500,2.04173794467,2.18776162395,2.11348903984,0,0
3500,2.18776162395,2.34422881532,2.26464430759,0,0
3500,2.34422881532,2.51188643151,2.42661009508,0,0
3500,2.51188643151,2.69153480393,2.60015956317,0,0
3500,2.69153480393,2.88403150313,2.78612116863,0,0
3500,2.88403150313,3.09029543251,2.98538261892,0,0
3500,3.09029543251,3.31131121483,3.19889510969,0,0
3500,3.31131121483,3.54813389234,3.42767786546,0,0
3500,3.54813389234,3.80189396321,3.67282300498,0,0
3500,3.80189396321,4.07380277804,3.93550075456,0,0
3500,4.07380277804,4.3651583224,4.21696503429,0,0
3500,4.3651583224,4.67735141287,4.51855944375,0,0
3500,4.67735141287,5.01187233627,4.84172367584,0,0
3500,5.01187233627,5.3703179637,5.18800038929,0,0
3500,5.3703179637,5.75439937337,5.5590425727,0,0
3500,5.75439937337,6.16595001861,5.95662143529,0,0
3500,6.16595001861,6.60693448008,6.38263486191,0,0
3500,6.60693448008,7.07945784384,6.83911647281,0,0
3500,7.07945784384,7.58577575029,7.32824533139,0,0
3500,7.58577575029,8.12830516164,7.8523563461,0,0
3500,8.12830516164,8.70963589956,8.41395141645,0,0
3500,8.70963589956,9.33254300797,9.01571137606,0,0
3500,9.33254300797,10,9.6605087899,0.0206000875976,0.550775876717
3600,0.01,0.0107151930524,0.0103514216668,0,0
3600,0.0107151930524,0.011481536215,0.0110917481526,0,0
3600,0.011481536215,0.0123026877081,0.0118850222744,0,0
3600,0.0123026877081,0.0131825673856,0.0127350308102,0,0
3600,0.0131825673856,0.0141253754462,0.0136458313659,0,0
3600,0.0141253754462,0.0151356124844,0.0146217717446,0,0
3600,0.0151356124844,0.0162181009736,0.0156675107011,0,0
3600,0.0162181009736,0.0173780082875,0.0167880401812,0,0
3600,0.0173780082875,0.0186208713666,0.0179887091513,0,0
3600,0.0186208713666,0.0199526231497,0.0192752491319,0,0
3600,0.0199526231497,0.021379620895,0.0206538015581,0,0
3600,0.021379620895,0.0229086765277,0.0221309470961,0,0
3600,0.0229086765277,0.0245470891569,0.0237137370566,0,0
3600,0.0245470891569,0.026302679919,0.0254097270555,0,0
3600,0.026302679919,0.0281838293126,0.0272270130808,0,0
3600,0.0281838293126,0.030199517204,0.02917427014,0,0
3600,0.030199517204,0.032359365693,0.0312607936712,0,0
3600,0.032359365693,0.0346736850453,0.0334965439158,0,0
3600,0.0346736850453,0.0371535229097,0.0358921934645,0,0
3600,0.0371535229097,0.0398107170553,0.0384591782045,0,0
3600,0.0398107170553,0.0426579518802,0.0412097519097,0,0
3600,0.0426579518802,0.0457088189615,0.0441570447353,0,0
3600,0.0457088189615,0.0489778819368,0.0473151258961,0,0
3600,0.0489778819368,0.052480746025,0.0506990708275,0,0
3600,0.052480746025,0.056234132519,0.0543250331492,0,0
3600,0.056234132519,0.0602559586074,0.0582103217771,0,0
3600,0.0602559586074,0.0645654229035,0.0623734835482,0,0
3600,0.0645654229035,0.0691830970919,0.0668343917569,0,0
3600,0.0691830970919,0.0741310241301,0.0716143410213,0,0
3600,0.0741310241301,0.0794328234724,0.0767361489362,0,0
3600,0.0794328234724,0.0851138038202,0.0822242649947,0,0
3600,0.0851138038202,0.0912010839356,0.0881048873008,0,0
3600,0.0912010839356,0.0977237220956,0.0944060876286,0,0
3600,0.0977237220956,0.104712854805,0.101157945426,0,0
3600,0.104712854805,0.11220184543,0.108392691402,0,0
3600,0.11220184543,0.120226443462,0.116144861384,0,0
3600,0.120226443462,0.128824955169,0.124451461177,0,0
3600,0.128824955169,0.13803842646,0.133352143216,0,0
3600,0.13803842646,0.147910838817,0.142889395851,0,0
3600,0.147910838817,0.158489319246,0.153108746168,0,0
3600,0.158489319246,0.169824365246,0.16405897732,0,0
3600,0.169824365246,0.181970085861,0.175792361396,0,0
3600,0.181970085861,0.194984459976,0.188364908949,0,0
3600,0.194984459976,0.208929613085,0.201836636368,0,0
3600,0.208929613085,0.223872113857,0.216271852373,0,0
3600,0.223872113857,0.239883291902,0.231739464997,0,0
3600,0.239883291902,0.257039578277,0.24831331053,0,0
3600,0.257039578277,0.275422870334,0.26607250598,0,0
3600,0.275422870334,0.295120922667,0.28510182675,0,0
3600,0.295120922667,0.316227766017,0.305492111322,0,0
3600,0.316227766017,0.338844156139,0.327340694879,0,0
3600,0.338844156139,0.36307805477,0.350751873953,0,0
3600,0.36307805477,0.389045144994,0.375837404288,0,0
3600,0.389045144994,0.41686938347,0.402717034325,0,0
3600,0.41686938347,0.446683592151,0.431519076828,0,0
3600,0.446683592151,0.478630092323,0.462381021399,0,0
3600,0.478630092323,0.512861383991,0.495450190805,0,0
3600,0.512861383991,0.549540873858,0.530884444231,0,0
3600,0.549540873858,0.588843655356,0.568852930844,0,0
3600,0.588843655356,0.63095734448,0.60953689724,0,0
3600,0.63095734448,0.676082975392,0.653130552647,0,0
3600,0.676082975392,0.724435960075,0.699841996002,0,0
3600,0.724435960075,0.776247116629,0.749894209332,0,0
3600,0.776247116629,0.831763771103,0.803526122186,0,0
3600,0.831763771103,0.891250938134,0.860993752185,0,0
3600,0.891250938134,0.954992586021,0.922571427155,0,0
3600,0.954992586021,1.02329299228,0.988553094657,0,0
3600,1.02329299228,1.09647819614,1.05925372518,0,0
3600,1.09647819614,1.17489755494,1.13501081567,0,0
3600,1.17489755494,1.25892541179,1.21618600065,0,0
3600,1.25892541179,1.34896288259,1.30316677845,0,0
3600,1.34896288259,1.44543977075,1.39636836106,0,0
3600,1.44543977075,1.54881661891,1.49623565609,0,0
3600,1.54881661891,1.65958690744,1.60324539069,0,0
3600,1.65958690744,1.77827941004,1.71790838716,0,0
3600,1.77827941004,1.90546071796,1.84077200147,0,0
3600,1.90546071796,2.04173794467,1.97242273611,0,0
3600,2.04173794467,2.18776162395,2.11348903984,0,0
3600,2.18776162395,2.34422881532,2.26464430759,0,0
3600,2.34422881532,2.51188643151,2.42661009508,0,0
3600,2.51188643151,2.69153480393,2.60015956317,0,0
3600,2.69153480393,2.88403150313,2.78612116863,0,0
3600,2.88403150313,3.09029543251,2.98538261892,0,0
3600,3.09029543251,3.31131121483,3.19889510969,0,0
3600,3.31131121483,3.54813389234,3.42767786546,0,0
3600,3.54813389234,3.80189396321,3.67282300498,0,0
3600,3.80189396321,4.07380277804,3.93550075456,0,0
3600,4.07380277804,4.3651583224,4.21696503429,0,0
3600,4.3651583224,4.67735141287,4.51855944375,0,0
3600,4.67735141287,5.01187233627,4.84172367584,0,0
3600,5.01187233627,5.3703179637,5.18800038929,0,0
3600,5.3703179637,5.75439937337,5.5590425727,0,0
3600,5.75439937337,6.16595001861,5.95662143529,0,0
3600,6.16595001861,6.60693448008,6.38263486191,0,0
3600,6.60693448008,7.07945784384,6.83911647281,0,0
3600,7.07945784384,7.58577575029,7.32824533139,0,0
3600,7.58577575029,8.12830516164,7.8523563461,0,0
3600,8.12830516164,8.70963589956,8.41395141645,0,0
3600,8.70963589956,9.33254300797,9.01571137606,0,0
3600,9.33254300797,10,9.6605087899,0,0
3800,0.01,0.0107151930524,0.0103514216668,0,0
3800,0.0107151930524,0.011481536215,0.0110917481526,0,0
3800,0.011481536215,0.0123026877081,0.0118850222744,0,0
3800,0.0123026877081,0.0131825673856,0.0127350308102,0,0
3800,0.0131825673856,0.0141253754462,0.0136458313659,0,0
3800,0.0141253754462,0.0151356124844,0.0146217717446,0,0
3800,0.0151356124844,0.0162181009736,0.0156675107011,0,0
3800,0.0162181009736,0.0173780082875,0.0167880401812,0,0
3800,0.0173780082875,0.0186208713666,0.0179887091513,0,0
3800,0.0186208713666,0.0199526231497,0.0192752491319,0,0
3800,0.0199526231497,0.021379620895,0.0206538015581,0,0
3800,0.021379620895,0.0229086765277,0.0221309470961,0,0
3800,0.0229086765277,0.0245470891569,0.0237137370566,0,0
3800,0.0245470891569,0.026302679919,0.0254097270555,0,0
3800,0.026302679919,0.0281838293126,0.0272270130808,0,0
3800,0.0281838293126,0.030199517204,0.02917427014,0,0
3800,0.030199517204,0.032359365693,0.0312607936712,0,0
3800,0.032359365693,0.0346736850453,0.0334965439158,0,0
3800,0.0346736850453,0.0371535229097,0.0358921934645,0,0
3800,0.0371535229097,0.0398107170553,0.0384591782045,0,0
3800,0.0398107170553,0.0426579518802,0.0412097519097,0,0
3800,0.0426579518802,0.0457088189615,0.0441570447353,0,0
3800,0.0457088189615,0.0489778819368,0.0473151258961,0,0
3800,0.0489778819368,0.052480746025,0.0506990708275,0.00123625414754,0.99994999875
3800,0.052480746025,0.056234132519,0.0543250331492,0,0
3800,0.056234132519,0.0602559586074,0.0582103217771,0,0
3800,0.0602559586074,0.0645654229035,0.0623734835482,0,0
3800,0.0645654229035,0.0691830970919,0.0668343917569,0,0
3800,0.0691830970919,0.0741310241301,0.0716143410213,0,0
3800,0.0741310241301,0.0794328234724,0.0767361489362,0,0
3800,0.0794328234724,0.0851138038202,0.0822242649947,0,0
3800,0.0851138038202,0.0912010839356,0.0881048873008,0,0
3800,0.0912010839356,0.0977237220956,0.0944060876286,5.79777122181e-05,0.99994999875
3800,0.0977237220956,0.104712854805,0.101157945426,0,0
3800,0.104712854805,0.11220184543,0.108392691402,0,0
3800,0.11220184543,0.120226443462,0.116144861384,0,0
3800,0.120226443462,0.128824955169,0.124451461177,0,0
3800,0.128824955169,0.13803842646,0.133352143216,0.000190467436604,0.99994999875
3800,0.13803842646,0.147910838817,0.142889395851,0,0
3800,0.147910838817,0.158489319246,0.153108746168,0,0
3800,0.158489319246,0.169824365246,0.16405897732,0,0
3800,0.169824365246,0.181970085861,0.175792361396,0,0
3800,0.181970085861,0.194984459976,0.188364908949,0,0
3800,0.194984459976,0.208929613085,0.201836636368,0.000647936283008,0.99994999875
3800,0.208929613085,0.223872113857,0.216271852373,0,0
3800,0.223872113857,0.239883291902,0.231739464997,0,0
3800,0.239883291902,0.257039578277,0.24831331053,0,0
3800,0.257039578277,0.275422870334,0.26607250598,0,0
3800,0.275422870334,0.295120922667,0.28510182675,0,0
3800,0.295120922667,0.316227766017,0.305492111322,0,0
3800,0.316227766017,0.338844156139,0.327340694879,0,0
3800,0.338844156139,0.36307805477,0.350751873953,0,0
3800,0.36307805477,0.389045144994,0.375837404288,0,0
3800,0.389045144994,0.41686938347,0.402717034325,0,0
3800,0.41686938347,0.446683592151,0.431519076828,0,0
3800,0.446683592151,0.478630092323,0.462381021399,0,0
3800,0.478630092323,0.512861383991,0.495450190805,0,0
3800,0.512861383991,0.549540873858,0.530884444231,0,0
3800,0.549540873858,0.588843655356,0.568852930844,0,0
3800,0.588843655356,0.63095734448,0.60953689724,0,0
3800,0.63095734448,0.676082975392,0.653130552647,0,0
3800,0.676082975392,0.724435960075,0.699841996002,0,0
3800,0.724435960075,0.776247116629,0.749894209332,0,0
3800,0.776247116629,0.831763771103,0.803526122186,0,0
3800,0.831763771103,0.891250938134,0.860993752185,0,0
3800,0.891250938134,0.954992586021,0.922571427155,0,0
3800,0.954992586021,1.02329299228,0.988553094657,0,0
3800,1.02329299228,1.09647819614,1.05925372518,0,0
3800,1.09647819614,1.17489755494,1.13501081567,0,0
3800,1.17489755494,1.25892541179,1.21618600065,0,0
3800,1.25892541179,1.34896288259,1.30316677845,0,0
3800,1.34896288259,1.44543977075,1.39636836106,0,0
3800,1.44543977075,1.54881661891,1.49623565609,0,0
3800,1.54881661891,1.65958690744,1.60324539069,0,0
3800,1.65958690744,1.77827941004,1.71790838716,0,0
3800,1.77827941004,1.90546071796,1.84077200147,0,0
3800,1.90546071796,2.04173794467,1.97242273611,0,0
3800,2.04173794467,2.18776162395,2.11348903984,0,0
3800,2.18776162395,2.34422881532,2.26464430759,0,0
3800,2.34422881532,2.51188643151,2.42661009508,0,0
3800,2.51188643151,2.69153480393,2.60015956317,0,0
3800,2.69153480393,2.88403150313,2.78612116863,0,0
3800,2.88403150313,3.09029543251,2.98538261892,0,0
3800,3.09029543251,3.31131121483,3.19889510969,0,0
3800,3.31131121483,3.54813389234,3.42767786546,0,0
3800,3.54813389234,3.80189396321,3.67282300498,0,0
3800,3.80189396321,4.07380277804,3.93550075456,0,0
3800,4.07380277804,4.3651583224,4.21696503429,0,0
3800,4.3651583224,4.67735141287,4.51855944375,0,0
3800,4.67735141287,5.01187233627,4.84172367584,0,0
3800,5.01187233627,5.3703179637,5.18800038929,0,0
3800,5.3703179637,5.75439937337,5.5590425727,0,0
3800,5.75439937337,6.16595001861,5.95662143529,0,0
3800,6.16595001861,6.60693448008,6.38263486191,0,0
3800,6.60693448008,7.07945784384,6.83911647281,0,0
3800,7.07945784384,7.58577575029,7.32824533139,0,0
3800,7.58577575029,8.12830516164,7.8523563461,0,0
3800,8.12830516164,8.70963589956,8.41395141645,0,0
3800,8.70963589956,9.33254300797,9.01571137606,0,0
3800,9.33254300797,10,9.6605087899,0.00719732887829,0.762854772446
4000,0.01,0.0107151930524,0.0103514216668,0,0
4000,0.0107151930524,0.011481536215,0.0110917481526,0,0
4000,0.011481536215,0.0123026877081,0.0118850222744,0,0
4000,0.0123026877081,0.0131825673856,0.0127350308102,0,0
4000,0.0131825673856,0.0141253754462,0.0136458313659,0,0
4000,0.0141253754462,0.0151356124844,0.0146217717446,0,0
4000,0.0151356124844,0.0162181009736,0.0156675107011,0,0
4000,0.0162181009736,0.0173780082875,0.0167880401812,0,0
4000,0.0173780082875,0.0186208713666,0.0179887091513,0,0
4000,0.0186208713666,0.0199526231497,0.0192752491319,0,0
4000,0.0199526231497,0.021379620895,0.0206538015581,0,0
4000,0.021379620895,0.0229086765277,0.0221309470961,0,0
4000,0.0229086765277,0.0245470891569,0.0237137370566,0,0
4000,0.0245470891569,0.026302679919,0.0254097270555,0,0
4000,0.026302679919,0.0281838293126,0.0272270130808,0,0
4000,0.0281838293126,0.030199517204,0.02917427014,0,0
4000,0.030199517204,0.032359365693,0.0312607936712,0,0
4000,0.032359365693,0.0346736850453,0.0334965439158,0,0
4000,0.0346736850453,0.0371535229097,0.0358921934645,0,0
4000,0.0371535229097,0.0398107170553,0.0384591782045,0,0
4000,0.0398107170553,0.0426579518802,0.0412097519097,0,0
4000,0.0426579518802,0.0457088189615,0.0441570447353,0,0
4000,0.0457088189615,0.0489778819368,0.0473151258961,0,0
4000,0.0489778819368,0.052480746025,0.0506990708275,0,0
4000,0.052480746025,0.056234132519,0.0543250331492,0.0207302545953,0.99994999875
4000,0.056234132519,0.0602559586074,0.0582103217771,0,0
4000,0.0602559586074,0.0645654229035,0.0623734835482,0.00742281368968,0.99994999875
4000,0.0645654229035,0.0691830970919,0.0668343917569,0,0
4000,0.0691830970919,0.0741310241301,0.0716143410213,0,0
4000,0.0741310241301,0.0794328234724,0.0767361489362,0.0707743299392,0.99994999875
4000,0.0794328234724,0.0851138038202,0.0822242649947,0,0
4000,0.0851138038202,0.0912010839356,0.0881048873008,0.0207673273215,0.99994999875
4000,0.0912010839356,0.0977237220956,0.0944060876286,0,0
4000,0.0977237220956,0.104712854805,0.101157945426,0.0528448787709,0.853949908818
4000,0.104712854805,0.11220184543,0.108392691402,0,0
4000,0.11220184543,0.120226443462,0.116144861384,0.0146273807179,0.99994999875
4000,0.120226443462,0.128824955169,0.124451461177,0.031780869745,0.99994999875
4000,0.128824955169,0.13803842646,0.133352143216,0.013495354834,0.99994999875
4000,0.13803842646,0.147910838817,0.142889395851,0,0
4000,0.147910838817,0.158489319246,0.153108746168,0.00596182396483,0.99994999875
4000,0.158489319246,0.169824365246,0.16405897732,0,0
4000,0.169824365246,0.181970085861,0.175792361396,0,0
4000,0.181970085861,0.194984459976,0.188364908949,0,0
4000,0.194984459976,0.208929613085,0.201836636368,0,0
4000,0.208929613085,0.223872113857,0.216271852373,0.0235642340946,0.808137241902
4000,0.223872113857,0.239883291902,0.231739464997,0,0
4000,0.239883291902,0.257039578277,0.24831331053,0,0
4000,0.257039578277,0.275422870334,0.26607250598,0,0
4000,0.275422870334,0.295120922667,0.28510182675,0,0
4000,0.295120922667,0.316227766017,0.305492111322,0,0
4000,0.316227766017,0.338844156139,0.327340694879,0,0
4000,0.338844156139,0.36307805477,0.350751873953,0.0100037240794,0.99994999875
4000,0.36307805477,0.389045144994,0.375837404288,0,0
4000,0.389045144994,0.41686938347,0.402717034325,0,0
4000,0.41686938347,0.446683592151,0.431519076828,0,0
4000,0.446683592151,0.478630092323,0.462381021399,0.00836361074931,0.99994999875
4000,0.478630092323,0.512861383991,0.495450190805,0.0477102724269,0.664671568989
4000,0.512861383991,0.549540873858,0.530884444231,0,0
4000,0.549540873858,0.588843655356,0.568852930844,0,0
4000,0.588843655356,0.63095734448,0.60953689724,0,0
4000,0.63095734448,0.676082975392,0.653130552647,0,0
4000,0.676082975392,0.724435960075,0.699841996002,0,0
4000,0.724435960075,0.776247116629,0.749894209332,0,0
4000,0.776247116629,0.831763771103,0.803526122186,0,0
4000,0.831763771103,0.891250938134,0.860993752185,0,0
4000,0.891250938134,0.954992586021,0.922571427155,0,0
4000,0.954992586021,1.02329299228,0.988553094657,0,0
4000,1.02329299228,1.09647819614,1.05925372518,0.0970478156017,0.710834262397
4000,1.09647819614,1.17489755494,1.13501081567,0,0
4000,1.17489755494,1.25892541179,1.21618600065,0.0193238978984,0.99994999875
4000,1.25892541179,1.34896288259,1.30316677845,0,0
4000,1.34896288259,1.44543977075,1.39636836106,0,0
4000,1.44543977075,1.54881661891,1.49623565609,0,0
4000,1.54881661891,1.65958690744,1.60324539069,0,0
4000,1.65958690744,1.77827941004,1.71790838716,0,0
4000,1.77827941004,1.90546071796,1.84077200147,0,0
4000,1.90546071796,2.04173794467,1.97242273611,0,0
4000,2.04173794467,2.18776162395,2.11348903984,0,0
4000,2.18776162395,2.34422881532,2.26464430759,0,0
4000,2.34422881532,2.51188643151,2.42661009508,0,0
4000,2.51188643151,2.69153480393,2.60015956317,0,0
4000,2.69153480393,2.88403150313,2.78612116863,0,0
4000,2.88403150313,3.09029543251,2.98538261892,0,0
4000,3.09029543251,3.31131121483,3.19889510969,0.00516156394085,0.99994999875
4000,3.31131121483,3.54813389234,3.42767786546,0,0
4000,3.54813389234,3.80189396321,3.67282300498,0.022411102399,0.99994999875
4000,3.80189396321,4.07380277804,3.93550075456,0,0
4000,4.07380277804,4.3651583224,4.21696503429,0.00597103454018,0.99994999875
4000,4.3651583224,4.67735141287,4.51855944375,0,0
4000,4.67735141287,5.01187233627,4.84172367584,0.0457890970643,0.99994999875
4000,5.01187233627,5.3703179637,5.18800038929,0,0
4000,5.3703179637,5.75439937337,5.5590425727,0,0
4000,5.75439937337,6.16595001861,5.95662143529,0,0
4000,6.16595001861,6.60693448008,6.38263486191,0,0
4000,6.60693448008,7.07945784384,6.83911647281,0,0
4000,7.07945784384,7.58577575029,7.32824533139,0,0
4000,7.58577575029,8.12830516164,7.8523563461,0,0
4000,8.12830516164,8.70963589956,8.41395141645,0,0
4000,8.70963589956,9.33254300797,9.01571137606,0,0
4000,9.33254300797,10,9.6605087899,0.822720953395,0.27048237824
4200,0.01,0.0107151930524,0.0103514216668,0,0
4200,0.0107151930524,0.011481536215,0.0110917481526,0,0
4200,0.011481536215,0.0123026877081,0.0118850222744,0.000125901254133,0.99994999875
4200,0.0123026877081,0.0131825673856,0.0127350308102,0,0
4200,0.0131825673856,0.0141253754462,0.0136458313659,0,0
4200,0.0141253754462,0.0151356124844,0.0146217717446,0,0
4200,0.0151356124844,0.0162181009736,0.0156675107011,0,0
4200,0.0162181009736,0.0173780082875,0.0167880401812,0,0
4200,0.0173780082875,0.0186208713666,0.0179887091513,0.000156397258763,0.99994999875
4200,0.0186208713666,0.0199526231497,0.0192752491319,0,0
4200,0.0199526231497,0.021379620895,0.0206538015581,0,0
4200,0.021379620895,0.0229086765277,0.0221309470961,0.00112158537397,0.99994999875
4200,0.0229086765277,0.0245470891569,0.0237137370566,0,0
4200,0.0245470891569,0.026302679919,0.0254097270555,0,0
4200,0.026302679919,0.0281838293126,0.0272270130808,0,0
4200,0.0281838293126,0.030199517204,0.02917427014,0.00240348435881,0.818630344188
4200,0.030199517204,0.032359365693,0.0312607936712,0,0
4200,0.032359365693,0.0346736850453,0.0334965439158,0.00594996507117,0.582051734741
4200,0.0346736850453,0.0371535229097,0.0358921934645,0,0
4200,0.0371535229097,0.0398107170553,0.0384591782045,0.00938108202915,0.632561815808
4200,0.0398107170553,0.0426579518802,0.0412097519097,0.0015012866339,0.99994999875
4200,0.0426579518802,0.0457088189615,0.0441570447353,0.000875392779883,0.711193569933
4200,0.0457088189615,0.0489778819368,0.0473151258961,0,0
4200,0.0489778819368,0.052480746025,0.0506990708275,0.0212397154568,0.412434657386
4200,0.052480746025,0.056234132519,0.0543250331492,0.00957183344944,0.608376979414
4200,0.056234132519,0.0602559586074,0.0582103217771,0.00983447390397,0.463394152436
4200,0.0602559586074,0.0645654229035,0.0623734835482,0.00273557355651,0.636091387442
4200,0.0645654229035,0.0691830970919,0.0668343917569,0.019064164465,0.506677631622
4200,0.0691830970919,0.0741310241301,0.0716143410213,0.0130455202729,0.450276619656
4200,0.0741310241301,0.0794328234724,0.0767361489362,0.00812449303465,0.50936779411
4200,0.0794328234724,0.0851138038202,0.0822242649947,0.0172266295559,0.641562305161
4200,0.0851138038202,0.0912010839356,0.0881048873008,0.0128434168494,0.537870094957
4200,0.0912010839356,0.0977237220956,0.0944060876286,0.0197658636252,0.417263839768
4200,0.0977237220956,0.104712854805,0.101157945426,0.0177717755529,0.411133623116
4200,0.104712854805,0.11220184543,0.108392691402,0.0110388429469,0.553838535702
4200,0.11220184543,0.120226443462,0.116144861384,0.0188727120009,0.434630665036
4200,0.120226443462,0.128824955169,0.124451461177,0.00531155475892,0.602533475901
4200,0.128824955169,0.13803842646,0.133352143216,0.0129172809973,0.810588406571
4200,0.13803842646,0.147910838817,0.142889395851,0.00317917763365,0.816650911021
4200,0.147910838817,0.158489319246,0.153108746168,0.0199230954527,0.511558161012
4200,0.158489319246,0.169824365246,0.16405897732,0.00924272789846,0.710571960933
4200,0.169824365246,0.181970085861,0.175792361396,0.0259932405986,0.638569917808
4200,0.181970085861,0.194984459976,0.188364908949,0.0187456063254,0.440639155303
4200,0.194984459976,0.208929613085,0.201836636368,0.00787124591709,0.532257952003
4200,0.208929613085,0.223872113857,0.216271852373,0.00937854774869,0.764663659237
4200,0.223872113857,0.239883291902,0.231739464997,0.0122107246302,0.68182725918
4200,0.239883291902,0.257039578277,0.24831331053,0.0156307294756,0.477025795305
4200,0.257039578277,0.275422870334,0.26607250598,0.0196843185057,0.683618531284
4200,0.275422870334,0.295120922667,0.28510182675,0.0109088568079,0.664876797676
4200,0.295120922667,0.316227766017,0.305492111322,0.00684415159994,0.690259002799
4200,0.316227766017,0.338844156139,0.327340694879,0.00984851400497,0.640928632687
4200,0.338844156139,0.36307805477,0.350751873953,0,0
4200,0.36307805477,0.389045144994,0.375837404288,0.00777732770693,0.710990595692
4200,0.389045144994,0.41686938347,0.402717034325,0.0237717460304,0.592110451628
4200,0.41686938347,0.446683592151,0.431519076828,0,0
4200,0.446683592151,0.478630092323,0.462381021399,0.0237688402686,0.457408889669
4200,0.478630092323,0.512861383991,0.495450190805,0.113487280863,0.274946550378
4200,0.512861383991,0.549540873858,0.530884444231,0.00858187189814,0.767762549741
4200,0.549540873858,0.588843655356,0.568852930844,0,0
4200,0.588843655356,0.63095734448,0.60953689724,0.0181653712087,0.55856294476
4200,0.63095734448,0.676082975392,0.653130552647,0.0132984649951,0.80607739929
4200,0.676082975392,0.724435960075,0.699841996002,0.00970564311238,0.666120866
4200,0.724435960075,0.776247116629,0.749894209332,0,0
4200,0.776247116629,0.831763771103,0.803526122186,0.00318421073798,0.99994999875
4200,0.831763771103,0.891250938134,0.860993752185,0.0117915917458,0.605723383465
4200,0.891250938134,0.954992586021,0.922571427155,0.0048022505903,0.601866955257
4200,0.954992586021,1.02329299228,0.988553094657,0.0027048656412,0.99994999875
4200,1.02329299228,1.09647819614,1.05925372518,0.00103583281165,0.99994999875
4200,1.09647819614,1.17489755494,1.13501081567,0.011795242137,0.757424618247
4200,1.17489755494,1.25892541179,1.21618600065,0,0
4200,1.25892541179,1.34896288259,1.30316677845,0.00276145186628,0.718535077068
4200,1.34896288259,1.44543977075,1.39636836106,0,0
4200,1.44543977075,1.54881661891,1.49623565609,0.00300604692052,0.977363997156
4200,1.54881661891,1.65958690744,1.60324539069,0.0137074695882,0.741061444255
4200,1.65958690744,1.77827941004,1.71790838716,0.00390576909068,0.99994999875
4200,1.77827941004,1.90546071796,1.84077200147,0,0
4200,1.90546071796,2.04173794467,1.97242273611,0,0
4200,2.04173794467,2.18776162395,2.11348903984,0.00364289980241,0.99994999875
4200,2.18776162395,2.34422881532,2.26464430759,0.0191151972569,0.659397773024
4200,2.34422881532,2.51188643151,2.42661009508,0.00632827978987,0.845471532164
4200,2.51188643151,2.69153480393,2.60015956317,0.0266825331028,0.634041425216
4200,2.69153480393,2.88403150313,2.78612116863,0,0
4200,2.88403150313,3.09029543251,2.98538261892,0.00831359121411,0.770323146105
4200,3.09029543251,3.31131121483,3.19889510969,0.00258622031119,0.99994999875
4200,3.31131121483,3.54813389234,3.42767786546,0,0
4200,3.54813389234,3.80189396321,3.67282300498,0.00028373274623,0.99994999875
4200,3.80189396321,4.07380277804,3.93550075456,0.00255161273991,0.99994999875
4200,4.07380277804,4.3651583224,4.21696503429,0.00502491449137,0.711745169818
4200,4.3651583224,4.67735141287,4.51855944375,0,0
4200,4.67735141287,5.01187233627,4.84172367584,0.00429592507662,0.99994999875
4200,5.01187233627,5.3703179637,5.18800038929,0.0100430585836,0.782068755787
4200,5.3703179637,5.75439937337,5.5590425727,0.00287393622585,0.99994999875
4200,5.75439937337,6.16595001861,5.95662143529,0.00292267483573,0.99994999875
4200,6.16595001861,6.60693448008,6.38263486191,0.00378286727131,0.663355580766
4200,6.60693448008,7.07945784384,6.83911647281,0.0168244394654,0.544572658286
4200,7.07945784384,7.58577575029,7.32824533139,0.00308286883354,0.810931645705
4200,7.58577575029,8.12830516164,7.8523563461,0.0076004368796,0.658634881752
4200,8.12830516164,8.70963589956,8.41395141645,0.0153844428986,0.99994999875
4200,8.70963589956,9.33254300797,9.01571137606,0.00422302816872,0.99994999875
4200,9.33254300797,10,9.6605087899,0.554752089083,0.114306753965
4400,0.01,0.0107151930524,0.0103514216668,0,0
4400,0.0107151930524,0.011481536215,0.0110917481526,0,0
4400,0.011481536215,0.0123026877081,0.0118850222744,0,0
4400,0.0123026877081,0.0131825673856,0.0127350308102,0.000224443890679,0.99994999875
4400,0.0131825673856,0.0141253754462,0.0136458313659,0.000649723313901,0.724858276408
4400,0.0141253754462,0.0151356124844,0.0146217717446,0,0
4400,0.0151356124844,0.0162181009736,0.0156675107011,0,0
4400,0.0162181009736,0.0173780082875,0.0167880401812,0.00220925449308,0.728407957431
4400,0.0173780082875,0.0186208713666,0.0179887091513,0.000177844506439,0.99994999875
4400,0.0186208713666,0.0199526231497,0.0192752491319,0.00117774827575,0.99994999875
4400,0.0199526231497,0.021379620895,0.0206538015581,0.00347068895238,0.725407239329
4400,0.021379620895,0.0229086765277,0.0221309470961,0.000564130602989,0.99994999875
4400,0.0229086765277,0.0245470891569,0.0237137370566,0.0018534639313,0.99994999875
4400,0.0245470891569,0.026302679919,0.0254097270555,0.0012357665134,0.99994999875
4400,0.026302679919,0.0281838293126,0.0272270130808,0.000489734364109,0.99994999875
4400,0.0281838293126,0.030199517204,0.02917427014,0.00223854940446,0.715820364878
4400,0.030199517204,0.032359365693,0.0312607936712,0.00442986179647,0.69073162614
4400,0.032359365693,0.0346736850453,0.0334965439158,0.00755530068782,0.492826400532
4400,0.0346736850453,0.0371535229097,0.0358921934645,0.0159880336122,0.339018241114
4400,0.0371535229097,0.0398107170553,0.0384591782045,0.0164114079362,0.360455130827
4400,0.0398107170553,0.0426579518802,0.0412097519097,0.00753345078272,0.465274925006
4400,0.0426579518802,0.0457088189615,0.0441570447353,0.017745357972,0.375883734074
4400,0.0457088189615,0.0489778819368,0.0473151258961,0.0254989163254,0.321227450799
4400,0.0489778819368,0.052480746025,0.0506990708275,0.0230712449333,0.329624846329
4400,0.052480746025,0.056234132519,0.0543250331492,0.0309362665218,0.270999805575
4400,0.056234132519,0.0602559586074,0.0582103217771,0.0348454956706,0.335163309682
4400,0.0602559586074,0.0645654229035,0.0623734835482,0.0207870129593,0.309998388111
4400,0.0645654229035,0.0691830970919,0.0668343917569,0.0354633940773,0.276202338458
4400,0.0691830970919,0.0741310241301,0.0716143410213,0.0600921882789,0.269383458029
4400,0.0741310241301,0.0794328234724,0.0767361489362,0.0241097050307,0.285735961534
4400,0.0794328234724,0.0851138038202,0.0822242649947,0.0305002660821,0.316737241687
4400,0.0851138038202,0.0912010839356,0.0881048873008,0.0304186587009,0.292065921824
4400,0.0912010839356,0.0977237220956,0.0944060876286,0.0569033616928,0.258308209684
4400,0.0977237220956,0.104712854805,0.101157945426,0.0526168224079,0.266753952136
4400,0.104712854805,0.11220184543,0.108392691402,0.0743840222536,0.295848778018
4400,0.11220184543,0.120226443462,0.116144861384,0.0491687438533,0.223562735566
4400,0.120226443462,0.128824955169,0.124451461177,0.0579650653129,0.279257812524
4400,0.128824955169,0.13803842646,0.133352143216,0.0285581511596,0.273723982472
4400,0.13803842646,0.147910838817,0.142889395851,0.0424259843855,0.235236916673
4400,0.147910838817,0.158489319246,0.153108746168,0.0599175040999,0.252979115475
4400,0.158489319246,0.169824365246,0.16405897732,0.0492730590266,0.266771917613
4400,0.169824365246,0.181970085861,0.175792361396,0.0565787832614,0.225532481956
4400,0.181970085861,0.194984459976,0.188364908949,0.0628842166382,0.235899418755
4400,0.194984459976,0.208929613085,0.201836636368,0.0411342841422,0.224683473524
4400,0.208929613085,0.223872113857,0.216271852373,0.0362282593862,0.242994875967
4400,0.223872113857,0.239883291902,0.231739464997,0.0242415571661,0.296205814577
4400,0.239883291902,0.257039578277,0.24831331053,0.0417331353071,0.224014371962
4400,0.257039578277,0.275422870334,0.26607250598,0.0512474217679,0.225790205989
4400,0.275422870334,0.295120922667,0.28510182675,0.0739193735262,0.200985839322
4400,0.295120922667,0.316227766017,0.305492111322,0.0559888121432,0.271742874772
4400,0.316227766017,0.338844156139,0.327340694879,0.0618128164143,0.243698351209
4400,0.338844156139,0.36307805477,0.350751873953,0.0433777385079,0.238254724081
4400,0.36307805477,0.389045144994,0.375837404288,0.0347551831602,0.276951110068
4400,0.389045144994,0.41686938347,0.402717034325,0.049269122291,0.225305628548
4400,0.41686938347,0.446683592151,0.431519076828,0.0496254569438,0.348984423406
4400,0.446683592151,0.478630092323,0.462381021399,0.0432532558682,0.230482766082
4400,0.478630092323,0.512861383991,0.495450190805,0.281808125032,0.104488273211
4400,0.512861383991,0.549540873858,0.530884444231,0.0232992776349,0.449544783223
4400,0.549540873858,0.588843655356,0.568852930844,0.0213417691278,0.447182515212
4400,0.588843655356,0.63095734448,0.60953689724,0.0101702960443,0.417616029886
4400,0.63095734448,0.676082975392,0.653130552647,0.00803821393039,0.524837189068
4400,0.676082975392,0.724435960075,0.699841996002,0.0223774638552,0.32416652723
4400,0.724435960075,0.776247116629,0.749894209332,0.0242705204291,0.317832257361
4400,0.776247116629,0.831763771103,0.803526122186,0.0245258272289,0.337142776928
4400,0.831763771103,0.891250938134,0.860993752185,0.0179891250732,0.407140376176
4400,0.891250938134,0.954992586021,0.922571427155,0.024034007666,0.325485236505
4400,0.954992586021,1.02329299228,0.988553094657,0.0121811537989,0.389927462769
4400,1.02329299228,1.09647819614,1.05925372518,0.010953481393,0.419699414824
4400,1.09647819614,1.17489755494,1.13501081567,0.00913621688424,0.428016059699
4400,1.17489755494,1.25892541179,1.21618600065,0.0208311905169,0.308402303704
4400,1.25892541179,1.34896288259,1.30316677845,0.0234201350737,0.308225080715
4400,1.34896288259,1.44543977075,1.39636836106,0.0126696814206,0.379918839441
4400,1.44543977075,1.54881661891,1.49623565609,0.0220012929554,0.331931995877
4400,1.54881661891,1.65958690744,1.60324539069,0.0138135419147,0.422932058694
4400,1.65958690744,1.77827941004,1.71790838716,0.00576995586839,0.503483596884
4400,1.77827941004,1.90546071796,1.84077200147,0.00268975303753,0.798445667322
4400,1.90546071796,2.04173794467,1.97242273611,0.0183207045155,0.381076735067
4400,2.04173794467,2.18776162395,2.11348903984,0.0149806968834,0.37892861295
4400,2.18776162395,2.34422881532,2.26464430759,0.0088720245189,0.438990077211
4400,2.34422881532,2.51188643151,2.42661009508,0.0329239532753,0.424777359652
4400,2.51188643151,2.69153480393,2.60015956317,0.0115215756091,0.397433510562
4400,2.69153480393,2.88403150313,2.78612116863,0.0170268456772,0.353880907216
4400,2.88403150313,3.09029543251,2.98538261892,0.0135837828078,0.385325308383
4400,3.09029543251,3.31131121483,3.19889510969,0.0115580323313,0.397631229002
4400,3.31131121483,3.54813389234,3.42767786546,0.0196163718511,0.372383809203
4400,3.54813389234,3.80189396321,3.67282300498,0.0226595564843,0.283221622782
4400,3.80189396321,4.07380277804,3.93550075456,0.0123551527097,0.386236262242
4400,4.07380277804,4.3651583224,4.21696503429,0.0144325545668,0.364305443026
4400,4.3651583224,4.67735141287,4.51855944375,0.0166923046348,0.326828078105
4400,4.67735141287,5.01187233627,4.84172367584,0.0138567148527,0.346153007127
4400,5.01187233627,5.3703179637,5.18800038929,0.0164482053614,0.34194921406
4400,5.3703179637,5.75439937337,5.5590425727,0.0152669822122,0.36703938607
4400,5.75439937337,6.16595001861,5.95662143529,0.0184539889664,0.337468954909
4400,6.16595001861,6.60693448008,6.38263486191,0.00924470503178,0.42936788469
4400,6.60693448008,7.07945784384,6.83911647281,0.0159333268136,0.331636887889
4400,7.07945784384,7.58577575029,7.32824533139,0.0273360451174,0.320968610014
4400,7.58577575029,8.12830516164,7.8523563461,0.0236334336452,0.300875393687
4400,8.12830516164,8.70963589956,8.41395141645,0.0317286728441,0.308137440964
4400,8.70963589956,9.33254300797,9.01571137606,0.00841886079821,0.453270337567
4400,9.33254300797,10,9.6605087899,4.45318283064,0.0201270350864
4600,0.01,0.0107151930524,0.0103514216668,0,0
4600,0.0107151930524,0.011481536215,0.0110917481526,0,0
4600,0.011481536215,0.0123026877081,0.0118850222744,0,0
4600,0.0123026877081,0.0131825673856,0.0127350308102,0.000204287229497,0.99994999875
4600,0.0131825673856,0.0141253754462,0.0136458313659,0,0
4600,0.0141253754462,0.0151356124844,0.0146217717446,0,0
4600,0.0151356124844,0.0162181009736,0.0156675107011,0,0
4600,0.0162181009736,0.0173780082875,0.0167880401812,0,0
4600,0.0173780082875,0.0186208713666,0.0179887091513,0.000986337083555,0.99994999875
4600,0.0186208713666,0.0199526231497,0.0192752491319,0,0
4600,0.0199526231497,0.021379620895,0.0206538015581,0.000437663913614,0.99994999875
4600,0.021379620895,0.0229086765277,0.0221309470961,0,0
4600,0.0229086765277,0.0245470891569,0.0237137370566,0,0
4600,0.0245470891569,0.026302679919,0.0254097270555,0,0
4600,0.026302679919,0.0281838293126,0.0272270130808,0,0
4600,0.0281838293126,0.030199517204,0.02917427014,0.00618437465671,0.99994999875
4600,0.030199517204,0.032359365693,0.0312607936712,0.00506180517258,0.99994999875
4600,0.032359365693,0.0346736850453,0.0334965439158,0.00328686984501,0.99994999875
4600,0.0346736850453,0.0371535229097,0.0358921934645,0.000323523261612,0.99994999875
4600,0.0371535229097,0.0398107170553,0.0384591782045,0.00782251659628,0.798707127184
4600,0.0398107170553,0.0426579518802,0.0412097519097,0.00126499237141,0.99994999875
4600,0.0426579518802,0.0457088189615,0.0441570447353,0.00560905986282,0.855780459834
4600,0.0457088189615,0.0489778819368,0.0473151258961,0.00364486862843,0.587751117891
4600,0.0489778819368,0.052480746025,0.0506990708275,0.0109938321135,0.759509641045
4600,0.052480746025,0.056234132519,0.0543250331492,0.0161261425982,0.665332997282
4600,0.056234132519,0.0602559586074,0.0582103217771,0.0269672064392,0.787198886995
4600,0.0602559586074,0.0645654229035,0.0623734835482,0.00889931039298,0.99994999875
4600,0.0645654229035,0.0691830970919,0.0668343917569,0.0424350460323,0.622394833913
4600,0.0691830970919,0.0741310241301,0.0716143410213,0.0313047652572,0.458802480006
4600,0.0741310241301,0.0794328234724,0.0767361489362,0,0
4600,0.0794328234724,0.0851138038202,0.0822242649947,0.0358321666975,0.523585073004
4600,0.0851138038202,0.0912010839356,0.0881048873008,0.0561460962869,0.610163088327
4600,0.0912010839356,0.0977237220956,0.0944060876286,0.0042874740178,0.70706167912
4600,0.0977237220956,0.104712854805,0.101157945426,0,0
4600,0.104712854805,0.11220184543,0.108392691402,0.0168100331002,0.538197988357
4600,0.11220184543,0.120226443462,0.116144861384,0.0326490761243,0.50009949396
4600,0.120226443462,0.128824955169,0.124451461177,0.0409477434647,0.582899601599
4600,0.128824955169,0.13803842646,0.133352143216,0.00194793026919,0.99994999875
4600,0.13803842646,0.147910838817,0.142889395851,0.0469168184812,0.748249283737
4600,0.147910838817,0.158489319246,0.153108746168,0.0162535449587,0.99994999875
4600,0.158489319246,0.169824365246,0.16405897732,0.00378449427647,0.99994999875
4600,0.169824365246,0.181970085861,0.175792361396,0.00234983730029,0.841916789366
4600,0.181970085861,0.194984459976,0.188364908949,0.0501986676269,0.636389519399
4600,0.194984459976,0.208929613085,0.201836636368,0.0151213362845,0.933693171213
4600,0.208929613085,0.223872113857,0.216271852373,0.0331492818625,0.55822199799
4600,0.223872113857,0.239883291902,0.231739464997,0.00818265888548,0.712727412598
4600,0.239883291902,0.257039578277,0.24831331053,0.0317397325531,0.51213852637
4600,0.257039578277,0.275422870334,0.26607250598,0.000894840063991,0.99994999875
4600,0.275422870334,0.295120922667,0.28510182675,0.0216720691653,0.455977616
4600,0.295120922667,0.316227766017,0.305492111322,0.00332084019607,0.743422764153
4600,0.316227766017,0.338844156139,0.327340694879,0.0268407985638,0.711483160676
4600,0.338844156139,0.36307805477,0.350751873953,0.0147293768209,0.783191234813
4600,0.36307805477,0.389045144994,0.375837404288,0.00600722467949,0.730651509532
4600,0.389045144994,0.41686938347,0.402717034325,0.0150299242337,0.606705647534
4600,0.41686938347,0.446683592151,0.431519076828,0.0225995560212,0.650347181186
4600,0.446683592151,0.478630092323,0.462381021399,0.00172222414529,0.99994999875
4600,0.478630092323,0.512861383991,0.495450190805,0.107620741587,0.363814096133
4600,0.512861383991,0.549540873858,0.530884444231,0.0138403379927,0.99994999875
4600,0.549540873858,0.588843655356,0.568852930844,0.00817952393253,0.99994999875
4600,0.588843655356,0.63095734448,0.60953689724,0.00525344000776,0.99994999875
4600,0.63095734448,0.676082975392,0.653130552647,0,0
4600,0.676082975392,0.724435960075,0.699841996002,0.0122506349083,0.887599205259
4600,0.724435960075,0.776247116629,0.749894209332,0.00702864898007,0.99994999875
4600,0.776247116629,0.831763771103,0.803526122186,0.0162897510281,0.778950233951
4600,0.831763771103,0.891250938134,0.860993752185,0.0144336386327,0.862036196222
4600,0.891250938134,0.954992586021,0.922571427155,0.00294416991679,0.768026082085
4600,0.954992586021,1.02329299228,0.988553094657,0.0394931250698,0.775799309746
4600,1.02329299228,1.09647819614,1.05925372518,0.00400880985867,0.771844631283
4600,1.09647819614,1.17489755494,1.13501081567,0,0
4600,1.17489755494,1.25892541179,1.21618600065,0,0
4600,1.25892541179,1.34896288259,1.30316677845,0,0
4600,1.34896288259,1.44543977075,1.39636836106,0.0148377203441,0.99994999875
4600,1.44543977075,1.54881661891,1.49623565609,0.00756530890152,0.769383748069
4600,1.54881661891,1.65958690744,1.60324539069,0.0122353548346,0.866179927054
4600,1.65958690744,1.77827941004,1.71790838716,0.0143058492704,0.829825265071
4600,1.77827941004,1.90546071796,1.84077200147,0,0
4600,1.90546071796,2.04173794467,1.97242273611,0.0230212730791,0.620515770643
4600,2.04173794467,2.18776162395,2.11348903984,0,0
4600,2.18776162395,2.34422881532,2.26464430759,0.0098174331452,0.707288250676
4600,2.34422881532,2.51188643151,2.42661009508,0.000209335495544,0.99994999875
4600,2.51188643151,2.69153480393,2.60015956317,0.00635520031435,0.735991392343
4600,2.69153480393,2.88403150313,2.78612116863,0.00147318282258,0.99994999875
4600,2.88403150313,3.09029543251,2.98538261892,0.00379777754441,0.99994999875
4600,3.09029543251,3.31131121483,3.19889510969,0,0
4600,3.31131121483,3.54813389234,3.42767786546,0.000713208082217,0.99994999875
4600,3.54813389234,3.80189396321,3.67282300498,0.023531907351,0.582246985524
4600,3.80189396321,4.07380277804,3.93550075456,0,0
4600,4.07380277804,4.3651583224,4.21696503429,0.0100276812426,0.99994999875
4600,4.3651583224,4.67735141287,4.51855944375,0.00519423757093,0.707555815062
4600,4.67735141287,5.01187233627,4.84172367584,0.00910565914217,0.721905817938
4600,5.01187233627,5.3703179637,5.18800038929,1.44269781941e-05,0.99994999875
4600,5.3703179637,5.75439937337,5.5590425727,0.0258332767035,0.790817487126
4600,5.75439937337,6.16595001861,5.95662143529,0.00156227079809,0.99994999875
4600,6.16595001861,6.60693448008,6.38263486191,0.000798201883702,0.99994999875
4600,6.60693448008,7.07945784384,6.83911647281,0.00382934556626,0.716319987152
4600,7.07945784384,7.58577575029,7.32824533139,0,0
4600,7.58577575029,8.12830516164,7.8523563461,0.0137286674964,0.826625632754
4600,8.12830516164,8.70963589956,8.41395141645,0,0
4600,8.70963589956,9.33254300797,9.01571137606,0.00761288895612,0.92748592861
4600,9.33254300797,10,9.6605087899,1.11591130502,0.0925426813463
4800,0.01,0.0107151930524,0.0103514216668,0,0
4800,0.0107151930524,0.011481536215,0.0110917481526,0,0
4800,0.011481536215,0.0123026877081,0.0118850222744,0,0
4800,0.0123026877081,0.0131825673856,0.0127350308102,0,0
4800,0.0131825673856,0.0141253754462,0.0136458313659,0,0
4800,0.0141253754462,0.0151356124844,0.0146217717446,0,0
4800,0.0151356124844,0.0162181009736,0.0156675107011,0,0
4800,0.0162181009736,0.0173780082875,0.0167880401812,0,0
4800,0.0173780082875,0.0186208713666,0.0179887091513,0,0
4800,0.0186208713666,0.0199526231497,0.0192752491319,0,0
4800,0.0199526231497,0.021379620895,0.0206538015581,0,0
4800,0.021379620895,0.0229086765277,0.0221309470961,0,0
4800,0.0229086765277,0.0245470891569,0.0237137370566,0,0
4800,0.0245470891569,0.026302679919,0.0254097270555,0,0
4800,0.026302679919,0.0281838293126,0.0272270130808,0,0
4800,0.0281838293126,0.030199517204,0.02917427014,0,0
4800,0.030199517204,0.032359365693,0.0312607936712,0,0
4800,0.032359365693,0.0346736850453,0.0334965439158,0,0
4800,0.0346736850453,0.0371535229097,0.0358921934645,0,0
4800,0.0371535229097,0.0398107170553,0.0384591782045,0.0323411604343,0.99994999875
4800,0.0398107170553,0.0426579518802,0.0412097519097,0,0
4800,0.0426579518802,0.0457088189615,0.0441570447353,0,0
4800,0.0457088189615,0.0489778819368,0.0473151258961,0,0
4800,0.0489778819368,0.052480746025,0.0506990708275,0.00183189326717,0.99994999875
4800,0.052480746025,0.056234132519,0.0543250331492,0,0
4800,0.056234132519,0.0602559586074,0.0582103217771,0,0
4800,0.0602559586074,0.0645654229035,0.0623734835482,0,0
4800,0.0645654229035,0.0691830970919,0.0668343917569,0,0
4800,0.0691830970919,0.0741310241301,0.0716143410213,0,0
4800,0.0741310241301,0.0794328234724,0.0767361489362,0,0
4800,0.0794328234724,0.0851138038202,0.0822242649947,0,0
4800,0.0851138038202,0.0912010839356,0.0881048873008,0.0136009698433,0.99994999875
4800,0.0912010839356,0.0977237220956,0.0944060876286,0.02993765278,0.890541658052
4800,0.0977237220956,0.104712854805,0.101157945426,0.0158230405612,0.99994999875
4800,0.104712854805,0.11220184543,0.108392691402,0.0117457507805,0.99994999875
4800,0.11220184543,0.120226443462,0.116144861384,0.0471921862366,0.711663245332
4800,0.120226443462,0.128824955169,0.124451461177,0.0201626778768,0.968379510721
4800,0.128824955169,0.13803842646,0.133352143216,0,0
4800,0.13803842646,0.147910838817,0.142889395851,0,0
4800,0.147910838817,0.158489319246,0.153108746168,0.0190662193094,0.783079701371
4800,0.158489319246,0.169824365246,0.16405897732,0,0
4800,0.169824365246,0.181970085861,0.175792361396,0,0
4800,0.181970085861,0.194984459976,0.188364908949,0.00425338512467,0.99994999875
4800,0.194984459976,0.208929613085,0.201836636368,0.0203722363966,0.715069518943
4800,0.208929613085,0.223872113857,0.216271852373,0.0279574568292,0.729313099466
4800,0.223872113857,0.239883291902,0.231739464997,0.00671915957925,0.960725267281
4800,0.239883291902,0.257039578277,0.24831331053,0.0178211438939,0.99994999875
4800,0.257039578277,0.275422870334,0.26607250598,0,0
4800,0.275422870334,0.295120922667,0.28510182675,0.0329016792463,0.96365641531
4800,0.295120922667,0.316227766017,0.305492111322,0,0
4800,0.316227766017,0.338844156139,0.327340694879,0,0
4800,0.338844156139,0.36307805477,0.350751873953,0.0537488100638,0.609767048894
4800,0.36307805477,0.389045144994,0.375837404288,0.123843575722,0.581485109049
4800,0.389045144994,0.41686938347,0.402717034325,0.0533551504202,0.579264191978
4800,0.41686938347,0.446683592151,0.431519076828,0.0217299095208,0.707064529718
4800,0.446683592151,0.478630092323,0.462381021399,0,0
4800,0.478630092323,0.512861383991,0.495450190805,0.0270300139603,0.776792493602
4800,0.512861383991,0.549540873858,0.530884444231,0,0
4800,0.549540873858,0.588843655356,0.568852930844,0,0
4800,0.588843655356,0.63095734448,0.60953689724,0,0
4800,0.63095734448,0.676082975392,0.653130552647,0.003559590973,0.99994999875
4800,0.676082975392,0.724435960075,0.699841996002,0,0
4800,0.724435960075,0.776247116629,0.749894209332,0.0374457261826,0.99994999875
4800,0.776247116629,0.831763771103,0.803526122186,0,0
4800,0.831763771103,0.891250938134,0.860993752185,0,0
4800,0.891250938134,0.954992586021,0.922571427155,0,0
4800,0.954992586021,1.02329299228,0.988553094657,0,0
4800,1.02329299228,1.09647819614,1.05925372518,0,0
4800,1.09647819614,1.17489755494,1.13501081567,0,0
4800,1.17489755494,1.25892541179,1.21618600065,0.0082218200665,0.99994999875
4800,1.25892541179,1.34896288259,1.30316677845,0,0
4800,1.34896288259,1.44543977075,1.39636836106,0.0115320916831,0.99994999875
4800,1.44543977075,1.54881661891,1.49623565609,0,0
4800,1.54881661891,1.65958690744,1.60324539069,0,0
4800,1.65958690744,1.77827941004,1.71790838716,0,0
4800,1.77827941004,1.90546071796,1.84077200147,0,0
4800,1.90546071796,2.04173794467,1.97242273611,0.00572302951632,0.99994999875
4800,2.04173794467,2.18776162395,2.11348903984,0.0532235832781,0.909036550121
4800,2.18776162395,2.34422881532,2.26464430759,0.0405004519233,0.99994999875
4800,2.34422881532,2.51188643151,2.42661009508,0,0
4800,2.51188643151,2.69153480393,2.60015956317,0.0695741572704,0.99994999875
4800,2.69153480393,2.88403150313,2.78612116863,0,0
4800,2.88403150313,3.09029543251,2.98538261892,0,0
4800,3.09029543251,3.31131121483,3.19889510969,0,0
4800,3.31131121483,3.54813389234,3.42767786546,0,0
4800,3.54813389234,3.80189396321,3.67282300498,0,0
4800,3.80189396321,4.07380277804,3.93550075456,0,0
4800,4.07380277804,4.3651583224,4.21696503429,0,0
4800,4.3651583224,4.67735141287,4.51855944375,0,0
4800,4.67735141287,5.01187233627,4.84172367584,0.0130519984786,0.99994999875
4800,5.01187233627,5.3703179637,5.18800038929,0,0
4800,5.3703179637,5.75439937337,5.5590425727,0,0
4800,5.75439937337,6.16595001861,5.95662143529,0,0
4800,6.16595001861,6.60693448008,6.38263486191,0,0
4800,6.60693448008,7.07945784384,6.83911647281,0.040630450512,0.99994999875
4800,7.07945784384,7.58577575029,7.32824533139,0,0
4800,7.58577575029,8.12830516164,7.8523563461,0,0
4800,8.12830516164,8.70963589956,8.41395141645,0,0
4800,8.70963589956,9.33254300797,9.01571137606,0,0
4800,9.33254300797,10,9.6605087899,0.700599122519,0.221407684779
5000,0.01,0.0107151930524,0.0103514216668,0,0
5000,0.0107151930524,0.011481536215,0.0110917481526,0.000105023407158,0.99994999875
5000,0.011481536215,0.0123026877081,0.0118850222744,0.000427012700979,0.99994999875
5000,0.0123026877081,0.0131825673856,0.0127350308102,0.000129913931047,0.99994999875
5000,0.0131825673856,0.0141253754462,0.0136458313659,0,0
5000,0.0141253754462,0.0151356124844,0.0146217717446,0,0
5000,0.0151356124844,0.0162181009736,0.0156675107011,0,0
5000,0.0162181009736,0.0173780082875,0.0167880401812,0,0
5000,0.0173780082875,0.0186208713666,0.0179887091513,0,0
5000,0.0186208713666,0.0199526231497,0.0192752491319,0,0
5000,0.0199526231497,0.021379620895,0.0206538015581,0,0
5000,0.021379620895,0.0229086765277,0.0221309470961,0,0
5000,0.0229086765277,0.0245470891569,0.0237137370566,0,0
5000,0.0245470891569,0.026302679919,0.0254097270555,0,0
5000,0.026302679919,0.0281838293126,0.0272270130808,0.00834142448737,0.99994999875
5000,0.0281838293126,0.030199517204,0.02917427014,0,0
5000,0.030199517204,0.032359365693,0.0312607936712,0.0139270898821,0.99994999875
5000,0.032359365693,0.0346736850453,0.0334965439158,0.00310096583137,0.843500078955
5000,0.0346736850453,0.0371535229097,0.0358921934645,0.00635120125385,0.709741217948
5000,0.0371535229097,0.0398107170553,0.0384591782045,0.00984906691849,0.66983153779
5000,0.0398107170553,0.0426579518802,0.0412097519097,0.0196571550343,0.5180766906
5000,0.0426579518802,0.0457088189615,0.0441570447353,0.0242145973101,0.429103082733
5000,0.0457088189615,0.0489778819368,0.0473151258961,0.0455994365644,0.396033530418
5000,0.0489778819368,0.052480746025,0.0506990708275,0.0223748205334,0.459561370674
5000,0.052480746025,0.056234132519,0.0543250331492,0.03552176001,0.516090421202
5000,0.056234132519,0.0602559586074,0.0582103217771,0.0631156955575,0.36615990678
5000,0.0602559586074,0.0645654229035,0.0623734835482,0.024836517886,0.439554042163
5000,0.0645654229035,0.0691830970919,0.0668343917569,0.0885992324383,0.398095351934
5000,0.0691830970919,0.0741310241301,0.0716143410213,0.0410371676524,0.415141736702
5000,0.0741310241301,0.0794328234724,0.0767361489362,0.0235087747201,0.442883386427
5000,0.0794328234724,0.0851138038202,0.0822242649947,0.0381299850691,0.453195876144
5000,0.0851138038202,0.0912010839356,0.0881048873008,0.0661461202967,0.347950864556
5000,0.0912010839356,0.0977237220956,0.0944060876286,0.0627011592044,0.386556760476
5000,0.0977237220956,0.104712854805,0.101157945426,0.0556527109029,0.345025837212
5000,0.104712854805,0.11220184543,0.108392691402,0.0742926624376,0.360677276016
5000,0.11220184543,0.120226443462,0.116144861384,0.0429943455411,0.40379983645
5000,0.120226443462,0.128824955169,0.124451461177,0.060041977459,0.383072857979
5000,0.128824955169,0.13803842646,0.133352143216,0.0774009446081,0.427346408174
5000,0.13803842646,0.147910838817,0.142889395851,0.0269072247942,0.379959505982
5000,0.147910838817,0.158489319246,0.153108746168,0.0169883658864,0.599832551463
5000,0.158489319246,0.169824365246,0.16405897732,0.067410780012,0.382362381151
5000,0.169824365246,0.181970085861,0.175792361396,0.0586690260576,0.392589717375
5000,0.181970085861,0.194984459976,0.188364908949,0.0951314174137,0.310357090059
5000,0.194984459976,0.208929613085,0.201836636368,0.0559405677217,0.374962924345
5000,0.208929613085,0.223872113857,0.216271852373,0.0880153196846,0.426659003064
5000,0.223872113857,0.239883291902,0.231739464997,0.0110897388959,0.519339484167
5000,0.239883291902,0.257039578277,0.24831331053,0.0175573764768,0.489868656428
5000,0.257039578277,0.275422870334,0.26607250598,0.0381164611088,0.463106197017
5000,0.275422870334,0.295120922667,0.28510182675,0.0795501507004,0.334289839025
5000,0.295120922667,0.316227766017,0.305492111322,0.0738557501636,0.37934850741
5000,0.316227766017,0.338844156139,0.327340694879,0.0373804122184,0.49176452602
5000,0.338844156139,0.36307805477,0.350751873953,0.0610917931339,0.39781856467
5000,0.36307805477,0.389045144994,0.375837404288,0.0590924598719,0.39904541102
5000,0.389045144994,0.41686938347,0.402717034325,0.0733528981147,0.341605643579
5000,0.41686938347,0.446683592151,0.431519076828,0.0438622422098,0.455733391057
5000,0.446683592151,0.478630092323,0.462381021399,0.0518675402536,0.381970574666
5000,0.478630092323,0.512861383991,0.495450190805,0.388392929753,0.167337115669
5000,0.512861383991,0.549540873858,0.530884444231,0.0273964024173,0.515953243309
5000,0.549540873858,0.588843655356,0.568852930844,0.0152676963932,0.665002278306
5000,0.588843655356,0.63095734448,0.60953689724,0.0285739030835,0.564222098005
5000,0.63095734448,0.676082975392,0.653130552647,0.0230686553605,0.528373269452
5000,0.676082975392,0.724435960075,0.699841996002,0.02105388496,0.581652137797
5000,0.724435960075,0.776247116629,0.749894209332,0.024062658491,0.768539103965
5000,0.776247116629,0.831763771103,0.803526122186,0.0320982066237,0.63015227741
5000,0.831763771103,0.891250938134,0.860993752185,0.0191250195816,0.558456105014
5000,0.891250938134,0.954992586021,0.922571427155,0.0239603691536,0.611696138079
5000,0.954992586021,1.02329299228,0.988553094657,0.0140263193231,0.856546098883
5000,1.02329299228,1.09647819614,1.05925372518,0.01568522727,0.726525190998
5000,1.09647819614,1.17489755494,1.13501081567,0,0
5000,1.17489755494,1.25892541179,1.21618600065,0.0231550230858,0.547103704815
5000,1.25892541179,1.34896288259,1.30316677845,0.0106624554204,0.680805247503
5000,1.34896288259,1.44543977075,1.39636836106,0.0280874883671,0.596223195712
5000,1.44543977075,1.54881661891,1.49623565609,0.0292250486557,0.472707178288
5000,1.54881661891,1.65958690744,1.60324539069,0.00285719507801,0.99994999875
5000,1.65958690744,1.77827941004,1.71790838716,0.00550621488906,0.99994999875
5000,1.77827941004,1.90546071796,1.84077200147,0.012127831027,0.658778099502
5000,1.90546071796,2.04173794467,1.97242273611,0.0212490478942,0.585119817684
5000,2.04173794467,2.18776162395,2.11348903984,0.0179768254805,0.587126879813
5000,2.18776162395,2.34422881532,2.26464430759,0.00555892799524,0.744527753172
5000,2.34422881532,2.51188643151,2.42661009508,0.0236614750406,0.640599230649
5000,2.51188643151,2.69153480393,2.60015956317,0.0115426894523,0.99994999875
5000,2.69153480393,2.88403150313,2.78612116863,0.0120610382009,0.94937497076
5000,2.88403150313,3.09029543251,2.98538261892,0.0236500659776,0.52336691326
5000,3.09029543251,3.31131121483,3.19889510969,0.0129715440899,0.810767848027
5000,3.31131121483,3.54813389234,3.42767786546,0.00347095288946,0.99994999875
5000,3.54813389234,3.80189396321,3.67282300498,0.0131693815896,0.841113142508
5000,3.80189396321,4.07380277804,3.93550075456,0.0387454269442,0.5169542668
5000,4.07380277804,4.3651583224,4.21696503429,0.0294775419528,0.549528256277
5000,4.3651583224,4.67735141287,4.51855944375,0.0157383299246,0.809165631617
5000,4.67735141287,5.01187233627,4.84172367584,0.0189787912148,0.579888415398
5000,5.01187233627,5.3703179637,5.18800038929,0.00807499027926,0.753123517704
5000,5.3703179637,5.75439937337,5.5590425727,0.00466042646628,0.99994999875
5000,5.75439937337,6.16595001861,5.95662143529,0.0191852614566,0.582706728551
5000,6.16595001861,6.60693448008,6.38263486191,0.0228284452626,0.629882291741
5000,6.60693448008,7.07945784384,6.83911647281,0.0021298411196,0.99994999875
5000,7.07945784384,7.58577575029,7.32824533139,0.016891937029,0.566755041358
5000,7.58577575029,8.12830516164,7.8523563461,0.00416829284924,0.99994999875
5000,8.12830516164,8.70963589956,8.41395141645,0.0333895132009,0.509747643361
5000,8.70963589956,9.33254300797,9.01571137606,0.0180180965725,0.651233770506
5000,9.33254300797,10,9.6605087899,4.65148827597,0.0467972264013
5200,0.01,0.0107151930524,0.0103514216668,0,0
5200,0.0107151930524,0.011481536215,0.0110917481526,0,0
5200,0.011481536215,0.0123026877081,0.0118850222744,0,0
5200,0.0123026877081,0.0131825673856,0.0127350308102,2.73405409735e-05,0.99994999875
5200,0.0131825673856,0.0141253754462,0.0136458313659,0,0
5200,0.0141253754462,0.0151356124844,0.0146217717446,0,0
5200,0.0151356124844,0.0162181009736,0.0156675107011,0,0
5200,0.0162181009736,0.0173780082875,0.0167880401812,0,0
5200,0.0173780082875,0.0186208713666,0.0179887091513,0.00485832069567,0.99994999875
5200,0.0186208713666,0.0199526231497,0.0192752491319,0.00285456617693,0.932376382269
5200,0.0199526231497,0.021379620895,0.0206538015581,0,0
5200,0.021379620895,0.0229086765277,0.0221309470961,0.00692117328331,0.99994999875
5200,0.0229086765277,0.0245470891569,0.0237137370566,0,0
5200,0.0245470891569,0.026302679919,0.0254097270555,0.00689726446716,0.99994999875
5200,0.026302679919,0.0281838293126,0.0272270130808,0.00540147392275,0.70767878379
5200,0.0281838293126,0.030199517204,0.02917427014,0.00675494336778,0.99994999875
5200,0.030199517204,0.032359365693,0.0312607936712,0.0023520921701,0.708682564279
5200,0.032359365693,0.0346736850453,0.0334965439158,0,0
5200,0.0346736850453,0.0371535229097,0.0358921934645,0.0116659454861,0.99994999875
5200,0.0371535229097,0.0398107170553,0.0384591782045,0.00318863320186,0.99994999875
5200,0.0398107170553,0.0426579518802,0.0412097519097,0.00805442409709,0.738406371549
5200,0.0426579518802,0.0457088189615,0.0441570447353,0,0
5200,0.0457088189615,0.0489778819368,0.0473151258961,0.0270873374185,0.586564373808
5200,0.0489778819368,0.052480746025,0.0506990708275,0.0212927483918,0.670111951614
5200,0.052480746025,0.056234132519,0.0543250331492,0.0196399145223,0.677470821932
5200,0.056234132519,0.0602559586074,0.0582103217771,0.0948721525607,0.364900798322
5200,0.0602559586074,0.0645654229035,0.0623734835482,0.0470249181013,0.401396520273
5200,0.0645654229035,0.0691830970919,0.0668343917569,0.0249369896609,0.522124423184
5200,0.0691830970919,0.0741310241301,0.0716143410213,0.0514504247084,0.401689590885
5200,0.0741310241301,0.0794328234724,0.0767361489362,0.0774677527995,0.414248816319
5200,0.0794328234724,0.0851138038202,0.0822242649947,0.0430474591232,0.408569320541
5200,0.0851138038202,0.0912010839356,0.0881048873008,0.0688422736515,0.357691008284
5200,0.0912010839356,0.0977237220956,0.0944060876286,0.0136610522291,0.715821787654
5200,0.0977237220956,0.104712854805,0.101157945426,0.0727748120251,0.377460202529
5200,0.104712854805,0.11220184543,0.108392691402,0.0732768841324,0.336477435002
5200,0.11220184543,0.120226443462,0.116144861384,0.0229175318742,0.661147582316
5200,0.120226443462,0.128824955169,0.124451461177,0.0175142505308,0.637408729784
5200,0.128824955169,0.13803842646,0.133352143216,0.0312270239712,0.62708340741
5200,0.13803842646,0.147910838817,0.142889395851,0.0358070844144,0.500774429715
5200,0.147910838817,0.158489319246,0.153108746168,0.0841384201473,0.387982270428
5200,0.158489319246,0.169824365246,0.16405897732,0.0457459810973,0.550243750578
5200,0.169824365246,0.181970085861,0.175792361396,0.0338562725103,0.444895767827
5200,0.181970085861,0.194984459976,0.188364908949,0.0620960575523,0.440162103287
5200,0.194984459976,0.208929613085,0.201836636368,0.0743463775509,0.388193273543
5200,0.208929613085,0.223872113857,0.216271852373,0.0852689053022,0.391955065881
5200,0.223872113857,0.239883291902,0.231739464997,0.0753911259097,0.484220263893
5200,0.239883291902,0.257039578277,0.24831331053,0.0703993916044,0.539945693683
5200,0.257039578277,0.275422870334,0.26607250598,0.0376362391277,0.495233128336
5200,0.275422870334,0.295120922667,0.28510182675,0.0431445711904,0.69398503346
5200,0.295120922667,0.316227766017,0.305492111322,0.0235516113662,0.565966220541
5200,0.316227766017,0.338844156139,0.327340694879,0.0478689812241,0.484092886617
5200,0.338844156139,0.36307805477,0.350751873953,0.0370388190856,0.526633636096
5200,0.36307805477,0.389045144994,0.375837404288,0.0188273121556,0.625099191788
5200,0.389045144994,0.41686938347,0.402717034325,0.075047420221,0.425324158865
5200,0.41686938347,0.446683592151,0.431519076828,0.0527712325389,0.461254999856
5200,0.446683592151,0.478630092323,0.462381021399,0.0379356824763,0.566739150886
5200,0.478630092323,0.512861383991,0.495450190805,0.259354678113,0.223419674703
5200,0.512861383991,0.549540873858,0.530884444231,0.000712152872365,0.99994999875
5200,0.549540873858,0.588843655356,0.568852930844,0.000871022702736,0.99994999875
5200,0.588843655356,0.63095734448,0.60953689724,0.049698853661,0.495941389618
5200,0.63095734448,0.676082975392,0.653130552647,0.0240280196968,0.618437311348
5200,0.676082975392,0.724435960075,0.699841996002,0.0192165704674,0.796443857209
5200,0.724435960075,0.776247116629,0.749894209332,0.00600046473871,0.99994999875
5200,0.776247116629,0.831763771103,0.803526122186,0.00366411574894,0.729011675588
5200,0.831763771103,0.891250938134,0.860993752185,0.00554336876194,0.964106574863
5200,0.891250938134,0.954992586021,0.922571427155,0.0258498801909,0.543570938763
5200,0.954992586021,1.02329299228,0.988553094657,0.0569054533094,0.596106327757
5200,1.02329299228,1.09647819614,1.05925372518,0.0468620940107,0.566802877319
5200,1.09647819614,1.17489755494,1.13501081567,0.0274259043785,0.634626466744
5200,1.17489755494,1.25892541179,1.21618600065,0.0253607870767,0.707883624189
5200,1.25892541179,1.34896288259,1.30316677845,0.0224302442186,0.99994999875
5200,1.34896288259,1.44543977075,1.39636836106,0.00783082954948,0.99994999875
5200,1.44543977075,1.54881661891,1.49623565609,0.0214251096391,0.99994999875
5200,1.54881661891,1.65958690744,1.60324539069,0.00406753889244,0.99994999875
5200,1.65958690744,1.77827941004,1.71790838716,0.0706481608388,0.605995909697
5200,1.77827941004,1.90546071796,1.84077200147,0.00485746181133,0.99994999875
5200,1.90546071796,2.04173794467,1.97242273611,0.0128131797007,0.99994999875
5200,2.04173794467,2.18776162395,2.11348903984,0.0280221135131,0.613773329635
5200,2.18776162395,2.34422881532,2.26464430759,0.0139244358916,0.723807726925
5200,2.34422881532,2.51188643151,2.42661009508,0.0101701794182,0.99994999875
5200,2.51188643151,2.69153480393,2.60015956317,0,0
5200,2.69153480393,2.88403150313,2.78612116863,0.0263837036582,0.675981374069
5200,2.88403150313,3.09029543251,2.98538261892,0,0
5200,3.09029543251,3.31131121483,3.19889510969,0.0258414503713,0.563332500317
5200,3.31131121483,3.54813389234,3.42767786546,0.0196939453194,0.99994999875
5200,3.54813389234,3.80189396321,3.67282300498,0.0158709040873,0.944557104509
5200,3.80189396321,4.07380277804,3.93550075456,0.031529788268,0.875479850153
5200,4.07380277804,4.3651583224,4.21696503429,0.00543479256978,0.99994999875
5200,4.3651583224,4.67735141287,4.51855944375,9.3310176481e-06,0.99994999875
5200,4.67735141287,5.01187233627,4.84172367584,0,0
5200,5.01187233627,5.3703179637,5.18800038929,0.0747986681601,0.517452622875
5200,5.3703179637,5.75439937337,5.5590425727,0.00857657595541,0.99994999875
5200,5.75439937337,6.16595001861,5.95662143529,0,0
5200,6.16595001861,6.60693448008,6.38263486191,0.000190562483671,0.99994999875
5200,6.60693448008,7.07945784384,6.83911647281,0.0337323457083,0.627167219757
5200,7.07945784384,7.58577575029,7.32824533139,0.058086542818,0.536697674248
5200,7.58577575029,8.12830516164,7.8523563461,0.0247084179785,0.711850016481
5200,8.12830516164,8.70963589956,8.41395141645,0.00514853164455,0.99994999875
5200,8.70963589956,9.33254300797,9.01571137606,0.0142676885722,0.99994999875
5200,9.33254300797,10,9.6605087899,2.73118924168,0.0787615095915
5400,0.01,0.0107151930524,0.0103514216668,0,0
5400,0.0107151930524,0.011481536215,0.0110917481526,0,0
5400,0.011481536215,0.0123026877081,0.0118850222744,0,0
5400,0.0123026877081,0.0131825673856,0.0127350308102,0,0
5400,0.0131825673856,0.0141253754462,0.0136458313659,0,0
5400,0.0141253754462,0.0151356124844,0.0146217717446,0,0
5400,0.0151356124844,0.0162181009736,0.0156675107011,0,0
5400,0.0162181009736,0.0173780082875,0.0167880401812,0,0
5400,0.0173780082875,0.0186208713666,0.0179887091513,0,0
5400,0.0186208713666,0.0199526231497,0.0192752491319,0,0
5400,0.0199526231497,0.021379620895,0.0206538015581,0,0
5400,0.021379620895,0.0229086765277,0.0221309470961,0,0
5400,0.0229086765277,0.0245470891569,0.0237137370566,0,0
5400,0.0245470891569,0.026302679919,0.0254097270555,0,0
5400,0.026302679919,0.0281838293126,0.0272270130808,0,0
5400,0.0281838293126,0.030199517204,0.02917427014,0,0
5400,0.030199517204,0.032359365693,0.0312607936712,0.0245419801624,0.716950968171
5400,0.032359365693,0.0346736850453,0.0334965439158,0.000571380299497,0.99994999875
5400,0.0346736850453,0.0371535229097,0.0358921934645,0,0
5400,0.0371535229097,0.0398107170553,0.0384591782045,0,0
5400,0.0398107170553,0.0426579518802,0.0412097519097,0.00139482595714,0.99994999875
5400,0.0426579518802,0.0457088189615,0.0441570447353,0.0111481775848,0.99994999875
5400,0.0457088189615,0.0489778819368,0.0473151258961,0.0320219219204,0.816415944191
5400,0.0489778819368,0.052480746025,0.0506990708275,0.00861710428459,0.714894837055
5400,0.052480746025,0.056234132519,0.0543250331492,0,0
5400,0.056234132519,0.0602559586074,0.0582103217771,0.0209231530993,0.84987767867
5400,0.0602559586074,0.0645654229035,0.0623734835482,0.0022249091123,0.99994999875
5400,0.0645654229035,0.0691830970919,0.0668343917569,0.0149089958728,0.735227290487
5400,0.0691830970919,0.0741310241301,0.0716143410213,0.0560308454873,0.589963060092
5400,0.0741310241301,0.0794328234724,0.0767361489362,0.0273841940101,0.605430442407
5400,0.0794328234724,0.0851138038202,0.0822242649947,0.00582724374295,0.775325921569
5400,0.0851138038202,0.0912010839356,0.0881048873008,0.0221573108666,0.669991242351
5400,0.0912010839356,0.0977237220956,0.0944060876286,0.0231585949028,0.580014703301
5400,0.0977237220956,0.104712854805,0.101157945426,0.0158362137529,0.601104814865
5400,0.104712854805,0.11220184543,0.108392691402,0,0
5400,0.11220184543,0.120226443462,0.116144861384,0.0309529824433,0.629887907827
5400,0.120226443462,0.128824955169,0.124451461177,0.00655311748523,0.99994999875
5400,0.128824955169,0.13803842646,0.133352143216,0.0166477989616,0.99994999875
5400,0.13803842646,0.147910838817,0.142889395851,0.0283133328079,0.719661670378
5400,0.147910838817,0.158489319246,0.153108746168,0.0316092234033,0.684548685435
5400,0.158489319246,0.169824365246,0.16405897732,0.00183335217679,0.99994999875
5400,0.169824365246,0.181970085861,0.175792361396,0.0220833308592,0.708039486232
5400,0.181970085861,0.194984459976,0.188364908949,0.0331132950227,0.99994999875
5400,0.194984459976,0.208929613085,0.201836636368,0.0107903743492,0.591125709938
5400,0.208929613085,0.223872113857,0.216271852373,0.00856403860059,0.99994999875
5400,0.223872113857,0.239883291902,0.231739464997,0.0171288283187,0.781404045962
5400,0.239883291902,0.257039578277,0.24831331053,0.00310124177867,0.99994999875
5400,0.257039578277,0.275422870334,0.26607250598,0.0257617317189,0.99994999875
5400,0.275422870334,0.295120922667,0.28510182675,0.00652490583449,0.99994999875
5400,0.295120922667,0.316227766017,0.305492111322,0.0149745792363,0.835961643664
5400,0.316227766017,0.338844156139,0.327340694879,0,0
5400,0.338844156139,0.36307805477,0.350751873953,0,0
5400,0.36307805477,0.389045144994,0.375837404288,0,0
5400,0.389045144994,0.41686938347,0.402717034325,0,0
5400,0.41686938347,0.446683592151,0.431519076828,0,0
5400,0.446683592151,0.478630092323,0.462381021399,0.0634727384445,0.58641319993
5400,0.478630092323,0.512861383991,0.495450190805,0.0756719280641,0.377021134262
5400,0.512861383991,0.549540873858,0.530884444231,0,0
5400,0.549540873858,0.588843655356,0.568852930844,0,0
5400,0.588843655356,0.63095734448,0.60953689724,0.0329401647724,0.588682375277
5400,0.63095734448,0.676082975392,0.653130552647,0,0
5400,0.676082975392,0.724435960075,0.699841996002,0,0
5400,0.724435960075,0.776247116629,0.749894209332,0,0
5400,0.776247116629,0.831763771103,0.803526122186,0.00321814259374,0.99994999875
5400,0.831763771103,0.891250938134,0.860993752185,0.00267388928268,0.99994999875
5400,0.891250938134,0.954992586021,0.922571427155,0.014547852838,0.99994999875
5400,0.954992586021,1.02329299228,0.988553094657,0.0352746708456,0.762780126281
5400,1.02329299228,1.09647819614,1.05925372518,0,0
5400,1.09647819614,1.17489755494,1.13501081567,0.0173752703638,0.99994999875
5400,1.17489755494,1.25892541179,1.21618600065,0,0
5400,1.25892541179,1.34896288259,1.30316677845,0.0195322816468,0.99994999875
5400,1.34896288259,1.44543977075,1.39636836106,0,0
5400,1.44543977075,1.54881661891,1.49623565609,0,0
5400,1.54881661891,1.65958690744,1.60324539069,0,0
5400,1.65958690744,1.77827941004,1.71790838716,0.0421111592601,0.778453285802
5400,1.77827941004,1.90546071796,1.84077200147,0.00589306885379,0.99994999875
5400,1.90546071796,2.04173794467,1.97242273611,0,0
5400,2.04173794467,2.18776162395,2.11348903984,0,0
5400,2.18776162395,2.34422881532,2.26464430759,0.0343682065383,0.903195211843
5400,2.34422881532,2.51188643151,2.42661009508,0.026808724332,0.785397038324
5400,2.51188643151,2.69153480393,2.60015956317,0,0
5400,2.69153480393,2.88403150313,2.78612116863,0.0167087250662,0.99994999875
5400,2.88403150313,3.09029543251,2.98538261892,0,0
5400,3.09029543251,3.31131121483,3.19889510969,0,0
5400,3.31131121483,3.54813389234,3.42767786546,0.022512298685,0.99994999875
5400,3.54813389234,3.80189396321,3.67282300498,0,0
5400,3.80189396321,4.07380277804,3.93550075456,0,0
5400,4.07380277804,4.3651583224,4.21696503429,0,0
5400,4.3651583224,4.67735141287,4.51855944375,0,0
5400,4.67735141287,5.01187233627,4.84172367584,0,0
5400,5.01187233627,5.3703179637,5.18800038929,0.0137082553342,0.99994999875
5400,5.3703179637,5.75439937337,5.5590425727,0,0
5400,5.75439937337,6.16595001861,5.95662143529,0,0
5400,6.16595001861,6.60693448008,6.38263486191,0,0
5400,6.60693448008,7.07945784384,6.83911647281,0,0
5400,7.07945784384,7.58577575029,7.32824533139,0,0
5400,7.58577575029,8.12830516164,7.8523563461,0,0
5400,8.12830516164,8.70963589956,8.41395141645,0,0
5400,8.70963589956,9.33254300797,9.01571137606,0.0112791561049,0.99994999875
5400,9.33254300797,10,9.6605087899,0.861539282069,0.153890778771
5600,0.01,0.0107151930524,0.0103514216668,0.00761627576468,0.99994999875
5600,0.0107151930524,0.011481536215,0.0110917481526,0,0
5600,0.011481536215,0.0123026877081,0.0118850222744,0,0
5600,0.0123026877081,0.0131825673856,0.0127350308102,0,0
5600,0.0131825673856,0.0141253754462,0.0136458313659,0,0
5600,0.0141253754462,0.0151356124844,0.0146217717446,0,0
5600,0.0151356124844,0.0162181009736,0.0156675107011,0,0
5600,0.0162181009736,0.0173780082875,0.0167880401812,0,0
5600,0.0173780082875,0.0186208713666,0.0179887091513,0,0
5600,0.0186208713666,0.0199526231497,0.0192752491319,0,0
5600,0.0199526231497,0.021379620895,0.0206538015581,0,0
5600,0.021379620895,0.0229086765277,0.0221309470961,0.00927771422753,0.99994999875
5600,0.0229086765277,0.0245470891569,0.0237137370566,0.0158027771222,0.99994999875
5600,0.0245470891569,0.026302679919,0.0254097270555,0,0
5600,0.026302679919,0.0281838293126,0.0272270130808,0.0211731574544,0.99994999875
5600,0.0281838293126,0.030199517204,0.02917427014,0.00505746880284,0.99994999875
5600,0.030199517204,0.032359365693,0.0312607936712,0.0496077107241,0.99994999875
5600,0.032359365693,0.0346736850453,0.0334965439158,0,0
5600,0.0346736850453,0.0371535229097,0.0358921934645,0,0
5600,0.0371535229097,0.0398107170553,0.0384591782045,0.00704727669904,0.99994999875
5600,0.0398107170553,0.0426579518802,0.0412097519097,0.0148087224217,0.99994999875
5600,0.0426579518802,0.0457088189615,0.0441570447353,0.0238364465791,0.744171652372
5600,0.0457088189615,0.0489778819368,0.0473151258961,0.0573952429552,0.72948530515
5600,0.0489778819368,0.052480746025,0.0506990708275,0.0411520078799,0.708284806036
5600,0.052480746025,0.056234132519,0.0543250331492,0,0
5600,0.056234132519,0.0602559586074,0.0582103217771,0.0605790247614,0.99994999875
5600,0.0602559586074,0.0645654229035,0.0623734835482,0.0305241495912,0.99994999875
5600,0.0645654229035,0.0691830970919,0.0668343917569,0.0127015156458,0.99994999875
5600,0.0691830970919,0.0741310241301,0.0716143410213,0.0380598637711,0.802441873531
5600,0.0741310241301,0.0794328234724,0.0767361489362,0.0707324377647,0.639730456163
5600,0.0794328234724,0.0851138038202,0.0822242649947,0.0769785280489,0.661672762506
5600,0.0851138038202,0.0912010839356,0.0881048873008,0.028147620525,0.768171878196
5600,0.0912010839356,0.0977237220956,0.0944060876286,0.0196077895525,0.99994999875
5600,0.0977237220956,0.104712854805,0.101157945426,0.0187603673656,0.80601872154
5600,0.104712854805,0.11220184543,0.108392691402,0.109798437334,0.603699584686
5600,0.11220184543,0.120226443462,0.116144861384,0.00422939941945,0.99994999875
5600,0.120226443462,0.128824955169,0.124451461177,0.0325409242485,0.832657049845
5600,0.128824955169,0.13803842646,0.133352143216,0.0687495744957,0.76627690017
5600,0.13803842646,0.147910838817,0.142889395851,0.140654383085,0.610930281012
5600,0.147910838817,0.158489319246,0.153108746168,0,0
5600,0.158489319246,0.169824365246,0.16405897732,0.01817493445,0.99994999875
5600,0.169824365246,0.181970085861,0.175792361396,0.0227332024254,0.99994999875
5600,0.181970085861,0.194984459976,0.188364908949,0.0728349463071,0.523197141669
5600,0.194984459976,0.208929613085,0.201836636368,0.0472312769964,0.99994999875
5600,0.208929613085,0.223872113857,0.216271852373,0.0335055853824,0.654793869114
5600,0.223872113857,0.239883291902,0.231739464997,0.0501031636586,0.99994999875
5600,0.239883291902,0.257039578277,0.24831331053,0,0
5600,0.257039578277,0.275422870334,0.26607250598,0.102628650588,0.512647858488
5600,0.275422870334,0.295120922667,0.28510182675,0.206354621227,0.567312994925
5600,0.295120922667,0.316227766017,0.305492111322,0.0315337355004,0.726025074588
5600,0.316227766017,0.338844156139,0.327340694879,0.0708406615703,0.733366736073
5600,0.338844156139,0.36307805477,0.350751873953,0.0928396649391,0.59249687562
5600,0.36307805477,0.389045144994,0.375837404288,0,0
5600,0.389045144994,0.41686938347,0.402717034325,0.0236544659591,0.729215641221
5600,0.41686938347,0.446683592151,0.431519076828,0.109537351808,0.506130633263
5600,0.446683592151,0.478630092323,0.462381021399,0.102577303748,0.659171522218
5600,0.478630092323,0.512861383991,0.495450190805,0.352254045513,0.39772049176
5600,0.512861383991,0.549540873858,0.530884444231,0,0
5600,0.549540873858,0.588843655356,0.568852930844,0,0
5600,0.588843655356,0.63095734448,0.60953689724,0.041944044179,0.793417057057
5600,0.63095734448,0.676082975392,0.653130552647,0.130037316266,0.99994999875
5600,0.676082975392,0.724435960075,0.699841996002,0,0
5600,0.724435960075,0.776247116629,0.749894209332,0.0147614787472,0.99994999875
5600,0.776247116629,0.831763771103,0.803526122186,0.0190931452634,0.99994999875
5600,0.831763771103,0.891250938134,0.860993752185,0,0
5600,0.891250938134,0.954992586021,0.922571427155,0.0162196445287,0.99994999875
5600,0.954992586021,1.02329299228,0.988553094657,0.0279799089714,0.99994999875
5600,1.02329299228,1.09647819614,1.05925372518,0,0
5600,1.09647819614,1.17489755494,1.13501081567,0,0
5600,1.17489755494,1.25892541179,1.21618600065,0,0
5600,1.25892541179,1.34896288259,1.30316677845,0.023641394878,0.99994999875
5600,1.34896288259,1.44543977075,1.39636836106,0.0262403719079,0.99994999875
5600,1.44543977075,1.54881661891,1.49623565609,0.0643878846489,0.707220726055
5600,1.54881661891,1.65958690744,1.60324539069,0,0
5600,1.65958690744,1.77827941004,1.71790838716,0,0
5600,1.77827941004,1.90546071796,1.84077200147,0,0
5600,1.90546071796,2.04173794467,1.97242273611,0.0675831644927,0.591489046414
5600,2.04173794467,2.18776162395,2.11348903984,0.0736719923369,0.99994999875
5600,2.18776162395,2.34422881532,2.26464430759,0.0212055045439,0.99994999875
5600,2.34422881532,2.51188643151,2.42661009508,0,0
5600,2.51188643151,2.69153480393,2.60015956317,0.0128977275672,0.99994999875
5600,2.69153480393,2.88403150313,2.78612116863,0,0
5600,2.88403150313,3.09029543251,2.98538261892,0,0
5600,3.09029543251,3.31131121483,3.19889510969,0.0373457746097,0.819951090724
5600,3.31131121483,3.54813389234,3.42767786546,0,0
5600,3.54813389234,3.80189396321,3.67282300498,0,0
5600,3.80189396321,4.07380277804,3.93550075456,0.0503069434853,0.99994999875
5600,4.07380277804,4.3651583224,4.21696503429,0,0
5600,4.3651583224,4.67735141287,4.51855944375,0.0556388734273,0.707243359352
5600,4.67735141287,5.01187233627,4.84172367584,0,0
5600,5.01187233627,5.3703179637,5.18800038929,0,0
5600,5.3703179637,5.75439937337,5.5590425727,0,0
5600,5.75439937337,6.16595001861,5.95662143529,0,0
5600,6.16595001861,6.60693448008,6.38263486191,0,0
5600,6.60693448008,7.07945784384,6.83911647281,0,0
5600,7.07945784384,7.58577575029,7.32824533139,0,0
5600,7.58577575029,8.12830516164,7.8523563461,0,0
5600,8.12830516164,8.70963589956,8.41395141645,0.0101392114009,0.99994999875
5600,8.70963589956,9.33254300797,9.01571137606,0,0
5600,9.33254300797,10,9.6605087899,5.06433719538,0.0874368157395
