Skeletal ID,Energy Low (MeV),Energy High (MeV),Energy Center (MeV),Fluence (photons/m2/source),Relative Error
1400,0.01,0.0107151930524,0.0103514216668,0,0
1400,0.0107151930524,0.011481536215,0.0110917481526,0,0
1400,0.011481536215,0.0123026877081,0.0118850222744,0,0
1400,0.0123026877081,0.0131825673856,0.0127350308102,0,0
1400,0.0131825673856,0.0141253754462,0.0136458313659,0,0
1400,0.0141253754462,0.0151356124844,0.0146217717446,0,0
1400,0.0151356124844,0.0162181009736,0.0156675107011,0,0
1400,0.0162181009736,0.0173780082875,0.0167880401812,0,0
1400,0.0173780082875,0.0186208713666,0.0179887091513,0,0
1400,0.0186208713666,0.0199526231497,0.0192752491319,0,0
1400,0.0199526231497,0.021379620895,0.0206538015581,0,0
1400,0.021379620895,0.0229086765277,0.0221309470961,0,0
1400,0.0229086765277,0.0245470891569,0.0237137370566,0,0
1400,0.0245470891569,0.026302679919,0.0254097270555,0,0
1400,0.026302679919,0.0281838293126,0.0272270130808,0,0
1400,0.0281838293126,0.030199517204,0.02917427014,0,0
1400,0.030199517204,0.032359365693,0.0312607936712,0,0
1400,0.032359365693,0.0346736850453,0.0334965439158,0,0
1400,0.0346736850453,0.0371535229097,0.0358921934645,0,0
1400,0.0371535229097,0.0398107170553,0.0384591782045,0,0
1400,0.0398107170553,0.0426579518802,0.0412097519097,0,0
1400,0.0426579518802,0.0457088189615,0.0441570447353,0,0
1400,0.0457088189615,0.0489778819368,0.0473151258961,0,0
1400,0.0489778819368,0.052480746025,0.0506990708275,0,0
1400,0.052480746025,0.056234132519,0.0543250331492,0,0
1400,0.056234132519,0.0602559586074,0.0582103217771,0,0
1400,0.0602559586074,0.0645654229035,0.0623734835482,0,0
1400,0.0645654229035,0.0691830970919,0.0668343917569,0,0
1400,0.0691830970919,0.0741310241301,0.0716143410213,0,0
1400,0.0741310241301,0.0794328234724,0.0767361489362,0,0
1400,0.0794328234724,0.0851138038202,0.0822242649947,0,0
1400,0.0851138038202,0.0912010839356,0.0881048873008,0,0
1400,0.0912010839356,0.0977237220956,0.0944060876286,0,0
1400,0.0977237220956,0.104712854805,0.101157945426,0,0
1400,0.104712854805,0.11220184543,0.108392691402,0,0
1400,0.11220184543,0.120226443462,0.116144861384,0,0
1400,0.120226443462,0.128824955169,0.124451461177,0,0
1400,0.128824955169,0.13803842646,0.133352143216,0,0
1400,0.13803842646,0.147910838817,0.142889395851,0,0
1400,0.147910838817,0.158489319246,0.153108746168,0,0
1400,0.158489319246,0.169824365246,0.16405897732,0,0
1400,0.169824365246,0.181970085861,0.175792361396,0,0
1400,0.181970085861,0.194984459976,0.188364908949,0,0
1400,0.194984459976,0.208929613085,0.201836636368,0,0
1400,0.208929613085,0.223872113857,0.216271852373,0,0
1400,0.223872113857,0.239883291902,0.231739464997,0,0
1400,0.239883291902,0.257039578277,0.24831331053,0.189562377616,0.999499874937
1400,0.257039578277,0.275422870334,0.26607250598,0,0
1400,0.275422870334,0.295120922667,0.28510182675,0,0
1400,0.295120922667,0.316227766017,0.305492111322,0,0
1400,0.316227766017,0.338844156139,0.327340694879,0,0
1400,0.338844156139,0.36307805477,0.350751873953,0,0
1400,0.36307805477,0.389045144994,0.375837404288,0,0
1400,0.389045144994,0.41686938347,0.402717034325,0,0
1400,0.41686938347,0.446683592151,0.431519076828,0.173692524005,0.999499874937
1400,0.446683592151,0.478630092323,0.462381021399,0,0
1400,0.478630092323,0.512861383991,0.495450190805,0,0
1400,0.512861383991,0.549540873858,0.530884444231,0,0
1400,0.549540873858,0.588843655356,0.568852930844,0,0
1400,0.588843655356,0.63095734448,0.60953689724,0,0
1400,0.63095734448,0.676082975392,0.653130552647,0,0
1400,0.676082975392,0.724435960075,0.699841996002,0,0
1400,0.724435960075,0.776247116629,0.749894209332,0,0
1400,0.776247116629,0.831763771103,0.803526122186,0,0
1400,0.831763771103,0.891250938134,0.860993752185,0,0
1400,0.891250938134,0.954992586021,0.922571427155,0,0
1400,0.954992586021,1.02329299228,0.988553094657,0,0
1400,1.02329299228,1.09647819614,1.05925372518,0,0
1400,1.09647819614,1.17489755494,1.13501081567,0,0
1400,1.17489755494,1.25892541179,1.21618600065,0,0
1400,1.25892541179,1.34896288259,1.30316677845,0,0
1400,1.34896288259,1.44543977075,1.39636836106,0,0
1400,1.44543977075,1.54881661891,1.49623565609,0,0
1400,1.54881661891,1.65958690744,1.60324539069,0,0
1400,1.65958690744,1.77827941004,1.71790838716,0,0
1400,1.77827941004,1.90546071796,1.84077200147,0,0
1400,1.90546071796,2.04173794467,1.97242273611,0,0
1400,2.04173794467,2.18776162395,2.11348903984,0,0
1400,2.18776162395,2.34422881532,2.26464430759,0,0
1400,2.34422881532,2.51188643151,2.42661009508,0,0
1400,2.51188643151,2.69153480393,2.60015956317,0,0
1400,2.69153480393,2.88403150313,2.78612116863,0,0
1400,2.88403150313,3.09029543251,2.98538261892,0,0
1400,3.09029543251,3.31131121483,3.19889510969,0,0
1400,3.31131121483,3.54813389234,3.42767786546,0,0
1400,3.54813389234,3.80189396321,3.67282300498,0,0
1400,3.80189396321,4.07380277804,3.93550075456,0,0
1400,4.07380277804,4.3651583224,4.21696503429,0,0
1400,4.3651583224,4.67735141287,4.51855944375,0,0
1400,4.67735141287,5.01187233627,4.84172367584,0,0
1400,5.01187233627,5.3703179637,5.18800038929,0,0
1400,5.3703179637,5.75439937337,5.5590425727,0,0
1400,5.75439937337,6.16595001861,5.95662143529,0,0
1400,6.16595001861,6.60693448008,6.38263486191,0,0
1400,6.60693448008,7.07945784384,6.83911647281,0,0
1400,7.07945784384,7.58577575029,7.32824533139,0,0
1400,7.58577575029,8.12830516164,7.8523563461,0,0
1400,8.12830516164,8.70963589956,8.41395141645,0,0
1400,8.70963589956,9.33254300797,9.01571137606,0,0
1400,9.33254300797,10,9.6605087899,0.700897412882,0.604833464973
1500,0.01,0.0107151930524,0.0103514216668,0,0
1500,0.0107151930524,0.011481536215,0.0110917481526,0,0
1500,0.011481536215,0.0123026877081,0.0118850222744,0,0
1500,0.0123026877081,0.0131825673856,0.0127350308102,0,0
1500,0.0131825673856,0.0141253754462,0.0136458313659,0,0
1500,0.0141253754462,0.0151356124844,0.0146217717446,0,0
1500,0.0151356124844,0.0162181009736,0.0156675107011,0,0
1500,0.0162181009736,0.0173780082875,0.0167880401812,0,0
1500,0.0173780082875,0.0186208713666,0.0179887091513,0,0
1500,0.0186208713666,0.0199526231497,0.0192752491319,0,0
1500,0.0199526231497,0.021379620895,0.0206538015581,0,0
1500,0.021379620895,0.0229086765277,0.0221309470961,0,0
1500,0.0229086765277,0.0245470891569,0.0237137370566,0,0
1500,0.0245470891569,0.026302679919,0.0254097270555,0,0
1500,0.026302679919,0.0281838293126,0.0272270130808,0,0
1500,0.0281838293126,0.030199517204,0.02917427014,0,0
1500,0.030199517204,0.032359365693,0.0312607936712,0,0
1500,0.032359365693,0.0346736850453,0.0334965439158,0,0
1500,0.0346736850453,0.0371535229097,0.0358921934645,0,0
1500,0.0371535229097,0.0398107170553,0.0384591782045,0,0
1500,0.0398107170553,0.0426579518802,0.0412097519097,0,0
1500,0.0426579518802,0.0457088189615,0.0441570447353,0,0
1500,0.0457088189615,0.0489778819368,0.0473151258961,0,0
1500,0.0489778819368,0.052480746025,0.0506990708275,0,0
1500,0.052480746025,0.056234132519,0.0543250331492,0,0
1500,0.056234132519,0.0602559586074,0.0582103217771,0,0
1500,0.0602559586074,0.0645654229035,0.0623734835482,0,0
1500,0.0645654229035,0.0691830970919,0.0668343917569,0,0
1500,0.0691830970919,0.0741310241301,0.0716143410213,0,0
1500,0.0741310241301,0.0794328234724,0.0767361489362,0,0
1500,0.0794328234724,0.0851138038202,0.0822242649947,0,0
1500,0.0851138038202,0.0912010839356,0.0881048873008,0,0
1500,0.0912010839356,0.0977237220956,0.0944060876286,0,0
1500,0.0977237220956,0.104712854805,0.101157945426,0,0
1500,0.104712854805,0.11220184543,0.108392691402,0,0
1500,0.11220184543,0.120226443462,0.116144861384,0,0
1500,0.120226443462,0.128824955169,0.124451461177,0,0
1500,0.128824955169,0.13803842646,0.133352143216,0,0
1500,0.13803842646,0.147910838817,0.142889395851,0,0
1500,0.147910838817,0.158489319246,0.153108746168,0,0
1500,0.158489319246,0.169824365246,0.16405897732,0,0
1500,0.169824365246,0.181970085861,0.175792361396,0,0
1500,0.181970085861,0.194984459976,0.188364908949,0,0
1500,0.194984459976,0.208929613085,0.201836636368,0,0
1500,0.208929613085,0.223872113857,0.216271852373,0,0
1500,0.223872113857,0.239883291902,0.231739464997,0,0
1500,0.239883291902,0.257039578277,0.24831331053,0,0
1500,0.257039578277,0.275422870334,0.26607250598,0,0
1500,0.275422870334,0.295120922667,0.28510182675,0,0
1500,0.295120922667,0.316227766017,0.305492111322,0,0
1500,0.316227766017,0.338844156139,0.327340694879,0,0
1500,0.338844156139,0.36307805477,0.350751873953,0,0
1500,0.36307805477,0.389045144994,0.375837404288,0,0
1500,0.389045144994,0.41686938347,0.402717034325,0,0
1500,0.41686938347,0.446683592151,0.431519076828,0,0
1500,0.446683592151,0.478630092323,0.462381021399,0,0
1500,0.478630092323,0.512861383991,0.495450190805,0,0
1500,0.512861383991,0.549540873858,0.530884444231,0,0
1500,0.549540873858,0.588843655356,0.568852930844,0,0
1500,0.588843655356,0.63095734448,0.60953689724,0,0
1500,0.63095734448,0.676082975392,0.653130552647,0,0
1500,0.676082975392,0.724435960075,0.699841996002,0,0
1500,0.724435960075,0.776247116629,0.749894209332,0,0
1500,0.776247116629,0.831763771103,0.803526122186,0,0
1500,0.831763771103,0.891250938134,0.860993752185,0,0
1500,0.891250938134,0.954992586021,0.922571427155,0,0
1500,0.954992586021,1.02329299228,0.988553094657,0,0
1500,1.02329299228,1.09647819614,1.05925372518,0,0
1500,1.09647819614,1.17489755494,1.13501081567,0,0
1500,1.17489755494,1.25892541179,1.21618600065,0,0
1500,1.25892541179,1.34896288259,1.30316677845,0,0
1500,1.34896288259,1.44543977075,1.39636836106,0,0
1500,1.44543977075,1.54881661891,1.49623565609,0,0
1500,1.54881661891,1.65958690744,1.60324539069,0,0
1500,1.65958690744,1.77827941004,1.71790838716,0,0
1500,1.77827941004,1.90546071796,1.84077200147,0,0
1500,1.90546071796,2.04173794467,1.97242273611,0,0
1500,2.04173794467,2.18776162395,2.11348903984,0,0
1500,2.18776162395,2.34422881532,2.26464430759,0,0
1500,2.34422881532,2.51188643151,2.42661009508,0,0
1500,2.51188643151,2.69153480393,2.60015956317,0,0
1500,2.69153480393,2.88403150313,2.78612116863,0,0
1500,2.88403150313,3.09029543251,2.98538261892,0,0
1500,3.09029543251,3.31131121483,3.19889510969,0,0
1500,3.31131121483,3.54813389234,3.42767786546,0,0
1500,3.54813389234,3.80189396321,3.67282300498,0,0
1500,3.80189396321,4.07380277804,3.93550075456,0,0
1500,4.07380277804,4.3651583224,4.21696503429,0,0
1500,4.3651583224,4.67735141287,4.51855944375,0,0
1500,4.67735141287,5.01187233627,4.84172367584,0,0
1500,5.01187233627,5.3703179637,5.18800038929,0,0
1500,5.3703179637,5.75439937337,5.5590425727,0,0
1500,5.75439937337,6.16595001861,5.95662143529,0,0
1500,6.16595001861,6.60693448008,6.38263486191,0,0
1500,6.60693448008,7.07945784384,6.83911647281,0,0
1500,7.07945784384,7.58577575029,7.32824533139,0,0
1500,7.58577575029,8.12830516164,7.8523563461,0,0
1500,8.12830516164,8.70963589956,8.41395141645,0,0
1500,8.70963589956,9.33254300797,9.01571137606,0,0
1500,9.33254300797,10,9.6605087899,0,0
1700,0.01,0.0107151930524,0.0103514216668,0,0
1700,0.0107151930524,0.011481536215,0.0110917481526,0,0
1700,0.011481536215,0.0123026877081,0.0118850222744,0,0
1700,0.0123026877081,0.0131825673856,0.0127350308102,0,0
1700,0.0131825673856,0.0141253754462,0.0136458313659,0,0
1700,0.0141253754462,0.0151356124844,0.0146217717446,0,0
1700,0.0151356124844,0.0162181009736,0.0156675107011,0,0
1700,0.0162181009736,0.0173780082875,0.0167880401812,0,0
1700,0.0173780082875,0.0186208713666,0.0179887091513,0,0
1700,0.0186208713666,0.0199526231497,0.0192752491319,0,0
1700,0.0199526231497,0.021379620895,0.0206538015581,0,0
1700,0.021379620895,0.0229086765277,0.0221309470961,0,0
1700,0.0229086765277,0.0245470891569,0.0237137370566,0,0
1700,0.0245470891569,0.026302679919,0.0254097270555,0,0
1700,0.026302679919,0.0281838293126,0.0272270130808,0,0
1700,0.0281838293126,0.030199517204,0.02917427014,0,0
1700,0.030199517204,0.032359365693,0.0312607936712,0,0
1700,0.032359365693,0.0346736850453,0.0334965439158,0,0
1700,0.0346736850453,0.0371535229097,0.0358921934645,0,0
1700,0.0371535229097,0.0398107170553,0.0384591782045,0,0
1700,0.0398107170553,0.0426579518802,0.0412097519097,0,0
1700,0.0426579518802,0.0457088189615,0.0441570447353,0,0
1700,0.0457088189615,0.0489778819368,0.0473151258961,0,0
1700,0.0489778819368,0.052480746025,0.0506990708275,0,0
1700,0.052480746025,0.056234132519,0.0543250331492,0,0
1700,0.056234132519,0.0602559586074,0.0582103217771,0,0
1700,0.0602559586074,0.0645654229035,0.0623734835482,0,0
1700,0.0645654229035,0.0691830970919,0.0668343917569,0,0
1700,0.0691830970919,0.0741310241301,0.0716143410213,0,0
1700,0.0741310241301,0.0794328234724,0.0767361489362,0,0
1700,0.0794328234724,0.0851138038202,0.0822242649947,0,0
1700,0.0851138038202,0.0912010839356,0.0881048873008,0,0
1700,0.0912010839356,0.0977237220956,0.0944060876286,0,0
1700,0.0977237220956,0.104712854805,0.101157945426,0,0
1700,0.104712854805,0.11220184543,0.108392691402,0,0
1700,0.11220184543,0.120226443462,0.116144861384,0,0
1700,0.120226443462,0.128824955169,0.124451461177,0,0
1700,0.128824955169,0.13803842646,0.133352143216,0,0
1700,0.13803842646,0.147910838817,0.142889395851,0,0
1700,0.147910838817,0.158489319246,0.153108746168,0,0
1700,0.158489319246,0.169824365246,0.16405897732,0,0
1700,0.169824365246,0.181970085861,0.175792361396,0,0
1700,0.181970085861,0.194984459976,0.188364908949,0,0
1700,0.194984459976,0.208929613085,0.201836636368,0,0
1700,0.208929613085,0.223872113857,0.216271852373,0,0
1700,0.223872113857,0.239883291902,0.231739464997,0,0
1700,0.239883291902,0.257039578277,0.24831331053,0,0
1700,0.257039578277,0.275422870334,0.26607250598,0,0
1700,0.275422870334,0.295120922667,0.28510182675,0,0
1700,0.295120922667,0.316227766017,0.305492111322,0,0
1700,0.316227766017,0.338844156139,0.327340694879,0,0
1700,0.338844156139,0.36307805477,0.350751873953,0,0
1700,0.36307805477,0.389045144994,0.375837404288,0,0
1700,0.389045144994,0.41686938347,0.402717034325,0,0
1700,0.41686938347,0.446683592151,0.431519076828,0,0
1700,0.446683592151,0.478630092323,0.462381021399,0,0
1700,0.478630092323,0.512861383991,0.495450190805,0,0
1700,0.512861383991,0.549540873858,0.530884444231,0,0
1700,0.549540873858,0.588843655356,0.568852930844,0,0
1700,0.588843655356,0.63095734448,0.60953689724,0,0
1700,0.63095734448,0.676082975392,0.653130552647,0,0
1700,0.676082975392,0.724435960075,0.699841996002,0,0
1700,0.724435960075,0.776247116629,0.749894209332,0,0
1700,0.776247116629,0.831763771103,0.803526122186,0,0
1700,0.831763771103,0.891250938134,0.860993752185,0,0
1700,0.891250938134,0.954992586021,0.922571427155,0,0
1700,0.954992586021,1.02329299228,0.988553094657,0,0
1700,1.02329299228,1.09647819614,1.05925372518,0,0
1700,1.09647819614,1.17489755494,1.13501081567,0,0
1700,1.17489755494,1.25892541179,1.21618600065,0,0
1700,1.25892541179,1.34896288259,1.30316677845,0,0
1700,1.34896288259,1.44543977075,1.39636836106,0,0
1700,1.44543977075,1.54881661891,1.49623565609,0,0
1700,1.54881661891,1.65958690744,1.60324539069,0,0
1700,1.65958690744,1.77827941004,1.71790838716,0,0
1700,1.77827941004,1.90546071796,1.84077200147,0,0
1700,1.90546071796,2.04173794467,1.97242273611,0,0
1700,2.04173794467,2.18776162395,2.11348903984,0,0
1700,2.18776162395,2.34422881532,2.26464430759,0,0
1700,2.34422881532,2.51188643151,2.42661009508,0,0
1700,2.51188643151,2.69153480393,2.60015956317,0,0
1700,2.69153480393,2.88403150313,2.78612116863,0,0
1700,2.88403150313,3.09029543251,2.98538261892,0,0
1700,3.09029543251,3.31131121483,3.19889510969,0,0
1700,3.31131121483,3.54813389234,3.42767786546,0,0
1700,3.54813389234,3.80189396321,3.67282300498,0,0
1700,3.80189396321,4.07380277804,3.93550075456,0,0
1700,4.07380277804,4.3651583224,4.21696503429,0,0
1700,4.3651583224,4.67735141287,4.51855944375,0,0
1700,4.67735141287,5.01187233627,4.84172367584,0,0
1700,5.01187233627,5.3703179637,5.18800038929,0,0
1700,5.3703179637,5.75439937337,5.5590425727,0,0
1700,5.75439937337,6.16595001861,5.95662143529,0,0
1700,6.16595001861,6.60693448008,6.38263486191,0,0
1700,6.60693448008,7.07945784384,6.83911647281,0,0
1700,7.07945784384,7.58577575029,7.32824533139,0,0
1700,7.58577575029,8.12830516164,7.8523563461,0,0
1700,8.12830516164,8.70963589956,8.41395141645,0,0
1700,8.70963589956,9.33254300797,9.01571137606,0,0
1700,9.33254300797,10,9.6605087899,0,0
1800,0.01,0.0107151930524,0.0103514216668,0,0
1800,0.0107151930524,0.011481536215,0.0110917481526,0,0
1800,0.011481536215,0.0123026877081,0.0118850222744,0,0
1800,0.0123026877081,0.0131825673856,0.0127350308102,0,0
1800,0.0131825673856,0.0141253754462,0.0136458313659,0,0
1800,0.0141253754462,0.0151356124844,0.0146217717446,0,0
1800,0.0151356124844,0.0162181009736,0.0156675107011,0,0
1800,0.0162181009736,0.0173780082875,0.0167880401812,0,0
1800,0.0173780082875,0.0186208713666,0.0179887091513,0,0
1800,0.0186208713666,0.0199526231497,0.0192752491319,0,0
1800,0.0199526231497,0.021379620895,0.0206538015581,0,0
1800,0.021379620895,0.0229086765277,0.0221309470961,0,0
1800,0.0229086765277,0.0245470891569,0.0237137370566,0,0
1800,0.0245470891569,0.026302679919,0.0254097270555,0,0
1800,0.026302679919,0.0281838293126,0.0272270130808,0,0
1800,0.0281838293126,0.030199517204,0.02917427014,0,0
1800,0.030199517204,0.032359365693,0.0312607936712,0,0
1800,0.032359365693,0.0346736850453,0.0334965439158,0,0
1800,0.0346736850453,0.0371535229097,0.0358921934645,0,0
1800,0.0371535229097,0.0398107170553,0.0384591782045,0,0
1800,0.0398107170553,0.0426579518802,0.0412097519097,0,0
1800,0.0426579518802,0.0457088189615,0.0441570447353,0,0
1800,0.0457088189615,0.0489778819368,0.0473151258961,0,0
1800,0.0489778819368,0.052480746025,0.0506990708275,0,0
1800,0.052480746025,0.056234132519,0.0543250331492,0,0
1800,0.056234132519,0.0602559586074,0.0582103217771,0,0
1800,0.0602559586074,0.0645654229035,0.0623734835482,0,0
1800,0.0645654229035,0.0691830970919,0.0668343917569,0,0
1800,0.0691830970919,0.0741310241301,0.0716143410213,0,0
1800,0.0741310241301,0.0794328234724,0.0767361489362,0,0
1800,0.0794328234724,0.0851138038202,0.0822242649947,0,0
1800,0.0851138038202,0.0912010839356,0.0881048873008,0,0
1800,0.0912010839356,0.0977237220956,0.0944060876286,0,0
1800,0.0977237220956,0.104712854805,0.101157945426,0,0
1800,0.104712854805,0.11220184543,0.108392691402,0,0
1800,0.11220184543,0.120226443462,0.116144861384,0,0
1800,0.120226443462,0.128824955169,0.124451461177,0,0
1800,0.128824955169,0.13803842646,0.133352143216,0,0
1800,0.13803842646,0.147910838817,0.142889395851,0,0
1800,0.147910838817,0.158489319246,0.153108746168,0,0
1800,0.158489319246,0.169824365246,0.16405897732,0,0
1800,0.169824365246,0.181970085861,0.175792361396,0,0
1800,0.181970085861,0.194984459976,0.188364908949,0,0
1800,0.194984459976,0.208929613085,0.201836636368,0,0
1800,0.208929613085,0.223872113857,0.216271852373,0,0
1800,0.223872113857,0.239883291902,0.231739464997,0,0
1800,0.239883291902,0.257039578277,0.24831331053,0,0
1800,0.257039578277,0.275422870334,0.26607250598,0,0
1800,0.275422870334,0.295120922667,0.28510182675,0,0
1800,0.295120922667,0.316227766017,0.305492111322,0,0
1800,0.316227766017,0.338844156139,0.327340694879,0,0
1800,0.338844156139,0.36307805477,0.350751873953,0,0
1800,0.36307805477,0.389045144994,0.375837404288,0,0
1800,0.389045144994,0.41686938347,0.402717034325,0,0
1800,0.41686938347,0.446683592151,0.431519076828,0,0
1800,0.446683592151,0.478630092323,0.462381021399,0,0
1800,0.478630092323,0.512861383991,0.495450190805,0,0
1800,0.512861383991,0.549540873858,0.530884444231,0,0
1800,0.549540873858,0.588843655356,0.568852930844,0,0
1800,0.588843655356,0.63095734448,0.60953689724,0,0
1800,0.63095734448,0.676082975392,0.653130552647,0,0
1800,0.676082975392,0.724435960075,0.699841996002,0,0
1800,0.724435960075,0.776247116629,0.749894209332,0,0
1800,0.776247116629,0.831763771103,0.803526122186,0,0
1800,0.831763771103,0.891250938134,0.860993752185,0,0
1800,0.891250938134,0.954992586021,0.922571427155,0,0
1800,0.954992586021,1.02329299228,0.988553094657,0,0
1800,1.02329299228,1.09647819614,1.05925372518,0,0
1800,1.09647819614,1.17489755494,1.13501081567,0,0
1800,1.17489755494,1.25892541179,1.21618600065,0,0
1800,1.25892541179,1.34896288259,1.30316677845,0,0
1800,1.34896288259,1.44543977075,1.39636836106,0,0
1800,1.44543977075,1.54881661891,1.49623565609,0,0
1800,1.54881661891,1.65958690744,1.60324539069,0,0
1800,1.65958690744,1.77827941004,1.71790838716,0,0
1800,1.77827941004,1.90546071796,1.84077200147,0,0
1800,1.90546071796,2.04173794467,1.97242273611,0,0
1800,2.04173794467,2.18776162395,2.11348903984,0,0
1800,2.18776162395,2.34422881532,2.26464430759,0,0
1800,2.34422881532,2.51188643151,2.42661009508,0,0
1800,2.51188643151,2.69153480393,2.60015956317,0,0
1800,2.69153480393,2.88403150313,2.78612116863,0,0
1800,2.88403150313,3.09029543251,2.98538261892,0,0
1800,3.09029543251,3.31131121483,3.19889510969,0,0
1800,3.31131121483,3.54813389234,3.42767786546,0,0
1800,3.54813389234,3.80189396321,3.67282300498,0,0
1800,3.80189396321,4.07380277804,3.93550075456,0,0
1800,4.07380277804,4.3651583224,4.21696503429,0,0
1800,4.3651583224,4.67735141287,4.51855944375,0,0
1800,4.67735141287,5.01187233627,4.84172367584,0,0
1800,5.01187233627,5.3703179637,5.18800038929,0,0
1800,5.3703179637,5.75439937337,5.5590425727,0,0
1800,5.75439937337,6.16595001861,5.95662143529,0,0
1800,6.16595001861,6.60693448008,6.38263486191,0,0
1800,6.60693448008,7.07945784384,6.83911647281,0,0
1800,7.07945784384,7.58577575029,7.32824533139,0,0
1800,7.58577575029,8.12830516164,7.8523563461,0,0
1800,8.12830516164,8.70963589956,8.41395141645,0,0
1800,8.70963589956,9.33254300797,9.01571137606,0,0
1800,9.33254300797,10,9.6605087899,0,0
2000,0.01,0.0107151930524,0.0103514216668,0,0
2000,0.0107151930524,0.011481536215,0.0110917481526,0,0
2000,0.011481536215,0.0123026877081,0.0118850222744,0,0
2000,0.0123026877081,0.0131825673856,0.0127350308102,0,0
2000,0.0131825673856,0.0141253754462,0.0136458313659,0,0
2000,0.0141253754462,0.0151356124844,0.0146217717446,0,0
2000,0.0151356124844,0.0162181009736,0.0156675107011,0,0
2000,0.0162181009736,0.0173780082875,0.0167880401812,0,0
2000,0.0173780082875,0.0186208713666,0.0179887091513,0,0
2000,0.0186208713666,0.0199526231497,0.0192752491319,0,0
2000,0.0199526231497,0.021379620895,0.0206538015581,0,0
2000,0.021379620895,0.0229086765277,0.0221309470961,0,0
2000,0.0229086765277,0.0245470891569,0.0237137370566,0,0
2000,0.0245470891569,0.026302679919,0.0254097270555,0,0
2000,0.026302679919,0.0281838293126,0.0272270130808,0,0
2000,0.0281838293126,0.030199517204,0.02917427014,0,0
2000,0.030199517204,0.032359365693,0.0312607936712,0,0
2000,0.032359365693,0.0346736850453,0.0334965439158,0,0
2000,0.0346736850453,0.0371535229097,0.0358921934645,0,0
2000,0.0371535229097,0.0398107170553,0.0384591782045,0,0
2000,0.0398107170553,0.0426579518802,0.0412097519097,0,0
2000,0.0426579518802,0.0457088189615,0.0441570447353,0,0
2000,0.0457088189615,0.0489778819368,0.0473151258961,0,0
2000,0.0489778819368,0.052480746025,0.0506990708275,0,0
2000,0.052480746025,0.056234132519,0.0543250331492,0,0
2000,0.056234132519,0.0602559586074,0.0582103217771,0,0
2000,0.0602559586074,0.0645654229035,0.0623734835482,0,0
2000,0.0645654229035,0.0691830970919,0.0668343917569,0,0
2000,0.0691830970919,0.0741310241301,0.0716143410213,0,0
2000,0.0741310241301,0.0794328234724,0.0767361489362,0,0
2000,0.0794328234724,0.0851138038202,0.0822242649947,0,0
2000,0.0851138038202,0.0912010839356,0.0881048873008,0,0
2000,0.0912010839356,0.0977237220956,0.0944060876286,0,0
2000,0.0977237220956,0.104712854805,0.101157945426,0,0
2000,0.104712854805,0.11220184543,0.108392691402,0,0
2000,0.11220184543,0.120226443462,0.116144861384,0,0
2000,0.120226443462,0.128824955169,0.124451461177,0,0
2000,0.128824955169,0.13803842646,0.133352143216,0,0
2000,0.13803842646,0.147910838817,0.142889395851,0,0
2000,0.147910838817,0.158489319246,0.153108746168,0,0
2000,0.158489319246,0.169824365246,0.16405897732,0,0
2000,0.169824365246,0.181970085861,0.175792361396,0,0
2000,0.181970085861,0.194984459976,0.188364908949,0,0
2000,0.194984459976,0.208929613085,0.201836636368,0,0
2000,0.208929613085,0.223872113857,0.216271852373,0,0
2000,0.223872113857,0.239883291902,0.231739464997,0,0
2000,0.239883291902,0.257039578277,0.24831331053,0,0
2000,0.257039578277,0.275422870334,0.26607250598,0,0
2000,0.275422870334,0.295120922667,0.28510182675,0,0
2000,0.295120922667,0.316227766017,0.305492111322,0,0
2000,0.316227766017,0.338844156139,0.327340694879,0,0
2000,0.338844156139,0.36307805477,0.350751873953,0,0
2000,0.36307805477,0.389045144994,0.375837404288,0,0
2000,0.389045144994,0.41686938347,0.402717034325,0,0
2000,0.41686938347,0.446683592151,0.431519076828,0,0
2000,0.446683592151,0.478630092323,0.462381021399,0,0
2000,0.478630092323,0.512861383991,0.495450190805,0,0
2000,0.512861383991,0.549540873858,0.530884444231,0,0
2000,0.549540873858,0.588843655356,0.568852930844,0,0
2000,0.588843655356,0.63095734448,0.60953689724,0,0
2000,0.63095734448,0.676082975392,0.653130552647,0,0
2000,0.676082975392,0.724435960075,0.699841996002,0,0
2000,0.724435960075,0.776247116629,0.749894209332,0,0
2000,0.776247116629,0.831763771103,0.803526122186,0,0
2000,0.831763771103,0.891250938134,0.860993752185,0,0
2000,0.891250938134,0.954992586021,0.922571427155,0,0
2000,0.954992586021,1.02329299228,0.988553094657,0,0
2000,1.02329299228,1.09647819614,1.05925372518,0,0
2000,1.09647819614,1.17489755494,1.13501081567,0,0
2000,1.17489755494,1.25892541179,1.21618600065,0,0
2000,1.25892541179,1.34896288259,1.30316677845,0,0
2000,1.34896288259,1.44543977075,1.39636836106,0,0
2000,1.44543977075,1.54881661891,1.49623565609,0,0
2000,1.54881661891,1.65958690744,1.60324539069,0,0
2000,1.65958690744,1.77827941004,1.71790838716,0,0
2000,1.77827941004,1.90546071796,1.84077200147,0,0
2000,1.90546071796,2.04173794467,1.97242273611,0,0
2000,2.04173794467,2.18776162395,2.11348903984,0,0
2000,2.18776162395,2.34422881532,2.26464430759,0,0
2000,2.34422881532,2.51188643151,2.42661009508,0,0
2000,2.51188643151,2.69153480393,2.60015956317,0,0
2000,2.69153480393,2.88403150313,2.78612116863,0,0
2000,2.88403150313,3.09029543251,2.98538261892,0,0
2000,3.09029543251,3.31131121483,3.19889510969,0,0
2000,3.31131121483,3.54813389234,3.42767786546,0,0
2000,3.54813389234,3.80189396321,3.67282300498,0,0
2000,3.80189396321,4.07380277804,3.93550075456,0,0
2000,4.07380277804,4.3651583224,4.21696503429,0,0
2000,4.3651583224,4.67735141287,4.51855944375,0,0
2000,4.67735141287,5.01187233627,4.84172367584,0,0
2000,5.01187233627,5.3703179637,5.18800038929,0,0
2000,5.3703179637,5.75439937337,5.5590425727,0,0
2000,5.75439937337,6.16595001861,5.95662143529,0,0
2000,6.16595001861,6.60693448008,6.38263486191,0,0
2000,6.60693448008,7.07945784384,6.83911647281,0,0
2000,7.07945784384,7.58577575029,7.32824533139,0,0
2000,7.58577575029,8.12830516164,7.8523563461,0,0
2000,8.12830516164,8.70963589956,8.41395141645,0,0
2000,8.70963589956,9.33254300797,9.01571137606,0,0
2000,9.33254300797,10,9.6605087899,0,0
2100,0.01,0.0107151930524,0.0103514216668,0,0
2100,0.0107151930524,0.011481536215,0.0110917481526,0,0
2100,0.011481536215,0.0123026877081,0.0118850222744,0,0
2100,0.0123026877081,0.0131825673856,0.0127350308102,0,0
2100,0.0131825673856,0.0141253754462,0.0136458313659,0,0
2100,0.0141253754462,0.0151356124844,0.0146217717446,0,0
2100,0.0151356124844,0.0162181009736,0.0156675107011,0,0
2100,0.0162181009736,0.0173780082875,0.0167880401812,0,0
2100,0.0173780082875,0.0186208713666,0.0179887091513,0,0
2100,0.0186208713666,0.0199526231497,0.0192752491319,0,0
2100,0.0199526231497,0.021379620895,0.0206538015581,0,0
2100,0.021379620895,0.0229086765277,0.0221309470961,0,0
2100,0.0229086765277,0.0245470891569,0.0237137370566,0,0
2100,0.0245470891569,0.026302679919,0.0254097270555,0,0
2100,0.026302679919,0.0281838293126,0.0272270130808,0,0
2100,0.0281838293126,0.030199517204,0.02917427014,0,0
2100,0.030199517204,0.032359365693,0.0312607936712,0,0
2100,0.032359365693,0.0346736850453,0.0334965439158,0,0
2100,0.0346736850453,0.0371535229097,0.0358921934645,0,0
2100,0.0371535229097,0.0398107170553,0.0384591782045,0,0
2100,0.0398107170553,0.0426579518802,0.0412097519097,0,0
2100,0.0426579518802,0.0457088189615,0.0441570447353,0,0
2100,0.0457088189615,0.0489778819368,0.0473151258961,0,0
2100,0.0489778819368,0.052480746025,0.0506990708275,0,0
2100,0.052480746025,0.056234132519,0.0543250331492,0,0
2100,0.056234132519,0.0602559586074,0.0582103217771,0,0
2100,0.0602559586074,0.0645654229035,0.0623734835482,0,0
2100,0.0645654229035,0.0691830970919,0.0668343917569,0,0
2100,0.0691830970919,0.0741310241301,0.0716143410213,0,0
2100,0.0741310241301,0.0794328234724,0.0767361489362,0,0
2100,0.0794328234724,0.0851138038202,0.0822242649947,0,0
2100,0.0851138038202,0.0912010839356,0.0881048873008,0,0
2100,0.0912010839356,0.0977237220956,0.0944060876286,0,0
2100,0.0977237220956,0.104712854805,0.101157945426,0,0
2100,0.104712854805,0.11220184543,0.108392691402,0,0
2100,0.11220184543,0.120226443462,0.116144861384,0,0
2100,0.120226443462,0.128824955169,0.124451461177,0,0
2100,0.128824955169,0.13803842646,0.133352143216,0,0
2100,0.13803842646,0.147910838817,0.142889395851,0,0
2100,0.147910838817,0.158489319246,0.153108746168,0,0
2100,0.158489319246,0.169824365246,0.16405897732,0,0
2100,0.169824365246,0.181970085861,0.175792361396,0,0
2100,0.181970085861,0.194984459976,0.188364908949,0,0
2100,0.194984459976,0.208929613085,0.201836636368,0,0
2100,0.208929613085,0.223872113857,0.216271852373,0,0
2100,0.223872113857,0.239883291902,0.231739464997,0,0
2100,0.239883291902,0.257039578277,0.24831331053,0,0
2100,0.257039578277,0.275422870334,0.26607250598,0,0
2100,0.275422870334,0.295120922667,0.28510182675,0,0
2100,0.295120922667,0.316227766017,0.305492111322,0,0
2100,0.316227766017,0.338844156139,0.327340694879,0,0
2100,0.338844156139,0.36307805477,0.350751873953,0,0
2100,0.36307805477,0.389045144994,0.375837404288,0,0
2100,0.389045144994,0.41686938347,0.402717034325,0,0
2100,0.41686938347,0.446683592151,0.431519076828,0,0
2100,0.446683592151,0.478630092323,0.462381021399,0,0
2100,0.478630092323,0.512861383991,0.495450190805,0,0
2100,0.512861383991,0.549540873858,0.530884444231,0,0
2100,0.549540873858,0.588843655356,0.568852930844,0,0
2100,0.588843655356,0.63095734448,0.60953689724,0,0
2100,0.63095734448,0.676082975392,0.653130552647,0,0
2100,0.676082975392,0.724435960075,0.699841996002,0,0
2100,0.724435960075,0.776247116629,0.749894209332,0,0
2100,0.776247116629,0.831763771103,0.803526122186,0,0
2100,0.831763771103,0.891250938134,0.860993752185,0,0
2100,0.891250938134,0.954992586021,0.922571427155,0,0
2100,0.954992586021,1.02329299228,0.988553094657,0,0
2100,1.02329299228,1.09647819614,1.05925372518,0,0
2100,1.09647819614,1.17489755494,1.13501081567,0,0
2100,1.17489755494,1.25892541179,1.21618600065,0,0
2100,1.25892541179,1.34896288259,1.30316677845,0,0
2100,1.34896288259,1.44543977075,1.39636836106,0,0
2100,1.44543977075,1.54881661891,1.49623565609,0,0
2100,1.54881661891,1.65958690744,1.60324539069,0,0
2100,1.65958690744,1.77827941004,1.71790838716,0,0
2100,1.77827941004,1.90546071796,1.84077200147,0,0
2100,1.90546071796,2.04173794467,1.97242273611,0,0
2100,2.04173794467,2.18776162395,2.11348903984,0,0
2100,2.18776162395,2.34422881532,2.26464430759,0,0
2100,2.34422881532,2.51188643151,2.42661009508,0,0
2100,2.51188643151,2.69153480393,2.60015956317,0,0
2100,2.69153480393,2.88403150313,2.78612116863,0,0
2100,2.88403150313,3.09029543251,2.98538261892,0,0
2100,3.09029543251,3.31131121483,3.19889510969,0,0
2100,3.31131121483,3.54813389234,3.42767786546,0,0
2100,3.54813389234,3.80189396321,3.67282300498,0,0
2100,3.80189396321,4.07380277804,3.93550075456,0,0
2100,4.07380277804,4.3651583224,4.21696503429,0,0
2100,4.3651583224,4.67735141287,4.51855944375,0,0
2100,4.67735141287,5.01187233627,4.84172367584,0,0
2100,5.01187233627,5.3703179637,5.18800038929,0,0
2100,5.3703179637,5.75439937337,5.5590425727,0,0
2100,5.75439937337,6.16595001861,5.95662143529,0,0
2100,6.16595001861,6.60693448008,6.38263486191,0,0
2100,6.60693448008,7.07945784384,6.83911647281,0,0
2100,7.07945784384,7.58577575029,7.32824533139,0,0
2100,7.58577575029,8.12830516164,7.8523563461,0,0
2100,8.12830516164,8.70963589956,8.41395141645,0,0
2100,8.70963589956,9.33254300797,9.01571137606,0,0
2100,9.33254300797,10,9.6605087899,0,0
2300,0.01,0.0107151930524,0.0103514216668,0,0
2300,0.0107151930524,0.011481536215,0.0110917481526,0,0
2300,0.011481536215,0.0123026877081,0.0118850222744,0,0
2300,0.0123026877081,0.0131825673856,0.0127350308102,0,0
2300,0.0131825673856,0.0141253754462,0.0136458313659,0,0
2300,0.0141253754462,0.0151356124844,0.0146217717446,0,0
2300,0.0151356124844,0.0162181009736,0.0156675107011,0,0
2300,0.0162181009736,0.0173780082875,0.0167880401812,0,0
2300,0.0173780082875,0.0186208713666,0.0179887091513,0,0
2300,0.0186208713666,0.0199526231497,0.0192752491319,0,0
2300,0.0199526231497,0.021379620895,0.0206538015581,0,0
2300,0.021379620895,0.0229086765277,0.0221309470961,0,0
2300,0.0229086765277,0.0245470891569,0.0237137370566,0,0
2300,0.0245470891569,0.026302679919,0.0254097270555,0,0
2300,0.026302679919,0.0281838293126,0.0272270130808,0,0
2300,0.0281838293126,0.030199517204,0.02917427014,0,0
2300,0.030199517204,0.032359365693,0.0312607936712,0,0
2300,0.032359365693,0.0346736850453,0.0334965439158,0,0
2300,0.0346736850453,0.0371535229097,0.0358921934645,0,0
2300,0.0371535229097,0.0398107170553,0.0384591782045,0,0
2300,0.0398107170553,0.0426579518802,0.0412097519097,0,0
2300,0.0426579518802,0.0457088189615,0.0441570447353,0,0
2300,0.0457088189615,0.0489778819368,0.0473151258961,0,0
2300,0.0489778819368,0.052480746025,0.0506990708275,0,0
2300,0.052480746025,0.056234132519,0.0543250331492,0,0
2300,0.056234132519,0.0602559586074,0.0582103217771,0,0
2300,0.0602559586074,0.0645654229035,0.0623734835482,0,0
2300,0.0645654229035,0.0691830970919,0.0668343917569,0,0
2300,0.0691830970919,0.0741310241301,0.0716143410213,0,0
2300,0.0741310241301,0.0794328234724,0.0767361489362,0,0
2300,0.0794328234724,0.0851138038202,0.0822242649947,0,0
2300,0.0851138038202,0.0912010839356,0.0881048873008,0,0
2300,0.0912010839356,0.0977237220956,0.0944060876286,0,0
2300,0.0977237220956,0.104712854805,0.101157945426,0,0
2300,0.104712854805,0.11220184543,0.108392691402,0,0
2300,0.11220184543,0.120226443462,0.116144861384,0,0
2300,0.120226443462,0.128824955169,0.124451461177,0,0
2300,0.128824955169,0.13803842646,0.133352143216,0,0
2300,0.13803842646,0.147910838817,0.142889395851,0,0
2300,0.147910838817,0.158489319246,0.153108746168,0,0
2300,0.158489319246,0.169824365246,0.16405897732,0,0
2300,0.169824365246,0.181970085861,0.175792361396,0,0
2300,0.181970085861,0.194984459976,0.188364908949,0,0
2300,0.194984459976,0.208929613085,0.201836636368,0,0
2300,0.208929613085,0.223872113857,0.216271852373,0,0
2300,0.223872113857,0.239883291902,0.231739464997,0,0
2300,0.239883291902,0.257039578277,0.24831331053,0,0
2300,0.257039578277,0.275422870334,0.26607250598,0,0
2300,0.275422870334,0.295120922667,0.28510182675,0,0
2300,0.295120922667,0.316227766017,0.305492111322,0,0
2300,0.316227766017,0.338844156139,0.327340694879,0,0
2300,0.338844156139,0.36307805477,0.350751873953,0,0
2300,0.36307805477,0.389045144994,0.375837404288,0,0
2300,0.389045144994,0.41686938347,0.402717034325,0,0
2300,0.41686938347,0.446683592151,0.431519076828,0,0
2300,0.446683592151,0.478630092323,0.462381021399,0,0
2300,0.478630092323,0.512861383991,0.495450190805,0,0
2300,0.512861383991,0.549540873858,0.530884444231,0,0
2300,0.549540873858,0.588843655356,0.568852930844,0,0
2300,0.588843655356,0.63095734448,0.60953689724,0,0
2300,0.63095734448,0.676082975392,0.653130552647,0,0
2300,0.676082975392,0.724435960075,0.699841996002,0,0
2300,0.724435960075,0.776247116629,0.749894209332,0,0
2300,0.776247116629,0.831763771103,0.803526122186,0,0
2300,0.831763771103,0.891250938134,0.860993752185,0,0
2300,0.891250938134,0.954992586021,0.922571427155,0,0
2300,0.954992586021,1.02329299228,0.988553094657,0,0
2300,1.02329299228,1.09647819614,1.05925372518,0,0
2300,1.09647819614,1.17489755494,1.13501081567,0,0
2300,1.17489755494,1.25892541179,1.21618600065,0,0
2300,1.25892541179,1.34896288259,1.30316677845,0,0
2300,1.34896288259,1.44543977075,1.39636836106,0,0
2300,1.44543977075,1.54881661891,1.49623565609,0,0
2300,1.54881661891,1.65958690744,1.60324539069,0,0
2300,1.65958690744,1.77827941004,1.71790838716,0,0
2300,1.77827941004,1.90546071796,1.84077200147,0,0
2300,1.90546071796,2.04173794467,1.97242273611,0,0
2300,2.04173794467,2.18776162395,2.11348903984,0,0
2300,2.18776162395,2.34422881532,2.26464430759,0,0
2300,2.34422881532,2.51188643151,2.42661009508,0,0
2300,2.51188643151,2.69153480393,2.60015956317,0,0
2300,2.69153480393,2.88403150313,2.78612116863,0,0
2300,2.88403150313,3.09029543251,2.98538261892,0,0
2300,3.09029543251,3.31131121483,3.19889510969,0,0
2300,3.31131121483,3.54813389234,3.42767786546,0,0
2300,3.54813389234,3.80189396321,3.67282300498,0,0
2300,3.80189396321,4.07380277804,3.93550075456,0,0
2300,4.07380277804,4.3651583224,4.21696503429,0,0
2300,4.3651583224,4.67735141287,4.51855944375,0,0
2300,4.67735141287,5.01187233627,4.84172367584,0,0
2300,5.01187233627,5.3703179637,5.18800038929,0,0
2300,5.3703179637,5.75439937337,5.5590425727,0,0
2300,5.75439937337,6.16595001861,5.95662143529,0,0
2300,6.16595001861,6.60693448008,6.38263486191,0,0
2300,6.60693448008,7.07945784384,6.83911647281,0,0
2300,7.07945784384,7.58577575029,7.32824533139,0,0
2300,7.58577575029,8.12830516164,7.8523563461,0,0
2300,8.12830516164,8.70963589956,8.41395141645,0,0
2300,8.70963589956,9.33254300797,9.01571137606,0,0
2300,9.33254300797,10,9.6605087899,0,0
2500,0.01,0.0107151930524,0.0103514216668,0,0
2500,0.0107151930524,0.011481536215,0.0110917481526,0,0
2500,0.011481536215,0.0123026877081,0.0118850222744,0,0
2500,0.0123026877081,0.0131825673856,0.0127350308102,0,0
2500,0.0131825673856,0.0141253754462,0.0136458313659,0,0
2500,0.0141253754462,0.0151356124844,0.0146217717446,0,0
2500,0.0151356124844,0.0162181009736,0.0156675107011,0,0
2500,0.0162181009736,0.0173780082875,0.0167880401812,0,0
2500,0.0173780082875,0.0186208713666,0.0179887091513,0,0
2500,0.0186208713666,0.0199526231497,0.0192752491319,0,0
2500,0.0199526231497,0.021379620895,0.0206538015581,0,0
2500,0.021379620895,0.0229086765277,0.0221309470961,0,0
2500,0.0229086765277,0.0245470891569,0.0237137370566,0,0
2500,0.0245470891569,0.026302679919,0.0254097270555,0,0
2500,0.026302679919,0.0281838293126,0.0272270130808,0,0
2500,0.0281838293126,0.030199517204,0.02917427014,0,0
2500,0.030199517204,0.032359365693,0.0312607936712,0,0
2500,0.032359365693,0.0346736850453,0.0334965439158,0,0
2500,0.0346736850453,0.0371535229097,0.0358921934645,0,0
2500,0.0371535229097,0.0398107170553,0.0384591782045,0,0
2500,0.0398107170553,0.0426579518802,0.0412097519097,0,0
2500,0.0426579518802,0.0457088189615,0.0441570447353,0,0
2500,0.0457088189615,0.0489778819368,0.0473151258961,0,0
2500,0.0489778819368,0.052480746025,0.0506990708275,0,0
2500,0.052480746025,0.056234132519,0.0543250331492,0,0
2500,0.056234132519,0.0602559586074,0.0582103217771,0,0
2500,0.0602559586074,0.0645654229035,0.0623734835482,0,0
2500,0.0645654229035,0.0691830970919,0.0668343917569,0,0
2500,0.0691830970919,0.0741310241301,0.0716143410213,0,0
2500,0.0741310241301,0.0794328234724,0.0767361489362,0,0
2500,0.0794328234724,0.0851138038202,0.0822242649947,0,0
2500,0.0851138038202,0.0912010839356,0.0881048873008,0,0
2500,0.0912010839356,0.0977237220956,0.0944060876286,0,0
2500,0.0977237220956,0.104712854805,0.101157945426,0,0
2500,0.104712854805,0.11220184543,0.108392691402,0,0
2500,0.11220184543,0.120226443462,0.116144861384,0,0
2500,0.120226443462,0.128824955169,0.124451461177,0,0
2500,0.128824955169,0.13803842646,0.133352143216,0,0
2500,0.13803842646,0.147910838817,0.142889395851,0.17940644859,0.999499874937
2500,0.147910838817,0.158489319246,0.153108746168,0,0
2500,0.158489319246,0.169824365246,0.16405897732,0,0
2500,0.169824365246,0.181970085861,0.175792361396,0,0
2500,0.181970085861,0.194984459976,0.188364908949,0,0
2500,0.194984459976,0.208929613085,0.201836636368,0,0
2500,0.208929613085,0.223872113857,0.216271852373,0,0
2500,0.223872113857,0.239883291902,0.231739464997,0,0
2500,0.239883291902,0.257039578277,0.24831331053,0,0
2500,0.257039578277,0.275422870334,0.26607250598,0,0
2500,0.275422870334,0.295120922667,0.28510182675,0,0
2500,0.295120922667,0.316227766017,0.305492111322,0,0
2500,0.316227766017,0.338844156139,0.327340694879,0,0
2500,0.338844156139,0.36307805477,0.350751873953,0,0
2500,0.36307805477,0.389045144994,0.375837404288,0,0
2500,0.389045144994,0.41686938347,0.402717034325,0,0
2500,0.41686938347,0.446683592151,0.431519076828,0.267513896417,0.999499874937
2500,0.446683592151,0.478630092323,0.462381021399,0,0
2500,0.478630092323,0.512861383991,0.495450190805,0,0
2500,0.512861383991,0.549540873858,0.530884444231,0,0
2500,0.549540873858,0.588843655356,0.568852930844,0.313074849925,0.999499874937
2500,0.588843655356,0.63095734448,0.60953689724,0,0
2500,0.63095734448,0.676082975392,0.653130552647,0,0
2500,0.676082975392,0.724435960075,0.699841996002,0,0
2500,0.724435960075,0.776247116629,0.749894209332,0,0
2500,0.776247116629,0.831763771103,0.803526122186,0,0
2500,0.831763771103,0.891250938134,0.860993752185,0,0
2500,0.891250938134,0.954992586021,0.922571427155,0,0
2500,0.954992586021,1.02329299228,0.988553094657,0,0
2500,1.02329299228,1.09647819614,1.05925372518,0,0
2500,1.09647819614,1.17489755494,1.13501081567,0,0
2500,1.17489755494,1.25892541179,1.21618600065,0,0
2500,1.25892541179,1.34896288259,1.30316677845,0,0
2500,1.34896288259,1.44543977075,1.39636836106,0,0
2500,1.44543977075,1.54881661891,1.49623565609,0,0
2500,1.54881661891,1.65958690744,1.60324539069,0,0
2500,1.65958690744,1.77827941004,1.71790838716,0,0
2500,1.77827941004,1.90546071796,1.84077200147,0,0
2500,1.90546071796,2.04173794467,1.97242273611,0,0
2500,2.04173794467,2.18776162395,2.11348903984,0,0
2500,2.18776162395,2.34422881532,2.26464430759,0,0
2500,2.34422881532,2.51188643151,2.42661009508,0,0
2500,2.51188643151,2.69153480393,2.60015956317,0,0
2500,2.69153480393,2.88403150313,2.78612116863,0,0
2500,2.88403150313,3.09029543251,2.98538261892,0,0
2500,3.09029543251,3.31131121483,3.19889510969,0,0
2500,3.31131121483,3.54813389234,3.42767786546,0,0
2500,3.54813389234,3.80189396321,3.67282300498,0,0
2500,3.80189396321,4.07380277804,3.93550075456,0,0
2500,4.07380277804,4.3651583224,4.21696503429,0,0
2500,4.3651583224,4.67735141287,4.51855944375,0,0
2500,4.67735141287,5.01187233627,4.84172367584,0,0
2500,5.01187233627,5.3703179637,5.18800038929,0,0
2500,5.3703179637,5.75439937337,5.5590425727,0,0
2500,5.75439937337,6.16595001861,5.95662143529,0,0
2500,6.16595001861,6.60693448008,6.38263486191,0,0
2500,6.60693448008,7.07945784384,6.83911647281,0,0
2500,7.07945784384,7.58577575029,7.32824533139,0,0
2500,7.58577575029,8.12830516164,7.8523563461,0,0
2500,8.12830516164,8.70963589956,8.41395141645,0,0
2500,8.70963589956,9.33254300797,9.01571137606,0,0
2500,9.33254300797,10,9.6605087899,1.57069083162,0.481268754888
2700,0.01,0.0107151930524,0.0103514216668,0,0
2700,0.0107151930524,0.011481536215,0.0110917481526,0,0
2700,0.011481536215,0.0123026877081,0.0118850222744,0,0
2700,0.0123026877081,0.0131825673856,0.0127350308102,0,0
2700,0.0131825673856,0.0141253754462,0.0136458313659,0,0
2700,0.0141253754462,0.0151356124844,0.0146217717446,0,0
2700,0.0151356124844,0.0162181009736,0.0156675107011,0.0166207387728,0.999499874937
2700,0.0162181009736,0.0173780082875,0.0167880401812,0,0
2700,0.0173780082875,0.0186208713666,0.0179887091513,0.0104036842907,0.999499874937
2700,0.0186208713666,0.0199526231497,0.0192752491319,0,0
2700,0.0199526231497,0.021379620895,0.0206538015581,0,0
2700,0.021379620895,0.0229086765277,0.0221309470961,0,0
2700,0.0229086765277,0.0245470891569,0.0237137370566,0,0
2700,0.0245470891569,0.026302679919,0.0254097270555,0,0
2700,0.026302679919,0.0281838293126,0.0272270130808,0,0
2700,0.0281838293126,0.030199517204,0.02917427014,0.031586376595,0.999499874937
2700,0.030199517204,0.032359365693,0.0312607936712,0.0131056640765,0.999499874937
2700,0.032359365693,0.0346736850453,0.0334965439158,0,0
2700,0.0346736850453,0.0371535229097,0.0358921934645,0,0
2700,0.0371535229097,0.0398107170553,0.0384591782045,0.0317067418614,0.815884070193
2700,0.0398107170553,0.0426579518802,0.0412097519097,0,0
2700,0.0426579518802,0.0457088189615,0.0441570447353,0.126042230628,0.889379845951
2700,0.0457088189615,0.0489778819368,0.0473151258961,0.0425571861894,0.690652444149
2700,0.0489778819368,0.052480746025,0.0506990708275,0,0
2700,0.052480746025,0.056234132519,0.0543250331492,0.0736161164046,0.716674140767
2700,0.056234132519,0.0602559586074,0.0582103217771,0,0
2700,0.0602559586074,0.0645654229035,0.0623734835482,0,0
2700,0.0645654229035,0.0691830970919,0.0668343917569,0.167385774251,0.752250066701
2700,0.0691830970919,0.0741310241301,0.0716143410213,0.0219946053987,0.999499874937
2700,0.0741310241301,0.0794328234724,0.0767361489362,0.0796421049349,0.486279724882
2700,0.0794328234724,0.0851138038202,0.0822242649947,0.149378914373,0.999499874937
2700,0.0851138038202,0.0912010839356,0.0881048873008,0.112692219986,0.878123605056
2700,0.0912010839356,0.0977237220956,0.0944060876286,0.03730509935,0.635224440434
2700,0.0977237220956,0.104712854805,0.101157945426,0.117134444237,0.589324055122
2700,0.104712854805,0.11220184543,0.108392691402,0.155897110249,0.521861937305
2700,0.11220184543,0.120226443462,0.116144861384,0.0684235969391,0.773436771312
2700,0.120226443462,0.128824955169,0.124451461177,0.163404645967,0.805942532967
2700,0.128824955169,0.13803842646,0.133352143216,0.0488715787114,0.568226605137
2700,0.13803842646,0.147910838817,0.142889395851,0.14579071061,0.537021030669
2700,0.147910838817,0.158489319246,0.153108746168,0.126232675778,0.797399634686
2700,0.158489319246,0.169824365246,0.16405897732,0.0438028056587,0.75836067567
2700,0.169824365246,0.181970085861,0.175792361396,0,0
2700,0.181970085861,0.194984459976,0.188364908949,0.283420806409,0.624531387036
2700,0.194984459976,0.208929613085,0.201836636368,0.0955472779618,0.432420947462
2700,0.208929613085,0.223872113857,0.216271852373,0.0331183909535,0.832469801505
2700,0.223872113857,0.239883291902,0.231739464997,0.0976479846333,0.70419603521
2700,0.239883291902,0.257039578277,0.24831331053,0.138920847833,0.35897694506
2700,0.257039578277,0.275422870334,0.26607250598,0.1776200635,0.804557314316
2700,0.275422870334,0.295120922667,0.28510182675,0.151124498707,0.469674752
2700,0.295120922667,0.316227766017,0.305492111322,0.201700946882,0.532148763505
2700,0.316227766017,0.338844156139,0.327340694879,0.138871157136,0.408259100582
2700,0.338844156139,0.36307805477,0.350751873953,0.184881801702,0.771390791279
2700,0.36307805477,0.389045144994,0.375837404288,0.0840758929948,0.422388359006
2700,0.389045144994,0.41686938347,0.402717034325,0.00519459101939,0.708078391839
2700,0.41686938347,0.446683592151,0.431519076828,0.125928380992,0.466725070112
2700,0.446683592151,0.478630092323,0.462381021399,0.238876254276,0.408259296106
2700,0.478630092323,0.512861383991,0.495450190805,0.680531803116,0.25121881489
2700,0.512861383991,0.549540873858,0.530884444231,0,0
2700,0.549540873858,0.588843655356,0.568852930844,0.0266285978346,0.792343603724
2700,0.588843655356,0.63095734448,0.60953689724,0.152013486241,0.778041661198
2700,0.63095734448,0.676082975392,0.653130552647,0.0555770654561,0.618227310975
2700,0.676082975392,0.724435960075,0.699841996002,0.0306355862141,0.999499874937
2700,0.724435960075,0.776247116629,0.749894209332,0.0647583180044,0.513870808882
2700,0.776247116629,0.831763771103,0.803526122186,0.0214693104129,0.953349193437
2700,0.831763771103,0.891250938134,0.860993752185,0.0486520048807,0.626190772364
2700,0.891250938134,0.954992586021,0.922571427155,0.00655218321462,0.999499874937
2700,0.954992586021,1.02329299228,0.988553094657,0.0510838603664,0.724702318613
2700,1.02329299228,1.09647819614,1.05925372518,0.0404995661098,0.667157856502
2700,1.09647819614,1.17489755494,1.13501081567,0,0
2700,1.17489755494,1.25892541179,1.21618600065,0.0466955936459,0.999499874937
2700,1.25892541179,1.34896288259,1.30316677845,0.0636030437668,0.544089412304
2700,1.34896288259,1.44543977075,1.39636836106,0.00407692136316,0.999499874937
2700,1.44543977075,1.54881661891,1.49623565609,0.0131963735585,0.999499874937
2700,1.54881661891,1.65958690744,1.60324539069,0.0143398622792,0.999499874937
2700,1.65958690744,1.77827941004,1.71790838716,0,0
2700,1.77827941004,1.90546071796,1.84077200147,0,0
2700,1.90546071796,2.04173794467,1.97242273611,0,0
2700,2.04173794467,2.18776162395,2.11348903984,0.0527813773335,0.506452003564
2700,2.18776162395,2.34422881532,2.26464430759,0,0
2700,2.34422881532,2.51188643151,2.42661009508,0.127068542127,0.651714948379
2700,2.51188643151,2.69153480393,2.60015956317,0.0579199714567,0.753720652494
2700,2.69153480393,2.88403150313,2.78612116863,0.00629498402811,0.999499874937
2700,2.88403150313,3.09029543251,2.98538261892,0.1180989903,0.736672425334
2700,3.09029543251,3.31131121483,3.19889510969,0.0702985018787,0.883065669103
2700,3.31131121483,3.54813389234,3.42767786546,0.0351337327815,0.573451541429
2700,3.54813389234,3.80189396321,3.67282300498,0.0164187975772,0.999499874937
2700,3.80189396321,4.07380277804,3.93550075456,0.0506883962364,0.609453529377
2700,4.07380277804,4.3651583224,4.21696503429,0.0144012307167,0.999499874937
2700,4.3651583224,4.67735141287,4.51855944375,0.0541384201374,0.828648243552
2700,4.67735141287,5.01187233627,4.84172367584,0,0
2700,5.01187233627,5.3703179637,5.18800038929,0.0924665673013,0.806292196804
2700,5.3703179637,5.75439937337,5.5590425727,0.018438283957,0.999499874937
2700,5.75439937337,6.16595001861,5.95662143529,0.00984515413543,0.999499874937
2700,6.16595001861,6.60693448008,6.38263486191,0.0352017527306,0.708524706673
2700,6.60693448008,7.07945784384,6.83911647281,0,0
2700,7.07945784384,7.58577575029,7.32824533139,0.0334118698435,0.696257752387
2700,7.58577575029,8.12830516164,7.8523563461,0.0516436600955,0.646952001756
2700,8.12830516164,8.70963589956,8.41395141645,0.105400547309,0.746157587757
2700,8.70963589956,9.33254300797,9.01571137606,0.0374867160048,0.746674330698
2700,9.33254300797,10,9.6605087899,16.8592935202,0.0309947860116
2900,0.01,0.0107151930524,0.0103514216668,0,0
2900,0.0107151930524,0.011481536215,0.0110917481526,0,0
2900,0.011481536215,0.0123026877081,0.0118850222744,0,0
2900,0.0123026877081,0.0131825673856,0.0127350308102,0,0
2900,0.0131825673856,0.0141253754462,0.0136458313659,0,0
2900,0.0141253754462,0.0151356124844,0.0146217717446,0,0
2900,0.0151356124844,0.0162181009736,0.0156675107011,0,0
2900,0.0162181009736,0.0173780082875,0.0167880401812,0,0
2900,0.0173780082875,0.0186208713666,0.0179887091513,0,0
2900,0.0186208713666,0.0199526231497,0.0192752491319,0,0
2900,0.0199526231497,0.021379620895,0.0206538015581,0,0
2900,0.021379620895,0.0229086765277,0.0221309470961,0,0
2900,0.0229086765277,0.0245470891569,0.0237137370566,0,0
2900,0.0245470891569,0.026302679919,0.0254097270555,0,0
2900,0.026302679919,0.0281838293126,0.0272270130808,0,0
2900,0.0281838293126,0.030199517204,0.02917427014,0,0
2900,0.030199517204,0.032359365693,0.0312607936712,0,0
2900,0.032359365693,0.0346736850453,0.0334965439158,0,0
2900,0.0346736850453,0.0371535229097,0.0358921934645,0,0
2900,0.0371535229097,0.0398107170553,0.0384591782045,0,0
2900,0.0398107170553,0.0426579518802,0.0412097519097,0,0
2900,0.0426579518802,0.0457088189615,0.0441570447353,0,0
2900,0.0457088189615,0.0489778819368,0.0473151258961,0,0
2900,0.0489778819368,0.052480746025,0.0506990708275,0,0
2900,0.052480746025,0.056234132519,0.0543250331492,0,0
2900,0.056234132519,0.0602559586074,0.0582103217771,0,0
2900,0.0602559586074,0.0645654229035,0.0623734835482,0,0
2900,0.0645654229035,0.0691830970919,0.0668343917569,0,0
2900,0.0691830970919,0.0741310241301,0.0716143410213,0,0
2900,0.0741310241301,0.0794328234724,0.0767361489362,0,0
2900,0.0794328234724,0.0851138038202,0.0822242649947,0,0
2900,0.0851138038202,0.0912010839356,0.0881048873008,0,0
2900,0.0912010839356,0.0977237220956,0.0944060876286,0,0
2900,0.0977237220956,0.104712854805,0.101157945426,0,0
2900,0.104712854805,0.11220184543,0.108392691402,0,0
2900,0.11220184543,0.120226443462,0.116144861384,0,0
2900,0.120226443462,0.128824955169,0.124451461177,0,0
2900,0.128824955169,0.13803842646,0.133352143216,0,0
2900,0.13803842646,0.147910838817,0.142889395851,0,0
2900,0.147910838817,0.158489319246,0.153108746168,0,0
2900,0.158489319246,0.169824365246,0.16405897732,0,0
2900,0.169824365246,0.181970085861,0.175792361396,0,0
2900,0.181970085861,0.194984459976,0.188364908949,0,0
2900,0.194984459976,0.208929613085,0.201836636368,0,0
2900,0.208929613085,0.223872113857,0.216271852373,0,0
2900,0.223872113857,0.239883291902,0.231739464997,0,0
2900,0.239883291902,0.257039578277,0.24831331053,0,0
2900,0.257039578277,0.275422870334,0.26607250598,0,0
2900,0.275422870334,0.295120922667,0.28510182675,0,0
2900,0.295120922667,0.316227766017,0.305492111322,0,0
2900,0.316227766017,0.338844156139,0.327340694879,0,0
2900,0.338844156139,0.36307805477,0.350751873953,0,0
2900,0.36307805477,0.389045144994,0.375837404288,0,0
2900,0.389045144994,0.41686938347,0.402717034325,0,0
2900,0.41686938347,0.446683592151,0.431519076828,0,0
2900,0.446683592151,0.478630092323,0.462381021399,0,0
2900,0.478630092323,0.512861383991,0.495450190805,0,0
2900,0.512861383991,0.549540873858,0.530884444231,0,0
2900,0.549540873858,0.588843655356,0.568852930844,0,0
2900,0.588843655356,0.63095734448,0.60953689724,0,0
2900,0.63095734448,0.676082975392,0.653130552647,0,0
2900,0.676082975392,0.724435960075,0.699841996002,0,0
2900,0.724435960075,0.776247116629,0.749894209332,0,0
2900,0.776247116629,0.831763771103,0.803526122186,0,0
2900,0.831763771103,0.891250938134,0.860993752185,0,0
2900,0.891250938134,0.954992586021,0.922571427155,0,0
2900,0.954992586021,1.02329299228,0.988553094657,0,0
2900,1.02329299228,1.09647819614,1.05925372518,0,0
2900,1.09647819614,1.17489755494,1.13501081567,0,0
2900,1.17489755494,1.25892541179,1.21618600065,0,0
2900,1.25892541179,1.34896288259,1.30316677845,0,0
2900,1.34896288259,1.44543977075,1.39636836106,0,0
2900,1.44543977075,1.54881661891,1.49623565609,0,0
2900,1.54881661891,1.65958690744,1.60324539069,0,0
2900,1.65958690744,1.77827941004,1.71790838716,0,0
2900,1.77827941004,1.90546071796,1.84077200147,0,0
2900,1.90546071796,2.04173794467,1.97242273611,0,0
2900,2.04173794467,2.18776162395,2.11348903984,0,0
2900,2.18776162395,2.34422881532,2.26464430759,0,0
2900,2.34422881532,2.51188643151,2.42661009508,0,0
2900,2.51188643151,2.69153480393,2.60015956317,0,0
2900,2.69153480393,2.88403150313,2.78612116863,0,0
2900,2.88403150313,3.09029543251,2.98538261892,0,0
2900,3.09029543251,3.31131121483,3.19889510969,0,0
2900,3.31131121483,3.54813389234,3.42767786546,0,0
2900,3.54813389234,3.80189396321,3.67282300498,0,0
2900,3.80189396321,4.07380277804,3.93550075456,0,0
2900,4.07380277804,4.3651583224,4.21696503429,0,0
2900,4.3651583224,4.67735141287,4.51855944375,0,0
2900,4.67735141287,5.01187233627,4.84172367584,0,0
2900,5.01187233627,5.3703179637,5.18800038929,0,0
2900,5.3703179637,5.75439937337,5.5590425727,0,0
2900,5.75439937337,6.16595001861,5.95662143529,0,0
2900,6.16595001861,6.60693448008,6.38263486191,0,0
2900,6.60693448008,7.07945784384,6.83911647281,0,0
2900,7.07945784384,7.58577575029,7.32824533139,0,0
2900,7.58577575029,8.12830516164,7.8523563461,0,0
2900,8.12830516164,8.70963589956,8.41395141645,0,0
2900,8.70963589956,9.33254300797,9.01571137606,0,0
2900,9.33254300797,10,9.6605087899,0,0
3000,0.01,0.0107151930524,0.0103514216668,0,0
3000,0.0107151930524,0.011481536215,0.0110917481526,0,0
3000,0.011481536215,0.0123026877081,0.0118850222744,0,0
3000,0.0123026877081,0.0131825673856,0.0127350308102,0,0
3000,0.0131825673856,0.0141253754462,0.0136458313659,0,0
3000,0.0141253754462,0.0151356124844,0.0146217717446,0,0
3000,0.0151356124844,0.0162181009736,0.0156675107011,0,0
3000,0.0162181009736,0.0173780082875,0.0167880401812,0,0
3000,0.0173780082875,0.0186208713666,0.0179887091513,0,0
3000,0.0186208713666,0.0199526231497,0.0192752491319,0,0
3000,0.0199526231497,0.021379620895,0.0206538015581,0,0
3000,0.021379620895,0.0229086765277,0.0221309470961,0,0
3000,0.0229086765277,0.0245470891569,0.0237137370566,0,0
3000,0.0245470891569,0.026302679919,0.0254097270555,0,0
3000,0.026302679919,0.0281838293126,0.0272270130808,0,0
3000,0.0281838293126,0.030199517204,0.02917427014,0,0
3000,0.030199517204,0.032359365693,0.0312607936712,0,0
3000,0.032359365693,0.0346736850453,0.0334965439158,0,0
3000,0.0346736850453,0.0371535229097,0.0358921934645,0,0
3000,0.0371535229097,0.0398107170553,0.0384591782045,0,0
3000,0.0398107170553,0.0426579518802,0.0412097519097,0,0
3000,0.0426579518802,0.0457088189615,0.0441570447353,0,0
3000,0.0457088189615,0.0489778819368,0.0473151258961,0,0
3000,0.0489778819368,0.052480746025,0.0506990708275,0,0
3000,0.052480746025,0.056234132519,0.0543250331492,0,0
3000,0.056234132519,0.0602559586074,0.0582103217771,0,0
3000,0.0602559586074,0.0645654229035,0.0623734835482,0,0
3000,0.0645654229035,0.0691830970919,0.0668343917569,0,0
3000,0.0691830970919,0.0741310241301,0.0716143410213,0,0
3000,0.0741310241301,0.0794328234724,0.0767361489362,0,0
3000,0.0794328234724,0.0851138038202,0.0822242649947,0,0
3000,0.0851138038202,0.0912010839356,0.0881048873008,0,0
3000,0.0912010839356,0.0977237220956,0.0944060876286,0,0
3000,0.0977237220956,0.104712854805,0.101157945426,0,0
3000,0.104712854805,0.11220184543,0.108392691402,0,0
3000,0.11220184543,0.120226443462,0.116144861384,0,0
3000,0.120226443462,0.128824955169,0.124451461177,0,0
3000,0.128824955169,0.13803842646,0.133352143216,0,0
3000,0.13803842646,0.147910838817,0.142889395851,0,0
3000,0.147910838817,0.158489319246,0.153108746168,0,0
3000,0.158489319246,0.169824365246,0.16405897732,0,0
3000,0.169824365246,0.181970085861,0.175792361396,0,0
3000,0.181970085861,0.194984459976,0.188364908949,0,0
3000,0.194984459976,0.208929613085,0.201836636368,0,0
3000,0.208929613085,0.223872113857,0.216271852373,0,0
3000,0.223872113857,0.239883291902,0.231739464997,0,0
3000,0.239883291902,0.257039578277,0.24831331053,0,0
3000,0.257039578277,0.275422870334,0.26607250598,0,0
3000,0.275422870334,0.295120922667,0.28510182675,0,0
3000,0.295120922667,0.316227766017,0.305492111322,0,0
3000,0.316227766017,0.338844156139,0.327340694879,0,0
3000,0.338844156139,0.36307805477,0.350751873953,0,0
3000,0.36307805477,0.389045144994,0.375837404288,0,0
3000,0.389045144994,0.41686938347,0.402717034325,0,0
3000,0.41686938347,0.446683592151,0.431519076828,0,0
3000,0.446683592151,0.478630092323,0.462381021399,0,0
3000,0.478630092323,0.512861383991,0.495450190805,0,0
3000,0.512861383991,0.549540873858,0.530884444231,0,0
3000,0.549540873858,0.588843655356,0.568852930844,0,0
3000,0.588843655356,0.63095734448,0.60953689724,0,0
3000,0.63095734448,0.676082975392,0.653130552647,0,0
3000,0.676082975392,0.724435960075,0.699841996002,0,0
3000,0.724435960075,0.776247116629,0.749894209332,0,0
3000,0.776247116629,0.831763771103,0.803526122186,0,0
3000,0.831763771103,0.891250938134,0.860993752185,0,0
3000,0.891250938134,0.954992586021,0.922571427155,0,0
3000,0.954992586021,1.02329299228,0.988553094657,0,0
3000,1.02329299228,1.09647819614,1.05925372518,0,0
3000,1.09647819614,1.17489755494,1.13501081567,0,0
3000,1.17489755494,1.25892541179,1.21618600065,0,0
3000,1.25892541179,1.34896288259,1.30316677845,0,0
3000,1.34896288259,1.44543977075,1.39636836106,0,0
3000,1.44543977075,1.54881661891,1.49623565609,0,0
3000,1.54881661891,1.65958690744,1.60324539069,0,0
3000,1.65958690744,1.77827941004,1.71790838716,0,0
3000,1.77827941004,1.90546071796,1.84077200147,0,0
3000,1.90546071796,2.04173794467,1.97242273611,0,0
3000,2.04173794467,2.18776162395,2.11348903984,0,0
3000,2.18776162395,2.34422881532,2.26464430759,0,0
3000,2.34422881532,2.51188643151,2.42661009508,0,0
3000,2.51188643151,2.69153480393,2.60015956317,0,0
3000,2.69153480393,2.88403150313,2.78612116863,0,0
3000,2.88403150313,3.09029543251,2.98538261892,0,0
3000,3.09029543251,3.31131121483,3.19889510969,0,0
3000,3.31131121483,3.54813389234,3.42767786546,0,0
3000,3.54813389234,3.80189396321,3.67282300498,0,0
3000,3.80189396321,4.07380277804,3.93550075456,0,0
3000,4.07380277804,4.3651583224,4.21696503429,0,0
3000,4.3651583224,4.67735141287,4.51855944375,0,0
3000,4.67735141287,5.01187233627,4.84172367584,0,0
3000,5.01187233627,5.3703179637,5.18800038929,0,0
3000,5.3703179637,5.75439937337,5.5590425727,0,0
3000,5.75439937337,6.16595001861,5.95662143529,0,0
3000,6.16595001861,6.60693448008,6.38263486191,0,0
3000,6.60693448008,7.07945784384,6.83911647281,0,0
3000,7.07945784384,7.58577575029,7.32824533139,0,0
3000,7.58577575029,8.12830516164,7.8523563461,0,0
3000,8.12830516164,8.70963589956,8.41395141645,0,0
3000,8.70963589956,9.33254300797,9.01571137606,0,0
3000,9.33254300797,10,9.6605087899,0,0
3200,0.01,0.0107151930524,0.0103514216668,0,0
3200,0.0107151930524,0.011481536215,0.0110917481526,0,0
3200,0.011481536215,0.0123026877081,0.0118850222744,0,0
3200,0.0123026877081,0.0131825673856,0.0127350308102,0,0
3200,0.0131825673856,0.0141253754462,0.0136458313659,0,0
3200,0.0141253754462,0.0151356124844,0.0146217717446,0,0
3200,0.0151356124844,0.0162181009736,0.0156675107011,0,0
3200,0.0162181009736,0.0173780082875,0.0167880401812,0,0
3200,0.0173780082875,0.0186208713666,0.0179887091513,0,0
3200,0.0186208713666,0.0199526231497,0.0192752491319,0,0
3200,0.0199526231497,0.021379620895,0.0206538015581,0,0
3200,0.021379620895,0.0229086765277,0.0221309470961,0,0
3200,0.0229086765277,0.0245470891569,0.0237137370566,0,0
3200,0.0245470891569,0.026302679919,0.0254097270555,0,0
3200,0.026302679919,0.0281838293126,0.0272270130808,0,0
3200,0.0281838293126,0.030199517204,0.02917427014,0,0
3200,0.030199517204,0.032359365693,0.0312607936712,0,0
3200,0.032359365693,0.0346736850453,0.0334965439158,0,0
3200,0.0346736850453,0.0371535229097,0.0358921934645,0,0
3200,0.0371535229097,0.0398107170553,0.0384591782045,0,0
3200,0.0398107170553,0.0426579518802,0.0412097519097,0,0
3200,0.0426579518802,0.0457088189615,0.0441570447353,0,0
3200,0.0457088189615,0.0489778819368,0.0473151258961,0,0
3200,0.0489778819368,0.052480746025,0.0506990708275,0,0
3200,0.052480746025,0.056234132519,0.0543250331492,0,0
3200,0.056234132519,0.0602559586074,0.0582103217771,0,0
3200,0.0602559586074,0.0645654229035,0.0623734835482,0,0
3200,0.0645654229035,0.0691830970919,0.0668343917569,0,0
3200,0.0691830970919,0.0741310241301,0.0716143410213,0,0
3200,0.0741310241301,0.0794328234724,0.0767361489362,0,0
3200,0.0794328234724,0.0851138038202,0.0822242649947,0,0
3200,0.0851138038202,0.0912010839356,0.0881048873008,0,0
3200,0.0912010839356,0.0977237220956,0.0944060876286,0,0
3200,0.0977237220956,0.104712854805,0.101157945426,0,0
3200,0.104712854805,0.11220184543,0.108392691402,0,0
3200,0.11220184543,0.120226443462,0.116144861384,0,0
3200,0.120226443462,0.128824955169,0.124451461177,0,0
3200,0.128824955169,0.13803842646,0.133352143216,0,0
3200,0.13803842646,0.147910838817,0.142889395851,0,0
3200,0.147910838817,0.158489319246,0.153108746168,0,0
3200,0.158489319246,0.169824365246,0.16405897732,0,0
3200,0.169824365246,0.181970085861,0.175792361396,0,0
3200,0.181970085861,0.194984459976,0.188364908949,0,0
3200,0.194984459976,0.208929613085,0.201836636368,0,0
3200,0.208929613085,0.223872113857,0.216271852373,0,0
3200,0.223872113857,0.239883291902,0.231739464997,0,0
3200,0.239883291902,0.257039578277,0.24831331053,0,0
3200,0.257039578277,0.275422870334,0.26607250598,0,0
3200,0.275422870334,0.295120922667,0.28510182675,0,0
3200,0.295120922667,0.316227766017,0.305492111322,0,0
3200,0.316227766017,0.338844156139,0.327340694879,0,0
3200,0.338844156139,0.36307805477,0.350751873953,0,0
3200,0.36307805477,0.389045144994,0.375837404288,0,0
3200,0.389045144994,0.41686938347,0.402717034325,0,0
3200,0.41686938347,0.446683592151,0.431519076828,0,0
3200,0.446683592151,0.478630092323,0.462381021399,0,0
3200,0.478630092323,0.512861383991,0.495450190805,0,0
3200,0.512861383991,0.549540873858,0.530884444231,0,0
3200,0.549540873858,0.588843655356,0.568852930844,0,0
3200,0.588843655356,0.63095734448,0.60953689724,0,0
3200,0.63095734448,0.676082975392,0.653130552647,0,0
3200,0.676082975392,0.724435960075,0.699841996002,0,0
3200,0.724435960075,0.776247116629,0.749894209332,0,0
3200,0.776247116629,0.831763771103,0.803526122186,0,0
3200,0.831763771103,0.891250938134,0.860993752185,0,0
3200,0.891250938134,0.954992586021,0.922571427155,0,0
3200,0.954992586021,1.02329299228,0.988553094657,0,0
3200,1.02329299228,1.09647819614,1.05925372518,0,0
3200,1.09647819614,1.17489755494,1.13501081567,0,0
3200,1.17489755494,1.25892541179,1.21618600065,0,0
3200,1.25892541179,1.34896288259,1.30316677845,0,0
3200,1.34896288259,1.44543977075,1.39636836106,0,0
3200,1.44543977075,1.54881661891,1.49623565609,0,0
3200,1.54881661891,1.65958690744,1.60324539069,0,0
3200,1.65958690744,1.77827941004,1.71790838716,0,0
3200,1.77827941004,1.90546071796,1.84077200147,0,0
3200,1.90546071796,2.04173794467,1.97242273611,0,0
3200,2.04173794467,2.18776162395,2.11348903984,0,0
3200,2.18776162395,2.34422881532,2.26464430759,0,0
3200,2.34422881532,2.51188643151,2.42661009508,0,0
3200,2.51188643151,2.69153480393,2.60015956317,0,0
3200,2.69153480393,2.88403150313,2.78612116863,0,0
3200,2.88403150313,3.09029543251,2.98538261892,0,0
3200,3.09029543251,3.31131121483,3.19889510969,0,0
3200,3.31131121483,3.54813389234,3.42767786546,0,0
3200,3.54813389234,3.80189396321,3.67282300498,0,0
3200,3.80189396321,4.07380277804,3.93550075456,0,0
3200,4.07380277804,4.3651583224,4.21696503429,0,0
3200,4.3651583224,4.67735141287,4.51855944375,0,0
3200,4.67735141287,5.01187233627,4.84172367584,0,0
3200,5.01187233627,5.3703179637,5.18800038929,0,0
3200,5.3703179637,5.75439937337,5.5590425727,0,0
3200,5.75439937337,6.16595001861,5.95662143529,0,0
3200,6.16595001861,6.60693448008,6.38263486191,0,0
3200,6.60693448008,7.07945784384,6.83911647281,0,0
3200,7.07945784384,7.58577575029,7.32824533139,0,0
3200,7.58577575029,8.12830516164,7.8523563461,0,0
3200,8.12830516164,8.70963589956,8.41395141645,0,0
3200,8.70963589956,9.33254300797,9.01571137606,0,0
3200,9.33254300797,10,9.6605087899,0,0
3300,0.01,0.0107151930524,0.0103514216668,0,0
3300,0.0107151930524,0.011481536215,0.0110917481526,0,0
3300,0.011481536215,0.0123026877081,0.0118850222744,0,0
3300,0.0123026877081,0.0131825673856,0.0127350308102,0,0
3300,0.0131825673856,0.0141253754462,0.0136458313659,0,0
3300,0.0141253754462,0.0151356124844,0.0146217717446,0,0
3300,0.0151356124844,0.0162181009736,0.0156675107011,0,0
3300,0.0162181009736,0.0173780082875,0.0167880401812,0,0
3300,0.0173780082875,0.0186208713666,0.0179887091513,0,0
3300,0.0186208713666,0.0199526231497,0.0192752491319,0,0
3300,0.0199526231497,0.021379620895,0.0206538015581,0,0
3300,0.021379620895,0.0229086765277,0.0221309470961,0,0
3300,0.0229086765277,0.0245470891569,0.0237137370566,0,0
3300,0.0245470891569,0.026302679919,0.0254097270555,0,0
3300,0.026302679919,0.0281838293126,0.0272270130808,0,0
3300,0.0281838293126,0.030199517204,0.02917427014,0,0
3300,0.030199517204,0.032359365693,0.0312607936712,0,0
3300,0.032359365693,0.0346736850453,0.0334965439158,0,0
3300,0.0346736850453,0.0371535229097,0.0358921934645,0,0
3300,0.0371535229097,0.0398107170553,0.0384591782045,0,0
3300,0.0398107170553,0.0426579518802,0.0412097519097,0,0
3300,0.0426579518802,0.0457088189615,0.0441570447353,0,0
3300,0.0457088189615,0.0489778819368,0.0473151258961,0,0
3300,0.0489778819368,0.052480746025,0.0506990708275,0,0
3300,0.052480746025,0.056234132519,0.0543250331492,0,0
3300,0.056234132519,0.0602559586074,0.0582103217771,0,0
3300,0.0602559586074,0.0645654229035,0.0623734835482,0,0
3300,0.0645654229035,0.0691830970919,0.0668343917569,0,0
3300,0.0691830970919,0.0741310241301,0.0716143410213,0,0
3300,0.0741310241301,0.0794328234724,0.0767361489362,0,0
3300,0.0794328234724,0.0851138038202,0.0822242649947,0,0
3300,0.0851138038202,0.0912010839356,0.0881048873008,0,0
3300,0.0912010839356,0.0977237220956,0.0944060876286,0,0
3300,0.0977237220956,0.104712854805,0.101157945426,0,0
3300,0.104712854805,0.11220184543,0.108392691402,0,0
3300,0.11220184543,0.120226443462,0.116144861384,0,0
3300,0.120226443462,0.128824955169,0.124451461177,0,0
3300,0.128824955169,0.13803842646,0.133352143216,0,0
3300,0.13803842646,0.147910838817,0.142889395851,0,0
3300,0.147910838817,0.158489319246,0.153108746168,0,0
3300,0.158489319246,0.169824365246,0.16405897732,0,0
3300,0.169824365246,0.181970085861,0.175792361396,0,0
3300,0.181970085861,0.194984459976,0.188364908949,0,0
3300,0.194984459976,0.208929613085,0.201836636368,0,0
3300,0.208929613085,0.223872113857,0.216271852373,0,0
3300,0.223872113857,0.239883291902,0.231739464997,0,0
3300,0.239883291902,0.257039578277,0.24831331053,0,0
3300,0.257039578277,0.275422870334,0.26607250598,0,0
3300,0.275422870334,0.295120922667,0.28510182675,0,0
3300,0.295120922667,0.316227766017,0.305492111322,0,0
3300,0.316227766017,0.338844156139,0.327340694879,0,0
3300,0.338844156139,0.36307805477,0.350751873953,0,0
3300,0.36307805477,0.389045144994,0.375837404288,0,0
3300,0.389045144994,0.41686938347,0.402717034325,0,0
3300,0.41686938347,0.446683592151,0.431519076828,0,0
3300,0.446683592151,0.478630092323,0.462381021399,0,0
3300,0.478630092323,0.512861383991,0.495450190805,0,0
3300,0.512861383991,0.549540873858,0.530884444231,0,0
3300,0.549540873858,0.588843655356,0.568852930844,0,0
3300,0.588843655356,0.63095734448,0.60953689724,0,0
3300,0.63095734448,0.676082975392,0.653130552647,0,0
3300,0.676082975392,0.724435960075,0.699841996002,0,0
3300,0.724435960075,0.776247116629,0.749894209332,0,0
3300,0.776247116629,0.831763771103,0.803526122186,0,0
3300,0.831763771103,0.891250938134,0.860993752185,0,0
3300,0.891250938134,0.954992586021,0.922571427155,0,0
3300,0.954992586021,1.02329299228,0.988553094657,0,0
3300,1.02329299228,1.09647819614,1.05925372518,0,0
3300,1.09647819614,1.17489755494,1.13501081567,0,0
3300,1.17489755494,1.25892541179,1.21618600065,0,0
3300,1.25892541179,1.34896288259,1.30316677845,0,0
3300,1.34896288259,1.44543977075,1.39636836106,0,0
3300,1.44543977075,1.54881661891,1.49623565609,0,0
3300,1.54881661891,1.65958690744,1.60324539069,0,0
3300,1.65958690744,1.77827941004,1.71790838716,0,0
3300,1.77827941004,1.90546071796,1.84077200147,0,0
3300,1.90546071796,2.04173794467,1.97242273611,0,0
3300,2.04173794467,2.18776162395,2.11348903984,0,0
3300,2.18776162395,2.34422881532,2.26464430759,0,0
3300,2.34422881532,2.51188643151,2.42661009508,0,0
3300,2.51188643151,2.69153480393,2.60015956317,0,0
3300,2.69153480393,2.88403150313,2.78612116863,0,0
3300,2.88403150313,3.09029543251,2.98538261892,0,0
3300,3.09029543251,3.31131121483,3.19889510969,0,0
3300,3.31131121483,3.54813389234,3.42767786546,0,0
3300,3.54813389234,3.80189396321,3.67282300498,0,0
3300,3.80189396321,4.07380277804,3.93550075456,0,0
3300,4.07380277804,4.3651583224,4.21696503429,0,0
3300,4.3651583224,4.67735141287,4.51855944375,0,0
3300,4.67735141287,5.01187233627,4.84172367584,0,0
3300,5.01187233627,5.3703179637,5.18800038929,0,0
3300,5.3703179637,5.75439937337,5.5590425727,0,0
3300,5.75439937337,6.16595001861,5.95662143529,0,0
3300,6.16595001861,6.60693448008,6.38263486191,0,0
3300,6.60693448008,7.07945784384,6.83911647281,0,0
3300,7.07945784384,7.58577575029,7.32824533139,0,0
3300,7.58577575029,8.12830516164,7.8523563461,0,0
3300,8.12830516164,8.70963589956,8.41395141645,0,0
3300,8.70963589956,9.33254300797,9.01571137606,0,0
3300,9.33254300797,10,9.6605087899,0,0
3500,0.01,0.0107151930524,0.0103514216668,0,0
3500,0.0107151930524,0.011481536215,0.0110917481526,0,0
3500,0.011481536215,0.0123026877081,0.0118850222744,0,0
3500,0.0123026877081,0.0131825673856,0.0127350308102,0,0
3500,0.0131825673856,0.0141253754462,0.0136458313659,0,0
3500,0.0141253754462,0.0151356124844,0.0146217717446,0,0
3500,0.0151356124844,0.0162181009736,0.0156675107011,0,0
3500,0.0162181009736,0.0173780082875,0.0167880401812,0,0
3500,0.0173780082875,0.0186208713666,0.0179887091513,0,0
3500,0.0186208713666,0.0199526231497,0.0192752491319,0,0
3500,0.0199526231497,0.021379620895,0.0206538015581,0,0
3500,0.021379620895,0.0229086765277,0.0221309470961,0,0
3500,0.0229086765277,0.0245470891569,0.0237137370566,0,0
3500,0.0245470891569,0.026302679919,0.0254097270555,0,0
3500,0.026302679919,0.0281838293126,0.0272270130808,0,0
3500,0.0281838293126,0.030199517204,0.02917427014,0,0
3500,0.030199517204,0.032359365693,0.0312607936712,0,0
3500,0.032359365693,0.0346736850453,0.0334965439158,0,0
3500,0.0346736850453,0.0371535229097,0.0358921934645,0,0
3500,0.0371535229097,0.0398107170553,0.0384591782045,0,0
3500,0.0398107170553,0.0426579518802,0.0412097519097,0,0
3500,0.0426579518802,0.0457088189615,0.0441570447353,0,0
3500,0.0457088189615,0.0489778819368,0.0473151258961,0,0
3500,0.0489778819368,0.052480746025,0.0506990708275,0,0
3500,0.052480746025,0.056234132519,0.0543250331492,0,0
3500,0.056234132519,0.0602559586074,0.0582103217771,0,0
3500,0.0602559586074,0.0645654229035,0.0623734835482,0,0
3500,0.0645654229035,0.0691830970919,0.0668343917569,0,0
3500,0.0691830970919,0.0741310241301,0.0716143410213,0,0
3500,0.0741310241301,0.0794328234724,0.0767361489362,0,0
3500,0.0794328234724,0.0851138038202,0.0822242649947,0,0
3500,0.0851138038202,0.0912010839356,0.0881048873008,0,0
3500,0.0912010839356,0.0977237220956,0.0944060876286,0,0
3500,0.0977237220956,0.104712854805,0.101157945426,0,0
3500,0.104712854805,0.11220184543,0.108392691402,0,0
3500,0.11220184543,0.120226443462,0.116144861384,0,0
3500,0.120226443462,0.128824955169,0.124451461177,0,0
3500,0.128824955169,0.13803842646,0.133352143216,0,0
3500,0.13803842646,0.147910838817,0.142889395851,0,0
3500,0.147910838817,0.158489319246,0.153108746168,0,0
3500,0.158489319246,0.169824365246,0.16405897732,0,0
3500,0.169824365246,0.181970085861,0.175792361396,0,0
3500,0.181970085861,0.194984459976,0.188364908949,0,0
3500,0.194984459976,0.208929613085,0.201836636368,0,0
3500,0.208929613085,0.223872113857,0.216271852373,0,0
3500,0.223872113857,0.239883291902,0.231739464997,0,0
3500,0.239883291902,0.257039578277,0.24831331053,0,0
3500,0.257039578277,0.275422870334,0.26607250598,0,0
3500,0.275422870334,0.295120922667,0.28510182675,0,0
3500,0.295120922667,0.316227766017,0.305492111322,0,0
3500,0.316227766017,0.338844156139,0.327340694879,0,0
3500,0.338844156139,0.36307805477,0.350751873953,0,0
3500,0.36307805477,0.389045144994,0.375837404288,0,0
3500,0.389045144994,0.41686938347,0.402717034325,0,0
3500,0.41686938347,0.446683592151,0.431519076828,0,0
3500,0.446683592151,0.478630092323,0.462381021399,0,0
3500,0.478630092323,0.512861383991,0.495450190805,0,0
3500,0.512861383991,0.549540873858,0.530884444231,0,0
3500,0.549540873858,0.588843655356,0.568852930844,0,0
3500,0.588843655356,0.63095734448,0.60953689724,0,0
3500,0.63095734448,0.676082975392,0.653130552647,0,0
3500,0.676082975392,0.724435960075,0.699841996002,0,0
3500,0.724435960075,0.776247116629,0.749894209332,0,0
3500,0.776247116629,0.831763771103,0.803526122186,0,0
3500,0.831763771103,0.891250938134,0.860993752185,0,0
3500,0.891250938134,0.954992586021,0.922571427155,0,0
3500,0.954992586021,1.02329299228,0.988553094657,0,0
3500,1.02329299228,1.09647819614,1.05925372518,0,0
3500,1.09647819614,1.17489755494,1.13501081567,0,0
3500,1.17489755494,1.25892541179,1.21618600065,0,0
3500,1.25892541179,1.34896288259,1.30316677845,0,0
3500,1.34896288259,1.44543977075,1.39636836106,0,0
3500,1.44543977075,1.54881661891,1.49623565609,0,0
3500,1.54881661891,1.65958690744,1.60324539069,0,0
3500,1.65958690744,1.77827941004,1.71790838716,0,0
3500,1.77827941004,1.90546071796,1.84077200147,0,0
3500,1.90546071796,2.04173794467,1.97242273611,0,0
3500,2.04173794467,2.18776162395,2.11348903984,0,0
3500,2.18776162395,2.34422881532,2.26464430759,0,0
3500,2.34422881532,2.51188643151,2.42661009508,0,0
3500,2.51188643151,2.69153480393,2.60015956317,0,0
3500,2.69153480393,2.88403150313,2.78612116863,0,0
3500,2.88403150313,3.09029543251,2.98538261892,0,0
3500,3.09029543251,3.31131121483,3.19889510969,0,0
3500,3.31131121483,3.54813389234,3.42767786546,0,0
3500,3.54813389234,3.80189396321,3.67282300498,0,0
3500,3.80189396321,4.07380277804,3.93550075456,0,0
3500,4.07380277804,4.3651583224,4.21696503429,0,0
3500,4.3651583224,4.67735141287,4.51855944375,0,0
3500,4.67735141287,5.01187233627,4.84172367584,0,0
3500,5.01187233627,5.3703179637,5.18800038929,0,0
3500,5.3703179637,5.75439937337,5.5590425727,0,0
3500,5.75439937337,6.16595001861,5.95662143529,0,0
3500,6.16595001861,6.60693448008,6.38263486191,0,0
3500,6.60693448008,7.07945784384,6.83911647281,0,0
3500,7.07945784384,7.58577575029,7.32824533139,0,0
3500,7.58577575029,8.12830516164,7.8523563461,0,0
3500,8.12830516164,8.70963589956,8.41395141645,0,0
3500,8.70963589956,9.33254300797,9.01571137606,0,0
3500,9.33254300797,10,9.6605087899,0,0
3600,0.01,0.0107151930524,0.0103514216668,0,0
3600,0.0107151930524,0.011481536215,0.0110917481526,0,0
3600,0.011481536215,0.0123026877081,0.0118850222744,0,0
3600,0.0123026877081,0.0131825673856,0.0127350308102,0,0
3600,0.0131825673856,0.0141253754462,0.0136458313659,0,0
3600,0.0141253754462,0.0151356124844,0.0146217717446,0,0
3600,0.0151356124844,0.0162181009736,0.0156675107011,0,0
3600,0.0162181009736,0.0173780082875,0.0167880401812,0,0
3600,0.0173780082875,0.0186208713666,0.0179887091513,0,0
3600,0.0186208713666,0.0199526231497,0.0192752491319,0,0
3600,0.0199526231497,0.021379620895,0.0206538015581,0,0
3600,0.021379620895,0.0229086765277,0.0221309470961,0,0
3600,0.0229086765277,0.0245470891569,0.0237137370566,0,0
3600,0.0245470891569,0.026302679919,0.0254097270555,0,0
3600,0.026302679919,0.0281838293126,0.0272270130808,0,0
3600,0.0281838293126,0.030199517204,0.02917427014,0,0
3600,0.030199517204,0.032359365693,0.0312607936712,0,0
3600,0.032359365693,0.0346736850453,0.0334965439158,0,0
3600,0.0346736850453,0.0371535229097,0.0358921934645,0,0
3600,0.0371535229097,0.0398107170553,0.0384591782045,0,0
3600,0.0398107170553,0.0426579518802,0.0412097519097,0,0
3600,0.0426579518802,0.0457088189615,0.0441570447353,0,0
3600,0.0457088189615,0.0489778819368,0.0473151258961,0,0
3600,0.0489778819368,0.052480746025,0.0506990708275,0,0
3600,0.052480746025,0.056234132519,0.0543250331492,0,0
3600,0.056234132519,0.0602559586074,0.0582103217771,0,0
3600,0.0602559586074,0.0645654229035,0.0623734835482,0,0
3600,0.0645654229035,0.0691830970919,0.0668343917569,0,0
3600,0.0691830970919,0.0741310241301,0.0716143410213,0,0
3600,0.0741310241301,0.0794328234724,0.0767361489362,0,0
3600,0.0794328234724,0.0851138038202,0.0822242649947,0,0
3600,0.0851138038202,0.0912010839356,0.0881048873008,0,0
3600,0.0912010839356,0.0977237220956,0.0944060876286,0,0
3600,0.0977237220956,0.104712854805,0.101157945426,0,0
3600,0.104712854805,0.11220184543,0.108392691402,0,0
3600,0.11220184543,0.120226443462,0.116144861384,0,0
3600,0.120226443462,0.128824955169,0.124451461177,0,0
3600,0.128824955169,0.13803842646,0.133352143216,0,0
3600,0.13803842646,0.147910838817,0.142889395851,0,0
3600,0.147910838817,0.158489319246,0.153108746168,0,0
3600,0.158489319246,0.169824365246,0.16405897732,0,0
3600,0.169824365246,0.181970085861,0.175792361396,0,0
3600,0.181970085861,0.194984459976,0.188364908949,0,0
3600,0.194984459976,0.208929613085,0.201836636368,0,0
3600,0.208929613085,0.223872113857,0.216271852373,0,0
3600,0.223872113857,0.239883291902,0.231739464997,0,0
3600,0.239883291902,0.257039578277,0.24831331053,0,0
3600,0.257039578277,0.275422870334,0.26607250598,0,0
3600,0.275422870334,0.295120922667,0.28510182675,0,0
3600,0.295120922667,0.316227766017,0.305492111322,0,0
3600,0.316227766017,0.338844156139,0.327340694879,0,0
3600,0.338844156139,0.36307805477,0.350751873953,0,0
3600,0.36307805477,0.389045144994,0.375837404288,0,0
3600,0.389045144994,0.41686938347,0.402717034325,0,0
3600,0.41686938347,0.446683592151,0.431519076828,0,0
3600,0.446683592151,0.478630092323,0.462381021399,0,0
3600,0.478630092323,0.512861383991,0.495450190805,0,0
3600,0.512861383991,0.549540873858,0.530884444231,0,0
3600,0.549540873858,0.588843655356,0.568852930844,0,0
3600,0.588843655356,0.63095734448,0.60953689724,0,0
3600,0.63095734448,0.676082975392,0.653130552647,0,0
3600,0.676082975392,0.724435960075,0.699841996002,0,0
3600,0.724435960075,0.776247116629,0.749894209332,0,0
3600,0.776247116629,0.831763771103,0.803526122186,0,0
3600,0.831763771103,0.891250938134,0.860993752185,0,0
3600,0.891250938134,0.954992586021,0.922571427155,0,0
3600,0.954992586021,1.02329299228,0.988553094657,0,0
3600,1.02329299228,1.09647819614,1.05925372518,0,0
3600,1.09647819614,1.17489755494,1.13501081567,0,0
3600,1.17489755494,1.25892541179,1.21618600065,0,0
3600,1.25892541179,1.34896288259,1.30316677845,0,0
3600,1.34896288259,1.44543977075,1.39636836106,0,0
3600,1.44543977075,1.54881661891,1.49623565609,0,0
3600,1.54881661891,1.65958690744,1.60324539069,0,0
3600,1.65958690744,1.77827941004,1.71790838716,0,0
3600,1.77827941004,1.90546071796,1.84077200147,0,0
3600,1.90546071796,2.04173794467,1.97242273611,0,0
3600,2.04173794467,2.18776162395,2.11348903984,0,0
3600,2.18776162395,2.34422881532,2.26464430759,0,0
3600,2.34422881532,2.51188643151,2.42661009508,0,0
3600,2.51188643151,2.69153480393,2.60015956317,0,0
3600,2.69153480393,2.88403150313,2.78612116863,0,0
3600,2.88403150313,3.09029543251,2.98538261892,0,0
3600,3.09029543251,3.31131121483,3.19889510969,0,0
3600,3.31131121483,3.54813389234,3.42767786546,0,0
3600,3.54813389234,3.80189396321,3.67282300498,0,0
3600,3.80189396321,4.07380277804,3.93550075456,0,0
3600,4.07380277804,4.3651583224,4.21696503429,0,0
3600,4.3651583224,4.67735141287,4.51855944375,0,0
3600,4.67735141287,5.01187233627,4.84172367584,0,0
3600,5.01187233627,5.3703179637,5.18800038929,0,0
3600,5.3703179637,5.75439937337,5.5590425727,0,0
3600,5.75439937337,6.16595001861,5.95662143529,0,0
3600,6.16595001861,6.60693448008,6.38263486191,0,0
3600,6.60693448008,7.07945784384,6.83911647281,0,0
3600,7.07945784384,7.58577575029,7.32824533139,0,0
3600,7.58577575029,8.12830516164,7.8523563461,0,0
3600,8.12830516164,8.70963589956,8.41395141645,0,0
3600,8.70963589956,9.33254300797,9.01571137606,0,0
3600,9.33254300797,10,9.6605087899,0,0
3800,0.01,0.0107151930524,0.0103514216668,0,0
3800,0.0107151930524,0.011481536215,0.0110917481526,0,0
3800,0.011481536215,0.0123026877081,0.0118850222744,0,0
3800,0.0123026877081,0.0131825673856,0.0127350308102,0,0
3800,0.0131825673856,0.0141253754462,0.0136458313659,0,0
3800,0.0141253754462,0.0151356124844,0.0146217717446,0,0
3800,0.0151356124844,0.0162181009736,0.0156675107011,0,0
3800,0.0162181009736,0.0173780082875,0.0167880401812,0,0
3800,0.0173780082875,0.0186208713666,0.0179887091513,0,0
3800,0.0186208713666,0.0199526231497,0.0192752491319,0,0
3800,0.0199526231497,0.021379620895,0.0206538015581,0,0
3800,0.021379620895,0.0229086765277,0.0221309470961,0,0
3800,0.0229086765277,0.0245470891569,0.0237137370566,0,0
3800,0.0245470891569,0.026302679919,0.0254097270555,0,0
3800,0.026302679919,0.0281838293126,0.0272270130808,0,0
3800,0.0281838293126,0.030199517204,0.02917427014,0,0
3800,0.030199517204,0.032359365693,0.0312607936712,0,0
3800,0.032359365693,0.0346736850453,0.0334965439158,0,0
3800,0.0346736850453,0.0371535229097,0.0358921934645,0,0
3800,0.0371535229097,0.0398107170553,0.0384591782045,0,0
3800,0.0398107170553,0.0426579518802,0.0412097519097,0,0
3800,0.0426579518802,0.0457088189615,0.0441570447353,0,0
3800,0.0457088189615,0.0489778819368,0.0473151258961,0,0
3800,0.0489778819368,0.052480746025,0.0506990708275,0,0
3800,0.052480746025,0.056234132519,0.0543250331492,0,0
3800,0.056234132519,0.0602559586074,0.0582103217771,0,0
3800,0.0602559586074,0.0645654229035,0.0623734835482,0,0
3800,0.0645654229035,0.0691830970919,0.0668343917569,0,0
3800,0.0691830970919,0.0741310241301,0.0716143410213,0,0
3800,0.0741310241301,0.0794328234724,0.0767361489362,0,0
3800,0.0794328234724,0.0851138038202,0.0822242649947,0,0
3800,0.0851138038202,0.0912010839356,0.0881048873008,0,0
3800,0.0912010839356,0.0977237220956,0.0944060876286,0,0
3800,0.0977237220956,0.104712854805,0.101157945426,0,0
3800,0.104712854805,0.11220184543,0.108392691402,0,0
3800,0.11220184543,0.120226443462,0.116144861384,0,0
3800,0.120226443462,0.128824955169,0.124451461177,0,0
3800,0.128824955169,0.13803842646,0.133352143216,0,0
3800,0.13803842646,0.147910838817,0.142889395851,0,0
3800,0.147910838817,0.158489319246,0.153108746168,0,0
3800,0.158489319246,0.169824365246,0.16405897732,0,0
3800,0.169824365246,0.181970085861,0.175792361396,0,0
3800,0.181970085861,0.194984459976,0.188364908949,0,0
3800,0.194984459976,0.208929613085,0.201836636368,0,0
3800,0.208929613085,0.223872113857,0.216271852373,0,0
3800,0.223872113857,0.239883291902,0.231739464997,0,0
3800,0.239883291902,0.257039578277,0.24831331053,0,0
3800,0.257039578277,0.275422870334,0.26607250598,0,0
3800,0.275422870334,0.295120922667,0.28510182675,0,0
3800,0.295120922667,0.316227766017,0.305492111322,0,0
3800,0.316227766017,0.338844156139,0.327340694879,0,0
3800,0.338844156139,0.36307805477,0.350751873953,0,0
3800,0.36307805477,0.389045144994,0.375837404288,0,0
3800,0.389045144994,0.41686938347,0.402717034325,0,0
3800,0.41686938347,0.446683592151,0.431519076828,0,0
3800,0.446683592151,0.478630092323,0.462381021399,0,0
3800,0.478630092323,0.512861383991,0.495450190805,0,0
3800,0.512861383991,0.549540873858,0.530884444231,0,0
3800,0.549540873858,0.588843655356,0.568852930844,0,0
3800,0.588843655356,0.63095734448,0.60953689724,0,0
3800,0.63095734448,0.676082975392,0.653130552647,0,0
3800,0.676082975392,0.724435960075,0.699841996002,0,0
3800,0.724435960075,0.776247116629,0.749894209332,0,0
3800,0.776247116629,0.831763771103,0.803526122186,0,0
3800,0.831763771103,0.891250938134,0.860993752185,0,0
3800,0.891250938134,0.954992586021,0.922571427155,0,0
3800,0.954992586021,1.02329299228,0.988553094657,0,0
3800,1.02329299228,1.09647819614,1.05925372518,0,0
3800,1.09647819614,1.17489755494,1.13501081567,0,0
3800,1.17489755494,1.25892541179,1.21618600065,0,0
3800,1.25892541179,1.34896288259,1.30316677845,0,0
3800,1.34896288259,1.44543977075,1.39636836106,0,0
3800,1.44543977075,1.54881661891,1.49623565609,0,0
3800,1.54881661891,1.65958690744,1.60324539069,0,0
3800,1.65958690744,1.77827941004,1.71790838716,0,0
3800,1.77827941004,1.90546071796,1.84077200147,0,0
3800,1.90546071796,2.04173794467,1.97242273611,0,0
3800,2.04173794467,2.18776162395,2.11348903984,0,0
3800,2.18776162395,2.34422881532,2.26464430759,0,0
3800,2.34422881532,2.51188643151,2.42661009508,0,0
3800,2.51188643151,2.69153480393,2.60015956317,0,0
3800,2.69153480393,2.88403150313,2.78612116863,0,0
3800,2.88403150313,3.09029543251,2.98538261892,0,0
3800,3.09029543251,3.31131121483,3.19889510969,0,0
3800,3.31131121483,3.54813389234,3.42767786546,0,0
3800,3.54813389234,3.80189396321,3.67282300498,0,0
3800,3.80189396321,4.07380277804,3.93550075456,0,0
3800,4.07380277804,4.3651583224,4.21696503429,0,0
3800,4.3651583224,4.67735141287,4.51855944375,0,0
3800,4.67735141287,5.01187233627,4.84172367584,0,0
3800,5.01187233627,5.3703179637,5.18800038929,0,0
3800,5.3703179637,5.75439937337,5.5590425727,0,0
3800,5.75439937337,6.16595001861,5.95662143529,0,0
3800,6.16595001861,6.60693448008,6.38263486191,0,0
3800,6.60693448008,7.07945784384,6.83911647281,0,0
3800,7.07945784384,7.58577575029,7.32824533139,0,0
3800,7.58577575029,8.12830516164,7.8523563461,0,0
3800,8.12830516164,8.70963589956,8.41395141645,0,0
3800,8.70963589956,9.33254300797,9.01571137606,0,0
3800,9.33254300797,10,9.6605087899,0,0
4000,0.01,0.0107151930524,0.0103514216668,0,0
4000,0.0107151930524,0.011481536215,0.0110917481526,0,0
4000,0.011481536215,0.0123026877081,0.0118850222744,0,0
4000,0.0123026877081,0.0131825673856,0.0127350308102,0,0
4000,0.0131825673856,0.0141253754462,0.0136458313659,0,0
4000,0.0141253754462,0.0151356124844,0.0146217717446,0,0
4000,0.0151356124844,0.0162181009736,0.0156675107011,0,0
4000,0.0162181009736,0.0173780082875,0.0167880401812,0,0
4000,0.0173780082875,0.0186208713666,0.0179887091513,0,0
4000,0.0186208713666,0.0199526231497,0.0192752491319,0,0
4000,0.0199526231497,0.021379620895,0.0206538015581,0,0
4000,0.021379620895,0.0229086765277,0.0221309470961,0,0
4000,0.0229086765277,0.0245470891569,0.0237137370566,0,0
4000,0.0245470891569,0.026302679919,0.0254097270555,0,0
4000,0.026302679919,0.0281838293126,0.0272270130808,0,0
4000,0.0281838293126,0.030199517204,0.02917427014,0,0
4000,0.030199517204,0.032359365693,0.0312607936712,0,0
4000,0.032359365693,0.0346736850453,0.0334965439158,0,0
4000,0.0346736850453,0.0371535229097,0.0358921934645,0,0
4000,0.0371535229097,0.0398107170553,0.0384591782045,0,0
4000,0.0398107170553,0.0426579518802,0.0412097519097,0,0
4000,0.0426579518802,0.0457088189615,0.0441570447353,0,0
4000,0.0457088189615,0.0489778819368,0.0473151258961,0,0
4000,0.0489778819368,0.052480746025,0.0506990708275,0,0
4000,0.052480746025,0.056234132519,0.0543250331492,0,0
4000,0.056234132519,0.0602559586074,0.0582103217771,0,0
4000,0.0602559586074,0.0645654229035,0.0623734835482,0,0
4000,0.0645654229035,0.0691830970919,0.0668343917569,0,0
4000,0.0691830970919,0.0741310241301,0.0716143410213,0,0
4000,0.0741310241301,0.0794328234724,0.0767361489362,0,0
4000,0.0794328234724,0.0851138038202,0.0822242649947,0,0
4000,0.0851138038202,0.0912010839356,0.0881048873008,0.513790336628,0.999499874937
4000,0.0912010839356,0.0977237220956,0.0944060876286,0,0
4000,0.0977237220956,0.104712854805,0.101157945426,0,0
4000,0.104712854805,0.11220184543,0.108392691402,0,0
4000,0.11220184543,0.120226443462,0.116144861384,0,0
4000,0.120226443462,0.128824955169,0.124451461177,0,0
4000,0.128824955169,0.13803842646,0.133352143216,0,0
4000,0.13803842646,0.147910838817,0.142889395851,0,0
4000,0.147910838817,0.158489319246,0.153108746168,0,0
4000,0.158489319246,0.169824365246,0.16405897732,0,0
4000,0.169824365246,0.181970085861,0.175792361396,0,0
4000,0.181970085861,0.194984459976,0.188364908949,0,0
4000,0.194984459976,0.208929613085,0.201836636368,0,0
4000,0.208929613085,0.223872113857,0.216271852373,0,0
4000,0.223872113857,0.239883291902,0.231739464997,0,0
4000,0.239883291902,0.257039578277,0.24831331053,0,0
4000,0.257039578277,0.275422870334,0.26607250598,0.148010085527,0.999499874937
4000,0.275422870334,0.295120922667,0.28510182675,0,0
4000,0.295120922667,0.316227766017,0.305492111322,0,0
4000,0.316227766017,0.338844156139,0.327340694879,0,0
4000,0.338844156139,0.36307805477,0.350751873953,0,0
4000,0.36307805477,0.389045144994,0.375837404288,0.00693493374886,0.999499874937
4000,0.389045144994,0.41686938347,0.402717034325,0,0
4000,0.41686938347,0.446683592151,0.431519076828,0,0
4000,0.446683592151,0.478630092323,0.462381021399,0,0
4000,0.478630092323,0.512861383991,0.495450190805,0.451015398066,0.751008090592
4000,0.512861383991,0.549540873858,0.530884444231,0,0
4000,0.549540873858,0.588843655356,0.568852930844,0,0
4000,0.588843655356,0.63095734448,0.60953689724,0,0
4000,0.63095734448,0.676082975392,0.653130552647,0,0
4000,0.676082975392,0.724435960075,0.699841996002,0,0
4000,0.724435960075,0.776247116629,0.749894209332,0.173037976986,0.999499874937
4000,0.776247116629,0.831763771103,0.803526122186,0,0
4000,0.831763771103,0.891250938134,0.860993752185,0,0
4000,0.891250938134,0.954992586021,0.922571427155,0,0
4000,0.954992586021,1.02329299228,0.988553094657,0,0
4000,1.02329299228,1.09647819614,1.05925372518,0,0
4000,1.09647819614,1.17489755494,1.13501081567,0,0
4000,1.17489755494,1.25892541179,1.21618600065,0,0
4000,1.25892541179,1.34896288259,1.30316677845,0,0
4000,1.34896288259,1.44543977075,1.39636836106,0,0
4000,1.44543977075,1.54881661891,1.49623565609,0,0
4000,1.54881661891,1.65958690744,1.60324539069,0,0
4000,1.65958690744,1.77827941004,1.71790838716,0,0
4000,1.77827941004,1.90546071796,1.84077200147,0,0
4000,1.90546071796,2.04173794467,1.97242273611,0,0
4000,2.04173794467,2.18776162395,2.11348903984,0,0
4000,2.18776162395,2.34422881532,2.26464430759,0,0
4000,2.34422881532,2.51188643151,2.42661009508,0,0
4000,2.51188643151,2.69153480393,2.60015956317,0,0
4000,2.69153480393,2.88403150313,2.78612116863,0,0
4000,2.88403150313,3.09029543251,2.98538261892,0.172415756699,0.999499874937
4000,3.09029543251,3.31131121483,3.19889510969,0,0
4000,3.31131121483,3.54813389234,3.42767786546,0,0
4000,3.54813389234,3.80189396321,3.67282300498,0,0
4000,3.80189396321,4.07380277804,3.93550075456,0,0
4000,4.07380277804,4.3651583224,4.21696503429,0,0
4000,4.3651583224,4.67735141287,4.51855944375,0,0
4000,4.67735141287,5.01187233627,4.84172367584,0,0
4000,5.01187233627,5.3703179637,5.18800038929,0,0
4000,5.3703179637,5.75439937337,5.5590425727,0,0
4000,5.75439937337,6.16595001861,5.95662143529,0,0
4000,6.16595001861,6.60693448008,6.38263486191,0,0
4000,6.60693448008,7.07945784384,6.83911647281,0,0
4000,7.07945784384,7.58577575029,7.32824533139,0,0
4000,7.58577575029,8.12830516164,7.8523563461,0,0
4000,8.12830516164,8.70963589956,8.41395141645,0,0
4000,8.70963589956,9.33254300797,9.01571137606,0,0
4000,9.33254300797,10,9.6605087899,3.20527622519,0.300571161764
4200,0.01,0.0107151930524,0.0103514216668,0,0
4200,0.0107151930524,0.011481536215,0.0110917481526,0,0
4200,0.011481536215,0.0123026877081,0.0118850222744,0,0
4200,0.0123026877081,0.0131825673856,0.0127350308102,0,0
4200,0.0131825673856,0.0141253754462,0.0136458313659,0,0
4200,0.0141253754462,0.0151356124844,0.0146217717446,0,0
4200,0.0151356124844,0.0162181009736,0.0156675107011,0,0
4200,0.0162181009736,0.0173780082875,0.0167880401812,0,0
4200,0.0173780082875,0.0186208713666,0.0179887091513,0,0
4200,0.0186208713666,0.0199526231497,0.0192752491319,0,0
4200,0.0199526231497,0.021379620895,0.0206538015581,0,0
4200,0.021379620895,0.0229086765277,0.0221309470961,0,0
4200,0.0229086765277,0.0245470891569,0.0237137370566,0,0
4200,0.0245470891569,0.026302679919,0.0254097270555,0,0
4200,0.026302679919,0.0281838293126,0.0272270130808,0,0
4200,0.0281838293126,0.030199517204,0.02917427014,0,0
4200,0.030199517204,0.032359365693,0.0312607936712,0,0
4200,0.032359365693,0.0346736850453,0.0334965439158,0,0
4200,0.0346736850453,0.0371535229097,0.0358921934645,0,0
4200,0.0371535229097,0.0398107170553,0.0384591782045,0,0
4200,0.0398107170553,0.0426579518802,0.0412097519097,0.0475720320946,0.999499874937
4200,0.0426579518802,0.0457088189615,0.0441570447353,0,0
4200,0.0457088189615,0.0489778819368,0.0473151258961,0,0
4200,0.0489778819368,0.052480746025,0.0506990708275,0,0
4200,0.052480746025,0.056234132519,0.0543250331492,0,0
4200,0.056234132519,0.0602559586074,0.0582103217771,0,0
4200,0.0602559586074,0.0645654229035,0.0623734835482,0.0424414418968,0.999499874937
4200,0.0645654229035,0.0691830970919,0.0668343917569,0,0
4200,0.0691830970919,0.0741310241301,0.0716143410213,0,0
4200,0.0741310241301,0.0794328234724,0.0767361489362,0,0
4200,0.0794328234724,0.0851138038202,0.0822242649947,0.0404911924732,0.999499874937
4200,0.0851138038202,0.0912010839356,0.0881048873008,0,0
4200,0.0912010839356,0.0977237220956,0.0944060876286,0,0
4200,0.0977237220956,0.104712854805,0.101157945426,0,0
4200,0.104712854805,0.11220184543,0.108392691402,0,0
4200,0.11220184543,0.120226443462,0.116144861384,0,0
4200,0.120226443462,0.128824955169,0.124451461177,0,0
4200,0.128824955169,0.13803842646,0.133352143216,0,0
4200,0.13803842646,0.147910838817,0.142889395851,0,0
4200,0.147910838817,0.158489319246,0.153108746168,0,0
4200,0.158489319246,0.169824365246,0.16405897732,0,0
4200,0.169824365246,0.181970085861,0.175792361396,0,0
4200,0.181970085861,0.194984459976,0.188364908949,0,0
4200,0.194984459976,0.208929613085,0.201836636368,0,0
4200,0.208929613085,0.223872113857,0.216271852373,0,0
4200,0.223872113857,0.239883291902,0.231739464997,0.0738642929961,0.999499874937
4200,0.239883291902,0.257039578277,0.24831331053,0,0
4200,0.257039578277,0.275422870334,0.26607250598,0,0
4200,0.275422870334,0.295120922667,0.28510182675,0.00389574565546,0.999499874937
4200,0.295120922667,0.316227766017,0.305492111322,0,0
4200,0.316227766017,0.338844156139,0.327340694879,0,0
4200,0.338844156139,0.36307805477,0.350751873953,0.0298845543431,0.999499874937
4200,0.36307805477,0.389045144994,0.375837404288,0,0
4200,0.389045144994,0.41686938347,0.402717034325,0,0
4200,0.41686938347,0.446683592151,0.431519076828,0,0
4200,0.446683592151,0.478630092323,0.462381021399,0,0
4200,0.478630092323,0.512861383991,0.495450190805,0,0
4200,0.512861383991,0.549540873858,0.530884444231,0,0
4200,0.549540873858,0.588843655356,0.568852930844,0,0
4200,0.588843655356,0.63095734448,0.60953689724,0,0
4200,0.63095734448,0.676082975392,0.653130552647,0,0
4200,0.676082975392,0.724435960075,0.699841996002,0,0
4200,0.724435960075,0.776247116629,0.749894209332,0,0
4200,0.776247116629,0.831763771103,0.803526122186,0,0
4200,0.831763771103,0.891250938134,0.860993752185,0,0
4200,0.891250938134,0.954992586021,0.922571427155,0,0
4200,0.954992586021,1.02329299228,0.988553094657,0,0
4200,1.02329299228,1.09647819614,1.05925372518,0,0
4200,1.09647819614,1.17489755494,1.13501081567,0,0
4200,1.17489755494,1.25892541179,1.21618600065,0,0
4200,1.25892541179,1.34896288259,1.30316677845,0,0
4200,1.34896288259,1.44543977075,1.39636836106,0,0
4200,1.44543977075,1.54881661891,1.49623565609,0,0
4200,1.54881661891,1.65958690744,1.60324539069,0,0
4200,1.65958690744,1.77827941004,1.71790838716,0,0
4200,1.77827941004,1.90546071796,1.84077200147,0,0
4200,1.90546071796,2.04173794467,1.97242273611,0,0
4200,2.04173794467,2.18776162395,2.11348903984,0,0
4200,2.18776162395,2.34422881532,2.26464430759,0,0
4200,2.34422881532,2.51188643151,2.42661009508,0,0
4200,2.51188643151,2.69153480393,2.60015956317,0,0
4200,2.69153480393,2.88403150313,2.78612116863,0,0
4200,2.88403150313,3.09029543251,2.98538261892,0,0
4200,3.09029543251,3.31131121483,3.19889510969,0,0
4200,3.31131121483,3.54813389234,3.42767786546,0,0
4200,3.54813389234,3.80189396321,3.67282300498,0,0
4200,3.80189396321,4.07380277804,3.93550075456,0,0
4200,4.07380277804,4.3651583224,4.21696503429,0,0
4200,4.3651583224,4.67735141287,4.51855944375,0,0
4200,4.67735141287,5.01187233627,4.84172367584,0,0
4200,5.01187233627,5.3703179637,5.18800038929,0,0
4200,5.3703179637,5.75439937337,5.5590425727,0,0
4200,5.75439937337,6.16595001861,5.95662143529,0,0
4200,6.16595001861,6.60693448008,6.38263486191,0,0
4200,6.60693448008,7.07945784384,6.83911647281,0,0
4200,7.07945784384,7.58577575029,7.32824533139,0,0
4200,7.58577575029,8.12830516164,7.8523563461,0,0
4200,8.12830516164,8.70963589956,8.41395141645,0,0
4200,8.70963589956,9.33254300797,9.01571137606,0,0
4200,9.33254300797,10,9.6605087899,0.0426789769482,0.999499874937
4400,0.01,0.0107151930524,0.0103514216668,0,0
4400,0.0107151930524,0.011481536215,0.0110917481526,0,0
4400,0.011481536215,0.0123026877081,0.0118850222744,0,0
4400,0.0123026877081,0.0131825673856,0.0127350308102,0,0
4400,0.0131825673856,0.0141253754462,0.0136458313659,0,0
4400,0.0141253754462,0.0151356124844,0.0146217717446,0,0
4400,0.0151356124844,0.0162181009736,0.0156675107011,0,0
4400,0.0162181009736,0.0173780082875,0.0167880401812,0,0
4400,0.0173780082875,0.0186208713666,0.0179887091513,0,0
4400,0.0186208713666,0.0199526231497,0.0192752491319,0,0
4400,0.0199526231497,0.021379620895,0.0206538015581,0,0
4400,0.021379620895,0.0229086765277,0.0221309470961,0,0
4400,0.0229086765277,0.0245470891569,0.0237137370566,0,0
4400,0.0245470891569,0.026302679919,0.0254097270555,0,0
4400,0.026302679919,0.0281838293126,0.0272270130808,0,0
4400,0.0281838293126,0.030199517204,0.02917427014,0,0
4400,0.030199517204,0.032359365693,0.0312607936712,0,0
4400,0.032359365693,0.0346736850453,0.0334965439158,0,0
4400,0.0346736850453,0.0371535229097,0.0358921934645,0.0319579140314,0.999499874937
4400,0.0371535229097,0.0398107170553,0.0384591782045,0,0
4400,0.0398107170553,0.0426579518802,0.0412097519097,0,0
4400,0.0426579518802,0.0457088189615,0.0441570447353,0,0
4400,0.0457088189615,0.0489778819368,0.0473151258961,0,0
4400,0.0489778819368,0.052480746025,0.0506990708275,0.021020980569,0.999499874937
4400,0.052480746025,0.056234132519,0.0543250331492,0,0
4400,0.056234132519,0.0602559586074,0.0582103217771,0,0
4400,0.0602559586074,0.0645654229035,0.0623734835482,0.0207084994892,0.999499874937
4400,0.0645654229035,0.0691830970919,0.0668343917569,0.0182863667389,0.999499874937
4400,0.0691830970919,0.0741310241301,0.0716143410213,0,0
4400,0.0741310241301,0.0794328234724,0.0767361489362,0,0
4400,0.0794328234724,0.0851138038202,0.0822242649947,0.0036002427028,0.999499874937
4400,0.0851138038202,0.0912010839356,0.0881048873008,0,0
4400,0.0912010839356,0.0977237220956,0.0944060876286,0.0156791695301,0.933832649022
4400,0.0977237220956,0.104712854805,0.101157945426,0.0438168622597,0.707512066919
4400,0.104712854805,0.11220184543,0.108392691402,0,0
4400,0.11220184543,0.120226443462,0.116144861384,0,0
4400,0.120226443462,0.128824955169,0.124451461177,0,0
4400,0.128824955169,0.13803842646,0.133352143216,0,0
4400,0.13803842646,0.147910838817,0.142889395851,0,0
4400,0.147910838817,0.158489319246,0.153108746168,0,0
4400,0.158489319246,0.169824365246,0.16405897732,0,0
4400,0.169824365246,0.181970085861,0.175792361396,0,0
4400,0.181970085861,0.194984459976,0.188364908949,0.067968475006,0.761035821127
4400,0.194984459976,0.208929613085,0.201836636368,0.0585804987605,0.999499874937
4400,0.208929613085,0.223872113857,0.216271852373,0.0115002448667,0.999499874937
4400,0.223872113857,0.239883291902,0.231739464997,0,0
4400,0.239883291902,0.257039578277,0.24831331053,0,0
4400,0.257039578277,0.275422870334,0.26607250598,0,0
4400,0.275422870334,0.295120922667,0.28510182675,0,0
4400,0.295120922667,0.316227766017,0.305492111322,0,0
4400,0.316227766017,0.338844156139,0.327340694879,0,0
4400,0.338844156139,0.36307805477,0.350751873953,0,0
4400,0.36307805477,0.389045144994,0.375837404288,0,0
4400,0.389045144994,0.41686938347,0.402717034325,0,0
4400,0.41686938347,0.446683592151,0.431519076828,0,0
4400,0.446683592151,0.478630092323,0.462381021399,0,0
4400,0.478630092323,0.512861383991,0.495450190805,0.0271942394975,0.999499874937
4400,0.512861383991,0.549540873858,0.530884444231,0,0
4400,0.549540873858,0.588843655356,0.568852930844,0.0261888806591,0.784590548285
4400,0.588843655356,0.63095734448,0.60953689724,0,0
4400,0.63095734448,0.676082975392,0.653130552647,0,0
4400,0.676082975392,0.724435960075,0.699841996002,0,0
4400,0.724435960075,0.776247116629,0.749894209332,0,0
4400,0.776247116629,0.831763771103,0.803526122186,0.00251663626735,0.999499874937
4400,0.831763771103,0.891250938134,0.860993752185,0,0
4400,0.891250938134,0.954992586021,0.922571427155,0,0
4400,0.954992586021,1.02329299228,0.988553094657,0,0
4400,1.02329299228,1.09647819614,1.05925372518,0,0
4400,1.09647819614,1.17489755494,1.13501081567,0,0
4400,1.17489755494,1.25892541179,1.21618600065,0,0
4400,1.25892541179,1.34896288259,1.30316677845,0,0
4400,1.34896288259,1.44543977075,1.39636836106,0,0
4400,1.44543977075,1.54881661891,1.49623565609,0.114214140082,0.999499874937
4400,1.54881661891,1.65958690744,1.60324539069,0,0
4400,1.65958690744,1.77827941004,1.71790838716,0,0
4400,1.77827941004,1.90546071796,1.84077200147,0,0
4400,1.90546071796,2.04173794467,1.97242273611,0,0
4400,2.04173794467,2.18776162395,2.11348903984,0,0
4400,2.18776162395,2.34422881532,2.26464430759,0,0
4400,2.34422881532,2.51188643151,2.42661009508,0,0
4400,2.51188643151,2.69153480393,2.60015956317,0.0640592983301,0.999499874937
4400,2.69153480393,2.88403150313,2.78612116863,0,0
4400,2.88403150313,3.09029543251,2.98538261892,0,0
4400,3.09029543251,3.31131121483,3.19889510969,0.0198303093939,0.999499874937
4400,3.31131121483,3.54813389234,3.42767786546,0,0
4400,3.54813389234,3.80189396321,3.67282300498,0,0
4400,3.80189396321,4.07380277804,3.93550075456,0,0
4400,4.07380277804,4.3651583224,4.21696503429,0,0
4400,4.3651583224,4.67735141287,4.51855944375,0,0
4400,4.67735141287,5.01187233627,4.84172367584,0,0
4400,5.01187233627,5.3703179637,5.18800038929,0,0
4400,5.3703179637,5.75439937337,5.5590425727,0,0
4400,5.75439937337,6.16595001861,5.95662143529,0,0
4400,6.16595001861,6.60693448008,6.38263486191,0,0
4400,6.60693448008,7.07945784384,6.83911647281,0,0
4400,7.07945784384,7.58577575029,7.32824533139,0,0
4400,7.58577575029,8.12830516164,7.8523563461,0.0179120477365,0.999499874937
4400,8.12830516164,8.70963589956,8.41395141645,0,0
4400,8.70963589956,9.33254300797,9.01571137606,0,0
4400,9.33254300797,10,9.6605087899,0.495181305422,0.417381911151
4600,0.01,0.0107151930524,0.0103514216668,0,0
4600,0.0107151930524,0.011481536215,0.0110917481526,0,0
4600,0.011481536215,0.0123026877081,0.0118850222744,0,0
4600,0.0123026877081,0.0131825673856,0.0127350308102,0,0
4600,0.0131825673856,0.0141253754462,0.0136458313659,0,0
4600,0.0141253754462,0.0151356124844,0.0146217717446,0,0
4600,0.0151356124844,0.0162181009736,0.0156675107011,0,0
4600,0.0162181009736,0.0173780082875,0.0167880401812,0,0
4600,0.0173780082875,0.0186208713666,0.0179887091513,0,0
4600,0.0186208713666,0.0199526231497,0.0192752491319,0,0
4600,0.0199526231497,0.021379620895,0.0206538015581,0,0
4600,0.021379620895,0.0229086765277,0.0221309470961,0,0
4600,0.0229086765277,0.0245470891569,0.0237137370566,0,0
4600,0.0245470891569,0.026302679919,0.0254097270555,0,0
4600,0.026302679919,0.0281838293126,0.0272270130808,0,0
4600,0.0281838293126,0.030199517204,0.02917427014,0,0
4600,0.030199517204,0.032359365693,0.0312607936712,0,0
4600,0.032359365693,0.0346736850453,0.0334965439158,0,0
4600,0.0346736850453,0.0371535229097,0.0358921934645,0,0
4600,0.0371535229097,0.0398107170553,0.0384591782045,0,0
4600,0.0398107170553,0.0426579518802,0.0412097519097,0,0
4600,0.0426579518802,0.0457088189615,0.0441570447353,0,0
4600,0.0457088189615,0.0489778819368,0.0473151258961,0,0
4600,0.0489778819368,0.052480746025,0.0506990708275,0,0
4600,0.052480746025,0.056234132519,0.0543250331492,0,0
4600,0.056234132519,0.0602559586074,0.0582103217771,0,0
4600,0.0602559586074,0.0645654229035,0.0623734835482,0,0
4600,0.0645654229035,0.0691830970919,0.0668343917569,0,0
4600,0.0691830970919,0.0741310241301,0.0716143410213,0,0
4600,0.0741310241301,0.0794328234724,0.0767361489362,0,0
4600,0.0794328234724,0.0851138038202,0.0822242649947,0,0
4600,0.0851138038202,0.0912010839356,0.0881048873008,0,0
4600,0.0912010839356,0.0977237220956,0.0944060876286,0,0
4600,0.0977237220956,0.104712854805,0.101157945426,0,0
4600,0.104712854805,0.11220184543,0.108392691402,0,0
4600,0.11220184543,0.120226443462,0.116144861384,0,0
4600,0.120226443462,0.128824955169,0.124451461177,0,0
4600,0.128824955169,0.13803842646,0.133352143216,0,0
4600,0.13803842646,0.147910838817,0.142889395851,0,0
4600,0.147910838817,0.158489319246,0.153108746168,0,0
4600,0.158489319246,0.169824365246,0.16405897732,0,0
4600,0.169824365246,0.181970085861,0.175792361396,0,0
4600,0.181970085861,0.194984459976,0.188364908949,0,0
4600,0.194984459976,0.208929613085,0.201836636368,0,0
4600,0.208929613085,0.223872113857,0.216271852373,0,0
4600,0.223872113857,0.239883291902,0.231739464997,0,0
4600,0.239883291902,0.257039578277,0.24831331053,0,0
4600,0.257039578277,0.275422870334,0.26607250598,0,0
4600,0.275422870334,0.295120922667,0.28510182675,0,0
4600,0.295120922667,0.316227766017,0.305492111322,0,0
4600,0.316227766017,0.338844156139,0.327340694879,0,0
4600,0.338844156139,0.36307805477,0.350751873953,0,0
4600,0.36307805477,0.389045144994,0.375837404288,0,0
4600,0.389045144994,0.41686938347,0.402717034325,0,0
4600,0.41686938347,0.446683592151,0.431519076828,0,0
4600,0.446683592151,0.478630092323,0.462381021399,0,0
4600,0.478630092323,0.512861383991,0.495450190805,0,0
4600,0.512861383991,0.549540873858,0.530884444231,0,0
4600,0.549540873858,0.588843655356,0.568852930844,0,0
4600,0.588843655356,0.63095734448,0.60953689724,0,0
4600,0.63095734448,0.676082975392,0.653130552647,0,0
4600,0.676082975392,0.724435960075,0.699841996002,0,0
4600,0.724435960075,0.776247116629,0.749894209332,0,0
4600,0.776247116629,0.831763771103,0.803526122186,0,0
4600,0.831763771103,0.891250938134,0.860993752185,0,0
4600,0.891250938134,0.954992586021,0.922571427155,0,0
4600,0.954992586021,1.02329299228,0.988553094657,0,0
4600,1.02329299228,1.09647819614,1.05925372518,0,0
4600,1.09647819614,1.17489755494,1.13501081567,0,0
4600,1.17489755494,1.25892541179,1.21618600065,0,0
4600,1.25892541179,1.34896288259,1.30316677845,0,0
4600,1.34896288259,1.44543977075,1.39636836106,0,0
4600,1.44543977075,1.54881661891,1.49623565609,0,0
4600,1.54881661891,1.65958690744,1.60324539069,0,0
4600,1.65958690744,1.77827941004,1.71790838716,0,0
4600,1.77827941004,1.90546071796,1.84077200147,0,0
4600,1.90546071796,2.04173794467,1.97242273611,0,0
4600,2.04173794467,2.18776162395,2.11348903984,0,0
4600,2.18776162395,2.34422881532,2.26464430759,0,0
4600,2.34422881532,2.51188643151,2.42661009508,0,0
4600,2.51188643151,2.69153480393,2.60015956317,0,0
4600,2.69153480393,2.88403150313,2.78612116863,0.0505122202157,0.999499874937
4600,2.88403150313,3.09029543251,2.98538261892,0,0
4600,3.09029543251,3.31131121483,3.19889510969,0,0
4600,3.31131121483,3.54813389234,3.42767786546,0,0
4600,3.54813389234,3.80189396321,3.67282300498,0,0
4600,3.80189396321,4.07380277804,3.93550075456,0,0
4600,4.07380277804,4.3651583224,4.21696503429,0,0
4600,4.3651583224,4.67735141287,4.51855944375,0,0
4600,4.67735141287,5.01187233627,4.84172367584,0,0
4600,5.01187233627,5.3703179637,5.18800038929,0,0
4600,5.3703179637,5.75439937337,5.5590425727,0,0
4600,5.75439937337,6.16595001861,5.95662143529,0,0
4600,6.16595001861,6.60693448008,6.38263486191,0,0
4600,6.60693448008,7.07945784384,6.83911647281,0,0
4600,7.07945784384,7.58577575029,7.32824533139,0,0
4600,7.58577575029,8.12830516164,7.8523563461,0,0
4600,8.12830516164,8.70963589956,8.41395141645,0,0
4600,8.70963589956,9.33254300797,9.01571137606,0,0
4600,9.33254300797,10,9.6605087899,0.497815470232,0.54143768994
4800,0.01,0.0107151930524,0.0103514216668,0,0
4800,0.0107151930524,0.011481536215,0.0110917481526,0,0
4800,0.011481536215,0.0123026877081,0.0118850222744,0,0
4800,0.0123026877081,0.0131825673856,0.0127350308102,0,0
4800,0.0131825673856,0.0141253754462,0.0136458313659,0,0
4800,0.0141253754462,0.0151356124844,0.0146217717446,0,0
4800,0.0151356124844,0.0162181009736,0.0156675107011,0,0
4800,0.0162181009736,0.0173780082875,0.0167880401812,0,0
4800,0.0173780082875,0.0186208713666,0.0179887091513,0,0
4800,0.0186208713666,0.0199526231497,0.0192752491319,0,0
4800,0.0199526231497,0.021379620895,0.0206538015581,0,0
4800,0.021379620895,0.0229086765277,0.0221309470961,0,0
4800,0.0229086765277,0.0245470891569,0.0237137370566,0,0
4800,0.0245470891569,0.026302679919,0.0254097270555,0,0
4800,0.026302679919,0.0281838293126,0.0272270130808,0,0
4800,0.0281838293126,0.030199517204,0.02917427014,0,0
4800,0.030199517204,0.032359365693,0.0312607936712,0,0
4800,0.032359365693,0.0346736850453,0.0334965439158,0.161394705395,0.999499874937
4800,0.0346736850453,0.0371535229097,0.0358921934645,0,0
4800,0.0371535229097,0.0398107170553,0.0384591782045,0.203290099062,0.999499874937
4800,0.0398107170553,0.0426579518802,0.0412097519097,0,0
4800,0.0426579518802,0.0457088189615,0.0441570447353,0,0
4800,0.0457088189615,0.0489778819368,0.0473151258961,0,0
4800,0.0489778819368,0.052480746025,0.0506990708275,0.3787307985,0.999499874937
4800,0.052480746025,0.056234132519,0.0543250331492,0,0
4800,0.056234132519,0.0602559586074,0.0582103217771,0,0
4800,0.0602559586074,0.0645654229035,0.0623734835482,0,0
4800,0.0645654229035,0.0691830970919,0.0668343917569,0,0
4800,0.0691830970919,0.0741310241301,0.0716143410213,0,0
4800,0.0741310241301,0.0794328234724,0.0767361489362,0,0
4800,0.0794328234724,0.0851138038202,0.0822242649947,0,0
4800,0.0851138038202,0.0912010839356,0.0881048873008,0.0470087086539,0.999499874937
4800,0.0912010839356,0.0977237220956,0.0944060876286,0,0
4800,0.0977237220956,0.104712854805,0.101157945426,0,0
4800,0.104712854805,0.11220184543,0.108392691402,0.07778360747,0.999499874937
4800,0.11220184543,0.120226443462,0.116144861384,0,0
4800,0.120226443462,0.128824955169,0.124451461177,0,0
4800,0.128824955169,0.13803842646,0.133352143216,0,0
4800,0.13803842646,0.147910838817,0.142889395851,0.000688143927125,0.999499874937
4800,0.147910838817,0.158489319246,0.153108746168,0,0
4800,0.158489319246,0.169824365246,0.16405897732,0,0
4800,0.169824365246,0.181970085861,0.175792361396,0,0
4800,0.181970085861,0.194984459976,0.188364908949,0,0
4800,0.194984459976,0.208929613085,0.201836636368,0.135392033913,0.999499874937
4800,0.208929613085,0.223872113857,0.216271852373,0.228574677991,0.999499874937
4800,0.223872113857,0.239883291902,0.231739464997,0,0
4800,0.239883291902,0.257039578277,0.24831331053,0.0157938053106,0.999499874937
4800,0.257039578277,0.275422870334,0.26607250598,0,0
4800,0.275422870334,0.295120922667,0.28510182675,0,0
4800,0.295120922667,0.316227766017,0.305492111322,0,0
4800,0.316227766017,0.338844156139,0.327340694879,0.15983812103,0.999499874937
4800,0.338844156139,0.36307805477,0.350751873953,0,0
4800,0.36307805477,0.389045144994,0.375837404288,0,0
4800,0.389045144994,0.41686938347,0.402717034325,0.0569536348981,0.999499874937
4800,0.41686938347,0.446683592151,0.431519076828,0.0704236503542,0.999499874937
4800,0.446683592151,0.478630092323,0.462381021399,0,0
4800,0.478630092323,0.512861383991,0.495450190805,0.32946922351,0.818473459293
4800,0.512861383991,0.549540873858,0.530884444231,0,0
4800,0.549540873858,0.588843655356,0.568852930844,0,0
4800,0.588843655356,0.63095734448,0.60953689724,0,0
4800,0.63095734448,0.676082975392,0.653130552647,0.068274760198,0.999499874937
4800,0.676082975392,0.724435960075,0.699841996002,0,0
4800,0.724435960075,0.776247116629,0.749894209332,0,0
4800,0.776247116629,0.831763771103,0.803526122186,0,0
4800,0.831763771103,0.891250938134,0.860993752185,0,0
4800,0.891250938134,0.954992586021,0.922571427155,0,0
4800,0.954992586021,1.02329299228,0.988553094657,0,0
4800,1.02329299228,1.09647819614,1.05925372518,0,0
4800,1.09647819614,1.17489755494,1.13501081567,0,0
4800,1.17489755494,1.25892541179,1.21618600065,0,0
4800,1.25892541179,1.34896288259,1.30316677845,0,0
4800,1.34896288259,1.44543977075,1.39636836106,0,0
4800,1.44543977075,1.54881661891,1.49623565609,0,0
4800,1.54881661891,1.65958690744,1.60324539069,0,0
4800,1.65958690744,1.77827941004,1.71790838716,0,0
4800,1.77827941004,1.90546071796,1.84077200147,0,0
4800,1.90546071796,2.04173794467,1.97242273611,0,0
4800,2.04173794467,2.18776162395,2.11348903984,0,0
4800,2.18776162395,2.34422881532,2.26464430759,0,0
4800,2.34422881532,2.51188643151,2.42661009508,0.671847694803,0.999499874937
4800,2.51188643151,2.69153480393,2.60015956317,0.135995773607,0.999499874937
4800,2.69153480393,2.88403150313,2.78612116863,0,0
4800,2.88403150313,3.09029543251,2.98538261892,0,0
4800,3.09029543251,3.31131121483,3.19889510969,0,0
4800,3.31131121483,3.54813389234,3.42767786546,0,0
4800,3.54813389234,3.80189396321,3.67282300498,0,0
4800,3.80189396321,4.07380277804,3.93550075456,0,0
4800,4.07380277804,4.3651583224,4.21696503429,0,0
4800,4.3651583224,4.67735141287,4.51855944375,0,0
4800,4.67735141287,5.01187233627,4.84172367584,0,0
4800,5.01187233627,5.3703179637,5.18800038929,0,0
4800,5.3703179637,5.75439937337,5.5590425727,0,0
4800,5.75439937337,6.16595001861,5.95662143529,0,0
4800,6.16595001861,6.60693448008,6.38263486191,0.129608479058,0.999499874937
4800,6.60693448008,7.07945784384,6.83911647281,0,0
4800,7.07945784384,7.58577575029,7.32824533139,0,0
4800,7.58577575029,8.12830516164,7.8523563461,0,0
4800,8.12830516164,8.70963589956,8.41395141645,0,0
4800,8.70963589956,9.33254300797,9.01571137606,0,0
4800,9.33254300797,10,9.6605087899,2.52061432937,0.271203561542
5000,0.01,0.0107151930524,0.0103514216668,0,0
5000,0.0107151930524,0.011481536215,0.0110917481526,0,0
5000,0.011481536215,0.0123026877081,0.0118850222744,0,0
5000,0.0123026877081,0.0131825673856,0.0127350308102,0,0
5000,0.0131825673856,0.0141253754462,0.0136458313659,0,0
5000,0.0141253754462,0.0151356124844,0.0146217717446,0,0
5000,0.0151356124844,0.0162181009736,0.0156675107011,0,0
5000,0.0162181009736,0.0173780082875,0.0167880401812,0,0
5000,0.0173780082875,0.0186208713666,0.0179887091513,0,0
5000,0.0186208713666,0.0199526231497,0.0192752491319,0,0
5000,0.0199526231497,0.021379620895,0.0206538015581,0,0
5000,0.021379620895,0.0229086765277,0.0221309470961,0,0
5000,0.0229086765277,0.0245470891569,0.0237137370566,0,0
5000,0.0245470891569,0.026302679919,0.0254097270555,0,0
5000,0.026302679919,0.0281838293126,0.0272270130808,0,0
5000,0.0281838293126,0.030199517204,0.02917427014,0,0
5000,0.030199517204,0.032359365693,0.0312607936712,0,0
5000,0.032359365693,0.0346736850453,0.0334965439158,0,0
5000,0.0346736850453,0.0371535229097,0.0358921934645,0,0
5000,0.0371535229097,0.0398107170553,0.0384591782045,0,0
5000,0.0398107170553,0.0426579518802,0.0412097519097,0,0
5000,0.0426579518802,0.0457088189615,0.0441570447353,0,0
5000,0.0457088189615,0.0489778819368,0.0473151258961,0,0
5000,0.0489778819368,0.052480746025,0.0506990708275,0,0
5000,0.052480746025,0.056234132519,0.0543250331492,0,0
5000,0.056234132519,0.0602559586074,0.0582103217771,0,0
5000,0.0602559586074,0.0645654229035,0.0623734835482,0,0
5000,0.0645654229035,0.0691830970919,0.0668343917569,0,0
5000,0.0691830970919,0.0741310241301,0.0716143410213,0,0
5000,0.0741310241301,0.0794328234724,0.0767361489362,0,0
5000,0.0794328234724,0.0851138038202,0.0822242649947,0,0
5000,0.0851138038202,0.0912010839356,0.0881048873008,0,0
5000,0.0912010839356,0.0977237220956,0.0944060876286,0,0
5000,0.0977237220956,0.104712854805,0.101157945426,0,0
5000,0.104712854805,0.11220184543,0.108392691402,0,0
5000,0.11220184543,0.120226443462,0.116144861384,0,0
5000,0.120226443462,0.128824955169,0.124451461177,0,0
5000,0.128824955169,0.13803842646,0.133352143216,0,0
5000,0.13803842646,0.147910838817,0.142889395851,0,0
5000,0.147910838817,0.158489319246,0.153108746168,0,0
5000,0.158489319246,0.169824365246,0.16405897732,0,0
5000,0.169824365246,0.181970085861,0.175792361396,0.0621858173419,0.999499874937
5000,0.181970085861,0.194984459976,0.188364908949,0,0
5000,0.194984459976,0.208929613085,0.201836636368,0,0
5000,0.208929613085,0.223872113857,0.216271852373,0,0
5000,0.223872113857,0.239883291902,0.231739464997,0.0659477914729,0.999499874937
5000,0.239883291902,0.257039578277,0.24831331053,0,0
5000,0.257039578277,0.275422870334,0.26607250598,0,0
5000,0.275422870334,0.295120922667,0.28510182675,0,0
5000,0.295120922667,0.316227766017,0.305492111322,0,0
5000,0.316227766017,0.338844156139,0.327340694879,0,0
5000,0.338844156139,0.36307805477,0.350751873953,0,0
5000,0.36307805477,0.389045144994,0.375837404288,0,0
5000,0.389045144994,0.41686938347,0.402717034325,0,0
5000,0.41686938347,0.446683592151,0.431519076828,0,0
5000,0.446683592151,0.478630092323,0.462381021399,0.0115295788784,0.999499874937
5000,0.478630092323,0.512861383991,0.495450190805,0,0
5000,0.512861383991,0.549540873858,0.530884444231,0,0
5000,0.549540873858,0.588843655356,0.568852930844,0,0
5000,0.588843655356,0.63095734448,0.60953689724,0,0
5000,0.63095734448,0.676082975392,0.653130552647,0.0284336053817,0.999499874937
5000,0.676082975392,0.724435960075,0.699841996002,0,0
5000,0.724435960075,0.776247116629,0.749894209332,0,0
5000,0.776247116629,0.831763771103,0.803526122186,0,0
5000,0.831763771103,0.891250938134,0.860993752185,0,0
5000,0.891250938134,0.954992586021,0.922571427155,0,0
5000,0.954992586021,1.02329299228,0.988553094657,0,0
5000,1.02329299228,1.09647819614,1.05925372518,0,0
5000,1.09647819614,1.17489755494,1.13501081567,0,0
5000,1.17489755494,1.25892541179,1.21618600065,0,0
5000,1.25892541179,1.34896288259,1.30316677845,0,0
5000,1.34896288259,1.44543977075,1.39636836106,0,0
5000,1.44543977075,1.54881661891,1.49623565609,0,0
5000,1.54881661891,1.65958690744,1.60324539069,0,0
5000,1.65958690744,1.77827941004,1.71790838716,0,0
5000,1.77827941004,1.90546071796,1.84077200147,0,0
5000,1.90546071796,2.04173794467,1.97242273611,0,0
5000,2.04173794467,2.18776162395,2.11348903984,0,0
5000,2.18776162395,2.34422881532,2.26464430759,0,0
5000,2.34422881532,2.51188643151,2.42661009508,0,0
5000,2.51188643151,2.69153480393,2.60015956317,0,0
5000,2.69153480393,2.88403150313,2.78612116863,0,0
5000,2.88403150313,3.09029543251,2.98538261892,0,0
5000,3.09029543251,3.31131121483,3.19889510969,0,0
5000,3.31131121483,3.54813389234,3.42767786546,0,0
5000,3.54813389234,3.80189396321,3.67282300498,0,0
5000,3.80189396321,4.07380277804,3.93550075456,0,0
5000,4.07380277804,4.3651583224,4.21696503429,0,0
5000,4.3651583224,4.67735141287,4.51855944375,0,0
5000,4.67735141287,5.01187233627,4.84172367584,0,0
5000,5.01187233627,5.3703179637,5.18800038929,0,0
5000,5.3703179637,5.75439937337,5.5590425727,0,0
5000,5.75439937337,6.16595001861,5.95662143529,0,0
5000,6.16595001861,6.60693448008,6.38263486191,0,0
5000,6.60693448008,7.07945784384,6.83911647281,0,0
5000,7.07945784384,7.58577575029,7.32824533139,0,0
5000,7.58577575029,8.12830516164,7.8523563461,0,0
5000,8.12830516164,8.70963589956,8.41395141645,0,0
5000,8.70963589956,9.33254300797,9.01571137606,0,0
5000,9.33254300797,10,9.6605087899,0.293969320537,0.424996356875
5200,0.01,0.0107151930524,0.0103514216668,0,0
5200,0.0107151930524,0.011481536215,0.0110917481526,0,0
5200,0.011481536215,0.0123026877081,0.0118850222744,0,0
5200,0.0123026877081,0.0131825673856,0.0127350308102,0,0
5200,0.0131825673856,0.0141253754462,0.0136458313659,0,0
5200,0.0141253754462,0.0151356124844,0.0146217717446,0,0
5200,0.0151356124844,0.0162181009736,0.0156675107011,0,0
5200,0.0162181009736,0.0173780082875,0.0167880401812,0,0
5200,0.0173780082875,0.0186208713666,0.0179887091513,0,0
5200,0.0186208713666,0.0199526231497,0.0192752491319,0,0
5200,0.0199526231497,0.021379620895,0.0206538015581,0,0
5200,0.021379620895,0.0229086765277,0.0221309470961,0,0
5200,0.0229086765277,0.0245470891569,0.0237137370566,0,0
5200,0.0245470891569,0.026302679919,0.0254097270555,0,0
5200,0.026302679919,0.0281838293126,0.0272270130808,0,0
5200,0.0281838293126,0.030199517204,0.02917427014,0,0
5200,0.030199517204,0.032359365693,0.0312607936712,0,0
5200,0.032359365693,0.0346736850453,0.0334965439158,0,0
5200,0.0346736850453,0.0371535229097,0.0358921934645,0,0
5200,0.0371535229097,0.0398107170553,0.0384591782045,0,0
5200,0.0398107170553,0.0426579518802,0.0412097519097,0,0
5200,0.0426579518802,0.0457088189615,0.0441570447353,0,0
5200,0.0457088189615,0.0489778819368,0.0473151258961,0,0
5200,0.0489778819368,0.052480746025,0.0506990708275,0,0
5200,0.052480746025,0.056234132519,0.0543250331492,0,0
5200,0.056234132519,0.0602559586074,0.0582103217771,0,0
5200,0.0602559586074,0.0645654229035,0.0623734835482,0,0
5200,0.0645654229035,0.0691830970919,0.0668343917569,0,0
5200,0.0691830970919,0.0741310241301,0.0716143410213,0,0
5200,0.0741310241301,0.0794328234724,0.0767361489362,0,0
5200,0.0794328234724,0.0851138038202,0.0822242649947,0,0
5200,0.0851138038202,0.0912010839356,0.0881048873008,0,0
5200,0.0912010839356,0.0977237220956,0.0944060876286,0,0
5200,0.0977237220956,0.104712854805,0.101157945426,0,0
5200,0.104712854805,0.11220184543,0.108392691402,0,0
5200,0.11220184543,0.120226443462,0.116144861384,0,0
5200,0.120226443462,0.128824955169,0.124451461177,0,0
5200,0.128824955169,0.13803842646,0.133352143216,0,0
5200,0.13803842646,0.147910838817,0.142889395851,0,0
5200,0.147910838817,0.158489319246,0.153108746168,0,0
5200,0.158489319246,0.169824365246,0.16405897732,0,0
5200,0.169824365246,0.181970085861,0.175792361396,0,0
5200,0.181970085861,0.194984459976,0.188364908949,0,0
5200,0.194984459976,0.208929613085,0.201836636368,0,0
5200,0.208929613085,0.223872113857,0.216271852373,0,0
5200,0.223872113857,0.239883291902,0.231739464997,0,0
5200,0.239883291902,0.257039578277,0.24831331053,0,0
5200,0.257039578277,0.275422870334,0.26607250598,0,0
5200,0.275422870334,0.295120922667,0.28510182675,0,0
5200,0.295120922667,0.316227766017,0.305492111322,0,0
5200,0.316227766017,0.338844156139,0.327340694879,0,0
5200,0.338844156139,0.36307805477,0.350751873953,0,0
5200,0.36307805477,0.389045144994,0.375837404288,0,0
5200,0.389045144994,0.41686938347,0.402717034325,0,0
5200,0.41686938347,0.446683592151,0.431519076828,0,0
5200,0.446683592151,0.478630092323,0.462381021399,0,0
5200,0.478630092323,0.512861383991,0.495450190805,0,0
5200,0.512861383991,0.549540873858,0.530884444231,0,0
5200,0.549540873858,0.588843655356,0.568852930844,0,0
5200,0.588843655356,0.63095734448,0.60953689724,0,0
5200,0.63095734448,0.676082975392,0.653130552647,0,0
5200,0.676082975392,0.724435960075,0.699841996002,0,0
5200,0.724435960075,0.776247116629,0.749894209332,0,0
5200,0.776247116629,0.831763771103,0.803526122186,0,0
5200,0.831763771103,0.891250938134,0.860993752185,0,0
5200,0.891250938134,0.954992586021,0.922571427155,0,0
5200,0.954992586021,1.02329299228,0.988553094657,0,0
5200,1.02329299228,1.09647819614,1.05925372518,0,0
5200,1.09647819614,1.17489755494,1.13501081567,0,0
5200,1.17489755494,1.25892541179,1.21618600065,0,0
5200,1.25892541179,1.34896288259,1.30316677845,0,0
5200,1.34896288259,1.44543977075,1.39636836106,0,0
5200,1.44543977075,1.54881661891,1.49623565609,0,0
5200,1.54881661891,1.65958690744,1.60324539069,0,0
5200,1.65958690744,1.77827941004,1.71790838716,0,0
5200,1.77827941004,1.90546071796,1.84077200147,0,0
5200,1.90546071796,2.04173794467,1.97242273611,0,0
5200,2.04173794467,2.18776162395,2.11348903984,0,0
5200,2.18776162395,2.34422881532,2.26464430759,0,0
5200,2.34422881532,2.51188643151,2.42661009508,0,0
5200,2.51188643151,2.69153480393,2.60015956317,0,0
5200,2.69153480393,2.88403150313,2.78612116863,0,0
5200,2.88403150313,3.09029543251,2.98538261892,0,0
5200,3.09029543251,3.31131121483,3.19889510969,0,0
5200,3.31131121483,3.54813389234,3.42767786546,0,0
5200,3.54813389234,3.80189396321,3.67282300498,0,0
5200,3.80189396321,4.07380277804,3.93550075456,0,0
5200,4.07380277804,4.3651583224,4.21696503429,0,0
5200,4.3651583224,4.67735141287,4.51855944375,0,0
5200,4.67735141287,5.01187233627,4.84172367584,0,0
5200,5.01187233627,5.3703179637,5.18800038929,0,0
5200,5.3703179637,5.75439937337,5.5590425727,0,0
5200,5.75439937337,6.16595001861,5.95662143529,0,0
5200,6.16595001861,6.60693448008,6.38263486191,0,0
5200,6.60693448008,7.07945784384,6.83911647281,0,0
5200,7.07945784384,7.58577575029,7.32824533139,0,0
5200,7.58577575029,8.12830516164,7.8523563461,0,0
5200,8.12830516164,8.70963589956,8.41395141645,0,0
5200,8.70963589956,9.33254300797,9.01571137606,0,0
5200,9.33254300797,10,9.6605087899,0.383040565618,0.999499874937
5400,0.01,0.0107151930524,0.0103514216668,0,0
5400,0.0107151930524,0.011481536215,0.0110917481526,0,0
5400,0.011481536215,0.0123026877081,0.0118850222744,0,0
5400,0.0123026877081,0.0131825673856,0.0127350308102,0,0
5400,0.0131825673856,0.0141253754462,0.0136458313659,0,0
5400,0.0141253754462,0.0151356124844,0.0146217717446,0,0
5400,0.0151356124844,0.0162181009736,0.0156675107011,0,0
5400,0.0162181009736,0.0173780082875,0.0167880401812,0,0
5400,0.0173780082875,0.0186208713666,0.0179887091513,0,0
5400,0.0186208713666,0.0199526231497,0.0192752491319,0,0
5400,0.0199526231497,0.021379620895,0.0206538015581,0,0
5400,0.021379620895,0.0229086765277,0.0221309470961,0,0
5400,0.0229086765277,0.0245470891569,0.0237137370566,0,0
5400,0.0245470891569,0.026302679919,0.0254097270555,0,0
5400,0.026302679919,0.0281838293126,0.0272270130808,0,0
5400,0.0281838293126,0.030199517204,0.02917427014,0,0
5400,0.030199517204,0.032359365693,0.0312607936712,0,0
5400,0.032359365693,0.0346736850453,0.0334965439158,0,0
5400,0.0346736850453,0.0371535229097,0.0358921934645,0,0
5400,0.0371535229097,0.0398107170553,0.0384591782045,0,0
5400,0.0398107170553,0.0426579518802,0.0412097519097,0.137283024252,0.999499874937
5400,0.0426579518802,0.0457088189615,0.0441570447353,0,0
5400,0.0457088189615,0.0489778819368,0.0473151258961,0,0
5400,0.0489778819368,0.052480746025,0.0506990708275,0,0
5400,0.052480746025,0.056234132519,0.0543250331492,0,0
5400,0.056234132519,0.0602559586074,0.0582103217771,0,0
5400,0.0602559586074,0.0645654229035,0.0623734835482,0,0
5400,0.0645654229035,0.0691830970919,0.0668343917569,0,0
5400,0.0691830970919,0.0741310241301,0.0716143410213,0,0
5400,0.0741310241301,0.0794328234724,0.0767361489362,0,0
5400,0.0794328234724,0.0851138038202,0.0822242649947,0.0172861926746,0.999499874937
5400,0.0851138038202,0.0912010839356,0.0881048873008,0,0
5400,0.0912010839356,0.0977237220956,0.0944060876286,0,0
5400,0.0977237220956,0.104712854805,0.101157945426,0,0
5400,0.104712854805,0.11220184543,0.108392691402,0,0
5400,0.11220184543,0.120226443462,0.116144861384,0,0
5400,0.120226443462,0.128824955169,0.124451461177,0,0
5400,0.128824955169,0.13803842646,0.133352143216,0,0
5400,0.13803842646,0.147910838817,0.142889395851,0,0
5400,0.147910838817,0.158489319246,0.153108746168,0,0
5400,0.158489319246,0.169824365246,0.16405897732,0,0
5400,0.169824365246,0.181970085861,0.175792361396,0,0
5400,0.181970085861,0.194984459976,0.188364908949,0,0
5400,0.194984459976,0.208929613085,0.201836636368,0,0
5400,0.208929613085,0.223872113857,0.216271852373,0,0
5400,0.223872113857,0.239883291902,0.231739464997,0.215305016188,0.999499874937
5400,0.239883291902,0.257039578277,0.24831331053,0,0
5400,0.257039578277,0.275422870334,0.26607250598,0,0
5400,0.275422870334,0.295120922667,0.28510182675,0,0
5400,0.295120922667,0.316227766017,0.305492111322,0,0
5400,0.316227766017,0.338844156139,0.327340694879,0,0
5400,0.338844156139,0.36307805477,0.350751873953,0.233495177025,0.999499874937
5400,0.36307805477,0.389045144994,0.375837404288,0,0
5400,0.389045144994,0.41686938347,0.402717034325,0,0
5400,0.41686938347,0.446683592151,0.431519076828,0,0
5400,0.446683592151,0.478630092323,0.462381021399,0.0916722028235,0.999499874937
5400,0.478630092323,0.512861383991,0.495450190805,0,0
5400,0.512861383991,0.549540873858,0.530884444231,0,0
5400,0.549540873858,0.588843655356,0.568852930844,0,0
5400,0.588843655356,0.63095734448,0.60953689724,0,0
5400,0.63095734448,0.676082975392,0.653130552647,0,0
5400,0.676082975392,0.724435960075,0.699841996002,0,0
5400,0.724435960075,0.776247116629,0.749894209332,0,0
5400,0.776247116629,0.831763771103,0.803526122186,0,0
5400,0.831763771103,0.891250938134,0.860993752185,0,0
5400,0.891250938134,0.954992586021,0.922571427155,0,0
5400,0.954992586021,1.02329299228,0.988553094657,0,0
5400,1.02329299228,1.09647819614,1.05925372518,0,0
5400,1.09647819614,1.17489755494,1.13501081567,0,0
5400,1.17489755494,1.25892541179,1.21618600065,0,0
5400,1.25892541179,1.34896288259,1.30316677845,0,0
5400,1.34896288259,1.44543977075,1.39636836106,0,0
5400,1.44543977075,1.54881661891,1.49623565609,0,0
5400,1.54881661891,1.65958690744,1.60324539069,0,0
5400,1.65958690744,1.77827941004,1.71790838716,0,0
5400,1.77827941004,1.90546071796,1.84077200147,0,0
5400,1.90546071796,2.04173794467,1.97242273611,0,0
5400,2.04173794467,2.18776162395,2.11348903984,0,0
5400,2.18776162395,2.34422881532,2.26464430759,0,0
5400,2.34422881532,2.51188643151,2.42661009508,0,0
5400,2.51188643151,2.69153480393,2.60015956317,0,0
5400,2.69153480393,2.88403150313,2.78612116863,0,0
5400,2.88403150313,3.09029543251,2.98538261892,0,0
5400,3.09029543251,3.31131121483,3.19889510969,0,0
5400,3.31131121483,3.54813389234,3.42767786546,0,0
5400,3.54813389234,3.80189396321,3.67282300498,0,0
5400,3.80189396321,4.07380277804,3.93550075456,0,0
5400,4.07380277804,4.3651583224,4.21696503429,0,0
5400,4.3651583224,4.67735141287,4.51855944375,0,0
5400,4.67735141287,5.01187233627,4.84172367584,0,0
5400,5.01187233627,5.3703179637,5.18800038929,0,0
5400,5.3703179637,5.75439937337,5.5590425727,0,0
5400,5.75439937337,6.16595001861,5.95662143529,0,0
5400,6.16595001861,6.60693448008,6.38263486191,0,0
5400,6.60693448008,7.07945784384,6.83911647281,0,0
5400,7.07945784384,7.58577575029,7.32824533139,0,0
5400,7.58577575029,8.12830516164,7.8523563461,0,0
5400,8.12830516164,8.70963589956,8.41395141645,0,0
5400,8.70963589956,9.33254300797,9.01571137606,0,0
5400,9.33254300797,10,9.6605087899,0.152820273044,0.999499874937
5600,0.01,0.0107151930524,0.0103514216668,0,0
5600,0.0107151930524,0.011481536215,0.0110917481526,0,0
5600,0.011481536215,0.0123026877081,0.0118850222744,0,0
5600,0.0123026877081,0.0131825673856,0.0127350308102,0,0
5600,0.0131825673856,0.0141253754462,0.0136458313659,0,0
5600,0.0141253754462,0.0151356124844,0.0146217717446,0,0
5600,0.0151356124844,0.0162181009736,0.0156675107011,0,0
5600,0.0162181009736,0.0173780082875,0.0167880401812,0,0
5600,0.0173780082875,0.0186208713666,0.0179887091513,0,0
5600,0.0186208713666,0.0199526231497,0.0192752491319,0,0
5600,0.0199526231497,0.021379620895,0.0206538015581,0,0
5600,0.021379620895,0.0229086765277,0.0221309470961,0,0
5600,0.0229086765277,0.0245470891569,0.0237137370566,0,0
5600,0.0245470891569,0.026302679919,0.0254097270555,0,0
5600,0.026302679919,0.0281838293126,0.0272270130808,0,0
5600,0.0281838293126,0.030199517204,0.02917427014,0,0
5600,0.030199517204,0.032359365693,0.0312607936712,0,0
5600,0.032359365693,0.0346736850453,0.0334965439158,0,0
5600,0.0346736850453,0.0371535229097,0.0358921934645,0,0
5600,0.0371535229097,0.0398107170553,0.0384591782045,0,0
5600,0.0398107170553,0.0426579518802,0.0412097519097,0,0
5600,0.0426579518802,0.0457088189615,0.0441570447353,0,0
5600,0.0457088189615,0.0489778819368,0.0473151258961,0,0
5600,0.0489778819368,0.052480746025,0.0506990708275,0,0
5600,0.052480746025,0.056234132519,0.0543250331492,0,0
5600,0.056234132519,0.0602559586074,0.0582103217771,0,0
5600,0.0602559586074,0.0645654229035,0.0623734835482,0.0653201265047,0.999499874937
5600,0.0645654229035,0.0691830970919,0.0668343917569,0,0
5600,0.0691830970919,0.0741310241301,0.0716143410213,0,0
5600,0.0741310241301,0.0794328234724,0.0767361489362,0,0
5600,0.0794328234724,0.0851138038202,0.0822242649947,0,0
5600,0.0851138038202,0.0912010839356,0.0881048873008,0,0
5600,0.0912010839356,0.0977237220956,0.0944060876286,0,0
5600,0.0977237220956,0.104712854805,0.101157945426,0,0
5600,0.104712854805,0.11220184543,0.108392691402,0,0
5600,0.11220184543,0.120226443462,0.116144861384,0,0
5600,0.120226443462,0.128824955169,0.124451461177,0,0
5600,0.128824955169,0.13803842646,0.133352143216,0,0
5600,0.13803842646,0.147910838817,0.142889395851,0,0
5600,0.147910838817,0.158489319246,0.153108746168,0,0
5600,0.158489319246,0.169824365246,0.16405897732,0.384609548244,0.999499874937
5600,0.169824365246,0.181970085861,0.175792361396,0,0
5600,0.181970085861,0.194984459976,0.188364908949,0,0
5600,0.194984459976,0.208929613085,0.201836636368,0,0
5600,0.208929613085,0.223872113857,0.216271852373,0,0
5600,0.223872113857,0.239883291902,0.231739464997,0,0
5600,0.239883291902,0.257039578277,0.24831331053,0,0
5600,0.257039578277,0.275422870334,0.26607250598,0,0
5600,0.275422870334,0.295120922667,0.28510182675,0,0
5600,0.295120922667,0.316227766017,0.305492111322,0,0
5600,0.316227766017,0.338844156139,0.327340694879,0,0
5600,0.338844156139,0.36307805477,0.350751873953,0.323445129852,0.769719379558
5600,0.36307805477,0.389045144994,0.375837404288,0.0887776795768,0.999499874937
5600,0.389045144994,0.41686938347,0.402717034325,0,0
5600,0.41686938347,0.446683592151,0.431519076828,0,0
5600,0.446683592151,0.478630092323,0.462381021399,0,0
5600,0.478630092323,0.512861383991,0.495450190805,0.0792092390707,0.999499874937
5600,0.512861383991,0.549540873858,0.530884444231,0,0
5600,0.549540873858,0.588843655356,0.568852930844,0,0
5600,0.588843655356,0.63095734448,0.60953689724,0,0
5600,0.63095734448,0.676082975392,0.653130552647,0,0
5600,0.676082975392,0.724435960075,0.699841996002,0,0
5600,0.724435960075,0.776247116629,0.749894209332,0,0
5600,0.776247116629,0.831763771103,0.803526122186,0,0
5600,0.831763771103,0.891250938134,0.860993752185,0,0
5600,0.891250938134,0.954992586021,0.922571427155,0,0
5600,0.954992586021,1.02329299228,0.988553094657,0,0
5600,1.02329299228,1.09647819614,1.05925372518,0,0
5600,1.09647819614,1.17489755494,1.13501081567,0,0
5600,1.17489755494,1.25892541179,1.21618600065,0,0
5600,1.25892541179,1.34896288259,1.30316677845,0,0
5600,1.34896288259,1.44543977075,1.39636836106,0,0
5600,1.44543977075,1.54881661891,1.49623565609,0,0
5600,1.54881661891,1.65958690744,1.60324539069,0,0
5600,1.65958690744,1.77827941004,1.71790838716,0,0
5600,1.77827941004,1.90546071796,1.84077200147,0,0
5600,1.90546071796,2.04173794467,1.97242273611,0,0
5600,2.04173794467,2.18776162395,2.11348903984,0,0
5600,2.18776162395,2.34422881532,2.26464430759,0,0
5600,2.34422881532,2.51188643151,2.42661009508,0,0
5600,2.51188643151,2.69153480393,2.60015956317,0,0
5600,2.69153480393,2.88403150313,2.78612116863,0,0
5600,2.88403150313,3.09029543251,2.98538261892,0,0
5600,3.09029543251,3.31131121483,3.19889510969,0,0
5600,3.31131121483,3.54813389234,3.42767786546,0,0
5600,3.54813389234,3.80189396321,3.67282300498,0,0
5600,3.80189396321,4.07380277804,3.93550075456,0,0
5600,4.07380277804,4.3651583224,4.21696503429,0,0
5600,4.3651583224,4.67735141287,4.51855944375,0,0
5600,4.67735141287,5.01187233627,4.84172367584,0,0
5600,5.01187233627,5.3703179637,5.18800038929,0,0
5600,5.3703179637,5.75439937337,5.5590425727,0,0
5600,5.75439937337,6.16595001861,5.95662143529,0,0
5600,6.16595001861,6.60693448008,6.38263486191,0,0
5600,6.60693448008,7.07945784384,6.83911647281,0,0
5600,7.07945784384,7.58577575029,7.32824533139,0,0
5600,7.58577575029,8.12830516164,7.8523563461,0,0
5600,8.12830516164,8.70963589956,8.41395141645,0,0
5600,8.70963589956,9.33254300797,9.01571137606,0,0
5600,9.33254300797,10,9.6605087899,0.419633999804,0.999499874937
