[ T-Track ]
    title = [t-track] in region mesh
     mesh =  reg            # mesh type is region-wise
      reg = 1400 1500 1700 1800 2000 2100 2300 2500 2700 2900 3000 3200
            3300 3500 3600 3800 4000 4200 4400 4600 4800 5000 5200 5400
            5600
   volume                   # combined, lattice or level structure 
   non     reg      vol     # reg definition
    1     1400   9.0901E+01 # 1400
    2     1500   2.0914E+01 # 1500
    3     1700   4.4999E+01 # 1700
    4     1800   2.0890E+01 # 1800
    5     2000   7.7782E+01 # 2000
    6     2100   3.4728E+01 # 2100
    7     2300   6.2095E+01 # 2300
    8     2500   3.2549E+01 # 2500
    9     2700   3.1255E+02 # 2700
   10     2900   2.2257E+02 # 2900
   11     3000   4.0282E+01 # 3000
   12     3200   1.4891E+02 # 3200
   13     3300   5.7861E+01 # 3300
   14     3500   5.0003E+02 # 3500
   15     3600   9.0605E+01 # 3600
   16     3800   2.3048E+02 # 3800
   17     4000   2.8157E+01 # 4000
   18     4200   4.1231E+02 # 4200
   19     4400   2.5513E+02 # 4400
   20     4600   8.5982E+01 # 4600
   21     4800   6.6963E+01 # 4800
   22     5000   2.5177E+02 # 5000
   23     5200   2.2745E+02 # 5200
   24     5400   1.4719E+02 # 5400
   25     5600   4.7854E+01 # 5600
   e-type =    3            # e-mesh is log given by emin, emax and ne
     emin =  1.0000000E-02  # minimum value of e-mesh points
     emax =   10.00000      # maximum value of e-mesh points
#    edel =  6.9077553E-02  # mesh width of e-mesh points
       ne =    100          # number of e-mesh points
#    data = ( e(i), i = 1, ne + 1 )
#           1.00000E-02  1.07152E-02  1.14815E-02  1.23027E-02  1.31826E-02
#           1.41254E-02  1.51356E-02  1.62181E-02  1.73780E-02  1.86209E-02
#           1.99526E-02  2.13796E-02  2.29087E-02  2.45471E-02  2.63027E-02
#           2.81838E-02  3.01995E-02  3.23594E-02  3.46737E-02  3.71535E-02
#           3.98107E-02  4.26580E-02  4.57088E-02  4.89779E-02  5.24807E-02
#           5.62341E-02  6.02560E-02  6.45654E-02  6.91831E-02  7.41310E-02
#           7.94328E-02  8.51138E-02  9.12011E-02  9.77237E-02  1.04713E-01
#           1.12202E-01  1.20226E-01  1.28825E-01  1.38038E-01  1.47911E-01
#           1.58489E-01  1.69824E-01  1.81970E-01  1.94984E-01  2.08930E-01
#           2.23872E-01  2.39883E-01  2.57040E-01  2.75423E-01  2.95121E-01
#           3.16228E-01  3.38844E-01  3.63078E-01  3.89045E-01  4.16869E-01
#           4.46684E-01  4.78630E-01  5.12861E-01  5.49541E-01  5.88844E-01
#           6.30957E-01  6.76083E-01  7.24436E-01  7.76247E-01  8.31764E-01
#           8.91251E-01  9.54993E-01  1.02329E+00  1.09648E+00  1.17490E+00
#           1.25893E+00  1.34896E+00  1.44544E+00  1.54882E+00  1.65959E+00
#           1.77828E+00  1.90546E+00  2.04174E+00  2.18776E+00  2.34423E+00
#           2.51189E+00  2.69153E+00  2.88403E+00  3.09030E+00  3.31131E+00
#           3.54813E+00  3.80189E+00  4.07380E+00  4.36516E+00  4.67735E+00
#           5.01187E+00  5.37032E+00  5.75440E+00  6.16595E+00  6.60693E+00
#           7.07946E+00  7.58578E+00  8.12831E+00  8.70964E+00  9.33254E+00
#           1.00000E+01
     unit =    1            # unit is [1/cm^2/source]
 material =  all            # (D=all) number of specific material
     axis =     eng            # axis of output
     file = phits_fluence_MRCP_AF_source_Liver_photon_energy_10.0.out  # file name of output for the above axis
     part =  photon   
# kf/name :  22       
#    used :        main (  %)        temp (  %)       total (  %)
#  memory :         131 (  0)           0 (  0)         131 (  0)

#------------------------------------------------------------------------------
#newpage:
#   no. =  1   reg =   1400

x: Energy [MeV/n]
y: Flux [1/cm^2/source]              
p: xlog ylog afac(0.8) form(0.9)
h: n            x            y(photon  ),hh0l n  
#  e-lower      e-upper        photon    r.err 
   1.0000E-02   1.0715E-02   0.0000E+00  0.0000
   1.0715E-02   1.1482E-02   0.0000E+00  0.0000
   1.1482E-02   1.2303E-02   0.0000E+00  0.0000
   1.2303E-02   1.3183E-02   0.0000E+00  0.0000
   1.3183E-02   1.4125E-02   0.0000E+00  0.0000
   1.4125E-02   1.5136E-02   0.0000E+00  0.0000
   1.5136E-02   1.6218E-02   0.0000E+00  0.0000
   1.6218E-02   1.7378E-02   0.0000E+00  0.0000
   1.7378E-02   1.8621E-02   0.0000E+00  0.0000
   1.8621E-02   1.9953E-02   0.0000E+00  0.0000
   1.9953E-02   2.1380E-02   0.0000E+00  0.0000
   2.1380E-02   2.2909E-02   0.0000E+00  0.0000
   2.2909E-02   2.4547E-02   0.0000E+00  0.0000
   2.4547E-02   2.6303E-02   0.0000E+00  0.0000
   2.6303E-02   2.8184E-02   0.0000E+00  0.0000
   2.8184E-02   3.0200E-02   0.0000E+00  0.0000
   3.0200E-02   3.2359E-02   0.0000E+00  0.0000
   3.2359E-02   3.4674E-02   0.0000E+00  0.0000
   3.4674E-02   3.7154E-02   0.0000E+00  0.0000
   3.7154E-02   3.9811E-02   0.0000E+00  0.0000
   3.9811E-02   4.2658E-02   0.0000E+00  0.0000
   4.2658E-02   4.5709E-02   0.0000E+00  0.0000
   4.5709E-02   4.8978E-02   0.0000E+00  0.0000
   4.8978E-02   5.2481E-02   0.0000E+00  0.0000
   5.2481E-02   5.6234E-02   0.0000E+00  0.0000
   5.6234E-02   6.0256E-02   0.0000E+00  0.0000
   6.0256E-02   6.4565E-02   0.0000E+00  0.0000
   6.4565E-02   6.9183E-02   1.1768E-06  1.0000
   6.9183E-02   7.4131E-02   0.0000E+00  0.0000
   7.4131E-02   7.9433E-02   7.4496E-07  1.0000
   7.9433E-02   8.5114E-02   0.0000E+00  0.0000
   8.5114E-02   9.1201E-02   0.0000E+00  0.0000
   9.1201E-02   9.7724E-02   0.0000E+00  0.0000
   9.7724E-02   1.0471E-01   3.7421E-07  1.0000
   1.0471E-01   1.1220E-01   5.2695E-07  1.0000
   1.1220E-01   1.2023E-01   0.0000E+00  0.0000
   1.2023E-01   1.2882E-01   4.8167E-06  0.7175
   1.2882E-01   1.3804E-01   5.0688E-06  0.7166
   1.3804E-01   1.4791E-01   0.0000E+00  0.0000
   1.4791E-01   1.5849E-01   4.7046E-06  0.8653
   1.5849E-01   1.6982E-01   3.1470E-06  0.8156
   1.6982E-01   1.8197E-01   0.0000E+00  0.0000
   1.8197E-01   1.9498E-01   0.0000E+00  0.0000
   1.9498E-01   2.0893E-01   0.0000E+00  0.0000
   2.0893E-01   2.2387E-01   0.0000E+00  0.0000
   2.2387E-01   2.3988E-01   0.0000E+00  0.0000
   2.3988E-01   2.5704E-01   6.5247E-06  0.8251
   2.5704E-01   2.7542E-01   0.0000E+00  0.0000
   2.7542E-01   2.9512E-01   1.5839E-06  1.0000
   2.9512E-01   3.1623E-01   0.0000E+00  0.0000
   3.1623E-01   3.3884E-01   0.0000E+00  0.0000
   3.3884E-01   3.6308E-01   0.0000E+00  0.0000
   3.6308E-01   3.8905E-01   1.8926E-06  1.0000
   3.8905E-01   4.1687E-01   3.0432E-06  1.0000
   4.1687E-01   4.4668E-01   0.0000E+00  0.0000
   4.4668E-01   4.7863E-01   0.0000E+00  0.0000
   4.7863E-01   5.1286E-01   8.2491E-06  0.5991
   5.1286E-01   5.4954E-01   4.1517E-06  1.0000
   5.4954E-01   5.8884E-01   0.0000E+00  0.0000
   5.8884E-01   6.3096E-01   0.0000E+00  0.0000
   6.3096E-01   6.7608E-01   0.0000E+00  0.0000
   6.7608E-01   7.2444E-01   0.0000E+00  0.0000
   7.2444E-01   7.7625E-01   0.0000E+00  0.0000
   7.7625E-01   8.3176E-01   0.0000E+00  0.0000
   8.3176E-01   8.9125E-01   0.0000E+00  0.0000
   8.9125E-01   9.5499E-01   0.0000E+00  0.0000
   9.5499E-01   1.0233E+00   0.0000E+00  0.0000
   1.0233E+00   1.0965E+00   0.0000E+00  0.0000
   1.0965E+00   1.1749E+00   0.0000E+00  0.0000
   1.1749E+00   1.2589E+00   2.5412E-06  1.0000
   1.2589E+00   1.3490E+00   2.5674E-06  1.0000
   1.3490E+00   1.4454E+00   0.0000E+00  0.0000
   1.4454E+00   1.5488E+00   0.0000E+00  0.0000
   1.5488E+00   1.6596E+00   0.0000E+00  0.0000
   1.6596E+00   1.7783E+00   1.8703E-06  1.0000
   1.7783E+00   1.9055E+00   0.0000E+00  0.0000
   1.9055E+00   2.0417E+00   0.0000E+00  0.0000
   2.0417E+00   2.1878E+00   2.5866E-06  1.0000
   2.1878E+00   2.3442E+00   0.0000E+00  0.0000
   2.3442E+00   2.5119E+00   0.0000E+00  0.0000
   2.5119E+00   2.6915E+00   0.0000E+00  0.0000
   2.6915E+00   2.8840E+00   4.4789E-06  1.0000
   2.8840E+00   3.0903E+00   2.8374E-06  1.0000
   3.0903E+00   3.3113E+00   0.0000E+00  0.0000
   3.3113E+00   3.5481E+00   0.0000E+00  0.0000
   3.5481E+00   3.8019E+00   0.0000E+00  0.0000
   3.8019E+00   4.0738E+00   0.0000E+00  0.0000
   4.0738E+00   4.3652E+00   0.0000E+00  0.0000
   4.3652E+00   4.6774E+00   1.3402E-06  1.0000
   4.6774E+00   5.0119E+00   0.0000E+00  0.0000
   5.0119E+00   5.3703E+00   0.0000E+00  0.0000
   5.3703E+00   5.7544E+00   0.0000E+00  0.0000
   5.7544E+00   6.1660E+00   8.0602E-06  0.7074
   6.1660E+00   6.6069E+00   0.0000E+00  0.0000
   6.6069E+00   7.0795E+00   0.0000E+00  0.0000
   7.0795E+00   7.5858E+00   0.0000E+00  0.0000
   7.5858E+00   8.1283E+00   4.7821E-06  1.0000
   8.1283E+00   8.7096E+00   2.4149E-06  1.0000
   8.7096E+00   9.3325E+00   0.0000E+00  0.0000
   9.3325E+00   1.0000E+01   2.9360E-06  1.0000

#   sum over                 8.2420E-05  0.2290

'no. =  1,  reg  =   1400'
msuc: {\huge [t-track] in region mesh}
msdr: {\it plotted by \ANGEL \version}
msdl: {\it calculated by \PHITS  3.36}
wt: s(0.7)
\vspace{-3}
   vol  &=&   9.0901E+01 [cm^3]
e:

#------------------------------------------------------------------------------
 newpage:
#   no. =  2   reg =   1500

x: Energy [MeV/n]
y: Flux [1/cm^2/source]              
p: xlog ylog afac(0.8) form(0.9)
h: n            x            y(photon  ),hh0l n  
#  e-lower      e-upper        photon    r.err 
   1.0000E-02   1.0715E-02   0.0000E+00  0.0000
   1.0715E-02   1.1482E-02   0.0000E+00  0.0000
   1.1482E-02   1.2303E-02   0.0000E+00  0.0000
   1.2303E-02   1.3183E-02   0.0000E+00  0.0000
   1.3183E-02   1.4125E-02   0.0000E+00  0.0000
   1.4125E-02   1.5136E-02   0.0000E+00  0.0000
   1.5136E-02   1.6218E-02   0.0000E+00  0.0000
   1.6218E-02   1.7378E-02   0.0000E+00  0.0000
   1.7378E-02   1.8621E-02   0.0000E+00  0.0000
   1.8621E-02   1.9953E-02   0.0000E+00  0.0000
   1.9953E-02   2.1380E-02   0.0000E+00  0.0000
   2.1380E-02   2.2909E-02   0.0000E+00  0.0000
   2.2909E-02   2.4547E-02   0.0000E+00  0.0000
   2.4547E-02   2.6303E-02   0.0000E+00  0.0000
   2.6303E-02   2.8184E-02   0.0000E+00  0.0000
   2.8184E-02   3.0200E-02   0.0000E+00  0.0000
   3.0200E-02   3.2359E-02   0.0000E+00  0.0000
   3.2359E-02   3.4674E-02   3.5051E-06  1.0000
   3.4674E-02   3.7154E-02   0.0000E+00  0.0000
   3.7154E-02   3.9811E-02   7.1946E-06  1.0000
   3.9811E-02   4.2658E-02   4.6611E-06  1.0000
   4.2658E-02   4.5709E-02   0.0000E+00  0.0000
   4.5709E-02   4.8978E-02   7.7970E-07  1.0000
   4.8978E-02   5.2481E-02   0.0000E+00  0.0000
   5.2481E-02   5.6234E-02   5.3512E-06  1.0000
   5.6234E-02   6.0256E-02   0.0000E+00  0.0000
   6.0256E-02   6.4565E-02   0.0000E+00  0.0000
   6.4565E-02   6.9183E-02   6.5548E-07  1.0000
   6.9183E-02   7.4131E-02   9.8448E-06  0.7594
   7.4131E-02   7.9433E-02   0.0000E+00  0.0000
   7.9433E-02   8.5114E-02   0.0000E+00  0.0000
   8.5114E-02   9.1201E-02   0.0000E+00  0.0000
   9.1201E-02   9.7724E-02   4.8393E-06  1.0000
   9.7724E-02   1.0471E-01   0.0000E+00  0.0000
   1.0471E-01   1.1220E-01   0.0000E+00  0.0000
   1.1220E-01   1.2023E-01   6.0937E-06  0.8891
   1.2023E-01   1.2882E-01   0.0000E+00  0.0000
   1.2882E-01   1.3804E-01   0.0000E+00  0.0000
   1.3804E-01   1.4791E-01   0.0000E+00  0.0000
   1.4791E-01   1.5849E-01   0.0000E+00  0.0000
   1.5849E-01   1.6982E-01   0.0000E+00  0.0000
   1.6982E-01   1.8197E-01   0.0000E+00  0.0000
   1.8197E-01   1.9498E-01   1.3251E-05  1.0000
   1.9498E-01   2.0893E-01   0.0000E+00  0.0000
   2.0893E-01   2.2387E-01   0.0000E+00  0.0000
   2.2387E-01   2.3988E-01   0.0000E+00  0.0000
   2.3988E-01   2.5704E-01   0.0000E+00  0.0000
   2.5704E-01   2.7542E-01   0.0000E+00  0.0000
   2.7542E-01   2.9512E-01   9.9840E-06  0.7279
   2.9512E-01   3.1623E-01   5.9102E-06  1.0000
   3.1623E-01   3.3884E-01   0.0000E+00  0.0000
   3.3884E-01   3.6308E-01   0.0000E+00  0.0000
   3.6308E-01   3.8905E-01   1.1396E-05  0.7097
   3.8905E-01   4.1687E-01   0.0000E+00  0.0000
   4.1687E-01   4.4668E-01   6.7785E-06  1.0000
   4.4668E-01   4.7863E-01   0.0000E+00  0.0000
   4.7863E-01   5.1286E-01   1.0976E-05  0.7071
   5.1286E-01   5.4954E-01   0.0000E+00  0.0000
   5.4954E-01   5.8884E-01   0.0000E+00  0.0000
   5.8884E-01   6.3096E-01   0.0000E+00  0.0000
   6.3096E-01   6.7608E-01   0.0000E+00  0.0000
   6.7608E-01   7.2444E-01   0.0000E+00  0.0000
   7.2444E-01   7.7625E-01   0.0000E+00  0.0000
   7.7625E-01   8.3176E-01   0.0000E+00  0.0000
   8.3176E-01   8.9125E-01   0.0000E+00  0.0000
   8.9125E-01   9.5499E-01   2.3897E-06  1.0000
   9.5499E-01   1.0233E+00   6.3080E-07  1.0000
   1.0233E+00   1.0965E+00   0.0000E+00  0.0000
   1.0965E+00   1.1749E+00   0.0000E+00  0.0000
   1.1749E+00   1.2589E+00   0.0000E+00  0.0000
   1.2589E+00   1.3490E+00   0.0000E+00  0.0000
   1.3490E+00   1.4454E+00   6.1956E-06  1.0000
   1.4454E+00   1.5488E+00   0.0000E+00  0.0000
   1.5488E+00   1.6596E+00   0.0000E+00  0.0000
   1.6596E+00   1.7783E+00   0.0000E+00  0.0000
   1.7783E+00   1.9055E+00   0.0000E+00  0.0000
   1.9055E+00   2.0417E+00   0.0000E+00  0.0000
   2.0417E+00   2.1878E+00   0.0000E+00  0.0000
   2.1878E+00   2.3442E+00   0.0000E+00  0.0000
   2.3442E+00   2.5119E+00   0.0000E+00  0.0000
   2.5119E+00   2.6915E+00   0.0000E+00  0.0000
   2.6915E+00   2.8840E+00   4.3105E-06  1.0000
   2.8840E+00   3.0903E+00   0.0000E+00  0.0000
   3.0903E+00   3.3113E+00   0.0000E+00  0.0000
   3.3113E+00   3.5481E+00   0.0000E+00  0.0000
   3.5481E+00   3.8019E+00   7.7347E-06  1.0000
   3.8019E+00   4.0738E+00   0.0000E+00  0.0000
   4.0738E+00   4.3652E+00   0.0000E+00  0.0000
   4.3652E+00   4.6774E+00   0.0000E+00  0.0000
   4.6774E+00   5.0119E+00   0.0000E+00  0.0000
   5.0119E+00   5.3703E+00   0.0000E+00  0.0000
   5.3703E+00   5.7544E+00   0.0000E+00  0.0000
   5.7544E+00   6.1660E+00   0.0000E+00  0.0000
   6.1660E+00   6.6069E+00   0.0000E+00  0.0000
   6.6069E+00   7.0795E+00   0.0000E+00  0.0000
   7.0795E+00   7.5858E+00   7.4913E-06  1.0000
   7.5858E+00   8.1283E+00   8.0073E-06  1.0000
   8.1283E+00   8.7096E+00   0.0000E+00  0.0000
   8.7096E+00   9.3325E+00   0.0000E+00  0.0000
   9.3325E+00   1.0000E+01   0.0000E+00  0.0000

#   sum over                 1.3798E-04  0.2319

'no. =  2,  reg  =   1500'
msuc: {\huge [t-track] in region mesh}
msdr: {\it plotted by \ANGEL \version}
msdl: {\it calculated by \PHITS  3.36}
wt: s(0.7)
\vspace{-3}
   vol  &=&   2.0914E+01 [cm^3]
e:

#------------------------------------------------------------------------------
 newpage:
#   no. =  3   reg =   1700

x: Energy [MeV/n]
y: Flux [1/cm^2/source]              
p: xlog ylog afac(0.8) form(0.9)
h: n            x            y(photon  ),hh0l n  
#  e-lower      e-upper        photon    r.err 
   1.0000E-02   1.0715E-02   0.0000E+00  0.0000
   1.0715E-02   1.1482E-02   0.0000E+00  0.0000
   1.1482E-02   1.2303E-02   0.0000E+00  0.0000
   1.2303E-02   1.3183E-02   0.0000E+00  0.0000
   1.3183E-02   1.4125E-02   0.0000E+00  0.0000
   1.4125E-02   1.5136E-02   0.0000E+00  0.0000
   1.5136E-02   1.6218E-02   0.0000E+00  0.0000
   1.6218E-02   1.7378E-02   0.0000E+00  0.0000
   1.7378E-02   1.8621E-02   0.0000E+00  0.0000
   1.8621E-02   1.9953E-02   0.0000E+00  0.0000
   1.9953E-02   2.1380E-02   0.0000E+00  0.0000
   2.1380E-02   2.2909E-02   0.0000E+00  0.0000
   2.2909E-02   2.4547E-02   7.1413E-07  1.0000
   2.4547E-02   2.6303E-02   0.0000E+00  0.0000
   2.6303E-02   2.8184E-02   0.0000E+00  0.0000
   2.8184E-02   3.0200E-02   0.0000E+00  0.0000
   3.0200E-02   3.2359E-02   7.3554E-06  1.0000
   3.2359E-02   3.4674E-02   2.2197E-06  1.0000
   3.4674E-02   3.7154E-02   0.0000E+00  0.0000
   3.7154E-02   3.9811E-02   3.5461E-06  0.7076
   3.9811E-02   4.2658E-02   1.7620E-07  1.0000
   4.2658E-02   4.5709E-02   3.0002E-06  1.0000
   4.5709E-02   4.8978E-02   0.0000E+00  0.0000
   4.8978E-02   5.2481E-02   4.9305E-06  0.7186
   5.2481E-02   5.6234E-02   0.0000E+00  0.0000
   5.6234E-02   6.0256E-02   2.1877E-06  1.0000
   6.0256E-02   6.4565E-02   0.0000E+00  0.0000
   6.4565E-02   6.9183E-02   0.0000E+00  0.0000
   6.9183E-02   7.4131E-02   0.0000E+00  0.0000
   7.4131E-02   7.9433E-02   0.0000E+00  0.0000
   7.9433E-02   8.5114E-02   3.9803E-06  0.8439
   8.5114E-02   9.1201E-02   0.0000E+00  0.0000
   9.1201E-02   9.7724E-02   3.3809E-06  0.5949
   9.7724E-02   1.0471E-01   0.0000E+00  0.0000
   1.0471E-01   1.1220E-01   3.3756E-06  1.0000
   1.1220E-01   1.2023E-01   0.0000E+00  0.0000
   1.2023E-01   1.2882E-01   1.3245E-06  1.0000
   1.2882E-01   1.3804E-01   5.1936E-06  0.7519
   1.3804E-01   1.4791E-01   2.1485E-06  0.9770
   1.4791E-01   1.5849E-01   0.0000E+00  0.0000
   1.5849E-01   1.6982E-01   1.1385E-06  1.0000
   1.6982E-01   1.8197E-01   2.0743E-06  1.0000
   1.8197E-01   1.9498E-01   0.0000E+00  0.0000
   1.9498E-01   2.0893E-01   7.0734E-06  0.8079
   2.0893E-01   2.2387E-01   9.1103E-06  0.6185
   2.2387E-01   2.3988E-01   0.0000E+00  0.0000
   2.3988E-01   2.5704E-01   7.6698E-06  0.8482
   2.5704E-01   2.7542E-01   0.0000E+00  0.0000
   2.7542E-01   2.9512E-01   0.0000E+00  0.0000
   2.9512E-01   3.1623E-01   0.0000E+00  0.0000
   3.1623E-01   3.3884E-01   9.1097E-06  1.0000
   3.3884E-01   3.6308E-01   0.0000E+00  0.0000
   3.6308E-01   3.8905E-01   6.6801E-06  1.0000
   3.8905E-01   4.1687E-01   0.0000E+00  0.0000
   4.1687E-01   4.4668E-01   0.0000E+00  0.0000
   4.4668E-01   4.7863E-01   2.7066E-06  1.0000
   4.7863E-01   5.1286E-01   8.8929E-06  0.7271
   5.1286E-01   5.4954E-01   2.5707E-07  1.0000
   5.4954E-01   5.8884E-01   0.0000E+00  0.0000
   5.8884E-01   6.3096E-01   2.4155E-06  1.0000
   6.3096E-01   6.7608E-01   0.0000E+00  0.0000
   6.7608E-01   7.2444E-01   0.0000E+00  0.0000
   7.2444E-01   7.7625E-01   0.0000E+00  0.0000
   7.7625E-01   8.3176E-01   0.0000E+00  0.0000
   8.3176E-01   8.9125E-01   1.0180E-07  1.0000
   8.9125E-01   9.5499E-01   0.0000E+00  0.0000
   9.5499E-01   1.0233E+00   0.0000E+00  0.0000
   1.0233E+00   1.0965E+00   1.4587E-06  1.0000
   1.0965E+00   1.1749E+00   0.0000E+00  0.0000
   1.1749E+00   1.2589E+00   0.0000E+00  0.0000
   1.2589E+00   1.3490E+00   0.0000E+00  0.0000
   1.3490E+00   1.4454E+00   0.0000E+00  0.0000
   1.4454E+00   1.5488E+00   0.0000E+00  0.0000
   1.5488E+00   1.6596E+00   0.0000E+00  0.0000
   1.6596E+00   1.7783E+00   0.0000E+00  0.0000
   1.7783E+00   1.9055E+00   0.0000E+00  0.0000
   1.9055E+00   2.0417E+00   5.1563E-06  1.0000
   2.0417E+00   2.1878E+00   0.0000E+00  0.0000
   2.1878E+00   2.3442E+00   2.4143E-06  1.0000
   2.3442E+00   2.5119E+00   0.0000E+00  0.0000
   2.5119E+00   2.6915E+00   0.0000E+00  0.0000
   2.6915E+00   2.8840E+00   0.0000E+00  0.0000
   2.8840E+00   3.0903E+00   1.5209E-06  1.0000
   3.0903E+00   3.3113E+00   0.0000E+00  0.0000
   3.3113E+00   3.5481E+00   0.0000E+00  0.0000
   3.5481E+00   3.8019E+00   0.0000E+00  0.0000
   3.8019E+00   4.0738E+00   4.1313E-06  1.0000
   4.0738E+00   4.3652E+00   0.0000E+00  0.0000
   4.3652E+00   4.6774E+00   1.7676E-06  1.0000
   4.6774E+00   5.0119E+00   1.9395E-06  1.0000
   5.0119E+00   5.3703E+00   4.4401E-06  1.0000
   5.3703E+00   5.7544E+00   0.0000E+00  0.0000
   5.7544E+00   6.1660E+00   0.0000E+00  0.0000
   6.1660E+00   6.6069E+00   3.9193E-06  1.0000
   6.6069E+00   7.0795E+00   2.5577E-06  1.0000
   7.0795E+00   7.5858E+00   0.0000E+00  0.0000
   7.5858E+00   8.1283E+00   0.0000E+00  0.0000
   8.1283E+00   8.7096E+00   5.2385E-06  0.7195
   8.7096E+00   9.3325E+00   3.8914E-06  1.0000
   9.3325E+00   1.0000E+01   0.0000E+00  0.0000

#   sum over                 1.3920E-04  0.2008

'no. =  3,  reg  =   1700'
msuc: {\huge [t-track] in region mesh}
msdr: {\it plotted by \ANGEL \version}
msdl: {\it calculated by \PHITS  3.36}
wt: s(0.7)
\vspace{-3}
   vol  &=&   4.4999E+01 [cm^3]
e:

#------------------------------------------------------------------------------
 newpage:
#   no. =  4   reg =   1800

x: Energy [MeV/n]
y: Flux [1/cm^2/source]              
p: xlog ylog afac(0.8) form(0.9)
h: n            x            y(photon  ),hh0l n  
#  e-lower      e-upper        photon    r.err 
   1.0000E-02   1.0715E-02   0.0000E+00  0.0000
   1.0715E-02   1.1482E-02   0.0000E+00  0.0000
   1.1482E-02   1.2303E-02   0.0000E+00  0.0000
   1.2303E-02   1.3183E-02   0.0000E+00  0.0000
   1.3183E-02   1.4125E-02   0.0000E+00  0.0000
   1.4125E-02   1.5136E-02   0.0000E+00  0.0000
   1.5136E-02   1.6218E-02   0.0000E+00  0.0000
   1.6218E-02   1.7378E-02   0.0000E+00  0.0000
   1.7378E-02   1.8621E-02   0.0000E+00  0.0000
   1.8621E-02   1.9953E-02   0.0000E+00  0.0000
   1.9953E-02   2.1380E-02   0.0000E+00  0.0000
   2.1380E-02   2.2909E-02   0.0000E+00  0.0000
   2.2909E-02   2.4547E-02   0.0000E+00  0.0000
   2.4547E-02   2.6303E-02   0.0000E+00  0.0000
   2.6303E-02   2.8184E-02   0.0000E+00  0.0000
   2.8184E-02   3.0200E-02   0.0000E+00  0.0000
   3.0200E-02   3.2359E-02   0.0000E+00  0.0000
   3.2359E-02   3.4674E-02   7.9643E-06  0.8130
   3.4674E-02   3.7154E-02   0.0000E+00  0.0000
   3.7154E-02   3.9811E-02   0.0000E+00  0.0000
   3.9811E-02   4.2658E-02   0.0000E+00  0.0000
   4.2658E-02   4.5709E-02   0.0000E+00  0.0000
   4.5709E-02   4.8978E-02   3.7492E-06  1.0000
   4.8978E-02   5.2481E-02   0.0000E+00  0.0000
   5.2481E-02   5.6234E-02   0.0000E+00  0.0000
   5.6234E-02   6.0256E-02   0.0000E+00  0.0000
   6.0256E-02   6.4565E-02   0.0000E+00  0.0000
   6.4565E-02   6.9183E-02   4.5705E-06  1.0000
   6.9183E-02   7.4131E-02   0.0000E+00  0.0000
   7.4131E-02   7.9433E-02   0.0000E+00  0.0000
   7.9433E-02   8.5114E-02   8.8199E-06  0.7131
   8.5114E-02   9.1201E-02   2.1484E-06  1.0000
   9.1201E-02   9.7724E-02   0.0000E+00  0.0000
   9.7724E-02   1.0471E-01   0.0000E+00  0.0000
   1.0471E-01   1.1220E-01   0.0000E+00  0.0000
   1.1220E-01   1.2023E-01   0.0000E+00  0.0000
   1.2023E-01   1.2882E-01   0.0000E+00  0.0000
   1.2882E-01   1.3804E-01   0.0000E+00  0.0000
   1.3804E-01   1.4791E-01   5.1747E-06  1.0000
   1.4791E-01   1.5849E-01   6.0224E-06  1.0000
   1.5849E-01   1.6982E-01   6.0118E-06  1.0000
   1.6982E-01   1.8197E-01   4.7813E-06  1.0000
   1.8197E-01   1.9498E-01   8.7815E-06  1.0000
   1.9498E-01   2.0893E-01   4.0461E-06  1.0000
   2.0893E-01   2.2387E-01   7.2062E-06  1.0000
   2.2387E-01   2.3988E-01   0.0000E+00  0.0000
   2.3988E-01   2.5704E-01   0.0000E+00  0.0000
   2.5704E-01   2.7542E-01   0.0000E+00  0.0000
   2.7542E-01   2.9512E-01   6.1481E-06  1.0000
   2.9512E-01   3.1623E-01   0.0000E+00  0.0000
   3.1623E-01   3.3884E-01   0.0000E+00  0.0000
   3.3884E-01   3.6308E-01   0.0000E+00  0.0000
   3.6308E-01   3.8905E-01   0.0000E+00  0.0000
   3.8905E-01   4.1687E-01   0.0000E+00  0.0000
   4.1687E-01   4.4668E-01   3.4842E-07  1.0000
   4.4668E-01   4.7863E-01   0.0000E+00  0.0000
   4.7863E-01   5.1286E-01   1.4187E-05  0.6062
   5.1286E-01   5.4954E-01   0.0000E+00  0.0000
   5.4954E-01   5.8884E-01   4.3642E-06  1.0000
   5.8884E-01   6.3096E-01   0.0000E+00  0.0000
   6.3096E-01   6.7608E-01   0.0000E+00  0.0000
   6.7608E-01   7.2444E-01   0.0000E+00  0.0000
   7.2444E-01   7.7625E-01   0.0000E+00  0.0000
   7.7625E-01   8.3176E-01   0.0000E+00  0.0000
   8.3176E-01   8.9125E-01   0.0000E+00  0.0000
   8.9125E-01   9.5499E-01   2.7998E-06  1.0000
   9.5499E-01   1.0233E+00   0.0000E+00  0.0000
   1.0233E+00   1.0965E+00   0.0000E+00  0.0000
   1.0965E+00   1.1749E+00   0.0000E+00  0.0000
   1.1749E+00   1.2589E+00   0.0000E+00  0.0000
   1.2589E+00   1.3490E+00   0.0000E+00  0.0000
   1.3490E+00   1.4454E+00   1.0679E-05  0.7072
   1.4454E+00   1.5488E+00   0.0000E+00  0.0000
   1.5488E+00   1.6596E+00   0.0000E+00  0.0000
   1.6596E+00   1.7783E+00   0.0000E+00  0.0000
   1.7783E+00   1.9055E+00   0.0000E+00  0.0000
   1.9055E+00   2.0417E+00   0.0000E+00  0.0000
   2.0417E+00   2.1878E+00   0.0000E+00  0.0000
   2.1878E+00   2.3442E+00   0.0000E+00  0.0000
   2.3442E+00   2.5119E+00   6.1792E-06  1.0000
   2.5119E+00   2.6915E+00   0.0000E+00  0.0000
   2.6915E+00   2.8840E+00   0.0000E+00  0.0000
   2.8840E+00   3.0903E+00   0.0000E+00  0.0000
   3.0903E+00   3.3113E+00   0.0000E+00  0.0000
   3.3113E+00   3.5481E+00   0.0000E+00  0.0000
   3.5481E+00   3.8019E+00   0.0000E+00  0.0000
   3.8019E+00   4.0738E+00   0.0000E+00  0.0000
   4.0738E+00   4.3652E+00   0.0000E+00  0.0000
   4.3652E+00   4.6774E+00   0.0000E+00  0.0000
   4.6774E+00   5.0119E+00   0.0000E+00  0.0000
   5.0119E+00   5.3703E+00   0.0000E+00  0.0000
   5.3703E+00   5.7544E+00   0.0000E+00  0.0000
   5.7544E+00   6.1660E+00   0.0000E+00  0.0000
   6.1660E+00   6.6069E+00   0.0000E+00  0.0000
   6.6069E+00   7.0795E+00   0.0000E+00  0.0000
   7.0795E+00   7.5858E+00   0.0000E+00  0.0000
   7.5858E+00   8.1283E+00   0.0000E+00  0.0000
   8.1283E+00   8.7096E+00   6.1224E-06  1.0000
   8.7096E+00   9.3325E+00   0.0000E+00  0.0000
   9.3325E+00   1.0000E+01   0.0000E+00  0.0000

#   sum over                 1.2010E-04  0.2354

'no. =  4,  reg  =   1800'
msuc: {\huge [t-track] in region mesh}
msdr: {\it plotted by \ANGEL \version}
msdl: {\it calculated by \PHITS  3.36}
wt: s(0.7)
\vspace{-3}
   vol  &=&   2.0890E+01 [cm^3]
e:

#------------------------------------------------------------------------------
 newpage:
#   no. =  5   reg =   2000

x: Energy [MeV/n]
y: Flux [1/cm^2/source]              
p: xlog ylog afac(0.8) form(0.9)
h: n            x            y(photon  ),hh0l n  
#  e-lower      e-upper        photon    r.err 
   1.0000E-02   1.0715E-02   0.0000E+00  0.0000
   1.0715E-02   1.1482E-02   0.0000E+00  0.0000
   1.1482E-02   1.2303E-02   0.0000E+00  0.0000
   1.2303E-02   1.3183E-02   0.0000E+00  0.0000
   1.3183E-02   1.4125E-02   0.0000E+00  0.0000
   1.4125E-02   1.5136E-02   0.0000E+00  0.0000
   1.5136E-02   1.6218E-02   0.0000E+00  0.0000
   1.6218E-02   1.7378E-02   0.0000E+00  0.0000
   1.7378E-02   1.8621E-02   0.0000E+00  0.0000
   1.8621E-02   1.9953E-02   0.0000E+00  0.0000
   1.9953E-02   2.1380E-02   0.0000E+00  0.0000
   2.1380E-02   2.2909E-02   0.0000E+00  0.0000
   2.2909E-02   2.4547E-02   0.0000E+00  0.0000
   2.4547E-02   2.6303E-02   0.0000E+00  0.0000
   2.6303E-02   2.8184E-02   0.0000E+00  0.0000
   2.8184E-02   3.0200E-02   0.0000E+00  0.0000
   3.0200E-02   3.2359E-02   2.0816E-06  1.0000
   3.2359E-02   3.4674E-02   0.0000E+00  0.0000
   3.4674E-02   3.7154E-02   0.0000E+00  0.0000
   3.7154E-02   3.9811E-02   0.0000E+00  0.0000
   3.9811E-02   4.2658E-02   1.0646E-06  1.0000
   4.2658E-02   4.5709E-02   0.0000E+00  0.0000
   4.5709E-02   4.8978E-02   1.4372E-06  1.0000
   4.8978E-02   5.2481E-02   0.0000E+00  0.0000
   5.2481E-02   5.6234E-02   0.0000E+00  0.0000
   5.6234E-02   6.0256E-02   0.0000E+00  0.0000
   6.0256E-02   6.4565E-02   0.0000E+00  0.0000
   6.4565E-02   6.9183E-02   0.0000E+00  0.0000
   6.9183E-02   7.4131E-02   6.8628E-07  1.0000
   7.4131E-02   7.9433E-02   4.4444E-06  0.7261
   7.9433E-02   8.5114E-02   0.0000E+00  0.0000
   8.5114E-02   9.1201E-02   0.0000E+00  0.0000
   9.1201E-02   9.7724E-02   0.0000E+00  0.0000
   9.7724E-02   1.0471E-01   0.0000E+00  0.0000
   1.0471E-01   1.1220E-01   0.0000E+00  0.0000
   1.1220E-01   1.2023E-01   0.0000E+00  0.0000
   1.2023E-01   1.2882E-01   0.0000E+00  0.0000
   1.2882E-01   1.3804E-01   0.0000E+00  0.0000
   1.3804E-01   1.4791E-01   0.0000E+00  0.0000
   1.4791E-01   1.5849E-01   0.0000E+00  0.0000
   1.5849E-01   1.6982E-01   0.0000E+00  0.0000
   1.6982E-01   1.8197E-01   0.0000E+00  0.0000
   1.8197E-01   1.9498E-01   0.0000E+00  0.0000
   1.9498E-01   2.0893E-01   1.9374E-06  1.0000
   2.0893E-01   2.2387E-01   3.6009E-06  0.7209
   2.2387E-01   2.3988E-01   0.0000E+00  0.0000
   2.3988E-01   2.5704E-01   1.7654E-06  0.7217
   2.5704E-01   2.7542E-01   0.0000E+00  0.0000
   2.7542E-01   2.9512E-01   0.0000E+00  0.0000
   2.9512E-01   3.1623E-01   1.8171E-06  0.9031
   3.1623E-01   3.3884E-01   1.1786E-06  1.0000
   3.3884E-01   3.6308E-01   0.0000E+00  0.0000
   3.6308E-01   3.8905E-01   3.1896E-07  1.0000
   3.8905E-01   4.1687E-01   6.6116E-07  1.0000
   4.1687E-01   4.4668E-01   0.0000E+00  0.0000
   4.4668E-01   4.7863E-01   0.0000E+00  0.0000
   4.7863E-01   5.1286E-01   4.4722E-06  0.6771
   5.1286E-01   5.4954E-01   1.7641E-06  1.0000
   5.4954E-01   5.8884E-01   0.0000E+00  0.0000
   5.8884E-01   6.3096E-01   1.8740E-06  1.0000
   6.3096E-01   6.7608E-01   2.5361E-06  1.0000
   6.7608E-01   7.2444E-01   0.0000E+00  0.0000
   7.2444E-01   7.7625E-01   3.7425E-06  0.7072
   7.7625E-01   8.3176E-01   0.0000E+00  0.0000
   8.3176E-01   8.9125E-01   0.0000E+00  0.0000
   8.9125E-01   9.5499E-01   9.6899E-07  1.0000
   9.5499E-01   1.0233E+00   0.0000E+00  0.0000
   1.0233E+00   1.0965E+00   0.0000E+00  0.0000
   1.0965E+00   1.1749E+00   0.0000E+00  0.0000
   1.1749E+00   1.2589E+00   2.2212E-06  1.0000
   1.2589E+00   1.3490E+00   0.0000E+00  0.0000
   1.3490E+00   1.4454E+00   0.0000E+00  0.0000
   1.4454E+00   1.5488E+00   2.5145E-06  1.0000
   1.5488E+00   1.6596E+00   1.9580E-06  1.0000
   1.6596E+00   1.7783E+00   0.0000E+00  0.0000
   1.7783E+00   1.9055E+00   0.0000E+00  0.0000
   1.9055E+00   2.0417E+00   0.0000E+00  0.0000
   2.0417E+00   2.1878E+00   0.0000E+00  0.0000
   2.1878E+00   2.3442E+00   2.5928E-06  1.0000
   2.3442E+00   2.5119E+00   0.0000E+00  0.0000
   2.5119E+00   2.6915E+00   3.3845E-06  1.0000
   2.6915E+00   2.8840E+00   2.7254E-06  1.0000
   2.8840E+00   3.0903E+00   5.1040E-07  1.0000
   3.0903E+00   3.3113E+00   0.0000E+00  0.0000
   3.3113E+00   3.5481E+00   0.0000E+00  0.0000
   3.5481E+00   3.8019E+00   2.3925E-06  1.0000
   3.8019E+00   4.0738E+00   0.0000E+00  0.0000
   4.0738E+00   4.3652E+00   0.0000E+00  0.0000
   4.3652E+00   4.6774E+00   0.0000E+00  0.0000
   4.6774E+00   5.0119E+00   0.0000E+00  0.0000
   5.0119E+00   5.3703E+00   0.0000E+00  0.0000
   5.3703E+00   5.7544E+00   0.0000E+00  0.0000
   5.7544E+00   6.1660E+00   0.0000E+00  0.0000
   6.1660E+00   6.6069E+00   0.0000E+00  0.0000
   6.6069E+00   7.0795E+00   3.8256E-07  1.0000
   7.0795E+00   7.5858E+00   1.6143E-06  1.0000
   7.5858E+00   8.1283E+00   0.0000E+00  0.0000
   8.1283E+00   8.7096E+00   2.9440E-06  0.7995
   8.7096E+00   9.3325E+00   3.2642E-06  1.0000
   9.3325E+00   1.0000E+01   0.0000E+00  0.0000

#   sum over                 6.2856E-05  0.1995

'no. =  5,  reg  =   2000'
msuc: {\huge [t-track] in region mesh}
msdr: {\it plotted by \ANGEL \version}
msdl: {\it calculated by \PHITS  3.36}
wt: s(0.7)
\vspace{-3}
   vol  &=&   7.7782E+01 [cm^3]
e:

#------------------------------------------------------------------------------
 newpage:
#   no. =  6   reg =   2100

x: Energy [MeV/n]
y: Flux [1/cm^2/source]              
p: xlog ylog afac(0.8) form(0.9)
h: n            x            y(photon  ),hh0l n  
#  e-lower      e-upper        photon    r.err 
   1.0000E-02   1.0715E-02   0.0000E+00  0.0000
   1.0715E-02   1.1482E-02   0.0000E+00  0.0000
   1.1482E-02   1.2303E-02   0.0000E+00  0.0000
   1.2303E-02   1.3183E-02   0.0000E+00  0.0000
   1.3183E-02   1.4125E-02   0.0000E+00  0.0000
   1.4125E-02   1.5136E-02   0.0000E+00  0.0000
   1.5136E-02   1.6218E-02   0.0000E+00  0.0000
   1.6218E-02   1.7378E-02   0.0000E+00  0.0000
   1.7378E-02   1.8621E-02   0.0000E+00  0.0000
   1.8621E-02   1.9953E-02   0.0000E+00  0.0000
   1.9953E-02   2.1380E-02   0.0000E+00  0.0000
   2.1380E-02   2.2909E-02   0.0000E+00  0.0000
   2.2909E-02   2.4547E-02   0.0000E+00  0.0000
   2.4547E-02   2.6303E-02   0.0000E+00  0.0000
   2.6303E-02   2.8184E-02   0.0000E+00  0.0000
   2.8184E-02   3.0200E-02   0.0000E+00  0.0000
   3.0200E-02   3.2359E-02   0.0000E+00  0.0000
   3.2359E-02   3.4674E-02   0.0000E+00  0.0000
   3.4674E-02   3.7154E-02   0.0000E+00  0.0000
   3.7154E-02   3.9811E-02   0.0000E+00  0.0000
   3.9811E-02   4.2658E-02   0.0000E+00  0.0000
   4.2658E-02   4.5709E-02   0.0000E+00  0.0000
   4.5709E-02   4.8978E-02   2.4678E-06  1.0000
   4.8978E-02   5.2481E-02   0.0000E+00  0.0000
   5.2481E-02   5.6234E-02   0.0000E+00  0.0000
   5.6234E-02   6.0256E-02   0.0000E+00  0.0000
   6.0256E-02   6.4565E-02   0.0000E+00  0.0000
   6.4565E-02   6.9183E-02   2.6732E-06  1.0000
   6.9183E-02   7.4131E-02   1.3190E-06  1.0000
   7.4131E-02   7.9433E-02   0.0000E+00  0.0000
   7.9433E-02   8.5114E-02   0.0000E+00  0.0000
   8.5114E-02   9.1201E-02   0.0000E+00  0.0000
   9.1201E-02   9.7724E-02   0.0000E+00  0.0000
   9.7724E-02   1.0471E-01   6.1936E-06  0.7219
   1.0471E-01   1.1220E-01   0.0000E+00  0.0000
   1.1220E-01   1.2023E-01   2.1619E-06  1.0000
   1.2023E-01   1.2882E-01   0.0000E+00  0.0000
   1.2882E-01   1.3804E-01   2.0562E-06  1.0000
   1.3804E-01   1.4791E-01   0.0000E+00  0.0000
   1.4791E-01   1.5849E-01   0.0000E+00  0.0000
   1.5849E-01   1.6982E-01   8.9347E-07  1.0000
   1.6982E-01   1.8197E-01   4.7169E-06  0.7109
   1.8197E-01   1.9498E-01   0.0000E+00  0.0000
   1.9498E-01   2.0893E-01   0.0000E+00  0.0000
   2.0893E-01   2.2387E-01   2.6887E-06  1.0000
   2.2387E-01   2.3988E-01   0.0000E+00  0.0000
   2.3988E-01   2.5704E-01   0.0000E+00  0.0000
   2.5704E-01   2.7542E-01   0.0000E+00  0.0000
   2.7542E-01   2.9512E-01   0.0000E+00  0.0000
   2.9512E-01   3.1623E-01   8.6417E-07  1.0000
   3.1623E-01   3.3884E-01   0.0000E+00  0.0000
   3.3884E-01   3.6308E-01   0.0000E+00  0.0000
   3.6308E-01   3.8905E-01   0.0000E+00  0.0000
   3.8905E-01   4.1687E-01   0.0000E+00  0.0000
   4.1687E-01   4.4668E-01   2.8611E-06  0.7071
   4.4668E-01   4.7863E-01   2.7683E-06  1.0000
   4.7863E-01   5.1286E-01   4.8819E-06  0.7083
   5.1286E-01   5.4954E-01   0.0000E+00  0.0000
   5.4954E-01   5.8884E-01   0.0000E+00  0.0000
   5.8884E-01   6.3096E-01   4.7926E-06  1.0000
   6.3096E-01   6.7608E-01   0.0000E+00  0.0000
   6.7608E-01   7.2444E-01   0.0000E+00  0.0000
   7.2444E-01   7.7625E-01   2.6730E-06  1.0000
   7.7625E-01   8.3176E-01   0.0000E+00  0.0000
   8.3176E-01   8.9125E-01   0.0000E+00  0.0000
   8.9125E-01   9.5499E-01   3.8890E-06  1.0000
   9.5499E-01   1.0233E+00   0.0000E+00  0.0000
   1.0233E+00   1.0965E+00   0.0000E+00  0.0000
   1.0965E+00   1.1749E+00   0.0000E+00  0.0000
   1.1749E+00   1.2589E+00   0.0000E+00  0.0000
   1.2589E+00   1.3490E+00   0.0000E+00  0.0000
   1.3490E+00   1.4454E+00   0.0000E+00  0.0000
   1.4454E+00   1.5488E+00   4.9083E-06  1.0000
   1.5488E+00   1.6596E+00   0.0000E+00  0.0000
   1.6596E+00   1.7783E+00   0.0000E+00  0.0000
   1.7783E+00   1.9055E+00   0.0000E+00  0.0000
   1.9055E+00   2.0417E+00   8.4592E-07  1.0000
   2.0417E+00   2.1878E+00   0.0000E+00  0.0000
   2.1878E+00   2.3442E+00   6.4265E-06  1.0000
   2.3442E+00   2.5119E+00   0.0000E+00  0.0000
   2.5119E+00   2.6915E+00   1.2351E-07  1.0000
   2.6915E+00   2.8840E+00   0.0000E+00  0.0000
   2.8840E+00   3.0903E+00   2.5746E-06  1.0000
   3.0903E+00   3.3113E+00   0.0000E+00  0.0000
   3.3113E+00   3.5481E+00   0.0000E+00  0.0000
   3.5481E+00   3.8019E+00   0.0000E+00  0.0000
   3.8019E+00   4.0738E+00   2.1893E-06  1.0000
   4.0738E+00   4.3652E+00   3.3708E-06  1.0000
   4.3652E+00   4.6774E+00   0.0000E+00  0.0000
   4.6774E+00   5.0119E+00   0.0000E+00  0.0000
   5.0119E+00   5.3703E+00   0.0000E+00  0.0000
   5.3703E+00   5.7544E+00   0.0000E+00  0.0000
   5.7544E+00   6.1660E+00   2.4590E-06  1.0000
   6.1660E+00   6.6069E+00   3.7559E-06  1.0000
   6.6069E+00   7.0795E+00   0.0000E+00  0.0000
   7.0795E+00   7.5858E+00   0.0000E+00  0.0000
   7.5858E+00   8.1283E+00   0.0000E+00  0.0000
   8.1283E+00   8.7096E+00   0.0000E+00  0.0000
   8.7096E+00   9.3325E+00   3.4153E-06  1.0000
   9.3325E+00   1.0000E+01   0.0000E+00  0.0000

#   sum over                 7.7970E-05  0.2347

'no. =  6,  reg  =   2100'
msuc: {\huge [t-track] in region mesh}
msdr: {\it plotted by \ANGEL \version}
msdl: {\it calculated by \PHITS  3.36}
wt: s(0.7)
\vspace{-3}
   vol  &=&   3.4728E+01 [cm^3]
e:

#------------------------------------------------------------------------------
 newpage:
#   no. =  7   reg =   2300

x: Energy [MeV/n]
y: Flux [1/cm^2/source]              
p: xlog ylog afac(0.8) form(0.9)
h: n            x            y(photon  ),hh0l n  
#  e-lower      e-upper        photon    r.err 
   1.0000E-02   1.0715E-02   0.0000E+00  0.0000
   1.0715E-02   1.1482E-02   0.0000E+00  0.0000
   1.1482E-02   1.2303E-02   0.0000E+00  0.0000
   1.2303E-02   1.3183E-02   0.0000E+00  0.0000
   1.3183E-02   1.4125E-02   0.0000E+00  0.0000
   1.4125E-02   1.5136E-02   0.0000E+00  0.0000
   1.5136E-02   1.6218E-02   0.0000E+00  0.0000
   1.6218E-02   1.7378E-02   0.0000E+00  0.0000
   1.7378E-02   1.8621E-02   0.0000E+00  0.0000
   1.8621E-02   1.9953E-02   0.0000E+00  0.0000
   1.9953E-02   2.1380E-02   0.0000E+00  0.0000
   2.1380E-02   2.2909E-02   0.0000E+00  0.0000
   2.2909E-02   2.4547E-02   0.0000E+00  0.0000
   2.4547E-02   2.6303E-02   0.0000E+00  0.0000
   2.6303E-02   2.8184E-02   0.0000E+00  0.0000
   2.8184E-02   3.0200E-02   0.0000E+00  0.0000
   3.0200E-02   3.2359E-02   0.0000E+00  0.0000
   3.2359E-02   3.4674E-02   0.0000E+00  0.0000
   3.4674E-02   3.7154E-02   0.0000E+00  0.0000
   3.7154E-02   3.9811E-02   0.0000E+00  0.0000
   3.9811E-02   4.2658E-02   0.0000E+00  0.0000
   4.2658E-02   4.5709E-02   0.0000E+00  0.0000
   4.5709E-02   4.8978E-02   0.0000E+00  0.0000
   4.8978E-02   5.2481E-02   1.0441E-06  1.0000
   5.2481E-02   5.6234E-02   0.0000E+00  0.0000
   5.6234E-02   6.0256E-02   0.0000E+00  0.0000
   6.0256E-02   6.4565E-02   0.0000E+00  0.0000
   6.4565E-02   6.9183E-02   6.3415E-10  1.0000
   6.9183E-02   7.4131E-02   0.0000E+00  0.0000
   7.4131E-02   7.9433E-02   0.0000E+00  0.0000
   7.9433E-02   8.5114E-02   0.0000E+00  0.0000
   8.5114E-02   9.1201E-02   0.0000E+00  0.0000
   9.1201E-02   9.7724E-02   0.0000E+00  0.0000
   9.7724E-02   1.0471E-01   0.0000E+00  0.0000
   1.0471E-01   1.1220E-01   1.1420E-06  1.0000
   1.1220E-01   1.2023E-01   0.0000E+00  0.0000
   1.2023E-01   1.2882E-01   0.0000E+00  0.0000
   1.2882E-01   1.3804E-01   4.2657E-07  1.0000
   1.3804E-01   1.4791E-01   2.0710E-06  0.8648
   1.4791E-01   1.5849E-01   0.0000E+00  0.0000
   1.5849E-01   1.6982E-01   0.0000E+00  0.0000
   1.6982E-01   1.8197E-01   3.4273E-06  1.0000
   1.8197E-01   1.9498E-01   1.0579E-06  1.0000
   1.9498E-01   2.0893E-01   0.0000E+00  0.0000
   2.0893E-01   2.2387E-01   0.0000E+00  0.0000
   2.2387E-01   2.3988E-01   0.0000E+00  0.0000
   2.3988E-01   2.5704E-01   9.5926E-07  1.0000
   2.5704E-01   2.7542E-01   0.0000E+00  0.0000
   2.7542E-01   2.9512E-01   0.0000E+00  0.0000
   2.9512E-01   3.1623E-01   0.0000E+00  0.0000
   3.1623E-01   3.3884E-01   0.0000E+00  0.0000
   3.3884E-01   3.6308E-01   0.0000E+00  0.0000
   3.6308E-01   3.8905E-01   0.0000E+00  0.0000
   3.8905E-01   4.1687E-01   0.0000E+00  0.0000
   4.1687E-01   4.4668E-01   0.0000E+00  0.0000
   4.4668E-01   4.7863E-01   0.0000E+00  0.0000
   4.7863E-01   5.1286E-01   3.0590E-06  0.6575
   5.1286E-01   5.4954E-01   0.0000E+00  0.0000
   5.4954E-01   5.8884E-01   0.0000E+00  0.0000
   5.8884E-01   6.3096E-01   0.0000E+00  0.0000
   6.3096E-01   6.7608E-01   0.0000E+00  0.0000
   6.7608E-01   7.2444E-01   0.0000E+00  0.0000
   7.2444E-01   7.7625E-01   0.0000E+00  0.0000
   7.7625E-01   8.3176E-01   0.0000E+00  0.0000
   8.3176E-01   8.9125E-01   0.0000E+00  0.0000
   8.9125E-01   9.5499E-01   0.0000E+00  0.0000
   9.5499E-01   1.0233E+00   0.0000E+00  0.0000
   1.0233E+00   1.0965E+00   0.0000E+00  0.0000
   1.0965E+00   1.1749E+00   0.0000E+00  0.0000
   1.1749E+00   1.2589E+00   7.4112E-07  1.0000
   1.2589E+00   1.3490E+00   0.0000E+00  0.0000
   1.3490E+00   1.4454E+00   0.0000E+00  0.0000
   1.4454E+00   1.5488E+00   0.0000E+00  0.0000
   1.5488E+00   1.6596E+00   0.0000E+00  0.0000
   1.6596E+00   1.7783E+00   0.0000E+00  0.0000
   1.7783E+00   1.9055E+00   0.0000E+00  0.0000
   1.9055E+00   2.0417E+00   0.0000E+00  0.0000
   2.0417E+00   2.1878E+00   0.0000E+00  0.0000
   2.1878E+00   2.3442E+00   0.0000E+00  0.0000
   2.3442E+00   2.5119E+00   0.0000E+00  0.0000
   2.5119E+00   2.6915E+00   0.0000E+00  0.0000
   2.6915E+00   2.8840E+00   0.0000E+00  0.0000
   2.8840E+00   3.0903E+00   0.0000E+00  0.0000
   3.0903E+00   3.3113E+00   0.0000E+00  0.0000
   3.3113E+00   3.5481E+00   0.0000E+00  0.0000
   3.5481E+00   3.8019E+00   0.0000E+00  0.0000
   3.8019E+00   4.0738E+00   1.3334E-06  1.0000
   4.0738E+00   4.3652E+00   1.3756E-06  1.0000
   4.3652E+00   4.6774E+00   0.0000E+00  0.0000
   4.6774E+00   5.0119E+00   0.0000E+00  0.0000
   5.0119E+00   5.3703E+00   0.0000E+00  0.0000
   5.3703E+00   5.7544E+00   0.0000E+00  0.0000
   5.7544E+00   6.1660E+00   0.0000E+00  0.0000
   6.1660E+00   6.6069E+00   0.0000E+00  0.0000
   6.6069E+00   7.0795E+00   0.0000E+00  0.0000
   7.0795E+00   7.5858E+00   0.0000E+00  0.0000
   7.5858E+00   8.1283E+00   0.0000E+00  0.0000
   8.1283E+00   8.7096E+00   0.0000E+00  0.0000
   8.7096E+00   9.3325E+00   0.0000E+00  0.0000
   9.3325E+00   1.0000E+01   0.0000E+00  0.0000

#   sum over                 1.6638E-05  0.3810

'no. =  7,  reg  =   2300'
msuc: {\huge [t-track] in region mesh}
msdr: {\it plotted by \ANGEL \version}
msdl: {\it calculated by \PHITS  3.36}
wt: s(0.7)
\vspace{-3}
   vol  &=&   6.2095E+01 [cm^3]
e:

#------------------------------------------------------------------------------
 newpage:
#   no. =  8   reg =   2500

x: Energy [MeV/n]
y: Flux [1/cm^2/source]              
p: xlog ylog afac(0.8) form(0.9)
h: n            x            y(photon  ),hh0l n  
#  e-lower      e-upper        photon    r.err 
   1.0000E-02   1.0715E-02   0.0000E+00  0.0000
   1.0715E-02   1.1482E-02   0.0000E+00  0.0000
   1.1482E-02   1.2303E-02   0.0000E+00  0.0000
   1.2303E-02   1.3183E-02   0.0000E+00  0.0000
   1.3183E-02   1.4125E-02   0.0000E+00  0.0000
   1.4125E-02   1.5136E-02   0.0000E+00  0.0000
   1.5136E-02   1.6218E-02   0.0000E+00  0.0000
   1.6218E-02   1.7378E-02   0.0000E+00  0.0000
   1.7378E-02   1.8621E-02   0.0000E+00  0.0000
   1.8621E-02   1.9953E-02   0.0000E+00  0.0000
   1.9953E-02   2.1380E-02   0.0000E+00  0.0000
   2.1380E-02   2.2909E-02   0.0000E+00  0.0000
   2.2909E-02   2.4547E-02   0.0000E+00  0.0000
   2.4547E-02   2.6303E-02   0.0000E+00  0.0000
   2.6303E-02   2.8184E-02   0.0000E+00  0.0000
   2.8184E-02   3.0200E-02   0.0000E+00  0.0000
   3.0200E-02   3.2359E-02   3.5022E-06  1.0000
   3.2359E-02   3.4674E-02   0.0000E+00  0.0000
   3.4674E-02   3.7154E-02   0.0000E+00  0.0000
   3.7154E-02   3.9811E-02   0.0000E+00  0.0000
   3.9811E-02   4.2658E-02   1.0899E-06  1.0000
   4.2658E-02   4.5709E-02   0.0000E+00  0.0000
   4.5709E-02   4.8978E-02   7.6410E-06  0.7491
   4.8978E-02   5.2481E-02   1.3685E-06  1.0000
   5.2481E-02   5.6234E-02   0.0000E+00  0.0000
   5.6234E-02   6.0256E-02   0.0000E+00  0.0000
   6.0256E-02   6.4565E-02   0.0000E+00  0.0000
   6.4565E-02   6.9183E-02   0.0000E+00  0.0000
   6.9183E-02   7.4131E-02   0.0000E+00  0.0000
   7.4131E-02   7.9433E-02   0.0000E+00  0.0000
   7.9433E-02   8.5114E-02   0.0000E+00  0.0000
   8.5114E-02   9.1201E-02   0.0000E+00  0.0000
   9.1201E-02   9.7724E-02   0.0000E+00  0.0000
   9.7724E-02   1.0471E-01   0.0000E+00  0.0000
   1.0471E-01   1.1220E-01   0.0000E+00  0.0000
   1.1220E-01   1.2023E-01   0.0000E+00  0.0000
   1.2023E-01   1.2882E-01   0.0000E+00  0.0000
   1.2882E-01   1.3804E-01   3.0758E-06  1.0000
   1.3804E-01   1.4791E-01   6.2269E-06  1.0000
   1.4791E-01   1.5849E-01   6.0234E-06  0.7203
   1.5849E-01   1.6982E-01   0.0000E+00  0.0000
   1.6982E-01   1.8197E-01   0.0000E+00  0.0000
   1.8197E-01   1.9498E-01   0.0000E+00  0.0000
   1.9498E-01   2.0893E-01   1.6817E-06  1.0000
   2.0893E-01   2.2387E-01   4.4333E-06  1.0000
   2.2387E-01   2.3988E-01   1.2781E-06  1.0000
   2.3988E-01   2.5704E-01   0.0000E+00  0.0000
   2.5704E-01   2.7542E-01   0.0000E+00  0.0000
   2.7542E-01   2.9512E-01   2.0807E-06  1.0000
   2.9512E-01   3.1623E-01   5.9526E-06  0.7080
   3.1623E-01   3.3884E-01   0.0000E+00  0.0000
   3.3884E-01   3.6308E-01   0.0000E+00  0.0000
   3.6308E-01   3.8905E-01   4.9115E-06  1.0000
   3.8905E-01   4.1687E-01   0.0000E+00  0.0000
   4.1687E-01   4.4668E-01   0.0000E+00  0.0000
   4.4668E-01   4.7863E-01   0.0000E+00  0.0000
   4.7863E-01   5.1286E-01   1.3083E-05  0.5576
   5.1286E-01   5.4954E-01   4.8389E-06  1.0000
   5.4954E-01   5.8884E-01   0.0000E+00  0.0000
   5.8884E-01   6.3096E-01   1.7107E-06  1.0000
   6.3096E-01   6.7608E-01   0.0000E+00  0.0000
   6.7608E-01   7.2444E-01   0.0000E+00  0.0000
   7.2444E-01   7.7625E-01   0.0000E+00  0.0000
   7.7625E-01   8.3176E-01   0.0000E+00  0.0000
   8.3176E-01   8.9125E-01   4.4143E-06  1.0000
   8.9125E-01   9.5499E-01   0.0000E+00  0.0000
   9.5499E-01   1.0233E+00   0.0000E+00  0.0000
   1.0233E+00   1.0965E+00   2.1426E-06  1.0000
   1.0965E+00   1.1749E+00   0.0000E+00  0.0000
   1.1749E+00   1.2589E+00   6.0771E-06  1.0000
   1.2589E+00   1.3490E+00   0.0000E+00  0.0000
   1.3490E+00   1.4454E+00   0.0000E+00  0.0000
   1.4454E+00   1.5488E+00   5.7329E-06  1.0000
   1.5488E+00   1.6596E+00   0.0000E+00  0.0000
   1.6596E+00   1.7783E+00   0.0000E+00  0.0000
   1.7783E+00   1.9055E+00   1.1966E-06  1.0000
   1.9055E+00   2.0417E+00   0.0000E+00  0.0000
   2.0417E+00   2.1878E+00   0.0000E+00  0.0000
   2.1878E+00   2.3442E+00   2.9444E-06  1.0000
   2.3442E+00   2.5119E+00   0.0000E+00  0.0000
   2.5119E+00   2.6915E+00   0.0000E+00  0.0000
   2.6915E+00   2.8840E+00   0.0000E+00  0.0000
   2.8840E+00   3.0903E+00   0.0000E+00  0.0000
   3.0903E+00   3.3113E+00   0.0000E+00  0.0000
   3.3113E+00   3.5481E+00   0.0000E+00  0.0000
   3.5481E+00   3.8019E+00   0.0000E+00  0.0000
   3.8019E+00   4.0738E+00   0.0000E+00  0.0000
   4.0738E+00   4.3652E+00   0.0000E+00  0.0000
   4.3652E+00   4.6774E+00   0.0000E+00  0.0000
   4.6774E+00   5.0119E+00   1.3781E-06  1.0000
   5.0119E+00   5.3703E+00   0.0000E+00  0.0000
   5.3703E+00   5.7544E+00   0.0000E+00  0.0000
   5.7544E+00   6.1660E+00   0.0000E+00  0.0000
   6.1660E+00   6.6069E+00   0.0000E+00  0.0000
   6.6069E+00   7.0795E+00   0.0000E+00  0.0000
   7.0795E+00   7.5858E+00   0.0000E+00  0.0000
   7.5858E+00   8.1283E+00   1.8597E-06  1.0000
   8.1283E+00   8.7096E+00   0.0000E+00  0.0000
   8.7096E+00   9.3325E+00   0.0000E+00  0.0000
   9.3325E+00   1.0000E+01   2.7112E-06  1.0000

#   sum over                 9.7355E-05  0.2404

'no. =  8,  reg  =   2500'
msuc: {\huge [t-track] in region mesh}
msdr: {\it plotted by \ANGEL \version}
msdl: {\it calculated by \PHITS  3.36}
wt: s(0.7)
\vspace{-3}
   vol  &=&   3.2549E+01 [cm^3]
e:

#------------------------------------------------------------------------------
 newpage:
#   no. =  9   reg =   2700

x: Energy [MeV/n]
y: Flux [1/cm^2/source]              
p: xlog ylog afac(0.8) form(0.9)
h: n            x            y(photon  ),hh0l n  
#  e-lower      e-upper        photon    r.err 
   1.0000E-02   1.0715E-02   0.0000E+00  0.0000
   1.0715E-02   1.1482E-02   0.0000E+00  0.0000
   1.1482E-02   1.2303E-02   0.0000E+00  0.0000
   1.2303E-02   1.3183E-02   0.0000E+00  0.0000
   1.3183E-02   1.4125E-02   0.0000E+00  0.0000
   1.4125E-02   1.5136E-02   0.0000E+00  0.0000
   1.5136E-02   1.6218E-02   0.0000E+00  0.0000
   1.6218E-02   1.7378E-02   0.0000E+00  0.0000
   1.7378E-02   1.8621E-02   0.0000E+00  0.0000
   1.8621E-02   1.9953E-02   0.0000E+00  0.0000
   1.9953E-02   2.1380E-02   0.0000E+00  0.0000
   2.1380E-02   2.2909E-02   0.0000E+00  0.0000
   2.2909E-02   2.4547E-02   0.0000E+00  0.0000
   2.4547E-02   2.6303E-02   0.0000E+00  0.0000
   2.6303E-02   2.8184E-02   0.0000E+00  0.0000
   2.8184E-02   3.0200E-02   0.0000E+00  0.0000
   3.0200E-02   3.2359E-02   0.0000E+00  0.0000
   3.2359E-02   3.4674E-02   0.0000E+00  0.0000
   3.4674E-02   3.7154E-02   0.0000E+00  0.0000
   3.7154E-02   3.9811E-02   0.0000E+00  0.0000
   3.9811E-02   4.2658E-02   0.0000E+00  0.0000
   4.2658E-02   4.5709E-02   0.0000E+00  0.0000
   4.5709E-02   4.8978E-02   0.0000E+00  0.0000
   4.8978E-02   5.2481E-02   1.6631E-07  1.0000
   5.2481E-02   5.6234E-02   0.0000E+00  0.0000
   5.6234E-02   6.0256E-02   0.0000E+00  0.0000
   6.0256E-02   6.4565E-02   1.9884E-07  1.0000
   6.4565E-02   6.9183E-02   1.8756E-06  1.0000
   6.9183E-02   7.4131E-02   1.2532E-07  1.0000
   7.4131E-02   7.9433E-02   8.9211E-07  1.0000
   7.9433E-02   8.5114E-02   5.3592E-07  1.0000
   8.5114E-02   9.1201E-02   0.0000E+00  0.0000
   9.1201E-02   9.7724E-02   0.0000E+00  0.0000
   9.7724E-02   1.0471E-01   5.9872E-07  0.5983
   1.0471E-01   1.1220E-01   1.2359E-07  1.0000
   1.1220E-01   1.2023E-01   0.0000E+00  0.0000
   1.2023E-01   1.2882E-01   3.8895E-07  1.0000
   1.2882E-01   1.3804E-01   2.4723E-07  1.0000
   1.3804E-01   1.4791E-01   0.0000E+00  0.0000
   1.4791E-01   1.5849E-01   6.0326E-07  0.6056
   1.5849E-01   1.6982E-01   0.0000E+00  0.0000
   1.6982E-01   1.8197E-01   1.0294E-07  1.0000
   1.8197E-01   1.9498E-01   0.0000E+00  0.0000
   1.9498E-01   2.0893E-01   0.0000E+00  0.0000
   2.0893E-01   2.2387E-01   6.6454E-07  1.0000
   2.2387E-01   2.3988E-01   0.0000E+00  0.0000
   2.3988E-01   2.5704E-01   2.8045E-07  1.0000
   2.5704E-01   2.7542E-01   0.0000E+00  0.0000
   2.7542E-01   2.9512E-01   3.1904E-07  1.0000
   2.9512E-01   3.1623E-01   3.5783E-07  0.5880
   3.1623E-01   3.3884E-01   2.2889E-07  0.7126
   3.3884E-01   3.6308E-01   7.1669E-07  1.0000
   3.6308E-01   3.8905E-01   0.0000E+00  0.0000
   3.8905E-01   4.1687E-01   2.0234E-07  1.0000
   4.1687E-01   4.4668E-01   5.9371E-07  0.6116
   4.4668E-01   4.7863E-01   9.0608E-07  0.6916
   4.7863E-01   5.1286E-01   3.2120E-06  0.4597
   5.1286E-01   5.4954E-01   0.0000E+00  0.0000
   5.4954E-01   5.8884E-01   8.5898E-07  0.7078
   5.8884E-01   6.3096E-01   0.0000E+00  0.0000
   6.3096E-01   6.7608E-01   0.0000E+00  0.0000
   6.7608E-01   7.2444E-01   0.0000E+00  0.0000
   7.2444E-01   7.7625E-01   1.2063E-06  0.7304
   7.7625E-01   8.3176E-01   0.0000E+00  0.0000
   8.3176E-01   8.9125E-01   2.4055E-07  1.0000
   8.9125E-01   9.5499E-01   2.6002E-07  0.7235
   9.5499E-01   1.0233E+00   0.0000E+00  0.0000
   1.0233E+00   1.0965E+00   7.8308E-07  1.0000
   1.0965E+00   1.1749E+00   1.9461E-07  1.0000
   1.1749E+00   1.2589E+00   1.4039E-07  1.0000
   1.2589E+00   1.3490E+00   8.1277E-07  0.7984
   1.3490E+00   1.4454E+00   0.0000E+00  0.0000
   1.4454E+00   1.5488E+00   1.8015E-07  1.0000
   1.5488E+00   1.6596E+00   4.5531E-07  0.7218
   1.6596E+00   1.7783E+00   0.0000E+00  0.0000
   1.7783E+00   1.9055E+00   0.0000E+00  0.0000
   1.9055E+00   2.0417E+00   4.5859E-07  1.0000
   2.0417E+00   2.1878E+00   6.8573E-07  0.7830
   2.1878E+00   2.3442E+00   0.0000E+00  0.0000
   2.3442E+00   2.5119E+00   8.9333E-07  0.7103
   2.5119E+00   2.6915E+00   0.0000E+00  0.0000
   2.6915E+00   2.8840E+00   4.0846E-07  1.0000
   2.8840E+00   3.0903E+00   1.2098E-07  1.0000
   3.0903E+00   3.3113E+00   0.0000E+00  0.0000
   3.3113E+00   3.5481E+00   1.0340E-06  0.7094
   3.5481E+00   3.8019E+00   0.0000E+00  0.0000
   3.8019E+00   4.0738E+00   4.2996E-07  1.0000
   4.0738E+00   4.3652E+00   0.0000E+00  0.0000
   4.3652E+00   4.6774E+00   2.6137E-07  1.0000
   4.6774E+00   5.0119E+00   5.1029E-07  1.0000
   5.0119E+00   5.3703E+00   0.0000E+00  0.0000
   5.3703E+00   5.7544E+00   0.0000E+00  0.0000
   5.7544E+00   6.1660E+00   0.0000E+00  0.0000
   6.1660E+00   6.6069E+00   1.6150E-07  1.0000
   6.6069E+00   7.0795E+00   6.3428E-07  0.7927
   7.0795E+00   7.5858E+00   6.7787E-07  1.0000
   7.5858E+00   8.1283E+00   2.0593E-07  1.0000
   8.1283E+00   8.7096E+00   8.6542E-07  0.7352
   8.7096E+00   9.3325E+00   1.0277E-06  0.7561
   9.3325E+00   1.0000E+01   4.0516E-07  1.0000

#   sum over                 2.7253E-05  0.1753

'no. =  9,  reg  =   2700'
msuc: {\huge [t-track] in region mesh}
msdr: {\it plotted by \ANGEL \version}
msdl: {\it calculated by \PHITS  3.36}
wt: s(0.7)
\vspace{-3}
   vol  &=&   3.1255E+02 [cm^3]
e:

#------------------------------------------------------------------------------
 newpage:
#   no. = 10   reg =   2900

x: Energy [MeV/n]
y: Flux [1/cm^2/source]              
p: xlog ylog afac(0.8) form(0.9)
h: n            x            y(photon  ),hh0l n  
#  e-lower      e-upper        photon    r.err 
   1.0000E-02   1.0715E-02   0.0000E+00  0.0000
   1.0715E-02   1.1482E-02   0.0000E+00  0.0000
   1.1482E-02   1.2303E-02   0.0000E+00  0.0000
   1.2303E-02   1.3183E-02   0.0000E+00  0.0000
   1.3183E-02   1.4125E-02   0.0000E+00  0.0000
   1.4125E-02   1.5136E-02   0.0000E+00  0.0000
   1.5136E-02   1.6218E-02   0.0000E+00  0.0000
   1.6218E-02   1.7378E-02   0.0000E+00  0.0000
   1.7378E-02   1.8621E-02   0.0000E+00  0.0000
   1.8621E-02   1.9953E-02   0.0000E+00  0.0000
   1.9953E-02   2.1380E-02   0.0000E+00  0.0000
   2.1380E-02   2.2909E-02   0.0000E+00  0.0000
   2.2909E-02   2.4547E-02   0.0000E+00  0.0000
   2.4547E-02   2.6303E-02   0.0000E+00  0.0000
   2.6303E-02   2.8184E-02   0.0000E+00  0.0000
   2.8184E-02   3.0200E-02   0.0000E+00  0.0000
   3.0200E-02   3.2359E-02   0.0000E+00  0.0000
   3.2359E-02   3.4674E-02   0.0000E+00  0.0000
   3.4674E-02   3.7154E-02   0.0000E+00  0.0000
   3.7154E-02   3.9811E-02   0.0000E+00  0.0000
   3.9811E-02   4.2658E-02   0.0000E+00  0.0000
   4.2658E-02   4.5709E-02   0.0000E+00  0.0000
   4.5709E-02   4.8978E-02   9.1542E-07  1.0000
   4.8978E-02   5.2481E-02   1.3490E-06  1.0000
   5.2481E-02   5.6234E-02   1.5921E-06  1.0000
   5.6234E-02   6.0256E-02   0.0000E+00  0.0000
   6.0256E-02   6.4565E-02   0.0000E+00  0.0000
   6.4565E-02   6.9183E-02   0.0000E+00  0.0000
   6.9183E-02   7.4131E-02   0.0000E+00  0.0000
   7.4131E-02   7.9433E-02   1.2045E-06  1.0000
   7.9433E-02   8.5114E-02   0.0000E+00  0.0000
   8.5114E-02   9.1201E-02   0.0000E+00  0.0000
   9.1201E-02   9.7724E-02   0.0000E+00  0.0000
   9.7724E-02   1.0471E-01   1.2452E-06  1.0000
   1.0471E-01   1.1220E-01   2.8864E-06  0.7302
   1.1220E-01   1.2023E-01   0.0000E+00  0.0000
   1.2023E-01   1.2882E-01   3.7570E-07  1.0000
   1.2882E-01   1.3804E-01   0.0000E+00  0.0000
   1.3804E-01   1.4791E-01   4.2581E-07  1.0000
   1.4791E-01   1.5849E-01   0.0000E+00  0.0000
   1.5849E-01   1.6982E-01   1.2879E-07  1.0000
   1.6982E-01   1.8197E-01   0.0000E+00  0.0000
   1.8197E-01   1.9498E-01   0.0000E+00  0.0000
   1.9498E-01   2.0893E-01   1.4641E-06  0.9740
   2.0893E-01   2.2387E-01   1.1243E-06  0.9273
   2.2387E-01   2.3988E-01   0.0000E+00  0.0000
   2.3988E-01   2.5704E-01   2.7015E-06  1.0000
   2.5704E-01   2.7542E-01   1.6439E-06  0.7298
   2.7542E-01   2.9512E-01   0.0000E+00  0.0000
   2.9512E-01   3.1623E-01   8.9531E-08  1.0000
   3.1623E-01   3.3884E-01   0.0000E+00  0.0000
   3.3884E-01   3.6308E-01   0.0000E+00  0.0000
   3.6308E-01   3.8905E-01   8.6709E-07  1.0000
   3.8905E-01   4.1687E-01   0.0000E+00  0.0000
   4.1687E-01   4.4668E-01   0.0000E+00  0.0000
   4.4668E-01   4.7863E-01   0.0000E+00  0.0000
   4.7863E-01   5.1286E-01   4.7974E-06  0.6500
   5.1286E-01   5.4954E-01   2.1473E-07  1.0000
   5.4954E-01   5.8884E-01   0.0000E+00  0.0000
   5.8884E-01   6.3096E-01   6.2748E-07  1.0000
   6.3096E-01   6.7608E-01   0.0000E+00  0.0000
   6.7608E-01   7.2444E-01   0.0000E+00  0.0000
   7.2444E-01   7.7625E-01   0.0000E+00  0.0000
   7.7625E-01   8.3176E-01   0.0000E+00  0.0000
   8.3176E-01   8.9125E-01   0.0000E+00  0.0000
   8.9125E-01   9.5499E-01   0.0000E+00  0.0000
   9.5499E-01   1.0233E+00   0.0000E+00  0.0000
   1.0233E+00   1.0965E+00   0.0000E+00  0.0000
   1.0965E+00   1.1749E+00   0.0000E+00  0.0000
   1.1749E+00   1.2589E+00   0.0000E+00  0.0000
   1.2589E+00   1.3490E+00   0.0000E+00  0.0000
   1.3490E+00   1.4454E+00   0.0000E+00  0.0000
   1.4454E+00   1.5488E+00   0.0000E+00  0.0000
   1.5488E+00   1.6596E+00   1.4432E-06  0.7397
   1.6596E+00   1.7783E+00   0.0000E+00  0.0000
   1.7783E+00   1.9055E+00   0.0000E+00  0.0000
   1.9055E+00   2.0417E+00   1.3828E-06  1.0000
   2.0417E+00   2.1878E+00   0.0000E+00  0.0000
   2.1878E+00   2.3442E+00   0.0000E+00  0.0000
   2.3442E+00   2.5119E+00   0.0000E+00  0.0000
   2.5119E+00   2.6915E+00   0.0000E+00  0.0000
   2.6915E+00   2.8840E+00   1.2480E-07  1.0000
   2.8840E+00   3.0903E+00   0.0000E+00  0.0000
   3.0903E+00   3.3113E+00   1.2957E-06  1.0000
   3.3113E+00   3.5481E+00   1.8700E-06  1.0000
   3.5481E+00   3.8019E+00   1.5229E-06  1.0000
   3.8019E+00   4.0738E+00   0.0000E+00  0.0000
   4.0738E+00   4.3652E+00   0.0000E+00  0.0000
   4.3652E+00   4.6774E+00   0.0000E+00  0.0000
   4.6774E+00   5.0119E+00   0.0000E+00  0.0000
   5.0119E+00   5.3703E+00   0.0000E+00  0.0000
   5.3703E+00   5.7544E+00   0.0000E+00  0.0000
   5.7544E+00   6.1660E+00   0.0000E+00  0.0000
   6.1660E+00   6.6069E+00   0.0000E+00  0.0000
   6.6069E+00   7.0795E+00   0.0000E+00  0.0000
   7.0795E+00   7.5858E+00   0.0000E+00  0.0000
   7.5858E+00   8.1283E+00   1.3927E-06  1.0000
   8.1283E+00   8.7096E+00   0.0000E+00  0.0000
   8.7096E+00   9.3325E+00   0.0000E+00  0.0000
   9.3325E+00   1.0000E+01   0.0000E+00  0.0000

#   sum over                 3.2685E-05  0.2321

'no. = 10,  reg  =   2900'
msuc: {\huge [t-track] in region mesh}
msdr: {\it plotted by \ANGEL \version}
msdl: {\it calculated by \PHITS  3.36}
wt: s(0.7)
\vspace{-3}
   vol  &=&   2.2257E+02 [cm^3]
e:

#------------------------------------------------------------------------------
 newpage:
#   no. = 11   reg =   3000

x: Energy [MeV/n]
y: Flux [1/cm^2/source]              
p: xlog ylog afac(0.8) form(0.9)
h: n            x            y(photon  ),hh0l n  
#  e-lower      e-upper        photon    r.err 
   1.0000E-02   1.0715E-02   0.0000E+00  0.0000
   1.0715E-02   1.1482E-02   0.0000E+00  0.0000
   1.1482E-02   1.2303E-02   0.0000E+00  0.0000
   1.2303E-02   1.3183E-02   0.0000E+00  0.0000
   1.3183E-02   1.4125E-02   0.0000E+00  0.0000
   1.4125E-02   1.5136E-02   0.0000E+00  0.0000
   1.5136E-02   1.6218E-02   3.6545E-06  1.0000
   1.6218E-02   1.7378E-02   0.0000E+00  0.0000
   1.7378E-02   1.8621E-02   0.0000E+00  0.0000
   1.8621E-02   1.9953E-02   0.0000E+00  0.0000
   1.9953E-02   2.1380E-02   0.0000E+00  0.0000
   2.1380E-02   2.2909E-02   0.0000E+00  0.0000
   2.2909E-02   2.4547E-02   0.0000E+00  0.0000
   2.4547E-02   2.6303E-02   0.0000E+00  0.0000
   2.6303E-02   2.8184E-02   0.0000E+00  0.0000
   2.8184E-02   3.0200E-02   3.7083E-06  1.0000
   3.0200E-02   3.2359E-02   0.0000E+00  0.0000
   3.2359E-02   3.4674E-02   0.0000E+00  0.0000
   3.4674E-02   3.7154E-02   0.0000E+00  0.0000
   3.7154E-02   3.9811E-02   0.0000E+00  0.0000
   3.9811E-02   4.2658E-02   0.0000E+00  0.0000
   4.2658E-02   4.5709E-02   0.0000E+00  0.0000
   4.5709E-02   4.8978E-02   0.0000E+00  0.0000
   4.8978E-02   5.2481E-02   0.0000E+00  0.0000
   5.2481E-02   5.6234E-02   0.0000E+00  0.0000
   5.6234E-02   6.0256E-02   0.0000E+00  0.0000
   6.0256E-02   6.4565E-02   4.5707E-06  1.0000
   6.4565E-02   6.9183E-02   0.0000E+00  0.0000
   6.9183E-02   7.4131E-02   0.0000E+00  0.0000
   7.4131E-02   7.9433E-02   0.0000E+00  0.0000
   7.9433E-02   8.5114E-02   0.0000E+00  0.0000
   8.5114E-02   9.1201E-02   0.0000E+00  0.0000
   9.1201E-02   9.7724E-02   0.0000E+00  0.0000
   9.7724E-02   1.0471E-01   3.3324E-06  1.0000
   1.0471E-01   1.1220E-01   0.0000E+00  0.0000
   1.1220E-01   1.2023E-01   0.0000E+00  0.0000
   1.2023E-01   1.2882E-01   0.0000E+00  0.0000
   1.2882E-01   1.3804E-01   0.0000E+00  0.0000
   1.3804E-01   1.4791E-01   4.6845E-06  1.0000
   1.4791E-01   1.5849E-01   0.0000E+00  0.0000
   1.5849E-01   1.6982E-01   0.0000E+00  0.0000
   1.6982E-01   1.8197E-01   3.6270E-06  1.0000
   1.8197E-01   1.9498E-01   0.0000E+00  0.0000
   1.9498E-01   2.0893E-01   0.0000E+00  0.0000
   2.0893E-01   2.2387E-01   0.0000E+00  0.0000
   2.2387E-01   2.3988E-01   1.9558E-06  1.0000
   2.3988E-01   2.5704E-01   0.0000E+00  0.0000
   2.5704E-01   2.7542E-01   0.0000E+00  0.0000
   2.7542E-01   2.9512E-01   0.0000E+00  0.0000
   2.9512E-01   3.1623E-01   0.0000E+00  0.0000
   3.1623E-01   3.3884E-01   0.0000E+00  0.0000
   3.3884E-01   3.6308E-01   0.0000E+00  0.0000
   3.6308E-01   3.8905E-01   0.0000E+00  0.0000
   3.8905E-01   4.1687E-01   0.0000E+00  0.0000
   4.1687E-01   4.4668E-01   0.0000E+00  0.0000
   4.4668E-01   4.7863E-01   0.0000E+00  0.0000
   4.7863E-01   5.1286E-01   7.7800E-07  1.0000
   5.1286E-01   5.4954E-01   0.0000E+00  0.0000
   5.4954E-01   5.8884E-01   0.0000E+00  0.0000
   5.8884E-01   6.3096E-01   0.0000E+00  0.0000
   6.3096E-01   6.7608E-01   0.0000E+00  0.0000
   6.7608E-01   7.2444E-01   0.0000E+00  0.0000
   7.2444E-01   7.7625E-01   0.0000E+00  0.0000
   7.7625E-01   8.3176E-01   0.0000E+00  0.0000
   8.3176E-01   8.9125E-01   0.0000E+00  0.0000
   8.9125E-01   9.5499E-01   0.0000E+00  0.0000
   9.5499E-01   1.0233E+00   0.0000E+00  0.0000
   1.0233E+00   1.0965E+00   0.0000E+00  0.0000
   1.0965E+00   1.1749E+00   0.0000E+00  0.0000
   1.1749E+00   1.2589E+00   0.0000E+00  0.0000
   1.2589E+00   1.3490E+00   0.0000E+00  0.0000
   1.3490E+00   1.4454E+00   0.0000E+00  0.0000
   1.4454E+00   1.5488E+00   0.0000E+00  0.0000
   1.5488E+00   1.6596E+00   0.0000E+00  0.0000
   1.6596E+00   1.7783E+00   0.0000E+00  0.0000
   1.7783E+00   1.9055E+00   0.0000E+00  0.0000
   1.9055E+00   2.0417E+00   0.0000E+00  0.0000
   2.0417E+00   2.1878E+00   0.0000E+00  0.0000
   2.1878E+00   2.3442E+00   0.0000E+00  0.0000
   2.3442E+00   2.5119E+00   0.0000E+00  0.0000
   2.5119E+00   2.6915E+00   0.0000E+00  0.0000
   2.6915E+00   2.8840E+00   4.9382E-06  1.0000
   2.8840E+00   3.0903E+00   0.0000E+00  0.0000
   3.0903E+00   3.3113E+00   0.0000E+00  0.0000
   3.3113E+00   3.5481E+00   0.0000E+00  0.0000
   3.5481E+00   3.8019E+00   0.0000E+00  0.0000
   3.8019E+00   4.0738E+00   0.0000E+00  0.0000
   4.0738E+00   4.3652E+00   0.0000E+00  0.0000
   4.3652E+00   4.6774E+00   0.0000E+00  0.0000
   4.6774E+00   5.0119E+00   0.0000E+00  0.0000
   5.0119E+00   5.3703E+00   0.0000E+00  0.0000
   5.3703E+00   5.7544E+00   0.0000E+00  0.0000
   5.7544E+00   6.1660E+00   0.0000E+00  0.0000
   6.1660E+00   6.6069E+00   0.0000E+00  0.0000
   6.6069E+00   7.0795E+00   0.0000E+00  0.0000
   7.0795E+00   7.5858E+00   0.0000E+00  0.0000
   7.5858E+00   8.1283E+00   0.0000E+00  0.0000
   8.1283E+00   8.7096E+00   0.0000E+00  0.0000
   8.7096E+00   9.3325E+00   0.0000E+00  0.0000
   9.3325E+00   1.0000E+01   0.0000E+00  0.0000

#   sum over                 3.1249E-05  0.4224

'no. = 11,  reg  =   3000'
msuc: {\huge [t-track] in region mesh}
msdr: {\it plotted by \ANGEL \version}
msdl: {\it calculated by \PHITS  3.36}
wt: s(0.7)
\vspace{-3}
   vol  &=&   4.0282E+01 [cm^3]
e:

#------------------------------------------------------------------------------
 newpage:
#   no. = 12   reg =   3200

x: Energy [MeV/n]
y: Flux [1/cm^2/source]              
p: xlog ylog afac(0.8) form(0.9)
h: n            x            y(photon  ),hh0l n  
#  e-lower      e-upper        photon    r.err 
   1.0000E-02   1.0715E-02   0.0000E+00  0.0000
   1.0715E-02   1.1482E-02   0.0000E+00  0.0000
   1.1482E-02   1.2303E-02   0.0000E+00  0.0000
   1.2303E-02   1.3183E-02   0.0000E+00  0.0000
   1.3183E-02   1.4125E-02   0.0000E+00  0.0000
   1.4125E-02   1.5136E-02   0.0000E+00  0.0000
   1.5136E-02   1.6218E-02   0.0000E+00  0.0000
   1.6218E-02   1.7378E-02   0.0000E+00  0.0000
   1.7378E-02   1.8621E-02   0.0000E+00  0.0000
   1.8621E-02   1.9953E-02   0.0000E+00  0.0000
   1.9953E-02   2.1380E-02   0.0000E+00  0.0000
   2.1380E-02   2.2909E-02   0.0000E+00  0.0000
   2.2909E-02   2.4547E-02   0.0000E+00  0.0000
   2.4547E-02   2.6303E-02   0.0000E+00  0.0000
   2.6303E-02   2.8184E-02   0.0000E+00  0.0000
   2.8184E-02   3.0200E-02   7.5185E-07  1.0000
   3.0200E-02   3.2359E-02   0.0000E+00  0.0000
   3.2359E-02   3.4674E-02   0.0000E+00  0.0000
   3.4674E-02   3.7154E-02   0.0000E+00  0.0000
   3.7154E-02   3.9811E-02   0.0000E+00  0.0000
   3.9811E-02   4.2658E-02   0.0000E+00  0.0000
   4.2658E-02   4.5709E-02   0.0000E+00  0.0000
   4.5709E-02   4.8978E-02   0.0000E+00  0.0000
   4.8978E-02   5.2481E-02   0.0000E+00  0.0000
   5.2481E-02   5.6234E-02   0.0000E+00  0.0000
   5.6234E-02   6.0256E-02   0.0000E+00  0.0000
   6.0256E-02   6.4565E-02   0.0000E+00  0.0000
   6.4565E-02   6.9183E-02   0.0000E+00  0.0000
   6.9183E-02   7.4131E-02   0.0000E+00  0.0000
   7.4131E-02   7.9433E-02   0.0000E+00  0.0000
   7.9433E-02   8.5114E-02   0.0000E+00  0.0000
   8.5114E-02   9.1201E-02   0.0000E+00  0.0000
   9.1201E-02   9.7724E-02   0.0000E+00  0.0000
   9.7724E-02   1.0471E-01   0.0000E+00  0.0000
   1.0471E-01   1.1220E-01   0.0000E+00  0.0000
   1.1220E-01   1.2023E-01   0.0000E+00  0.0000
   1.2023E-01   1.2882E-01   0.0000E+00  0.0000
   1.2882E-01   1.3804E-01   0.0000E+00  0.0000
   1.3804E-01   1.4791E-01   0.0000E+00  0.0000
   1.4791E-01   1.5849E-01   0.0000E+00  0.0000
   1.5849E-01   1.6982E-01   0.0000E+00  0.0000
   1.6982E-01   1.8197E-01   0.0000E+00  0.0000
   1.8197E-01   1.9498E-01   0.0000E+00  0.0000
   1.9498E-01   2.0893E-01   0.0000E+00  0.0000
   2.0893E-01   2.2387E-01   0.0000E+00  0.0000
   2.2387E-01   2.3988E-01   0.0000E+00  0.0000
   2.3988E-01   2.5704E-01   0.0000E+00  0.0000
   2.5704E-01   2.7542E-01   0.0000E+00  0.0000
   2.7542E-01   2.9512E-01   0.0000E+00  0.0000
   2.9512E-01   3.1623E-01   0.0000E+00  0.0000
   3.1623E-01   3.3884E-01   0.0000E+00  0.0000
   3.3884E-01   3.6308E-01   0.0000E+00  0.0000
   3.6308E-01   3.8905E-01   0.0000E+00  0.0000
   3.8905E-01   4.1687E-01   0.0000E+00  0.0000
   4.1687E-01   4.4668E-01   0.0000E+00  0.0000
   4.4668E-01   4.7863E-01   0.0000E+00  0.0000
   4.7863E-01   5.1286E-01   0.0000E+00  0.0000
   5.1286E-01   5.4954E-01   0.0000E+00  0.0000
   5.4954E-01   5.8884E-01   0.0000E+00  0.0000
   5.8884E-01   6.3096E-01   0.0000E+00  0.0000
   6.3096E-01   6.7608E-01   0.0000E+00  0.0000
   6.7608E-01   7.2444E-01   0.0000E+00  0.0000
   7.2444E-01   7.7625E-01   0.0000E+00  0.0000
   7.7625E-01   8.3176E-01   0.0000E+00  0.0000
   8.3176E-01   8.9125E-01   0.0000E+00  0.0000
   8.9125E-01   9.5499E-01   0.0000E+00  0.0000
   9.5499E-01   1.0233E+00   0.0000E+00  0.0000
   1.0233E+00   1.0965E+00   0.0000E+00  0.0000
   1.0965E+00   1.1749E+00   0.0000E+00  0.0000
   1.1749E+00   1.2589E+00   0.0000E+00  0.0000
   1.2589E+00   1.3490E+00   0.0000E+00  0.0000
   1.3490E+00   1.4454E+00   0.0000E+00  0.0000
   1.4454E+00   1.5488E+00   0.0000E+00  0.0000
   1.5488E+00   1.6596E+00   0.0000E+00  0.0000
   1.6596E+00   1.7783E+00   0.0000E+00  0.0000
   1.7783E+00   1.9055E+00   0.0000E+00  0.0000
   1.9055E+00   2.0417E+00   0.0000E+00  0.0000
   2.0417E+00   2.1878E+00   0.0000E+00  0.0000
   2.1878E+00   2.3442E+00   0.0000E+00  0.0000
   2.3442E+00   2.5119E+00   0.0000E+00  0.0000
   2.5119E+00   2.6915E+00   1.6175E-06  1.0000
   2.6915E+00   2.8840E+00   0.0000E+00  0.0000
   2.8840E+00   3.0903E+00   0.0000E+00  0.0000
   3.0903E+00   3.3113E+00   0.0000E+00  0.0000
   3.3113E+00   3.5481E+00   0.0000E+00  0.0000
   3.5481E+00   3.8019E+00   0.0000E+00  0.0000
   3.8019E+00   4.0738E+00   0.0000E+00  0.0000
   4.0738E+00   4.3652E+00   0.0000E+00  0.0000
   4.3652E+00   4.6774E+00   0.0000E+00  0.0000
   4.6774E+00   5.0119E+00   0.0000E+00  0.0000
   5.0119E+00   5.3703E+00   0.0000E+00  0.0000
   5.3703E+00   5.7544E+00   0.0000E+00  0.0000
   5.7544E+00   6.1660E+00   0.0000E+00  0.0000
   6.1660E+00   6.6069E+00   0.0000E+00  0.0000
   6.6069E+00   7.0795E+00   0.0000E+00  0.0000
   7.0795E+00   7.5858E+00   0.0000E+00  0.0000
   7.5858E+00   8.1283E+00   0.0000E+00  0.0000
   8.1283E+00   8.7096E+00   0.0000E+00  0.0000
   8.7096E+00   9.3325E+00   0.0000E+00  0.0000
   9.3325E+00   1.0000E+01   0.0000E+00  0.0000

#   sum over                 2.3693E-06  0.7528

'no. = 12,  reg  =   3200'
msuc: {\huge [t-track] in region mesh}
msdr: {\it plotted by \ANGEL \version}
msdl: {\it calculated by \PHITS  3.36}
wt: s(0.7)
\vspace{-3}
   vol  &=&   1.4891E+02 [cm^3]
e:

#------------------------------------------------------------------------------
 newpage:
#   no. = 13   reg =   3300

x: Energy [MeV/n]
y: Flux [1/cm^2/source]              
p: xlog ylog afac(0.8) form(0.9)
h: n            x            y(photon  ),hh0l n  
#  e-lower      e-upper        photon    r.err 
   1.0000E-02   1.0715E-02   0.0000E+00  0.0000
   1.0715E-02   1.1482E-02   0.0000E+00  0.0000
   1.1482E-02   1.2303E-02   0.0000E+00  0.0000
   1.2303E-02   1.3183E-02   0.0000E+00  0.0000
   1.3183E-02   1.4125E-02   0.0000E+00  0.0000
   1.4125E-02   1.5136E-02   0.0000E+00  0.0000
   1.5136E-02   1.6218E-02   0.0000E+00  0.0000
   1.6218E-02   1.7378E-02   0.0000E+00  0.0000
   1.7378E-02   1.8621E-02   0.0000E+00  0.0000
   1.8621E-02   1.9953E-02   0.0000E+00  0.0000
   1.9953E-02   2.1380E-02   0.0000E+00  0.0000
   2.1380E-02   2.2909E-02   0.0000E+00  0.0000
   2.2909E-02   2.4547E-02   0.0000E+00  0.0000
   2.4547E-02   2.6303E-02   0.0000E+00  0.0000
   2.6303E-02   2.8184E-02   0.0000E+00  0.0000
   2.8184E-02   3.0200E-02   0.0000E+00  0.0000
   3.0200E-02   3.2359E-02   0.0000E+00  0.0000
   3.2359E-02   3.4674E-02   0.0000E+00  0.0000
   3.4674E-02   3.7154E-02   0.0000E+00  0.0000
   3.7154E-02   3.9811E-02   0.0000E+00  0.0000
   3.9811E-02   4.2658E-02   0.0000E+00  0.0000
   4.2658E-02   4.5709E-02   0.0000E+00  0.0000
   4.5709E-02   4.8978E-02   0.0000E+00  0.0000
   4.8978E-02   5.2481E-02   0.0000E+00  0.0000
   5.2481E-02   5.6234E-02   0.0000E+00  0.0000
   5.6234E-02   6.0256E-02   0.0000E+00  0.0000
   6.0256E-02   6.4565E-02   0.0000E+00  0.0000
   6.4565E-02   6.9183E-02   0.0000E+00  0.0000
   6.9183E-02   7.4131E-02   2.1612E-06  1.0000
   7.4131E-02   7.9433E-02   0.0000E+00  0.0000
   7.9433E-02   8.5114E-02   0.0000E+00  0.0000
   8.5114E-02   9.1201E-02   0.0000E+00  0.0000
   9.1201E-02   9.7724E-02   0.0000E+00  0.0000
   9.7724E-02   1.0471E-01   0.0000E+00  0.0000
   1.0471E-01   1.1220E-01   0.0000E+00  0.0000
   1.1220E-01   1.2023E-01   0.0000E+00  0.0000
   1.2023E-01   1.2882E-01   0.0000E+00  0.0000
   1.2882E-01   1.3804E-01   0.0000E+00  0.0000
   1.3804E-01   1.4791E-01   0.0000E+00  0.0000
   1.4791E-01   1.5849E-01   0.0000E+00  0.0000
   1.5849E-01   1.6982E-01   6.7765E-07  1.0000
   1.6982E-01   1.8197E-01   2.8430E-07  1.0000
   1.8197E-01   1.9498E-01   0.0000E+00  0.0000
   1.9498E-01   2.0893E-01   3.5391E-06  1.0000
   2.0893E-01   2.2387E-01   0.0000E+00  0.0000
   2.2387E-01   2.3988E-01   0.0000E+00  0.0000
   2.3988E-01   2.5704E-01   0.0000E+00  0.0000
   2.5704E-01   2.7542E-01   9.6090E-07  1.0000
   2.7542E-01   2.9512E-01   0.0000E+00  0.0000
   2.9512E-01   3.1623E-01   0.0000E+00  0.0000
   3.1623E-01   3.3884E-01   0.0000E+00  0.0000
   3.3884E-01   3.6308E-01   0.0000E+00  0.0000
   3.6308E-01   3.8905E-01   0.0000E+00  0.0000
   3.8905E-01   4.1687E-01   0.0000E+00  0.0000
   4.1687E-01   4.4668E-01   0.0000E+00  0.0000
   4.4668E-01   4.7863E-01   0.0000E+00  0.0000
   4.7863E-01   5.1286E-01   2.8442E-06  1.0000
   5.1286E-01   5.4954E-01   0.0000E+00  0.0000
   5.4954E-01   5.8884E-01   0.0000E+00  0.0000
   5.8884E-01   6.3096E-01   0.0000E+00  0.0000
   6.3096E-01   6.7608E-01   0.0000E+00  0.0000
   6.7608E-01   7.2444E-01   0.0000E+00  0.0000
   7.2444E-01   7.7625E-01   0.0000E+00  0.0000
   7.7625E-01   8.3176E-01   0.0000E+00  0.0000
   8.3176E-01   8.9125E-01   0.0000E+00  0.0000
   8.9125E-01   9.5499E-01   0.0000E+00  0.0000
   9.5499E-01   1.0233E+00   0.0000E+00  0.0000
   1.0233E+00   1.0965E+00   0.0000E+00  0.0000
   1.0965E+00   1.1749E+00   0.0000E+00  0.0000
   1.1749E+00   1.2589E+00   0.0000E+00  0.0000
   1.2589E+00   1.3490E+00   0.0000E+00  0.0000
   1.3490E+00   1.4454E+00   0.0000E+00  0.0000
   1.4454E+00   1.5488E+00   0.0000E+00  0.0000
   1.5488E+00   1.6596E+00   0.0000E+00  0.0000
   1.6596E+00   1.7783E+00   0.0000E+00  0.0000
   1.7783E+00   1.9055E+00   0.0000E+00  0.0000
   1.9055E+00   2.0417E+00   0.0000E+00  0.0000
   2.0417E+00   2.1878E+00   0.0000E+00  0.0000
   2.1878E+00   2.3442E+00   0.0000E+00  0.0000
   2.3442E+00   2.5119E+00   0.0000E+00  0.0000
   2.5119E+00   2.6915E+00   0.0000E+00  0.0000
   2.6915E+00   2.8840E+00   0.0000E+00  0.0000
   2.8840E+00   3.0903E+00   0.0000E+00  0.0000
   3.0903E+00   3.3113E+00   0.0000E+00  0.0000
   3.3113E+00   3.5481E+00   0.0000E+00  0.0000
   3.5481E+00   3.8019E+00   0.0000E+00  0.0000
   3.8019E+00   4.0738E+00   0.0000E+00  0.0000
   4.0738E+00   4.3652E+00   0.0000E+00  0.0000
   4.3652E+00   4.6774E+00   0.0000E+00  0.0000
   4.6774E+00   5.0119E+00   0.0000E+00  0.0000
   5.0119E+00   5.3703E+00   0.0000E+00  0.0000
   5.3703E+00   5.7544E+00   0.0000E+00  0.0000
   5.7544E+00   6.1660E+00   0.0000E+00  0.0000
   6.1660E+00   6.6069E+00   0.0000E+00  0.0000
   6.6069E+00   7.0795E+00   0.0000E+00  0.0000
   7.0795E+00   7.5858E+00   0.0000E+00  0.0000
   7.5858E+00   8.1283E+00   0.0000E+00  0.0000
   8.1283E+00   8.7096E+00   0.0000E+00  0.0000
   8.7096E+00   9.3325E+00   0.0000E+00  0.0000
   9.3325E+00   1.0000E+01   0.0000E+00  0.0000

#   sum over                 1.0467E-05  0.5238

'no. = 13,  reg  =   3300'
msuc: {\huge [t-track] in region mesh}
msdr: {\it plotted by \ANGEL \version}
msdl: {\it calculated by \PHITS  3.36}
wt: s(0.7)
\vspace{-3}
   vol  &=&   5.7861E+01 [cm^3]
e:

#------------------------------------------------------------------------------
 newpage:
#   no. = 14   reg =   3500

x: Energy [MeV/n]
y: Flux [1/cm^2/source]              
p: xlog ylog afac(0.8) form(0.9)
h: n            x            y(photon  ),hh0l n  
#  e-lower      e-upper        photon    r.err 
   1.0000E-02   1.0715E-02   0.0000E+00  0.0000
   1.0715E-02   1.1482E-02   0.0000E+00  0.0000
   1.1482E-02   1.2303E-02   0.0000E+00  0.0000
   1.2303E-02   1.3183E-02   0.0000E+00  0.0000
   1.3183E-02   1.4125E-02   0.0000E+00  0.0000
   1.4125E-02   1.5136E-02   0.0000E+00  0.0000
   1.5136E-02   1.6218E-02   0.0000E+00  0.0000
   1.6218E-02   1.7378E-02   0.0000E+00  0.0000
   1.7378E-02   1.8621E-02   0.0000E+00  0.0000
   1.8621E-02   1.9953E-02   0.0000E+00  0.0000
   1.9953E-02   2.1380E-02   0.0000E+00  0.0000
   2.1380E-02   2.2909E-02   0.0000E+00  0.0000
   2.2909E-02   2.4547E-02   0.0000E+00  0.0000
   2.4547E-02   2.6303E-02   0.0000E+00  0.0000
   2.6303E-02   2.8184E-02   0.0000E+00  0.0000
   2.8184E-02   3.0200E-02   0.0000E+00  0.0000
   3.0200E-02   3.2359E-02   0.0000E+00  0.0000
   3.2359E-02   3.4674E-02   0.0000E+00  0.0000
   3.4674E-02   3.7154E-02   0.0000E+00  0.0000
   3.7154E-02   3.9811E-02   0.0000E+00  0.0000
   3.9811E-02   4.2658E-02   0.0000E+00  0.0000
   4.2658E-02   4.5709E-02   0.0000E+00  0.0000
   4.5709E-02   4.8978E-02   0.0000E+00  0.0000
   4.8978E-02   5.2481E-02   0.0000E+00  0.0000
   5.2481E-02   5.6234E-02   0.0000E+00  0.0000
   5.6234E-02   6.0256E-02   0.0000E+00  0.0000
   6.0256E-02   6.4565E-02   0.0000E+00  0.0000
   6.4565E-02   6.9183E-02   0.0000E+00  0.0000
   6.9183E-02   7.4131E-02   0.0000E+00  0.0000
   7.4131E-02   7.9433E-02   0.0000E+00  0.0000
   7.9433E-02   8.5114E-02   0.0000E+00  0.0000
   8.5114E-02   9.1201E-02   0.0000E+00  0.0000
   9.1201E-02   9.7724E-02   0.0000E+00  0.0000
   9.7724E-02   1.0471E-01   0.0000E+00  0.0000
   1.0471E-01   1.1220E-01   0.0000E+00  0.0000
   1.1220E-01   1.2023E-01   0.0000E+00  0.0000
   1.2023E-01   1.2882E-01   0.0000E+00  0.0000
   1.2882E-01   1.3804E-01   0.0000E+00  0.0000
   1.3804E-01   1.4791E-01   0.0000E+00  0.0000
   1.4791E-01   1.5849E-01   0.0000E+00  0.0000
   1.5849E-01   1.6982E-01   0.0000E+00  0.0000
   1.6982E-01   1.8197E-01   0.0000E+00  0.0000
   1.8197E-01   1.9498E-01   0.0000E+00  0.0000
   1.9498E-01   2.0893E-01   0.0000E+00  0.0000
   2.0893E-01   2.2387E-01   0.0000E+00  0.0000
   2.2387E-01   2.3988E-01   0.0000E+00  0.0000
   2.3988E-01   2.5704E-01   0.0000E+00  0.0000
   2.5704E-01   2.7542E-01   0.0000E+00  0.0000
   2.7542E-01   2.9512E-01   0.0000E+00  0.0000
   2.9512E-01   3.1623E-01   0.0000E+00  0.0000
   3.1623E-01   3.3884E-01   0.0000E+00  0.0000
   3.3884E-01   3.6308E-01   0.0000E+00  0.0000
   3.6308E-01   3.8905E-01   0.0000E+00  0.0000
   3.8905E-01   4.1687E-01   0.0000E+00  0.0000
   4.1687E-01   4.4668E-01   0.0000E+00  0.0000
   4.4668E-01   4.7863E-01   0.0000E+00  0.0000
   4.7863E-01   5.1286E-01   0.0000E+00  0.0000
   5.1286E-01   5.4954E-01   0.0000E+00  0.0000
   5.4954E-01   5.8884E-01   0.0000E+00  0.0000
   5.8884E-01   6.3096E-01   0.0000E+00  0.0000
   6.3096E-01   6.7608E-01   0.0000E+00  0.0000
   6.7608E-01   7.2444E-01   0.0000E+00  0.0000
   7.2444E-01   7.7625E-01   0.0000E+00  0.0000
   7.7625E-01   8.3176E-01   0.0000E+00  0.0000
   8.3176E-01   8.9125E-01   0.0000E+00  0.0000
   8.9125E-01   9.5499E-01   0.0000E+00  0.0000
   9.5499E-01   1.0233E+00   0.0000E+00  0.0000
   1.0233E+00   1.0965E+00   0.0000E+00  0.0000
   1.0965E+00   1.1749E+00   0.0000E+00  0.0000
   1.1749E+00   1.2589E+00   0.0000E+00  0.0000
   1.2589E+00   1.3490E+00   0.0000E+00  0.0000
   1.3490E+00   1.4454E+00   4.7826E-07  1.0000
   1.4454E+00   1.5488E+00   0.0000E+00  0.0000
   1.5488E+00   1.6596E+00   0.0000E+00  0.0000
   1.6596E+00   1.7783E+00   0.0000E+00  0.0000
   1.7783E+00   1.9055E+00   9.3027E-08  1.0000
   1.9055E+00   2.0417E+00   0.0000E+00  0.0000
   2.0417E+00   2.1878E+00   7.0450E-07  1.0000
   2.1878E+00   2.3442E+00   0.0000E+00  0.0000
   2.3442E+00   2.5119E+00   0.0000E+00  0.0000
   2.5119E+00   2.6915E+00   0.0000E+00  0.0000
   2.6915E+00   2.8840E+00   0.0000E+00  0.0000
   2.8840E+00   3.0903E+00   1.3091E-06  1.0000
   3.0903E+00   3.3113E+00   0.0000E+00  0.0000
   3.3113E+00   3.5481E+00   0.0000E+00  0.0000
   3.5481E+00   3.8019E+00   0.0000E+00  0.0000
   3.8019E+00   4.0738E+00   0.0000E+00  0.0000
   4.0738E+00   4.3652E+00   0.0000E+00  0.0000
   4.3652E+00   4.6774E+00   0.0000E+00  0.0000
   4.6774E+00   5.0119E+00   0.0000E+00  0.0000
   5.0119E+00   5.3703E+00   0.0000E+00  0.0000
   5.3703E+00   5.7544E+00   0.0000E+00  0.0000
   5.7544E+00   6.1660E+00   0.0000E+00  0.0000
   6.1660E+00   6.6069E+00   0.0000E+00  0.0000
   6.6069E+00   7.0795E+00   0.0000E+00  0.0000
   7.0795E+00   7.5858E+00   0.0000E+00  0.0000
   7.5858E+00   8.1283E+00   0.0000E+00  0.0000
   8.1283E+00   8.7096E+00   0.0000E+00  0.0000
   8.7096E+00   9.3325E+00   0.0000E+00  0.0000
   9.3325E+00   1.0000E+01   7.0315E-07  1.0000

#   sum over                 3.2880E-06  0.5216

'no. = 14,  reg  =   3500'
msuc: {\huge [t-track] in region mesh}
msdr: {\it plotted by \ANGEL \version}
msdl: {\it calculated by \PHITS  3.36}
wt: s(0.7)
\vspace{-3}
   vol  &=&   5.0003E+02 [cm^3]
e:

#------------------------------------------------------------------------------
 newpage:
#   no. = 15   reg =   3600

x: Energy [MeV/n]
y: Flux [1/cm^2/source]              
p: xlog ylog afac(0.8) form(0.9)
h: n            x            y(photon  ),hh0l n  
#  e-lower      e-upper        photon    r.err 
   1.0000E-02   1.0715E-02   0.0000E+00  0.0000
   1.0715E-02   1.1482E-02   0.0000E+00  0.0000
   1.1482E-02   1.2303E-02   0.0000E+00  0.0000
   1.2303E-02   1.3183E-02   0.0000E+00  0.0000
   1.3183E-02   1.4125E-02   0.0000E+00  0.0000
   1.4125E-02   1.5136E-02   0.0000E+00  0.0000
   1.5136E-02   1.6218E-02   0.0000E+00  0.0000
   1.6218E-02   1.7378E-02   0.0000E+00  0.0000
   1.7378E-02   1.8621E-02   0.0000E+00  0.0000
   1.8621E-02   1.9953E-02   0.0000E+00  0.0000
   1.9953E-02   2.1380E-02   0.0000E+00  0.0000
   2.1380E-02   2.2909E-02   0.0000E+00  0.0000
   2.2909E-02   2.4547E-02   0.0000E+00  0.0000
   2.4547E-02   2.6303E-02   0.0000E+00  0.0000
   2.6303E-02   2.8184E-02   0.0000E+00  0.0000
   2.8184E-02   3.0200E-02   0.0000E+00  0.0000
   3.0200E-02   3.2359E-02   0.0000E+00  0.0000
   3.2359E-02   3.4674E-02   0.0000E+00  0.0000
   3.4674E-02   3.7154E-02   0.0000E+00  0.0000
   3.7154E-02   3.9811E-02   0.0000E+00  0.0000
   3.9811E-02   4.2658E-02   0.0000E+00  0.0000
   4.2658E-02   4.5709E-02   0.0000E+00  0.0000
   4.5709E-02   4.8978E-02   0.0000E+00  0.0000
   4.8978E-02   5.2481E-02   0.0000E+00  0.0000
   5.2481E-02   5.6234E-02   0.0000E+00  0.0000
   5.6234E-02   6.0256E-02   0.0000E+00  0.0000
   6.0256E-02   6.4565E-02   0.0000E+00  0.0000
   6.4565E-02   6.9183E-02   0.0000E+00  0.0000
   6.9183E-02   7.4131E-02   0.0000E+00  0.0000
   7.4131E-02   7.9433E-02   0.0000E+00  0.0000
   7.9433E-02   8.5114E-02   0.0000E+00  0.0000
   8.5114E-02   9.1201E-02   0.0000E+00  0.0000
   9.1201E-02   9.7724E-02   0.0000E+00  0.0000
   9.7724E-02   1.0471E-01   0.0000E+00  0.0000
   1.0471E-01   1.1220E-01   0.0000E+00  0.0000
   1.1220E-01   1.2023E-01   0.0000E+00  0.0000
   1.2023E-01   1.2882E-01   0.0000E+00  0.0000
   1.2882E-01   1.3804E-01   0.0000E+00  0.0000
   1.3804E-01   1.4791E-01   0.0000E+00  0.0000
   1.4791E-01   1.5849E-01   0.0000E+00  0.0000
   1.5849E-01   1.6982E-01   0.0000E+00  0.0000
   1.6982E-01   1.8197E-01   0.0000E+00  0.0000
   1.8197E-01   1.9498E-01   0.0000E+00  0.0000
   1.9498E-01   2.0893E-01   0.0000E+00  0.0000
   2.0893E-01   2.2387E-01   0.0000E+00  0.0000
   2.2387E-01   2.3988E-01   0.0000E+00  0.0000
   2.3988E-01   2.5704E-01   0.0000E+00  0.0000
   2.5704E-01   2.7542E-01   0.0000E+00  0.0000
   2.7542E-01   2.9512E-01   0.0000E+00  0.0000
   2.9512E-01   3.1623E-01   0.0000E+00  0.0000
   3.1623E-01   3.3884E-01   0.0000E+00  0.0000
   3.3884E-01   3.6308E-01   0.0000E+00  0.0000
   3.6308E-01   3.8905E-01   0.0000E+00  0.0000
   3.8905E-01   4.1687E-01   0.0000E+00  0.0000
   4.1687E-01   4.4668E-01   0.0000E+00  0.0000
   4.4668E-01   4.7863E-01   0.0000E+00  0.0000
   4.7863E-01   5.1286E-01   0.0000E+00  0.0000
   5.1286E-01   5.4954E-01   0.0000E+00  0.0000
   5.4954E-01   5.8884E-01   0.0000E+00  0.0000
   5.8884E-01   6.3096E-01   0.0000E+00  0.0000
   6.3096E-01   6.7608E-01   0.0000E+00  0.0000
   6.7608E-01   7.2444E-01   0.0000E+00  0.0000
   7.2444E-01   7.7625E-01   0.0000E+00  0.0000
   7.7625E-01   8.3176E-01   0.0000E+00  0.0000
   8.3176E-01   8.9125E-01   0.0000E+00  0.0000
   8.9125E-01   9.5499E-01   0.0000E+00  0.0000
   9.5499E-01   1.0233E+00   0.0000E+00  0.0000
   1.0233E+00   1.0965E+00   0.0000E+00  0.0000
   1.0965E+00   1.1749E+00   0.0000E+00  0.0000
   1.1749E+00   1.2589E+00   1.2969E-06  1.0000
   1.2589E+00   1.3490E+00   0.0000E+00  0.0000
   1.3490E+00   1.4454E+00   0.0000E+00  0.0000
   1.4454E+00   1.5488E+00   0.0000E+00  0.0000
   1.5488E+00   1.6596E+00   0.0000E+00  0.0000
   1.6596E+00   1.7783E+00   0.0000E+00  0.0000
   1.7783E+00   1.9055E+00   1.0993E-06  1.0000
   1.9055E+00   2.0417E+00   0.0000E+00  0.0000
   2.0417E+00   2.1878E+00   0.0000E+00  0.0000
   2.1878E+00   2.3442E+00   0.0000E+00  0.0000
   2.3442E+00   2.5119E+00   0.0000E+00  0.0000
   2.5119E+00   2.6915E+00   0.0000E+00  0.0000
   2.6915E+00   2.8840E+00   0.0000E+00  0.0000
   2.8840E+00   3.0903E+00   0.0000E+00  0.0000
   3.0903E+00   3.3113E+00   0.0000E+00  0.0000
   3.3113E+00   3.5481E+00   0.0000E+00  0.0000
   3.5481E+00   3.8019E+00   0.0000E+00  0.0000
   3.8019E+00   4.0738E+00   0.0000E+00  0.0000
   4.0738E+00   4.3652E+00   0.0000E+00  0.0000
   4.3652E+00   4.6774E+00   0.0000E+00  0.0000
   4.6774E+00   5.0119E+00   0.0000E+00  0.0000
   5.0119E+00   5.3703E+00   0.0000E+00  0.0000
   5.3703E+00   5.7544E+00   0.0000E+00  0.0000
   5.7544E+00   6.1660E+00   0.0000E+00  0.0000
   6.1660E+00   6.6069E+00   0.0000E+00  0.0000
   6.6069E+00   7.0795E+00   0.0000E+00  0.0000
   7.0795E+00   7.5858E+00   0.0000E+00  0.0000
   7.5858E+00   8.1283E+00   0.0000E+00  0.0000
   8.1283E+00   8.7096E+00   0.0000E+00  0.0000
   8.7096E+00   9.3325E+00   0.0000E+00  0.0000
   9.3325E+00   1.0000E+01   0.0000E+00  0.0000

#   sum over                 2.3962E-06  0.7095

'no. = 15,  reg  =   3600'
msuc: {\huge [t-track] in region mesh}
msdr: {\it plotted by \ANGEL \version}
msdl: {\it calculated by \PHITS  3.36}
wt: s(0.7)
\vspace{-3}
   vol  &=&   9.0605E+01 [cm^3]
e:

#------------------------------------------------------------------------------
 newpage:
#   no. = 16   reg =   3800

x: Energy [MeV/n]
y: Flux [1/cm^2/source]              
p: xlog ylog afac(0.8) form(0.9)
h: n            x            y(photon  ),hh0l n  
#  e-lower      e-upper        photon    r.err 
   1.0000E-02   1.0715E-02   0.0000E+00  0.0000
   1.0715E-02   1.1482E-02   0.0000E+00  0.0000
   1.1482E-02   1.2303E-02   0.0000E+00  0.0000
   1.2303E-02   1.3183E-02   0.0000E+00  0.0000
   1.3183E-02   1.4125E-02   0.0000E+00  0.0000
   1.4125E-02   1.5136E-02   0.0000E+00  0.0000
   1.5136E-02   1.6218E-02   0.0000E+00  0.0000
   1.6218E-02   1.7378E-02   0.0000E+00  0.0000
   1.7378E-02   1.8621E-02   0.0000E+00  0.0000
   1.8621E-02   1.9953E-02   0.0000E+00  0.0000
   1.9953E-02   2.1380E-02   0.0000E+00  0.0000
   2.1380E-02   2.2909E-02   0.0000E+00  0.0000
   2.2909E-02   2.4547E-02   0.0000E+00  0.0000
   2.4547E-02   2.6303E-02   0.0000E+00  0.0000
   2.6303E-02   2.8184E-02   0.0000E+00  0.0000
   2.8184E-02   3.0200E-02   0.0000E+00  0.0000
   3.0200E-02   3.2359E-02   0.0000E+00  0.0000
   3.2359E-02   3.4674E-02   0.0000E+00  0.0000
   3.4674E-02   3.7154E-02   0.0000E+00  0.0000
   3.7154E-02   3.9811E-02   0.0000E+00  0.0000
   3.9811E-02   4.2658E-02   0.0000E+00  0.0000
   4.2658E-02   4.5709E-02   0.0000E+00  0.0000
   4.5709E-02   4.8978E-02   0.0000E+00  0.0000
   4.8978E-02   5.2481E-02   0.0000E+00  0.0000
   5.2481E-02   5.6234E-02   0.0000E+00  0.0000
   5.6234E-02   6.0256E-02   0.0000E+00  0.0000
   6.0256E-02   6.4565E-02   0.0000E+00  0.0000
   6.4565E-02   6.9183E-02   0.0000E+00  0.0000
   6.9183E-02   7.4131E-02   0.0000E+00  0.0000
   7.4131E-02   7.9433E-02   0.0000E+00  0.0000
   7.9433E-02   8.5114E-02   0.0000E+00  0.0000
   8.5114E-02   9.1201E-02   0.0000E+00  0.0000
   9.1201E-02   9.7724E-02   0.0000E+00  0.0000
   9.7724E-02   1.0471E-01   0.0000E+00  0.0000
   1.0471E-01   1.1220E-01   0.0000E+00  0.0000
   1.1220E-01   1.2023E-01   0.0000E+00  0.0000
   1.2023E-01   1.2882E-01   0.0000E+00  0.0000
   1.2882E-01   1.3804E-01   0.0000E+00  0.0000
   1.3804E-01   1.4791E-01   0.0000E+00  0.0000
   1.4791E-01   1.5849E-01   0.0000E+00  0.0000
   1.5849E-01   1.6982E-01   0.0000E+00  0.0000
   1.6982E-01   1.8197E-01   0.0000E+00  0.0000
   1.8197E-01   1.9498E-01   0.0000E+00  0.0000
   1.9498E-01   2.0893E-01   0.0000E+00  0.0000
   2.0893E-01   2.2387E-01   0.0000E+00  0.0000
   2.2387E-01   2.3988E-01   0.0000E+00  0.0000
   2.3988E-01   2.5704E-01   0.0000E+00  0.0000
   2.5704E-01   2.7542E-01   0.0000E+00  0.0000
   2.7542E-01   2.9512E-01   4.0311E-07  1.0000
   2.9512E-01   3.1623E-01   0.0000E+00  0.0000
   3.1623E-01   3.3884E-01   0.0000E+00  0.0000
   3.3884E-01   3.6308E-01   0.0000E+00  0.0000
   3.6308E-01   3.8905E-01   0.0000E+00  0.0000
   3.8905E-01   4.1687E-01   0.0000E+00  0.0000
   4.1687E-01   4.4668E-01   0.0000E+00  0.0000
   4.4668E-01   4.7863E-01   0.0000E+00  0.0000
   4.7863E-01   5.1286E-01   0.0000E+00  0.0000
   5.1286E-01   5.4954E-01   0.0000E+00  0.0000
   5.4954E-01   5.8884E-01   0.0000E+00  0.0000
   5.8884E-01   6.3096E-01   0.0000E+00  0.0000
   6.3096E-01   6.7608E-01   0.0000E+00  0.0000
   6.7608E-01   7.2444E-01   0.0000E+00  0.0000
   7.2444E-01   7.7625E-01   0.0000E+00  0.0000
   7.7625E-01   8.3176E-01   0.0000E+00  0.0000
   8.3176E-01   8.9125E-01   0.0000E+00  0.0000
   8.9125E-01   9.5499E-01   0.0000E+00  0.0000
   9.5499E-01   1.0233E+00   0.0000E+00  0.0000
   1.0233E+00   1.0965E+00   0.0000E+00  0.0000
   1.0965E+00   1.1749E+00   0.0000E+00  0.0000
   1.1749E+00   1.2589E+00   0.0000E+00  0.0000
   1.2589E+00   1.3490E+00   0.0000E+00  0.0000
   1.3490E+00   1.4454E+00   0.0000E+00  0.0000
   1.4454E+00   1.5488E+00   0.0000E+00  0.0000
   1.5488E+00   1.6596E+00   0.0000E+00  0.0000
   1.6596E+00   1.7783E+00   0.0000E+00  0.0000
   1.7783E+00   1.9055E+00   0.0000E+00  0.0000
   1.9055E+00   2.0417E+00   0.0000E+00  0.0000
   2.0417E+00   2.1878E+00   0.0000E+00  0.0000
   2.1878E+00   2.3442E+00   0.0000E+00  0.0000
   2.3442E+00   2.5119E+00   0.0000E+00  0.0000
   2.5119E+00   2.6915E+00   0.0000E+00  0.0000
   2.6915E+00   2.8840E+00   0.0000E+00  0.0000
   2.8840E+00   3.0903E+00   0.0000E+00  0.0000
   3.0903E+00   3.3113E+00   0.0000E+00  0.0000
   3.3113E+00   3.5481E+00   0.0000E+00  0.0000
   3.5481E+00   3.8019E+00   0.0000E+00  0.0000
   3.8019E+00   4.0738E+00   0.0000E+00  0.0000
   4.0738E+00   4.3652E+00   0.0000E+00  0.0000
   4.3652E+00   4.6774E+00   0.0000E+00  0.0000
   4.6774E+00   5.0119E+00   0.0000E+00  0.0000
   5.0119E+00   5.3703E+00   0.0000E+00  0.0000
   5.3703E+00   5.7544E+00   0.0000E+00  0.0000
   5.7544E+00   6.1660E+00   0.0000E+00  0.0000
   6.1660E+00   6.6069E+00   0.0000E+00  0.0000
   6.6069E+00   7.0795E+00   0.0000E+00  0.0000
   7.0795E+00   7.5858E+00   0.0000E+00  0.0000
   7.5858E+00   8.1283E+00   0.0000E+00  0.0000
   8.1283E+00   8.7096E+00   0.0000E+00  0.0000
   8.7096E+00   9.3325E+00   4.6255E-07  1.0000
   9.3325E+00   1.0000E+01   0.0000E+00  0.0000

#   sum over                 8.6566E-07  0.7087

'no. = 16,  reg  =   3800'
msuc: {\huge [t-track] in region mesh}
msdr: {\it plotted by \ANGEL \version}
msdl: {\it calculated by \PHITS  3.36}
wt: s(0.7)
\vspace{-3}
   vol  &=&   2.3048E+02 [cm^3]
e:

#------------------------------------------------------------------------------
 newpage:
#   no. = 17   reg =   4000

x: Energy [MeV/n]
y: Flux [1/cm^2/source]              
p: xlog ylog afac(0.8) form(0.9)
h: n            x            y(photon  ),hh0l n  
#  e-lower      e-upper        photon    r.err 
   1.0000E-02   1.0715E-02   0.0000E+00  0.0000
   1.0715E-02   1.1482E-02   0.0000E+00  0.0000
   1.1482E-02   1.2303E-02   0.0000E+00  0.0000
   1.2303E-02   1.3183E-02   0.0000E+00  0.0000
   1.3183E-02   1.4125E-02   0.0000E+00  0.0000
   1.4125E-02   1.5136E-02   0.0000E+00  0.0000
   1.5136E-02   1.6218E-02   0.0000E+00  0.0000
   1.6218E-02   1.7378E-02   0.0000E+00  0.0000
   1.7378E-02   1.8621E-02   0.0000E+00  0.0000
   1.8621E-02   1.9953E-02   0.0000E+00  0.0000
   1.9953E-02   2.1380E-02   0.0000E+00  0.0000
   2.1380E-02   2.2909E-02   0.0000E+00  0.0000
   2.2909E-02   2.4547E-02   0.0000E+00  0.0000
   2.4547E-02   2.6303E-02   0.0000E+00  0.0000
   2.6303E-02   2.8184E-02   0.0000E+00  0.0000
   2.8184E-02   3.0200E-02   0.0000E+00  0.0000
   3.0200E-02   3.2359E-02   0.0000E+00  0.0000
   3.2359E-02   3.4674E-02   0.0000E+00  0.0000
   3.4674E-02   3.7154E-02   0.0000E+00  0.0000
   3.7154E-02   3.9811E-02   0.0000E+00  0.0000
   3.9811E-02   4.2658E-02   0.0000E+00  0.0000
   4.2658E-02   4.5709E-02   0.0000E+00  0.0000
   4.5709E-02   4.8978E-02   0.0000E+00  0.0000
   4.8978E-02   5.2481E-02   0.0000E+00  0.0000
   5.2481E-02   5.6234E-02   0.0000E+00  0.0000
   5.6234E-02   6.0256E-02   0.0000E+00  0.0000
   6.0256E-02   6.4565E-02   0.0000E+00  0.0000
   6.4565E-02   6.9183E-02   0.0000E+00  0.0000
   6.9183E-02   7.4131E-02   1.5373E-06  1.0000
   7.4131E-02   7.9433E-02   0.0000E+00  0.0000
   7.9433E-02   8.5114E-02   0.0000E+00  0.0000
   8.5114E-02   9.1201E-02   0.0000E+00  0.0000
   9.1201E-02   9.7724E-02   0.0000E+00  0.0000
   9.7724E-02   1.0471E-01   0.0000E+00  0.0000
   1.0471E-01   1.1220E-01   0.0000E+00  0.0000
   1.1220E-01   1.2023E-01   0.0000E+00  0.0000
   1.2023E-01   1.2882E-01   5.9429E-06  1.0000
   1.2882E-01   1.3804E-01   5.7007E-08  1.0000
   1.3804E-01   1.4791E-01   0.0000E+00  0.0000
   1.4791E-01   1.5849E-01   0.0000E+00  0.0000
   1.5849E-01   1.6982E-01   0.0000E+00  0.0000
   1.6982E-01   1.8197E-01   2.3937E-06  1.0000
   1.8197E-01   1.9498E-01   0.0000E+00  0.0000
   1.9498E-01   2.0893E-01   0.0000E+00  0.0000
   2.0893E-01   2.2387E-01   0.0000E+00  0.0000
   2.2387E-01   2.3988E-01   0.0000E+00  0.0000
   2.3988E-01   2.5704E-01   0.0000E+00  0.0000
   2.5704E-01   2.7542E-01   0.0000E+00  0.0000
   2.7542E-01   2.9512E-01   0.0000E+00  0.0000
   2.9512E-01   3.1623E-01   0.0000E+00  0.0000
   3.1623E-01   3.3884E-01   0.0000E+00  0.0000
   3.3884E-01   3.6308E-01   0.0000E+00  0.0000
   3.6308E-01   3.8905E-01   1.1114E-06  1.0000
   3.8905E-01   4.1687E-01   0.0000E+00  0.0000
   4.1687E-01   4.4668E-01   0.0000E+00  0.0000
   4.4668E-01   4.7863E-01   0.0000E+00  0.0000
   4.7863E-01   5.1286E-01   1.2038E-06  0.9464
   5.1286E-01   5.4954E-01   0.0000E+00  0.0000
   5.4954E-01   5.8884E-01   0.0000E+00  0.0000
   5.8884E-01   6.3096E-01   0.0000E+00  0.0000
   6.3096E-01   6.7608E-01   0.0000E+00  0.0000
   6.7608E-01   7.2444E-01   0.0000E+00  0.0000
   7.2444E-01   7.7625E-01   0.0000E+00  0.0000
   7.7625E-01   8.3176E-01   0.0000E+00  0.0000
   8.3176E-01   8.9125E-01   0.0000E+00  0.0000
   8.9125E-01   9.5499E-01   0.0000E+00  0.0000
   9.5499E-01   1.0233E+00   0.0000E+00  0.0000
   1.0233E+00   1.0965E+00   0.0000E+00  0.0000
   1.0965E+00   1.1749E+00   0.0000E+00  0.0000
   1.1749E+00   1.2589E+00   0.0000E+00  0.0000
   1.2589E+00   1.3490E+00   0.0000E+00  0.0000
   1.3490E+00   1.4454E+00   0.0000E+00  0.0000
   1.4454E+00   1.5488E+00   0.0000E+00  0.0000
   1.5488E+00   1.6596E+00   6.9057E-07  1.0000
   1.6596E+00   1.7783E+00   0.0000E+00  0.0000
   1.7783E+00   1.9055E+00   0.0000E+00  0.0000
   1.9055E+00   2.0417E+00   0.0000E+00  0.0000
   2.0417E+00   2.1878E+00   0.0000E+00  0.0000
   2.1878E+00   2.3442E+00   0.0000E+00  0.0000
   2.3442E+00   2.5119E+00   0.0000E+00  0.0000
   2.5119E+00   2.6915E+00   0.0000E+00  0.0000
   2.6915E+00   2.8840E+00   0.0000E+00  0.0000
   2.8840E+00   3.0903E+00   0.0000E+00  0.0000
   3.0903E+00   3.3113E+00   0.0000E+00  0.0000
   3.3113E+00   3.5481E+00   3.6932E-06  1.0000
   3.5481E+00   3.8019E+00   0.0000E+00  0.0000
   3.8019E+00   4.0738E+00   0.0000E+00  0.0000
   4.0738E+00   4.3652E+00   0.0000E+00  0.0000
   4.3652E+00   4.6774E+00   7.0047E-07  1.0000
   4.6774E+00   5.0119E+00   0.0000E+00  0.0000
   5.0119E+00   5.3703E+00   0.0000E+00  0.0000
   5.3703E+00   5.7544E+00   0.0000E+00  0.0000
   5.7544E+00   6.1660E+00   0.0000E+00  0.0000
   6.1660E+00   6.6069E+00   0.0000E+00  0.0000
   6.6069E+00   7.0795E+00   0.0000E+00  0.0000
   7.0795E+00   7.5858E+00   0.0000E+00  0.0000
   7.5858E+00   8.1283E+00   0.0000E+00  0.0000
   8.1283E+00   8.7096E+00   0.0000E+00  0.0000
   8.7096E+00   9.3325E+00   0.0000E+00  0.0000
   9.3325E+00   1.0000E+01   3.3740E-06  1.0000

#   sum over                 2.0704E-05  0.4558

'no. = 17,  reg  =   4000'
msuc: {\huge [t-track] in region mesh}
msdr: {\it plotted by \ANGEL \version}
msdl: {\it calculated by \PHITS  3.36}
wt: s(0.7)
\vspace{-3}
   vol  &=&   2.8157E+01 [cm^3]
e:

#------------------------------------------------------------------------------
 newpage:
#   no. = 18   reg =   4200

x: Energy [MeV/n]
y: Flux [1/cm^2/source]              
p: xlog ylog afac(0.8) form(0.9)
h: n            x            y(photon  ),hh0l n  
#  e-lower      e-upper        photon    r.err 
   1.0000E-02   1.0715E-02   0.0000E+00  0.0000
   1.0715E-02   1.1482E-02   0.0000E+00  0.0000
   1.1482E-02   1.2303E-02   0.0000E+00  0.0000
   1.2303E-02   1.3183E-02   0.0000E+00  0.0000
   1.3183E-02   1.4125E-02   0.0000E+00  0.0000
   1.4125E-02   1.5136E-02   0.0000E+00  0.0000
   1.5136E-02   1.6218E-02   0.0000E+00  0.0000
   1.6218E-02   1.7378E-02   0.0000E+00  0.0000
   1.7378E-02   1.8621E-02   0.0000E+00  0.0000
   1.8621E-02   1.9953E-02   0.0000E+00  0.0000
   1.9953E-02   2.1380E-02   0.0000E+00  0.0000
   2.1380E-02   2.2909E-02   0.0000E+00  0.0000
   2.2909E-02   2.4547E-02   0.0000E+00  0.0000
   2.4547E-02   2.6303E-02   0.0000E+00  0.0000
   2.6303E-02   2.8184E-02   0.0000E+00  0.0000
   2.8184E-02   3.0200E-02   0.0000E+00  0.0000
   3.0200E-02   3.2359E-02   0.0000E+00  0.0000
   3.2359E-02   3.4674E-02   0.0000E+00  0.0000
   3.4674E-02   3.7154E-02   0.0000E+00  0.0000
   3.7154E-02   3.9811E-02   4.1070E-08  1.0000
   3.9811E-02   4.2658E-02   1.8771E-07  1.0000
   4.2658E-02   4.5709E-02   5.2225E-07  0.8253
   4.5709E-02   4.8978E-02   6.4372E-07  0.7115
   4.8978E-02   5.2481E-02   1.6395E-06  0.6099
   5.2481E-02   5.6234E-02   1.2611E-06  0.6468
   5.6234E-02   6.0256E-02   1.6484E-06  0.5620
   6.0256E-02   6.4565E-02   9.5117E-07  0.5272
   6.4565E-02   6.9183E-02   1.5355E-06  0.7287
   6.9183E-02   7.4131E-02   9.5874E-07  0.6491
   7.4131E-02   7.9433E-02   2.7679E-06  0.3806
   7.9433E-02   8.5114E-02   1.3357E-06  0.4660
   8.5114E-02   9.1201E-02   1.2026E-06  0.6439
   9.1201E-02   9.7724E-02   1.2906E-06  0.4880
   9.7724E-02   1.0471E-01   2.1876E-07  0.8063
   1.0471E-01   1.1220E-01   9.7993E-07  0.5960
   1.1220E-01   1.2023E-01   1.0514E-06  0.5630
   1.2023E-01   1.2882E-01   1.6186E-06  0.4668
   1.2882E-01   1.3804E-01   1.5984E-06  0.7302
   1.3804E-01   1.4791E-01   2.4547E-06  0.5482
   1.4791E-01   1.5849E-01   7.0979E-07  0.5860
   1.5849E-01   1.6982E-01   8.6861E-07  0.5195
   1.6982E-01   1.8197E-01   1.8347E-07  0.7953
   1.8197E-01   1.9498E-01   1.6960E-06  0.4403
   1.9498E-01   2.0893E-01   2.4060E-06  0.5444
   2.0893E-01   2.2387E-01   2.2580E-06  0.4834
   2.2387E-01   2.3988E-01   1.7170E-06  0.4263
   2.3988E-01   2.5704E-01   1.2544E-06  0.4802
   2.5704E-01   2.7542E-01   3.0377E-06  0.4868
   2.7542E-01   2.9512E-01   2.4878E-06  0.4586
   2.9512E-01   3.1623E-01   3.3537E-06  0.4366
   3.1623E-01   3.3884E-01   8.5047E-07  0.6027
   3.3884E-01   3.6308E-01   1.7448E-06  0.5575
   3.6308E-01   3.8905E-01   1.4600E-07  1.0000
   3.8905E-01   4.1687E-01   1.6116E-06  0.5119
   4.1687E-01   4.4668E-01   2.9531E-06  0.4157
   4.4668E-01   4.7863E-01   5.5488E-07  0.7137
   4.7863E-01   5.1286E-01   6.7842E-06  0.2921
   5.1286E-01   5.4954E-01   6.1405E-07  1.0000
   5.4954E-01   5.8884E-01   4.4262E-07  1.0000
   5.8884E-01   6.3096E-01   1.0376E-06  0.9268
   6.3096E-01   6.7608E-01   1.6924E-06  0.7233
   6.7608E-01   7.2444E-01   0.0000E+00  0.0000
   7.2444E-01   7.7625E-01   2.9352E-07  1.0000
   7.7625E-01   8.3176E-01   4.0296E-07  0.7952
   8.3176E-01   8.9125E-01   1.7863E-06  0.6444
   8.9125E-01   9.5499E-01   8.2564E-07  0.7726
   9.5499E-01   1.0233E+00   1.7536E-06  0.6152
   1.0233E+00   1.0965E+00   2.4663E-08  1.0000
   1.0965E+00   1.1749E+00   1.0001E-07  1.0000
   1.1749E+00   1.2589E+00   0.0000E+00  0.0000
   1.2589E+00   1.3490E+00   5.1979E-07  0.7225
   1.3490E+00   1.4454E+00   5.2481E-07  0.7496
   1.4454E+00   1.5488E+00   6.5062E-07  1.0000
   1.5488E+00   1.6596E+00   1.6441E-06  1.0000
   1.6596E+00   1.7783E+00   2.0154E-06  0.6806
   1.7783E+00   1.9055E+00   0.0000E+00  0.0000
   1.9055E+00   2.0417E+00   0.0000E+00  0.0000
   2.0417E+00   2.1878E+00   6.1127E-08  1.0000
   2.1878E+00   2.3442E+00   1.4894E-06  0.5865
   2.3442E+00   2.5119E+00   0.0000E+00  0.0000
   2.5119E+00   2.6915E+00   0.0000E+00  0.0000
   2.6915E+00   2.8840E+00   5.6319E-07  0.7744
   2.8840E+00   3.0903E+00   1.2654E-06  0.5999
   3.0903E+00   3.3113E+00   5.3372E-07  0.8528
   3.3113E+00   3.5481E+00   4.1696E-07  1.0000
   3.5481E+00   3.8019E+00   1.0879E-06  0.8245
   3.8019E+00   4.0738E+00   4.2902E-07  1.0000
   4.0738E+00   4.3652E+00   6.7861E-07  1.0000
   4.3652E+00   4.6774E+00   3.4137E-07  1.0000
   4.6774E+00   5.0119E+00   0.0000E+00  0.0000
   5.0119E+00   5.3703E+00   7.9520E-07  0.8096
   5.3703E+00   5.7544E+00   7.8747E-07  0.8176
   5.7544E+00   6.1660E+00   6.7719E-07  0.9571
   6.1660E+00   6.6069E+00   0.0000E+00  0.0000
   6.6069E+00   7.0795E+00   3.6420E-07  1.0000
   7.0795E+00   7.5858E+00   2.3036E-07  1.0000
   7.5858E+00   8.1283E+00   7.7070E-07  0.7252
   8.1283E+00   8.7096E+00   1.3188E-06  0.5779
   8.7096E+00   9.3325E+00   2.0798E-07  1.0000
   9.3325E+00   1.0000E+01   3.9141E-07  1.0000

#   sum over                 8.5263E-05  0.1028

'no. = 18,  reg  =   4200'
msuc: {\huge [t-track] in region mesh}
msdr: {\it plotted by \ANGEL \version}
msdl: {\it calculated by \PHITS  3.36}
wt: s(0.7)
\vspace{-3}
   vol  &=&   4.1231E+02 [cm^3]
e:

#------------------------------------------------------------------------------
 newpage:
#   no. = 19   reg =   4400

x: Energy [MeV/n]
y: Flux [1/cm^2/source]              
p: xlog ylog afac(0.8) form(0.9)
h: n            x            y(photon  ),hh0l n  
#  e-lower      e-upper        photon    r.err 
   1.0000E-02   1.0715E-02   2.3769E-08  1.0000
   1.0715E-02   1.1482E-02   0.0000E+00  0.0000
   1.1482E-02   1.2303E-02   0.0000E+00  0.0000
   1.2303E-02   1.3183E-02   5.3663E-08  1.0000
   1.3183E-02   1.4125E-02   0.0000E+00  0.0000
   1.4125E-02   1.5136E-02   0.0000E+00  0.0000
   1.5136E-02   1.6218E-02   2.2689E-07  1.0000
   1.6218E-02   1.7378E-02   3.8867E-07  1.0000
   1.7378E-02   1.8621E-02   0.0000E+00  0.0000
   1.8621E-02   1.9953E-02   0.0000E+00  0.0000
   1.9953E-02   2.1380E-02   4.6319E-07  0.7078
   2.1380E-02   2.2909E-02   1.2156E-07  1.0000
   2.2909E-02   2.4547E-02   4.4975E-07  1.0000
   2.4547E-02   2.6303E-02   1.2194E-07  1.0000
   2.6303E-02   2.8184E-02   1.2292E-08  1.0000
   2.8184E-02   3.0200E-02   4.7982E-07  0.5270
   3.0200E-02   3.2359E-02   5.9612E-07  0.5830
   3.2359E-02   3.4674E-02   1.6198E-06  0.4236
   3.4674E-02   3.7154E-02   1.3218E-06  0.4603
   3.7154E-02   3.9811E-02   8.3657E-07  0.6789
   3.9811E-02   4.2658E-02   1.4016E-06  0.3959
   4.2658E-02   4.5709E-02   9.0645E-07  0.5010
   4.5709E-02   4.8978E-02   1.8624E-06  0.3485
   4.8978E-02   5.2481E-02   1.6934E-06  0.3600
   5.2481E-02   5.6234E-02   3.1318E-06  0.2986
   5.6234E-02   6.0256E-02   2.2102E-06  0.3520
   6.0256E-02   6.4565E-02   2.3529E-06  0.3600
   6.4565E-02   6.9183E-02   1.5454E-06  0.4942
   6.9183E-02   7.4131E-02   3.9725E-06  0.2466
   7.4131E-02   7.9433E-02   3.4538E-06  0.2963
   7.9433E-02   8.5114E-02   3.3351E-06  0.4256
   8.5114E-02   9.1201E-02   4.0201E-06  0.3671
   9.1201E-02   9.7724E-02   4.2578E-06  0.3198
   9.7724E-02   1.0471E-01   4.5170E-06  0.2623
   1.0471E-01   1.1220E-01   2.1199E-06  0.3374
   1.1220E-01   1.2023E-01   2.5336E-06  0.3104
   1.2023E-01   1.2882E-01   4.5747E-06  0.2699
   1.2882E-01   1.3804E-01   6.7125E-06  0.2974
   1.3804E-01   1.4791E-01   3.2336E-06  0.3676
   1.4791E-01   1.5849E-01   6.0139E-06  0.2323
   1.5849E-01   1.6982E-01   4.0200E-06  0.2707
   1.6982E-01   1.8197E-01   7.6391E-06  0.2714
   1.8197E-01   1.9498E-01   4.3472E-06  0.2579
   1.9498E-01   2.0893E-01   3.2664E-06  0.2709
   2.0893E-01   2.2387E-01   4.9126E-06  0.2659
   2.2387E-01   2.3988E-01   5.4602E-06  0.2242
   2.3988E-01   2.5704E-01   3.9099E-06  0.3233
   2.5704E-01   2.7542E-01   6.2835E-06  0.2546
   2.7542E-01   2.9512E-01   3.9313E-06  0.3326
   2.9512E-01   3.1623E-01   2.9684E-06  0.3303
   3.1623E-01   3.3884E-01   5.2790E-06  0.2994
   3.3884E-01   3.6308E-01   3.3631E-06  0.2969
   3.6308E-01   3.8905E-01   5.3952E-06  0.2340
   3.8905E-01   4.1687E-01   2.2581E-06  0.3269
   4.1687E-01   4.4668E-01   3.1323E-06  0.3567
   4.4668E-01   4.7863E-01   2.4021E-06  0.4005
   4.7863E-01   5.1286E-01   2.8903E-05  0.1145
   5.1286E-01   5.4954E-01   2.0453E-06  0.4112
   5.4954E-01   5.8884E-01   2.9864E-06  0.2822
   5.8884E-01   6.3096E-01   2.1478E-06  0.3755
   6.3096E-01   6.7608E-01   7.8832E-07  0.4415
   6.7608E-01   7.2444E-01   6.6083E-07  0.5966
   7.2444E-01   7.7625E-01   1.9803E-06  0.3657
   7.7625E-01   8.3176E-01   1.8169E-06  0.3590
   8.3176E-01   8.9125E-01   1.9117E-06  0.4432
   8.9125E-01   9.5499E-01   1.9194E-06  0.3384
   9.5499E-01   1.0233E+00   2.1500E-06  0.3532
   1.0233E+00   1.0965E+00   2.5674E-06  0.3247
   1.0965E+00   1.1749E+00   1.3537E-06  0.4407
   1.1749E+00   1.2589E+00   1.3827E-06  0.5137
   1.2589E+00   1.3490E+00   3.6931E-06  0.2755
   1.3490E+00   1.4454E+00   1.2272E-06  0.4647
   1.4454E+00   1.5488E+00   6.7024E-07  0.5003
   1.5488E+00   1.6596E+00   6.9212E-07  0.6131
   1.6596E+00   1.7783E+00   1.9581E-06  0.3622
   1.7783E+00   1.9055E+00   1.5961E-06  0.4324
   1.9055E+00   2.0417E+00   1.7825E-06  0.4255
   2.0417E+00   2.1878E+00   1.4329E-06  0.4112
   2.1878E+00   2.3442E+00   7.8005E-07  0.5133
   2.3442E+00   2.5119E+00   2.1107E-06  0.3553
   2.5119E+00   2.6915E+00   9.5534E-07  0.4261
   2.6915E+00   2.8840E+00   2.6198E-06  0.4939
   2.8840E+00   3.0903E+00   1.1319E-06  0.4519
   3.0903E+00   3.3113E+00   6.5219E-07  0.4819
   3.3113E+00   3.5481E+00   1.4046E-06  0.4675
   3.5481E+00   3.8019E+00   2.5072E-06  0.2889
   3.8019E+00   4.0738E+00   9.4878E-07  0.4396
   4.0738E+00   4.3652E+00   2.0135E-06  0.4082
   4.3652E+00   4.6774E+00   7.8079E-07  0.4531
   4.6774E+00   5.0119E+00   1.3536E-06  0.4305
   5.0119E+00   5.3703E+00   1.1954E-06  0.3746
   5.3703E+00   5.7544E+00   2.0887E-06  0.3434
   5.7544E+00   6.1660E+00   2.5601E-06  0.3126
   6.1660E+00   6.6069E+00   1.8685E-06  0.3242
   6.6069E+00   7.0795E+00   1.8827E-06  0.3406
   7.0795E+00   7.5858E+00   2.2716E-06  0.3023
   7.5858E+00   8.1283E+00   1.3048E-06  0.3753
   8.1283E+00   8.7096E+00   2.7435E-06  0.3467
   8.7096E+00   9.3325E+00   1.6474E-06  0.4199
   9.3325E+00   1.0000E+01   2.0469E-06  0.3154

#   sum over                 2.4167E-04  0.0469

'no. = 19,  reg  =   4400'
msuc: {\huge [t-track] in region mesh}
msdr: {\it plotted by \ANGEL \version}
msdl: {\it calculated by \PHITS  3.36}
wt: s(0.7)
\vspace{-3}
   vol  &=&   2.5513E+02 [cm^3]
e:

#------------------------------------------------------------------------------
 newpage:
#   no. = 20   reg =   4600

x: Energy [MeV/n]
y: Flux [1/cm^2/source]              
p: xlog ylog afac(0.8) form(0.9)
h: n            x            y(photon  ),hh0l n  
#  e-lower      e-upper        photon    r.err 
   1.0000E-02   1.0715E-02   0.0000E+00  0.0000
   1.0715E-02   1.1482E-02   0.0000E+00  0.0000
   1.1482E-02   1.2303E-02   0.0000E+00  0.0000
   1.2303E-02   1.3183E-02   0.0000E+00  0.0000
   1.3183E-02   1.4125E-02   0.0000E+00  0.0000
   1.4125E-02   1.5136E-02   0.0000E+00  0.0000
   1.5136E-02   1.6218E-02   0.0000E+00  0.0000
   1.6218E-02   1.7378E-02   0.0000E+00  0.0000
   1.7378E-02   1.8621E-02   0.0000E+00  0.0000
   1.8621E-02   1.9953E-02   0.0000E+00  0.0000
   1.9953E-02   2.1380E-02   0.0000E+00  0.0000
   2.1380E-02   2.2909E-02   0.0000E+00  0.0000
   2.2909E-02   2.4547E-02   0.0000E+00  0.0000
   2.4547E-02   2.6303E-02   0.0000E+00  0.0000
   2.6303E-02   2.8184E-02   0.0000E+00  0.0000
   2.8184E-02   3.0200E-02   0.0000E+00  0.0000
   3.0200E-02   3.2359E-02   0.0000E+00  0.0000
   3.2359E-02   3.4674E-02   4.7960E-07  1.0000
   3.4674E-02   3.7154E-02   1.1404E-06  1.0000
   3.7154E-02   3.9811E-02   0.0000E+00  0.0000
   3.9811E-02   4.2658E-02   4.0024E-07  1.0000
   4.2658E-02   4.5709E-02   0.0000E+00  0.0000
   4.5709E-02   4.8978E-02   9.4431E-07  1.0000
   4.8978E-02   5.2481E-02   0.0000E+00  0.0000
   5.2481E-02   5.6234E-02   2.2915E-06  0.8237
   5.6234E-02   6.0256E-02   0.0000E+00  0.0000
   6.0256E-02   6.4565E-02   1.5357E-06  0.7134
   6.4565E-02   6.9183E-02   0.0000E+00  0.0000
   6.9183E-02   7.4131E-02   0.0000E+00  0.0000
   7.4131E-02   7.9433E-02   0.0000E+00  0.0000
   7.9433E-02   8.5114E-02   2.1163E-06  0.7538
   8.5114E-02   9.1201E-02   0.0000E+00  0.0000
   9.1201E-02   9.7724E-02   1.7176E-06  0.9612
   9.7724E-02   1.0471E-01   2.3630E-06  0.8043
   1.0471E-01   1.1220E-01   6.4724E-07  1.0000
   1.1220E-01   1.2023E-01   4.3108E-06  0.6001
   1.2023E-01   1.2882E-01   2.4915E-06  0.7097
   1.2882E-01   1.3804E-01   3.9896E-06  0.5062
   1.3804E-01   1.4791E-01   0.0000E+00  0.0000
   1.4791E-01   1.5849E-01   1.1545E-06  0.8949
   1.5849E-01   1.6982E-01   5.7324E-07  0.7461
   1.6982E-01   1.8197E-01   1.7021E-06  0.5774
   1.8197E-01   1.9498E-01   4.8150E-07  1.0000
   1.9498E-01   2.0893E-01   4.1503E-07  1.0000
   2.0893E-01   2.2387E-01   0.0000E+00  0.0000
   2.2387E-01   2.3988E-01   8.3522E-07  1.0000
   2.3988E-01   2.5704E-01   0.0000E+00  0.0000
   2.5704E-01   2.7542E-01   4.3107E-07  1.0000
   2.7542E-01   2.9512E-01   1.2415E-06  0.5835
   2.9512E-01   3.1623E-01   0.0000E+00  0.0000
   3.1623E-01   3.3884E-01   2.4408E-06  0.8240
   3.3884E-01   3.6308E-01   1.5124E-06  0.8089
   3.6308E-01   3.8905E-01   3.4343E-06  1.0000
   3.8905E-01   4.1687E-01   5.0632E-06  0.7172
   4.1687E-01   4.4668E-01   2.6753E-06  0.5939
   4.4668E-01   4.7863E-01   5.7694E-06  0.7134
   4.7863E-01   5.1286E-01   6.0054E-06  0.4754
   5.1286E-01   5.4954E-01   1.6263E-07  1.0000
   5.4954E-01   5.8884E-01   5.7403E-06  0.7307
   5.8884E-01   6.3096E-01   0.0000E+00  0.0000
   6.3096E-01   6.7608E-01   0.0000E+00  0.0000
   6.7608E-01   7.2444E-01   2.9425E-06  0.5937
   7.2444E-01   7.7625E-01   0.0000E+00  0.0000
   7.7625E-01   8.3176E-01   0.0000E+00  0.0000
   8.3176E-01   8.9125E-01   3.4483E-07  1.0000
   8.9125E-01   9.5499E-01   3.1567E-06  0.9409
   9.5499E-01   1.0233E+00   1.6470E-06  1.0000
   1.0233E+00   1.0965E+00   1.4799E-06  1.0000
   1.0965E+00   1.1749E+00   1.2959E-06  1.0000
   1.1749E+00   1.2589E+00   1.9351E-07  1.0000
   1.2589E+00   1.3490E+00   5.0815E-07  0.7502
   1.3490E+00   1.4454E+00   4.3198E-07  1.0000
   1.4454E+00   1.5488E+00   0.0000E+00  0.0000
   1.5488E+00   1.6596E+00   0.0000E+00  0.0000
   1.6596E+00   1.7783E+00   1.1838E-06  0.7612
   1.7783E+00   1.9055E+00   3.3354E-06  1.0000
   1.9055E+00   2.0417E+00   0.0000E+00  0.0000
   2.0417E+00   2.1878E+00   2.0664E-06  1.0000
   2.1878E+00   2.3442E+00   0.0000E+00  0.0000
   2.3442E+00   2.5119E+00   0.0000E+00  0.0000
   2.5119E+00   2.6915E+00   2.3990E-06  0.7492
   2.6915E+00   2.8840E+00   8.8403E-07  1.0000
   2.8840E+00   3.0903E+00   0.0000E+00  0.0000
   3.0903E+00   3.3113E+00   0.0000E+00  0.0000
   3.3113E+00   3.5481E+00   8.3298E-07  0.8090
   3.5481E+00   3.8019E+00   0.0000E+00  0.0000
   3.8019E+00   4.0738E+00   0.0000E+00  0.0000
   4.0738E+00   4.3652E+00   0.0000E+00  0.0000
   4.3652E+00   4.6774E+00   0.0000E+00  0.0000
   4.6774E+00   5.0119E+00   7.8731E-07  1.0000
   5.0119E+00   5.3703E+00   1.3709E-06  0.8121
   5.3703E+00   5.7544E+00   2.8740E-07  1.0000
   5.7544E+00   6.1660E+00   0.0000E+00  0.0000
   6.1660E+00   6.6069E+00   0.0000E+00  0.0000
   6.6069E+00   7.0795E+00   1.5080E-06  0.7486
   7.0795E+00   7.5858E+00   0.0000E+00  0.0000
   7.5858E+00   8.1283E+00   3.4873E-07  1.0000
   8.1283E+00   8.7096E+00   1.1637E-06  1.0000
   8.7096E+00   9.3325E+00   6.0171E-07  1.0000
   9.3325E+00   1.0000E+01   8.8369E-07  1.0000

#   sum over                 9.3719E-05  0.1577

'no. = 20,  reg  =   4600'
msuc: {\huge [t-track] in region mesh}
msdr: {\it plotted by \ANGEL \version}
msdl: {\it calculated by \PHITS  3.36}
wt: s(0.7)
\vspace{-3}
   vol  &=&   8.5982E+01 [cm^3]
e:

#------------------------------------------------------------------------------
 newpage:
#   no. = 21   reg =   4800

x: Energy [MeV/n]
y: Flux [1/cm^2/source]              
p: xlog ylog afac(0.8) form(0.9)
h: n            x            y(photon  ),hh0l n  
#  e-lower      e-upper        photon    r.err 
   1.0000E-02   1.0715E-02   0.0000E+00  0.0000
   1.0715E-02   1.1482E-02   0.0000E+00  0.0000
   1.1482E-02   1.2303E-02   0.0000E+00  0.0000
   1.2303E-02   1.3183E-02   0.0000E+00  0.0000
   1.3183E-02   1.4125E-02   0.0000E+00  0.0000
   1.4125E-02   1.5136E-02   0.0000E+00  0.0000
   1.5136E-02   1.6218E-02   0.0000E+00  0.0000
   1.6218E-02   1.7378E-02   0.0000E+00  0.0000
   1.7378E-02   1.8621E-02   0.0000E+00  0.0000
   1.8621E-02   1.9953E-02   0.0000E+00  0.0000
   1.9953E-02   2.1380E-02   0.0000E+00  0.0000
   2.1380E-02   2.2909E-02   0.0000E+00  0.0000
   2.2909E-02   2.4547E-02   0.0000E+00  0.0000
   2.4547E-02   2.6303E-02   0.0000E+00  0.0000
   2.6303E-02   2.8184E-02   0.0000E+00  0.0000
   2.8184E-02   3.0200E-02   0.0000E+00  0.0000
   3.0200E-02   3.2359E-02   0.0000E+00  0.0000
   3.2359E-02   3.4674E-02   0.0000E+00  0.0000
   3.4674E-02   3.7154E-02   0.0000E+00  0.0000
   3.7154E-02   3.9811E-02   0.0000E+00  0.0000
   3.9811E-02   4.2658E-02   0.0000E+00  0.0000
   4.2658E-02   4.5709E-02   0.0000E+00  0.0000
   4.5709E-02   4.8978E-02   0.0000E+00  0.0000
   4.8978E-02   5.2481E-02   5.3180E-07  1.0000
   5.2481E-02   5.6234E-02   1.3439E-06  1.0000
   5.6234E-02   6.0256E-02   1.9628E-06  1.0000
   6.0256E-02   6.4565E-02   0.0000E+00  0.0000
   6.4565E-02   6.9183E-02   1.8554E-06  0.7236
   6.9183E-02   7.4131E-02   0.0000E+00  0.0000
   7.4131E-02   7.9433E-02   0.0000E+00  0.0000
   7.9433E-02   8.5114E-02   0.0000E+00  0.0000
   8.5114E-02   9.1201E-02   1.7998E-06  1.0000
   9.1201E-02   9.7724E-02   0.0000E+00  0.0000
   9.7724E-02   1.0471E-01   2.0582E-06  1.0000
   1.0471E-01   1.1220E-01   0.0000E+00  0.0000
   1.1220E-01   1.2023E-01   4.0048E-07  1.0000
   1.2023E-01   1.2882E-01   3.1802E-06  1.0000
   1.2882E-01   1.3804E-01   0.0000E+00  0.0000
   1.3804E-01   1.4791E-01   0.0000E+00  0.0000
   1.4791E-01   1.5849E-01   4.4065E-06  0.6516
   1.5849E-01   1.6982E-01   1.1496E-06  1.0000
   1.6982E-01   1.8197E-01   1.2292E-06  1.0000
   1.8197E-01   1.9498E-01   0.0000E+00  0.0000
   1.9498E-01   2.0893E-01   0.0000E+00  0.0000
   2.0893E-01   2.2387E-01   2.9170E-06  1.0000
   2.2387E-01   2.3988E-01   4.4985E-06  0.7087
   2.3988E-01   2.5704E-01   0.0000E+00  0.0000
   2.5704E-01   2.7542E-01   0.0000E+00  0.0000
   2.7542E-01   2.9512E-01   1.3022E-06  1.0000
   2.9512E-01   3.1623E-01   0.0000E+00  0.0000
   3.1623E-01   3.3884E-01   1.0511E-06  1.0000
   3.3884E-01   3.6308E-01   3.9352E-06  0.7449
   3.6308E-01   3.8905E-01   0.0000E+00  0.0000
   3.8905E-01   4.1687E-01   0.0000E+00  0.0000
   4.1687E-01   4.4668E-01   0.0000E+00  0.0000
   4.4668E-01   4.7863E-01   0.0000E+00  0.0000
   4.7863E-01   5.1286E-01   9.4204E-06  0.4369
   5.1286E-01   5.4954E-01   0.0000E+00  0.0000
   5.4954E-01   5.8884E-01   4.2441E-06  0.7089
   5.8884E-01   6.3096E-01   0.0000E+00  0.0000
   6.3096E-01   6.7608E-01   0.0000E+00  0.0000
   6.7608E-01   7.2444E-01   0.0000E+00  0.0000
   7.2444E-01   7.7625E-01   3.6694E-06  1.0000
   7.7625E-01   8.3176E-01   0.0000E+00  0.0000
   8.3176E-01   8.9125E-01   3.5816E-06  0.8412
   8.9125E-01   9.5499E-01   0.0000E+00  0.0000
   9.5499E-01   1.0233E+00   0.0000E+00  0.0000
   1.0233E+00   1.0965E+00   0.0000E+00  0.0000
   1.0965E+00   1.1749E+00   0.0000E+00  0.0000
   1.1749E+00   1.2589E+00   1.6406E-06  1.0000
   1.2589E+00   1.3490E+00   2.2408E-06  1.0000
   1.3490E+00   1.4454E+00   2.2026E-06  1.0000
   1.4454E+00   1.5488E+00   0.0000E+00  0.0000
   1.5488E+00   1.6596E+00   4.5558E-07  1.0000
   1.6596E+00   1.7783E+00   0.0000E+00  0.0000
   1.7783E+00   1.9055E+00   0.0000E+00  0.0000
   1.9055E+00   2.0417E+00   0.0000E+00  0.0000
   2.0417E+00   2.1878E+00   0.0000E+00  0.0000
   2.1878E+00   2.3442E+00   4.1157E-07  1.0000
   2.3442E+00   2.5119E+00   4.3274E-06  1.0000
   2.5119E+00   2.6915E+00   0.0000E+00  0.0000
   2.6915E+00   2.8840E+00   1.5214E-07  1.0000
   2.8840E+00   3.0903E+00   8.4812E-06  1.0000
   3.0903E+00   3.3113E+00   2.4417E-06  1.0000
   3.3113E+00   3.5481E+00   0.0000E+00  0.0000
   3.5481E+00   3.8019E+00   0.0000E+00  0.0000
   3.8019E+00   4.0738E+00   0.0000E+00  0.0000
   4.0738E+00   4.3652E+00   0.0000E+00  0.0000
   4.3652E+00   4.6774E+00   1.5165E-06  1.0000
   4.6774E+00   5.0119E+00   0.0000E+00  0.0000
   5.0119E+00   5.3703E+00   0.0000E+00  0.0000
   5.3703E+00   5.7544E+00   0.0000E+00  0.0000
   5.7544E+00   6.1660E+00   0.0000E+00  0.0000
   6.1660E+00   6.6069E+00   0.0000E+00  0.0000
   6.6069E+00   7.0795E+00   2.1021E-06  1.0000
   7.0795E+00   7.5858E+00   0.0000E+00  0.0000
   7.5858E+00   8.1283E+00   0.0000E+00  0.0000
   8.1283E+00   8.7096E+00   3.5626E-06  1.0000
   8.7096E+00   9.3325E+00   4.6043E-06  1.0000
   9.3325E+00   1.0000E+01   6.3897E-07  1.0000

#   sum over                 8.9315E-05  0.2065

'no. = 21,  reg  =   4800'
msuc: {\huge [t-track] in region mesh}
msdr: {\it plotted by \ANGEL \version}
msdl: {\it calculated by \PHITS  3.36}
wt: s(0.7)
\vspace{-3}
   vol  &=&   6.6963E+01 [cm^3]
e:

#------------------------------------------------------------------------------
 newpage:
#   no. = 22   reg =   5000

x: Energy [MeV/n]
y: Flux [1/cm^2/source]              
p: xlog ylog afac(0.8) form(0.9)
h: n            x            y(photon  ),hh0l n  
#  e-lower      e-upper        photon    r.err 
   1.0000E-02   1.0715E-02   6.8527E-08  1.0000
   1.0715E-02   1.1482E-02   1.5764E-07  1.0000
   1.1482E-02   1.2303E-02   3.2963E-08  1.0000
   1.2303E-02   1.3183E-02   0.0000E+00  0.0000
   1.3183E-02   1.4125E-02   0.0000E+00  0.0000
   1.4125E-02   1.5136E-02   5.0031E-08  0.7774
   1.5136E-02   1.6218E-02   0.0000E+00  0.0000
   1.6218E-02   1.7378E-02   0.0000E+00  0.0000
   1.7378E-02   1.8621E-02   0.0000E+00  0.0000
   1.8621E-02   1.9953E-02   0.0000E+00  0.0000
   1.9953E-02   2.1380E-02   4.0400E-08  1.0000
   2.1380E-02   2.2909E-02   0.0000E+00  0.0000
   2.2909E-02   2.4547E-02   3.7983E-07  0.9579
   2.4547E-02   2.6303E-02   0.0000E+00  0.0000
   2.6303E-02   2.8184E-02   4.3167E-07  1.0000
   2.8184E-02   3.0200E-02   6.0727E-08  1.0000
   3.0200E-02   3.2359E-02   2.4926E-06  0.6757
   3.2359E-02   3.4674E-02   3.7249E-07  1.0000
   3.4674E-02   3.7154E-02   1.9299E-06  0.6904
   3.7154E-02   3.9811E-02   4.6427E-06  0.4103
   3.9811E-02   4.2658E-02   8.7487E-08  1.0000
   4.2658E-02   4.5709E-02   1.0192E-06  0.8285
   4.5709E-02   4.8978E-02   4.6394E-06  0.4976
   4.8978E-02   5.2481E-02   9.1779E-07  0.9070
   5.2481E-02   5.6234E-02   2.1314E-06  0.4869
   5.6234E-02   6.0256E-02   7.9854E-06  0.3713
   6.0256E-02   6.4565E-02   2.5563E-06  0.6123
   6.4565E-02   6.9183E-02   5.5049E-06  0.3647
   6.9183E-02   7.4131E-02   3.0930E-06  0.4950
   7.4131E-02   7.9433E-02   4.3731E-06  0.4289
   7.9433E-02   8.5114E-02   5.1262E-06  0.3927
   8.5114E-02   9.1201E-02   2.5224E-06  0.5303
   9.1201E-02   9.7724E-02   5.6524E-06  0.4080
   9.7724E-02   1.0471E-01   6.8063E-06  0.4232
   1.0471E-01   1.1220E-01   5.8132E-06  0.3617
   1.1220E-01   1.2023E-01   3.1505E-06  0.4776
   1.2023E-01   1.2882E-01   7.7462E-07  0.7247
   1.2882E-01   1.3804E-01   3.1308E-06  0.4764
   1.3804E-01   1.4791E-01   1.5161E-06  0.7843
   1.4791E-01   1.5849E-01   1.2122E-05  0.3308
   1.5849E-01   1.6982E-01   4.3322E-06  0.3535
   1.6982E-01   1.8197E-01   9.4958E-06  0.3289
   1.8197E-01   1.9498E-01   5.8573E-06  0.3435
   1.9498E-01   2.0893E-01   7.6077E-06  0.3010
   2.0893E-01   2.2387E-01   3.0596E-06  0.4845
   2.2387E-01   2.3988E-01   6.3467E-06  0.4160
   2.3988E-01   2.5704E-01   8.1361E-06  0.3856
   2.5704E-01   2.7542E-01   5.8284E-06  0.4842
   2.7542E-01   2.9512E-01   3.7924E-06  0.4977
   2.9512E-01   3.1623E-01   5.5853E-06  0.4316
   3.1623E-01   3.3884E-01   6.4113E-06  0.4232
   3.3884E-01   3.6308E-01   5.5357E-06  0.3918
   3.6308E-01   3.8905E-01   7.1382E-06  0.3875
   3.8905E-01   4.1687E-01   1.4307E-06  0.6636
   4.1687E-01   4.4668E-01   4.9451E-06  0.3634
   4.4668E-01   4.7863E-01   6.5434E-07  1.0000
   4.7863E-01   5.1286E-01   3.9389E-05  0.1711
   5.1286E-01   5.4954E-01   1.4529E-06  0.7138
   5.4954E-01   5.8884E-01   1.9994E-06  0.6228
   5.8884E-01   6.3096E-01   0.0000E+00  0.0000
   6.3096E-01   6.7608E-01   1.2630E-06  0.6887
   6.7608E-01   7.2444E-01   1.9764E-06  0.6574
   7.2444E-01   7.7625E-01   9.3052E-07  0.7243
   7.7625E-01   8.3176E-01   2.5050E-06  0.6685
   8.3176E-01   8.9125E-01   7.9024E-07  1.0000
   8.9125E-01   9.5499E-01   4.9292E-06  0.5456
   9.5499E-01   1.0233E+00   3.2537E-06  0.6143
   1.0233E+00   1.0965E+00   4.0184E-07  1.0000
   1.0965E+00   1.1749E+00   1.2967E-06  0.5199
   1.1749E+00   1.2589E+00   2.3029E-06  0.5205
   1.2589E+00   1.3490E+00   6.3451E-07  1.0000
   1.3490E+00   1.4454E+00   2.6122E-06  0.5696
   1.4454E+00   1.5488E+00   1.8654E-06  0.5419
   1.5488E+00   1.6596E+00   1.0383E-06  1.0000
   1.6596E+00   1.7783E+00   1.7204E-06  1.0000
   1.7783E+00   1.9055E+00   2.3829E-06  0.5560
   1.9055E+00   2.0417E+00   3.6004E-06  0.5329
   2.0417E+00   2.1878E+00   3.0003E-07  1.0000
   2.1878E+00   2.3442E+00   1.8504E-06  0.5218
   2.3442E+00   2.5119E+00   5.4182E-07  0.6563
   2.5119E+00   2.6915E+00   1.2314E-06  0.6095
   2.6915E+00   2.8840E+00   3.6785E-07  0.7919
   2.8840E+00   3.0903E+00   0.0000E+00  0.0000
   3.0903E+00   3.3113E+00   4.8024E-07  0.7342
   3.3113E+00   3.5481E+00   2.1921E-06  0.6507
   3.5481E+00   3.8019E+00   0.0000E+00  0.0000
   3.8019E+00   4.0738E+00   7.7008E-07  0.7082
   4.0738E+00   4.3652E+00   9.1946E-07  0.7077
   4.3652E+00   4.6774E+00   4.4379E-06  0.4735
   4.6774E+00   5.0119E+00   0.0000E+00  0.0000
   5.0119E+00   5.3703E+00   2.1383E-06  0.5958
   5.3703E+00   5.7544E+00   1.2158E-06  0.8976
   5.7544E+00   6.1660E+00   2.1517E-06  0.7892
   6.1660E+00   6.6069E+00   4.8397E-06  0.4426
   6.6069E+00   7.0795E+00   3.3176E-06  0.5279
   7.0795E+00   7.5858E+00   5.1936E-06  0.4220
   7.5858E+00   8.1283E+00   5.6737E-06  0.4584
   8.1283E+00   8.7096E+00   3.5097E-06  0.5539
   8.7096E+00   9.3325E+00   2.9420E-06  0.6560
   9.3325E+00   1.0000E+01   3.5402E-06  0.5470

#   sum over                 2.9970E-04  0.0719

'no. = 22,  reg  =   5000'
msuc: {\huge [t-track] in region mesh}
msdr: {\it plotted by \ANGEL \version}
msdl: {\it calculated by \PHITS  3.36}
wt: s(0.7)
\vspace{-3}
   vol  &=&   2.5177E+02 [cm^3]
e:

#------------------------------------------------------------------------------
 newpage:
#   no. = 23   reg =   5200

x: Energy [MeV/n]
y: Flux [1/cm^2/source]              
p: xlog ylog afac(0.8) form(0.9)
h: n            x            y(photon  ),hh0l n  
#  e-lower      e-upper        photon    r.err 
   1.0000E-02   1.0715E-02   0.0000E+00  0.0000
   1.0715E-02   1.1482E-02   7.3491E-08  0.9599
   1.1482E-02   1.2303E-02   3.3733E-08  1.0000
   1.2303E-02   1.3183E-02   2.5382E-08  1.0000
   1.3183E-02   1.4125E-02   0.0000E+00  0.0000
   1.4125E-02   1.5136E-02   0.0000E+00  0.0000
   1.5136E-02   1.6218E-02   0.0000E+00  0.0000
   1.6218E-02   1.7378E-02   0.0000E+00  0.0000
   1.7378E-02   1.8621E-02   0.0000E+00  0.0000
   1.8621E-02   1.9953E-02   0.0000E+00  0.0000
   1.9953E-02   2.1380E-02   0.0000E+00  0.0000
   2.1380E-02   2.2909E-02   0.0000E+00  0.0000
   2.2909E-02   2.4547E-02   0.0000E+00  0.0000
   2.4547E-02   2.6303E-02   0.0000E+00  0.0000
   2.6303E-02   2.8184E-02   8.5794E-08  1.0000
   2.8184E-02   3.0200E-02   0.0000E+00  0.0000
   3.0200E-02   3.2359E-02   0.0000E+00  0.0000
   3.2359E-02   3.4674E-02   0.0000E+00  0.0000
   3.4674E-02   3.7154E-02   0.0000E+00  0.0000
   3.7154E-02   3.9811E-02   1.1424E-06  0.5941
   3.9811E-02   4.2658E-02   9.1085E-08  1.0000
   4.2658E-02   4.5709E-02   2.2636E-06  0.5326
   4.5709E-02   4.8978E-02   6.2048E-06  0.4581
   4.8978E-02   5.2481E-02   2.8826E-06  0.4343
   5.2481E-02   5.6234E-02   3.4309E-06  0.6349
   5.6234E-02   6.0256E-02   7.1735E-06  0.4324
   6.0256E-02   6.4565E-02   5.8907E-06  0.4252
   6.4565E-02   6.9183E-02   6.8395E-06  0.4281
   6.9183E-02   7.4131E-02   3.6558E-06  0.5945
   7.4131E-02   7.9433E-02   1.0398E-05  0.3591
   7.9433E-02   8.5114E-02   4.2765E-06  0.4571
   8.5114E-02   9.1201E-02   6.0910E-06  0.3632
   9.1201E-02   9.7724E-02   1.9237E-06  0.5773
   9.7724E-02   1.0471E-01   3.5607E-06  0.4015
   1.0471E-01   1.1220E-01   6.4678E-06  0.4147
   1.1220E-01   1.2023E-01   3.1044E-06  0.4264
   1.2023E-01   1.2882E-01   4.2075E-06  0.6120
   1.2882E-01   1.3804E-01   9.0752E-06  0.3752
   1.3804E-01   1.4791E-01   3.9474E-06  0.4487
   1.4791E-01   1.5849E-01   7.1723E-06  0.4431
   1.5849E-01   1.6982E-01   6.1968E-06  0.4044
   1.6982E-01   1.8197E-01   3.4815E-06  0.4559
   1.8197E-01   1.9498E-01   1.1522E-05  0.3388
   1.9498E-01   2.0893E-01   4.6761E-06  0.5148
   2.0893E-01   2.2387E-01   1.1212E-05  0.3143
   2.2387E-01   2.3988E-01   5.4787E-06  0.3939
   2.3988E-01   2.5704E-01   8.6865E-06  0.3869
   2.5704E-01   2.7542E-01   2.2578E-06  0.4872
   2.7542E-01   2.9512E-01   2.4938E-06  0.5737
   2.9512E-01   3.1623E-01   5.9551E-06  0.4429
   3.1623E-01   3.3884E-01   6.3505E-06  0.5023
   3.3884E-01   3.6308E-01   5.9208E-06  0.5340
   3.6308E-01   3.8905E-01   6.6551E-06  0.4038
   3.8905E-01   4.1687E-01   8.1461E-06  0.3820
   4.1687E-01   4.4668E-01   2.8806E-06  0.5805
   4.4668E-01   4.7863E-01   4.6996E-06  0.5360
   4.7863E-01   5.1286E-01   3.5923E-05  0.1941
   5.1286E-01   5.4954E-01   1.4687E-06  0.6048
   5.4954E-01   5.8884E-01   1.8894E-06  0.6894
   5.8884E-01   6.3096E-01   4.8303E-06  0.5085
   6.3096E-01   6.7608E-01   2.7516E-06  0.8229
   6.7608E-01   7.2444E-01   2.7752E-06  0.6108
   7.2444E-01   7.7625E-01   7.1608E-07  0.8134
   7.7625E-01   8.3176E-01   3.5934E-06  0.5339
   8.3176E-01   8.9125E-01   1.6088E-06  0.6155
   8.9125E-01   9.5499E-01   4.4682E-06  0.6043
   9.5499E-01   1.0233E+00   3.2881E-06  0.6845
   1.0233E+00   1.0965E+00   1.8715E-06  0.8811
   1.0965E+00   1.1749E+00   4.9508E-06  0.4934
   1.1749E+00   1.2589E+00   0.0000E+00  0.0000
   1.2589E+00   1.3490E+00   3.1671E-06  0.5938
   1.3490E+00   1.4454E+00   2.3202E-06  0.6434
   1.4454E+00   1.5488E+00   1.1538E-06  0.7224
   1.5488E+00   1.6596E+00   5.4676E-06  0.5414
   1.6596E+00   1.7783E+00   9.0789E-08  1.0000
   1.7783E+00   1.9055E+00   0.0000E+00  0.0000
   1.9055E+00   2.0417E+00   3.9838E-06  0.6197
   2.0417E+00   2.1878E+00   1.8390E-06  0.7156
   2.1878E+00   2.3442E+00   2.6831E-06  0.5832
   2.3442E+00   2.5119E+00   1.9729E-06  0.7334
   2.5119E+00   2.6915E+00   6.2758E-07  1.0000
   2.6915E+00   2.8840E+00   1.4771E-06  1.0000
   2.8840E+00   3.0903E+00   4.8702E-07  1.0000
   3.0903E+00   3.3113E+00   7.0688E-07  1.0000
   3.3113E+00   3.5481E+00   2.7159E-06  0.5341
   3.5481E+00   3.8019E+00   1.2948E-06  0.7866
   3.8019E+00   4.0738E+00   4.2350E-06  0.6644
   4.0738E+00   4.3652E+00   5.5114E-06  0.5502
   4.3652E+00   4.6774E+00   4.8822E-06  0.5747
   4.6774E+00   5.0119E+00   4.2727E-07  1.0000
   5.0119E+00   5.3703E+00   0.0000E+00  0.0000
   5.3703E+00   5.7544E+00   4.4181E-06  0.7155
   5.7544E+00   6.1660E+00   1.5012E-06  0.8000
   6.1660E+00   6.6069E+00   6.8909E-07  1.0000
   6.6069E+00   7.0795E+00   0.0000E+00  0.0000
   7.0795E+00   7.5858E+00   1.8859E-06  0.8242
   7.5858E+00   8.1283E+00   2.8588E-06  0.7081
   8.1283E+00   8.7096E+00   2.5905E-06  0.7423
   8.7096E+00   9.3325E+00   2.6977E-06  0.8875
   9.3325E+00   1.0000E+01   1.2037E-06  0.9776

#   sum over                 3.2965E-04  0.0806

'no. = 23,  reg  =   5200'
msuc: {\huge [t-track] in region mesh}
msdr: {\it plotted by \ANGEL \version}
msdl: {\it calculated by \PHITS  3.36}
wt: s(0.7)
\vspace{-3}
   vol  &=&   2.2745E+02 [cm^3]
e:

#------------------------------------------------------------------------------
 newpage:
#   no. = 24   reg =   5400

x: Energy [MeV/n]
y: Flux [1/cm^2/source]              
p: xlog ylog afac(0.8) form(0.9)
h: n            x            y(photon  ),hh0l n  
#  e-lower      e-upper        photon    r.err 
   1.0000E-02   1.0715E-02   0.0000E+00  0.0000
   1.0715E-02   1.1482E-02   0.0000E+00  0.0000
   1.1482E-02   1.2303E-02   0.0000E+00  0.0000
   1.2303E-02   1.3183E-02   0.0000E+00  0.0000
   1.3183E-02   1.4125E-02   0.0000E+00  0.0000
   1.4125E-02   1.5136E-02   0.0000E+00  0.0000
   1.5136E-02   1.6218E-02   0.0000E+00  0.0000
   1.6218E-02   1.7378E-02   0.0000E+00  0.0000
   1.7378E-02   1.8621E-02   0.0000E+00  0.0000
   1.8621E-02   1.9953E-02   0.0000E+00  0.0000
   1.9953E-02   2.1380E-02   1.0748E-06  1.0000
   2.1380E-02   2.2909E-02   0.0000E+00  0.0000
   2.2909E-02   2.4547E-02   1.2852E-06  1.0000
   2.4547E-02   2.6303E-02   3.1744E-07  1.0000
   2.6303E-02   2.8184E-02   0.0000E+00  0.0000
   2.8184E-02   3.0200E-02   0.0000E+00  0.0000
   3.0200E-02   3.2359E-02   7.9725E-07  1.0000
   3.2359E-02   3.4674E-02   8.1820E-07  1.0000
   3.4674E-02   3.7154E-02   0.0000E+00  0.0000
   3.7154E-02   3.9811E-02   1.8455E-06  0.7314
   3.9811E-02   4.2658E-02   0.0000E+00  0.0000
   4.2658E-02   4.5709E-02   7.1979E-06  0.5864
   4.5709E-02   4.8978E-02   0.0000E+00  0.0000
   4.8978E-02   5.2481E-02   2.7760E-07  1.0000
   5.2481E-02   5.6234E-02   4.7650E-07  1.0000
   5.6234E-02   6.0256E-02   1.8537E-06  0.6387
   6.0256E-02   6.4565E-02   1.8965E-06  1.0000
   6.4565E-02   6.9183E-02   3.0365E-06  0.5072
   6.9183E-02   7.4131E-02   1.4184E-06  0.7084
   7.4131E-02   7.9433E-02   3.3594E-06  0.5354
   7.9433E-02   8.5114E-02   0.0000E+00  0.0000
   8.5114E-02   9.1201E-02   2.8718E-06  0.6227
   9.1201E-02   9.7724E-02   2.5943E-06  0.7075
   9.7724E-02   1.0471E-01   1.6239E-06  0.6188
   1.0471E-01   1.1220E-01   5.9669E-07  1.0000
   1.1220E-01   1.2023E-01   3.7055E-06  0.6833
   1.2023E-01   1.2882E-01   5.9530E-06  0.5238
   1.2882E-01   1.3804E-01   1.6600E-07  1.0000
   1.3804E-01   1.4791E-01   1.8409E-06  0.5933
   1.4791E-01   1.5849E-01   6.0367E-06  0.5988
   1.5849E-01   1.6982E-01   2.1234E-06  0.7156
   1.6982E-01   1.8197E-01   1.4104E-06  0.7900
   1.8197E-01   1.9498E-01   4.6124E-07  0.8181
   1.9498E-01   2.0893E-01   2.5734E-06  1.0000
   2.0893E-01   2.2387E-01   1.4582E-06  1.0000
   2.2387E-01   2.3988E-01   1.5438E-06  1.0000
   2.3988E-01   2.5704E-01   1.9176E-06  1.0000
   2.5704E-01   2.7542E-01   0.0000E+00  0.0000
   2.7542E-01   2.9512E-01   3.3935E-06  0.7078
   2.9512E-01   3.1623E-01   9.7411E-06  0.6120
   3.1623E-01   3.3884E-01   0.0000E+00  0.0000
   3.3884E-01   3.6308E-01   1.6106E-07  1.0000
   3.6308E-01   3.8905E-01   9.6536E-07  1.0000
   3.8905E-01   4.1687E-01   4.1820E-06  0.7423
   4.1687E-01   4.4668E-01   4.0501E-08  1.0000
   4.4668E-01   4.7863E-01   0.0000E+00  0.0000
   4.7863E-01   5.1286E-01   1.8185E-05  0.3994
   5.1286E-01   5.4954E-01   0.0000E+00  0.0000
   5.4954E-01   5.8884E-01   0.0000E+00  0.0000
   5.8884E-01   6.3096E-01   0.0000E+00  0.0000
   6.3096E-01   6.7608E-01   3.3881E-06  1.0000
   6.7608E-01   7.2444E-01   1.3260E-07  1.0000
   7.2444E-01   7.7625E-01   0.0000E+00  0.0000
   7.7625E-01   8.3176E-01   0.0000E+00  0.0000
   8.3176E-01   8.9125E-01   0.0000E+00  0.0000
   8.9125E-01   9.5499E-01   2.4893E-06  1.0000
   9.5499E-01   1.0233E+00   1.1818E-06  1.0000
   1.0233E+00   1.0965E+00   2.5002E-06  0.8889
   1.0965E+00   1.1749E+00   0.0000E+00  0.0000
   1.1749E+00   1.2589E+00   0.0000E+00  0.0000
   1.2589E+00   1.3490E+00   0.0000E+00  0.0000
   1.3490E+00   1.4454E+00   9.9385E-07  1.0000
   1.4454E+00   1.5488E+00   0.0000E+00  0.0000
   1.5488E+00   1.6596E+00   1.4018E-06  1.0000
   1.6596E+00   1.7783E+00   0.0000E+00  0.0000
   1.7783E+00   1.9055E+00   0.0000E+00  0.0000
   1.9055E+00   2.0417E+00   1.5951E-06  1.0000
   2.0417E+00   2.1878E+00   1.6402E-06  1.0000
   2.1878E+00   2.3442E+00   0.0000E+00  0.0000
   2.3442E+00   2.5119E+00   5.5526E-08  1.0000
   2.5119E+00   2.6915E+00   0.0000E+00  0.0000
   2.6915E+00   2.8840E+00   0.0000E+00  0.0000
   2.8840E+00   3.0903E+00   0.0000E+00  0.0000
   3.0903E+00   3.3113E+00   2.7277E-06  0.7142
   3.3113E+00   3.5481E+00   3.9379E-06  0.7164
   3.5481E+00   3.8019E+00   0.0000E+00  0.0000
   3.8019E+00   4.0738E+00   1.8220E-06  1.0000
   4.0738E+00   4.3652E+00   1.6779E-07  1.0000
   4.3652E+00   4.6774E+00   0.0000E+00  0.0000
   4.6774E+00   5.0119E+00   0.0000E+00  0.0000
   5.0119E+00   5.3703E+00   0.0000E+00  0.0000
   5.3703E+00   5.7544E+00   4.1502E-06  0.7253
   5.7544E+00   6.1660E+00   0.0000E+00  0.0000
   6.1660E+00   6.6069E+00   0.0000E+00  0.0000
   6.6069E+00   7.0795E+00   0.0000E+00  0.0000
   7.0795E+00   7.5858E+00   1.5575E-06  1.0000
   7.5858E+00   8.1283E+00   7.2946E-07  1.0000
   8.1283E+00   8.7096E+00   1.5345E-06  1.0000
   8.7096E+00   9.3325E+00   0.0000E+00  0.0000
   9.3325E+00   1.0000E+01   1.7642E-06  1.0000

#   sum over                 1.3297E-04  0.1528

'no. = 24,  reg  =   5400'
msuc: {\huge [t-track] in region mesh}
msdr: {\it plotted by \ANGEL \version}
msdl: {\it calculated by \PHITS  3.36}
wt: s(0.7)
\vspace{-3}
   vol  &=&   1.4719E+02 [cm^3]
e:

#------------------------------------------------------------------------------
 newpage:
#   no. = 25   reg =   5600

x: Energy [MeV/n]
y: Flux [1/cm^2/source]              
p: xlog ylog afac(0.8) form(0.9)
h: n            x            y(photon  ),hh0l n  
#  e-lower      e-upper        photon    r.err 
   1.0000E-02   1.0715E-02   0.0000E+00  0.0000
   1.0715E-02   1.1482E-02   0.0000E+00  0.0000
   1.1482E-02   1.2303E-02   0.0000E+00  0.0000
   1.2303E-02   1.3183E-02   0.0000E+00  0.0000
   1.3183E-02   1.4125E-02   0.0000E+00  0.0000
   1.4125E-02   1.5136E-02   0.0000E+00  0.0000
   1.5136E-02   1.6218E-02   0.0000E+00  0.0000
   1.6218E-02   1.7378E-02   0.0000E+00  0.0000
   1.7378E-02   1.8621E-02   0.0000E+00  0.0000
   1.8621E-02   1.9953E-02   0.0000E+00  0.0000
   1.9953E-02   2.1380E-02   0.0000E+00  0.0000
   2.1380E-02   2.2909E-02   0.0000E+00  0.0000
   2.2909E-02   2.4547E-02   0.0000E+00  0.0000
   2.4547E-02   2.6303E-02   0.0000E+00  0.0000
   2.6303E-02   2.8184E-02   0.0000E+00  0.0000
   2.8184E-02   3.0200E-02   0.0000E+00  0.0000
   3.0200E-02   3.2359E-02   0.0000E+00  0.0000
   3.2359E-02   3.4674E-02   0.0000E+00  0.0000
   3.4674E-02   3.7154E-02   0.0000E+00  0.0000
   3.7154E-02   3.9811E-02   0.0000E+00  0.0000
   3.9811E-02   4.2658E-02   0.0000E+00  0.0000
   4.2658E-02   4.5709E-02   1.0348E-05  1.0000
   4.5709E-02   4.8978E-02   2.4965E-06  0.8987
   4.8978E-02   5.2481E-02   0.0000E+00  0.0000
   5.2481E-02   5.6234E-02   2.5980E-06  0.6074
   5.6234E-02   6.0256E-02   1.7858E-06  1.0000
   6.0256E-02   6.4565E-02   0.0000E+00  0.0000
   6.4565E-02   6.9183E-02   1.6208E-06  0.8582
   6.9183E-02   7.4131E-02   0.0000E+00  0.0000
   7.4131E-02   7.9433E-02   2.6138E-06  0.8376
   7.9433E-02   8.5114E-02   1.0872E-05  0.8627
   8.5114E-02   9.1201E-02   6.1548E-06  0.6035
   9.1201E-02   9.7724E-02   0.0000E+00  0.0000
   9.7724E-02   1.0471E-01   0.0000E+00  0.0000
   1.0471E-01   1.1220E-01   1.6136E-06  1.0000
   1.1220E-01   1.2023E-01   2.4917E-06  1.0000
   1.2023E-01   1.2882E-01   0.0000E+00  0.0000
   1.2882E-01   1.3804E-01   7.6589E-06  0.7554
   1.3804E-01   1.4791E-01   8.0597E-07  1.0000
   1.4791E-01   1.5849E-01   9.6368E-06  0.5812
   1.5849E-01   1.6982E-01   5.5980E-07  1.0000
   1.6982E-01   1.8197E-01   1.7657E-06  1.0000
   1.8197E-01   1.9498E-01   4.0051E-06  0.7108
   1.9498E-01   2.0893E-01   0.0000E+00  0.0000
   2.0893E-01   2.2387E-01   0.0000E+00  0.0000
   2.2387E-01   2.3988E-01   2.3025E-06  1.0000
   2.3988E-01   2.5704E-01   3.7168E-06  0.5928
   2.5704E-01   2.7542E-01   0.0000E+00  0.0000
   2.7542E-01   2.9512E-01   0.0000E+00  0.0000
   2.9512E-01   3.1623E-01   1.4556E-05  0.5002
   3.1623E-01   3.3884E-01   0.0000E+00  0.0000
   3.3884E-01   3.6308E-01   3.6914E-06  0.8877
   3.6308E-01   3.8905E-01   1.2687E-05  0.9143
   3.8905E-01   4.1687E-01   1.1885E-06  1.0000
   4.1687E-01   4.4668E-01   1.7427E-05  0.7948
   4.4668E-01   4.7863E-01   4.2601E-06  0.7290
   4.7863E-01   5.1286E-01   2.6850E-05  0.4551
   5.1286E-01   5.4954E-01   0.0000E+00  0.0000
   5.4954E-01   5.8884E-01   1.8766E-06  1.0000
   5.8884E-01   6.3096E-01   4.3763E-06  1.0000
   6.3096E-01   6.7608E-01   3.9059E-06  0.7602
   6.7608E-01   7.2444E-01   5.3714E-06  1.0000
   7.2444E-01   7.7625E-01   8.8251E-06  0.7997
   7.7625E-01   8.3176E-01   1.7955E-05  0.7077
   8.3176E-01   8.9125E-01   3.9085E-06  0.7639
   8.9125E-01   9.5499E-01   1.7038E-06  1.0000
   9.5499E-01   1.0233E+00   0.0000E+00  0.0000
   1.0233E+00   1.0965E+00   6.2104E-07  1.0000
   1.0965E+00   1.1749E+00   7.2868E-07  1.0000
   1.1749E+00   1.2589E+00   0.0000E+00  0.0000
   1.2589E+00   1.3490E+00   0.0000E+00  0.0000
   1.3490E+00   1.4454E+00   0.0000E+00  0.0000
   1.4454E+00   1.5488E+00   1.2278E-05  0.7382
   1.5488E+00   1.6596E+00   1.5014E-06  1.0000
   1.6596E+00   1.7783E+00   0.0000E+00  0.0000
   1.7783E+00   1.9055E+00   0.0000E+00  0.0000
   1.9055E+00   2.0417E+00   0.0000E+00  0.0000
   2.0417E+00   2.1878E+00   1.1047E-06  1.0000
   2.1878E+00   2.3442E+00   0.0000E+00  0.0000
   2.3442E+00   2.5119E+00   0.0000E+00  0.0000
   2.5119E+00   2.6915E+00   0.0000E+00  0.0000
   2.6915E+00   2.8840E+00   1.6494E-06  1.0000
   2.8840E+00   3.0903E+00   4.3976E-06  1.0000
   3.0903E+00   3.3113E+00   0.0000E+00  0.0000
   3.3113E+00   3.5481E+00   4.7083E-06  1.0000
   3.5481E+00   3.8019E+00   6.2544E-06  0.5268
   3.8019E+00   4.0738E+00   1.2957E-06  1.0000
   4.0738E+00   4.3652E+00   0.0000E+00  0.0000
   4.3652E+00   4.6774E+00   4.9203E-06  0.8643
   4.6774E+00   5.0119E+00   0.0000E+00  0.0000
   5.0119E+00   5.3703E+00   0.0000E+00  0.0000
   5.3703E+00   5.7544E+00   0.0000E+00  0.0000
   5.7544E+00   6.1660E+00   5.7686E-06  0.9816
   6.1660E+00   6.6069E+00   1.6295E-06  1.0000
   6.6069E+00   7.0795E+00   2.5972E-06  0.8953
   7.0795E+00   7.5858E+00   0.0000E+00  0.0000
   7.5858E+00   8.1283E+00   6.6472E-06  0.8436
   8.1283E+00   8.7096E+00   0.0000E+00  0.0000
   8.7096E+00   9.3325E+00   1.7886E-06  1.0000
   9.3325E+00   1.0000E+01   0.0000E+00  0.0000

#   sum over                 2.5952E-04  0.1497

'no. = 25,  reg  =   5600'
msuc: {\huge [t-track] in region mesh}
msdr: {\it plotted by \ANGEL \version}
msdl: {\it calculated by \PHITS  3.36}
wt: s(0.7)
\vspace{-3}
   vol  &=&   4.7854E+01 [cm^3]
e:
 
# Information for Restart Calculation
# This calculation was newly started
# istdev =  2 # 1:Batch variance, 2:History variance
# resc2  = 1.00000000000000000E+04 # Total source weight or Total source weight / maxcas
# resc3  = 1.00000000000000000E+04 # Total history number or Total batch number
# maxcas =        1000 # History / Batch, only used for istdev=1
# bitrseed = 0111011010010100011001101100101001110100011011011011110011011010 # bit data of rseed
