Phantom,Source Organ ID,Source Organ Name,Source Type,Source Energy (MeV),Number of Particles,Target Organ ID,Target Organ Name,Target Organ Mass (g),Dose (Gy/source),SAF (kg^-1),Relative Error,Statistical Uncertainty (%)
ICRP 145 Adult Female,6100,Brain,photon,10.0,1000,100,Adrenal_left,6.816533157607499,0.0,0.0,0.0,0.0
ICRP 145 Adult Female,6100,Brain,photon,10.0,1000,200,Adrenal_right,8.6485539778965,0.0,0.0,0.0,0.0
ICRP 145 Adult Female,6100,Brain,photon,10.0,1000,300,ET1_0~8 um,0.008564642369599999,0.0,0.0,0.0,0.0
ICRP 145 Adult Female,6100,Brain,photon,10.0,1000,301,ET1_8~40 um,0.0345508806604,0.0,0.0,0.0,0.0
ICRP 145 Adult Female,6100,Brain,photon,10.0,1000,302,ET1_40~50 um,0.0108931829849,0.0,0.0,0.0,0.0
ICRP 145 Adult Female,6100,Brain,photon,10.0,1000,303,ET1_50 um~surface,4.3745788372289995,5.0452812010000005e-14,0.03149016839924976,0.7274836801,72.74836801
ICRP 145 Adult Female,6100,Brain,photon,10.0,1000,400,ET2_-15~0 um,0.1041581236,1.29995684e-14,0.008113692413267844,0.9994998749,99.94998749
ICRP 145 Adult Female,6100,Brain,photon,10.0,1000,401,ET2_0~40 um,0.2878573922153,1.96289279e-14,0.012251413160979368,0.9994998749,99.94998749
ICRP 145 Adult Female,6100,Brain,photon,10.0,1000,402,ET2_40~50 um,0.0723068189581,7.757668507e-15,0.004841955838310199,0.9994998749,99.94998749
ICRP 145 Adult Female,6100,Brain,photon,10.0,1000,403,ET2_50~55 um,0.036231674080899993,7.637589978e-15,0.004767008715470055,0.9994998749,99.94998749
ICRP 145 Adult Female,6100,Brain,photon,10.0,1000,404,ET2_55~65 um,0.0724804463689,2.23021504e-14,0.01391990741015974,0.9994998749,99.94998749
ICRP 145 Adult Female,6100,Brain,photon,10.0,1000,405,ET2_65 um~surface,14.1803310228681,3.1355284060000005e-14,0.019570428999279712,0.5730506962,57.305069620000005
ICRP 145 Adult Female,6100,Brain,photon,10.0,1000,500,Oral mucosa_tongue,0.06614430711,1.4441081010000002e-14,0.009013413816894363,0.8016325591,80.16325591
ICRP 145 Adult Female,6100,Brain,photon,10.0,1000,501,Oral mucosa_mouth floor,0.016117579485000002,5.937189601000001e-14,0.03705702277143789,0.5892682314,58.926823139999996
ICRP 145 Adult Female,6100,Brain,photon,10.0,1000,600,Oral mucosa_lips_and cheeks,0.01882475847,0.0,0.0,0.0,0.0
ICRP 145 Adult Female,6100,Brain,photon,10.0,1000,700,Trachea,8.2011228190332,0.0,0.0,0.0,0.0
ICRP 145 Adult Female,6100,Brain,photon,10.0,1000,800,BB1_-11~-6 um,0.0102339567,0.0,0.0,0.0,0.0
ICRP 145 Adult Female,6100,Brain,photon,10.0,1000,801,BB1_-6~0 um,0.0126340007099,0.0,0.0,0.0,0.0
ICRP 145 Adult Female,6100,Brain,photon,10.0,1000,802,BB1_0~10 um,0.021103041026999995,0.0,0.0,0.0,0.0
ICRP 145 Adult Female,6100,Brain,photon,10.0,1000,803,BB1_10~35 um,0.0530281593402,0.0,0.0,0.0,0.0
ICRP 145 Adult Female,6100,Brain,photon,10.0,1000,804,BB1_35~40 um,0.0106508082879,0.0,0.0,0.0,0.0
ICRP 145 Adult Female,6100,Brain,photon,10.0,1000,805,BB1_40~50 um,0.0213479049704,0.0,0.0,0.0,0.0
ICRP 145 Adult Female,6100,Brain,photon,10.0,1000,806,BB1_50~60 um,0.021410071177399997,0.0,0.0,0.0,0.0
ICRP 145 Adult Female,6100,Brain,photon,10.0,1000,807,BB1_60~70 um,0.021469763396799995,0.0,0.0,0.0,0.0
ICRP 145 Adult Female,6100,Brain,photon,10.0,1000,808,BB1_70 um~surface,1.1790086138983997,0.0,0.0,0.0,0.0
ICRP 145 Adult Female,6100,Brain,photon,10.0,1000,900,Blood in large arteries_head,1.9091482903680002,0.0,0.0,0.0,0.0
ICRP 145 Adult Female,6100,Brain,photon,10.0,1000,910,Blood in large veins_head,3.007187520752,0.0,0.0,0.0,0.0
ICRP 145 Adult Female,6100,Brain,photon,10.0,1000,1000,Blood in large arteries_trunk,117.869628099162,9.897290498e-17,6.177402845584512e-05,0.9556470827,95.56470827
ICRP 145 Adult Female,6100,Brain,photon,10.0,1000,1010,Blood in large veins_trunk,239.82989774452201,1.556730779e-15,0.0009716349283621478,0.9214076988,92.14076988
ICRP 145 Adult Female,6100,Brain,photon,10.0,1000,1100,Blood in large arteries_arms,46.31410216207,7.70873201e-16,0.0004811412079300415,0.9994998749,99.94998749
ICRP 145 Adult Female,6100,Brain,photon,10.0,1000,1110,Blood in large veins_arms,139.490855302932,0.0,0.0,0.0,0.0
ICRP 145 Adult Female,6100,Brain,photon,10.0,1000,1200,Blood in large arteries_legs,79.907024651942,0.0,0.0,0.0,0.0
ICRP 145 Adult Female,6100,Brain,photon,10.0,1000,1210,Blood in large veins_legs,355.63285595694,0.0,0.0,0.0,0.0
ICRP 145 Adult Female,6100,Brain,photon,10.0,1000,1300,Humeri_upper_cortical,113.67742485534399,0.0,0.0,0.0,0.0
ICRP 145 Adult Female,6100,Brain,photon,10.0,1000,1400,Humeri_upper_spongiosa,107.7174852567555,4.0051581779999997e-16,0.0002499823111263929,0.9994998749,99.94998749
ICRP 145 Adult Female,6100,Brain,photon,10.0,1000,1500,Humeri_upper_medullary cavity,20.5162348740678,0.0,0.0,0.0,0.0
ICRP 145 Adult Female,6100,Brain,photon,10.0,1000,1600,Humeri_lower_cortical,103.29962511825599,5.176818653e-15,0.0032311160599539255,0.9994998749,99.94998749
ICRP 145 Adult Female,6100,Brain,photon,10.0,1000,1700,Humeri_lower_spongiosa,50.2641017933803,0.0,0.0,0.0,0.0
ICRP 145 Adult Female,6100,Brain,photon,10.0,1000,1800,Humeri_lower_medullary cavity,20.4928214867622,0.0,0.0,0.0,0.0
ICRP 145 Adult Female,6100,Brain,photon,10.0,1000,1900,Ulnae and radii_cortical,156.7082606462912,0.0,0.0,0.0,0.0
ICRP 145 Adult Female,6100,Brain,photon,10.0,1000,2000,Ulnae and radii_spongiosa,86.8827639994528,0.0,0.0,0.0,0.0
ICRP 145 Adult Female,6100,Brain,photon,10.0,1000,2100,Ulnae and radii_medullary cavity,34.068200674068905,0.0,0.0,0.0,0.0
ICRP 145 Adult Female,6100,Brain,photon,10.0,1000,2200,Wrists and hand bones_cortical,105.1315483431696,0.0,0.0,0.0,0.0
ICRP 145 Adult Female,6100,Brain,photon,10.0,1000,2300,Wrists and hand bones_spongiosa,69.3602251598804,0.0,0.0,0.0,0.0
ICRP 145 Adult Female,6100,Brain,photon,10.0,1000,2400,Clavicles_cortical,32.8252502373824,4.332066057e-15,0.002703862960593064,0.9994998749,99.94998749
ICRP 145 Adult Female,6100,Brain,photon,10.0,1000,2500,Clavicles_spongiosa,38.7982205698008,8.094326016e-15,0.005052080928051097,0.9994998749,99.94998749
ICRP 145 Adult Female,6100,Brain,photon,10.0,1000,2600,Cranium_cortical,407.6700225959424,3.7895230710000003e-14,0.023652342635526392,0.1728885397,17.28885397
ICRP 145 Adult Female,6100,Brain,photon,10.0,1000,2700,Cranium_spongiosa,391.3114655804532,3.9829079490000006e-14,0.024859356106426957,0.1637674822,16.37674822
ICRP 145 Adult Female,6100,Brain,photon,10.0,1000,2800,Femora_upper_cortical,244.1262813453408,0.0,0.0,0.0,0.0
ICRP 145 Adult Female,6100,Brain,photon,10.0,1000,2900,Femora_upper_spongiosa,232.80407020022523,0.0,0.0,0.0,0.0
ICRP 145 Adult Female,6100,Brain,photon,10.0,1000,3000,Femora_upper_medullary cavity,39.516336991600205,0.0,0.0,0.0,0.0
ICRP 145 Adult Female,6100,Brain,photon,10.0,1000,3100,Femora_lower_cortical,240.9294144816944,0.0,0.0,0.0,0.0
ICRP 145 Adult Female,6100,Brain,photon,10.0,1000,3200,Femora_lower_spongiosa,166.3336944750592,0.0,0.0,0.0,0.0
ICRP 145 Adult Female,6100,Brain,photon,10.0,1000,3300,Femora_lower_medullary cavity,56.7621266305122,0.0,0.0,0.0,0.0
ICRP 145 Adult Female,6100,Brain,photon,10.0,1000,3400,Tibiae_fibulae_and patellae_cortical,544.845224822808,0.0,0.0,0.0,0.0
ICRP 145 Adult Female,6100,Brain,photon,10.0,1000,3500,Tibiae_fibulae_and patellae_spongiosa,558.5291489631381,0.0,0.0,0.0,0.0
ICRP 145 Adult Female,6100,Brain,photon,10.0,1000,3600,Tibiae_fibulae_and patellae_medullary cavity,88.88342749903799,0.0,0.0,0.0,0.0
ICRP 145 Adult Female,6100,Brain,photon,10.0,1000,3700,Ankles and foot_cortical,173.475747018728,0.0,0.0,0.0,0.0
ICRP 145 Adult Female,6100,Brain,photon,10.0,1000,3800,Ankles and foot_spongiosa,257.4510646482572,0.0,0.0,0.0,0.0
ICRP 145 Adult Female,6100,Brain,photon,10.0,1000,3900,Mandible_cortical,45.3940998746592,3.056009079e-14,0.019074108398214166,0.4317671198,43.17671198
ICRP 145 Adult Female,6100,Brain,photon,10.0,1000,4000,Mandible_spongiosa,33.4787570567117,3.8734814260000004e-14,0.024176369470135725,0.5521485594,55.21485593999999
ICRP 145 Adult Female,6100,Brain,photon,10.0,1000,4100,Pelvis_cortical,262.4548684390416,0.0,0.0,0.0,0.0
ICRP 145 Adult Female,6100,Brain,photon,10.0,1000,4200,Pelvis_spongiosa,455.598582299263,4.274239708e-17,2.6677705923904183e-05,0.9994998749,99.94998749
ICRP 145 Adult Female,6100,Brain,photon,10.0,1000,4300,Ribs_cortical,164.4974276963248,1.738854529e-16,0.0001085307632192137,0.8940378982,89.40378982
ICRP 145 Adult Female,6100,Brain,photon,10.0,1000,4400,Ribs_spongiosa,277.3248898476527,2.0362297659999998e-16,0.00012709146562176905,0.7749912381,77.49912381
ICRP 145 Adult Female,6100,Brain,photon,10.0,1000,4500,Scapulae_cortical,121.6643960914704,1.9988041139999998e-16,0.00012475554015601282,0.9589601091,95.89601091
ICRP 145 Adult Female,6100,Brain,photon,10.0,1000,4600,Scapulae_spongiosa,96.73013880382501,7.407337031e-17,4.623296129657862e-05,0.9994998749,99.94998749
ICRP 145 Adult Female,6100,Brain,photon,10.0,1000,4700,Cervical spine_cortical,71.59649605583999,1.0905772590000002e-14,0.006806847858449471,0.5526493392,55.264933920000004
ICRP 145 Adult Female,6100,Brain,photon,10.0,1000,4800,Cervical spine_spongiosa,75.6012198719456,1.467783619e-14,0.00916118477733393,0.5805682946,58.05682946
ICRP 145 Adult Female,6100,Brain,photon,10.0,1000,4900,Thoracic spine_cortical,205.8277997232464,3.9907460629999997e-17,2.490827776608461e-05,0.9330447951,93.30447951000001
ICRP 145 Adult Female,6100,Brain,photon,10.0,1000,5000,Thoracic spine_spongiosa,271.91549457460803,0.0,0.0,0.0,0.0
ICRP 145 Adult Female,6100,Brain,photon,10.0,1000,5100,Lumbar spine_cortical,156.1749221177376,2.419768834e-16,0.00015103009135509278,0.9994998749,99.94998749
ICRP 145 Adult Female,6100,Brain,photon,10.0,1000,5200,Lumbar spine_spongiosa,264.9755764769145,5.57850919e-18,3.4818315731349924e-06,0.9994998749,99.94998749
ICRP 145 Adult Female,6100,Brain,photon,10.0,1000,5300,Sacrum_cortical,80.2404585409728,0.0,0.0,0.0,0.0
ICRP 145 Adult Female,6100,Brain,photon,10.0,1000,5400,Sacrum_spongiosa,154.8396844743004,0.0,0.0,0.0,0.0
ICRP 145 Adult Female,6100,Brain,photon,10.0,1000,5500,Sternum_cortical,1.6852962481264,0.0,0.0,0.0,0.0
ICRP 145 Adult Female,6100,Brain,photon,10.0,1000,5600,Sternum_spongiosa,51.346960600969695,0.0,0.0,0.0,0.0
ICRP 145 Adult Female,6100,Brain,photon,10.0,1000,5700,Cartilage_costal,41.9590737177857,0.0,0.0,0.0,0.0
ICRP 145 Adult Female,6100,Brain,photon,10.0,1000,5800,Cartilage_discs,69.3505639721454,0.0,0.0,0.0,0.0
ICRP 145 Adult Female,6100,Brain,photon,10.0,1000,6100,Brain,1349.568113424676,6.317286574e-14,0.0394294014775926,0.1115175507,11.15175507
ICRP 145 Adult Female,6100,Brain,photon,10.0,1000,6200,Breast_left_adipose tissue,153.663305817896,0.0,0.0,0.0,0.0
ICRP 145 Adult Female,6100,Brain,photon,10.0,1000,6300,Breast_left_glandular tissue,102.491460122403,0.0,0.0,0.0,0.0
ICRP 145 Adult Female,6100,Brain,photon,10.0,1000,6400,Breast_right_adipose tissue,153.6633035399504,0.0,0.0,0.0,0.0
ICRP 145 Adult Female,6100,Brain,photon,10.0,1000,6500,Breast_right_glandular tissue,102.49146139058709,0.0,0.0,0.0,0.0
ICRP 145 Adult Female,6100,Brain,photon,10.0,1000,6600,Eye lens_sensitive_left,0.03888949783,0.0,0.0,0.0,0.0
ICRP 145 Adult Female,6100,Brain,photon,10.0,1000,6601,Eye lens_insensitive_left,0.189270567128,0.0,0.0,0.0,0.0
ICRP 145 Adult Female,6100,Brain,photon,10.0,1000,6700,Cornea_left,1.1001280159692,1.323878681e-13,0.08263000800947161,0.9994998749,99.94998749
ICRP 145 Adult Female,6100,Brain,photon,10.0,1000,6701,Aqueous_left,0.304270912569,0.0,0.0,0.0,0.0
ICRP 145 Adult Female,6100,Brain,photon,10.0,1000,6702,Vitreous_left,6.050738358136299,6.086103052e-15,0.003798646742716371,0.9994998749,99.94998749
ICRP 145 Adult Female,6100,Brain,photon,10.0,1000,6800, Eye lens_sensitive_right,0.038889315828,0.0,0.0,0.0,0.0
ICRP 145 Adult Female,6100,Brain,photon,10.0,1000,6801,Eye lens_insensitive_right,0.18927066199800002,0.0,0.0,0.0,0.0
ICRP 145 Adult Female,6100,Brain,photon,10.0,1000,6900,Cornea_right,1.1001238046050998,3.675503929e-14,0.022940691126071118,0.9994998749,99.94998749
ICRP 145 Adult Female,6100,Brain,photon,10.0,1000,6901,Aqueous_right,0.3042708209034,0.0,0.0,0.0,0.0
ICRP 145 Adult Female,6100,Brain,photon,10.0,1000,6902,Vitreous_right,6.050740749831199,1.016802987e-13,0.06346385070299704,0.9994998749,99.94998749
ICRP 145 Adult Female,6100,Brain,photon,10.0,1000,7000,Gallbladder wall,8.2011184280042,0.0,0.0,0.0,0.0
ICRP 145 Adult Female,6100,Brain,photon,10.0,1000,7100,Gallbladder contents,47.999998457912,0.0,0.0,0.0,0.0
ICRP 145 Adult Female,6100,Brain,photon,10.0,1000,7200,Stomach wall_0~60 um,1.5609641746468002,0.0,0.0,0.0,0.0
ICRP 145 Adult Female,6100,Brain,photon,10.0,1000,7201,Stomach wall_60~100 um,1.0437299846036,0.0,0.0,0.0,0.0
ICRP 145 Adult Female,6100,Brain,photon,10.0,1000,7202,Stomach wall_100~300 um,5.2561811079680005,0.0,0.0,0.0,0.0
ICRP 145 Adult Female,6100,Brain,photon,10.0,1000,7203,Stomach wall_300 um~surface,165.01201243314762,2.8836446820000002e-15,0.0017998294450224644,0.7060349231,70.60349231000001
ICRP 145 Adult Female,6100,Brain,photon,10.0,1000,7300,Stomach contents,230.000000552088,0.0,0.0,0.0,0.0
ICRP 145 Adult Female,6100,Brain,photon,10.0,1000,7400,Small intestine wall_0~130 um,12.3412277256856,2.961673781e-16,0.00018485313779705167,0.9994998749,99.94998749
ICRP 145 Adult Female,6100,Brain,photon,10.0,1000,7401,Small intestine wall_130~150 um,1.9216446128264,3.8280920109999997e-16,0.00023893071024528735,0.9994998749,99.94998749
ICRP 145 Adult Female,6100,Brain,photon,10.0,1000,7402,Small intestine wall_150~200 um,4.8310231577832,3.264986602e-16,0.0002037844350437708,0.9994998749,99.94998749
ICRP 145 Adult Female,6100,Brain,photon,10.0,1000,7403,Small intestine wall_200 um~surface,736.6617235836935,7.482757898e-16,0.00046703701322362847,0.7064134544,70.64134544000001
ICRP 145 Adult Female,6100,Brain,photon,10.0,1000,7500,Small intestine contents_-500~0 um,45.226691185832,8.203873511e-16,0.0005120455096463796,0.9994998749,99.94998749
ICRP 145 Adult Female,6100,Brain,photon,10.0,1000,7501,Small intestine contents_centre~500 um,234.77330806540002,2.41745432e-16,0.00015088563075375312,0.9994998749,99.94998749
ICRP 145 Adult Female,6100,Brain,photon,10.0,1000,7600,Ascending colon wall_0~280 um,4.450855098998001,0.0,0.0,0.0,0.0
ICRP 145 Adult Female,6100,Brain,photon,10.0,1000,7601,Ascending colon wall_280~300 um,0.32189071576760003,0.0,0.0,0.0,0.0
ICRP 145 Adult Female,6100,Brain,photon,10.0,1000,7602,Ascending colon wall_300 um~surface,107.7839895914012,0.0,0.0,0.0,0.0
ICRP 145 Adult Female,6100,Brain,photon,10.0,1000,7700,Ascending colon contents,100.00700351210399,0.0,0.0,0.0,0.0
ICRP 145 Adult Female,6100,Brain,photon,10.0,1000,7800,Transverse colon wall_right_0~280 um,3.6801646076328,0.0,0.0,0.0,0.0
ICRP 145 Adult Female,6100,Brain,photon,10.0,1000,7801,Transverse colon wall_right_280~300 um,0.2663179478232,0.0,0.0,0.0,0.0
ICRP 145 Adult Female,6100,Brain,photon,10.0,1000,7802,Transverse colon wall_right_300 um~surface,64.84744016415,0.0,0.0,0.0,0.0
ICRP 145 Adult Female,6100,Brain,photon,10.0,1000,7900,Transverse colon contents_right,59.994993131216,0.0,0.0,0.0,0.0
ICRP 145 Adult Female,6100,Brain,photon,10.0,1000,8000,Transverse colon wall_left_0~280 um,2.1959658223692,0.0,0.0,0.0,0.0
ICRP 145 Adult Female,6100,Brain,photon,10.0,1000,8001,Transverse colon wall_left_280~300 um,0.1599963309644,0.0,0.0,0.0,0.0
ICRP 145 Adult Female,6100,Brain,photon,10.0,1000,8002,Transverse colon wall_left_300 um~surface,66.42798484032481,0.0,0.0,0.0,0.0
ICRP 145 Adult Female,6100,Brain,photon,10.0,1000,8100,Transverse colon contents_left,30.005001295672,0.0,0.0,0.0,0.0
ICRP 145 Adult Female,6100,Brain,photon,10.0,1000,8200,Descending colon wall_0~280 um,3.0207753271107998,0.0,0.0,0.0,0.0
ICRP 145 Adult Female,6100,Brain,photon,10.0,1000,8201,Descending colon wall_280~300 um,0.2195368712684,0.0,0.0,0.0,0.0
ICRP 145 Adult Female,6100,Brain,photon,10.0,1000,8202,Descending colon wall_300 um~surface,109.32041137608641,0.0,0.0,0.0,0.0
ICRP 145 Adult Female,6100,Brain,photon,10.0,1000,8300,Descending colon contents,50.002994629432,0.0,0.0,0.0,0.0
ICRP 145 Adult Female,6100,Brain,photon,10.0,1000,8400,Sigmoid colon wall_0~280 um,4.2220465582652,0.0,0.0,0.0,0.0
ICRP 145 Adult Female,6100,Brain,photon,10.0,1000,8401,Sigmoid colon wall_280~300 um,0.3059269267068,0.0,0.0,0.0,0.0
ICRP 145 Adult Female,6100,Brain,photon,10.0,1000,8402,Sigmoid colon wall_300 um~surface,51.7608591294284,0.0,0.0,0.0,0.0
ICRP 145 Adult Female,6100,Brain,photon,10.0,1000,8500,Sigmoid colon contents,79.992996606536,0.0,0.0,0.0,0.0
ICRP 145 Adult Female,6100,Brain,photon,10.0,1000,8600,Rectum wall,31.267694633336,0.0,0.0,0.0,0.0
ICRP 145 Adult Female,6100,Brain,photon,10.0,1000,8700,Heart wall,290.88996946725456,1.901010801e-15,0.0011865176165090161,0.9994998749,99.94998749
ICRP 145 Adult Female,6100,Brain,photon,10.0,1000,8800,Blood in heart chamber,370.00000596739204,1.326848613e-15,0.0008281537658475693,0.9994998749,99.94998749
ICRP 145 Adult Female,6100,Brain,photon,10.0,1000,8900,Kidney_left_cortex,149.0910820069412,0.0,0.0,0.0,0.0
ICRP 145 Adult Female,6100,Brain,photon,10.0,1000,9000,Kidney_left_medulla,37.441176328550405,0.0,0.0,0.0,0.0
ICRP 145 Adult Female,6100,Brain,photon,10.0,1000,9100,Kidney_left_pelvis,7.4942480159572,0.0,0.0,0.0,0.0
ICRP 145 Adult Female,6100,Brain,photon,10.0,1000,9200,Kidney_right_cortex,125.14670252809601,0.0,0.0,0.0,0.0
ICRP 145 Adult Female,6100,Brain,photon,10.0,1000,9300,Kidney_right_medulla,31.4397776576588,0.0,0.0,0.0,0.0
ICRP 145 Adult Female,6100,Brain,photon,10.0,1000,9400,Kidney_right_pelvis,6.2919599562976005,0.0,0.0,0.0,0.0
ICRP 145 Adult Female,6100,Brain,photon,10.0,1000,9500,Liver,1810.000002004968,8.573657556999999e-16,0.0005351256144333792,0.9994998749,99.94998749
ICRP 145 Adult Female,6100,Brain,photon,10.0,1000,9700,Lung (AI)_left,427.2556349688367,3.571161983e-15,0.002228943992326518,0.663810856,66.3810856
ICRP 145 Adult Female,6100,Brain,photon,10.0,1000,9900,Lung (AI)_right,522.5177096318249,1.415584413e-17,8.835382959405262e-06,0.9994998749,99.94998749
ICRP 145 Adult Female,6100,Brain,photon,10.0,1000,10000,Lymphatic nodes_ET,12.6954704544888,7.303412295e-14,0.045584314113773644,0.654613527,65.46135269999999
ICRP 145 Adult Female,6100,Brain,photon,10.0,1000,10100,Lymphatic nodes_thoracic,12.695442566546399,0.0,0.0,0.0,0.0
ICRP 145 Adult Female,6100,Brain,photon,10.0,1000,10200,Lymphatic nodes_head,4.38569318382,0.0,0.0,0.0,0.0
ICRP 145 Adult Female,6100,Brain,photon,10.0,1000,10300,Lymphatic nodes_trunk,103.6409331666528,3.764719197e-16,0.000234975290308736,0.8138829239,81.38829239
ICRP 145 Adult Female,6100,Brain,photon,10.0,1000,10400,Lymphatic nodes_arms,8.7714564802752,0.0,0.0,0.0,0.0
ICRP 145 Adult Female,6100,Brain,photon,10.0,1000,10500,Lymphatic nodes_legs,8.7713957757648,0.0,0.0,0.0,0.0
ICRP 145 Adult Female,6100,Brain,photon,10.0,1000,10600,Muscle_head,445.02190926816,2.166905026e-14,0.013524757383274478,0.2214862367,22.14862367
ICRP 145 Adult Female,6100,Brain,photon,10.0,1000,10700,Muscle_trunk,8324.818900383196,1.159263757e-15,0.0007235555259009427,0.317865497,31.7865497
ICRP 145 Adult Female,6100,Brain,photon,10.0,1000,10800,Muscle_arms,1479.849488735625,6.846754843999999e-16,0.0004273408248943684,0.9828048836,98.28048835999999
ICRP 145 Adult Female,6100,Brain,photon,10.0,1000,10900,Muscle_legs,7676.7480018936,8.822684124e-18,5.506686302105034e-06,0.7422174166,74.22174165999999
ICRP 145 Adult Female,6100,Brain,photon,10.0,1000,11000,Oesophagus wall_0~190 um,1.8710181531188,0.0,0.0,0.0,0.0
ICRP 145 Adult Female,6100,Brain,photon,10.0,1000,11001,Oesophagus wall_190~200 um,0.1006174687168,0.0,0.0,0.0,0.0
ICRP 145 Adult Female,6100,Brain,photon,10.0,1000,11002,Oesophagus wall_200 um~surface,41.2465862211788,0.0,0.0,0.0,0.0
ICRP 145 Adult Female,6100,Brain,photon,10.0,1000,11003,Oesophagus contents,21.240003752656,0.0,0.0,0.0,0.0
ICRP 145 Adult Female,6100,Brain,photon,10.0,1000,11100,Ovary_left,6.3182720948288,0.0,0.0,0.0,0.0
ICRP 145 Adult Female,6100,Brain,photon,10.0,1000,11200,Ovary_right,6.3182755884579,0.0,0.0,0.0,0.0
ICRP 145 Adult Female,6100,Brain,photon,10.0,1000,11300,Pancreas,144.55161999975547,5.262534519e-15,0.0032846156955003555,0.9938929507,99.38929507
ICRP 145 Adult Female,6100,Brain,photon,10.0,1000,11400,Pituitary gland,0.6150875890969,1.933448756e-14,0.012067637955579625,0.9994998749,99.94998749
ICRP 145 Adult Female,6100,Brain,photon,10.0,1000,11600,RST_head,844.5398776340284,2.4700361680000003e-14,0.01541675315681925,0.1588206118,15.882061180000001
ICRP 145 Adult Female,6100,Brain,photon,10.0,1000,11700,RST_trunk,11513.366181479478,7.830755051999999e-16,0.000488757287169405,0.3128292778,31.28292778
ICRP 145 Adult Female,6100,Brain,photon,10.0,1000,11800,RST_arms,2171.589516017825,4.221602368e-16,0.00026349169488638685,0.7988271047,79.88271046999999
ICRP 145 Adult Female,6100,Brain,photon,10.0,1000,11900,RST_legs,7795.948330630681,3.97547967e-19,2.4812992435640825e-07,0.9994998749,99.94998749
ICRP 145 Adult Female,6100,Brain,photon,10.0,1000,12000,Salivary glands_left,35.8798830269406,2.856699061e-14,0.017830113112236153,0.7288075027,72.88075027000001
ICRP 145 Adult Female,6100,Brain,photon,10.0,1000,12100,Salivary glands_right,35.8798786173536,4.764232621e-16,0.0002973600113681533,0.9994998749,99.94998749
ICRP 145 Adult Female,6100,Brain,photon,10.0,1000,12200,Skin_head_insensitive,155.5820783789696,2.0530106640000002e-14,0.012813884689321516,0.1621670941,16.21670941
ICRP 145 Adult Female,6100,Brain,photon,10.0,1000,12201,Skin_head_sensitive_50~100 um,6.324483800416001,3.5189634630000004e-14,0.02196364238701174,0.2829266683,28.29266683
ICRP 145 Adult Female,6100,Brain,photon,10.0,1000,12300,Skin_trunk_insensitive,871.5579532104576,5.402865502e-16,0.00033722034058826104,0.5736964987,57.369649869999996
ICRP 145 Adult Female,6100,Brain,photon,10.0,1000,12301,Skin_trunk_sensitive_50~100 um,32.3682717326784,1.506558611e-16,9.403199241764087e-05,0.5828798105,58.287981050000006
ICRP 145 Adult Female,6100,Brain,photon,10.0,1000,12400,Skin_arms_insensitive,380.95960428490247,2.1233010809999998e-16,0.00013252602964874673,0.7075223588,70.75223588
ICRP 145 Adult Female,6100,Brain,photon,10.0,1000,12401,Skin_arms_sensitive_50~100 um,15.5992697557056,2.1169130219999998e-16,0.00013212731836657977,0.7106931654,71.06931654
ICRP 145 Adult Female,6100,Brain,photon,10.0,1000,12500,Skin_legs_insensitive,924.6125985625985,0.0,0.0,0.0,0.0
ICRP 145 Adult Female,6100,Brain,photon,10.0,1000,12501,Skin_legs_sensitive_50~100 um,35.0246292961664,0.0,0.0,0.0,0.0
ICRP 145 Adult Female,6100,Brain,photon,10.0,1000,12600,Spinal cord,19.098306243841296,0.0,0.0,0.0,0.0
ICRP 145 Adult Female,6100,Brain,photon,10.0,1000,12700,Spleen,187.399994554262,2.16682377e-15,0.0013524250223213123,0.9994998749,99.94998749
ICRP 145 Adult Female,6100,Brain,photon,10.0,1000,12800,Teeth,40.561441982575,1.53639272e-14,0.009589409103816051,0.7484102318,74.84102318
ICRP 145 Adult Female,6100,Brain,photon,10.0,1000,12801,Teeth_retention region,0.036088352248,5.686677381e-14,0.03549344847704448,0.7795661118,77.95661118
ICRP 145 Adult Female,6100,Brain,photon,10.0,1000,13100,Thymus,20.5027913149354,0.0,0.0,0.0,0.0
ICRP 145 Adult Female,6100,Brain,photon,10.0,1000,13200,Thyroid,19.4553068342601,2.5159172549999996e-16,0.0001570312037767589,0.9994998749,99.94998749
ICRP 145 Adult Female,6100,Brain,photon,10.0,1000,13300,Tongue_upper (food),20.995189084905,1.072274275e-13,0.06692609617723752,0.5330337261,53.30337261
ICRP 145 Adult Female,6100,Brain,photon,10.0,1000,13301,Tongue_lower,40.415365130385,3.4582960970000004e-14,0.021584986471599087,0.7094645734,70.94645734
ICRP 145 Adult Female,6100,Brain,photon,10.0,1000,13400,Tonsils,3.0754149242855,5.289325101e-13,0.33013370615666643,0.636214878,63.6214878
ICRP 145 Adult Female,6100,Brain,photon,10.0,1000,13500,Ureter_left,7.688548223281699,0.0,0.0,0.0,0.0
ICRP 145 Adult Female,6100,Brain,photon,10.0,1000,13600,Ureter_right,7.688548546809499,0.0,0.0,0.0,0.0
ICRP 145 Adult Female,6100,Brain,photon,10.0,1000,13700,Urinary bladder wall_insensitive,39.459052920248006,0.0,0.0,0.0,0.0
ICRP 145 Adult Female,6100,Brain,photon,10.0,1000,13701,Urinary bladder wall_sensitive_118/116~193/185 um,1.3454738559600001,0.0,0.0,0.0,0.0
ICRP 145 Adult Female,6100,Brain,photon,10.0,1000,13800,Urinary bladder contents,199.99999842264,0.0,0.0,0.0,0.0
ICRP 145 Adult Female,6100,Brain,photon,10.0,1000,13900,Uterus,81.99316851612399,0.0,0.0,0.0,0.0
ICRP 145 Adult Female,6100,Brain,photon,10.0,1000,14000,Air inside body,0.036006261714300006,9.634176348e-15,0.0060131799101001,0.9994998749,99.94998749
ICRP 145 Adult Female,9500,Liver,photon,10.0,1000,100,Adrenal_left,6.816533157607499,0.0,0.0,0.0,0.0
ICRP 145 Adult Female,9500,Liver,photon,10.0,1000,200,Adrenal_right,8.6485539778965,0.0,0.0,0.0,0.0
ICRP 145 Adult Female,9500,Liver,photon,10.0,1000,300,ET1_0~8 um,0.008564642369599999,0.0,0.0,0.0,0.0
ICRP 145 Adult Female,9500,Liver,photon,10.0,1000,301,ET1_8~40 um,0.0345508806604,0.0,0.0,0.0,0.0
ICRP 145 Adult Female,9500,Liver,photon,10.0,1000,302,ET1_40~50 um,0.0108931829849,0.0,0.0,0.0,0.0
ICRP 145 Adult Female,9500,Liver,photon,10.0,1000,303,ET1_50 um~surface,4.3745788372289995,0.0,0.0,0.0,0.0
ICRP 145 Adult Female,9500,Liver,photon,10.0,1000,400,ET2_-15~0 um,0.1041581236,0.0,0.0,0.0,0.0
ICRP 145 Adult Female,9500,Liver,photon,10.0,1000,401,ET2_0~40 um,0.2878573922153,0.0,0.0,0.0,0.0
ICRP 145 Adult Female,9500,Liver,photon,10.0,1000,402,ET2_40~50 um,0.0723068189581,0.0,0.0,0.0,0.0
ICRP 145 Adult Female,9500,Liver,photon,10.0,1000,403,ET2_50~55 um,0.036231674080899993,0.0,0.0,0.0,0.0
ICRP 145 Adult Female,9500,Liver,photon,10.0,1000,404,ET2_55~65 um,0.0724804463689,0.0,0.0,0.0,0.0
ICRP 145 Adult Female,9500,Liver,photon,10.0,1000,405,ET2_65 um~surface,14.1803310228681,0.0,0.0,0.0,0.0
ICRP 145 Adult Female,9500,Liver,photon,10.0,1000,500,Oral mucosa_tongue,0.06614430711,5.932984739e-15,0.0037030778087108027,0.9994998749,99.94998749
ICRP 145 Adult Female,9500,Liver,photon,10.0,1000,501,Oral mucosa_mouth floor,0.016117579485000002,0.0,0.0,0.0,0.0
ICRP 145 Adult Female,9500,Liver,photon,10.0,1000,600,Oral mucosa_lips_and cheeks,0.01882475847,0.0,0.0,0.0,0.0
ICRP 145 Adult Female,9500,Liver,photon,10.0,1000,700,Trachea,8.2011228190332,0.0,0.0,0.0,0.0
ICRP 145 Adult Female,9500,Liver,photon,10.0,1000,800,BB1_-11~-6 um,0.0102339567,0.0,0.0,0.0,0.0
ICRP 145 Adult Female,9500,Liver,photon,10.0,1000,801,BB1_-6~0 um,0.0126340007099,0.0,0.0,0.0,0.0
ICRP 145 Adult Female,9500,Liver,photon,10.0,1000,802,BB1_0~10 um,0.021103041026999995,0.0,0.0,0.0,0.0
ICRP 145 Adult Female,9500,Liver,photon,10.0,1000,803,BB1_10~35 um,0.0530281593402,0.0,0.0,0.0,0.0
ICRP 145 Adult Female,9500,Liver,photon,10.0,1000,804,BB1_35~40 um,0.0106508082879,0.0,0.0,0.0,0.0
ICRP 145 Adult Female,9500,Liver,photon,10.0,1000,805,BB1_40~50 um,0.0213479049704,0.0,0.0,0.0,0.0
ICRP 145 Adult Female,9500,Liver,photon,10.0,1000,806,BB1_50~60 um,0.021410071177399997,0.0,0.0,0.0,0.0
ICRP 145 Adult Female,9500,Liver,photon,10.0,1000,807,BB1_60~70 um,0.021469763396799995,0.0,0.0,0.0,0.0
ICRP 145 Adult Female,9500,Liver,photon,10.0,1000,808,BB1_70 um~surface,1.1790086138983997,0.0,0.0,0.0,0.0
ICRP 145 Adult Female,9500,Liver,photon,10.0,1000,900,Blood in large arteries_head,1.9091482903680002,0.0,0.0,0.0,0.0
ICRP 145 Adult Female,9500,Liver,photon,10.0,1000,910,Blood in large veins_head,3.007187520752,0.0,0.0,0.0,0.0
ICRP 145 Adult Female,9500,Liver,photon,10.0,1000,1000,Blood in large arteries_trunk,117.869628099162,8.939777085000001e-15,0.005579769979968736,0.7146647158,71.46647158
ICRP 145 Adult Female,9500,Liver,photon,10.0,1000,1010,Blood in large veins_trunk,239.82989774452201,1.383766977e-15,0.0008636794143885175,0.6467775229,64.67775229
ICRP 145 Adult Female,9500,Liver,photon,10.0,1000,1100,Blood in large arteries_arms,46.31410216207,5.9389767040000004e-15,0.003706817699102938,0.7508622314,75.08622314
ICRP 145 Adult Female,9500,Liver,photon,10.0,1000,1110,Blood in large veins_arms,139.490855302932,5.291853967e-15,0.0033029154555753743,0.5181577049,51.81577049
ICRP 145 Adult Female,9500,Liver,photon,10.0,1000,1200,Blood in large arteries_legs,79.907024651942,0.0,0.0,0.0,0.0
ICRP 145 Adult Female,9500,Liver,photon,10.0,1000,1210,Blood in large veins_legs,355.63285595694,1.282799906e-15,0.0008006607254016912,0.6591032572,65.91032572
ICRP 145 Adult Female,9500,Liver,photon,10.0,1000,1300,Humeri_upper_cortical,113.67742485534399,3.2976986579999997e-16,0.0002058261609874536,0.9994998749,99.94998749
ICRP 145 Adult Female,9500,Liver,photon,10.0,1000,1400,Humeri_upper_spongiosa,107.7174852567555,0.0,0.0,0.0,0.0
ICRP 145 Adult Female,9500,Liver,photon,10.0,1000,1500,Humeri_upper_medullary cavity,20.5162348740678,0.0,0.0,0.0,0.0
ICRP 145 Adult Female,9500,Liver,photon,10.0,1000,1600,Humeri_lower_cortical,103.29962511825599,1.3397461170000001e-14,0.008362037546729593,0.5996228616,59.96228616
ICRP 145 Adult Female,9500,Liver,photon,10.0,1000,1700,Humeri_lower_spongiosa,50.2641017933803,3.671385098e-15,0.0022914983405008444,0.9953337481,99.53337481
ICRP 145 Adult Female,9500,Liver,photon,10.0,1000,1800,Humeri_lower_medullary cavity,20.4928214867622,2.5653808250000004e-14,0.016011847698686136,0.7512778203,75.12778203
ICRP 145 Adult Female,9500,Liver,photon,10.0,1000,1900,Ulnae and radii_cortical,156.7082606462912,9.053701220000001e-15,0.005650875832209,0.5336020678,53.36020678
ICRP 145 Adult Female,9500,Liver,photon,10.0,1000,2000,Ulnae and radii_spongiosa,86.8827639994528,9.615018466e-15,0.006001222500665054,0.7187043369,71.87043369
ICRP 145 Adult Female,9500,Liver,photon,10.0,1000,2100,Ulnae and radii_medullary cavity,34.068200674068905,1.3192448980000001e-14,0.008234079002303578,0.7067252836,70.67252836
ICRP 145 Adult Female,9500,Liver,photon,10.0,1000,2200,Wrists and hand bones_cortical,105.1315483431696,0.0,0.0,0.0,0.0
ICRP 145 Adult Female,9500,Liver,photon,10.0,1000,2300,Wrists and hand bones_spongiosa,69.3602251598804,0.0,0.0,0.0,0.0
ICRP 145 Adult Female,9500,Liver,photon,10.0,1000,2400,Clavicles_cortical,32.8252502373824,0.0,0.0,0.0,0.0
ICRP 145 Adult Female,9500,Liver,photon,10.0,1000,2500,Clavicles_spongiosa,38.7982205698008,0.0,0.0,0.0,0.0
ICRP 145 Adult Female,9500,Liver,photon,10.0,1000,2600,Cranium_cortical,407.6700225959424,4.1338084169999995e-16,0.00025801202746789385,0.9994998749,99.94998749
ICRP 145 Adult Female,9500,Liver,photon,10.0,1000,2700,Cranium_spongiosa,391.3114655804532,1.318033861e-16,8.226520303878568e-05,0.9994998749,99.94998749
ICRP 145 Adult Female,9500,Liver,photon,10.0,1000,2800,Femora_upper_cortical,244.1262813453408,6.011485344e-16,0.00037520740325566217,0.8565440358,85.65440358000001
ICRP 145 Adult Female,9500,Liver,photon,10.0,1000,2900,Femora_upper_spongiosa,232.80407020022523,4.740534529e-15,0.002958808928054992,0.7226764192,72.26764192
ICRP 145 Adult Female,9500,Liver,photon,10.0,1000,3000,Femora_upper_medullary cavity,39.516336991600205,0.0,0.0,0.0,0.0
ICRP 145 Adult Female,9500,Liver,photon,10.0,1000,3100,Femora_lower_cortical,240.9294144816944,0.0,0.0,0.0,0.0
ICRP 145 Adult Female,9500,Liver,photon,10.0,1000,3200,Femora_lower_spongiosa,166.3336944750592,0.0,0.0,0.0,0.0
ICRP 145 Adult Female,9500,Liver,photon,10.0,1000,3300,Femora_lower_medullary cavity,56.7621266305122,5.749142608e-17,3.5883325758203244e-05,0.9994998749,99.94998749
ICRP 145 Adult Female,9500,Liver,photon,10.0,1000,3400,Tibiae_fibulae_and patellae_cortical,544.845224822808,0.0,0.0,0.0,0.0
ICRP 145 Adult Female,9500,Liver,photon,10.0,1000,3500,Tibiae_fibulae_and patellae_spongiosa,558.5291489631381,0.0,0.0,0.0,0.0
ICRP 145 Adult Female,9500,Liver,photon,10.0,1000,3600,Tibiae_fibulae_and patellae_medullary cavity,88.88342749903799,0.0,0.0,0.0,0.0
ICRP 145 Adult Female,9500,Liver,photon,10.0,1000,3700,Ankles and foot_cortical,173.475747018728,0.0,0.0,0.0,0.0
ICRP 145 Adult Female,9500,Liver,photon,10.0,1000,3800,Ankles and foot_spongiosa,257.4510646482572,0.0,0.0,0.0,0.0
ICRP 145 Adult Female,9500,Liver,photon,10.0,1000,3900,Mandible_cortical,45.3940998746592,0.0,0.0,0.0,0.0
ICRP 145 Adult Female,9500,Liver,photon,10.0,1000,4000,Mandible_spongiosa,33.4787570567117,0.0,0.0,0.0,0.0
ICRP 145 Adult Female,9500,Liver,photon,10.0,1000,4100,Pelvis_cortical,262.4548684390416,2.947745284e-15,0.0018398378939286065,0.7932886951,79.32886951
ICRP 145 Adult Female,9500,Liver,photon,10.0,1000,4200,Pelvis_spongiosa,455.598582299263,3.0069013190000002e-15,0.0018767601868547707,0.7513516632,75.13516632
ICRP 145 Adult Female,9500,Liver,photon,10.0,1000,4300,Ribs_cortical,164.4974276963248,9.906071404e-15,0.006182883456032612,0.2539488361,25.39488361
ICRP 145 Adult Female,9500,Liver,photon,10.0,1000,4400,Ribs_spongiosa,277.3248898476527,1.1405454820000001e-14,0.007118724975738669,0.2724602597,27.246025969999998
ICRP 145 Adult Female,9500,Liver,photon,10.0,1000,4500,Scapulae_cortical,121.6643960914704,8.068806120999999e-16,0.0005036152662428918,0.8043542939,80.43542939
ICRP 145 Adult Female,9500,Liver,photon,10.0,1000,4600,Scapulae_spongiosa,96.73013880382501,0.0,0.0,0.0,0.0
ICRP 145 Adult Female,9500,Liver,photon,10.0,1000,4700,Cervical spine_cortical,71.59649605583999,0.0,0.0,0.0,0.0
ICRP 145 Adult Female,9500,Liver,photon,10.0,1000,4800,Cervical spine_spongiosa,75.6012198719456,0.0,0.0,0.0,0.0
ICRP 145 Adult Female,9500,Liver,photon,10.0,1000,4900,Thoracic spine_cortical,205.8277997232464,6.554909158e-15,0.004091252499192551,0.4431570766,44.31570766
ICRP 145 Adult Female,9500,Liver,photon,10.0,1000,5000,Thoracic spine_spongiosa,271.91549457460803,9.368284006e-15,0.005847222963557827,0.4911731006,49.11731006
ICRP 145 Adult Female,9500,Liver,photon,10.0,1000,5100,Lumbar spine_cortical,156.1749221177376,8.519591142e-15,0.005317510542349184,0.4403539423,44.03539423
ICRP 145 Adult Female,9500,Liver,photon,10.0,1000,5200,Lumbar spine_spongiosa,264.9755764769145,1.0105950060000001e-14,0.006307637900554122,0.4572800598,45.728005980000006
ICRP 145 Adult Female,9500,Liver,photon,10.0,1000,5300,Sacrum_cortical,80.2404585409728,0.0,0.0,0.0,0.0
ICRP 145 Adult Female,9500,Liver,photon,10.0,1000,5400,Sacrum_spongiosa,154.8396844743004,1.7270507169999998e-16,0.00010779402722210137,0.9563454784,95.63454784
ICRP 145 Adult Female,9500,Liver,photon,10.0,1000,5500,Sternum_cortical,1.6852962481264,3.069198828e-14,0.019156432336287534,0.5284712604,52.847126040000006
ICRP 145 Adult Female,9500,Liver,photon,10.0,1000,5600,Sternum_spongiosa,51.346960600969695,3.1560611680000004e-14,0.019698584419626464,0.4869507576,48.69507576
ICRP 145 Adult Female,9500,Liver,photon,10.0,1000,5700,Cartilage_costal,41.9590737177857,1.901351786e-14,0.011867304426061917,0.486708051,48.670805099999995
ICRP 145 Adult Female,9500,Liver,photon,10.0,1000,5800,Cartilage_discs,69.3505639721454,1.40580175e-14,0.008774324379518366,0.851218843,85.12188429999999
ICRP 145 Adult Female,9500,Liver,photon,10.0,1000,6100,Brain,1349.568113424676,0.0,0.0,0.0,0.0
ICRP 145 Adult Female,9500,Liver,photon,10.0,1000,6200,Breast_left_adipose tissue,153.663305817896,1.0161100740000002e-14,0.006342060247522393,0.6380349478,63.80349478
ICRP 145 Adult Female,9500,Liver,photon,10.0,1000,6300,Breast_left_glandular tissue,102.491460122403,1.668240636e-14,0.010412339067978843,0.7491175125,74.91175125000001
ICRP 145 Adult Female,9500,Liver,photon,10.0,1000,6400,Breast_right_adipose tissue,153.6633035399504,1.474642731e-14,0.009203995987124675,0.6951131171,69.51131171
ICRP 145 Adult Female,9500,Liver,photon,10.0,1000,6500,Breast_right_glandular tissue,102.49146139058709,4.9664779420000004e-15,0.0030998317143104146,0.6986508364,69.86508364000001
ICRP 145 Adult Female,9500,Liver,photon,10.0,1000,6600,Eye lens_sensitive_left,0.03888949783,0.0,0.0,0.0,0.0
ICRP 145 Adult Female,9500,Liver,photon,10.0,1000,6601,Eye lens_insensitive_left,0.189270567128,0.0,0.0,0.0,0.0
ICRP 145 Adult Female,9500,Liver,photon,10.0,1000,6700,Cornea_left,1.1001280159692,0.0,0.0,0.0,0.0
ICRP 145 Adult Female,9500,Liver,photon,10.0,1000,6701,Aqueous_left,0.304270912569,0.0,0.0,0.0,0.0
ICRP 145 Adult Female,9500,Liver,photon,10.0,1000,6702,Vitreous_left,6.050738358136299,0.0,0.0,0.0,0.0
ICRP 145 Adult Female,9500,Liver,photon,10.0,1000,6800, Eye lens_sensitive_right,0.038889315828,0.0,0.0,0.0,0.0
ICRP 145 Adult Female,9500,Liver,photon,10.0,1000,6801,Eye lens_insensitive_right,0.18927066199800002,0.0,0.0,0.0,0.0
ICRP 145 Adult Female,9500,Liver,photon,10.0,1000,6900,Cornea_right,1.1001238046050998,0.0,0.0,0.0,0.0
ICRP 145 Adult Female,9500,Liver,photon,10.0,1000,6901,Aqueous_right,0.3042708209034,0.0,0.0,0.0,0.0
ICRP 145 Adult Female,9500,Liver,photon,10.0,1000,6902,Vitreous_right,6.050740749831199,0.0,0.0,0.0,0.0
ICRP 145 Adult Female,9500,Liver,photon,10.0,1000,7000,Gallbladder wall,8.2011184280042,2.91966634e-14,0.018223123955508777,0.5790146488,57.90146488
ICRP 145 Adult Female,9500,Liver,photon,10.0,1000,7100,Gallbladder contents,47.999998457912,3.3955708520000004e-14,0.021193486285733785,0.5711436328,57.11436328
ICRP 145 Adult Female,9500,Liver,photon,10.0,1000,7200,Stomach wall_0~60 um,1.5609641746468002,1.6550458640000002e-14,0.010329983778805398,0.3781919429,37.81919429
ICRP 145 Adult Female,9500,Liver,photon,10.0,1000,7201,Stomach wall_60~100 um,1.0437299846036,2.1705338640000003e-14,0.01354740680858123,0.4319245224,43.19245224
ICRP 145 Adult Female,9500,Liver,photon,10.0,1000,7202,Stomach wall_100~300 um,5.2561811079680005,2.156588243e-14,0.013460365088560732,0.3765619586,37.656195860000004
ICRP 145 Adult Female,9500,Liver,photon,10.0,1000,7203,Stomach wall_300 um~surface,165.01201243314762,2.8252056810000003e-14,0.0176335468951807,0.2907755354,29.07755354
ICRP 145 Adult Female,9500,Liver,photon,10.0,1000,7300,Stomach contents,230.000000552088,3.0976610390000004e-14,0.019334079484523262,0.3259803473,32.598034729999995
ICRP 145 Adult Female,9500,Liver,photon,10.0,1000,7400,Small intestine wall_0~130 um,12.3412277256856,4.945477877e-15,0.0030867245046842374,0.5318355251,53.18355251
ICRP 145 Adult Female,9500,Liver,photon,10.0,1000,7401,Small intestine wall_130~150 um,1.9216446128264,3.332945992e-15,0.0020802612653756923,0.4956377331,49.563773309999995
ICRP 145 Adult Female,9500,Liver,photon,10.0,1000,7402,Small intestine wall_150~200 um,4.8310231577832,3.838770062e-15,0.0023959718176742796,0.4937314029,49.37314029
ICRP 145 Adult Female,9500,Liver,photon,10.0,1000,7403,Small intestine wall_200 um~surface,736.6617235836935,3.767454073e-15,0.0023514598784245126,0.4365246171,43.652461710000004
ICRP 145 Adult Female,9500,Liver,photon,10.0,1000,7500,Small intestine contents_-500~0 um,45.226691185832,6.596829212e-15,0.004117416938936841,0.6813109132,68.13109132000001
ICRP 145 Adult Female,9500,Liver,photon,10.0,1000,7501,Small intestine contents_centre~500 um,234.77330806540002,6.797589558e-15,0.004242721691071937,0.447674828,44.7674828
ICRP 145 Adult Female,9500,Liver,photon,10.0,1000,7600,Ascending colon wall_0~280 um,4.450855098998001,2.573134655e-15,0.0016060243298992964,0.8153467754,81.53467754
ICRP 145 Adult Female,9500,Liver,photon,10.0,1000,7601,Ascending colon wall_280~300 um,0.32189071576760003,2.569034682e-15,0.001603465328030842,0.9994998749,99.94998749
ICRP 145 Adult Female,9500,Liver,photon,10.0,1000,7602,Ascending colon wall_300 um~surface,107.7839895914012,4.820509770000001e-15,0.0030087255472983645,0.6950557622,69.50557622
ICRP 145 Adult Female,9500,Liver,photon,10.0,1000,7700,Ascending colon contents,100.00700351210399,2.0874166340000002e-15,0.0013028629863292153,0.9008357795,90.08357795
ICRP 145 Adult Female,9500,Liver,photon,10.0,1000,7800,Transverse colon wall_right_0~280 um,3.6801646076328,1.163764796e-14,0.007263648534772431,0.9994998749,99.94998749
ICRP 145 Adult Female,9500,Liver,photon,10.0,1000,7801,Transverse colon wall_right_280~300 um,0.2663179478232,3.100319959e-14,0.019350675157831527,0.9994998749,99.94998749
ICRP 145 Adult Female,9500,Liver,photon,10.0,1000,7802,Transverse colon wall_right_300 um~surface,64.84744016415,1.619337697e-14,0.010107110930442522,0.9971929863,99.71929863
ICRP 145 Adult Female,9500,Liver,photon,10.0,1000,7900,Transverse colon contents_right,59.994993131216,5.73713409e-15,0.0035808374484135423,0.9864327753,98.64327752999999
ICRP 145 Adult Female,9500,Liver,photon,10.0,1000,8000,Transverse colon wall_left_0~280 um,2.1959658223692,3.062650025e-15,0.0019115557922936173,0.9994998749,99.94998749
ICRP 145 Adult Female,9500,Liver,photon,10.0,1000,8001,Transverse colon wall_left_280~300 um,0.1599963309644,2.2097737340000002e-15,0.0013792322813266904,0.9994998749,99.94998749
ICRP 145 Adult Female,9500,Liver,photon,10.0,1000,8002,Transverse colon wall_left_300 um~surface,66.42798484032481,6.154334628e-15,0.0038412335427932495,0.9994998749,99.94998749
ICRP 145 Adult Female,9500,Liver,photon,10.0,1000,8100,Transverse colon contents_left,30.005001295672,1.0614041320000001e-14,0.006624763521548563,0.9961087317,99.61087317
ICRP 145 Adult Female,9500,Liver,photon,10.0,1000,8200,Descending colon wall_0~280 um,3.0207753271107998,0.0,0.0,0.0,0.0
ICRP 145 Adult Female,9500,Liver,photon,10.0,1000,8201,Descending colon wall_280~300 um,0.2195368712684,0.0,0.0,0.0,0.0
ICRP 145 Adult Female,9500,Liver,photon,10.0,1000,8202,Descending colon wall_300 um~surface,109.32041137608641,0.0,0.0,0.0,0.0
ICRP 145 Adult Female,9500,Liver,photon,10.0,1000,8300,Descending colon contents,50.002994629432,9.155941894999998e-16,0.0005714689442288153,0.8823839833,88.23839833
ICRP 145 Adult Female,9500,Liver,photon,10.0,1000,8400,Sigmoid colon wall_0~280 um,4.2220465582652,0.0,0.0,0.0,0.0
ICRP 145 Adult Female,9500,Liver,photon,10.0,1000,8401,Sigmoid colon wall_280~300 um,0.3059269267068,0.0,0.0,0.0,0.0
ICRP 145 Adult Female,9500,Liver,photon,10.0,1000,8402,Sigmoid colon wall_300 um~surface,51.7608591294284,0.0,0.0,0.0,0.0
ICRP 145 Adult Female,9500,Liver,photon,10.0,1000,8500,Sigmoid colon contents,79.992996606536,0.0,0.0,0.0,0.0
ICRP 145 Adult Female,9500,Liver,photon,10.0,1000,8600,Rectum wall,31.267694633336,0.0,0.0,0.0,0.0
ICRP 145 Adult Female,9500,Liver,photon,10.0,1000,8700,Heart wall,290.88996946725456,1.3100519550000002e-14,0.008176701165148074,0.4541564963,45.41564963
ICRP 145 Adult Female,9500,Liver,photon,10.0,1000,8800,Blood in heart chamber,370.00000596739204,8.164836685e-15,0.00509609022609208,0.4708659358,47.08659358
ICRP 145 Adult Female,9500,Liver,photon,10.0,1000,8900,Kidney_left_cortex,149.0910820069412,2.6582101740000002e-14,0.01659124292284596,0.4672354612,46.723546119999995
ICRP 145 Adult Female,9500,Liver,photon,10.0,1000,9000,Kidney_left_medulla,37.441176328550405,2.526513649e-15,0.0015769257866983456,0.7057382365,70.57382365
ICRP 145 Adult Female,9500,Liver,photon,10.0,1000,9100,Kidney_left_pelvis,7.4942480159572,1.092578481e-14,0.006819338503722482,0.9496729895,94.96729895
ICRP 145 Adult Female,9500,Liver,photon,10.0,1000,9200,Kidney_right_cortex,125.14670252809601,2.1890475730000003e-14,0.013662960291306661,0.5258037196,52.58037196000001
ICRP 145 Adult Female,9500,Liver,photon,10.0,1000,9300,Kidney_right_medulla,31.4397776576588,2.9763660689999995e-16,0.00018577015828581762,0.9994998749,99.94998749
ICRP 145 Adult Female,9500,Liver,photon,10.0,1000,9400,Kidney_right_pelvis,6.2919599562976005,0.0,0.0,0.0,0.0
ICRP 145 Adult Female,9500,Liver,photon,10.0,1000,9500,Liver,1810.000002004968,4.861440452e-14,0.030342724696110525,0.1121592724,11.21592724
ICRP 145 Adult Female,9500,Liver,photon,10.0,1000,9700,Lung (AI)_left,427.2556349688367,3.557435866e-15,0.0022203768239452567,0.5514048787,55.14048787
ICRP 145 Adult Female,9500,Liver,photon,10.0,1000,9900,Lung (AI)_right,522.5177096318249,1.178279994e-14,0.007354245274807032,0.358916573,35.8916573
ICRP 145 Adult Female,9500,Liver,photon,10.0,1000,10000,Lymphatic nodes_ET,12.6954704544888,0.0,0.0,0.0,0.0
ICRP 145 Adult Female,9500,Liver,photon,10.0,1000,10100,Lymphatic nodes_thoracic,12.695442566546399,8.59531802e-18,5.364775541970945e-06,0.9994998749,99.94998749
ICRP 145 Adult Female,9500,Liver,photon,10.0,1000,10200,Lymphatic nodes_head,4.38569318382,0.0,0.0,0.0,0.0
ICRP 145 Adult Female,9500,Liver,photon,10.0,1000,10300,Lymphatic nodes_trunk,103.6409331666528,7.868579261e-15,0.004911180886064832,0.6162580716,61.62580716
ICRP 145 Adult Female,9500,Liver,photon,10.0,1000,10400,Lymphatic nodes_arms,8.7714564802752,4.1320010249999997e-16,0.0002578992189322028,0.9994998749,99.94998749
ICRP 145 Adult Female,9500,Liver,photon,10.0,1000,10500,Lymphatic nodes_legs,8.7713957757648,0.0,0.0,0.0,0.0
ICRP 145 Adult Female,9500,Liver,photon,10.0,1000,10600,Muscle_head,445.02190926816,5.195117347e-16,0.0003242537206419104,0.8603388442,86.03388441999999
ICRP 145 Adult Female,9500,Liver,photon,10.0,1000,10700,Muscle_trunk,8324.818900383196,4.0110494100000005e-15,0.002503500129062705,0.1542334522,15.423345220000002
ICRP 145 Adult Female,9500,Liver,photon,10.0,1000,10800,Muscle_arms,1479.849488735625,5.403787814e-15,0.003372779067754359,0.3022622332,30.226223320000003
ICRP 145 Adult Female,9500,Liver,photon,10.0,1000,10900,Muscle_legs,7676.7480018936,3.653465977e-16,0.00022803141048680575,0.654766305,65.4766305
ICRP 145 Adult Female,9500,Liver,photon,10.0,1000,11000,Oesophagus wall_0~190 um,1.8710181531188,6.246944533e-15,0.003899036099037498,0.9994998749,99.94998749
ICRP 145 Adult Female,9500,Liver,photon,10.0,1000,11001,Oesophagus wall_190~200 um,0.1006174687168,4.095326802e-15,0.002556101939756697,0.9994998749,99.94998749
ICRP 145 Adult Female,9500,Liver,photon,10.0,1000,11002,Oesophagus wall_200 um~surface,41.2465862211788,8.691835336e-15,0.005425016912336609,0.9118435374,91.18435374
ICRP 145 Adult Female,9500,Liver,photon,10.0,1000,11003,Oesophagus contents,21.240003752656,6.773517093e-15,0.0042276968401977226,0.9994998749,99.94998749
ICRP 145 Adult Female,9500,Liver,photon,10.0,1000,11100,Ovary_left,6.3182720948288,0.0,0.0,0.0,0.0
ICRP 145 Adult Female,9500,Liver,photon,10.0,1000,11200,Ovary_right,6.3182755884579,0.0,0.0,0.0,0.0
ICRP 145 Adult Female,9500,Liver,photon,10.0,1000,11300,Pancreas,144.55161999975547,3.832081358e-14,0.023917970570030415,0.4015858006,40.15858006
ICRP 145 Adult Female,9500,Liver,photon,10.0,1000,11400,Pituitary gland,0.6150875890969,0.0,0.0,0.0,0.0
ICRP 145 Adult Female,9500,Liver,photon,10.0,1000,11600,RST_head,844.5398776340284,1.2559086789999999e-16,7.838765416673016e-05,0.9919939011,99.19939011
ICRP 145 Adult Female,9500,Liver,photon,10.0,1000,11700,RST_trunk,11513.366181479478,4.666402406e-15,0.0029125392962136352,0.1079076241,10.790762410000001
ICRP 145 Adult Female,9500,Liver,photon,10.0,1000,11800,RST_arms,2171.589516017825,3.794191991e-15,0.0023681483742074324,0.2914819925,29.14819925
ICRP 145 Adult Female,9500,Liver,photon,10.0,1000,11900,RST_legs,7795.948330630681,3.8659903779999994e-16,0.00024129614026066493,0.5475456934,54.75456934
ICRP 145 Adult Female,9500,Liver,photon,10.0,1000,12000,Salivary glands_left,35.8798830269406,5.38601885e-15,0.0033616885527493817,0.9994998749,99.94998749
ICRP 145 Adult Female,9500,Liver,photon,10.0,1000,12100,Salivary glands_right,35.8798786173536,0.0,0.0,0.0,0.0
ICRP 145 Adult Female,9500,Liver,photon,10.0,1000,12200,Skin_head_insensitive,155.5820783789696,1.190854923e-15,0.0007432731808271236,0.7228253562,72.28253562
ICRP 145 Adult Female,9500,Liver,photon,10.0,1000,12201,Skin_head_sensitive_50~100 um,6.324483800416001,5.974874628999999e-16,0.000372922342156712,0.7627478717,76.27478717
ICRP 145 Adult Female,9500,Liver,photon,10.0,1000,12300,Skin_trunk_insensitive,871.5579532104576,4.035065103e-15,0.002518489545641602,0.243852686,24.3852686
ICRP 145 Adult Female,9500,Liver,photon,10.0,1000,12301,Skin_trunk_sensitive_50~100 um,32.3682717326784,3.8481758710000004e-15,0.002401842461896895,0.4017928163,40.179281630000006
ICRP 145 Adult Female,9500,Liver,photon,10.0,1000,12400,Skin_arms_insensitive,380.95960428490247,3.639725883e-15,0.0022717382127295624,0.4073083649,40.73083649
ICRP 145 Adult Female,9500,Liver,photon,10.0,1000,12401,Skin_arms_sensitive_50~100 um,15.5992697557056,4.105673849e-15,0.0025625600585311346,0.5349116157,53.49116157
ICRP 145 Adult Female,9500,Liver,photon,10.0,1000,12500,Skin_legs_insensitive,924.6125985625985,2.2240198469999996e-16,0.000138812400568322,0.9153676418,91.53676417999999
ICRP 145 Adult Female,9500,Liver,photon,10.0,1000,12501,Skin_legs_sensitive_50~100 um,35.0246292961664,7.8174261089999995e-16,0.0004879253599825303,0.9994998749,99.94998749
ICRP 145 Adult Female,9500,Liver,photon,10.0,1000,12600,Spinal cord,19.098306243841296,1.3605888490000002e-14,0.008492127647644154,0.9974767726,99.74767726
ICRP 145 Adult Female,9500,Liver,photon,10.0,1000,12700,Spleen,187.399994554262,1.5427115260000002e-14,0.009628847988804812,0.4537842652,45.37842652
ICRP 145 Adult Female,9500,Liver,photon,10.0,1000,12800,Teeth,40.561441982575,0.0,0.0,0.0,0.0
ICRP 145 Adult Female,9500,Liver,photon,10.0,1000,12801,Teeth_retention region,0.036088352248,0.0,0.0,0.0,0.0
ICRP 145 Adult Female,9500,Liver,photon,10.0,1000,13100,Thymus,20.5027913149354,0.0,0.0,0.0,0.0
ICRP 145 Adult Female,9500,Liver,photon,10.0,1000,13200,Thyroid,19.4553068342601,0.0,0.0,0.0,0.0
ICRP 145 Adult Female,9500,Liver,photon,10.0,1000,13300,Tongue_upper (food),20.995189084905,0.0,0.0,0.0,0.0
ICRP 145 Adult Female,9500,Liver,photon,10.0,1000,13301,Tongue_lower,40.415365130385,1.322603643e-15,0.0008255042639699877,0.9994998749,99.94998749
ICRP 145 Adult Female,9500,Liver,photon,10.0,1000,13400,Tonsils,3.0754149242855,0.0,0.0,0.0,0.0
ICRP 145 Adult Female,9500,Liver,photon,10.0,1000,13500,Ureter_left,7.688548223281699,4.122843625e-14,0.02573276589802181,0.7175924832,71.75924832
ICRP 145 Adult Female,9500,Liver,photon,10.0,1000,13600,Ureter_right,7.688548546809499,3.789183659e-17,2.3650224192448408e-05,0.9994998749,99.94998749
ICRP 145 Adult Female,9500,Liver,photon,10.0,1000,13700,Urinary bladder wall_insensitive,39.459052920248006,0.0,0.0,0.0,0.0
ICRP 145 Adult Female,9500,Liver,photon,10.0,1000,13701,Urinary bladder wall_sensitive_118/116~193/185 um,1.3454738559600001,0.0,0.0,0.0,0.0
ICRP 145 Adult Female,9500,Liver,photon,10.0,1000,13800,Urinary bladder contents,199.99999842264,0.0,0.0,0.0,0.0
ICRP 145 Adult Female,9500,Liver,photon,10.0,1000,13900,Uterus,81.99316851612399,0.0,0.0,0.0,0.0
ICRP 145 Adult Female,9500,Liver,photon,10.0,1000,14000,Air inside body,0.036006261714300006,0.0,0.0,0.0,0.0
ICRP 145 Adult Male,6100,Brain,photon,10.0,1000,100,Adrenal_left,8.6827395219656,0.0,0.0,0.0,0.0
ICRP 145 Adult Male,6100,Brain,photon,10.0,1000,200,Adrenal_right,8.682743131804001,0.0,0.0,0.0,0.0
ICRP 145 Adult Male,6100,Brain,photon,10.0,1000,300,ET1_0~8 um,0.022309011006,0.0,0.0,0.0,0.0
ICRP 145 Adult Male,6100,Brain,photon,10.0,1000,301,ET1_8~40 um,0.08953171142029999,0.0,0.0,0.0,0.0
ICRP 145 Adult Male,6100,Brain,photon,10.0,1000,302,ET1_40~50 um,0.0280764945985,0.0,0.0,0.0,0.0
ICRP 145 Adult Male,6100,Brain,photon,10.0,1000,303,ET1_50 um~surface,11.2912058306315,0.0,0.0,0.0,0.0
ICRP 145 Adult Male,6100,Brain,photon,10.0,1000,400,ET2_-15~0 um,0.1412003875,0.0,0.0,0.0,0.0
ICRP 145 Adult Male,6100,Brain,photon,10.0,1000,401,ET2_0~40 um,0.38983244306199993,0.0,0.0,0.0,0.0
ICRP 145 Adult Male,6100,Brain,photon,10.0,1000,402,ET2_40~50 um,0.09782525440189999,0.0,0.0,0.0,0.0
ICRP 145 Adult Male,6100,Brain,photon,10.0,1000,403,ET2_50~55 um,0.0489742500194,0.0,0.0,0.0,0.0
ICRP 145 Adult Male,6100,Brain,photon,10.0,1000,404,ET2_55~65 um,0.09805441229749999,0.0,0.0,0.0,0.0
ICRP 145 Adult Male,6100,Brain,photon,10.0,1000,405,ET2_65 um~surface,28.8084848041248,0.0,0.0,0.0,0.0
ICRP 145 Adult Male,6100,Brain,photon,10.0,1000,500,Oral mucosa_tongue,0.08596550424,0.0,0.0,0.0,0.0
ICRP 145 Adult Male,6100,Brain,photon,10.0,1000,501,Oral mucosa_mouth floor,0.023515567425,0.0,0.0,0.0,0.0
ICRP 145 Adult Male,6100,Brain,photon,10.0,1000,600,Oral mucosa_lips_and cheeks,0.02307768477,0.0,0.0,0.0,0.0
ICRP 145 Adult Male,6100,Brain,photon,10.0,1000,700,Trachea,10.363608784414097,0.0,0.0,0.0,0.0
ICRP 145 Adult Male,6100,Brain,photon,10.0,1000,800,BB1_-11~-6 um,0.0251639823,0.0,0.0,0.0,0.0
ICRP 145 Adult Male,6100,Brain,photon,10.0,1000,801,BB1_-6~0 um,0.031163358601999997,0.0,0.0,0.0,0.0
ICRP 145 Adult Male,6100,Brain,photon,10.0,1000,802,BB1_0~10 um,0.052011207849299995,0.0,0.0,0.0,0.0
ICRP 145 Adult Male,6100,Brain,photon,10.0,1000,803,BB1_10~35 um,0.13041112597489998,0.0,0.0,0.0,0.0
ICRP 145 Adult Male,6100,Brain,photon,10.0,1000,804,BB1_35~40 um,0.026156756824199996,0.0,0.0,0.0,0.0
ICRP 145 Adult Male,6100,Brain,photon,10.0,1000,805,BB1_40~50 um,0.0523710067448,0.0,0.0,0.0,0.0
ICRP 145 Adult Male,6100,Brain,photon,10.0,1000,806,BB1_50~60 um,0.05246035062729999,0.0,0.0,0.0,0.0
ICRP 145 Adult Male,6100,Brain,photon,10.0,1000,807,BB1_60~70 um,0.0525500910324,0.0,0.0,0.0,0.0
ICRP 145 Adult Male,6100,Brain,photon,10.0,1000,808,BB1_70 um~surface,2.7766745083531,0.0,0.0,0.0,0.0
ICRP 145 Adult Male,6100,Brain,photon,10.0,1000,900,Blood in large arteries_head,1.50465238386,0.0,0.0,0.0,0.0
ICRP 145 Adult Male,6100,Brain,photon,10.0,1000,910,Blood in large veins_head,6.9444700345,1.4035714120000001e-14,0.008760403704652251,0.9437733263,94.37733263
ICRP 145 Adult Male,6100,Brain,photon,10.0,1000,1000,Blood in large arteries_trunk,193.18284020919003,3.326354844e-18,2.076147394370381e-06,0.9994998749,99.94998749
ICRP 145 Adult Male,6100,Brain,photon,10.0,1000,1010,Blood in large veins_trunk,444.02205465595,1.0765066569999999e-16,6.719026068383338e-05,0.9787906769,97.87906769
ICRP 145 Adult Male,6100,Brain,photon,10.0,1000,1100,Blood in large arteries_arms,32.465638925742,0.0,0.0,0.0,0.0
ICRP 145 Adult Male,6100,Brain,photon,10.0,1000,1110,Blood in large veins_arms,167.307070400928,1.636704444e-15,0.0010215505639436895,0.9994998749,99.94998749
ICRP 145 Adult Male,6100,Brain,photon,10.0,1000,1200,Blood in large arteries_legs,108.84645360805001,0.0,0.0,0.0,0.0
ICRP 145 Adult Male,6100,Brain,photon,10.0,1000,1210,Blood in large veins_legs,389.724782683546,1.323821803e-17,8.262645796394022e-06,0.9994998749,99.94998749
ICRP 145 Adult Male,6100,Brain,photon,10.0,1000,1300,Humeri_upper_cortical,159.3350570061488,3.184190582e-17,1.9874154412366736e-05,0.9994998749,99.94998749
ICRP 145 Adult Male,6100,Brain,photon,10.0,1000,1400,Humeri_upper_spongiosa,145.68865566282543,0.0,0.0,0.0,0.0
ICRP 145 Adult Male,6100,Brain,photon,10.0,1000,1500,Humeri_upper_medullary cavity,34.2439825379625,0.0,0.0,0.0,0.0
ICRP 145 Adult Male,6100,Brain,photon,10.0,1000,1600,Humeri_lower_cortical,106.581519229584,0.0,0.0,0.0,0.0
ICRP 145 Adult Male,6100,Brain,photon,10.0,1000,1700,Humeri_lower_spongiosa,50.889789317883505,0.0,0.0,0.0,0.0
ICRP 145 Adult Male,6100,Brain,photon,10.0,1000,1800,Humeri_lower_medullary cavity,37.396955221245,0.0,0.0,0.0,0.0
ICRP 145 Adult Male,6100,Brain,photon,10.0,1000,1900,Ulnae and radii_cortical,273.4979437885408,0.0,0.0,0.0,0.0
ICRP 145 Adult Male,6100,Brain,photon,10.0,1000,2000,Ulnae and radii_spongiosa,154.98098548207722,0.0,0.0,0.0,0.0
ICRP 145 Adult Male,6100,Brain,photon,10.0,1000,2100,Ulnae and radii_medullary cavity,22.9963457601513,0.0,0.0,0.0,0.0
ICRP 145 Adult Male,6100,Brain,photon,10.0,1000,2200,Wrists and hand bones_cortical,181.5289884774912,0.0,0.0,0.0,0.0
ICRP 145 Adult Male,6100,Brain,photon,10.0,1000,2300,Wrists and hand bones_spongiosa,118.9268865564322,0.0,0.0,0.0,0.0
ICRP 145 Adult Male,6100,Brain,photon,10.0,1000,2400,Clavicles_cortical,48.2518122680944,0.0,0.0,0.0,0.0
ICRP 145 Adult Male,6100,Brain,photon,10.0,1000,2500,Clavicles_spongiosa,45.0570133567736,0.0,0.0,0.0,0.0
ICRP 145 Adult Male,6100,Brain,photon,10.0,1000,2600,Cranium_cortical,568.4694168021568,4.06131877e-14,0.025348757957234402,0.139350286,13.935028599999999
ICRP 145 Adult Male,6100,Brain,photon,10.0,1000,2700,Cranium_spongiosa,382.072926331038,4.0205615660000003e-14,0.02509437149861874,0.1628938333,16.28938333
ICRP 145 Adult Male,6100,Brain,photon,10.0,1000,2800,Femora_upper_cortical,253.54758457984477,0.0,0.0,0.0,0.0
ICRP 145 Adult Male,6100,Brain,photon,10.0,1000,2900,Femora_upper_spongiosa,413.23229223795,0.0,0.0,0.0,0.0
ICRP 145 Adult Male,6100,Brain,photon,10.0,1000,3000,Femora_upper_medullary cavity,26.0453504720556,0.0,0.0,0.0,0.0
ICRP 145 Adult Male,6100,Brain,photon,10.0,1000,3100,Femora_lower_cortical,307.76097346363036,0.0,0.0,0.0,0.0
ICRP 145 Adult Male,6100,Brain,photon,10.0,1000,3200,Femora_lower_spongiosa,373.65195452952497,0.0,0.0,0.0,0.0
ICRP 145 Adult Male,6100,Brain,photon,10.0,1000,3300,Femora_lower_medullary cavity,82.1788824563496,0.0,0.0,0.0,0.0
ICRP 145 Adult Male,6100,Brain,photon,10.0,1000,3400,Tibiae_fibulae_and patellae_cortical,536.6511904030032,0.0,0.0,0.0,0.0
ICRP 145 Adult Male,6100,Brain,photon,10.0,1000,3500,Tibiae_fibulae_and patellae_spongiosa,621.4076462600432,0.0,0.0,0.0,0.0
ICRP 145 Adult Male,6100,Brain,photon,10.0,1000,3600,Tibiae_fibulae_and patellae_medullary cavity,79.8149379747906,0.0,0.0,0.0,0.0
ICRP 145 Adult Male,6100,Brain,photon,10.0,1000,3700,Ankles and foot_cortical,234.88234278038877,0.0,0.0,0.0,0.0
ICRP 145 Adult Male,6100,Brain,photon,10.0,1000,3800,Ankles and foot_spongiosa,432.61504238399,0.0,0.0,0.0,0.0
ICRP 145 Adult Male,6100,Brain,photon,10.0,1000,3900,Mandible_cortical,76.87705057623359,1.3816756940000001e-14,0.00862374138206341,0.7482888303,74.82888303
ICRP 145 Adult Male,6100,Brain,photon,10.0,1000,4000,Mandible_spongiosa,56.287316552493095,1.1529470090000002e-14,0.0071961292190463435,0.7173903453,71.73903453
ICRP 145 Adult Male,6100,Brain,photon,10.0,1000,4100,Pelvis_cortical,402.5946743318192,4.010983284e-17,2.503458856459799e-05,0.713474838,71.3474838
ICRP 145 Adult Male,6100,Brain,photon,10.0,1000,4200,Pelvis_spongiosa,619.671575527846,0.0,0.0,0.0,0.0
ICRP 145 Adult Male,6100,Brain,photon,10.0,1000,4300,Ribs_cortical,368.79699288447677,6.486499580999999e-16,0.0004048554599629995,0.6714945223,67.14945223
ICRP 145 Adult Male,6100,Brain,photon,10.0,1000,4400,Ribs_spongiosa,457.351194317472,7.637905606999999e-16,0.00047672057155968205,0.9828484528,98.28484528
ICRP 145 Adult Male,6100,Brain,photon,10.0,1000,4500,Scapulae_cortical,223.3331223438448,0.0,0.0,0.0,0.0
ICRP 145 Adult Male,6100,Brain,photon,10.0,1000,4600,Scapulae_spongiosa,156.67025675645783,0.0,0.0,0.0,0.0
ICRP 145 Adult Male,6100,Brain,photon,10.0,1000,4700,Cervical spine_cortical,103.94340658852639,4.072852018e-15,0.002542074282928441,0.6821864882,68.21864882
ICRP 145 Adult Male,6100,Brain,photon,10.0,1000,4800,Cervical spine_spongiosa,78.91527127699649,3.0708497600000002e-15,0.0019166736643346852,0.9410947242,94.10947241999999
ICRP 145 Adult Male,6100,Brain,photon,10.0,1000,4900,Thoracic spine_cortical,289.44012909388636,1.335833291e-15,0.0008337615607743804,0.9994998749,99.94998749
ICRP 145 Adult Male,6100,Brain,photon,10.0,1000,5000,Thoracic spine_spongiosa,345.22177328276103,8.359775944999999e-16,0.0005217761742117954,0.9994998749,99.94998749
ICRP 145 Adult Male,6100,Brain,photon,10.0,1000,5100,Lumbar spine_cortical,188.0474514135168,0.0,0.0,0.0,0.0
ICRP 145 Adult Male,6100,Brain,photon,10.0,1000,5200,Lumbar spine_spongiosa,291.5843646006448,0.0,0.0,0.0,0.0
ICRP 145 Adult Male,6100,Brain,photon,10.0,1000,5300,Sacrum_cortical,110.3202882637184,0.0,0.0,0.0,0.0
ICRP 145 Adult Male,6100,Brain,photon,10.0,1000,5400,Sacrum_spongiosa,192.22399895868529,0.0,0.0,0.0,0.0
ICRP 145 Adult Male,6100,Brain,photon,10.0,1000,5500,Sternum_cortical,9.99052342484,0.0,0.0,0.0,0.0
ICRP 145 Adult Male,6100,Brain,photon,10.0,1000,5600,Sternum_spongiosa,61.4200837170186,9.834764681999999e-16,0.0006138377300789304,0.6141655254,61.416552540000005
ICRP 145 Adult Male,6100,Brain,photon,10.0,1000,5700,Cartilage_costal,56.3314637893434,0.0,0.0,0.0,0.0
ICRP 145 Adult Male,6100,Brain,photon,10.0,1000,5800,Cartilage_discs,82.0629794582262,0.0,0.0,0.0,0.0
ICRP 145 Adult Male,6100,Brain,photon,10.0,1000,6100,Brain,1517.389677890517,6.048324579000001e-14,0.03775067274511493,0.1099291383,10.99291383
ICRP 145 Adult Male,6100,Brain,photon,10.0,1000,6200,Breast_left_adipose tissue,7.7690252574697,0.0,0.0,0.0,0.0
ICRP 145 Adult Male,6100,Brain,photon,10.0,1000,6300,Breast_left_glandular tissue,5.1801340681112995,0.0,0.0,0.0,0.0
ICRP 145 Adult Male,6100,Brain,photon,10.0,1000,6400,Breast_right_adipose tissue,7.769029192597299,0.0,0.0,0.0,0.0
ICRP 145 Adult Male,6100,Brain,photon,10.0,1000,6500,Breast_right_glandular tissue,5.1801364431615,0.0,0.0,0.0,0.0
ICRP 145 Adult Male,6100,Brain,photon,10.0,1000,6600,Eye lens_sensitive_left,0.038889488078,0.0,0.0,0.0,0.0
ICRP 145 Adult Male,6100,Brain,photon,10.0,1000,6601,Eye lens_insensitive_left,0.189270568824,0.0,0.0,0.0,0.0
ICRP 145 Adult Male,6100,Brain,photon,10.0,1000,6700,Cornea_left,1.1132850686100002,5.967682662e-15,0.003724734548837748,0.9994998749,99.94998749
ICRP 145 Adult Male,6100,Brain,photon,10.0,1000,6701,Aqueous_left,0.30757160465499994,0.0,0.0,0.0,0.0
ICRP 145 Adult Male,6100,Brain,photon,10.0,1000,6702,Vitreous_left,6.121993940095599,0.0,0.0,0.0,0.0
ICRP 145 Adult Male,6100,Brain,photon,10.0,1000,6800, Eye lens_sensitive_right,0.03888931392,0.0,0.0,0.0,0.0
ICRP 145 Adult Male,6100,Brain,photon,10.0,1000,6801,Eye lens_insensitive_right,0.18927065245799998,0.0,0.0,0.0,0.0
ICRP 145 Adult Male,6100,Brain,photon,10.0,1000,6900,Cornea_right,1.11328169546,0.0,0.0,0.0,0.0
ICRP 145 Adult Male,6100,Brain,photon,10.0,1000,6901,Aqueous_right,0.3075715920475,0.0,0.0,0.0,0.0
ICRP 145 Adult Male,6100,Brain,photon,10.0,1000,6902,Vitreous_right,6.1219952201852,0.0,0.0,0.0,0.0
ICRP 145 Adult Male,6100,Brain,photon,10.0,1000,7000,Gallbladder wall,10.363612759847,4.664865488e-15,0.0029115800274492646,0.9994998749,99.94998749
ICRP 145 Adult Male,6100,Brain,photon,10.0,1000,7100,Gallbladder contents,57.999999325813,5.815008688e-15,0.0036294429494222436,0.9994998749,99.94998749
ICRP 145 Adult Male,6100,Brain,photon,10.0,1000,7200,Stomach wall_0~60 um,1.7837383883823,8.828137710000001e-15,0.005510090162755769,0.9994998749,99.94998749
ICRP 145 Adult Male,6100,Brain,photon,10.0,1000,7201,Stomach wall_60~100 um,1.1928211312201,4.212583936e-15,0.0026292880863473273,0.9994998749,99.94998749
ICRP 145 Adult Male,6100,Brain,photon,10.0,1000,7202,Stomach wall_100~300 um,6.0080173574287,5.285116167e-15,0.003298710051591184,0.9994998749,99.94998749
ICRP 145 Adult Male,6100,Brain,photon,10.0,1000,7203,Stomach wall_300 um~surface,185.286098491145,9.437165632e-17,5.8902154929320905e-05,0.9994998749,99.94998749
ICRP 145 Adult Male,6100,Brain,photon,10.0,1000,7300,Stomach contents,249.999986524184,2.171825462e-15,0.0013555468329218782,0.9994998749,99.94998749
ICRP 145 Adult Male,6100,Brain,photon,10.0,1000,7400,Small intestine wall_0~130 um,14.547479039272899,3.6218666939999997e-16,0.0002260591383708961,0.9994998749,99.94998749
ICRP 145 Adult Male,6100,Brain,photon,10.0,1000,7401,Small intestine wall_130~150 um,2.2644420346114,1.371720777e-16,8.561607677272402e-05,0.9994998749,99.94998749
ICRP 145 Adult Male,6100,Brain,photon,10.0,1000,7402,Small intestine wall_150~200 um,5.691843593203999,2.0831428419999998e-16,0.00013001954951741791,0.9994998749,99.94998749
ICRP 145 Adult Male,6100,Brain,photon,10.0,1000,7403,Small intestine wall_200 um~surface,840.0963485350355,8.158781428e-16,0.0005092310831940711,0.7100515081,71.00515080999999
ICRP 145 Adult Male,6100,Brain,photon,10.0,1000,7500,Small intestine contents_-500~0 um,53.33739729292,1.623163339e-15,0.0010130988709701162,0.7906113782,79.06113782
ICRP 145 Adult Male,6100,Brain,photon,10.0,1000,7501,Small intestine contents_centre~500 um,296.66260810888,3.839656465e-16,0.00023965250669110927,0.8711338555,87.11338555
ICRP 145 Adult Male,6100,Brain,photon,10.0,1000,7600,Ascending colon wall_0~280 um,3.0714502217129,0.0,0.0,0.0,0.0
ICRP 145 Adult Male,6100,Brain,photon,10.0,1000,7601,Ascending colon wall_280~300 um,0.2233495663671,0.0,0.0,0.0,0.0
ICRP 145 Adult Male,6100,Brain,photon,10.0,1000,7602,Ascending colon wall_300 um~surface,116.6341777582855,0.0,0.0,0.0,0.0
ICRP 145 Adult Male,6100,Brain,photon,10.0,1000,7700,Ascending colon contents,55.000000637088,0.0,0.0,0.0,0.0
ICRP 145 Adult Male,6100,Brain,photon,10.0,1000,7800,Transverse colon wall_right_0~280 um,3.9926975410255996,0.0,0.0,0.0,0.0
ICRP 145 Adult Male,6100,Brain,photon,10.0,1000,7801,Transverse colon wall_right_280~300 um,0.28861134506159997,0.0,0.0,0.0,0.0
ICRP 145 Adult Male,6100,Brain,photon,10.0,1000,7802,Transverse colon wall_right_300 um~surface,75.6713489706476,0.0,0.0,0.0,0.0
ICRP 145 Adult Male,6100,Brain,photon,10.0,1000,7900,Transverse colon contents_right,95.000002169592,0.0,0.0,0.0,0.0
ICRP 145 Adult Male,6100,Brain,photon,10.0,1000,8000,Transverse colon wall_left_0~280 um,2.8236702141742,0.0,0.0,0.0,0.0
ICRP 145 Adult Male,6100,Brain,photon,10.0,1000,8001,Transverse colon wall_left_280~300 um,0.20497231901709997,0.0,0.0,0.0,0.0
ICRP 145 Adult Male,6100,Brain,photon,10.0,1000,8002,Transverse colon wall_left_300 um~surface,76.92402449694919,1.097772718e-17,6.851758381092883e-06,0.9994998749,99.94998749
ICRP 145 Adult Male,6100,Brain,photon,10.0,1000,8100,Transverse colon contents_left,39.999992907160006,3.275496629e-16,0.0002044404193327041,0.9751973991,97.51973991
ICRP 145 Adult Male,6100,Brain,photon,10.0,1000,8200,Descending colon wall_0~280 um,2.7794343898889,0.0,0.0,0.0,0.0
ICRP 145 Adult Male,6100,Brain,photon,10.0,1000,8201,Descending colon wall_280~300 um,0.2033227535767,0.0,0.0,0.0,0.0
ICRP 145 Adult Male,6100,Brain,photon,10.0,1000,8202,Descending colon wall_300 um~surface,116.94622050877759,1.944354584e-18,1.2135706780006137e-06,0.9994998749,99.94998749
ICRP 145 Adult Male,6100,Brain,photon,10.0,1000,8300,Descending colon contents,35.000009177224,0.0,0.0,0.0,0.0
ICRP 145 Adult Male,6100,Brain,photon,10.0,1000,8400,Sigmoid colon wall_0~280 um,4.45094235654,0.0,0.0,0.0,0.0
ICRP 145 Adult Male,6100,Brain,photon,10.0,1000,8401,Sigmoid colon wall_280~300 um,0.3235627550783,0.0,0.0,0.0,0.0
ICRP 145 Adult Male,6100,Brain,photon,10.0,1000,8402,Sigmoid colon wall_300 um~surface,48.514513234441196,0.0,0.0,0.0,0.0
ICRP 145 Adult Male,6100,Brain,photon,10.0,1000,8500,Sigmoid colon contents,74.999995449392,0.0,0.0,0.0,0.0
ICRP 145 Adult Male,6100,Brain,photon,10.0,1000,8600,Rectum wall,39.9763266181388,0.0,0.0,0.0,0.0
ICRP 145 Adult Male,6100,Brain,photon,10.0,1000,8700,Heart wall,385.83881449935967,1.519107568e-15,0.000948152367075461,0.9601297329,96.01297329
ICRP 145 Adult Male,6100,Brain,photon,10.0,1000,8800,Blood in heart chamber,510.00000952219403,3.2714236079999996e-16,0.00020418620135738438,0.7306987156,73.06987156
ICRP 145 Adult Male,6100,Brain,photon,10.0,1000,8900,Kidney_left_cortex,162.3384466140762,0.0,0.0,0.0,0.0
ICRP 145 Adult Male,6100,Brain,photon,10.0,1000,9000,Kidney_left_medulla,38.3592819188826,0.0,0.0,0.0,0.0
ICRP 145 Adult Male,6100,Brain,photon,10.0,1000,9100,Kidney_left_pelvis,7.651796291895599,0.0,0.0,0.0,0.0
ICRP 145 Adult Male,6100,Brain,photon,10.0,1000,9200,Kidney_right_cortex,166.54194565314927,0.0,0.0,0.0,0.0
ICRP 145 Adult Male,6100,Brain,photon,10.0,1000,9300,Kidney_right_medulla,39.36213815849639,0.0,0.0,0.0,0.0
ICRP 145 Adult Male,6100,Brain,photon,10.0,1000,9400,Kidney_right_pelvis,7.892486789253299,0.0,0.0,0.0,0.0
ICRP 145 Adult Male,6100,Brain,photon,10.0,1000,9500,Liver,2360.0000048976,2.729596335e-15,0.00170368002945184,0.45639866,45.639866
ICRP 145 Adult Male,6100,Brain,photon,10.0,1000,9700,Lung (AI)_left,545.8768933536566,3.8720097919999997e-16,0.00024167184253170434,0.8949931954,89.49931954
ICRP 145 Adult Male,6100,Brain,photon,10.0,1000,9900,Lung (AI)_right,652.861449557889,9.279242571999999e-16,0.0005791647671726423,0.7241832564,72.41832564
ICRP 145 Adult Male,6100,Brain,photon,10.0,1000,10000,Lymphatic nodes_ET,15.9491859978336,1.126394445e-14,0.007030401149890133,0.9994998749,99.94998749
ICRP 145 Adult Male,6100,Brain,photon,10.0,1000,10100,Lymphatic nodes_thoracic,15.949205446699201,0.0,0.0,0.0,0.0
ICRP 145 Adult Male,6100,Brain,photon,10.0,1000,10200,Lymphatic nodes_head,5.5097251938576,2.4260499530000002e-14,0.015142212796745552,0.9994998749,99.94998749
ICRP 145 Adult Male,6100,Brain,photon,10.0,1000,10300,Lymphatic nodes_trunk,130.20352238279762,1.6417560060000001e-15,0.0010247035009500098,0.9994998749,99.94998749
ICRP 145 Adult Male,6100,Brain,photon,10.0,1000,10400,Lymphatic nodes_arms,11.0194524245736,0.0,0.0,0.0,0.0
ICRP 145 Adult Male,6100,Brain,photon,10.0,1000,10500,Lymphatic nodes_legs,11.019453548111999,0.0,0.0,0.0,0.0
ICRP 145 Adult Male,6100,Brain,photon,10.0,1000,10600,Muscle_head,1200.8220403903501,1.321242153e-14,0.00824654488751009,0.2024549344,20.24549344
ICRP 145 Adult Male,6100,Brain,photon,10.0,1000,10700,Muscle_trunk,14841.46933433199,8.069371456999999e-16,0.000503650551740633,0.2674142822,26.741428220000003
ICRP 145 Adult Male,6100,Brain,photon,10.0,1000,10800,Muscle_arms,2843.4306164274153,5.828568752999999e-17,3.637906476297021e-05,0.7517806444,75.17806444
ICRP 145 Adult Male,6100,Brain,photon,10.0,1000,10900,Muscle_legs,10890.898799507057,4.167044703e-18,2.600864732745977e-06,0.9994998749,99.94998749
ICRP 145 Adult Male,6100,Brain,photon,10.0,1000,11000,Oesophagus wall_0~190 um,1.9193930012387,0.0,0.0,0.0,0.0
ICRP 145 Adult Male,6100,Brain,photon,10.0,1000,11001,Oesophagus wall_190~200 um,0.10307141705759999,0.0,0.0,0.0,0.0
ICRP 145 Adult Male,6100,Brain,photon,10.0,1000,11002,Oesophagus wall_200 um~surface,49.78305164127259,1.3660318469999998e-16,8.526100169053426e-05,0.9994998749,99.94998749
ICRP 145 Adult Male,6100,Brain,photon,10.0,1000,11003,Oesophagus contents,22.869997657103998,0.0,0.0,0.0,0.0
ICRP 145 Adult Male,6100,Brain,photon,10.0,1000,11300,Pancreas,173.6312955899076,4.6590202659999995e-17,2.9079317268337406e-05,0.9994998749,99.94998749
ICRP 145 Adult Male,6100,Brain,photon,10.0,1000,11400,Pituitary gland,0.6218196488647999,0.0,0.0,0.0,0.0
ICRP 145 Adult Male,6100,Brain,photon,10.0,1000,11500,Prostate,17.6181441863475,0.0,0.0,0.0,0.0
ICRP 145 Adult Male,6100,Brain,photon,10.0,1000,11600,RST_head,975.6228575319597,1.669095033e-14,0.010417671794607536,0.1569677757,15.69677757
ICRP 145 Adult Male,6100,Brain,photon,10.0,1000,11700,RST_trunk,11176.899806392705,4.3668690689999996e-16,0.00027255852921147217,0.3000914224,30.009142239999996
ICRP 145 Adult Male,6100,Brain,photon,10.0,1000,11800,RST_arms,1549.8418807835817,2.1343839569999998e-16,0.00013321776835999798,0.7276055712,72.76055712
ICRP 145 Adult Male,6100,Brain,photon,10.0,1000,11900,RST_legs,4510.137865147503,1.9486125049999998e-16,0.00012162282632565975,0.9994998749,99.94998749
ICRP 145 Adult Male,6100,Brain,photon,10.0,1000,12000,Salivary glands_left,44.04535868806389,8.345321402999999e-16,0.0005208739926611936,0.9899095376,98.99095376
ICRP 145 Adult Male,6100,Brain,photon,10.0,1000,12100,Salivary glands_right,44.045362366878095,9.616807091e-15,0.006002338872581885,0.5862050767,58.62050767
ICRP 145 Adult Male,6100,Brain,photon,10.0,1000,12200,Skin_head_insensitive,259.2303086462463,1.770831219e-14,0.011052659122727604,0.1895726112,18.95726112
ICRP 145 Adult Male,6100,Brain,photon,10.0,1000,12201,Skin_head_sensitive_50~100 um,8.4700015308315,1.388138e-14,0.008664075923604355,0.2079044227,20.79044227
ICRP 145 Adult Male,6100,Brain,photon,10.0,1000,12300,Skin_trunk_insensitive,1271.1442995947916,2.6032183149999995e-16,0.00016248010735875966,0.6290693212,62.90693212
ICRP 145 Adult Male,6100,Brain,photon,10.0,1000,12301,Skin_trunk_sensitive_50~100 um,38.4178622540229,2.4961108889999996e-16,0.0001557949876455479,0.6770872565,67.70872565
ICRP 145 Adult Male,6100,Brain,photon,10.0,1000,12400,Skin_arms_insensitive,575.7079454801828,8.403298631999999e-16,0.0005244926466703497,0.610871856,61.087185600000005
ICRP 145 Adult Male,6100,Brain,photon,10.0,1000,12401,Skin_arms_sensitive_50~100 um,18.8430205182516,9.302409262e-17,5.8061071823124466e-05,0.9994998749,99.94998749
ICRP 145 Adult Male,6100,Brain,photon,10.0,1000,12500,Skin_legs_insensitive,1259.9653957292753,7.141286022e-17,4.457240150963558e-05,0.9994998749,99.94998749
ICRP 145 Adult Male,6100,Brain,photon,10.0,1000,12501,Skin_legs_sensitive_50~100 um,37.7898459967809,5.885956117e-17,3.6737248516135626e-05,0.9994998749,99.94998749
ICRP 145 Adult Male,6100,Brain,photon,10.0,1000,12600,Spinal cord,37.951723316125,0.0,0.0,0.0,0.0
ICRP 145 Adult Male,6100,Brain,photon,10.0,1000,12700,Spleen,228.399995069508,1.76952e-15,0.0011044475137440496,0.9994998749,99.94998749
ICRP 145 Adult Male,6100,Brain,photon,10.0,1000,12800,Teeth,50.726620875840005,0.0,0.0,0.0,0.0
ICRP 145 Adult Male,6100,Brain,photon,10.0,1000,12801,Teeth_retention region,0.043137991728,0.0,0.0,0.0,0.0
ICRP 145 Adult Male,6100,Brain,photon,10.0,1000,12900,Testis_left,18.6167532173229,0.0,0.0,0.0,0.0
ICRP 145 Adult Male,6100,Brain,photon,10.0,1000,13000,Testis_right,18.616749836779498,0.0,0.0,0.0,0.0
ICRP 145 Adult Male,6100,Brain,photon,10.0,1000,13100,Thymus,25.909028548764397,0.0,0.0,0.0,0.0
ICRP 145 Adult Male,6100,Brain,photon,10.0,1000,13200,Thyroid,23.350524289154098,0.0,0.0,0.0,0.0
ICRP 145 Adult Male,6100,Brain,photon,10.0,1000,13300,Tongue_upper (food),20.993037544080003,0.0,0.0,0.0,0.0
ICRP 145 Adult Male,6100,Brain,photon,10.0,1000,13301,Tongue_lower,54.55215826284,1.7007764139999998e-16,0.00010615411421610494,0.9994998749,99.94998749
ICRP 145 Adult Male,6100,Brain,photon,10.0,1000,13400,Tonsils,3.1090947489247,9.97961888e-14,0.06228788179918384,0.9994998749,99.94998749
ICRP 145 Adult Male,6100,Brain,photon,10.0,1000,13500,Ureter_left,8.8090670465834,0.0,0.0,0.0,0.0
ICRP 145 Adult Male,6100,Brain,photon,10.0,1000,13600,Ureter_right,7.772708595126299,0.0,0.0,0.0,0.0
ICRP 145 Adult Male,6100,Brain,photon,10.0,1000,13700,Urinary bladder wall_insensitive,49.781123236104,0.0,0.0,0.0,0.0
ICRP 145 Adult Male,6100,Brain,photon,10.0,1000,13701,Urinary bladder wall_sensitive_118/116~193/185 um,1.317737831592,0.0,0.0,0.0,0.0
ICRP 145 Adult Male,6100,Brain,photon,10.0,1000,13800,Urinary bladder contents,200.000002986056,5.0328383209999995e-17,3.141250605081732e-05,0.7990388977,79.90388977
ICRP 145 Adult Male,6100,Brain,photon,10.0,1000,14000,Air inside body,0.1401650804136,0.0,0.0,0.0,0.0
ICRP 145 Adult Male,9500,Liver,photon,10.0,1000,100,Adrenal_left,8.6827395219656,3.191983831e-15,0.001992279604671977,0.7250380891,72.50380891
ICRP 145 Adult Male,9500,Liver,photon,10.0,1000,200,Adrenal_right,8.682743131804001,1.284620577e-13,0.0801797098858502,0.9986362609,99.86362609
ICRP 145 Adult Male,9500,Liver,photon,10.0,1000,300,ET1_0~8 um,0.022309011006,0.0,0.0,0.0,0.0
ICRP 145 Adult Male,9500,Liver,photon,10.0,1000,301,ET1_8~40 um,0.08953171142029999,0.0,0.0,0.0,0.0
ICRP 145 Adult Male,9500,Liver,photon,10.0,1000,302,ET1_40~50 um,0.0280764945985,0.0,0.0,0.0,0.0
ICRP 145 Adult Male,9500,Liver,photon,10.0,1000,303,ET1_50 um~surface,11.2912058306315,0.0,0.0,0.0,0.0
ICRP 145 Adult Male,9500,Liver,photon,10.0,1000,400,ET2_-15~0 um,0.1412003875,0.0,0.0,0.0,0.0
ICRP 145 Adult Male,9500,Liver,photon,10.0,1000,401,ET2_0~40 um,0.38983244306199993,0.0,0.0,0.0,0.0
ICRP 145 Adult Male,9500,Liver,photon,10.0,1000,402,ET2_40~50 um,0.09782525440189999,0.0,0.0,0.0,0.0
ICRP 145 Adult Male,9500,Liver,photon,10.0,1000,403,ET2_50~55 um,0.0489742500194,0.0,0.0,0.0,0.0
ICRP 145 Adult Male,9500,Liver,photon,10.0,1000,404,ET2_55~65 um,0.09805441229749999,0.0,0.0,0.0,0.0
ICRP 145 Adult Male,9500,Liver,photon,10.0,1000,405,ET2_65 um~surface,28.8084848041248,0.0,0.0,0.0,0.0
ICRP 145 Adult Male,9500,Liver,photon,10.0,1000,500,Oral mucosa_tongue,0.08596550424,0.0,0.0,0.0,0.0
ICRP 145 Adult Male,9500,Liver,photon,10.0,1000,501,Oral mucosa_mouth floor,0.023515567425,0.0,0.0,0.0,0.0
ICRP 145 Adult Male,9500,Liver,photon,10.0,1000,600,Oral mucosa_lips_and cheeks,0.02307768477,0.0,0.0,0.0,0.0
ICRP 145 Adult Male,9500,Liver,photon,10.0,1000,700,Trachea,10.363608784414097,0.0,0.0,0.0,0.0
ICRP 145 Adult Male,9500,Liver,photon,10.0,1000,800,BB1_-11~-6 um,0.0251639823,7.485350149e-14,0.046719880880502634,0.8269456197,82.69456197
ICRP 145 Adult Male,9500,Liver,photon,10.0,1000,801,BB1_-6~0 um,0.031163358601999997,3.700528492e-14,0.02309688216312004,0.5886042443,58.86042443
ICRP 145 Adult Male,9500,Liver,photon,10.0,1000,802,BB1_0~10 um,0.052011207849299995,4.9559775980000005e-14,0.030932779150743182,0.6763394967,67.63394967
ICRP 145 Adult Male,9500,Liver,photon,10.0,1000,803,BB1_10~35 um,0.13041112597489998,3.9040755010000005e-14,0.02436732266687297,0.5837222873,58.372228729999996
ICRP 145 Adult Male,9500,Liver,photon,10.0,1000,804,BB1_35~40 um,0.026156756824199996,4.0699200550000006e-14,0.025402442955613933,0.5911112741,59.111127409999995
ICRP 145 Adult Male,9500,Liver,photon,10.0,1000,805,BB1_40~50 um,0.0523710067448,4.360184544e-14,0.02721413139770126,0.6056922926,60.56922926
ICRP 145 Adult Male,9500,Liver,photon,10.0,1000,806,BB1_50~60 um,0.05246035062729999,4.0444621e-14,0.025243546898464204,0.6395981994,63.959819939999996
ICRP 145 Adult Male,9500,Liver,photon,10.0,1000,807,BB1_60~70 um,0.0525500910324,2.9187007750000004e-14,0.018217097372799296,0.6112583484,61.12583484
ICRP 145 Adult Male,9500,Liver,photon,10.0,1000,808,BB1_70 um~surface,2.7766745083531,5.2958469690000005e-14,0.03305407691397109,0.6287817911,62.87817911
ICRP 145 Adult Male,9500,Liver,photon,10.0,1000,900,Blood in large arteries_head,1.50465238386,0.0,0.0,0.0,0.0
ICRP 145 Adult Male,9500,Liver,photon,10.0,1000,910,Blood in large veins_head,6.9444700345,0.0,0.0,0.0,0.0
ICRP 145 Adult Male,9500,Liver,photon,10.0,1000,1000,Blood in large arteries_trunk,193.18284020919003,8.479215685e-15,0.005292310164224083,0.5865558426,58.655584260000005
ICRP 145 Adult Male,9500,Liver,photon,10.0,1000,1010,Blood in large veins_trunk,444.02205465595,6.508232178e-15,0.004062119019768707,0.4244574321,42.445743209999996
ICRP 145 Adult Male,9500,Liver,photon,10.0,1000,1100,Blood in large arteries_arms,32.465638925742,0.0,0.0,0.0,0.0
ICRP 145 Adult Male,9500,Liver,photon,10.0,1000,1110,Blood in large veins_arms,167.307070400928,2.124586056e-15,0.0013260623147997627,0.7311761315,73.11761315000001
ICRP 145 Adult Male,9500,Liver,photon,10.0,1000,1200,Blood in large arteries_legs,108.84645360805001,0.0,0.0,0.0,0.0
ICRP 145 Adult Male,9500,Liver,photon,10.0,1000,1210,Blood in large veins_legs,389.724782683546,2.2442398379999996e-16,0.00014007443314144222,0.9701714405,97.01714405
ICRP 145 Adult Male,9500,Liver,photon,10.0,1000,1300,Humeri_upper_cortical,159.3350570061488,3.689012377e-17,2.3025004226845003e-05,0.9994998749,99.94998749
ICRP 145 Adult Male,9500,Liver,photon,10.0,1000,1400,Humeri_upper_spongiosa,145.68865566282543,1.302985331e-16,8.132594767326267e-05,0.9994998749,99.94998749
ICRP 145 Adult Male,9500,Liver,photon,10.0,1000,1500,Humeri_upper_medullary cavity,34.2439825379625,0.0,0.0,0.0,0.0
ICRP 145 Adult Male,9500,Liver,photon,10.0,1000,1600,Humeri_lower_cortical,106.581519229584,1.679863548e-14,0.010484883578698506,0.73205081,73.205081
ICRP 145 Adult Male,9500,Liver,photon,10.0,1000,1700,Humeri_lower_spongiosa,50.889789317883505,4.77808151e-15,0.0029822439103180044,0.9994998749,99.94998749
ICRP 145 Adult Male,9500,Liver,photon,10.0,1000,1800,Humeri_lower_medullary cavity,37.396955221245,5.835620769e-15,0.0036423079984827466,0.9994998749,99.94998749
ICRP 145 Adult Male,9500,Liver,photon,10.0,1000,1900,Ulnae and radii_cortical,273.4979437885408,1.405463118e-15,0.0008772210804817463,0.7928962136,79.28962136
ICRP 145 Adult Male,9500,Liver,photon,10.0,1000,2000,Ulnae and radii_spongiosa,154.98098548207722,0.0,0.0,0.0,0.0
ICRP 145 Adult Male,9500,Liver,photon,10.0,1000,2100,Ulnae and radii_medullary cavity,22.9963457601513,0.0,0.0,0.0,0.0
ICRP 145 Adult Male,9500,Liver,photon,10.0,1000,2200,Wrists and hand bones_cortical,181.5289884774912,6.361173773999999e-16,0.00039703323834645285,0.9994998749,99.94998749
ICRP 145 Adult Male,9500,Liver,photon,10.0,1000,2300,Wrists and hand bones_spongiosa,118.9268865564322,0.0,0.0,0.0,0.0
ICRP 145 Adult Male,9500,Liver,photon,10.0,1000,2400,Clavicles_cortical,48.2518122680944,1.5220785509999998e-16,9.500067088109179e-05,0.9994998749,99.94998749
ICRP 145 Adult Male,9500,Liver,photon,10.0,1000,2500,Clavicles_spongiosa,45.0570133567736,6.610910816e-17,4.1262059848517376e-05,0.9994998749,99.94998749
ICRP 145 Adult Male,9500,Liver,photon,10.0,1000,2600,Cranium_cortical,568.4694168021568,0.0,0.0,0.0,0.0
ICRP 145 Adult Male,9500,Liver,photon,10.0,1000,2700,Cranium_spongiosa,382.072926331038,0.0,0.0,0.0,0.0
ICRP 145 Adult Male,9500,Liver,photon,10.0,1000,2800,Femora_upper_cortical,253.54758457984477,0.0,0.0,0.0,0.0
ICRP 145 Adult Male,9500,Liver,photon,10.0,1000,2900,Femora_upper_spongiosa,413.23229223795,2.361462278e-18,1.4739088237134704e-06,0.9994998749,99.94998749
ICRP 145 Adult Male,9500,Liver,photon,10.0,1000,3000,Femora_upper_medullary cavity,26.0453504720556,0.0,0.0,0.0,0.0
ICRP 145 Adult Male,9500,Liver,photon,10.0,1000,3100,Femora_lower_cortical,307.76097346363036,0.0,0.0,0.0,0.0
ICRP 145 Adult Male,9500,Liver,photon,10.0,1000,3200,Femora_lower_spongiosa,373.65195452952497,0.0,0.0,0.0,0.0
ICRP 145 Adult Male,9500,Liver,photon,10.0,1000,3300,Femora_lower_medullary cavity,82.1788824563496,0.0,0.0,0.0,0.0
ICRP 145 Adult Male,9500,Liver,photon,10.0,1000,3400,Tibiae_fibulae_and patellae_cortical,536.6511904030032,0.0,0.0,0.0,0.0
ICRP 145 Adult Male,9500,Liver,photon,10.0,1000,3500,Tibiae_fibulae_and patellae_spongiosa,621.4076462600432,0.0,0.0,0.0,0.0
ICRP 145 Adult Male,9500,Liver,photon,10.0,1000,3600,Tibiae_fibulae_and patellae_medullary cavity,79.8149379747906,0.0,0.0,0.0,0.0
ICRP 145 Adult Male,9500,Liver,photon,10.0,1000,3700,Ankles and foot_cortical,234.88234278038877,0.0,0.0,0.0,0.0
ICRP 145 Adult Male,9500,Liver,photon,10.0,1000,3800,Ankles and foot_spongiosa,432.61504238399,0.0,0.0,0.0,0.0
ICRP 145 Adult Male,9500,Liver,photon,10.0,1000,3900,Mandible_cortical,76.87705057623359,3.9625081060000004e-15,0.002473203030122487,0.9994998749,99.94998749
ICRP 145 Adult Male,9500,Liver,photon,10.0,1000,4000,Mandible_spongiosa,56.287316552493095,0.0,0.0,0.0,0.0
ICRP 145 Adult Male,9500,Liver,photon,10.0,1000,4100,Pelvis_cortical,402.5946743318192,5.983898097999999e-17,3.734855427931782e-05,0.7223654441,72.23654441000001
ICRP 145 Adult Male,9500,Liver,photon,10.0,1000,4200,Pelvis_spongiosa,619.671575527846,2.901175003e-17,1.8107710107824357e-05,0.8021557663,80.21557663
ICRP 145 Adult Male,9500,Liver,photon,10.0,1000,4300,Ribs_cortical,368.79699288447677,5.885218621e-15,0.003673264542815925,0.2495855347,24.95855347
ICRP 145 Adult Male,9500,Liver,photon,10.0,1000,4400,Ribs_spongiosa,457.351194317472,6.959365942e-15,0.004343694567948888,0.3343239403,33.43239403
ICRP 145 Adult Male,9500,Liver,photon,10.0,1000,4500,Scapulae_cortical,223.3331223438448,3.079769025e-15,0.0019222406316781874,0.5524924915,55.249249150000004
ICRP 145 Adult Male,9500,Liver,photon,10.0,1000,4600,Scapulae_spongiosa,156.67025675645783,7.293081085e-15,0.004551983177280848,0.9002735119,90.02735119
ICRP 145 Adult Male,9500,Liver,photon,10.0,1000,4700,Cervical spine_cortical,103.94340658852639,4.2573858630000005e-15,0.002657251249739712,0.9994998749,99.94998749
ICRP 145 Adult Male,9500,Liver,photon,10.0,1000,4800,Cervical spine_spongiosa,78.91527127699649,0.0,0.0,0.0,0.0
ICRP 145 Adult Male,9500,Liver,photon,10.0,1000,4900,Thoracic spine_cortical,289.44012909388636,8.496987377e-15,0.005303402381912735,0.3550013953,35.500139530000006
ICRP 145 Adult Male,9500,Liver,photon,10.0,1000,5000,Thoracic spine_spongiosa,345.22177328276103,8.118141899e-15,0.005066945633037179,0.3414949704,34.14949704
ICRP 145 Adult Male,9500,Liver,photon,10.0,1000,5100,Lumbar spine_cortical,188.0474514135168,4.6181818960000004e-15,0.002882442421139621,0.5662387908,56.623879079999995
ICRP 145 Adult Male,9500,Liver,photon,10.0,1000,5200,Lumbar spine_spongiosa,291.5843646006448,8.902450007e-15,0.005556472250362724,0.5810649487,58.106494870000006
ICRP 145 Adult Male,9500,Liver,photon,10.0,1000,5300,Sacrum_cortical,110.3202882637184,1.6519741400000001e-15,0.0010310811585585158,0.9994998749,99.94998749
ICRP 145 Adult Male,9500,Liver,photon,10.0,1000,5400,Sacrum_spongiosa,192.22399895868529,5.496586873999999e-16,0.0003430699685263505,0.7593717278,75.93717278
ICRP 145 Adult Male,9500,Liver,photon,10.0,1000,5500,Sternum_cortical,9.99052342484,7.971891795e-15,0.004975663497911491,0.7139420439,71.39420439
ICRP 145 Adult Male,9500,Liver,photon,10.0,1000,5600,Sternum_spongiosa,61.4200837170186,1.41409141e-14,0.008826064367632565,0.7416342938,74.16342938
ICRP 145 Adult Male,9500,Liver,photon,10.0,1000,5700,Cartilage_costal,56.3314637893434,9.305796881e-15,0.005808221567785378,0.6007922343,60.07922342999999
ICRP 145 Adult Male,9500,Liver,photon,10.0,1000,5800,Cartilage_discs,82.0629794582262,1.383088737e-15,0.0008632560902770513,0.7104385159,71.04385159
ICRP 145 Adult Male,9500,Liver,photon,10.0,1000,6100,Brain,1517.389677890517,3.667700148e-17,2.2891983756144507e-05,0.8621248058,86.21248057999999
ICRP 145 Adult Male,9500,Liver,photon,10.0,1000,6200,Breast_left_adipose tissue,7.7690252574697,0.0,0.0,0.0,0.0
ICRP 145 Adult Male,9500,Liver,photon,10.0,1000,6300,Breast_left_glandular tissue,5.1801340681112995,0.0,0.0,0.0,0.0
ICRP 145 Adult Male,9500,Liver,photon,10.0,1000,6400,Breast_right_adipose tissue,7.769029192597299,4.00616349e-14,0.025004505776609957,0.7171832616,71.71832616
ICRP 145 Adult Male,9500,Liver,photon,10.0,1000,6500,Breast_right_glandular tissue,5.1801364431615,3.9169432720000006e-14,0.024447636976337558,0.9994998749,99.94998749
ICRP 145 Adult Male,9500,Liver,photon,10.0,1000,6600,Eye lens_sensitive_left,0.038889488078,0.0,0.0,0.0,0.0
ICRP 145 Adult Male,9500,Liver,photon,10.0,1000,6601,Eye lens_insensitive_left,0.189270568824,0.0,0.0,0.0,0.0
ICRP 145 Adult Male,9500,Liver,photon,10.0,1000,6700,Cornea_left,1.1132850686100002,0.0,0.0,0.0,0.0
ICRP 145 Adult Male,9500,Liver,photon,10.0,1000,6701,Aqueous_left,0.30757160465499994,0.0,0.0,0.0,0.0
ICRP 145 Adult Male,9500,Liver,photon,10.0,1000,6702,Vitreous_left,6.121993940095599,0.0,0.0,0.0,0.0
ICRP 145 Adult Male,9500,Liver,photon,10.0,1000,6800, Eye lens_sensitive_right,0.03888931392,0.0,0.0,0.0,0.0
ICRP 145 Adult Male,9500,Liver,photon,10.0,1000,6801,Eye lens_insensitive_right,0.18927065245799998,0.0,0.0,0.0,0.0
ICRP 145 Adult Male,9500,Liver,photon,10.0,1000,6900,Cornea_right,1.11328169546,0.0,0.0,0.0,0.0
ICRP 145 Adult Male,9500,Liver,photon,10.0,1000,6901,Aqueous_right,0.3075715920475,0.0,0.0,0.0,0.0
ICRP 145 Adult Male,9500,Liver,photon,10.0,1000,6902,Vitreous_right,6.1219952201852,0.0,0.0,0.0,0.0
ICRP 145 Adult Male,9500,Liver,photon,10.0,1000,7000,Gallbladder wall,10.363612759847,3.723223462e-14,0.023238533024319667,0.5983985848,59.83985848
ICRP 145 Adult Male,9500,Liver,photon,10.0,1000,7100,Gallbladder contents,57.999999325813,2.720216165e-14,0.016978253878343414,0.5864400563,58.644005629999995
ICRP 145 Adult Male,9500,Liver,photon,10.0,1000,7200,Stomach wall_0~60 um,1.7837383883823,2.342460106e-14,0.014620486008162232,0.4462348591,44.62348591
ICRP 145 Adult Male,9500,Liver,photon,10.0,1000,7201,Stomach wall_60~100 um,1.1928211312201,2.7112131670000003e-14,0.01692206158462906,0.5973371363,59.73371363
ICRP 145 Adult Male,9500,Liver,photon,10.0,1000,7202,Stomach wall_100~300 um,6.0080173574287,3.467336886e-14,0.021641414638182872,0.4972693277,49.72693277
ICRP 145 Adult Male,9500,Liver,photon,10.0,1000,7203,Stomach wall_300 um~surface,185.286098491145,1.767982068e-14,0.011034876120906593,0.3238360889,32.38360889
ICRP 145 Adult Male,9500,Liver,photon,10.0,1000,7300,Stomach contents,249.999986524184,1.6283521890000003e-14,0.010163374964062182,0.385967786,38.5967786
ICRP 145 Adult Male,9500,Liver,photon,10.0,1000,7400,Small intestine wall_0~130 um,14.547479039272899,3.0748137730000002e-15,0.0019191478066457632,0.5157790985,51.577909850000005
ICRP 145 Adult Male,9500,Liver,photon,10.0,1000,7401,Small intestine wall_130~150 um,2.2644420346114,2.255611398e-15,0.0014078419009075002,0.6174300419,61.74300418999999
ICRP 145 Adult Male,9500,Liver,photon,10.0,1000,7402,Small intestine wall_150~200 um,5.691843593203999,5.540776342e-15,0.0034582805818152663,0.6385527291,63.855272910000004
ICRP 145 Adult Male,9500,Liver,photon,10.0,1000,7403,Small intestine wall_200 um~surface,840.0963485350355,7.222758886e-15,0.004508091512961392,0.3047029054,30.47029054
ICRP 145 Adult Male,9500,Liver,photon,10.0,1000,7500,Small intestine contents_-500~0 um,53.33739729292,4.052719563e-15,0.0025295085928710736,0.5409925901,54.09925901
ICRP 145 Adult Male,9500,Liver,photon,10.0,1000,7501,Small intestine contents_centre~500 um,296.66260810888,1.800330274e-15,0.001123677774219813,0.5058943761,50.58943761
ICRP 145 Adult Male,9500,Liver,photon,10.0,1000,7600,Ascending colon wall_0~280 um,3.0714502217129,6.503823936999999e-16,0.0004059367612148315,0.9994998749,99.94998749
ICRP 145 Adult Male,9500,Liver,photon,10.0,1000,7601,Ascending colon wall_280~300 um,0.2233495663671,0.0,0.0,0.0,0.0
ICRP 145 Adult Male,9500,Liver,photon,10.0,1000,7602,Ascending colon wall_300 um~surface,116.6341777582855,2.095687956e-17,1.3080255394612942e-05,0.9660990878,96.60990878
ICRP 145 Adult Male,9500,Liver,photon,10.0,1000,7700,Ascending colon contents,55.000000637088,4.54102566e-16,0.0002834285286425094,0.6816612326,68.16612326
ICRP 145 Adult Male,9500,Liver,photon,10.0,1000,7800,Transverse colon wall_right_0~280 um,3.9926975410255996,2.2951410430000003e-14,0.014325143647052733,0.9044622424,90.44622423999999
ICRP 145 Adult Male,9500,Liver,photon,10.0,1000,7801,Transverse colon wall_right_280~300 um,0.28861134506159997,8.098633444e-15,0.005054769413146056,0.8016185265,80.16185265
ICRP 145 Adult Male,9500,Liver,photon,10.0,1000,7802,Transverse colon wall_right_300 um~surface,75.6713489706476,1.492826303e-14,0.009317488916768793,0.6027367728,60.27367728
ICRP 145 Adult Male,9500,Liver,photon,10.0,1000,7900,Transverse colon contents_right,95.000002169592,9.16940409e-15,0.0057230918835136195,0.8351535479,83.51535478999999
ICRP 145 Adult Male,9500,Liver,photon,10.0,1000,8000,Transverse colon wall_left_0~280 um,2.8236702141742,2.039034749e-14,0.012726653889025117,0.9994998749,99.94998749
ICRP 145 Adult Male,9500,Liver,photon,10.0,1000,8001,Transverse colon wall_left_280~300 um,0.20497231901709997,2.805403939e-15,0.0017509954142797559,0.9994998749,99.94998749
ICRP 145 Adult Male,9500,Liver,photon,10.0,1000,8002,Transverse colon wall_left_300 um~surface,76.92402449694919,6.2868484730000004e-15,0.003923942179399174,0.6856563287,68.56563287
ICRP 145 Adult Male,9500,Liver,photon,10.0,1000,8100,Transverse colon contents_left,39.999992907160006,3.399750996e-14,0.02121957669244234,0.9850599336,98.50599336
ICRP 145 Adult Male,9500,Liver,photon,10.0,1000,8200,Descending colon wall_0~280 um,2.7794343898889,1.1068550630000001e-14,0.00690844591982777,0.9994998749,99.94998749
ICRP 145 Adult Male,9500,Liver,photon,10.0,1000,8201,Descending colon wall_280~300 um,0.2033227535767,7.151584502e-15,0.004463667956600874,0.9994998749,99.94998749
ICRP 145 Adult Male,9500,Liver,photon,10.0,1000,8202,Descending colon wall_300 um~surface,116.94622050877759,1.0308026e-14,0.0064337637818781485,0.7445954406,74.45954406
ICRP 145 Adult Male,9500,Liver,photon,10.0,1000,8300,Descending colon contents,35.000009177224,7.118270758e-15,0.004442875153052846,0.9994998749,99.94998749
ICRP 145 Adult Male,9500,Liver,photon,10.0,1000,8400,Sigmoid colon wall_0~280 um,4.45094235654,3.6072426860000004e-15,0.002251463795845262,0.9994998749,99.94998749
ICRP 145 Adult Male,9500,Liver,photon,10.0,1000,8401,Sigmoid colon wall_280~300 um,0.3235627550783,6.983243216e-15,0.004358597590183327,0.9994998749,99.94998749
ICRP 145 Adult Male,9500,Liver,photon,10.0,1000,8402,Sigmoid colon wall_300 um~surface,48.514513234441196,4.217412694e-15,0.002632301960034865,0.7063996072,70.63996071999999
ICRP 145 Adult Male,9500,Liver,photon,10.0,1000,8500,Sigmoid colon contents,74.999995449392,5.726889266e-15,0.003574443132217316,0.9865451647,98.65451647
ICRP 145 Adult Male,9500,Liver,photon,10.0,1000,8600,Rectum wall,39.9763266181388,0.0,0.0,0.0,0.0
ICRP 145 Adult Male,9500,Liver,photon,10.0,1000,8700,Heart wall,385.83881449935967,2.1163437490000003e-14,0.013209178714062636,0.3250546506,32.50546506
ICRP 145 Adult Male,9500,Liver,photon,10.0,1000,8800,Blood in heart chamber,510.00000952219403,9.521729688e-15,0.005942996225221815,0.4406413901,44.06413901
ICRP 145 Adult Male,9500,Liver,photon,10.0,1000,8900,Kidney_left_cortex,162.3384466140762,2.408797312e-15,0.001503453028138563,0.9964003473,99.64003473000001
ICRP 145 Adult Male,9500,Liver,photon,10.0,1000,9000,Kidney_left_medulla,38.3592819188826,0.0,0.0,0.0,0.0
ICRP 145 Adult Male,9500,Liver,photon,10.0,1000,9100,Kidney_left_pelvis,7.651796291895599,0.0,0.0,0.0,0.0
ICRP 145 Adult Male,9500,Liver,photon,10.0,1000,9200,Kidney_right_cortex,166.54194565314927,1.7369679110000002e-14,0.010841300978554331,0.5546324137,55.463241370000006
ICRP 145 Adult Male,9500,Liver,photon,10.0,1000,9300,Kidney_right_medulla,39.36213815849639,9.248840382e-17,5.772672117249574e-05,0.9994998749,99.94998749
ICRP 145 Adult Male,9500,Liver,photon,10.0,1000,9400,Kidney_right_pelvis,7.892486789253299,0.0,0.0,0.0,0.0
ICRP 145 Adult Male,9500,Liver,photon,10.0,1000,9500,Liver,2360.0000048976,4.320662008e-14,0.026967451130611542,0.1032767868,10.32767868
ICRP 145 Adult Male,9500,Liver,photon,10.0,1000,9700,Lung (AI)_left,545.8768933536566,6.075822388e-15,0.0037922300569516224,0.4531882567,45.31882567
ICRP 145 Adult Male,9500,Liver,photon,10.0,1000,9900,Lung (AI)_right,652.861449557889,7.372760198e-15,0.0046017149679643,0.3462195089,34.621950889999994
ICRP 145 Adult Male,9500,Liver,photon,10.0,1000,10000,Lymphatic nodes_ET,15.9491859978336,0.0,0.0,0.0,0.0
ICRP 145 Adult Male,9500,Liver,photon,10.0,1000,10100,Lymphatic nodes_thoracic,15.949205446699201,3.341201921e-14,0.02085414210952853,0.6061978877,60.61978877000001
ICRP 145 Adult Male,9500,Liver,photon,10.0,1000,10200,Lymphatic nodes_head,5.5097251938576,1.3734376890000001e-14,0.008572323799100454,0.9994998749,99.94998749
ICRP 145 Adult Male,9500,Liver,photon,10.0,1000,10300,Lymphatic nodes_trunk,130.20352238279762,7.824828151e-15,0.004883873591056557,0.5423188203,54.23188203
ICRP 145 Adult Male,9500,Liver,photon,10.0,1000,10400,Lymphatic nodes_arms,11.0194524245736,8.022786184e-15,0.005007429276989756,0.9994998749,99.94998749
ICRP 145 Adult Male,9500,Liver,photon,10.0,1000,10500,Lymphatic nodes_legs,11.019453548111999,0.0,0.0,0.0,0.0
ICRP 145 Adult Male,9500,Liver,photon,10.0,1000,10600,Muscle_head,1200.8220403903501,3.315828231e-15,0.002069577199314097,0.5335087812,53.35087812
ICRP 145 Adult Male,9500,Liver,photon,10.0,1000,10700,Muscle_trunk,14841.46933433199,3.372105592e-15,0.0021047027652509195,0.1263890981,12.638909810000001
ICRP 145 Adult Male,9500,Liver,photon,10.0,1000,10800,Muscle_arms,2843.4306164274153,3.0528176650000002e-15,0.0019054189158772806,0.3019950885,30.19950885
ICRP 145 Adult Male,9500,Liver,photon,10.0,1000,10900,Muscle_legs,10890.898799507057,1.346197128e-16,8.40230159042554e-05,0.7966574976,79.66574976000001
ICRP 145 Adult Male,9500,Liver,photon,10.0,1000,11000,Oesophagus wall_0~190 um,1.9193930012387,0.0,0.0,0.0,0.0
ICRP 145 Adult Male,9500,Liver,photon,10.0,1000,11001,Oesophagus wall_190~200 um,0.10307141705759999,0.0,0.0,0.0,0.0
ICRP 145 Adult Male,9500,Liver,photon,10.0,1000,11002,Oesophagus wall_200 um~surface,49.78305164127259,7.38888071e-15,0.004611776600157596,0.9994998749,99.94998749
ICRP 145 Adult Male,9500,Liver,photon,10.0,1000,11003,Oesophagus contents,22.869997657103998,0.0,0.0,0.0,0.0
ICRP 145 Adult Male,9500,Liver,photon,10.0,1000,11300,Pancreas,173.6312955899076,8.852827049000001e-15,0.005525500036096864,0.6654980278,66.54980278
ICRP 145 Adult Male,9500,Liver,photon,10.0,1000,11400,Pituitary gland,0.6218196488647999,0.0,0.0,0.0,0.0
ICRP 145 Adult Male,9500,Liver,photon,10.0,1000,11500,Prostate,17.6181441863475,0.0,0.0,0.0,0.0
ICRP 145 Adult Male,9500,Liver,photon,10.0,1000,11600,RST_head,975.6228575319597,1.632712937e-15,0.0010190592612275618,0.4921698896,49.21698896
ICRP 145 Adult Male,9500,Liver,photon,10.0,1000,11700,RST_trunk,11176.899806392705,5.260351793e-15,0.003283253345086749,0.1010759478,10.10759478
ICRP 145 Adult Male,9500,Liver,photon,10.0,1000,11800,RST_arms,1549.8418807835817,4.569787245e-15,0.0028522368558024326,0.2692883704,26.928837039999998
ICRP 145 Adult Male,9500,Liver,photon,10.0,1000,11900,RST_legs,4510.137865147503,4.303823179e-17,2.686235142660474e-05,0.5583018217,55.83018217
ICRP 145 Adult Male,9500,Liver,photon,10.0,1000,12000,Salivary glands_left,44.04535868806389,0.0,0.0,0.0,0.0
ICRP 145 Adult Male,9500,Liver,photon,10.0,1000,12100,Salivary glands_right,44.045362366878095,0.0,0.0,0.0,0.0
ICRP 145 Adult Male,9500,Liver,photon,10.0,1000,12200,Skin_head_insensitive,259.2303086462463,2.80427009e-15,0.0017502877213974991,0.7422400036,74.22400035999999
ICRP 145 Adult Male,9500,Liver,photon,10.0,1000,12201,Skin_head_sensitive_50~100 um,8.4700015308315,5.101440171e-16,0.0003184068512011715,0.9994998749,99.94998749
ICRP 145 Adult Male,9500,Liver,photon,10.0,1000,12300,Skin_trunk_insensitive,1271.1442995947916,2.71574066e-15,0.0016950319973273117,0.2091998344,20.91998344
ICRP 145 Adult Male,9500,Liver,photon,10.0,1000,12301,Skin_trunk_sensitive_50~100 um,38.4178622540229,3.168172721e-15,0.0019774178787581777,0.2190785289,21.90785289
ICRP 145 Adult Male,9500,Liver,photon,10.0,1000,12400,Skin_arms_insensitive,575.7079454801828,2.052005269e-15,0.0012807609507305597,0.2837336303,28.37336303
ICRP 145 Adult Male,9500,Liver,photon,10.0,1000,12401,Skin_arms_sensitive_50~100 um,18.8430205182516,3.383860806e-15,0.0021120397927362426,0.6034102384,60.34102384
ICRP 145 Adult Male,9500,Liver,photon,10.0,1000,12500,Skin_legs_insensitive,1259.9653957292753,1.0093961919999999e-16,6.30015549209453e-05,0.7064902723,70.64902723
ICRP 145 Adult Male,9500,Liver,photon,10.0,1000,12501,Skin_legs_sensitive_50~100 um,37.7898459967809,7.880747972e-17,4.918775998077932e-05,0.7210310694,72.10310693999999
ICRP 145 Adult Male,9500,Liver,photon,10.0,1000,12600,Spinal cord,37.951723316125,5.154822741e-15,0.0032173872915190207,0.973934922,97.3934922
ICRP 145 Adult Male,9500,Liver,photon,10.0,1000,12700,Spleen,228.399995069508,4.3575070900000006e-15,0.002719742004426381,0.9615209184,96.15209184
ICRP 145 Adult Male,9500,Liver,photon,10.0,1000,12800,Teeth,50.726620875840005,1.0228920729999999e-16,6.384390155823878e-05,0.9994998749,99.94998749
ICRP 145 Adult Male,9500,Liver,photon,10.0,1000,12801,Teeth_retention region,0.043137991728,0.0,0.0,0.0,0.0
ICRP 145 Adult Male,9500,Liver,photon,10.0,1000,12900,Testis_left,18.6167532173229,0.0,0.0,0.0,0.0
ICRP 145 Adult Male,9500,Liver,photon,10.0,1000,13000,Testis_right,18.616749836779498,0.0,0.0,0.0,0.0
ICRP 145 Adult Male,9500,Liver,photon,10.0,1000,13100,Thymus,25.909028548764397,0.0,0.0,0.0,0.0
ICRP 145 Adult Male,9500,Liver,photon,10.0,1000,13200,Thyroid,23.350524289154098,1.01744996e-16,6.350423158150135e-05,0.9994998749,99.94998749
ICRP 145 Adult Male,9500,Liver,photon,10.0,1000,13300,Tongue_upper (food),20.993037544080003,0.0,0.0,0.0,0.0
ICRP 145 Adult Male,9500,Liver,photon,10.0,1000,13301,Tongue_lower,54.55215826284,1.109564751e-15,0.0006925358462068729,0.9994998749,99.94998749
ICRP 145 Adult Male,9500,Liver,photon,10.0,1000,13400,Tonsils,3.1090947489247,0.0,0.0,0.0,0.0
ICRP 145 Adult Male,9500,Liver,photon,10.0,1000,13500,Ureter_left,8.8090670465834,0.0,0.0,0.0,0.0
ICRP 145 Adult Male,9500,Liver,photon,10.0,1000,13600,Ureter_right,7.772708595126299,0.0,0.0,0.0,0.0
ICRP 145 Adult Male,9500,Liver,photon,10.0,1000,13700,Urinary bladder wall_insensitive,49.781123236104,4.465632441e-15,0.0027872285403709603,0.9994998749,99.94998749
ICRP 145 Adult Male,9500,Liver,photon,10.0,1000,13701,Urinary bladder wall_sensitive_118/116~193/185 um,1.317737831592,1.7164558060000003e-14,0.010713274489060532,0.9994998749,99.94998749
ICRP 145 Adult Male,9500,Liver,photon,10.0,1000,13800,Urinary bladder contents,200.000002986056,1.5721533700000001e-15,0.0009812609525299682,0.9994998749,99.94998749
ICRP 145 Adult Male,9500,Liver,photon,10.0,1000,14000,Air inside body,0.1401650804136,5.615249222e-15,0.003504762897447392,0.7157892259,71.57892259
