Skeletal ID,Energy Low (MeV),Energy High (MeV),Energy Center (MeV),Fluence (photons/m2/source),Relative Error
1400,0.01,0.0107151930524,0.0103514216668,0,0
1400,0.0107151930524,0.011481536215,0.0110917481526,0,0
1400,0.011481536215,0.0123026877081,0.0118850222744,0,0
1400,0.0123026877081,0.0131825673856,0.0127350308102,0,0
1400,0.0131825673856,0.0141253754462,0.0136458313659,0,0
1400,0.0141253754462,0.0151356124844,0.0146217717446,0,0
1400,0.0151356124844,0.0162181009736,0.0156675107011,0,0
1400,0.0162181009736,0.0173780082875,0.0167880401812,0,0
1400,0.0173780082875,0.0186208713666,0.0179887091513,0,0
1400,0.0186208713666,0.0199526231497,0.0192752491319,0,0
1400,0.0199526231497,0.021379620895,0.0206538015581,0,0
1400,0.021379620895,0.0229086765277,0.0221309470961,0,0
1400,0.0229086765277,0.0245470891569,0.0237137370566,0,0
1400,0.0245470891569,0.026302679919,0.0254097270555,0,0
1400,0.026302679919,0.0281838293126,0.0272270130808,0,0
1400,0.0281838293126,0.030199517204,0.02917427014,0,0
1400,0.030199517204,0.032359365693,0.0312607936712,0,0
1400,0.032359365693,0.0346736850453,0.0334965439158,0,0
1400,0.0346736850453,0.0371535229097,0.0358921934645,0,0
1400,0.0371535229097,0.0398107170553,0.0384591782045,0,0
1400,0.0398107170553,0.0426579518802,0.0412097519097,0,0
1400,0.0426579518802,0.0457088189615,0.0441570447353,0,0
1400,0.0457088189615,0.0489778819368,0.0473151258961,0,0
1400,0.0489778819368,0.052480746025,0.0506990708275,0,0
1400,0.052480746025,0.056234132519,0.0543250331492,0,0
1400,0.056234132519,0.0602559586074,0.0582103217771,0,0
1400,0.0602559586074,0.0645654229035,0.0623734835482,0,0
1400,0.0645654229035,0.0691830970919,0.0668343917569,0,0
1400,0.0691830970919,0.0741310241301,0.0716143410213,0,0
1400,0.0741310241301,0.0794328234724,0.0767361489362,0,0
1400,0.0794328234724,0.0851138038202,0.0822242649947,0,0
1400,0.0851138038202,0.0912010839356,0.0881048873008,0.0385296453612,0.99994999875
1400,0.0912010839356,0.0977237220956,0.0944060876286,0,0
1400,0.0977237220956,0.104712854805,0.101157945426,0,0
1400,0.104712854805,0.11220184543,0.108392691402,0,0
1400,0.11220184543,0.120226443462,0.116144861384,0.0248906358795,0.99994999875
1400,0.120226443462,0.128824955169,0.124451461177,0.0429963068198,0.99994999875
1400,0.128824955169,0.13803842646,0.133352143216,0.0012224238459,0.99994999875
1400,0.13803842646,0.147910838817,0.142889395851,0,0
1400,0.147910838817,0.158489319246,0.153108746168,0,0
1400,0.158489319246,0.169824365246,0.16405897732,0,0
1400,0.169824365246,0.181970085861,0.175792361396,0.00392238566767,0.99994999875
1400,0.181970085861,0.194984459976,0.188364908949,0,0
1400,0.194984459976,0.208929613085,0.201836636368,0.0667375120213,0.742740079946
1400,0.208929613085,0.223872113857,0.216271852373,0,0
1400,0.223872113857,0.239883291902,0.231739464997,0.0100823747729,0.99994999875
1400,0.239883291902,0.257039578277,0.24831331053,0,0
1400,0.257039578277,0.275422870334,0.26607250598,0,0
1400,0.275422870334,0.295120922667,0.28510182675,0,0
1400,0.295120922667,0.316227766017,0.305492111322,0,0
1400,0.316227766017,0.338844156139,0.327340694879,0,0
1400,0.338844156139,0.36307805477,0.350751873953,0.0045215273531,0.99994999875
1400,0.36307805477,0.389045144994,0.375837404288,0,0
1400,0.389045144994,0.41686938347,0.402717034325,0.0186496754578,0.99994999875
1400,0.41686938347,0.446683592151,0.431519076828,0,0
1400,0.446683592151,0.478630092323,0.462381021399,0.0181572960758,0.99994999875
1400,0.478630092323,0.512861383991,0.495450190805,0.0465686322036,0.99994999875
1400,0.512861383991,0.549540873858,0.530884444231,0,0
1400,0.549540873858,0.588843655356,0.568852930844,0,0
1400,0.588843655356,0.63095734448,0.60953689724,0,0
1400,0.63095734448,0.676082975392,0.653130552647,0,0
1400,0.676082975392,0.724435960075,0.699841996002,0,0
1400,0.724435960075,0.776247116629,0.749894209332,0.0105033028987,0.99994999875
1400,0.776247116629,0.831763771103,0.803526122186,0,0
1400,0.831763771103,0.891250938134,0.860993752185,0.0462447827771,0.99994999875
1400,0.891250938134,0.954992586021,0.922571427155,0.0144862879504,0.99994999875
1400,0.954992586021,1.02329299228,0.988553094657,0,0
1400,1.02329299228,1.09647819614,1.05925372518,0,0
1400,1.09647819614,1.17489755494,1.13501081567,0.028608359185,0.99994999875
1400,1.17489755494,1.25892541179,1.21618600065,0,0
1400,1.25892541179,1.34896288259,1.30316677845,0.00688297738728,0.99994999875
1400,1.34896288259,1.44543977075,1.39636836106,0,0
1400,1.44543977075,1.54881661891,1.49623565609,0,0
1400,1.54881661891,1.65958690744,1.60324539069,0,0
1400,1.65958690744,1.77827941004,1.71790838716,0,0
1400,1.77827941004,1.90546071796,1.84077200147,0.0602205938908,0.99994999875
1400,1.90546071796,2.04173794467,1.97242273611,0,0
1400,2.04173794467,2.18776162395,2.11348903984,0.0497306309141,0.99994999875
1400,2.18776162395,2.34422881532,2.26464430759,0,0
1400,2.34422881532,2.51188643151,2.42661009508,0,0
1400,2.51188643151,2.69153480393,2.60015956317,0,0
1400,2.69153480393,2.88403150313,2.78612116863,0,0
1400,2.88403150313,3.09029543251,2.98538261892,0,0
1400,3.09029543251,3.31131121483,3.19889510969,0,0
1400,3.31131121483,3.54813389234,3.42767786546,0,0
1400,3.54813389234,3.80189396321,3.67282300498,0.0396217985387,0.99994999875
1400,3.80189396321,4.07380277804,3.93550075456,0,0
1400,4.07380277804,4.3651583224,4.21696503429,0,0
1400,4.3651583224,4.67735141287,4.51855944375,0.042780334579,0.99994999875
1400,4.67735141287,5.01187233627,4.84172367584,0.00275493664836,0.714083904996
1400,5.01187233627,5.3703179637,5.18800038929,0,0
1400,5.3703179637,5.75439937337,5.5590425727,0,0
1400,5.75439937337,6.16595001861,5.95662143529,0,0
1400,6.16595001861,6.60693448008,6.38263486191,0,0
1400,6.60693448008,7.07945784384,6.83911647281,0,0
1400,7.07945784384,7.58577575029,7.32824533139,0,0
1400,7.58577575029,8.12830516164,7.8523563461,0,0
1400,8.12830516164,8.70963589956,8.41395141645,0,0
1400,8.70963589956,9.33254300797,9.01571137606,0,0
1400,9.33254300797,10,9.6605087899,1.46087723729,0.173407131487
1500,0.01,0.0107151930524,0.0103514216668,0,0
1500,0.0107151930524,0.011481536215,0.0110917481526,0,0
1500,0.011481536215,0.0123026877081,0.0118850222744,0,0
1500,0.0123026877081,0.0131825673856,0.0127350308102,0,0
1500,0.0131825673856,0.0141253754462,0.0136458313659,0,0
1500,0.0141253754462,0.0151356124844,0.0146217717446,0,0
1500,0.0151356124844,0.0162181009736,0.0156675107011,0,0
1500,0.0162181009736,0.0173780082875,0.0167880401812,0,0
1500,0.0173780082875,0.0186208713666,0.0179887091513,0,0
1500,0.0186208713666,0.0199526231497,0.0192752491319,0,0
1500,0.0199526231497,0.021379620895,0.0206538015581,0,0
1500,0.021379620895,0.0229086765277,0.0221309470961,0,0
1500,0.0229086765277,0.0245470891569,0.0237137370566,0,0
1500,0.0245470891569,0.026302679919,0.0254097270555,0,0
1500,0.026302679919,0.0281838293126,0.0272270130808,0,0
1500,0.0281838293126,0.030199517204,0.02917427014,0,0
1500,0.030199517204,0.032359365693,0.0312607936712,0,0
1500,0.032359365693,0.0346736850453,0.0334965439158,0,0
1500,0.0346736850453,0.0371535229097,0.0358921934645,0,0
1500,0.0371535229097,0.0398107170553,0.0384591782045,0,0
1500,0.0398107170553,0.0426579518802,0.0412097519097,0,0
1500,0.0426579518802,0.0457088189615,0.0441570447353,0,0
1500,0.0457088189615,0.0489778819368,0.0473151258961,0,0
1500,0.0489778819368,0.052480746025,0.0506990708275,0,0
1500,0.052480746025,0.056234132519,0.0543250331492,0,0
1500,0.056234132519,0.0602559586074,0.0582103217771,0,0
1500,0.0602559586074,0.0645654229035,0.0623734835482,0,0
1500,0.0645654229035,0.0691830970919,0.0668343917569,0,0
1500,0.0691830970919,0.0741310241301,0.0716143410213,0,0
1500,0.0741310241301,0.0794328234724,0.0767361489362,0,0
1500,0.0794328234724,0.0851138038202,0.0822242649947,0,0
1500,0.0851138038202,0.0912010839356,0.0881048873008,0,0
1500,0.0912010839356,0.0977237220956,0.0944060876286,0,0
1500,0.0977237220956,0.104712854805,0.101157945426,0,0
1500,0.104712854805,0.11220184543,0.108392691402,0.0170783383273,0.99994999875
1500,0.11220184543,0.120226443462,0.116144861384,0,0
1500,0.120226443462,0.128824955169,0.124451461177,0.0382511167896,0.99994999875
1500,0.128824955169,0.13803842646,0.133352143216,0,0
1500,0.13803842646,0.147910838817,0.142889395851,0,0
1500,0.147910838817,0.158489319246,0.153108746168,0,0
1500,0.158489319246,0.169824365246,0.16405897732,0,0
1500,0.169824365246,0.181970085861,0.175792361396,0,0
1500,0.181970085861,0.194984459976,0.188364908949,0,0
1500,0.194984459976,0.208929613085,0.201836636368,0,0
1500,0.208929613085,0.223872113857,0.216271852373,0,0
1500,0.223872113857,0.239883291902,0.231739464997,0,0
1500,0.239883291902,0.257039578277,0.24831331053,0,0
1500,0.257039578277,0.275422870334,0.26607250598,0,0
1500,0.275422870334,0.295120922667,0.28510182675,0,0
1500,0.295120922667,0.316227766017,0.305492111322,0,0
1500,0.316227766017,0.338844156139,0.327340694879,0.0142913595261,0.99994999875
1500,0.338844156139,0.36307805477,0.350751873953,0,0
1500,0.36307805477,0.389045144994,0.375837404288,0,0
1500,0.389045144994,0.41686938347,0.402717034325,0,0
1500,0.41686938347,0.446683592151,0.431519076828,0,0
1500,0.446683592151,0.478630092323,0.462381021399,0,0
1500,0.478630092323,0.512861383991,0.495450190805,0,0
1500,0.512861383991,0.549540873858,0.530884444231,0.00334571234888,0.99994999875
1500,0.549540873858,0.588843655356,0.568852930844,0,0
1500,0.588843655356,0.63095734448,0.60953689724,0,0
1500,0.63095734448,0.676082975392,0.653130552647,0.00323884390267,0.99994999875
1500,0.676082975392,0.724435960075,0.699841996002,0.0119666699198,0.99994999875
1500,0.724435960075,0.776247116629,0.749894209332,0,0
1500,0.776247116629,0.831763771103,0.803526122186,0.0170161092254,0.99994999875
1500,0.831763771103,0.891250938134,0.860993752185,0,0
1500,0.891250938134,0.954992586021,0.922571427155,0,0
1500,0.954992586021,1.02329299228,0.988553094657,0,0
1500,1.02329299228,1.09647819614,1.05925372518,0,0
1500,1.09647819614,1.17489755494,1.13501081567,0,0
1500,1.17489755494,1.25892541179,1.21618600065,0,0
1500,1.25892541179,1.34896288259,1.30316677845,0,0
1500,1.34896288259,1.44543977075,1.39636836106,0,0
1500,1.44543977075,1.54881661891,1.49623565609,0,0
1500,1.54881661891,1.65958690744,1.60324539069,0,0
1500,1.65958690744,1.77827941004,1.71790838716,0,0
1500,1.77827941004,1.90546071796,1.84077200147,0,0
1500,1.90546071796,2.04173794467,1.97242273611,0,0
1500,2.04173794467,2.18776162395,2.11348903984,0,0
1500,2.18776162395,2.34422881532,2.26464430759,0,0
1500,2.34422881532,2.51188643151,2.42661009508,0,0
1500,2.51188643151,2.69153480393,2.60015956317,0,0
1500,2.69153480393,2.88403150313,2.78612116863,0,0
1500,2.88403150313,3.09029543251,2.98538261892,0,0
1500,3.09029543251,3.31131121483,3.19889510969,0,0
1500,3.31131121483,3.54813389234,3.42767786546,0,0
1500,3.54813389234,3.80189396321,3.67282300498,0,0
1500,3.80189396321,4.07380277804,3.93550075456,0,0
1500,4.07380277804,4.3651583224,4.21696503429,0,0
1500,4.3651583224,4.67735141287,4.51855944375,0,0
1500,4.67735141287,5.01187233627,4.84172367584,0,0
1500,5.01187233627,5.3703179637,5.18800038929,0,0
1500,5.3703179637,5.75439937337,5.5590425727,0,0
1500,5.75439937337,6.16595001861,5.95662143529,0,0
1500,6.16595001861,6.60693448008,6.38263486191,0,0
1500,6.60693448008,7.07945784384,6.83911647281,0,0
1500,7.07945784384,7.58577575029,7.32824533139,0,0
1500,7.58577575029,8.12830516164,7.8523563461,0,0
1500,8.12830516164,8.70963589956,8.41395141645,0,0
1500,8.70963589956,9.33254300797,9.01571137606,0,0
1500,9.33254300797,10,9.6605087899,0.306645038235,0.391788280845
1700,0.01,0.0107151930524,0.0103514216668,0,0
1700,0.0107151930524,0.011481536215,0.0110917481526,0,0
1700,0.011481536215,0.0123026877081,0.0118850222744,0,0
1700,0.0123026877081,0.0131825673856,0.0127350308102,0,0
1700,0.0131825673856,0.0141253754462,0.0136458313659,0,0
1700,0.0141253754462,0.0151356124844,0.0146217717446,0,0
1700,0.0151356124844,0.0162181009736,0.0156675107011,0,0
1700,0.0162181009736,0.0173780082875,0.0167880401812,0,0
1700,0.0173780082875,0.0186208713666,0.0179887091513,0,0
1700,0.0186208713666,0.0199526231497,0.0192752491319,0,0
1700,0.0199526231497,0.021379620895,0.0206538015581,0,0
1700,0.021379620895,0.0229086765277,0.0221309470961,0,0
1700,0.0229086765277,0.0245470891569,0.0237137370566,0,0
1700,0.0245470891569,0.026302679919,0.0254097270555,0,0
1700,0.026302679919,0.0281838293126,0.0272270130808,0,0
1700,0.0281838293126,0.030199517204,0.02917427014,0,0
1700,0.030199517204,0.032359365693,0.0312607936712,0,0
1700,0.032359365693,0.0346736850453,0.0334965439158,0,0
1700,0.0346736850453,0.0371535229097,0.0358921934645,0,0
1700,0.0371535229097,0.0398107170553,0.0384591782045,0,0
1700,0.0398107170553,0.0426579518802,0.0412097519097,0,0
1700,0.0426579518802,0.0457088189615,0.0441570447353,0,0
1700,0.0457088189615,0.0489778819368,0.0473151258961,0,0
1700,0.0489778819368,0.052480746025,0.0506990708275,0,0
1700,0.052480746025,0.056234132519,0.0543250331492,0,0
1700,0.056234132519,0.0602559586074,0.0582103217771,0,0
1700,0.0602559586074,0.0645654229035,0.0623734835482,0,0
1700,0.0645654229035,0.0691830970919,0.0668343917569,0,0
1700,0.0691830970919,0.0741310241301,0.0716143410213,0,0
1700,0.0741310241301,0.0794328234724,0.0767361489362,0,0
1700,0.0794328234724,0.0851138038202,0.0822242649947,0,0
1700,0.0851138038202,0.0912010839356,0.0881048873008,0,0
1700,0.0912010839356,0.0977237220956,0.0944060876286,0,0
1700,0.0977237220956,0.104712854805,0.101157945426,0,0
1700,0.104712854805,0.11220184543,0.108392691402,0,0
1700,0.11220184543,0.120226443462,0.116144861384,0.00396428810158,0.99994999875
1700,0.120226443462,0.128824955169,0.124451461177,0,0
1700,0.128824955169,0.13803842646,0.133352143216,0.0566171391089,0.99994999875
1700,0.13803842646,0.147910838817,0.142889395851,0,0
1700,0.147910838817,0.158489319246,0.153108746168,0.00206566892609,0.99994999875
1700,0.158489319246,0.169824365246,0.16405897732,0,0
1700,0.169824365246,0.181970085861,0.175792361396,0,0
1700,0.181970085861,0.194984459976,0.188364908949,0,0
1700,0.194984459976,0.208929613085,0.201836636368,0,0
1700,0.208929613085,0.223872113857,0.216271852373,0,0
1700,0.223872113857,0.239883291902,0.231739464997,0,0
1700,0.239883291902,0.257039578277,0.24831331053,0,0
1700,0.257039578277,0.275422870334,0.26607250598,0,0
1700,0.275422870334,0.295120922667,0.28510182675,0,0
1700,0.295120922667,0.316227766017,0.305492111322,0,0
1700,0.316227766017,0.338844156139,0.327340694879,0,0
1700,0.338844156139,0.36307805477,0.350751873953,0,0
1700,0.36307805477,0.389045144994,0.375837404288,0,0
1700,0.389045144994,0.41686938347,0.402717034325,0,0
1700,0.41686938347,0.446683592151,0.431519076828,0,0
1700,0.446683592151,0.478630092323,0.462381021399,0,0
1700,0.478630092323,0.512861383991,0.495450190805,0,0
1700,0.512861383991,0.549540873858,0.530884444231,0,0
1700,0.549540873858,0.588843655356,0.568852930844,0,0
1700,0.588843655356,0.63095734448,0.60953689724,0,0
1700,0.63095734448,0.676082975392,0.653130552647,0,0
1700,0.676082975392,0.724435960075,0.699841996002,0,0
1700,0.724435960075,0.776247116629,0.749894209332,0,0
1700,0.776247116629,0.831763771103,0.803526122186,0,0
1700,0.831763771103,0.891250938134,0.860993752185,0,0
1700,0.891250938134,0.954992586021,0.922571427155,0,0
1700,0.954992586021,1.02329299228,0.988553094657,0,0
1700,1.02329299228,1.09647819614,1.05925372518,0,0
1700,1.09647819614,1.17489755494,1.13501081567,0,0
1700,1.17489755494,1.25892541179,1.21618600065,0,0
1700,1.25892541179,1.34896288259,1.30316677845,0,0
1700,1.34896288259,1.44543977075,1.39636836106,0,0
1700,1.44543977075,1.54881661891,1.49623565609,0,0
1700,1.54881661891,1.65958690744,1.60324539069,0,0
1700,1.65958690744,1.77827941004,1.71790838716,0,0
1700,1.77827941004,1.90546071796,1.84077200147,0,0
1700,1.90546071796,2.04173794467,1.97242273611,0,0
1700,2.04173794467,2.18776162395,2.11348903984,0,0
1700,2.18776162395,2.34422881532,2.26464430759,0,0
1700,2.34422881532,2.51188643151,2.42661009508,0,0
1700,2.51188643151,2.69153480393,2.60015956317,0,0
1700,2.69153480393,2.88403150313,2.78612116863,0,0
1700,2.88403150313,3.09029543251,2.98538261892,0,0
1700,3.09029543251,3.31131121483,3.19889510969,0,0
1700,3.31131121483,3.54813389234,3.42767786546,0,0
1700,3.54813389234,3.80189396321,3.67282300498,0,0
1700,3.80189396321,4.07380277804,3.93550075456,0,0
1700,4.07380277804,4.3651583224,4.21696503429,0,0
1700,4.3651583224,4.67735141287,4.51855944375,0,0
1700,4.67735141287,5.01187233627,4.84172367584,0,0
1700,5.01187233627,5.3703179637,5.18800038929,0,0
1700,5.3703179637,5.75439937337,5.5590425727,0,0
1700,5.75439937337,6.16595001861,5.95662143529,0,0
1700,6.16595001861,6.60693448008,6.38263486191,0,0
1700,6.60693448008,7.07945784384,6.83911647281,0,0
1700,7.07945784384,7.58577575029,7.32824533139,0,0
1700,7.58577575029,8.12830516164,7.8523563461,0,0
1700,8.12830516164,8.70963589956,8.41395141645,0,0
1700,8.70963589956,9.33254300797,9.01571137606,0,0
1700,9.33254300797,10,9.6605087899,0.061604476582,0.99994999875
2000,0.01,0.0107151930524,0.0103514216668,0,0
2000,0.0107151930524,0.011481536215,0.0110917481526,0,0
2000,0.011481536215,0.0123026877081,0.0118850222744,0,0
2000,0.0123026877081,0.0131825673856,0.0127350308102,0,0
2000,0.0131825673856,0.0141253754462,0.0136458313659,0,0
2000,0.0141253754462,0.0151356124844,0.0146217717446,0,0
2000,0.0151356124844,0.0162181009736,0.0156675107011,0,0
2000,0.0162181009736,0.0173780082875,0.0167880401812,0,0
2000,0.0173780082875,0.0186208713666,0.0179887091513,0,0
2000,0.0186208713666,0.0199526231497,0.0192752491319,0,0
2000,0.0199526231497,0.021379620895,0.0206538015581,0,0
2000,0.021379620895,0.0229086765277,0.0221309470961,0,0
2000,0.0229086765277,0.0245470891569,0.0237137370566,0,0
2000,0.0245470891569,0.026302679919,0.0254097270555,0,0
2000,0.026302679919,0.0281838293126,0.0272270130808,0,0
2000,0.0281838293126,0.030199517204,0.02917427014,0,0
2000,0.030199517204,0.032359365693,0.0312607936712,0,0
2000,0.032359365693,0.0346736850453,0.0334965439158,0,0
2000,0.0346736850453,0.0371535229097,0.0358921934645,0,0
2000,0.0371535229097,0.0398107170553,0.0384591782045,0,0
2000,0.0398107170553,0.0426579518802,0.0412097519097,0,0
2000,0.0426579518802,0.0457088189615,0.0441570447353,0,0
2000,0.0457088189615,0.0489778819368,0.0473151258961,0,0
2000,0.0489778819368,0.052480746025,0.0506990708275,0,0
2000,0.052480746025,0.056234132519,0.0543250331492,0,0
2000,0.056234132519,0.0602559586074,0.0582103217771,0,0
2000,0.0602559586074,0.0645654229035,0.0623734835482,0,0
2000,0.0645654229035,0.0691830970919,0.0668343917569,0,0
2000,0.0691830970919,0.0741310241301,0.0716143410213,0,0
2000,0.0741310241301,0.0794328234724,0.0767361489362,0,0
2000,0.0794328234724,0.0851138038202,0.0822242649947,0,0
2000,0.0851138038202,0.0912010839356,0.0881048873008,0,0
2000,0.0912010839356,0.0977237220956,0.0944060876286,0,0
2000,0.0977237220956,0.104712854805,0.101157945426,0,0
2000,0.104712854805,0.11220184543,0.108392691402,0,0
2000,0.11220184543,0.120226443462,0.116144861384,0,0
2000,0.120226443462,0.128824955169,0.124451461177,0,0
2000,0.128824955169,0.13803842646,0.133352143216,0,0
2000,0.13803842646,0.147910838817,0.142889395851,0,0
2000,0.147910838817,0.158489319246,0.153108746168,0,0
2000,0.158489319246,0.169824365246,0.16405897732,0,0
2000,0.169824365246,0.181970085861,0.175792361396,0,0
2000,0.181970085861,0.194984459976,0.188364908949,0,0
2000,0.194984459976,0.208929613085,0.201836636368,0,0
2000,0.208929613085,0.223872113857,0.216271852373,0,0
2000,0.223872113857,0.239883291902,0.231739464997,0,0
2000,0.239883291902,0.257039578277,0.24831331053,0,0
2000,0.257039578277,0.275422870334,0.26607250598,0,0
2000,0.275422870334,0.295120922667,0.28510182675,0,0
2000,0.295120922667,0.316227766017,0.305492111322,0,0
2000,0.316227766017,0.338844156139,0.327340694879,0,0
2000,0.338844156139,0.36307805477,0.350751873953,0,0
2000,0.36307805477,0.389045144994,0.375837404288,0,0
2000,0.389045144994,0.41686938347,0.402717034325,0,0
2000,0.41686938347,0.446683592151,0.431519076828,0,0
2000,0.446683592151,0.478630092323,0.462381021399,0,0
2000,0.478630092323,0.512861383991,0.495450190805,0,0
2000,0.512861383991,0.549540873858,0.530884444231,0,0
2000,0.549540873858,0.588843655356,0.568852930844,0,0
2000,0.588843655356,0.63095734448,0.60953689724,0,0
2000,0.63095734448,0.676082975392,0.653130552647,0,0
2000,0.676082975392,0.724435960075,0.699841996002,0,0
2000,0.724435960075,0.776247116629,0.749894209332,0,0
2000,0.776247116629,0.831763771103,0.803526122186,0,0
2000,0.831763771103,0.891250938134,0.860993752185,0,0
2000,0.891250938134,0.954992586021,0.922571427155,0,0
2000,0.954992586021,1.02329299228,0.988553094657,0,0
2000,1.02329299228,1.09647819614,1.05925372518,0,0
2000,1.09647819614,1.17489755494,1.13501081567,0,0
2000,1.17489755494,1.25892541179,1.21618600065,0,0
2000,1.25892541179,1.34896288259,1.30316677845,0,0
2000,1.34896288259,1.44543977075,1.39636836106,0,0
2000,1.44543977075,1.54881661891,1.49623565609,0,0
2000,1.54881661891,1.65958690744,1.60324539069,0,0
2000,1.65958690744,1.77827941004,1.71790838716,0,0
2000,1.77827941004,1.90546071796,1.84077200147,0,0
2000,1.90546071796,2.04173794467,1.97242273611,0,0
2000,2.04173794467,2.18776162395,2.11348903984,0,0
2000,2.18776162395,2.34422881532,2.26464430759,0,0
2000,2.34422881532,2.51188643151,2.42661009508,0,0
2000,2.51188643151,2.69153480393,2.60015956317,0,0
2000,2.69153480393,2.88403150313,2.78612116863,0,0
2000,2.88403150313,3.09029543251,2.98538261892,0,0
2000,3.09029543251,3.31131121483,3.19889510969,0,0
2000,3.31131121483,3.54813389234,3.42767786546,0,0
2000,3.54813389234,3.80189396321,3.67282300498,0,0
2000,3.80189396321,4.07380277804,3.93550075456,0,0
2000,4.07380277804,4.3651583224,4.21696503429,0,0
2000,4.3651583224,4.67735141287,4.51855944375,0,0
2000,4.67735141287,5.01187233627,4.84172367584,0,0
2000,5.01187233627,5.3703179637,5.18800038929,0,0
2000,5.3703179637,5.75439937337,5.5590425727,0,0
2000,5.75439937337,6.16595001861,5.95662143529,0,0
2000,6.16595001861,6.60693448008,6.38263486191,0,0
2000,6.60693448008,7.07945784384,6.83911647281,0,0
2000,7.07945784384,7.58577575029,7.32824533139,0,0
2000,7.58577575029,8.12830516164,7.8523563461,0,0
2000,8.12830516164,8.70963589956,8.41395141645,0,0
2000,8.70963589956,9.33254300797,9.01571137606,0,0
2000,9.33254300797,10,9.6605087899,0.0971453475053,0.744596098566
2100,0.01,0.0107151930524,0.0103514216668,0,0
2100,0.0107151930524,0.011481536215,0.0110917481526,0,0
2100,0.011481536215,0.0123026877081,0.0118850222744,0,0
2100,0.0123026877081,0.0131825673856,0.0127350308102,0,0
2100,0.0131825673856,0.0141253754462,0.0136458313659,0,0
2100,0.0141253754462,0.0151356124844,0.0146217717446,0,0
2100,0.0151356124844,0.0162181009736,0.0156675107011,0,0
2100,0.0162181009736,0.0173780082875,0.0167880401812,0,0
2100,0.0173780082875,0.0186208713666,0.0179887091513,0,0
2100,0.0186208713666,0.0199526231497,0.0192752491319,0,0
2100,0.0199526231497,0.021379620895,0.0206538015581,0,0
2100,0.021379620895,0.0229086765277,0.0221309470961,0,0
2100,0.0229086765277,0.0245470891569,0.0237137370566,0,0
2100,0.0245470891569,0.026302679919,0.0254097270555,0,0
2100,0.026302679919,0.0281838293126,0.0272270130808,0,0
2100,0.0281838293126,0.030199517204,0.02917427014,0,0
2100,0.030199517204,0.032359365693,0.0312607936712,0,0
2100,0.032359365693,0.0346736850453,0.0334965439158,0,0
2100,0.0346736850453,0.0371535229097,0.0358921934645,0,0
2100,0.0371535229097,0.0398107170553,0.0384591782045,0,0
2100,0.0398107170553,0.0426579518802,0.0412097519097,0,0
2100,0.0426579518802,0.0457088189615,0.0441570447353,0,0
2100,0.0457088189615,0.0489778819368,0.0473151258961,0,0
2100,0.0489778819368,0.052480746025,0.0506990708275,0,0
2100,0.052480746025,0.056234132519,0.0543250331492,0,0
2100,0.056234132519,0.0602559586074,0.0582103217771,0,0
2100,0.0602559586074,0.0645654229035,0.0623734835482,0,0
2100,0.0645654229035,0.0691830970919,0.0668343917569,0,0
2100,0.0691830970919,0.0741310241301,0.0716143410213,0,0
2100,0.0741310241301,0.0794328234724,0.0767361489362,0,0
2100,0.0794328234724,0.0851138038202,0.0822242649947,0,0
2100,0.0851138038202,0.0912010839356,0.0881048873008,0,0
2100,0.0912010839356,0.0977237220956,0.0944060876286,0,0
2100,0.0977237220956,0.104712854805,0.101157945426,0,0
2100,0.104712854805,0.11220184543,0.108392691402,0,0
2100,0.11220184543,0.120226443462,0.116144861384,0,0
2100,0.120226443462,0.128824955169,0.124451461177,0,0
2100,0.128824955169,0.13803842646,0.133352143216,0,0
2100,0.13803842646,0.147910838817,0.142889395851,0,0
2100,0.147910838817,0.158489319246,0.153108746168,0,0
2100,0.158489319246,0.169824365246,0.16405897732,0,0
2100,0.169824365246,0.181970085861,0.175792361396,0,0
2100,0.181970085861,0.194984459976,0.188364908949,0,0
2100,0.194984459976,0.208929613085,0.201836636368,0,0
2100,0.208929613085,0.223872113857,0.216271852373,0,0
2100,0.223872113857,0.239883291902,0.231739464997,0,0
2100,0.239883291902,0.257039578277,0.24831331053,0,0
2100,0.257039578277,0.275422870334,0.26607250598,0,0
2100,0.275422870334,0.295120922667,0.28510182675,0,0
2100,0.295120922667,0.316227766017,0.305492111322,0,0
2100,0.316227766017,0.338844156139,0.327340694879,0,0
2100,0.338844156139,0.36307805477,0.350751873953,0,0
2100,0.36307805477,0.389045144994,0.375837404288,0,0
2100,0.389045144994,0.41686938347,0.402717034325,0.0215726726469,0.99994999875
2100,0.41686938347,0.446683592151,0.431519076828,0,0
2100,0.446683592151,0.478630092323,0.462381021399,0,0
2100,0.478630092323,0.512861383991,0.495450190805,0.029134559567,0.99994999875
2100,0.512861383991,0.549540873858,0.530884444231,0,0
2100,0.549540873858,0.588843655356,0.568852930844,0,0
2100,0.588843655356,0.63095734448,0.60953689724,0,0
2100,0.63095734448,0.676082975392,0.653130552647,0,0
2100,0.676082975392,0.724435960075,0.699841996002,0,0
2100,0.724435960075,0.776247116629,0.749894209332,0,0
2100,0.776247116629,0.831763771103,0.803526122186,0,0
2100,0.831763771103,0.891250938134,0.860993752185,0,0
2100,0.891250938134,0.954992586021,0.922571427155,0,0
2100,0.954992586021,1.02329299228,0.988553094657,0,0
2100,1.02329299228,1.09647819614,1.05925372518,0,0
2100,1.09647819614,1.17489755494,1.13501081567,0,0
2100,1.17489755494,1.25892541179,1.21618600065,0,0
2100,1.25892541179,1.34896288259,1.30316677845,0,0
2100,1.34896288259,1.44543977075,1.39636836106,0,0
2100,1.44543977075,1.54881661891,1.49623565609,0,0
2100,1.54881661891,1.65958690744,1.60324539069,0,0
2100,1.65958690744,1.77827941004,1.71790838716,0,0
2100,1.77827941004,1.90546071796,1.84077200147,0,0
2100,1.90546071796,2.04173794467,1.97242273611,0,0
2100,2.04173794467,2.18776162395,2.11348903984,0,0
2100,2.18776162395,2.34422881532,2.26464430759,0,0
2100,2.34422881532,2.51188643151,2.42661009508,0,0
2100,2.51188643151,2.69153480393,2.60015956317,0,0
2100,2.69153480393,2.88403150313,2.78612116863,0,0
2100,2.88403150313,3.09029543251,2.98538261892,0,0
2100,3.09029543251,3.31131121483,3.19889510969,0,0
2100,3.31131121483,3.54813389234,3.42767786546,0,0
2100,3.54813389234,3.80189396321,3.67282300498,0,0
2100,3.80189396321,4.07380277804,3.93550075456,0,0
2100,4.07380277804,4.3651583224,4.21696503429,0,0
2100,4.3651583224,4.67735141287,4.51855944375,0,0
2100,4.67735141287,5.01187233627,4.84172367584,0,0
2100,5.01187233627,5.3703179637,5.18800038929,0,0
2100,5.3703179637,5.75439937337,5.5590425727,0,0
2100,5.75439937337,6.16595001861,5.95662143529,0,0
2100,6.16595001861,6.60693448008,6.38263486191,0,0
2100,6.60693448008,7.07945784384,6.83911647281,0,0
2100,7.07945784384,7.58577575029,7.32824533139,0,0
2100,7.58577575029,8.12830516164,7.8523563461,0,0
2100,8.12830516164,8.70963589956,8.41395141645,0,0
2100,8.70963589956,9.33254300797,9.01571137606,0,0
2100,9.33254300797,10,9.6605087899,0.0167094466969,0.99994999875
2300,0.01,0.0107151930524,0.0103514216668,0,0
2300,0.0107151930524,0.011481536215,0.0110917481526,0,0
2300,0.011481536215,0.0123026877081,0.0118850222744,0,0
2300,0.0123026877081,0.0131825673856,0.0127350308102,0,0
2300,0.0131825673856,0.0141253754462,0.0136458313659,0,0
2300,0.0141253754462,0.0151356124844,0.0146217717446,0,0
2300,0.0151356124844,0.0162181009736,0.0156675107011,0,0
2300,0.0162181009736,0.0173780082875,0.0167880401812,0,0
2300,0.0173780082875,0.0186208713666,0.0179887091513,0,0
2300,0.0186208713666,0.0199526231497,0.0192752491319,0,0
2300,0.0199526231497,0.021379620895,0.0206538015581,0,0
2300,0.021379620895,0.0229086765277,0.0221309470961,0,0
2300,0.0229086765277,0.0245470891569,0.0237137370566,0,0
2300,0.0245470891569,0.026302679919,0.0254097270555,0,0
2300,0.026302679919,0.0281838293126,0.0272270130808,0,0
2300,0.0281838293126,0.030199517204,0.02917427014,0,0
2300,0.030199517204,0.032359365693,0.0312607936712,0,0
2300,0.032359365693,0.0346736850453,0.0334965439158,0,0
2300,0.0346736850453,0.0371535229097,0.0358921934645,0,0
2300,0.0371535229097,0.0398107170553,0.0384591782045,0,0
2300,0.0398107170553,0.0426579518802,0.0412097519097,0,0
2300,0.0426579518802,0.0457088189615,0.0441570447353,0,0
2300,0.0457088189615,0.0489778819368,0.0473151258961,0,0
2300,0.0489778819368,0.052480746025,0.0506990708275,0,0
2300,0.052480746025,0.056234132519,0.0543250331492,0,0
2300,0.056234132519,0.0602559586074,0.0582103217771,0,0
2300,0.0602559586074,0.0645654229035,0.0623734835482,0,0
2300,0.0645654229035,0.0691830970919,0.0668343917569,0,0
2300,0.0691830970919,0.0741310241301,0.0716143410213,0,0
2300,0.0741310241301,0.0794328234724,0.0767361489362,0,0
2300,0.0794328234724,0.0851138038202,0.0822242649947,0,0
2300,0.0851138038202,0.0912010839356,0.0881048873008,0,0
2300,0.0912010839356,0.0977237220956,0.0944060876286,0,0
2300,0.0977237220956,0.104712854805,0.101157945426,0,0
2300,0.104712854805,0.11220184543,0.108392691402,0,0
2300,0.11220184543,0.120226443462,0.116144861384,0,0
2300,0.120226443462,0.128824955169,0.124451461177,0,0
2300,0.128824955169,0.13803842646,0.133352143216,0,0
2300,0.13803842646,0.147910838817,0.142889395851,0,0
2300,0.147910838817,0.158489319246,0.153108746168,0,0
2300,0.158489319246,0.169824365246,0.16405897732,0,0
2300,0.169824365246,0.181970085861,0.175792361396,0,0
2300,0.181970085861,0.194984459976,0.188364908949,0,0
2300,0.194984459976,0.208929613085,0.201836636368,0,0
2300,0.208929613085,0.223872113857,0.216271852373,0,0
2300,0.223872113857,0.239883291902,0.231739464997,0,0
2300,0.239883291902,0.257039578277,0.24831331053,0,0
2300,0.257039578277,0.275422870334,0.26607250598,0,0
2300,0.275422870334,0.295120922667,0.28510182675,0,0
2300,0.295120922667,0.316227766017,0.305492111322,0,0
2300,0.316227766017,0.338844156139,0.327340694879,0,0
2300,0.338844156139,0.36307805477,0.350751873953,0,0
2300,0.36307805477,0.389045144994,0.375837404288,0,0
2300,0.389045144994,0.41686938347,0.402717034325,0.0188472157417,0.99994999875
2300,0.41686938347,0.446683592151,0.431519076828,0,0
2300,0.446683592151,0.478630092323,0.462381021399,0,0
2300,0.478630092323,0.512861383991,0.495450190805,0,0
2300,0.512861383991,0.549540873858,0.530884444231,0,0
2300,0.549540873858,0.588843655356,0.568852930844,0,0
2300,0.588843655356,0.63095734448,0.60953689724,0,0
2300,0.63095734448,0.676082975392,0.653130552647,0,0
2300,0.676082975392,0.724435960075,0.699841996002,0,0
2300,0.724435960075,0.776247116629,0.749894209332,0,0
2300,0.776247116629,0.831763771103,0.803526122186,0,0
2300,0.831763771103,0.891250938134,0.860993752185,0,0
2300,0.891250938134,0.954992586021,0.922571427155,0,0
2300,0.954992586021,1.02329299228,0.988553094657,0,0
2300,1.02329299228,1.09647819614,1.05925372518,0,0
2300,1.09647819614,1.17489755494,1.13501081567,0,0
2300,1.17489755494,1.25892541179,1.21618600065,0,0
2300,1.25892541179,1.34896288259,1.30316677845,0,0
2300,1.34896288259,1.44543977075,1.39636836106,0,0
2300,1.44543977075,1.54881661891,1.49623565609,0.0342407626447,0.99994999875
2300,1.54881661891,1.65958690744,1.60324539069,0,0
2300,1.65958690744,1.77827941004,1.71790838716,0,0
2300,1.77827941004,1.90546071796,1.84077200147,0,0
2300,1.90546071796,2.04173794467,1.97242273611,0,0
2300,2.04173794467,2.18776162395,2.11348903984,0,0
2300,2.18776162395,2.34422881532,2.26464430759,0,0
2300,2.34422881532,2.51188643151,2.42661009508,0,0
2300,2.51188643151,2.69153480393,2.60015956317,0,0
2300,2.69153480393,2.88403150313,2.78612116863,0,0
2300,2.88403150313,3.09029543251,2.98538261892,0,0
2300,3.09029543251,3.31131121483,3.19889510969,0,0
2300,3.31131121483,3.54813389234,3.42767786546,0,0
2300,3.54813389234,3.80189396321,3.67282300498,0,0
2300,3.80189396321,4.07380277804,3.93550075456,0,0
2300,4.07380277804,4.3651583224,4.21696503429,0,0
2300,4.3651583224,4.67735141287,4.51855944375,0,0
2300,4.67735141287,5.01187233627,4.84172367584,0,0
2300,5.01187233627,5.3703179637,5.18800038929,0,0
2300,5.3703179637,5.75439937337,5.5590425727,0,0
2300,5.75439937337,6.16595001861,5.95662143529,0,0
2300,6.16595001861,6.60693448008,6.38263486191,0,0
2300,6.60693448008,7.07945784384,6.83911647281,0,0
2300,7.07945784384,7.58577575029,7.32824533139,0.0140870836094,0.99994999875
2300,7.58577575029,8.12830516164,7.8523563461,0,0
2300,8.12830516164,8.70963589956,8.41395141645,0,0
2300,8.70963589956,9.33254300797,9.01571137606,0,0
2300,9.33254300797,10,9.6605087899,0.0054501512846,0.99994999875
2500,0.01,0.0107151930524,0.0103514216668,0.00289873157915,0.99994999875
2500,0.0107151930524,0.011481536215,0.0110917481526,0,0
2500,0.011481536215,0.0123026877081,0.0118850222744,0,0
2500,0.0123026877081,0.0131825673856,0.0127350308102,0,0
2500,0.0131825673856,0.0141253754462,0.0136458313659,0,0
2500,0.0141253754462,0.0151356124844,0.0146217717446,0,0
2500,0.0151356124844,0.0162181009736,0.0156675107011,0,0
2500,0.0162181009736,0.0173780082875,0.0167880401812,0,0
2500,0.0173780082875,0.0186208713666,0.0179887091513,0,0
2500,0.0186208713666,0.0199526231497,0.0192752491319,0,0
2500,0.0199526231497,0.021379620895,0.0206538015581,0,0
2500,0.021379620895,0.0229086765277,0.0221309470961,0,0
2500,0.0229086765277,0.0245470891569,0.0237137370566,0,0
2500,0.0245470891569,0.026302679919,0.0254097270555,0,0
2500,0.026302679919,0.0281838293126,0.0272270130808,0,0
2500,0.0281838293126,0.030199517204,0.02917427014,0,0
2500,0.030199517204,0.032359365693,0.0312607936712,0,0
2500,0.032359365693,0.0346736850453,0.0334965439158,0.0529680713299,0.99994999875
2500,0.0346736850453,0.0371535229097,0.0358921934645,0,0
2500,0.0371535229097,0.0398107170553,0.0384591782045,0,0
2500,0.0398107170553,0.0426579518802,0.0412097519097,0,0
2500,0.0426579518802,0.0457088189615,0.0441570447353,0,0
2500,0.0457088189615,0.0489778819368,0.0473151258961,0.0287847111882,0.99994999875
2500,0.0489778819368,0.052480746025,0.0506990708275,0,0
2500,0.052480746025,0.056234132519,0.0543250331492,0,0
2500,0.056234132519,0.0602559586074,0.0582103217771,0.0291092857631,0.99994999875
2500,0.0602559586074,0.0645654229035,0.0623734835482,0,0
2500,0.0645654229035,0.0691830970919,0.0668343917569,0,0
2500,0.0691830970919,0.0741310241301,0.0716143410213,0.0313650906439,0.99994999875
2500,0.0741310241301,0.0794328234724,0.0767361489362,0,0
2500,0.0794328234724,0.0851138038202,0.0822242649947,0.0259667997427,0.99994999875
2500,0.0851138038202,0.0912010839356,0.0881048873008,0,0
2500,0.0912010839356,0.0977237220956,0.0944060876286,0.0834007188559,0.708821889929
2500,0.0977237220956,0.104712854805,0.101157945426,0,0
2500,0.104712854805,0.11220184543,0.108392691402,0,0
2500,0.11220184543,0.120226443462,0.116144861384,0,0
2500,0.120226443462,0.128824955169,0.124451461177,0,0
2500,0.128824955169,0.13803842646,0.133352143216,0.0293571012229,0.99994999875
2500,0.13803842646,0.147910838817,0.142889395851,0,0
2500,0.147910838817,0.158489319246,0.153108746168,0.0348934764456,0.99994999875
2500,0.158489319246,0.169824365246,0.16405897732,0,0
2500,0.169824365246,0.181970085861,0.175792361396,0.0249356882955,0.99994999875
2500,0.181970085861,0.194984459976,0.188364908949,0.0285012905849,0.99994999875
2500,0.194984459976,0.208929613085,0.201836636368,0.0139491949785,0.99994999875
2500,0.208929613085,0.223872113857,0.216271852373,0.051140254935,0.99994999875
2500,0.223872113857,0.239883291902,0.231739464997,0.0293118542971,0.99994999875
2500,0.239883291902,0.257039578277,0.24831331053,0.0405844378195,0.99994999875
2500,0.257039578277,0.275422870334,0.26607250598,0,0
2500,0.275422870334,0.295120922667,0.28510182675,0.0325171379586,0.99994999875
2500,0.295120922667,0.316227766017,0.305492111322,0.0272958864573,0.99994999875
2500,0.316227766017,0.338844156139,0.327340694879,0.0368570072605,0.99994999875
2500,0.338844156139,0.36307805477,0.350751873953,0,0
2500,0.36307805477,0.389045144994,0.375837404288,0.0527879207482,0.99994999875
2500,0.389045144994,0.41686938347,0.402717034325,0.0469821038974,0.99994999875
2500,0.41686938347,0.446683592151,0.431519076828,0,0
2500,0.446683592151,0.478630092323,0.462381021399,0.0644220558923,0.709980268119
2500,0.478630092323,0.512861383991,0.495450190805,0.104689182967,0.646415360307
2500,0.512861383991,0.549540873858,0.530884444231,0,0
2500,0.549540873858,0.588843655356,0.568852930844,0,0
2500,0.588843655356,0.63095734448,0.60953689724,0,0
2500,0.63095734448,0.676082975392,0.653130552647,0,0
2500,0.676082975392,0.724435960075,0.699841996002,0,0
2500,0.724435960075,0.776247116629,0.749894209332,0,0
2500,0.776247116629,0.831763771103,0.803526122186,0.0258284363369,0.99994999875
2500,0.831763771103,0.891250938134,0.860993752185,0.0376005730124,0.99994999875
2500,0.891250938134,0.954992586021,0.922571427155,0.00789618368321,0.99994999875
2500,0.954992586021,1.02329299228,0.988553094657,0,0
2500,1.02329299228,1.09647819614,1.05925372518,0,0
2500,1.09647819614,1.17489755494,1.13501081567,0,0
2500,1.17489755494,1.25892541179,1.21618600065,0,0
2500,1.25892541179,1.34896288259,1.30316677845,0.0299043692611,0.99994999875
2500,1.34896288259,1.44543977075,1.39636836106,0,0
2500,1.44543977075,1.54881661891,1.49623565609,0,0
2500,1.54881661891,1.65958690744,1.60324539069,0,0
2500,1.65958690744,1.77827941004,1.71790838716,0,0
2500,1.77827941004,1.90546071796,1.84077200147,0,0
2500,1.90546071796,2.04173794467,1.97242273611,0,0
2500,2.04173794467,2.18776162395,2.11348903984,0.0420334254061,0.99994999875
2500,2.18776162395,2.34422881532,2.26464430759,0,0
2500,2.34422881532,2.51188643151,2.42661009508,0.00774600014445,0.99994999875
2500,2.51188643151,2.69153480393,2.60015956317,0,0
2500,2.69153480393,2.88403150313,2.78612116863,0,0
2500,2.88403150313,3.09029543251,2.98538261892,0,0
2500,3.09029543251,3.31131121483,3.19889510969,0,0
2500,3.31131121483,3.54813389234,3.42767786546,0,0
2500,3.54813389234,3.80189396321,3.67282300498,0.0299389823548,0.99994999875
2500,3.80189396321,4.07380277804,3.93550075456,0,0
2500,4.07380277804,4.3651583224,4.21696503429,0,0
2500,4.3651583224,4.67735141287,4.51855944375,0,0
2500,4.67735141287,5.01187233627,4.84172367584,0,0
2500,5.01187233627,5.3703179637,5.18800038929,0,0
2500,5.3703179637,5.75439937337,5.5590425727,0,0
2500,5.75439937337,6.16595001861,5.95662143529,0,0
2500,6.16595001861,6.60693448008,6.38263486191,0,0
2500,6.60693448008,7.07945784384,6.83911647281,0,0
2500,7.07945784384,7.58577575029,7.32824533139,0,0
2500,7.58577575029,8.12830516164,7.8523563461,0,0
2500,8.12830516164,8.70963589956,8.41395141645,0,0
2500,8.70963589956,9.33254300797,9.01571137606,0,0
2500,9.33254300797,10,9.6605087899,1.5529737171,0.152830390783
2700,0.01,0.0107151930524,0.0103514216668,7.01124885109e-05,0.99994999875
2700,0.0107151930524,0.011481536215,0.0110917481526,0.000116232198246,0.99994999875
2700,0.011481536215,0.0123026877081,0.0118850222744,4.41462428859e-05,0.99994999875
2700,0.0123026877081,0.0131825673856,0.0127350308102,0.000475246557757,0.888772255245
2700,0.0131825673856,0.0141253754462,0.0136458313659,0.00173632241639,0.615428166464
2700,0.0141253754462,0.0151356124844,0.0146217717446,0.00140064875277,0.579962998427
2700,0.0151356124844,0.0162181009736,0.0156675107011,0,0
2700,0.0162181009736,0.0173780082875,0.0167880401812,0.000810705746616,0.771346496384
2700,0.0173780082875,0.0186208713666,0.0179887091513,0.00319440571319,0.966825130283
2700,0.0186208713666,0.0199526231497,0.0192752491319,0.00466208625891,0.602637915302
2700,0.0199526231497,0.021379620895,0.0206538015581,0.00692452711507,0.479344280158
2700,0.021379620895,0.0229086765277,0.0221309470961,0.00439524926031,0.481924794236
2700,0.0229086765277,0.0245470891569,0.0237137370566,0.00931668839529,0.424914586135
2700,0.0245470891569,0.026302679919,0.0254097270555,0.00454473398001,0.522023225441
2700,0.026302679919,0.0281838293126,0.0272270130808,0.00358664302548,0.494557585577
2700,0.0281838293126,0.030199517204,0.02917427014,0.0113587354743,0.458008381862
2700,0.030199517204,0.032359365693,0.0312607936712,0.0167516804222,0.365538814907
2700,0.032359365693,0.0346736850453,0.0334965439158,0.0153123059733,0.368015320417
2700,0.0346736850453,0.0371535229097,0.0358921934645,0.029331264863,0.303909189575
2700,0.0371535229097,0.0398107170553,0.0384591782045,0.0324043218744,0.34189370124
2700,0.0398107170553,0.0426579518802,0.0412097519097,0.0359275010505,0.335333624028
2700,0.0426579518802,0.0457088189615,0.0441570447353,0.029549124734,0.308381819518
2700,0.0457088189615,0.0489778819368,0.0473151258961,0.0224146563947,0.310728932883
2700,0.0489778819368,0.052480746025,0.0506990708275,0.0317616645522,0.390453427525
2700,0.052480746025,0.056234132519,0.0543250331492,0.0512498514014,0.335693751613
2700,0.056234132519,0.0602559586074,0.0582103217771,0.0398752083143,0.306067542802
2700,0.0602559586074,0.0645654229035,0.0623734835482,0.0485548842444,0.307314962268
2700,0.0645654229035,0.0691830970919,0.0668343917569,0.0351738828093,0.270421358024
2700,0.0691830970919,0.0741310241301,0.0716143410213,0.059637004235,0.297388609311
2700,0.0741310241301,0.0794328234724,0.0767361489362,0.0592814614993,0.29400591044
2700,0.0794328234724,0.0851138038202,0.0822242649947,0.0477619984811,0.335158086072
2700,0.0851138038202,0.0912010839356,0.0881048873008,0.050699350098,0.318535464361
2700,0.0912010839356,0.0977237220956,0.0944060876286,0.0520860322242,0.243495970208
2700,0.0977237220956,0.104712854805,0.101157945426,0.0463463034886,0.257596322785
2700,0.104712854805,0.11220184543,0.108392691402,0.0729727452036,0.263663814637
2700,0.11220184543,0.120226443462,0.116144861384,0.0651643755213,0.237866729278
2700,0.120226443462,0.128824955169,0.124451461177,0.0622781451484,0.275855095556
2700,0.128824955169,0.13803842646,0.133352143216,0.0877111547541,0.209343749316
2700,0.13803842646,0.147910838817,0.142889395851,0.092461500923,0.249421518064
2700,0.147910838817,0.158489319246,0.153108746168,0.080864739165,0.188707150153
2700,0.158489319246,0.169824365246,0.16405897732,0.0714103184352,0.239558660989
2700,0.169824365246,0.181970085861,0.175792361396,0.110500765522,0.201562790811
2700,0.181970085861,0.194984459976,0.188364908949,0.0619265426659,0.232994859884
2700,0.194984459976,0.208929613085,0.201836636368,0.139051901549,0.224971256164
2700,0.208929613085,0.223872113857,0.216271852373,0.0602549517485,0.246694834134
2700,0.223872113857,0.239883291902,0.231739464997,0.109597716841,0.232955168317
2700,0.239883291902,0.257039578277,0.24831331053,0.0898392773446,0.196890030702
2700,0.257039578277,0.275422870334,0.26607250598,0.112998685553,0.200847153396
2700,0.275422870334,0.295120922667,0.28510182675,0.0694365993866,0.274795173287
2700,0.295120922667,0.316227766017,0.305492111322,0.0938367297378,0.231717142692
2700,0.316227766017,0.338844156139,0.327340694879,0.114050996431,0.215171774092
2700,0.338844156139,0.36307805477,0.350751873953,0.0937836518734,0.208765973015
2700,0.36307805477,0.389045144994,0.375837404288,0.0691589550175,0.232348559387
2700,0.389045144994,0.41686938347,0.402717034325,0.080093736222,0.257962455541
2700,0.41686938347,0.446683592151,0.431519076828,0.0986931261158,0.230913569431
2700,0.446683592151,0.478630092323,0.462381021399,0.12989059761,0.205905488332
2700,0.478630092323,0.512861383991,0.495450190805,1.00159916901,0.0838697901671
2700,0.512861383991,0.549540873858,0.530884444231,0.0478631982177,0.247146573952
2700,0.549540873858,0.588843655356,0.568852930844,0.058912200996,0.267983916721
2700,0.588843655356,0.63095734448,0.60953689724,0.0539007962093,0.354263588677
2700,0.63095734448,0.676082975392,0.653130552647,0.0657605751375,0.262116394024
2700,0.676082975392,0.724435960075,0.699841996002,0.0759063089654,0.255023487581
2700,0.724435960075,0.776247116629,0.749894209332,0.0400840956488,0.269706582557
2700,0.776247116629,0.831763771103,0.803526122186,0.0373153925803,0.24565508197
2700,0.831763771103,0.891250938134,0.860993752185,0.0775087108988,0.220853613606
2700,0.891250938134,0.954992586021,0.922571427155,0.0413442604878,0.451816244233
2700,0.954992586021,1.02329299228,0.988553094657,0.0299668216803,0.295431568713
2700,1.02329299228,1.09647819614,1.05925372518,0.0572204304966,0.265815589635
2700,1.09647819614,1.17489755494,1.13501081567,0.0606771585946,0.29089334698
2700,1.17489755494,1.25892541179,1.21618600065,0.0231521105983,0.333294151124
2700,1.25892541179,1.34896288259,1.30316677845,0.0478576724295,0.244517429601
2700,1.34896288259,1.44543977075,1.39636836106,0.0418037120351,0.279029117279
2700,1.44543977075,1.54881661891,1.49623565609,0.024322109857,0.296085595671
2700,1.54881661891,1.65958690744,1.60324539069,0.0447944653265,0.288672639634
2700,1.65958690744,1.77827941004,1.71790838716,0.0381458062455,0.322572238038
2700,1.77827941004,1.90546071796,1.84077200147,0.0275531079028,0.288947018479
2700,1.90546071796,2.04173794467,1.97242273611,0.023411558847,0.34153984526
2700,2.04173794467,2.18776162395,2.11348903984,0.0325682440624,0.258577592547
2700,2.18776162395,2.34422881532,2.26464430759,0.0356690282835,0.293024385414
2700,2.34422881532,2.51188643151,2.42661009508,0.023648340362,0.286490084956
2700,2.51188643151,2.69153480393,2.60015956317,0.0305393232301,0.336259786402
2700,2.69153480393,2.88403150313,2.78612116863,0.0358824274486,0.277502711565
2700,2.88403150313,3.09029543251,2.98538261892,0.0160458935548,0.329950043743
2700,3.09029543251,3.31131121483,3.19889510969,0.043979410458,0.24430107478
2700,3.31131121483,3.54813389234,3.42767786546,0.0448710280458,0.315974804917
2700,3.54813389234,3.80189396321,3.67282300498,0.0270602057989,0.307021336245
2700,3.80189396321,4.07380277804,3.93550075456,0.017473633212,0.321742796587
2700,4.07380277804,4.3651583224,4.21696503429,0.0324814906816,0.318662097158
2700,4.3651583224,4.67735141287,4.51855944375,0.0637340665025,0.327353571226
2700,4.67735141287,5.01187233627,4.84172367584,0.0485616144743,0.23014578627
2700,5.01187233627,5.3703179637,5.18800038929,0.0435795083638,0.341268368107
2700,5.3703179637,5.75439937337,5.5590425727,0.0379427678177,0.278179235148
2700,5.75439937337,6.16595001861,5.95662143529,0.0399783255327,0.24475763149
2700,6.16595001861,6.60693448008,6.38263486191,0.0366625658341,0.255067725944
2700,6.60693448008,7.07945784384,6.83911647281,0.0402482066815,0.256112496241
2700,7.07945784384,7.58577575029,7.32824533139,0.0201742192318,0.270506751808
2700,7.58577575029,8.12830516164,7.8523563461,0.0575302402294,0.245957954238
2700,8.12830516164,8.70963589956,8.41395141645,0.0527209595592,0.220948278363
2700,8.70963589956,9.33254300797,9.01571137606,0.067884062923,0.221277923072
2700,9.33254300797,10,9.6605087899,18.7072199569,0.00945662014845
2900,0.01,0.0107151930524,0.0103514216668,0,0
2900,0.0107151930524,0.011481536215,0.0110917481526,0,0
2900,0.011481536215,0.0123026877081,0.0118850222744,0,0
2900,0.0123026877081,0.0131825673856,0.0127350308102,0,0
2900,0.0131825673856,0.0141253754462,0.0136458313659,0,0
2900,0.0141253754462,0.0151356124844,0.0146217717446,0,0
2900,0.0151356124844,0.0162181009736,0.0156675107011,0,0
2900,0.0162181009736,0.0173780082875,0.0167880401812,0,0
2900,0.0173780082875,0.0186208713666,0.0179887091513,0,0
2900,0.0186208713666,0.0199526231497,0.0192752491319,0,0
2900,0.0199526231497,0.021379620895,0.0206538015581,0,0
2900,0.021379620895,0.0229086765277,0.0221309470961,0,0
2900,0.0229086765277,0.0245470891569,0.0237137370566,0,0
2900,0.0245470891569,0.026302679919,0.0254097270555,0,0
2900,0.026302679919,0.0281838293126,0.0272270130808,0,0
2900,0.0281838293126,0.030199517204,0.02917427014,0,0
2900,0.030199517204,0.032359365693,0.0312607936712,0,0
2900,0.032359365693,0.0346736850453,0.0334965439158,0,0
2900,0.0346736850453,0.0371535229097,0.0358921934645,0,0
2900,0.0371535229097,0.0398107170553,0.0384591782045,0,0
2900,0.0398107170553,0.0426579518802,0.0412097519097,0,0
2900,0.0426579518802,0.0457088189615,0.0441570447353,0,0
2900,0.0457088189615,0.0489778819368,0.0473151258961,0,0
2900,0.0489778819368,0.052480746025,0.0506990708275,0.00429201425359,0.99994999875
2900,0.052480746025,0.056234132519,0.0543250331492,0,0
2900,0.056234132519,0.0602559586074,0.0582103217771,0,0
2900,0.0602559586074,0.0645654229035,0.0623734835482,0.00928440939018,0.99994999875
2900,0.0645654229035,0.0691830970919,0.0668343917569,0.00727861391969,0.99994999875
2900,0.0691830970919,0.0741310241301,0.0716143410213,0,0
2900,0.0741310241301,0.0794328234724,0.0767361489362,0.0340312403896,0.717950265492
2900,0.0794328234724,0.0851138038202,0.0822242649947,0,0
2900,0.0851138038202,0.0912010839356,0.0881048873008,0,0
2900,0.0912010839356,0.0977237220956,0.0944060876286,0.0173354375514,0.99994999875
2900,0.0977237220956,0.104712854805,0.101157945426,0,0
2900,0.104712854805,0.11220184543,0.108392691402,0,0
2900,0.11220184543,0.120226443462,0.116144861384,0.00433872647343,0.99994999875
2900,0.120226443462,0.128824955169,0.124451461177,0,0
2900,0.128824955169,0.13803842646,0.133352143216,0,0
2900,0.13803842646,0.147910838817,0.142889395851,0,0
2900,0.147910838817,0.158489319246,0.153108746168,0.000197181450701,0.99994999875
2900,0.158489319246,0.169824365246,0.16405897732,0,0
2900,0.169824365246,0.181970085861,0.175792361396,0.000297611114044,0.99994999875
2900,0.181970085861,0.194984459976,0.188364908949,0.00294010264885,0.99994999875
2900,0.194984459976,0.208929613085,0.201836636368,0,0
2900,0.208929613085,0.223872113857,0.216271852373,0,0
2900,0.223872113857,0.239883291902,0.231739464997,0,0
2900,0.239883291902,0.257039578277,0.24831331053,0,0
2900,0.257039578277,0.275422870334,0.26607250598,0,0
2900,0.275422870334,0.295120922667,0.28510182675,0,0
2900,0.295120922667,0.316227766017,0.305492111322,0,0
2900,0.316227766017,0.338844156139,0.327340694879,0,0
2900,0.338844156139,0.36307805477,0.350751873953,0,0
2900,0.36307805477,0.389045144994,0.375837404288,0,0
2900,0.389045144994,0.41686938347,0.402717034325,0,0
2900,0.41686938347,0.446683592151,0.431519076828,0,0
2900,0.446683592151,0.478630092323,0.462381021399,0,0
2900,0.478630092323,0.512861383991,0.495450190805,0,0
2900,0.512861383991,0.549540873858,0.530884444231,0,0
2900,0.549540873858,0.588843655356,0.568852930844,0,0
2900,0.588843655356,0.63095734448,0.60953689724,0,0
2900,0.63095734448,0.676082975392,0.653130552647,0,0
2900,0.676082975392,0.724435960075,0.699841996002,0,0
2900,0.724435960075,0.776247116629,0.749894209332,0,0
2900,0.776247116629,0.831763771103,0.803526122186,0,0
2900,0.831763771103,0.891250938134,0.860993752185,0,0
2900,0.891250938134,0.954992586021,0.922571427155,0.0202612848835,0.99994999875
2900,0.954992586021,1.02329299228,0.988553094657,0,0
2900,1.02329299228,1.09647819614,1.05925372518,0,0
2900,1.09647819614,1.17489755494,1.13501081567,0,0
2900,1.17489755494,1.25892541179,1.21618600065,0,0
2900,1.25892541179,1.34896288259,1.30316677845,0,0
2900,1.34896288259,1.44543977075,1.39636836106,0,0
2900,1.44543977075,1.54881661891,1.49623565609,0,0
2900,1.54881661891,1.65958690744,1.60324539069,0,0
2900,1.65958690744,1.77827941004,1.71790838716,0,0
2900,1.77827941004,1.90546071796,1.84077200147,0,0
2900,1.90546071796,2.04173794467,1.97242273611,0,0
2900,2.04173794467,2.18776162395,2.11348903984,0,0
2900,2.18776162395,2.34422881532,2.26464430759,0,0
2900,2.34422881532,2.51188643151,2.42661009508,0,0
2900,2.51188643151,2.69153480393,2.60015956317,0,0
2900,2.69153480393,2.88403150313,2.78612116863,0,0
2900,2.88403150313,3.09029543251,2.98538261892,0,0
2900,3.09029543251,3.31131121483,3.19889510969,0,0
2900,3.31131121483,3.54813389234,3.42767786546,0,0
2900,3.54813389234,3.80189396321,3.67282300498,0,0
2900,3.80189396321,4.07380277804,3.93550075456,0,0
2900,4.07380277804,4.3651583224,4.21696503429,0,0
2900,4.3651583224,4.67735141287,4.51855944375,0.0111147574354,0.99994999875
2900,4.67735141287,5.01187233627,4.84172367584,0,0
2900,5.01187233627,5.3703179637,5.18800038929,0,0
2900,5.3703179637,5.75439937337,5.5590425727,0,0
2900,5.75439937337,6.16595001861,5.95662143529,0,0
2900,6.16595001861,6.60693448008,6.38263486191,0,0
2900,6.60693448008,7.07945784384,6.83911647281,0,0
2900,7.07945784384,7.58577575029,7.32824533139,0,0
2900,7.58577575029,8.12830516164,7.8523563461,0,0
2900,8.12830516164,8.70963589956,8.41395141645,0,0
2900,8.70963589956,9.33254300797,9.01571137606,0,0
2900,9.33254300797,10,9.6605087899,0.0725709162367,0.607073047638
3000,0.01,0.0107151930524,0.0103514216668,0,0
3000,0.0107151930524,0.011481536215,0.0110917481526,0,0
3000,0.011481536215,0.0123026877081,0.0118850222744,0,0
3000,0.0123026877081,0.0131825673856,0.0127350308102,0,0
3000,0.0131825673856,0.0141253754462,0.0136458313659,0,0
3000,0.0141253754462,0.0151356124844,0.0146217717446,0,0
3000,0.0151356124844,0.0162181009736,0.0156675107011,0,0
3000,0.0162181009736,0.0173780082875,0.0167880401812,0,0
3000,0.0173780082875,0.0186208713666,0.0179887091513,0,0
3000,0.0186208713666,0.0199526231497,0.0192752491319,0,0
3000,0.0199526231497,0.021379620895,0.0206538015581,0,0
3000,0.021379620895,0.0229086765277,0.0221309470961,0,0
3000,0.0229086765277,0.0245470891569,0.0237137370566,0,0
3000,0.0245470891569,0.026302679919,0.0254097270555,0,0
3000,0.026302679919,0.0281838293126,0.0272270130808,0,0
3000,0.0281838293126,0.030199517204,0.02917427014,0,0
3000,0.030199517204,0.032359365693,0.0312607936712,0,0
3000,0.032359365693,0.0346736850453,0.0334965439158,0,0
3000,0.0346736850453,0.0371535229097,0.0358921934645,0,0
3000,0.0371535229097,0.0398107170553,0.0384591782045,0,0
3000,0.0398107170553,0.0426579518802,0.0412097519097,0,0
3000,0.0426579518802,0.0457088189615,0.0441570447353,0,0
3000,0.0457088189615,0.0489778819368,0.0473151258961,0,0
3000,0.0489778819368,0.052480746025,0.0506990708275,0,0
3000,0.052480746025,0.056234132519,0.0543250331492,0,0
3000,0.056234132519,0.0602559586074,0.0582103217771,0,0
3000,0.0602559586074,0.0645654229035,0.0623734835482,0,0
3000,0.0645654229035,0.0691830970919,0.0668343917569,0,0
3000,0.0691830970919,0.0741310241301,0.0716143410213,0,0
3000,0.0741310241301,0.0794328234724,0.0767361489362,0,0
3000,0.0794328234724,0.0851138038202,0.0822242649947,0,0
3000,0.0851138038202,0.0912010839356,0.0881048873008,0,0
3000,0.0912010839356,0.0977237220956,0.0944060876286,0,0
3000,0.0977237220956,0.104712854805,0.101157945426,0,0
3000,0.104712854805,0.11220184543,0.108392691402,0,0
3000,0.11220184543,0.120226443462,0.116144861384,0,0
3000,0.120226443462,0.128824955169,0.124451461177,0,0
3000,0.128824955169,0.13803842646,0.133352143216,0,0
3000,0.13803842646,0.147910838817,0.142889395851,0,0
3000,0.147910838817,0.158489319246,0.153108746168,0,0
3000,0.158489319246,0.169824365246,0.16405897732,0,0
3000,0.169824365246,0.181970085861,0.175792361396,0,0
3000,0.181970085861,0.194984459976,0.188364908949,0,0
3000,0.194984459976,0.208929613085,0.201836636368,0,0
3000,0.208929613085,0.223872113857,0.216271852373,0,0
3000,0.223872113857,0.239883291902,0.231739464997,0,0
3000,0.239883291902,0.257039578277,0.24831331053,0,0
3000,0.257039578277,0.275422870334,0.26607250598,0,0
3000,0.275422870334,0.295120922667,0.28510182675,0,0
3000,0.295120922667,0.316227766017,0.305492111322,0,0
3000,0.316227766017,0.338844156139,0.327340694879,0,0
3000,0.338844156139,0.36307805477,0.350751873953,0,0
3000,0.36307805477,0.389045144994,0.375837404288,0,0
3000,0.389045144994,0.41686938347,0.402717034325,0,0
3000,0.41686938347,0.446683592151,0.431519076828,0,0
3000,0.446683592151,0.478630092323,0.462381021399,0,0
3000,0.478630092323,0.512861383991,0.495450190805,0.0102305002972,0.99994999875
3000,0.512861383991,0.549540873858,0.530884444231,0,0
3000,0.549540873858,0.588843655356,0.568852930844,0,0
3000,0.588843655356,0.63095734448,0.60953689724,0,0
3000,0.63095734448,0.676082975392,0.653130552647,0,0
3000,0.676082975392,0.724435960075,0.699841996002,0,0
3000,0.724435960075,0.776247116629,0.749894209332,0,0
3000,0.776247116629,0.831763771103,0.803526122186,0,0
3000,0.831763771103,0.891250938134,0.860993752185,0.0083416932939,0.99994999875
3000,0.891250938134,0.954992586021,0.922571427155,0,0
3000,0.954992586021,1.02329299228,0.988553094657,0,0
3000,1.02329299228,1.09647819614,1.05925372518,0,0
3000,1.09647819614,1.17489755494,1.13501081567,0,0
3000,1.17489755494,1.25892541179,1.21618600065,0,0
3000,1.25892541179,1.34896288259,1.30316677845,0,0
3000,1.34896288259,1.44543977075,1.39636836106,0,0
3000,1.44543977075,1.54881661891,1.49623565609,0,0
3000,1.54881661891,1.65958690744,1.60324539069,0,0
3000,1.65958690744,1.77827941004,1.71790838716,0,0
3000,1.77827941004,1.90546071796,1.84077200147,0,0
3000,1.90546071796,2.04173794467,1.97242273611,0,0
3000,2.04173794467,2.18776162395,2.11348903984,0,0
3000,2.18776162395,2.34422881532,2.26464430759,0,0
3000,2.34422881532,2.51188643151,2.42661009508,0,0
3000,2.51188643151,2.69153480393,2.60015956317,0,0
3000,2.69153480393,2.88403150313,2.78612116863,0,0
3000,2.88403150313,3.09029543251,2.98538261892,0,0
3000,3.09029543251,3.31131121483,3.19889510969,0,0
3000,3.31131121483,3.54813389234,3.42767786546,0,0
3000,3.54813389234,3.80189396321,3.67282300498,0,0
3000,3.80189396321,4.07380277804,3.93550075456,0,0
3000,4.07380277804,4.3651583224,4.21696503429,0,0
3000,4.3651583224,4.67735141287,4.51855944375,0,0
3000,4.67735141287,5.01187233627,4.84172367584,0,0
3000,5.01187233627,5.3703179637,5.18800038929,0,0
3000,5.3703179637,5.75439937337,5.5590425727,0,0
3000,5.75439937337,6.16595001861,5.95662143529,0,0
3000,6.16595001861,6.60693448008,6.38263486191,0,0
3000,6.60693448008,7.07945784384,6.83911647281,0,0
3000,7.07945784384,7.58577575029,7.32824533139,0,0
3000,7.58577575029,8.12830516164,7.8523563461,0,0
3000,8.12830516164,8.70963589956,8.41395141645,0,0
3000,8.70963589956,9.33254300797,9.01571137606,0,0
3000,9.33254300797,10,9.6605087899,0,0
3200,0.01,0.0107151930524,0.0103514216668,0,0
3200,0.0107151930524,0.011481536215,0.0110917481526,0,0
3200,0.011481536215,0.0123026877081,0.0118850222744,0,0
3200,0.0123026877081,0.0131825673856,0.0127350308102,0,0
3200,0.0131825673856,0.0141253754462,0.0136458313659,0,0
3200,0.0141253754462,0.0151356124844,0.0146217717446,0,0
3200,0.0151356124844,0.0162181009736,0.0156675107011,0,0
3200,0.0162181009736,0.0173780082875,0.0167880401812,0,0
3200,0.0173780082875,0.0186208713666,0.0179887091513,0,0
3200,0.0186208713666,0.0199526231497,0.0192752491319,0,0
3200,0.0199526231497,0.021379620895,0.0206538015581,0,0
3200,0.021379620895,0.0229086765277,0.0221309470961,0,0
3200,0.0229086765277,0.0245470891569,0.0237137370566,0,0
3200,0.0245470891569,0.026302679919,0.0254097270555,0,0
3200,0.026302679919,0.0281838293126,0.0272270130808,0,0
3200,0.0281838293126,0.030199517204,0.02917427014,0,0
3200,0.030199517204,0.032359365693,0.0312607936712,0,0
3200,0.032359365693,0.0346736850453,0.0334965439158,0,0
3200,0.0346736850453,0.0371535229097,0.0358921934645,0,0
3200,0.0371535229097,0.0398107170553,0.0384591782045,0,0
3200,0.0398107170553,0.0426579518802,0.0412097519097,0,0
3200,0.0426579518802,0.0457088189615,0.0441570447353,0,0
3200,0.0457088189615,0.0489778819368,0.0473151258961,0,0
3200,0.0489778819368,0.052480746025,0.0506990708275,0,0
3200,0.052480746025,0.056234132519,0.0543250331492,0,0
3200,0.056234132519,0.0602559586074,0.0582103217771,0,0
3200,0.0602559586074,0.0645654229035,0.0623734835482,0,0
3200,0.0645654229035,0.0691830970919,0.0668343917569,0,0
3200,0.0691830970919,0.0741310241301,0.0716143410213,0,0
3200,0.0741310241301,0.0794328234724,0.0767361489362,0,0
3200,0.0794328234724,0.0851138038202,0.0822242649947,0,0
3200,0.0851138038202,0.0912010839356,0.0881048873008,0,0
3200,0.0912010839356,0.0977237220956,0.0944060876286,0,0
3200,0.0977237220956,0.104712854805,0.101157945426,0,0
3200,0.104712854805,0.11220184543,0.108392691402,0,0
3200,0.11220184543,0.120226443462,0.116144861384,0,0
3200,0.120226443462,0.128824955169,0.124451461177,0,0
3200,0.128824955169,0.13803842646,0.133352143216,0,0
3200,0.13803842646,0.147910838817,0.142889395851,0,0
3200,0.147910838817,0.158489319246,0.153108746168,0,0
3200,0.158489319246,0.169824365246,0.16405897732,0,0
3200,0.169824365246,0.181970085861,0.175792361396,0.017849845411,0.99994999875
3200,0.181970085861,0.194984459976,0.188364908949,0,0
3200,0.194984459976,0.208929613085,0.201836636368,0,0
3200,0.208929613085,0.223872113857,0.216271852373,0,0
3200,0.223872113857,0.239883291902,0.231739464997,0,0
3200,0.239883291902,0.257039578277,0.24831331053,0,0
3200,0.257039578277,0.275422870334,0.26607250598,0,0
3200,0.275422870334,0.295120922667,0.28510182675,0,0
3200,0.295120922667,0.316227766017,0.305492111322,0,0
3200,0.316227766017,0.338844156139,0.327340694879,0,0
3200,0.338844156139,0.36307805477,0.350751873953,0,0
3200,0.36307805477,0.389045144994,0.375837404288,0,0
3200,0.389045144994,0.41686938347,0.402717034325,0,0
3200,0.41686938347,0.446683592151,0.431519076828,0,0
3200,0.446683592151,0.478630092323,0.462381021399,0.0286333634414,0.99994999875
3200,0.478630092323,0.512861383991,0.495450190805,0,0
3200,0.512861383991,0.549540873858,0.530884444231,0,0
3200,0.549540873858,0.588843655356,0.568852930844,0,0
3200,0.588843655356,0.63095734448,0.60953689724,0,0
3200,0.63095734448,0.676082975392,0.653130552647,0,0
3200,0.676082975392,0.724435960075,0.699841996002,0,0
3200,0.724435960075,0.776247116629,0.749894209332,0,0
3200,0.776247116629,0.831763771103,0.803526122186,0,0
3200,0.831763771103,0.891250938134,0.860993752185,0,0
3200,0.891250938134,0.954992586021,0.922571427155,0,0
3200,0.954992586021,1.02329299228,0.988553094657,0,0
3200,1.02329299228,1.09647819614,1.05925372518,0.0458994228722,0.99994999875
3200,1.09647819614,1.17489755494,1.13501081567,0,0
3200,1.17489755494,1.25892541179,1.21618600065,0,0
3200,1.25892541179,1.34896288259,1.30316677845,0,0
3200,1.34896288259,1.44543977075,1.39636836106,0,0
3200,1.44543977075,1.54881661891,1.49623565609,0,0
3200,1.54881661891,1.65958690744,1.60324539069,0,0
3200,1.65958690744,1.77827941004,1.71790838716,0,0
3200,1.77827941004,1.90546071796,1.84077200147,0,0
3200,1.90546071796,2.04173794467,1.97242273611,0,0
3200,2.04173794467,2.18776162395,2.11348903984,0,0
3200,2.18776162395,2.34422881532,2.26464430759,0,0
3200,2.34422881532,2.51188643151,2.42661009508,0,0
3200,2.51188643151,2.69153480393,2.60015956317,0,0
3200,2.69153480393,2.88403150313,2.78612116863,0,0
3200,2.88403150313,3.09029543251,2.98538261892,0,0
3200,3.09029543251,3.31131121483,3.19889510969,0,0
3200,3.31131121483,3.54813389234,3.42767786546,0,0
3200,3.54813389234,3.80189396321,3.67282300498,0,0
3200,3.80189396321,4.07380277804,3.93550075456,0,0
3200,4.07380277804,4.3651583224,4.21696503429,0,0
3200,4.3651583224,4.67735141287,4.51855944375,0,0
3200,4.67735141287,5.01187233627,4.84172367584,0,0
3200,5.01187233627,5.3703179637,5.18800038929,0,0
3200,5.3703179637,5.75439937337,5.5590425727,0,0
3200,5.75439937337,6.16595001861,5.95662143529,0,0
3200,6.16595001861,6.60693448008,6.38263486191,0,0
3200,6.60693448008,7.07945784384,6.83911647281,0,0
3200,7.07945784384,7.58577575029,7.32824533139,0,0
3200,7.58577575029,8.12830516164,7.8523563461,0,0
3200,8.12830516164,8.70963589956,8.41395141645,0,0
3200,8.70963589956,9.33254300797,9.01571137606,0,0
3200,9.33254300797,10,9.6605087899,0.0112073172054,0.99994999875
3500,0.01,0.0107151930524,0.0103514216668,0,0
3500,0.0107151930524,0.011481536215,0.0110917481526,0,0
3500,0.011481536215,0.0123026877081,0.0118850222744,0,0
3500,0.0123026877081,0.0131825673856,0.0127350308102,0,0
3500,0.0131825673856,0.0141253754462,0.0136458313659,0,0
3500,0.0141253754462,0.0151356124844,0.0146217717446,0,0
3500,0.0151356124844,0.0162181009736,0.0156675107011,0,0
3500,0.0162181009736,0.0173780082875,0.0167880401812,0,0
3500,0.0173780082875,0.0186208713666,0.0179887091513,0,0
3500,0.0186208713666,0.0199526231497,0.0192752491319,0,0
3500,0.0199526231497,0.021379620895,0.0206538015581,0,0
3500,0.021379620895,0.0229086765277,0.0221309470961,0,0
3500,0.0229086765277,0.0245470891569,0.0237137370566,0,0
3500,0.0245470891569,0.026302679919,0.0254097270555,0,0
3500,0.026302679919,0.0281838293126,0.0272270130808,0,0
3500,0.0281838293126,0.030199517204,0.02917427014,0,0
3500,0.030199517204,0.032359365693,0.0312607936712,0,0
3500,0.032359365693,0.0346736850453,0.0334965439158,0,0
3500,0.0346736850453,0.0371535229097,0.0358921934645,0,0
3500,0.0371535229097,0.0398107170553,0.0384591782045,0,0
3500,0.0398107170553,0.0426579518802,0.0412097519097,0,0
3500,0.0426579518802,0.0457088189615,0.0441570447353,0,0
3500,0.0457088189615,0.0489778819368,0.0473151258961,0,0
3500,0.0489778819368,0.052480746025,0.0506990708275,0,0
3500,0.052480746025,0.056234132519,0.0543250331492,0,0
3500,0.056234132519,0.0602559586074,0.0582103217771,0,0
3500,0.0602559586074,0.0645654229035,0.0623734835482,0,0
3500,0.0645654229035,0.0691830970919,0.0668343917569,0,0
3500,0.0691830970919,0.0741310241301,0.0716143410213,0,0
3500,0.0741310241301,0.0794328234724,0.0767361489362,0,0
3500,0.0794328234724,0.0851138038202,0.0822242649947,0,0
3500,0.0851138038202,0.0912010839356,0.0881048873008,0,0
3500,0.0912010839356,0.0977237220956,0.0944060876286,0,0
3500,0.0977237220956,0.104712854805,0.101157945426,0,0
3500,0.104712854805,0.11220184543,0.108392691402,0,0
3500,0.11220184543,0.120226443462,0.116144861384,0,0
3500,0.120226443462,0.128824955169,0.124451461177,0,0
3500,0.128824955169,0.13803842646,0.133352143216,0,0
3500,0.13803842646,0.147910838817,0.142889395851,0,0
3500,0.147910838817,0.158489319246,0.153108746168,0,0
3500,0.158489319246,0.169824365246,0.16405897732,0.00251846886659,0.99994999875
3500,0.169824365246,0.181970085861,0.175792361396,0,0
3500,0.181970085861,0.194984459976,0.188364908949,0,0
3500,0.194984459976,0.208929613085,0.201836636368,0,0
3500,0.208929613085,0.223872113857,0.216271852373,0,0
3500,0.223872113857,0.239883291902,0.231739464997,0,0
3500,0.239883291902,0.257039578277,0.24831331053,0,0
3500,0.257039578277,0.275422870334,0.26607250598,0,0
3500,0.275422870334,0.295120922667,0.28510182675,0,0
3500,0.295120922667,0.316227766017,0.305492111322,0,0
3500,0.316227766017,0.338844156139,0.327340694879,0,0
3500,0.338844156139,0.36307805477,0.350751873953,0,0
3500,0.36307805477,0.389045144994,0.375837404288,0,0
3500,0.389045144994,0.41686938347,0.402717034325,0.00236425091125,0.99994999875
3500,0.41686938347,0.446683592151,0.431519076828,0,0
3500,0.446683592151,0.478630092323,0.462381021399,0,0
3500,0.478630092323,0.512861383991,0.495450190805,0.00742440334261,0.99994999875
3500,0.512861383991,0.549540873858,0.530884444231,0,0
3500,0.549540873858,0.588843655356,0.568852930844,0,0
3500,0.588843655356,0.63095734448,0.60953689724,0,0
3500,0.63095734448,0.676082975392,0.653130552647,0,0
3500,0.676082975392,0.724435960075,0.699841996002,0,0
3500,0.724435960075,0.776247116629,0.749894209332,0,0
3500,0.776247116629,0.831763771103,0.803526122186,0,0
3500,0.831763771103,0.891250938134,0.860993752185,0,0
3500,0.891250938134,0.954992586021,0.922571427155,0,0
3500,0.954992586021,1.02329299228,0.988553094657,0,0
3500,1.02329299228,1.09647819614,1.05925372518,0.00443300276689,0.99994999875
3500,1.09647819614,1.17489755494,1.13501081567,0,0
3500,1.17489755494,1.25892541179,1.21618600065,0,0
3500,1.25892541179,1.34896288259,1.30316677845,0,0
3500,1.34896288259,1.44543977075,1.39636836106,0,0
3500,1.44543977075,1.54881661891,1.49623565609,0,0
3500,1.54881661891,1.65958690744,1.60324539069,0,0
3500,1.65958690744,1.77827941004,1.71790838716,0,0
3500,1.77827941004,1.90546071796,1.84077200147,0,0
3500,1.90546071796,2.04173794467,1.97242273611,0,0
3500,2.04173794467,2.18776162395,2.11348903984,0,0
3500,2.18776162395,2.34422881532,2.26464430759,0,0
3500,2.34422881532,2.51188643151,2.42661009508,0,0
3500,2.51188643151,2.69153480393,2.60015956317,0,0
3500,2.69153480393,2.88403150313,2.78612116863,0,0
3500,2.88403150313,3.09029543251,2.98538261892,0,0
3500,3.09029543251,3.31131121483,3.19889510969,0,0
3500,3.31131121483,3.54813389234,3.42767786546,0,0
3500,3.54813389234,3.80189396321,3.67282300498,0,0
3500,3.80189396321,4.07380277804,3.93550075456,0,0
3500,4.07380277804,4.3651583224,4.21696503429,0,0
3500,4.3651583224,4.67735141287,4.51855944375,0,0
3500,4.67735141287,5.01187233627,4.84172367584,0,0
3500,5.01187233627,5.3703179637,5.18800038929,0.00162842342263,0.99994999875
3500,5.3703179637,5.75439937337,5.5590425727,0,0
3500,5.75439937337,6.16595001861,5.95662143529,0,0
3500,6.16595001861,6.60693448008,6.38263486191,0,0
3500,6.60693448008,7.07945784384,6.83911647281,0,0
3500,7.07945784384,7.58577575029,7.32824533139,0,0
3500,7.58577575029,8.12830516164,7.8523563461,0,0
3500,8.12830516164,8.70963589956,8.41395141645,0,0
3500,8.70963589956,9.33254300797,9.01571137606,0,0
3500,9.33254300797,10,9.6605087899,0.00432268092309,0.99994999875
3600,0.01,0.0107151930524,0.0103514216668,0,0
3600,0.0107151930524,0.011481536215,0.0110917481526,0,0
3600,0.011481536215,0.0123026877081,0.0118850222744,0,0
3600,0.0123026877081,0.0131825673856,0.0127350308102,0,0
3600,0.0131825673856,0.0141253754462,0.0136458313659,0,0
3600,0.0141253754462,0.0151356124844,0.0146217717446,0,0
3600,0.0151356124844,0.0162181009736,0.0156675107011,0,0
3600,0.0162181009736,0.0173780082875,0.0167880401812,0,0
3600,0.0173780082875,0.0186208713666,0.0179887091513,0,0
3600,0.0186208713666,0.0199526231497,0.0192752491319,0,0
3600,0.0199526231497,0.021379620895,0.0206538015581,0,0
3600,0.021379620895,0.0229086765277,0.0221309470961,0,0
3600,0.0229086765277,0.0245470891569,0.0237137370566,0,0
3600,0.0245470891569,0.026302679919,0.0254097270555,0,0
3600,0.026302679919,0.0281838293126,0.0272270130808,0,0
3600,0.0281838293126,0.030199517204,0.02917427014,0,0
3600,0.030199517204,0.032359365693,0.0312607936712,0,0
3600,0.032359365693,0.0346736850453,0.0334965439158,0,0
3600,0.0346736850453,0.0371535229097,0.0358921934645,0,0
3600,0.0371535229097,0.0398107170553,0.0384591782045,0,0
3600,0.0398107170553,0.0426579518802,0.0412097519097,0,0
3600,0.0426579518802,0.0457088189615,0.0441570447353,0,0
3600,0.0457088189615,0.0489778819368,0.0473151258961,0,0
3600,0.0489778819368,0.052480746025,0.0506990708275,0,0
3600,0.052480746025,0.056234132519,0.0543250331492,0,0
3600,0.056234132519,0.0602559586074,0.0582103217771,0,0
3600,0.0602559586074,0.0645654229035,0.0623734835482,0,0
3600,0.0645654229035,0.0691830970919,0.0668343917569,0,0
3600,0.0691830970919,0.0741310241301,0.0716143410213,0,0
3600,0.0741310241301,0.0794328234724,0.0767361489362,0,0
3600,0.0794328234724,0.0851138038202,0.0822242649947,0,0
3600,0.0851138038202,0.0912010839356,0.0881048873008,0,0
3600,0.0912010839356,0.0977237220956,0.0944060876286,0,0
3600,0.0977237220956,0.104712854805,0.101157945426,0,0
3600,0.104712854805,0.11220184543,0.108392691402,0,0
3600,0.11220184543,0.120226443462,0.116144861384,0,0
3600,0.120226443462,0.128824955169,0.124451461177,0,0
3600,0.128824955169,0.13803842646,0.133352143216,0,0
3600,0.13803842646,0.147910838817,0.142889395851,0,0
3600,0.147910838817,0.158489319246,0.153108746168,0,0
3600,0.158489319246,0.169824365246,0.16405897732,0,0
3600,0.169824365246,0.181970085861,0.175792361396,0,0
3600,0.181970085861,0.194984459976,0.188364908949,0,0
3600,0.194984459976,0.208929613085,0.201836636368,0,0
3600,0.208929613085,0.223872113857,0.216271852373,0,0
3600,0.223872113857,0.239883291902,0.231739464997,0,0
3600,0.239883291902,0.257039578277,0.24831331053,0,0
3600,0.257039578277,0.275422870334,0.26607250598,0,0
3600,0.275422870334,0.295120922667,0.28510182675,0,0
3600,0.295120922667,0.316227766017,0.305492111322,0,0
3600,0.316227766017,0.338844156139,0.327340694879,0,0
3600,0.338844156139,0.36307805477,0.350751873953,0,0
3600,0.36307805477,0.389045144994,0.375837404288,0,0
3600,0.389045144994,0.41686938347,0.402717034325,0,0
3600,0.41686938347,0.446683592151,0.431519076828,0,0
3600,0.446683592151,0.478630092323,0.462381021399,0,0
3600,0.478630092323,0.512861383991,0.495450190805,0,0
3600,0.512861383991,0.549540873858,0.530884444231,0,0
3600,0.549540873858,0.588843655356,0.568852930844,0,0
3600,0.588843655356,0.63095734448,0.60953689724,0,0
3600,0.63095734448,0.676082975392,0.653130552647,0,0
3600,0.676082975392,0.724435960075,0.699841996002,0,0
3600,0.724435960075,0.776247116629,0.749894209332,0,0
3600,0.776247116629,0.831763771103,0.803526122186,0,0
3600,0.831763771103,0.891250938134,0.860993752185,0,0
3600,0.891250938134,0.954992586021,0.922571427155,0,0
3600,0.954992586021,1.02329299228,0.988553094657,0,0
3600,1.02329299228,1.09647819614,1.05925372518,0,0
3600,1.09647819614,1.17489755494,1.13501081567,0,0
3600,1.17489755494,1.25892541179,1.21618600065,0,0
3600,1.25892541179,1.34896288259,1.30316677845,0,0
3600,1.34896288259,1.44543977075,1.39636836106,0,0
3600,1.44543977075,1.54881661891,1.49623565609,0,0
3600,1.54881661891,1.65958690744,1.60324539069,0,0
3600,1.65958690744,1.77827941004,1.71790838716,0,0
3600,1.77827941004,1.90546071796,1.84077200147,0,0
3600,1.90546071796,2.04173794467,1.97242273611,0,0
3600,2.04173794467,2.18776162395,2.11348903984,0,0
3600,2.18776162395,2.34422881532,2.26464430759,0,0
3600,2.34422881532,2.51188643151,2.42661009508,0,0
3600,2.51188643151,2.69153480393,2.60015956317,0,0
3600,2.69153480393,2.88403150313,2.78612116863,0,0
3600,2.88403150313,3.09029543251,2.98538261892,0,0
3600,3.09029543251,3.31131121483,3.19889510969,0,0
3600,3.31131121483,3.54813389234,3.42767786546,0,0
3600,3.54813389234,3.80189396321,3.67282300498,0,0
3600,3.80189396321,4.07380277804,3.93550075456,0,0
3600,4.07380277804,4.3651583224,4.21696503429,0,0
3600,4.3651583224,4.67735141287,4.51855944375,0,0
3600,4.67735141287,5.01187233627,4.84172367584,0,0
3600,5.01187233627,5.3703179637,5.18800038929,0,0
3600,5.3703179637,5.75439937337,5.5590425727,0,0
3600,5.75439937337,6.16595001861,5.95662143529,0,0
3600,6.16595001861,6.60693448008,6.38263486191,0,0
3600,6.60693448008,7.07945784384,6.83911647281,0,0
3600,7.07945784384,7.58577575029,7.32824533139,0,0
3600,7.58577575029,8.12830516164,7.8523563461,0,0
3600,8.12830516164,8.70963589956,8.41395141645,0,0
3600,8.70963589956,9.33254300797,9.01571137606,0,0
3600,9.33254300797,10,9.6605087899,0,0
3800,0.01,0.0107151930524,0.0103514216668,0,0
3800,0.0107151930524,0.011481536215,0.0110917481526,0,0
3800,0.011481536215,0.0123026877081,0.0118850222744,0,0
3800,0.0123026877081,0.0131825673856,0.0127350308102,0,0
3800,0.0131825673856,0.0141253754462,0.0136458313659,0,0
3800,0.0141253754462,0.0151356124844,0.0146217717446,0,0
3800,0.0151356124844,0.0162181009736,0.0156675107011,0,0
3800,0.0162181009736,0.0173780082875,0.0167880401812,0,0
3800,0.0173780082875,0.0186208713666,0.0179887091513,0,0
3800,0.0186208713666,0.0199526231497,0.0192752491319,0,0
3800,0.0199526231497,0.021379620895,0.0206538015581,0,0
3800,0.021379620895,0.0229086765277,0.0221309470961,0,0
3800,0.0229086765277,0.0245470891569,0.0237137370566,0,0
3800,0.0245470891569,0.026302679919,0.0254097270555,0,0
3800,0.026302679919,0.0281838293126,0.0272270130808,0,0
3800,0.0281838293126,0.030199517204,0.02917427014,0,0
3800,0.030199517204,0.032359365693,0.0312607936712,0,0
3800,0.032359365693,0.0346736850453,0.0334965439158,0,0
3800,0.0346736850453,0.0371535229097,0.0358921934645,0,0
3800,0.0371535229097,0.0398107170553,0.0384591782045,0,0
3800,0.0398107170553,0.0426579518802,0.0412097519097,0,0
3800,0.0426579518802,0.0457088189615,0.0441570447353,0,0
3800,0.0457088189615,0.0489778819368,0.0473151258961,0,0
3800,0.0489778819368,0.052480746025,0.0506990708275,0,0
3800,0.052480746025,0.056234132519,0.0543250331492,0,0
3800,0.056234132519,0.0602559586074,0.0582103217771,0,0
3800,0.0602559586074,0.0645654229035,0.0623734835482,0,0
3800,0.0645654229035,0.0691830970919,0.0668343917569,0,0
3800,0.0691830970919,0.0741310241301,0.0716143410213,0,0
3800,0.0741310241301,0.0794328234724,0.0767361489362,0,0
3800,0.0794328234724,0.0851138038202,0.0822242649947,0,0
3800,0.0851138038202,0.0912010839356,0.0881048873008,0,0
3800,0.0912010839356,0.0977237220956,0.0944060876286,0,0
3800,0.0977237220956,0.104712854805,0.101157945426,0,0
3800,0.104712854805,0.11220184543,0.108392691402,0,0
3800,0.11220184543,0.120226443462,0.116144861384,0,0
3800,0.120226443462,0.128824955169,0.124451461177,0,0
3800,0.128824955169,0.13803842646,0.133352143216,0,0
3800,0.13803842646,0.147910838817,0.142889395851,0,0
3800,0.147910838817,0.158489319246,0.153108746168,0,0
3800,0.158489319246,0.169824365246,0.16405897732,0,0
3800,0.169824365246,0.181970085861,0.175792361396,0,0
3800,0.181970085861,0.194984459976,0.188364908949,0,0
3800,0.194984459976,0.208929613085,0.201836636368,0,0
3800,0.208929613085,0.223872113857,0.216271852373,0,0
3800,0.223872113857,0.239883291902,0.231739464997,0,0
3800,0.239883291902,0.257039578277,0.24831331053,0,0
3800,0.257039578277,0.275422870334,0.26607250598,0,0
3800,0.275422870334,0.295120922667,0.28510182675,0,0
3800,0.295120922667,0.316227766017,0.305492111322,0,0
3800,0.316227766017,0.338844156139,0.327340694879,0,0
3800,0.338844156139,0.36307805477,0.350751873953,0,0
3800,0.36307805477,0.389045144994,0.375837404288,0,0
3800,0.389045144994,0.41686938347,0.402717034325,0,0
3800,0.41686938347,0.446683592151,0.431519076828,0,0
3800,0.446683592151,0.478630092323,0.462381021399,0,0
3800,0.478630092323,0.512861383991,0.495450190805,0,0
3800,0.512861383991,0.549540873858,0.530884444231,0,0
3800,0.549540873858,0.588843655356,0.568852930844,0,0
3800,0.588843655356,0.63095734448,0.60953689724,0,0
3800,0.63095734448,0.676082975392,0.653130552647,0,0
3800,0.676082975392,0.724435960075,0.699841996002,0,0
3800,0.724435960075,0.776247116629,0.749894209332,0,0
3800,0.776247116629,0.831763771103,0.803526122186,0,0
3800,0.831763771103,0.891250938134,0.860993752185,0,0
3800,0.891250938134,0.954992586021,0.922571427155,0,0
3800,0.954992586021,1.02329299228,0.988553094657,0,0
3800,1.02329299228,1.09647819614,1.05925372518,0,0
3800,1.09647819614,1.17489755494,1.13501081567,0,0
3800,1.17489755494,1.25892541179,1.21618600065,0,0
3800,1.25892541179,1.34896288259,1.30316677845,0,0
3800,1.34896288259,1.44543977075,1.39636836106,0,0
3800,1.44543977075,1.54881661891,1.49623565609,0,0
3800,1.54881661891,1.65958690744,1.60324539069,0,0
3800,1.65958690744,1.77827941004,1.71790838716,0,0
3800,1.77827941004,1.90546071796,1.84077200147,0,0
3800,1.90546071796,2.04173794467,1.97242273611,0,0
3800,2.04173794467,2.18776162395,2.11348903984,0,0
3800,2.18776162395,2.34422881532,2.26464430759,0,0
3800,2.34422881532,2.51188643151,2.42661009508,0,0
3800,2.51188643151,2.69153480393,2.60015956317,0,0
3800,2.69153480393,2.88403150313,2.78612116863,0,0
3800,2.88403150313,3.09029543251,2.98538261892,0,0
3800,3.09029543251,3.31131121483,3.19889510969,0,0
3800,3.31131121483,3.54813389234,3.42767786546,0,0
3800,3.54813389234,3.80189396321,3.67282300498,0,0
3800,3.80189396321,4.07380277804,3.93550075456,0,0
3800,4.07380277804,4.3651583224,4.21696503429,0,0
3800,4.3651583224,4.67735141287,4.51855944375,0,0
3800,4.67735141287,5.01187233627,4.84172367584,0,0
3800,5.01187233627,5.3703179637,5.18800038929,0,0
3800,5.3703179637,5.75439937337,5.5590425727,0,0
3800,5.75439937337,6.16595001861,5.95662143529,0,0
3800,6.16595001861,6.60693448008,6.38263486191,0,0
3800,6.60693448008,7.07945784384,6.83911647281,0,0
3800,7.07945784384,7.58577575029,7.32824533139,0,0
3800,7.58577575029,8.12830516164,7.8523563461,0,0
3800,8.12830516164,8.70963589956,8.41395141645,0,0
3800,8.70963589956,9.33254300797,9.01571137606,0,0
3800,9.33254300797,10,9.6605087899,0,0
4000,0.01,0.0107151930524,0.0103514216668,0,0
4000,0.0107151930524,0.011481536215,0.0110917481526,0,0
4000,0.011481536215,0.0123026877081,0.0118850222744,0,0
4000,0.0123026877081,0.0131825673856,0.0127350308102,0,0
4000,0.0131825673856,0.0141253754462,0.0136458313659,0,0
4000,0.0141253754462,0.0151356124844,0.0146217717446,0,0
4000,0.0151356124844,0.0162181009736,0.0156675107011,0,0
4000,0.0162181009736,0.0173780082875,0.0167880401812,0,0
4000,0.0173780082875,0.0186208713666,0.0179887091513,0,0
4000,0.0186208713666,0.0199526231497,0.0192752491319,0,0
4000,0.0199526231497,0.021379620895,0.0206538015581,0,0
4000,0.021379620895,0.0229086765277,0.0221309470961,0,0
4000,0.0229086765277,0.0245470891569,0.0237137370566,0,0
4000,0.0245470891569,0.026302679919,0.0254097270555,0,0
4000,0.026302679919,0.0281838293126,0.0272270130808,0,0
4000,0.0281838293126,0.030199517204,0.02917427014,0,0
4000,0.030199517204,0.032359365693,0.0312607936712,0,0
4000,0.032359365693,0.0346736850453,0.0334965439158,0.0119237523243,0.99994999875
4000,0.0346736850453,0.0371535229097,0.0358921934645,0,0
4000,0.0371535229097,0.0398107170553,0.0384591782045,0,0
4000,0.0398107170553,0.0426579518802,0.0412097519097,0,0
4000,0.0426579518802,0.0457088189615,0.0441570447353,0.0602950966818,0.99994999875
4000,0.0457088189615,0.0489778819368,0.0473151258961,0,0
4000,0.0489778819368,0.052480746025,0.0506990708275,0.0451858425639,0.99994999875
4000,0.052480746025,0.056234132519,0.0543250331492,0.0274663695476,0.99994999875
4000,0.056234132519,0.0602559586074,0.0582103217771,0.0869472683538,0.99994999875
4000,0.0602559586074,0.0645654229035,0.0623734835482,0,0
4000,0.0645654229035,0.0691830970919,0.0668343917569,0.135342841924,0.774002803653
4000,0.0691830970919,0.0741310241301,0.0716143410213,0.151253366421,0.669447003926
4000,0.0741310241301,0.0794328234724,0.0767361489362,0,0
4000,0.0794328234724,0.0851138038202,0.0822242649947,0,0
4000,0.0851138038202,0.0912010839356,0.0881048873008,0.00816066972236,0.99994999875
4000,0.0912010839356,0.0977237220956,0.0944060876286,0.0599886107234,0.629557856552
4000,0.0977237220956,0.104712854805,0.101157945426,0,0
4000,0.104712854805,0.11220184543,0.108392691402,0.0299071517089,0.99994999875
4000,0.11220184543,0.120226443462,0.116144861384,0.0907459495238,0.709129695779
4000,0.120226443462,0.128824955169,0.124451461177,0,0
4000,0.128824955169,0.13803842646,0.133352143216,0.064972662281,0.713729846307
4000,0.13803842646,0.147910838817,0.142889395851,0.0422174244035,0.838876224503
4000,0.147910838817,0.158489319246,0.153108746168,0.0330866666478,0.99994999875
4000,0.158489319246,0.169824365246,0.16405897732,0.0144269893102,0.99994999875
4000,0.169824365246,0.181970085861,0.175792361396,0,0
4000,0.181970085861,0.194984459976,0.188364908949,0,0
4000,0.194984459976,0.208929613085,0.201836636368,0,0
4000,0.208929613085,0.223872113857,0.216271852373,0,0
4000,0.223872113857,0.239883291902,0.231739464997,0.0556112683363,0.72651191679
4000,0.239883291902,0.257039578277,0.24831331053,0.0165295179674,0.99994999875
4000,0.257039578277,0.275422870334,0.26607250598,0.0266613586596,0.99994999875
4000,0.275422870334,0.295120922667,0.28510182675,0.0434662550283,0.725505150811
4000,0.295120922667,0.316227766017,0.305492111322,0.0435998753584,0.887468164223
4000,0.316227766017,0.338844156139,0.327340694879,0.123498267295,0.656204403732
4000,0.338844156139,0.36307805477,0.350751873953,0.0312555945228,0.99994999875
4000,0.36307805477,0.389045144994,0.375837404288,0.0724229937036,0.99994999875
4000,0.389045144994,0.41686938347,0.402717034325,0.212187114439,0.640654933493
4000,0.41686938347,0.446683592151,0.431519076828,0,0
4000,0.446683592151,0.478630092323,0.462381021399,0.0283871110411,0.837521147806
4000,0.478630092323,0.512861383991,0.495450190805,0.452816405925,0.325509309247
4000,0.512861383991,0.549540873858,0.530884444231,0.0264068198463,0.99994999875
4000,0.549540873858,0.588843655356,0.568852930844,0,0
4000,0.588843655356,0.63095734448,0.60953689724,0.0173838431678,0.753180093195
4000,0.63095734448,0.676082975392,0.653130552647,0,0
4000,0.676082975392,0.724435960075,0.699841996002,0.0305762285373,0.99994999875
4000,0.724435960075,0.776247116629,0.749894209332,0.0482691395791,0.741240180643
4000,0.776247116629,0.831763771103,0.803526122186,0,0
4000,0.831763771103,0.891250938134,0.860993752185,0,0
4000,0.891250938134,0.954992586021,0.922571427155,0.0164147784303,0.99994999875
4000,0.954992586021,1.02329299228,0.988553094657,0,0
4000,1.02329299228,1.09647819614,1.05925372518,0,0
4000,1.09647819614,1.17489755494,1.13501081567,0,0
4000,1.17489755494,1.25892541179,1.21618600065,0.0263617192274,0.99994999875
4000,1.25892541179,1.34896288259,1.30316677845,0,0
4000,1.34896288259,1.44543977075,1.39636836106,0.19049162755,0.99994999875
4000,1.44543977075,1.54881661891,1.49623565609,0,0
4000,1.54881661891,1.65958690744,1.60324539069,0,0
4000,1.65958690744,1.77827941004,1.71790838716,0.122810782837,0.660544294822
4000,1.77827941004,1.90546071796,1.84077200147,0,0
4000,1.90546071796,2.04173794467,1.97242273611,0,0
4000,2.04173794467,2.18776162395,2.11348903984,0.0256766877145,0.99994999875
4000,2.18776162395,2.34422881532,2.26464430759,0,0
4000,2.34422881532,2.51188643151,2.42661009508,0,0
4000,2.51188643151,2.69153480393,2.60015956317,0,0
4000,2.69153480393,2.88403150313,2.78612116863,0,0
4000,2.88403150313,3.09029543251,2.98538261892,0,0
4000,3.09029543251,3.31131121483,3.19889510969,0.0745364411207,0.699399643589
4000,3.31131121483,3.54813389234,3.42767786546,0,0
4000,3.54813389234,3.80189396321,3.67282300498,0,0
4000,3.80189396321,4.07380277804,3.93550075456,0,0
4000,4.07380277804,4.3651583224,4.21696503429,0,0
4000,4.3651583224,4.67735141287,4.51855944375,0.0159866192065,0.772381806916
4000,4.67735141287,5.01187233627,4.84172367584,0.0204399767354,0.99994999875
4000,5.01187233627,5.3703179637,5.18800038929,0.0177464472718,0.99994999875
4000,5.3703179637,5.75439937337,5.5590425727,0,0
4000,5.75439937337,6.16595001861,5.95662143529,0.0231837678414,0.99994999875
4000,6.16595001861,6.60693448008,6.38263486191,0.0182479516022,0.99994999875
4000,6.60693448008,7.07945784384,6.83911647281,0,0
4000,7.07945784384,7.58577575029,7.32824533139,0.0122139092476,0.99994999875
4000,7.58577575029,8.12830516164,7.8523563461,0.022105335811,0.99994999875
4000,8.12830516164,8.70963589956,8.41395141645,0,0
4000,8.70963589956,9.33254300797,9.01571137606,0,0
4000,9.33254300797,10,9.6605087899,5.46170566624,0.107769177009
4200,0.01,0.0107151930524,0.0103514216668,0,0
4200,0.0107151930524,0.011481536215,0.0110917481526,0,0
4200,0.011481536215,0.0123026877081,0.0118850222744,0,0
4200,0.0123026877081,0.0131825673856,0.0127350308102,0,0
4200,0.0131825673856,0.0141253754462,0.0136458313659,0,0
4200,0.0141253754462,0.0151356124844,0.0146217717446,0,0
4200,0.0151356124844,0.0162181009736,0.0156675107011,0,0
4200,0.0162181009736,0.0173780082875,0.0167880401812,0,0
4200,0.0173780082875,0.0186208713666,0.0179887091513,0,0
4200,0.0186208713666,0.0199526231497,0.0192752491319,0,0
4200,0.0199526231497,0.021379620895,0.0206538015581,0,0
4200,0.021379620895,0.0229086765277,0.0221309470961,0,0
4200,0.0229086765277,0.0245470891569,0.0237137370566,0.00460526435315,0.99994999875
4200,0.0245470891569,0.026302679919,0.0254097270555,0,0
4200,0.026302679919,0.0281838293126,0.0272270130808,0,0
4200,0.0281838293126,0.030199517204,0.02917427014,0,0
4200,0.030199517204,0.032359365693,0.0312607936712,0,0
4200,0.032359365693,0.0346736850453,0.0334965439158,0,0
4200,0.0346736850453,0.0371535229097,0.0358921934645,0,0
4200,0.0371535229097,0.0398107170553,0.0384591782045,0,0
4200,0.0398107170553,0.0426579518802,0.0412097519097,0,0
4200,0.0426579518802,0.0457088189615,0.0441570447353,0,0
4200,0.0457088189615,0.0489778819368,0.0473151258961,0,0
4200,0.0489778819368,0.052480746025,0.0506990708275,0,0
4200,0.052480746025,0.056234132519,0.0543250331492,0,0
4200,0.056234132519,0.0602559586074,0.0582103217771,0.00599803070513,0.99994999875
4200,0.0602559586074,0.0645654229035,0.0623734835482,0.00580499094408,0.99994999875
4200,0.0645654229035,0.0691830970919,0.0668343917569,0,0
4200,0.0691830970919,0.0741310241301,0.0716143410213,0.00188769505139,0.99994999875
4200,0.0741310241301,0.0794328234724,0.0767361489362,0.0027168805442,0.99994999875
4200,0.0794328234724,0.0851138038202,0.0822242649947,0,0
4200,0.0851138038202,0.0912010839356,0.0881048873008,0,0
4200,0.0912010839356,0.0977237220956,0.0944060876286,0,0
4200,0.0977237220956,0.104712854805,0.101157945426,0,0
4200,0.104712854805,0.11220184543,0.108392691402,0.00329232119344,0.99994999875
4200,0.11220184543,0.120226443462,0.116144861384,0.00579508019493,0.99994999875
4200,0.120226443462,0.128824955169,0.124451461177,0,0
4200,0.128824955169,0.13803842646,0.133352143216,0,0
4200,0.13803842646,0.147910838817,0.142889395851,0.0112705044529,0.99994999875
4200,0.147910838817,0.158489319246,0.153108746168,0.00505130929266,0.99994999875
4200,0.158489319246,0.169824365246,0.16405897732,0.0395837254665,0.99994999875
4200,0.169824365246,0.181970085861,0.175792361396,0.0016572616708,0.99994999875
4200,0.181970085861,0.194984459976,0.188364908949,0,0
4200,0.194984459976,0.208929613085,0.201836636368,0,0
4200,0.208929613085,0.223872113857,0.216271852373,0,0
4200,0.223872113857,0.239883291902,0.231739464997,0,0
4200,0.239883291902,0.257039578277,0.24831331053,0.0083139711387,0.99994999875
4200,0.257039578277,0.275422870334,0.26607250598,0,0
4200,0.275422870334,0.295120922667,0.28510182675,0.0054647256976,0.99994999875
4200,0.295120922667,0.316227766017,0.305492111322,0,0
4200,0.316227766017,0.338844156139,0.327340694879,0,0
4200,0.338844156139,0.36307805477,0.350751873953,0,0
4200,0.36307805477,0.389045144994,0.375837404288,0,0
4200,0.389045144994,0.41686938347,0.402717034325,0,0
4200,0.41686938347,0.446683592151,0.431519076828,0,0
4200,0.446683592151,0.478630092323,0.462381021399,0,0
4200,0.478630092323,0.512861383991,0.495450190805,0,0
4200,0.512861383991,0.549540873858,0.530884444231,0,0
4200,0.549540873858,0.588843655356,0.568852930844,0,0
4200,0.588843655356,0.63095734448,0.60953689724,0,0
4200,0.63095734448,0.676082975392,0.653130552647,0,0
4200,0.676082975392,0.724435960075,0.699841996002,0,0
4200,0.724435960075,0.776247116629,0.749894209332,0,0
4200,0.776247116629,0.831763771103,0.803526122186,0.00265045662951,0.99994999875
4200,0.831763771103,0.891250938134,0.860993752185,0,0
4200,0.891250938134,0.954992586021,0.922571427155,0,0
4200,0.954992586021,1.02329299228,0.988553094657,0,0
4200,1.02329299228,1.09647819614,1.05925372518,0.0168117444639,0.99994999875
4200,1.09647819614,1.17489755494,1.13501081567,0,0
4200,1.17489755494,1.25892541179,1.21618600065,0,0
4200,1.25892541179,1.34896288259,1.30316677845,0,0
4200,1.34896288259,1.44543977075,1.39636836106,0,0
4200,1.44543977075,1.54881661891,1.49623565609,0,0
4200,1.54881661891,1.65958690744,1.60324539069,0,0
4200,1.65958690744,1.77827941004,1.71790838716,0,0
4200,1.77827941004,1.90546071796,1.84077200147,0,0
4200,1.90546071796,2.04173794467,1.97242273611,0,0
4200,2.04173794467,2.18776162395,2.11348903984,0,0
4200,2.18776162395,2.34422881532,2.26464430759,0,0
4200,2.34422881532,2.51188643151,2.42661009508,0,0
4200,2.51188643151,2.69153480393,2.60015956317,0,0
4200,2.69153480393,2.88403150313,2.78612116863,0,0
4200,2.88403150313,3.09029543251,2.98538261892,0,0
4200,3.09029543251,3.31131121483,3.19889510969,0,0
4200,3.31131121483,3.54813389234,3.42767786546,0,0
4200,3.54813389234,3.80189396321,3.67282300498,0,0
4200,3.80189396321,4.07380277804,3.93550075456,0,0
4200,4.07380277804,4.3651583224,4.21696503429,0,0
4200,4.3651583224,4.67735141287,4.51855944375,0,0
4200,4.67735141287,5.01187233627,4.84172367584,0,0
4200,5.01187233627,5.3703179637,5.18800038929,0,0
4200,5.3703179637,5.75439937337,5.5590425727,0,0
4200,5.75439937337,6.16595001861,5.95662143529,0,0
4200,6.16595001861,6.60693448008,6.38263486191,0.0442786050502,0.811379202028
4200,6.60693448008,7.07945784384,6.83911647281,0.00244364279787,0.99994999875
4200,7.07945784384,7.58577575029,7.32824533139,0,0
4200,7.58577575029,8.12830516164,7.8523563461,0,0
4200,8.12830516164,8.70963589956,8.41395141645,0,0
4200,8.70963589956,9.33254300797,9.01571137606,0,0
4200,9.33254300797,10,9.6605087899,0.0661455912236,0.430862837234
4400,0.01,0.0107151930524,0.0103514216668,0,0
4400,0.0107151930524,0.011481536215,0.0110917481526,0,0
4400,0.011481536215,0.0123026877081,0.0118850222744,0,0
4400,0.0123026877081,0.0131825673856,0.0127350308102,0,0
4400,0.0131825673856,0.0141253754462,0.0136458313659,0,0
4400,0.0141253754462,0.0151356124844,0.0146217717446,0,0
4400,0.0151356124844,0.0162181009736,0.0156675107011,0.00104842307278,0.99994999875
4400,0.0162181009736,0.0173780082875,0.0167880401812,0,0
4400,0.0173780082875,0.0186208713666,0.0179887091513,0,0
4400,0.0186208713666,0.0199526231497,0.0192752491319,0.000954881174589,0.99994999875
4400,0.0199526231497,0.021379620895,0.0206538015581,0,0
4400,0.021379620895,0.0229086765277,0.0221309470961,0,0
4400,0.0229086765277,0.0245470891569,0.0237137370566,0,0
4400,0.0245470891569,0.026302679919,0.0254097270555,0,0
4400,0.026302679919,0.0281838293126,0.0272270130808,0,0
4400,0.0281838293126,0.030199517204,0.02917427014,0,0
4400,0.030199517204,0.032359365693,0.0312607936712,0,0
4400,0.032359365693,0.0346736850453,0.0334965439158,0,0
4400,0.0346736850453,0.0371535229097,0.0358921934645,0,0
4400,0.0371535229097,0.0398107170553,0.0384591782045,0,0
4400,0.0398107170553,0.0426579518802,0.0412097519097,0.00259803494915,0.89598657683
4400,0.0426579518802,0.0457088189615,0.0441570447353,0.00925966473671,0.661281387355
4400,0.0457088189615,0.0489778819368,0.0473151258961,0.00635930515049,0.550979943965
4400,0.0489778819368,0.052480746025,0.0506990708275,0.0169242080875,0.878961319288
4400,0.052480746025,0.056234132519,0.0543250331492,0.00266093593604,0.99994999875
4400,0.056234132519,0.0602559586074,0.0582103217771,0.00566210706451,0.568480916073
4400,0.0602559586074,0.0645654229035,0.0623734835482,0.00323769380786,0.743639058855
4400,0.0645654229035,0.0691830970919,0.0668343917569,0.000783107638389,0.815262497127
4400,0.0691830970919,0.0741310241301,0.0716143410213,0.00406328722764,0.862992796835
4400,0.0741310241301,0.0794328234724,0.0767361489362,0.00178249411312,0.753051767788
4400,0.0794328234724,0.0851138038202,0.0822242649947,0.00722656080707,0.58016072295
4400,0.0851138038202,0.0912010839356,0.0881048873008,0.00199625150628,0.99994999875
4400,0.0912010839356,0.0977237220956,0.0944060876286,0.00230002686185,0.99994999875
4400,0.0977237220956,0.104712854805,0.101157945426,0.0145817012815,0.784913710178
4400,0.104712854805,0.11220184543,0.108392691402,0.00410066880647,0.773673710202
4400,0.11220184543,0.120226443462,0.116144861384,0.00393765854573,0.607867250787
4400,0.120226443462,0.128824955169,0.124451461177,0.0133092505246,0.505208653177
4400,0.128824955169,0.13803842646,0.133352143216,0,0
4400,0.13803842646,0.147910838817,0.142889395851,0.00439392198119,0.707941995588
4400,0.147910838817,0.158489319246,0.153108746168,0,0
4400,0.158489319246,0.169824365246,0.16405897732,0.0116504418023,0.65481582353
4400,0.169824365246,0.181970085861,0.175792361396,0.000832597389966,0.99994999875
4400,0.181970085861,0.194984459976,0.188364908949,0.00899458884355,0.711999177327
4400,0.194984459976,0.208929613085,0.201836636368,0.0101124920786,0.549662401383
4400,0.208929613085,0.223872113857,0.216271852373,0.0127078945877,0.592687205258
4400,0.223872113857,0.239883291902,0.231739464997,0.00509587811421,0.713450199786
4400,0.239883291902,0.257039578277,0.24831331053,0.0194468083682,0.603267219086
4400,0.257039578277,0.275422870334,0.26607250598,0,0
4400,0.275422870334,0.295120922667,0.28510182675,0.000961131316223,0.750567146957
4400,0.295120922667,0.316227766017,0.305492111322,0.0110179065552,0.99994999875
4400,0.316227766017,0.338844156139,0.327340694879,0.0221417866812,0.511016109864
4400,0.338844156139,0.36307805477,0.350751873953,0.00456363969124,0.709220745116
4400,0.36307805477,0.389045144994,0.375837404288,0.00230086576248,0.99994999875
4400,0.389045144994,0.41686938347,0.402717034325,0,0
4400,0.41686938347,0.446683592151,0.431519076828,0.011367582294,0.586182031634
4400,0.446683592151,0.478630092323,0.462381021399,0.00638956971965,0.714219079798
4400,0.478630092323,0.512861383991,0.495450190805,0.0541534943662,0.357176955313
4400,0.512861383991,0.549540873858,0.530884444231,0,0
4400,0.549540873858,0.588843655356,0.568852930844,0.00206675577714,0.99994999875
4400,0.588843655356,0.63095734448,0.60953689724,0.00289379827588,0.99994999875
4400,0.63095734448,0.676082975392,0.653130552647,0.000644539862292,0.99994999875
4400,0.676082975392,0.724435960075,0.699841996002,0.0134339259488,0.707042652784
4400,0.724435960075,0.776247116629,0.749894209332,0,0
4400,0.776247116629,0.831763771103,0.803526122186,0,0
4400,0.831763771103,0.891250938134,0.860993752185,0,0
4400,0.891250938134,0.954992586021,0.922571427155,0,0
4400,0.954992586021,1.02329299228,0.988553094657,0,0
4400,1.02329299228,1.09647819614,1.05925372518,0,0
4400,1.09647819614,1.17489755494,1.13501081567,0,0
4400,1.17489755494,1.25892541179,1.21618600065,0,0
4400,1.25892541179,1.34896288259,1.30316677845,0,0
4400,1.34896288259,1.44543977075,1.39636836106,0,0
4400,1.44543977075,1.54881661891,1.49623565609,0.00704337611087,0.99994999875
4400,1.54881661891,1.65958690744,1.60324539069,0,0
4400,1.65958690744,1.77827941004,1.71790838716,0.0124865929253,0.737005006125
4400,1.77827941004,1.90546071796,1.84077200147,0.00103238977386,0.99994999875
4400,1.90546071796,2.04173794467,1.97242273611,0.00648783622489,0.99994999875
4400,2.04173794467,2.18776162395,2.11348903984,0.00597351380129,0.99994999875
4400,2.18776162395,2.34422881532,2.26464430759,0,0
4400,2.34422881532,2.51188643151,2.42661009508,0.0037356553794,0.99994999875
4400,2.51188643151,2.69153480393,2.60015956317,0.00208100918292,0.99994999875
4400,2.69153480393,2.88403150313,2.78612116863,0,0
4400,2.88403150313,3.09029543251,2.98538261892,0.00928113645009,0.904622533564
4400,3.09029543251,3.31131121483,3.19889510969,0.00272833182249,0.99994999875
4400,3.31131121483,3.54813389234,3.42767786546,0,0
4400,3.54813389234,3.80189396321,3.67282300498,0.00213907852319,0.965469182794
4400,3.80189396321,4.07380277804,3.93550075456,0.0279057857921,0.892560149674
4400,4.07380277804,4.3651583224,4.21696503429,0.00563711953834,0.757539954524
4400,4.3651583224,4.67735141287,4.51855944375,0.00694510682114,0.589073467831
4400,4.67735141287,5.01187233627,4.84172367584,0.00563881555891,0.99994999875
4400,5.01187233627,5.3703179637,5.18800038929,0,0
4400,5.3703179637,5.75439937337,5.5590425727,0.0129719026288,0.710771552225
4400,5.75439937337,6.16595001861,5.95662143529,0.0144653438917,0.579801724618
4400,6.16595001861,6.60693448008,6.38263486191,0,0
4400,6.60693448008,7.07945784384,6.83911647281,0,0
4400,7.07945784384,7.58577575029,7.32824533139,0.00345199744618,0.923990504926
4400,7.58577575029,8.12830516164,7.8523563461,0.00847688178744,0.982783844234
4400,8.12830516164,8.70963589956,8.41395141645,0,0
4400,8.70963589956,9.33254300797,9.01571137606,0,0
4400,9.33254300797,10,9.6605087899,0.490590603218,0.122900801367
4600,0.01,0.0107151930524,0.0103514216668,0,0
4600,0.0107151930524,0.011481536215,0.0110917481526,0,0
4600,0.011481536215,0.0123026877081,0.0118850222744,0,0
4600,0.0123026877081,0.0131825673856,0.0127350308102,0,0
4600,0.0131825673856,0.0141253754462,0.0136458313659,0,0
4600,0.0141253754462,0.0151356124844,0.0146217717446,0,0
4600,0.0151356124844,0.0162181009736,0.0156675107011,0,0
4600,0.0162181009736,0.0173780082875,0.0167880401812,0,0
4600,0.0173780082875,0.0186208713666,0.0179887091513,0,0
4600,0.0186208713666,0.0199526231497,0.0192752491319,0,0
4600,0.0199526231497,0.021379620895,0.0206538015581,0,0
4600,0.021379620895,0.0229086765277,0.0221309470961,0,0
4600,0.0229086765277,0.0245470891569,0.0237137370566,0,0
4600,0.0245470891569,0.026302679919,0.0254097270555,0,0
4600,0.026302679919,0.0281838293126,0.0272270130808,0,0
4600,0.0281838293126,0.030199517204,0.02917427014,0,0
4600,0.030199517204,0.032359365693,0.0312607936712,0,0
4600,0.032359365693,0.0346736850453,0.0334965439158,0,0
4600,0.0346736850453,0.0371535229097,0.0358921934645,0,0
4600,0.0371535229097,0.0398107170553,0.0384591782045,0.0118189078281,0.99994999875
4600,0.0398107170553,0.0426579518802,0.0412097519097,0.0105460330007,0.99994999875
4600,0.0426579518802,0.0457088189615,0.0441570447353,0,0
4600,0.0457088189615,0.0489778819368,0.0473151258961,0,0
4600,0.0489778819368,0.052480746025,0.0506990708275,0.0175926865027,0.99994999875
4600,0.052480746025,0.056234132519,0.0543250331492,0.0046534805305,0.99994999875
4600,0.056234132519,0.0602559586074,0.0582103217771,0,0
4600,0.0602559586074,0.0645654229035,0.0623734835482,0,0
4600,0.0645654229035,0.0691830970919,0.0668343917569,0,0
4600,0.0691830970919,0.0741310241301,0.0716143410213,0.0301712445008,0.774115539659
4600,0.0741310241301,0.0794328234724,0.0767361489362,0.00896021394812,0.779021091511
4600,0.0794328234724,0.0851138038202,0.0822242649947,0,0
4600,0.0851138038202,0.0912010839356,0.0881048873008,0.0116044444513,0.99994999875
4600,0.0912010839356,0.0977237220956,0.0944060876286,0.0179459020643,0.99994999875
4600,0.0977237220956,0.104712854805,0.101157945426,0.00621015750191,0.99994999875
4600,0.104712854805,0.11220184543,0.108392691402,0,0
4600,0.11220184543,0.120226443462,0.116144861384,0,0
4600,0.120226443462,0.128824955169,0.124451461177,0.0455835889854,0.745274845948
4600,0.128824955169,0.13803842646,0.133352143216,0.0370638072554,0.550036433463
4600,0.13803842646,0.147910838817,0.142889395851,0.0177432206136,0.760666468075
4600,0.147910838817,0.158489319246,0.153108746168,0,0
4600,0.158489319246,0.169824365246,0.16405897732,0,0
4600,0.169824365246,0.181970085861,0.175792361396,0.0205230939845,0.696228371173
4600,0.181970085861,0.194984459976,0.188364908949,0.051202218686,0.684482229866
4600,0.194984459976,0.208929613085,0.201836636368,0.0107858353306,0.99994999875
4600,0.208929613085,0.223872113857,0.216271852373,0.00304825264853,0.99994999875
4600,0.223872113857,0.239883291902,0.231739464997,0,0
4600,0.239883291902,0.257039578277,0.24831331053,0,0
4600,0.257039578277,0.275422870334,0.26607250598,0.013135541953,0.707698470688
4600,0.275422870334,0.295120922667,0.28510182675,0,0
4600,0.295120922667,0.316227766017,0.305492111322,0.00323544697927,0.99994999875
4600,0.316227766017,0.338844156139,0.327340694879,0.00442990311202,0.99994999875
4600,0.338844156139,0.36307805477,0.350751873953,0.0087165541497,0.99994999875
4600,0.36307805477,0.389045144994,0.375837404288,0,0
4600,0.389045144994,0.41686938347,0.402717034325,0,0
4600,0.41686938347,0.446683592151,0.431519076828,0.0101806579081,0.99994999875
4600,0.446683592151,0.478630092323,0.462381021399,0.0201979579056,0.621426048559
4600,0.478630092323,0.512861383991,0.495450190805,0.0753679084507,0.479853287544
4600,0.512861383991,0.549540873858,0.530884444231,0,0
4600,0.549540873858,0.588843655356,0.568852930844,0.000331090780718,0.99994999875
4600,0.588843655356,0.63095734448,0.60953689724,0.0115415087094,0.99994999875
4600,0.63095734448,0.676082975392,0.653130552647,0,0
4600,0.676082975392,0.724435960075,0.699841996002,0.0141329236378,0.708332652406
4600,0.724435960075,0.776247116629,0.749894209332,0.0133830385565,0.99994999875
4600,0.776247116629,0.831763771103,0.803526122186,0,0
4600,0.831763771103,0.891250938134,0.860993752185,0.0112962691728,0.99994999875
4600,0.891250938134,0.954992586021,0.922571427155,0,0
4600,0.954992586021,1.02329299228,0.988553094657,0.0117751259295,0.99994999875
4600,1.02329299228,1.09647819614,1.05925372518,0,0
4600,1.09647819614,1.17489755494,1.13501081567,0,0
4600,1.17489755494,1.25892541179,1.21618600065,0,0
4600,1.25892541179,1.34896288259,1.30316677845,0,0
4600,1.34896288259,1.44543977075,1.39636836106,0.0167414411793,0.99994999875
4600,1.44543977075,1.54881661891,1.49623565609,0,0
4600,1.54881661891,1.65958690744,1.60324539069,0.00433598467586,0.99994999875
4600,1.65958690744,1.77827941004,1.71790838716,0,0
4600,1.77827941004,1.90546071796,1.84077200147,0,0
4600,1.90546071796,2.04173794467,1.97242273611,0.00384588056645,0.99994999875
4600,2.04173794467,2.18776162395,2.11348903984,0,0
4600,2.18776162395,2.34422881532,2.26464430759,0,0
4600,2.34422881532,2.51188643151,2.42661009508,0,0
4600,2.51188643151,2.69153480393,2.60015956317,0,0
4600,2.69153480393,2.88403150313,2.78612116863,0.0323475488446,0.592322753717
4600,2.88403150313,3.09029543251,2.98538261892,0,0
4600,3.09029543251,3.31131121483,3.19889510969,0,0
4600,3.31131121483,3.54813389234,3.42767786546,0,0
4600,3.54813389234,3.80189396321,3.67282300498,0.00227861114939,0.99994999875
4600,3.80189396321,4.07380277804,3.93550075456,0,0
4600,4.07380277804,4.3651583224,4.21696503429,0,0
4600,4.3651583224,4.67735141287,4.51855944375,0,0
4600,4.67735141287,5.01187233627,4.84172367584,0.0459468128713,0.712176220931
4600,5.01187233627,5.3703179637,5.18800038929,0,0
4600,5.3703179637,5.75439937337,5.5590425727,0,0
4600,5.75439937337,6.16595001861,5.95662143529,0.00609551222907,0.99994999875
4600,6.16595001861,6.60693448008,6.38263486191,0,0
4600,6.60693448008,7.07945784384,6.83911647281,0,0
4600,7.07945784384,7.58577575029,7.32824533139,0,0
4600,7.58577575029,8.12830516164,7.8523563461,0.0126332188258,0.740555361058
4600,8.12830516164,8.70963589956,8.41395141645,0,0
4600,8.70963589956,9.33254300797,9.01571137606,0.011303278503,0.790910380966
4600,9.33254300797,10,9.6605087899,0.987463025086,0.145751252899
4800,0.01,0.0107151930524,0.0103514216668,0,0
4800,0.0107151930524,0.011481536215,0.0110917481526,0,0
4800,0.011481536215,0.0123026877081,0.0118850222744,0,0
4800,0.0123026877081,0.0131825673856,0.0127350308102,0,0
4800,0.0131825673856,0.0141253754462,0.0136458313659,0,0
4800,0.0141253754462,0.0151356124844,0.0146217717446,0,0
4800,0.0151356124844,0.0162181009736,0.0156675107011,0,0
4800,0.0162181009736,0.0173780082875,0.0167880401812,0,0
4800,0.0173780082875,0.0186208713666,0.0179887091513,0,0
4800,0.0186208713666,0.0199526231497,0.0192752491319,0,0
4800,0.0199526231497,0.021379620895,0.0206538015581,0,0
4800,0.021379620895,0.0229086765277,0.0221309470961,0,0
4800,0.0229086765277,0.0245470891569,0.0237137370566,0,0
4800,0.0245470891569,0.026302679919,0.0254097270555,0,0
4800,0.026302679919,0.0281838293126,0.0272270130808,0,0
4800,0.0281838293126,0.030199517204,0.02917427014,0.029448666967,0.99994999875
4800,0.030199517204,0.032359365693,0.0312607936712,0,0
4800,0.032359365693,0.0346736850453,0.0334965439158,0,0
4800,0.0346736850453,0.0371535229097,0.0358921934645,0,0
4800,0.0371535229097,0.0398107170553,0.0384591782045,0,0
4800,0.0398107170553,0.0426579518802,0.0412097519097,0.00774754118366,0.99994999875
4800,0.0426579518802,0.0457088189615,0.0441570447353,0.0139190195619,0.99994999875
4800,0.0457088189615,0.0489778819368,0.0473151258961,0.0173944401761,0.987827808602
4800,0.0489778819368,0.052480746025,0.0506990708275,0.021861674619,0.790525084513
4800,0.052480746025,0.056234132519,0.0543250331492,0.0281343950191,0.99994999875
4800,0.056234132519,0.0602559586074,0.0582103217771,0.00590195921635,0.99994999875
4800,0.0602559586074,0.0645654229035,0.0623734835482,0,0
4800,0.0645654229035,0.0691830970919,0.0668343917569,0.0124545303942,0.716893311961
4800,0.0691830970919,0.0741310241301,0.0716143410213,0.0165731526863,0.90177033418
4800,0.0741310241301,0.0794328234724,0.0767361489362,0.0220821317331,0.99994999875
4800,0.0794328234724,0.0851138038202,0.0822242649947,0,0
4800,0.0851138038202,0.0912010839356,0.0881048873008,0,0
4800,0.0912010839356,0.0977237220956,0.0944060876286,0.00778191401939,0.99994999875
4800,0.0977237220956,0.104712854805,0.101157945426,0.0157572103382,0.721223917654
4800,0.104712854805,0.11220184543,0.108392691402,0.0545715754177,0.723810525515
4800,0.11220184543,0.120226443462,0.116144861384,0.0979881332635,0.680907024925
4800,0.120226443462,0.128824955169,0.124451461177,0,0
4800,0.128824955169,0.13803842646,0.133352143216,0.0583406607523,0.597591918336
4800,0.13803842646,0.147910838817,0.142889395851,0.00584745268933,0.99994999875
4800,0.147910838817,0.158489319246,0.153108746168,0.0304507278933,0.663947947905
4800,0.158489319246,0.169824365246,0.16405897732,0.0788547656956,0.572840818541
4800,0.169824365246,0.181970085861,0.175792361396,0.0354709073907,0.707152702617
4800,0.181970085861,0.194984459976,0.188364908949,0.0312579319798,0.699893272424
4800,0.194984459976,0.208929613085,0.201836636368,0.0856413251769,0.680916798397
4800,0.208929613085,0.223872113857,0.216271852373,0.0155575021162,0.99994999875
4800,0.223872113857,0.239883291902,0.231739464997,0.149769875464,0.461233502159
4800,0.239883291902,0.257039578277,0.24831331053,0.0197390612194,0.99994999875
4800,0.257039578277,0.275422870334,0.26607250598,0.0266982834476,0.714469743195
4800,0.275422870334,0.295120922667,0.28510182675,0.100315116585,0.480410484231
4800,0.295120922667,0.316227766017,0.305492111322,0.0876143767217,0.503690438602
4800,0.316227766017,0.338844156139,0.327340694879,0.0959703015051,0.518606047688
4800,0.338844156139,0.36307805477,0.350751873953,0.0749928696209,0.73113606929
4800,0.36307805477,0.389045144994,0.375837404288,0.0518007692814,0.629484356488
4800,0.389045144994,0.41686938347,0.402717034325,0.133393729483,0.562586860603
4800,0.41686938347,0.446683592151,0.431519076828,0.0521962033756,0.745771575622
4800,0.446683592151,0.478630092323,0.462381021399,0.066795930645,0.715680437234
4800,0.478630092323,0.512861383991,0.495450190805,0.651007672058,0.226831133734
4800,0.512861383991,0.549540873858,0.530884444231,0.0505126006818,0.598553043126
4800,0.549540873858,0.588843655356,0.568852930844,0,0
4800,0.588843655356,0.63095734448,0.60953689724,0.0145409606956,0.757606929545
4800,0.63095734448,0.676082975392,0.653130552647,0,0
4800,0.676082975392,0.724435960075,0.699841996002,0.0184255179906,0.800233832071
4800,0.724435960075,0.776247116629,0.749894209332,0.00882016660183,0.99994999875
4800,0.776247116629,0.831763771103,0.803526122186,0.00787474043279,0.99994999875
4800,0.831763771103,0.891250938134,0.860993752185,0,0
4800,0.891250938134,0.954992586021,0.922571427155,0.117354096797,0.569105439199
4800,0.954992586021,1.02329299228,0.988553094657,0.0458455285466,0.712482142494
4800,1.02329299228,1.09647819614,1.05925372518,0.0116754391019,0.99994999875
4800,1.09647819614,1.17489755494,1.13501081567,0.0154290464603,0.99994999875
4800,1.17489755494,1.25892541179,1.21618600065,0.0452901353321,0.738164260823
4800,1.25892541179,1.34896288259,1.30316677845,0.0148186803195,0.99994999875
4800,1.34896288259,1.44543977075,1.39636836106,0.0133301182143,0.99994999875
4800,1.44543977075,1.54881661891,1.49623565609,0.0107564329248,0.99994999875
4800,1.54881661891,1.65958690744,1.60324539069,0.0146665392244,0.99994999875
4800,1.65958690744,1.77827941004,1.71790838716,0.0314290123058,0.99994999875
4800,1.77827941004,1.90546071796,1.84077200147,0.00559144502989,0.99994999875
4800,1.90546071796,2.04173794467,1.97242273611,0.0239384031708,0.687269727953
4800,2.04173794467,2.18776162395,2.11348903984,0.0223504018157,0.99994999875
4800,2.18776162395,2.34422881532,2.26464430759,0.0043413746663,0.99994999875
4800,2.34422881532,2.51188643151,2.42661009508,0.0475394789655,0.768240662791
4800,2.51188643151,2.69153480393,2.60015956317,0,0
4800,2.69153480393,2.88403150313,2.78612116863,0,0
4800,2.88403150313,3.09029543251,2.98538261892,0,0
4800,3.09029543251,3.31131121483,3.19889510969,0.0241364817767,0.697276880719
4800,3.31131121483,3.54813389234,3.42767786546,0.028354651341,0.752879819727
4800,3.54813389234,3.80189396321,3.67282300498,0.0352420214924,0.99994999875
4800,3.80189396321,4.07380277804,3.93550075456,0.0489581848826,0.741840746657
4800,4.07380277804,4.3651583224,4.21696503429,0.0712939625772,0.670778240179
4800,4.3651583224,4.67735141287,4.51855944375,0.0451998765207,0.927572182944
4800,4.67735141287,5.01187233627,4.84172367584,0,0
4800,5.01187233627,5.3703179637,5.18800038929,0.0696111479082,0.725306552851
4800,5.3703179637,5.75439937337,5.5590425727,0.0144739403078,0.99994999875
4800,5.75439937337,6.16595001861,5.95662143529,0,0
4800,6.16595001861,6.60693448008,6.38263486191,0.0147765569171,0.99994999875
4800,6.60693448008,7.07945784384,6.83911647281,0,0
4800,7.07945784384,7.58577575029,7.32824533139,0,0
4800,7.58577575029,8.12830516164,7.8523563461,0.0431076422676,0.62020176148
4800,8.12830516164,8.70963589956,8.41395141645,0,0
4800,8.70963589956,9.33254300797,9.01571137606,0,0
4800,9.33254300797,10,9.6605087899,5.9339763828,0.0840661328219
5000,0.01,0.0107151930524,0.0103514216668,0.000239567589785,0.99994999875
5000,0.0107151930524,0.011481536215,0.0110917481526,0,0
5000,0.011481536215,0.0123026877081,0.0118850222744,0,0
5000,0.0123026877081,0.0131825673856,0.0127350308102,0,0
5000,0.0131825673856,0.0141253754462,0.0136458313659,0,0
5000,0.0141253754462,0.0151356124844,0.0146217717446,0,0
5000,0.0151356124844,0.0162181009736,0.0156675107011,0,0
5000,0.0162181009736,0.0173780082875,0.0167880401812,0,0
5000,0.0173780082875,0.0186208713666,0.0179887091513,0,0
5000,0.0186208713666,0.0199526231497,0.0192752491319,0,0
5000,0.0199526231497,0.021379620895,0.0206538015581,0,0
5000,0.021379620895,0.0229086765277,0.0221309470961,0,0
5000,0.0229086765277,0.0245470891569,0.0237137370566,0,0
5000,0.0245470891569,0.026302679919,0.0254097270555,0,0
5000,0.026302679919,0.0281838293126,0.0272270130808,0,0
5000,0.0281838293126,0.030199517204,0.02917427014,0,0
5000,0.030199517204,0.032359365693,0.0312607936712,0,0
5000,0.032359365693,0.0346736850453,0.0334965439158,0.00189423845209,0.99994999875
5000,0.0346736850453,0.0371535229097,0.0358921934645,0.000104311176002,0.99994999875
5000,0.0371535229097,0.0398107170553,0.0384591782045,0,0
5000,0.0398107170553,0.0426579518802,0.0412097519097,0.00400710029919,0.99994999875
5000,0.0426579518802,0.0457088189615,0.0441570447353,0.00652946163571,0.759362014738
5000,0.0457088189615,0.0489778819368,0.0473151258961,0,0
5000,0.0489778819368,0.052480746025,0.0506990708275,0.0235057486853,0.594709330355
5000,0.052480746025,0.056234132519,0.0543250331492,0.0142371897454,0.770514684409
5000,0.056234132519,0.0602559586074,0.0582103217771,0,0
5000,0.0602559586074,0.0645654229035,0.0623734835482,0.00775548414194,0.72782604066
5000,0.0645654229035,0.0691830970919,0.0668343917569,0.00984310829137,0.861089171097
5000,0.0691830970919,0.0741310241301,0.0716143410213,0.00614383133475,0.892722006468
5000,0.0741310241301,0.0794328234724,0.0767361489362,0.0122619956939,0.829149190014
5000,0.0794328234724,0.0851138038202,0.0822242649947,0.0155226199576,0.635240362172
5000,0.0851138038202,0.0912010839356,0.0881048873008,0.00410957015205,0.796197243316
5000,0.0912010839356,0.0977237220956,0.0944060876286,0.0136097801798,0.832305082887
5000,0.0977237220956,0.104712854805,0.101157945426,0.0235172835295,0.605657096829
5000,0.104712854805,0.11220184543,0.108392691402,0.00987193835092,0.716982819474
5000,0.11220184543,0.120226443462,0.116144861384,0,0
5000,0.120226443462,0.128824955169,0.124451461177,0.00645947171502,0.711232964956
5000,0.128824955169,0.13803842646,0.133352143216,0,0
5000,0.13803842646,0.147910838817,0.142889395851,0.00104838977538,0.99994999875
5000,0.147910838817,0.158489319246,0.153108746168,0.0040387829338,0.99994999875
5000,0.158489319246,0.169824365246,0.16405897732,0.00416998393242,0.99994999875
5000,0.169824365246,0.181970085861,0.175792361396,0.00599328403423,0.765525599323
5000,0.181970085861,0.194984459976,0.188364908949,0.0460174474664,0.541115224126
5000,0.194984459976,0.208929613085,0.201836636368,0.0201267378203,0.561184222271
5000,0.208929613085,0.223872113857,0.216271852373,0.010593683865,0.715341013991
5000,0.223872113857,0.239883291902,0.231739464997,0.012917924152,0.939049996577
5000,0.239883291902,0.257039578277,0.24831331053,0.00218890540817,0.99994999875
5000,0.257039578277,0.275422870334,0.26607250598,0.0130796222154,0.99994999875
5000,0.275422870334,0.295120922667,0.28510182675,0,0
5000,0.295120922667,0.316227766017,0.305492111322,0.0234684429019,0.730564655267
5000,0.316227766017,0.338844156139,0.327340694879,0.00703121244573,0.87353497698
5000,0.338844156139,0.36307805477,0.350751873953,0.00186294441084,0.99994999875
5000,0.36307805477,0.389045144994,0.375837404288,0,0
5000,0.389045144994,0.41686938347,0.402717034325,0.0142288927665,0.99994999875
5000,0.41686938347,0.446683592151,0.431519076828,0.0183300764756,0.595704810751
5000,0.446683592151,0.478630092323,0.462381021399,0,0
5000,0.478630092323,0.512861383991,0.495450190805,0.0566424324292,0.486237913703
5000,0.512861383991,0.549540873858,0.530884444231,0,0
5000,0.549540873858,0.588843655356,0.568852930844,0.00155533082346,0.99994999875
5000,0.588843655356,0.63095734448,0.60953689724,0.0191136762597,0.99994999875
5000,0.63095734448,0.676082975392,0.653130552647,0.00165290173211,0.99994999875
5000,0.676082975392,0.724435960075,0.699841996002,0.0230013404313,0.720259357943
5000,0.724435960075,0.776247116629,0.749894209332,0,0
5000,0.776247116629,0.831763771103,0.803526122186,0,0
5000,0.831763771103,0.891250938134,0.860993752185,0.00745469793415,0.99994999875
5000,0.891250938134,0.954992586021,0.922571427155,0,0
5000,0.954992586021,1.02329299228,0.988553094657,0,0
5000,1.02329299228,1.09647819614,1.05925372518,0,0
5000,1.09647819614,1.17489755494,1.13501081567,0.00782135961027,0.99994999875
5000,1.17489755494,1.25892541179,1.21618600065,0,0
5000,1.25892541179,1.34896288259,1.30316677845,0,0
5000,1.34896288259,1.44543977075,1.39636836106,0,0
5000,1.44543977075,1.54881661891,1.49623565609,0.0147173478108,0.96403161977
5000,1.54881661891,1.65958690744,1.60324539069,0,0
5000,1.65958690744,1.77827941004,1.71790838716,0,0
5000,1.77827941004,1.90546071796,1.84077200147,0,0
5000,1.90546071796,2.04173794467,1.97242273611,0,0
5000,2.04173794467,2.18776162395,2.11348903984,0.00296040394253,0.99994999875
5000,2.18776162395,2.34422881532,2.26464430759,0,0
5000,2.34422881532,2.51188643151,2.42661009508,0,0
5000,2.51188643151,2.69153480393,2.60015956317,0,0
5000,2.69153480393,2.88403150313,2.78612116863,0,0
5000,2.88403150313,3.09029543251,2.98538261892,0,0
5000,3.09029543251,3.31131121483,3.19889510969,0,0
5000,3.31131121483,3.54813389234,3.42767786546,0.00591831423857,0.707343369451
5000,3.54813389234,3.80189396321,3.67282300498,0.00276188720811,0.99994999875
5000,3.80189396321,4.07380277804,3.93550075456,0,0
5000,4.07380277804,4.3651583224,4.21696503429,0.00757555864396,0.99994999875
5000,4.3651583224,4.67735141287,4.51855944375,0,0
5000,4.67735141287,5.01187233627,4.84172367584,0,0
5000,5.01187233627,5.3703179637,5.18800038929,0.00956153432744,0.799311638651
5000,5.3703179637,5.75439937337,5.5590425727,0.00174253853452,0.99994999875
5000,5.75439937337,6.16595001861,5.95662143529,0.00168792815852,0.99994999875
5000,6.16595001861,6.60693448008,6.38263486191,0,0
5000,6.60693448008,7.07945784384,6.83911647281,0,0
5000,7.07945784384,7.58577575029,7.32824533139,0,0
5000,7.58577575029,8.12830516164,7.8523563461,0,0
5000,8.12830516164,8.70963589956,8.41395141645,0,0
5000,8.70963589956,9.33254300797,9.01571137606,0,0
5000,9.33254300797,10,9.6605087899,0.722583954961,0.186607067691
5200,0.01,0.0107151930524,0.0103514216668,0,0
5200,0.0107151930524,0.011481536215,0.0110917481526,0,0
5200,0.011481536215,0.0123026877081,0.0118850222744,0,0
5200,0.0123026877081,0.0131825673856,0.0127350308102,0,0
5200,0.0131825673856,0.0141253754462,0.0136458313659,0,0
5200,0.0141253754462,0.0151356124844,0.0146217717446,0,0
5200,0.0151356124844,0.0162181009736,0.0156675107011,0,0
5200,0.0162181009736,0.0173780082875,0.0167880401812,0,0
5200,0.0173780082875,0.0186208713666,0.0179887091513,0,0
5200,0.0186208713666,0.0199526231497,0.0192752491319,0,0
5200,0.0199526231497,0.021379620895,0.0206538015581,0,0
5200,0.021379620895,0.0229086765277,0.0221309470961,0,0
5200,0.0229086765277,0.0245470891569,0.0237137370566,0,0
5200,0.0245470891569,0.026302679919,0.0254097270555,0,0
5200,0.026302679919,0.0281838293126,0.0272270130808,0,0
5200,0.0281838293126,0.030199517204,0.02917427014,0,0
5200,0.030199517204,0.032359365693,0.0312607936712,0,0
5200,0.032359365693,0.0346736850453,0.0334965439158,0,0
5200,0.0346736850453,0.0371535229097,0.0358921934645,0,0
5200,0.0371535229097,0.0398107170553,0.0384591782045,0.00839763154946,0.99994999875
5200,0.0398107170553,0.0426579518802,0.0412097519097,0,0
5200,0.0426579518802,0.0457088189615,0.0441570447353,0.0133158227015,0.707036088063
5200,0.0457088189615,0.0489778819368,0.0473151258961,0,0
5200,0.0489778819368,0.052480746025,0.0506990708275,0.00449795514482,0.99994999875
5200,0.052480746025,0.056234132519,0.0543250331492,0.00495859825359,0.99994999875
5200,0.056234132519,0.0602559586074,0.0582103217771,0.010477693167,0.99994999875
5200,0.0602559586074,0.0645654229035,0.0623734835482,0,0
5200,0.0645654229035,0.0691830970919,0.0668343917569,0.0202477295277,0.99994999875
5200,0.0691830970919,0.0741310241301,0.0716143410213,0,0
5200,0.0741310241301,0.0794328234724,0.0767361489362,0.00983370921734,0.99994999875
5200,0.0794328234724,0.0851138038202,0.0822242649947,0.0103854903727,0.99994999875
5200,0.0851138038202,0.0912010839356,0.0881048873008,0,0
5200,0.0912010839356,0.0977237220956,0.0944060876286,0,0
5200,0.0977237220956,0.104712854805,0.101157945426,0,0
5200,0.104712854805,0.11220184543,0.108392691402,0,0
5200,0.11220184543,0.120226443462,0.116144861384,0,0
5200,0.120226443462,0.128824955169,0.124451461177,0,0
5200,0.128824955169,0.13803842646,0.133352143216,0,0
5200,0.13803842646,0.147910838817,0.142889395851,0.0128607158973,0.797059050282
5200,0.147910838817,0.158489319246,0.153108746168,0.00768869872848,0.995927233144
5200,0.158489319246,0.169824365246,0.16405897732,0,0
5200,0.169824365246,0.181970085861,0.175792361396,0,0
5200,0.181970085861,0.194984459976,0.188364908949,0,0
5200,0.194984459976,0.208929613085,0.201836636368,0,0
5200,0.208929613085,0.223872113857,0.216271852373,0,0
5200,0.223872113857,0.239883291902,0.231739464997,0.00204019453934,0.99994999875
5200,0.239883291902,0.257039578277,0.24831331053,0.0055560445314,0.99994999875
5200,0.257039578277,0.275422870334,0.26607250598,0,0
5200,0.275422870334,0.295120922667,0.28510182675,0,0
5200,0.295120922667,0.316227766017,0.305492111322,0.0184697178869,0.99994999875
5200,0.316227766017,0.338844156139,0.327340694879,0,0
5200,0.338844156139,0.36307805477,0.350751873953,0,0
5200,0.36307805477,0.389045144994,0.375837404288,0.00501167073765,0.99994999875
5200,0.389045144994,0.41686938347,0.402717034325,0.0164940380941,0.99994999875
5200,0.41686938347,0.446683592151,0.431519076828,0,0
5200,0.446683592151,0.478630092323,0.462381021399,0,0
5200,0.478630092323,0.512861383991,0.495450190805,0.00633741599346,0.99994999875
5200,0.512861383991,0.549540873858,0.530884444231,0,0
5200,0.549540873858,0.588843655356,0.568852930844,0,0
5200,0.588843655356,0.63095734448,0.60953689724,0.00559383211039,0.99994999875
5200,0.63095734448,0.676082975392,0.653130552647,0,0
5200,0.676082975392,0.724435960075,0.699841996002,0,0
5200,0.724435960075,0.776247116629,0.749894209332,0,0
5200,0.776247116629,0.831763771103,0.803526122186,0,0
5200,0.831763771103,0.891250938134,0.860993752185,0,0
5200,0.891250938134,0.954992586021,0.922571427155,0,0
5200,0.954992586021,1.02329299228,0.988553094657,0,0
5200,1.02329299228,1.09647819614,1.05925372518,0,0
5200,1.09647819614,1.17489755494,1.13501081567,0.0111249309163,0.99994999875
5200,1.17489755494,1.25892541179,1.21618600065,0,0
5200,1.25892541179,1.34896288259,1.30316677845,0,0
5200,1.34896288259,1.44543977075,1.39636836106,0,0
5200,1.44543977075,1.54881661891,1.49623565609,0,0
5200,1.54881661891,1.65958690744,1.60324539069,0,0
5200,1.65958690744,1.77827941004,1.71790838716,0,0
5200,1.77827941004,1.90546071796,1.84077200147,0,0
5200,1.90546071796,2.04173794467,1.97242273611,0.0129664066879,0.99994999875
5200,2.04173794467,2.18776162395,2.11348903984,0.00605928056597,0.99994999875
5200,2.18776162395,2.34422881532,2.26464430759,0,0
5200,2.34422881532,2.51188643151,2.42661009508,0,0
5200,2.51188643151,2.69153480393,2.60015956317,0,0
5200,2.69153480393,2.88403150313,2.78612116863,0,0
5200,2.88403150313,3.09029543251,2.98538261892,0,0
5200,3.09029543251,3.31131121483,3.19889510969,0,0
5200,3.31131121483,3.54813389234,3.42767786546,0,0
5200,3.54813389234,3.80189396321,3.67282300498,0,0
5200,3.80189396321,4.07380277804,3.93550075456,0,0
5200,4.07380277804,4.3651583224,4.21696503429,0,0
5200,4.3651583224,4.67735141287,4.51855944375,0,0
5200,4.67735141287,5.01187233627,4.84172367584,0,0
5200,5.01187233627,5.3703179637,5.18800038929,0,0
5200,5.3703179637,5.75439937337,5.5590425727,0.00873949003063,0.99994999875
5200,5.75439937337,6.16595001861,5.95662143529,0,0
5200,6.16595001861,6.60693448008,6.38263486191,0,0
5200,6.60693448008,7.07945784384,6.83911647281,0,0
5200,7.07945784384,7.58577575029,7.32824533139,0,0
5200,7.58577575029,8.12830516164,7.8523563461,0,0
5200,8.12830516164,8.70963589956,8.41395141645,0,0
5200,8.70963589956,9.33254300797,9.01571137606,0,0
5200,9.33254300797,10,9.6605087899,0.114973980551,0.547671125182
5400,0.01,0.0107151930524,0.0103514216668,0,0
5400,0.0107151930524,0.011481536215,0.0110917481526,0,0
5400,0.011481536215,0.0123026877081,0.0118850222744,0,0
5400,0.0123026877081,0.0131825673856,0.0127350308102,0,0
5400,0.0131825673856,0.0141253754462,0.0136458313659,0,0
5400,0.0141253754462,0.0151356124844,0.0146217717446,0,0
5400,0.0151356124844,0.0162181009736,0.0156675107011,0,0
5400,0.0162181009736,0.0173780082875,0.0167880401812,0,0
5400,0.0173780082875,0.0186208713666,0.0179887091513,0,0
5400,0.0186208713666,0.0199526231497,0.0192752491319,0,0
5400,0.0199526231497,0.021379620895,0.0206538015581,0,0
5400,0.021379620895,0.0229086765277,0.0221309470961,0,0
5400,0.0229086765277,0.0245470891569,0.0237137370566,0,0
5400,0.0245470891569,0.026302679919,0.0254097270555,0,0
5400,0.026302679919,0.0281838293126,0.0272270130808,0,0
5400,0.0281838293126,0.030199517204,0.02917427014,0,0
5400,0.030199517204,0.032359365693,0.0312607936712,0,0
5400,0.032359365693,0.0346736850453,0.0334965439158,0,0
5400,0.0346736850453,0.0371535229097,0.0358921934645,0,0
5400,0.0371535229097,0.0398107170553,0.0384591782045,0,0
5400,0.0398107170553,0.0426579518802,0.0412097519097,0,0
5400,0.0426579518802,0.0457088189615,0.0441570447353,0,0
5400,0.0457088189615,0.0489778819368,0.0473151258961,0,0
5400,0.0489778819368,0.052480746025,0.0506990708275,0.00496648888876,0.99994999875
5400,0.052480746025,0.056234132519,0.0543250331492,0.00245861801942,0.757469380938
5400,0.056234132519,0.0602559586074,0.0582103217771,0,0
5400,0.0602559586074,0.0645654229035,0.0623734835482,0.0123534873078,0.99994999875
5400,0.0645654229035,0.0691830970919,0.0668343917569,0,0
5400,0.0691830970919,0.0741310241301,0.0716143410213,0,0
5400,0.0741310241301,0.0794328234724,0.0767361489362,0,0
5400,0.0794328234724,0.0851138038202,0.0822242649947,0,0
5400,0.0851138038202,0.0912010839356,0.0881048873008,0,0
5400,0.0912010839356,0.0977237220956,0.0944060876286,0.0213608873261,0.718359664003
5400,0.0977237220956,0.104712854805,0.101157945426,0,0
5400,0.104712854805,0.11220184543,0.108392691402,0,0
5400,0.11220184543,0.120226443462,0.116144861384,0,0
5400,0.120226443462,0.128824955169,0.124451461177,0,0
5400,0.128824955169,0.13803842646,0.133352143216,0.0143322648424,0.99994999875
5400,0.13803842646,0.147910838817,0.142889395851,0,0
5400,0.147910838817,0.158489319246,0.153108746168,0.0104262544525,0.99994999875
5400,0.158489319246,0.169824365246,0.16405897732,0.0346642103009,0.99994999875
5400,0.169824365246,0.181970085861,0.175792361396,0,0
5400,0.181970085861,0.194984459976,0.188364908949,0,0
5400,0.194984459976,0.208929613085,0.201836636368,0.0104072943958,0.99994999875
5400,0.208929613085,0.223872113857,0.216271852373,0,0
5400,0.223872113857,0.239883291902,0.231739464997,0,0
5400,0.239883291902,0.257039578277,0.24831331053,0,0
5400,0.257039578277,0.275422870334,0.26607250598,0,0
5400,0.275422870334,0.295120922667,0.28510182675,0,0
5400,0.295120922667,0.316227766017,0.305492111322,0,0
5400,0.316227766017,0.338844156139,0.327340694879,0,0
5400,0.338844156139,0.36307805477,0.350751873953,0,0
5400,0.36307805477,0.389045144994,0.375837404288,0,0
5400,0.389045144994,0.41686938347,0.402717034325,0,0
5400,0.41686938347,0.446683592151,0.431519076828,0,0
5400,0.446683592151,0.478630092323,0.462381021399,0,0
5400,0.478630092323,0.512861383991,0.495450190805,0.00206023003899,0.99994999875
5400,0.512861383991,0.549540873858,0.530884444231,0,0
5400,0.549540873858,0.588843655356,0.568852930844,0,0
5400,0.588843655356,0.63095734448,0.60953689724,0,0
5400,0.63095734448,0.676082975392,0.653130552647,0.00240107099506,0.99994999875
5400,0.676082975392,0.724435960075,0.699841996002,0,0
5400,0.724435960075,0.776247116629,0.749894209332,0,0
5400,0.776247116629,0.831763771103,0.803526122186,0,0
5400,0.831763771103,0.891250938134,0.860993752185,0,0
5400,0.891250938134,0.954992586021,0.922571427155,0,0
5400,0.954992586021,1.02329299228,0.988553094657,0,0
5400,1.02329299228,1.09647819614,1.05925372518,0.01143332,0.99994999875
5400,1.09647819614,1.17489755494,1.13501081567,0.0154652984381,0.99994999875
5400,1.17489755494,1.25892541179,1.21618600065,0,0
5400,1.25892541179,1.34896288259,1.30316677845,0,0
5400,1.34896288259,1.44543977075,1.39636836106,0,0
5400,1.44543977075,1.54881661891,1.49623565609,0,0
5400,1.54881661891,1.65958690744,1.60324539069,0,0
5400,1.65958690744,1.77827941004,1.71790838716,0,0
5400,1.77827941004,1.90546071796,1.84077200147,0,0
5400,1.90546071796,2.04173794467,1.97242273611,0,0
5400,2.04173794467,2.18776162395,2.11348903984,0,0
5400,2.18776162395,2.34422881532,2.26464430759,0,0
5400,2.34422881532,2.51188643151,2.42661009508,0,0
5400,2.51188643151,2.69153480393,2.60015956317,0,0
5400,2.69153480393,2.88403150313,2.78612116863,0,0
5400,2.88403150313,3.09029543251,2.98538261892,0,0
5400,3.09029543251,3.31131121483,3.19889510969,0,0
5400,3.31131121483,3.54813389234,3.42767786546,0,0
5400,3.54813389234,3.80189396321,3.67282300498,0,0
5400,3.80189396321,4.07380277804,3.93550075456,0,0
5400,4.07380277804,4.3651583224,4.21696503429,0,0
5400,4.3651583224,4.67735141287,4.51855944375,0,0
5400,4.67735141287,5.01187233627,4.84172367584,0,0
5400,5.01187233627,5.3703179637,5.18800038929,0,0
5400,5.3703179637,5.75439937337,5.5590425727,0,0
5400,5.75439937337,6.16595001861,5.95662143529,0,0
5400,6.16595001861,6.60693448008,6.38263486191,0,0
5400,6.60693448008,7.07945784384,6.83911647281,0,0
5400,7.07945784384,7.58577575029,7.32824533139,0,0
5400,7.58577575029,8.12830516164,7.8523563461,0,0
5400,8.12830516164,8.70963589956,8.41395141645,0,0
5400,8.70963589956,9.33254300797,9.01571137606,0,0
5400,9.33254300797,10,9.6605087899,0.0624585647102,0.51465001017
5600,0.01,0.0107151930524,0.0103514216668,0,0
5600,0.0107151930524,0.011481536215,0.0110917481526,0,0
5600,0.011481536215,0.0123026877081,0.0118850222744,0,0
5600,0.0123026877081,0.0131825673856,0.0127350308102,0,0
5600,0.0131825673856,0.0141253754462,0.0136458313659,0,0
5600,0.0141253754462,0.0151356124844,0.0146217717446,0,0
5600,0.0151356124844,0.0162181009736,0.0156675107011,0,0
5600,0.0162181009736,0.0173780082875,0.0167880401812,0,0
5600,0.0173780082875,0.0186208713666,0.0179887091513,0,0
5600,0.0186208713666,0.0199526231497,0.0192752491319,0,0
5600,0.0199526231497,0.021379620895,0.0206538015581,0,0
5600,0.021379620895,0.0229086765277,0.0221309470961,0,0
5600,0.0229086765277,0.0245470891569,0.0237137370566,0,0
5600,0.0245470891569,0.026302679919,0.0254097270555,0,0
5600,0.026302679919,0.0281838293126,0.0272270130808,0,0
5600,0.0281838293126,0.030199517204,0.02917427014,0,0
5600,0.030199517204,0.032359365693,0.0312607936712,0,0
5600,0.032359365693,0.0346736850453,0.0334965439158,0.0272923736162,0.99994999875
5600,0.0346736850453,0.0371535229097,0.0358921934645,0,0
5600,0.0371535229097,0.0398107170553,0.0384591782045,0,0
5600,0.0398107170553,0.0426579518802,0.0412097519097,0,0
5600,0.0426579518802,0.0457088189615,0.0441570447353,0,0
5600,0.0457088189615,0.0489778819368,0.0473151258961,0,0
5600,0.0489778819368,0.052480746025,0.0506990708275,0,0
5600,0.052480746025,0.056234132519,0.0543250331492,0.0163976926269,0.99994999875
5600,0.056234132519,0.0602559586074,0.0582103217771,0.0135493244591,0.99994999875
5600,0.0602559586074,0.0645654229035,0.0623734835482,0.0410728905933,0.707199081927
5600,0.0645654229035,0.0691830970919,0.0668343917569,0,0
5600,0.0691830970919,0.0741310241301,0.0716143410213,0,0
5600,0.0741310241301,0.0794328234724,0.0767361489362,0,0
5600,0.0794328234724,0.0851138038202,0.0822242649947,0,0
5600,0.0851138038202,0.0912010839356,0.0881048873008,0,0
5600,0.0912010839356,0.0977237220956,0.0944060876286,0,0
5600,0.0977237220956,0.104712854805,0.101157945426,0,0
5600,0.104712854805,0.11220184543,0.108392691402,0.0425390678518,0.707503540306
5600,0.11220184543,0.120226443462,0.116144861384,0.0501385972821,0.99994999875
5600,0.120226443462,0.128824955169,0.124451461177,0,0
5600,0.128824955169,0.13803842646,0.133352143216,0.0325916316769,0.910671022586
5600,0.13803842646,0.147910838817,0.142889395851,0,0
5600,0.147910838817,0.158489319246,0.153108746168,0,0
5600,0.158489319246,0.169824365246,0.16405897732,0.0580776444736,0.928839224829
5600,0.169824365246,0.181970085861,0.175792361396,0,0
5600,0.181970085861,0.194984459976,0.188364908949,0,0
5600,0.194984459976,0.208929613085,0.201836636368,0,0
5600,0.208929613085,0.223872113857,0.216271852373,0.0414679020671,0.691145628929
5600,0.223872113857,0.239883291902,0.231739464997,0,0
5600,0.239883291902,0.257039578277,0.24831331053,0,0
5600,0.257039578277,0.275422870334,0.26607250598,0,0
5600,0.275422870334,0.295120922667,0.28510182675,0.0861000219816,0.99994999875
5600,0.295120922667,0.316227766017,0.305492111322,0,0
5600,0.316227766017,0.338844156139,0.327340694879,0.111521235877,0.700903704042
5600,0.338844156139,0.36307805477,0.350751873953,0.0343243844186,0.99994999875
5600,0.36307805477,0.389045144994,0.375837404288,0,0
5600,0.389045144994,0.41686938347,0.402717034325,0,0
5600,0.41686938347,0.446683592151,0.431519076828,0.0709410997467,0.99994999875
5600,0.446683592151,0.478630092323,0.462381021399,0,0
5600,0.478630092323,0.512861383991,0.495450190805,0.0806440230721,0.587027095022
5600,0.512861383991,0.549540873858,0.530884444231,0,0
5600,0.549540873858,0.588843655356,0.568852930844,0,0
5600,0.588843655356,0.63095734448,0.60953689724,0,0
5600,0.63095734448,0.676082975392,0.653130552647,0,0
5600,0.676082975392,0.724435960075,0.699841996002,0.0223436314642,0.99994999875
5600,0.724435960075,0.776247116629,0.749894209332,0,0
5600,0.776247116629,0.831763771103,0.803526122186,0,0
5600,0.831763771103,0.891250938134,0.860993752185,0,0
5600,0.891250938134,0.954992586021,0.922571427155,0.0984390377007,0.99994999875
5600,0.954992586021,1.02329299228,0.988553094657,0,0
5600,1.02329299228,1.09647819614,1.05925372518,0,0
5600,1.09647819614,1.17489755494,1.13501081567,0,0
5600,1.17489755494,1.25892541179,1.21618600065,0,0
5600,1.25892541179,1.34896288259,1.30316677845,0,0
5600,1.34896288259,1.44543977075,1.39636836106,0.0156540397481,0.99994999875
5600,1.44543977075,1.54881661891,1.49623565609,0,0
5600,1.54881661891,1.65958690744,1.60324539069,0,0
5600,1.65958690744,1.77827941004,1.71790838716,0,0
5600,1.77827941004,1.90546071796,1.84077200147,0,0
5600,1.90546071796,2.04173794467,1.97242273611,0,0
5600,2.04173794467,2.18776162395,2.11348903984,0,0
5600,2.18776162395,2.34422881532,2.26464430759,0,0
5600,2.34422881532,2.51188643151,2.42661009508,0.189278196359,0.99994999875
5600,2.51188643151,2.69153480393,2.60015956317,0,0
5600,2.69153480393,2.88403150313,2.78612116863,0,0
5600,2.88403150313,3.09029543251,2.98538261892,0,0
5600,3.09029543251,3.31131121483,3.19889510969,0.40467201572,0.803111370851
5600,3.31131121483,3.54813389234,3.42767786546,0,0
5600,3.54813389234,3.80189396321,3.67282300498,0,0
5600,3.80189396321,4.07380277804,3.93550075456,0,0
5600,4.07380277804,4.3651583224,4.21696503429,0,0
5600,4.3651583224,4.67735141287,4.51855944375,0,0
5600,4.67735141287,5.01187233627,4.84172367584,0,0
5600,5.01187233627,5.3703179637,5.18800038929,0,0
5600,5.3703179637,5.75439937337,5.5590425727,0,0
5600,5.75439937337,6.16595001861,5.95662143529,0,0
5600,6.16595001861,6.60693448008,6.38263486191,0,0
5600,6.60693448008,7.07945784384,6.83911647281,0,0
5600,7.07945784384,7.58577575029,7.32824533139,0,0
5600,7.58577575029,8.12830516164,7.8523563461,0,0
5600,8.12830516164,8.70963589956,8.41395141645,0,0
5600,8.70963589956,9.33254300797,9.01571137606,0,0
5600,9.33254300797,10,9.6605087899,0.455771794591,0.383506767766
