Spongiosa ID,Energy Low (MeV),Energy High (MeV),Energy Center (MeV),Fluence (photons/m2/source)
1400,0.01,0.0100693166885,0.0100345984915,0
1400,0.0100693166885,0.0101391138574,0.0101041550053,0
1400,0.0101391138574,0.0102093948371,0.0101741936618,0
1400,0.0102093948371,0.0102801629813,0.0102447178031,0
1400,0.0102801629813,0.0103514216668,0.0103157307944,0
1400,0.0103514216668,0.0104231742939,0.0103872360242,0
1400,0.0104231742939,0.0104954242865,0.0104592369046,0
1400,0.0104954242865,0.0105681750921,0.0105317368713,0
1400,0.0105681750921,0.0106414301822,0.0106047393837,0
1400,0.0106414301822,0.0107151930524,0.0106782479254,0
1400,0.0107151930524,0.0107894672223,0.0107522660039,0
1400,0.0107894672223,0.0108642562362,0.0108267971513,0
1400,0.0108642562362,0.0109395636627,0.0109018449239,0
1400,0.0109395636627,0.0110153930954,0.0109774129027,0
1400,0.0110153930954,0.0110917481526,0.0110535046938,0
1400,0.0110917481526,0.0111686324778,0.011130123928,0
1400,0.0111686324778,0.0112460497397,0.0112072742614,0
1400,0.0112460497397,0.0113240036324,0.0112849593753,0
1400,0.0113240036324,0.0114024978756,0.0113631829767,0
1400,0.0114024978756,0.011481536215,0.0114419487982,0
1400,0.011481536215,0.0115611224219,0.0115212605983,0
1400,0.0115611224219,0.0116412602941,0.0116011221615,0
1400,0.0116412602941,0.0117219536555,0.0116815372986,0
1400,0.0117219536555,0.0118032063565,0.0117625098468,0
1400,0.0118032063565,0.0118850222744,0.01184404367,0
1400,0.0118850222744,0.0119674053131,0.0119261426586,0
1400,0.0119674053131,0.0120503594037,0.0120088107301,0
1400,0.0120503594037,0.0121338885046,0.0120920518294,0
1400,0.0121338885046,0.0122179966016,0.0121758699285,0
1400,0.0122179966016,0.0123026877081,0.0122602690268,0
1400,0.0123026877081,0.0123879658653,0.0123452531517,0
1400,0.0123879658653,0.0124738351424,0.0124308263584,0
1400,0.0124738351424,0.0125602996369,0.0125169927303,0
1400,0.0125602996369,0.0126473634747,0.0126037563789,0
1400,0.0126473634747,0.0127350308102,0.0126911214445,0
1400,0.0127350308102,0.0128233058266,0.0127790920957,0
1400,0.0128233058266,0.0129121927361,0.0128676725303,0
1400,0.0129121927361,0.0130016957803,0.0129568669752,0
1400,0.0130016957803,0.01309181923,0.0130466796864,0
1400,0.01309181923,0.0131825673856,0.0131371149496,0
1400,0.0131825673856,0.0132739445773,0.0132281770801,0
1400,0.0132739445773,0.0133659551655,0.0133198704231,0
1400,0.0133659551655,0.0134586035406,0.0134121993541,0
1400,0.0134586035406,0.0135518941235,0.0135051682786,0
1400,0.0135518941235,0.0136458313659,0.0135987816328,0
1400,0.0136458313659,0.0137404197501,0.0136930438839,0
1400,0.0137404197501,0.0138356637897,0.0137879595297,0
1400,0.0138356637897,0.0139315680295,0.0138835330993,0
1400,0.0139315680295,0.0140281370456,0.0139797691532,0
1400,0.0140281370456,0.0141253754462,0.0140766722836,0
1400,0.0141253754462,0.0142232878712,0.0141742471144,0
1400,0.0142232878712,0.0143218789927,0.0142724983016,0
1400,0.0143218789927,0.0144211535152,0.0143714305336,0
1400,0.0144211535152,0.0145211161759,0.0144710485309,0
1400,0.0145211161759,0.0146217717446,0.0145713570473,0
1400,0.0146217717446,0.0147231250243,0.0146723608691,0
1400,0.0147231250243,0.0148251808515,0.0147740648159,0
1400,0.0148251808515,0.0149279440958,0.0148764737408,0
1400,0.0149279440958,0.0150314196609,0.0149795925304,0
1400,0.0150314196609,0.0151356124844,0.0150834261054,0
1400,0.0151356124844,0.015240527538,0.0151879794203,0
1400,0.015240527538,0.015346169828,0.0152932574642,0
1400,0.015346169828,0.0154525443954,0.0153992652606,0
1400,0.0154525443954,0.0155596563161,0.0155060078679,0
1400,0.0155596563161,0.0156675107011,0.0156134903797,0
1400,0.0156675107011,0.015776112697,0.0157217179246,0
1400,0.015776112697,0.015885467486,0.0158306956671,0
1400,0.015885467486,0.0159955802861,0.0159404288071,0
1400,0.0159955802861,0.0161064563518,0.016050922581,0
1400,0.0161064563518,0.0162181009736,0.0161621822611,0
1400,0.0162181009736,0.0163305194789,0.0162742131564,0
1400,0.0163305194789,0.0164437172321,0.0163870206128,0
1400,0.0164437172321,0.0165576996347,0.0165006100132,0
1400,0.0165576996347,0.0166724721255,0.0166149867777,0
1400,0.0166724721255,0.0167880401812,0.016730156364,0
1400,0.0167880401812,0.0169044093164,0.0168461242677,0
1400,0.0169044093164,0.0170215850839,0.0169628960226,0
1400,0.0170215850839,0.0171395730751,0.0170804772006,0
1400,0.0171395730751,0.0172583789199,0.0171988734124,0
1400,0.0172583789199,0.0173780082875,0.0173180903075,0
1400,0.0173780082875,0.0174984668862,0.0174381335747,0
1400,0.0174984668862,0.0176197604641,0.017559008942,0
1400,0.0176197604641,0.0177418948089,0.0176807221773,0
1400,0.0177418948089,0.0178648757485,0.0178032790885,0
1400,0.0178648757485,0.0179887091513,0.0179266855237,0
1400,0.0179887091513,0.0181134009262,0.0180509473713,0
1400,0.0181134009262,0.0182389570232,0.018176070561,0
1400,0.0182389570232,0.0183653834335,0.0183020610631,0
1400,0.0183653834335,0.0184926861898,0.0184289248897,0
1400,0.0184926861898,0.0186208713666,0.0185566680943,0
1400,0.0186208713666,0.0187499450807,0.0186852967726,0
1400,0.0187499450807,0.018879913491,0.0188148170622,0
1400,0.018879913491,0.0190107827992,0.0189452351436,0
1400,0.0190107827992,0.0191425592502,0.0190765572399,0
1400,0.0191425592502,0.0192752491319,0.0192087896175,0
1400,0.0192752491319,0.0194088587759,0.0193419385862,0
1400,0.0194088587759,0.0195433945578,0.0194760104994,0
1400,0.0195433945578,0.0196788628971,0.0196110117548,0
1400,0.0196788628971,0.0198152702581,0.0197469487941,0
1400,0.0198152702581,0.0199526231497,0.019883828104,0
1400,0.0199526231497,0.0200909281261,0.0200216562159,0
1400,0.0200909281261,0.0202301917868,0.0201604397066,0
1400,0.0202301917868,0.0203704207771,0.0203001851986,0
1400,0.0203704207771,0.0205116217883,0.02044089936,0
1400,0.0205116217883,0.0206538015581,0.0205825889054,0
1400,0.0206538015581,0.020796966871,0.0207252605958,0
1400,0.020796966871,0.0209411245585,0.0208689212391,0
1400,0.0209411245585,0.0210862814993,0.0210135776905,0
1400,0.0210862814993,0.02123244462,0.0211592368524,0
1400,0.02123244462,0.021379620895,0.0213059056754,0
1400,0.021379620895,0.0215278173472,0.0214535911582,0
1400,0.0215278173472,0.0216770410482,0.0216023003477,0
1400,0.0216770410482,0.0218272991184,0.0217520403402,0
1400,0.0218272991184,0.0219785987278,0.0219028182807,0
1400,0.0219785987278,0.0221309470961,0.0220546413639,0
1400,0.0221309470961,0.0222843514927,0.0222075168345,0
1400,0.0222843514927,0.0224388192378,0.0223614519872,0
1400,0.0224388192378,0.0225943577022,0.0225164541674,0
1400,0.0225943577022,0.0227509743077,0.0226725307715,0
1400,0.0227509743077,0.0229086765277,0.0228296892468,0
1400,0.0229086765277,0.0230674718872,0.0229879370926,0
1400,0.0230674718872,0.0232273679636,0.0231472818602,0
1400,0.0232273679636,0.0233883723866,0.0233077311528,0
1400,0.0233883723866,0.023550492839,0.0234692926269,0
1400,0.023550492839,0.0237137370566,0.0236319739915,0
1400,0.0237137370566,0.0238781128291,0.0237957830096,0
1400,0.0238781128291,0.0240436280001,0.0239607274975,0
1400,0.0240436280001,0.0242102904674,0.0241268153259,0
1400,0.0242102904674,0.0243781081837,0.0242940544202,0
1400,0.0243781081837,0.0245470891569,0.0244624527605,0
1400,0.0245470891569,0.0247172414502,0.0246320183824,0
1400,0.0247172414502,0.0248885731828,0.0248027593769,0
1400,0.0248885731828,0.0250610925303,0.0249746838915,0
1400,0.0250610925303,0.0252348077248,0.02514780013,0
1400,0.0252348077248,0.0254097270555,0.0253221163528,0
1400,0.0254097270555,0.0255858588691,0.025497640878,0
1400,0.0255858588691,0.02576321157,0.0256743820811,0
1400,0.02576321157,0.0259417936212,0.0258523483956,0
1400,0.0259417936212,0.026121613544,0.0260315483137,0
1400,0.026121613544,0.026302679919,0.0262119903864,0
1400,0.026302679919,0.0264850013861,0.0263936832237,0
1400,0.0264850013861,0.0266685866452,0.0265766354955,0
1400,0.0266685866452,0.0268534444566,0.026760855932,0
1400,0.0268534444566,0.0270395836411,0.0269463533235,0
1400,0.0270395836411,0.0272270130808,0.0271331365215,0
1400,0.0272270130808,0.0274157417193,0.0273212144388,0
1400,0.0274157417193,0.0276057785622,0.0275105960499,0
1400,0.0276057785622,0.0277971326776,0.0277012903916,0
1400,0.0277971326776,0.0279898131963,0.0278933065634,0
1400,0.0279898131963,0.0281838293126,0.0280866537277,0
1400,0.0281838293126,0.0283791902844,0.0282813411105,0
1400,0.0283791902844,0.0285759054337,0.0284773780017,0
1400,0.0285759054337,0.0287739841474,0.0286747737558,0
1400,0.0287739841474,0.028973435877,0.0288735377919,0
1400,0.028973435877,0.02917427014,0.0290736795944,0
1400,0.02917427014,0.0293764965196,0.0292752087137,0
1400,0.0293764965196,0.0295801246655,0.0294781347661,0
1400,0.0295801246655,0.0297851642943,0.0296824674346,0
1400,0.0297851642943,0.0299916251899,0.0298882164696,0
1400,0.0299916251899,0.030199517204,0.0300953916887,0
1400,0.030199517204,0.0304088502568,0.0303040029779,0
1400,0.0304088502568,0.0306196343369,0.0305140602914,0
1400,0.0306196343369,0.0308318795025,0.0307255736527,0
1400,0.0308318795025,0.0310455958813,0.0309385531545,0
1400,0.0310455958813,0.0312607936712,0.0311530089597,0
1400,0.0312607936712,0.031477483141,0.0313689513016,0
1400,0.031477483141,0.0316956746304,0.0315863904842,0
1400,0.0316956746304,0.031915378551,0.0318053368833,0
1400,0.031915378551,0.0321366053864,0.0320258009463,0
1400,0.0321366053864,0.032359365693,0.0322477931932,0
1400,0.032359365693,0.0325836701002,0.0324713242168,0
1400,0.0325836701002,0.0328095293113,0.0326964046834,0
1400,0.0328095293113,0.0330369541037,0.0329230453333,0
1400,0.0330369541037,0.0332659553294,0.0331512569812,0
1400,0.0332659553294,0.0334965439158,0.0333810505166,0
1400,0.0334965439158,0.0337287308659,0.0336124369047,0
1400,0.0337287308659,0.033962527259,0.0338454271866,0
1400,0.033962527259,0.0341979442514,0.03408003248,0
1400,0.0341979442514,0.0344349930763,0.0343162639796,0
1400,0.0344349930763,0.0346736850453,0.0345541329578,0
1400,0.0346736850453,0.0349140315479,0.0347936507649,0
1400,0.0349140315479,0.0351560440528,0.0350348288302,0
1400,0.0351560440528,0.0353997341083,0.0352776786619,0
1400,0.0353997341083,0.0356451133426,0.0355222118482,0
1400,0.0356451133426,0.0358921934645,0.0357684400576,0
1400,0.0358921934645,0.036140986264,0.0360163750395,0
1400,0.036140986264,0.0363915036127,0.0362660286245,0
1400,0.0363915036127,0.0366437574648,0.0365174127255,0
1400,0.0366437574648,0.036897759857,0.0367705393378,0
1400,0.036897759857,0.0371535229097,0.03702542054,0
1400,0.0371535229097,0.0374110588272,0.0372820684943,0
1400,0.0374110588272,0.0376703798984,0.0375404954472,0
1400,0.0376703798984,0.0379314984974,0.0378007137302,0
1400,0.0379314984974,0.038194427084,0.0380627357601,0
1400,0.038194427084,0.0384591782045,0.03832657404,0
1400,0.0384591782045,0.0387257644922,0.0385922411595,0
1400,0.0387257644922,0.0389941986677,0.0388597497954,0.00015066657956
1400,0.0389941986677,0.03926449354,0.0391291127127,0
1400,0.03926449354,0.0395366620068,0.0394003427645,5.4858465185e-05
1400,0.0395366620068,0.0398107170553,0.0396734528932,0.000363587117469
1400,0.0398107170553,0.0400866717627,0.0399484561308,3.29814301259e-05
1400,0.0400866717627,0.0403645392968,0.0402253655999,0
1400,0.0403645392968,0.0406443329165,0.0405041945136,0.000156418343386
1400,0.0406443329165,0.040926065973,0.0407849561771,0
1400,0.040926065973,0.0412097519097,0.0410676639875,0.000317816383075
1400,0.0412097519097,0.0414954042634,0.0413523314348,0
1400,0.0414954042634,0.0417830366647,0.0416389721025,0
1400,0.0417830366647,0.0420726628384,0.0419275996685,2.08381090523e-05
1400,0.0420726628384,0.042364296605,0.0422182279051,0
1400,0.042364296605,0.0426579518802,0.0425108706805,3.17390637762e-05
1400,0.0426579518802,0.0429536426765,0.0428055419586,0
1400,0.0429536426765,0.0432513831035,0.0431022558005,0
1400,0.0432513831035,0.0435511873686,0.0434010263645,0
1400,0.0435511873686,0.0438530697775,0.0437018679071,0.000465091581772
1400,0.0438530697775,0.0441570447353,0.0440047947836,6.73377806134e-05
1400,0.0441570447353,0.0444631267469,0.0443098214489,7.96376533821e-05
1400,0.0444631267469,0.0447713304176,0.0446169624581,0
1400,0.0447713304176,0.0450816704541,0.044926232467,0
1400,0.0450816704541,0.045394161665,0.0452376462332,0.000489535880016
1400,0.045394161665,0.0457088189615,0.0455512186166,4.00345414985e-05
1400,0.0457088189615,0.0460256573581,0.0458669645798,9.86289648196e-05
1400,0.0460256573581,0.0463446919736,0.0461848991895,0.000197257771818
1400,0.0463446919736,0.0466659380314,0.0465050376167,0.00026236784299
1400,0.0466659380314,0.0469894108605,0.0468273951374,0
1400,0.0469894108605,0.0473151258961,0.0471519871336,9.91309910444e-06
1400,0.0473151258961,0.0476430986805,0.0474788290942,7.6770284015e-05
1400,0.0476430986805,0.0479733448637,0.0478079366149,0
1400,0.0479733448637,0.048305880204,0.0481393254,0
1400,0.048305880204,0.0486407205691,0.0484730112624,0
1400,0.0486407205691,0.0489778819368,0.0488090101248,0.000323354367429
1400,0.0489778819368,0.0493173803955,0.0491473380199,0
1400,0.0493173803955,0.049659232145,0.049488011092,6.79310094641e-05
1400,0.049659232145,0.0500034534977,0.0498310455971,0.000152858789126
1400,0.0500034534977,0.0503500608788,0.0501764579037,4.76527020965e-05
1400,0.0503500608788,0.0506990708275,0.050524264494,0.000184527354922
1400,0.0506990708275,0.0510504999975,0.0508744819645,0
1400,0.0510504999975,0.0514043651582,0.0512271270265,5.80780471088e-05
1400,0.0514043651582,0.0517606831951,0.0515822165072,7.66483752285e-05
1400,0.0517606831951,0.0521194711105,0.0519397673507,2.66325674714e-05
1400,0.0521194711105,0.052480746025,0.0522997966182,0
1400,0.052480746025,0.0528445251775,0.0526623214894,0
1400,0.0528445251775,0.0532108259267,0.0530273592629,0.000341288645328
1400,0.0532108259267,0.0535796657513,0.0533949273574,2.11607048723e-05
1400,0.0535796657513,0.0539510622515,0.0537650433122,0.000371913869798
1400,0.0539510622515,0.0543250331492,0.0541377247883,0.000163282105483
1400,0.0543250331492,0.0547015962894,0.0545129895689,3.06204341721e-05
1400,0.0547015962894,0.0550807696405,0.0548908555607,0.00021124536984
1400,0.0550807696405,0.0554625712958,0.0552713407944,1.438905058e-05
1400,0.0554625712958,0.0558470194737,0.0556544634258,0.000300160839221
1400,0.0558470194737,0.056234132519,0.0560402417364,0.000234423093576
1400,0.056234132519,0.0566239289038,0.0564286941345,0.000111007495057
1400,0.0566239289038,0.0570164272281,0.056819839156,0.000277792154106
1400,0.0570164272281,0.0574116462207,0.0572136954652,0.000148656938348
1400,0.0574116462207,0.0578096047406,0.057610281856,6.73314906647e-05
1400,0.0578096047406,0.0582103217771,0.0580096172523,0.000168388284644
1400,0.0582103217771,0.0586138164514,0.0584117207093,6.54705477071e-05
1400,0.0586138164514,0.0590201080172,0.0588166114143,0.000188746412387
1400,0.0590201080172,0.0594292158616,0.0592243086876,0
1400,0.0594292158616,0.059841159506,0.0596348319834,2.78348719159e-05
1400,0.059841159506,0.0602559586074,0.0600482008908,0.00015863634261
1400,0.0602559586074,0.0606736329589,0.0604644351345,0.000391764071793
1400,0.0606736329589,0.0610942024906,0.0608835545761,9.17764340145e-05
1400,0.0610942024906,0.061517687271,0.061305579215,9.2293105116e-05
1400,0.061517687271,0.0619441075077,0.0617305291889,0.000530262478348
1400,0.0619441075077,0.0623734835482,0.0621584247753,3.37258334719e-05
1400,0.0623734835482,0.0628058358813,0.0625892863921,0.000330074709173
1400,0.0628058358813,0.0632411851376,0.0630231345991,0
1400,0.0632411851376,0.0636795520908,0.0634599900981,0.000319105821492
1400,0.0636795520908,0.0641209576585,0.0638998737348,1.14580605796e-05
1400,0.0641209576585,0.0645654229035,0.0643428064992,0.000371343312015
1400,0.0645654229035,0.0650129690343,0.0647888095269,0.000185706027268
1400,0.0650129690343,0.0654636174067,0.0652379040998,1.89260413215e-05
1400,0.0654636174067,0.0659173895244,0.0656901116476,0.000181789570296
1400,0.0659173895244,0.0663743070402,0.0661454537484,0.000154471996632
1400,0.0663743070402,0.0668343917569,0.0666039521298,1.67482069438e-05
1400,0.0668343917569,0.0672976656284,0.0670656286702,0.000314857400032
1400,0.0672976656284,0.0677641507611,0.0675305053995,0.000428036405226
1400,0.0677641507611,0.0682338694142,0.0679986045003,0.000579947743318
1400,0.0682338694142,0.0687068440014,0.0684699483091,0.000337693607773
1400,0.0687068440014,0.0691830970919,0.0689445593171,0
1400,0.0691830970919,0.0696626514111,0.0694224601714,0.000472486523274
1400,0.0696626514111,0.070145529842,0.0699036736762,0.000306927947971
1400,0.070145529842,0.0706317554263,0.0703882227936,0.000587754485592
1400,0.0706317554263,0.0711213513653,0.0708761306451,0.000506223452077
1400,0.0711213513653,0.0716143410213,0.0713674205122,4.44388143163e-06
1400,0.0716143410213,0.0721107479183,0.071862115838,0.000503776053364
1400,0.0721107479183,0.0726105957435,0.072360240228,0.000179638206731
1400,0.0726105957435,0.0731139083483,0.0728618174513,0.0001325098179
1400,0.0731139083483,0.0736207097495,0.0733668714418,0.000222673382255
1400,0.0736207097495,0.0741310241301,0.0738754262994,0.000135615336476
1400,0.0741310241301,0.074644875841,0.0743875062908,0.000278757910068
1400,0.074644875841,0.0751622894018,0.0749031358511,0.000751973306532
1400,0.0751622894018,0.0756832895021,0.0754223395848,0.000387249530714
1400,0.0756832895021,0.0762079010025,0.0759451422668,0.000157427091722
1400,0.0762079010025,0.0767361489362,0.0764715688439,0.000249694382006
1400,0.0767361489362,0.0772680585096,0.0770016444357,0.000110714160031
1400,0.0772680585096,0.077803655104,0.077535394336,0.000167062607649
1400,0.077803655104,0.0783429642766,0.0780728440138,0.000200271679787
1400,0.0783429642766,0.0788860117619,0.0786140191148,4.14324816347e-07
1400,0.0788860117619,0.0794328234724,0.0791589454624,0
1400,0.0794328234724,0.0799834255007,0.079707649059,0.000864280584095
1400,0.0799834255007,0.0805378441199,0.0802601560873,0.000308506679895
1400,0.0805378441199,0.0810961057854,0.0808164929113,0.000475593255211
1400,0.0810961057854,0.0816582371359,0.0813766860779,0.000392721464845
1400,0.0816582371359,0.0822242649947,0.081940762318,0.000546844071728
1400,0.0822242649947,0.0827942163712,0.0825087485479,0.000660789787659
1400,0.0827942163712,0.083368118462,0.0830806718702,0.00074857033992
1400,0.083368118462,0.0839459986519,0.0836565595756,0.000537057043745
1400,0.0839459986519,0.084527884516,0.0842364391438,0.000306828826681
1400,0.084527884516,0.0851138038202,0.0848203382452,0.000875687452553
1400,0.0851138038202,0.085703784523,0.0854082847419,0.000839158569884
1400,0.085703784523,0.0862978547767,0.0860003066889,0.000796819376698
1400,0.0862978547767,0.0868960429286,0.086596432336,0.000334147651698
1400,0.0868960429286,0.0874983775227,0.0871966901287,0.000467805675584
1400,0.0874983775227,0.0881048873008,0.0878011087097,0.000305418551745
1400,0.0881048873008,0.0887156012038,0.08840971692,0.000342452241432
1400,0.0887156012038,0.0893305483733,0.089022543801,0.00055120688332
1400,0.0893305483733,0.089949758153,0.089639618595,0.000793798399133
1400,0.089949758153,0.0905732600898,0.0902609707471,0.000196474444498
1400,0.0905732600898,0.0912010839356,0.0908866299066,0.000134572493842
1400,0.0912010839356,0.0918332596484,0.0915166259281,0.000298976388087
1400,0.0918332596484,0.0924698173938,0.0921509888735,0.000291144061397
1400,0.0924698173938,0.0931107875468,0.0927897490127,0
1400,0.0931107875468,0.0937562006926,0.0934329368257,0.000325636074422
1400,0.0937562006926,0.0944060876286,0.0940805830037,0.000384453758266
1400,0.0944060876286,0.0950604793656,0.0947327184504,0.000725844350156
1400,0.0950604793656,0.0957194071295,0.0953893742842,7.64217559359e-05
1400,0.0957194071295,0.0963829023624,0.0960505818387,0.000862798739292
1400,0.0963829023624,0.0970509967245,0.096716372665,0.000712265980145
1400,0.0970509967245,0.0977237220956,0.0973867785329,0.000849070637457
1400,0.0977237220956,0.0984011105761,0.0980618314322,0.000811119020296
1400,0.0984011105761,0.0990831944893,0.0987415635747,0.00055060142398
1400,0.0990831944893,0.0997700063823,0.0994260073953,0.000568347609758
1400,0.0997700063823,0.100461579028,0.100115195554,0.000609700129916
1400,0.100461579028,0.101157945426,0.100809160936,0.000749754511037
1400,0.101157945426,0.101859138805,0.101507936657,0.000618429913972
1400,0.101859138805,0.102565192625,0.10221155606,0.000230959562994
1400,0.102565192625,0.103276140576,0.102920052719,0.000209486176034
1400,0.103276140576,0.103992016583,0.103633460443,0.000221038274346
1400,0.103992016583,0.104712854805,0.104351813273,0.000487857807328
1400,0.104712854805,0.105438689639,0.105075145487,0.000282153743319
1400,0.105438689639,0.10616955572,0.1058034916,0.000545197772726
1400,0.10616955572,0.106905487922,0.106536886367,9.6445166902e-05
1400,0.106905487922,0.107646521363,0.107275364784,0.000673130772012
1400,0.107646521363,0.108392691402,0.108018962088,0.000491376305646
1400,0.108392691402,0.109144033645,0.108767713763,0.000565939372142
1400,0.109144033645,0.109900583943,0.109521655537,0.000404090582115
1400,0.109900583943,0.110662378398,0.110280823385,0.000399652572816
1400,0.110662378398,0.111429453359,0.111045253533,0.00029259111791
1400,0.111429453359,0.11220184543,0.111814982458,0.000480664982329
1400,0.11220184543,0.112979591467,0.112590046889,0.000622056194838
1400,0.112979591467,0.113762728582,0.113370483811,0.000131742557521
1400,0.113762728582,0.114551294145,0.114156330462,0.000309755455344
1400,0.114551294145,0.115345325782,0.114947624342,0.000147301661622
1400,0.115345325782,0.116144861384,0.115744403209,0.00114183281601
1400,0.116144861384,0.116949939102,0.116546705084,5.37269048744e-05
1400,0.116949939102,0.117760597352,0.117354568249,0.000759734940357
1400,0.117760597352,0.118576874817,0.118168031254,0.000931260912882
1400,0.118576874817,0.119398810446,0.118987132916,0.000274787667561
1400,0.119398810446,0.120226443462,0.119811912319,0.000572323530882
1400,0.120226443462,0.121059813355,0.12064240882,0.000175818821058
1400,0.121059813355,0.121898959892,0.121478662047,0.00061439824504
1400,0.121898959892,0.122743923116,0.122320711905,0.000163481976081
1400,0.122743923116,0.123594743344,0.123168598574,0.00111336356368
1400,0.123594743344,0.124451461177,0.124022362512,0.000764677147204
1400,0.124451461177,0.125314117494,0.124882044459,0.000245184627566
1400,0.125314117494,0.126182753459,0.125747685437,0.000397922418968
1400,0.126182753459,0.127057410521,0.126619326751,1.59524201652e-05
1400,0.127057410521,0.127938130416,0.127497009994,0.000339291116571
1400,0.127938130416,0.128824955169,0.128380777047,0.000256578301069
1400,0.128824955169,0.129717927098,0.129270670081,0.000296412322892
1400,0.129717927098,0.130617088813,0.130166731558,0.00030483197581
1400,0.130617088813,0.131522483219,0.131069004237,0.000190549823507
1400,0.131522483219,0.132434153519,0.131977531171,0.000561945960967
1400,0.132434153519,0.133352143216,0.132892355713,7.62964690972e-05
1400,0.133352143216,0.134276496114,0.133813521515,0.000378684065925
1400,0.134276496114,0.135207256319,0.134741072534,0.000580532490717
1400,0.135207256319,0.136144468247,0.13567505303,2.01555472273e-05
1400,0.136144468247,0.137088176616,0.136615507569,0.00151339208798
1400,0.137088176616,0.13803842646,0.137562481028,0.0013268166476
1400,0.13803842646,0.138995263121,0.138516018592,0.000249517516295
1400,0.138995263121,0.139958732257,0.139476165764,0.000574313424814
1400,0.139958732257,0.140928879842,0.140442968358,0.00043317888437
1400,0.140928879842,0.141905752169,0.141416472507,0.00102380782757
1400,0.141905752169,0.142889395851,0.142396724665,0.000580176774514
1400,0.142889395851,0.143879857826,0.143383771606,0.000719740916954
1400,0.143879857826,0.144877185354,0.144377660429,0.000776625057142
1400,0.144877185354,0.145881426028,0.145378438561,0.000513619535054
1400,0.145881426028,0.146892627764,0.146386153755,0.000341135108194
1400,0.146892627764,0.147910838817,0.147400854097,0.000752653088407
1400,0.147910838817,0.148936107771,0.148422588006,0.000631998988981
1400,0.148936107771,0.14996848355,0.149451404237,0.000380326884591
1400,0.14996848355,0.151008015416,0.15048735188,0.000200500159474
1400,0.151008015416,0.152054752973,0.15153048037,0.000525603056474
1400,0.152054752973,0.153108746168,0.152580839481,0.000282883791686
1400,0.153108746168,0.154170045295,0.153638479333,0.000295922213068
1400,0.154170045295,0.155238700996,0.154703450395,0.000403386998757
1400,0.155238700996,0.156314764264,0.155775803483,0.000211663545054
1400,0.156314764264,0.157398286447,0.156855589768,0.000607672041258
1400,0.157398286447,0.158489319246,0.157942860774,0.000161996352834
1400,0.158489319246,0.159587914724,0.159037668382,0.000883338940821
1400,0.159587914724,0.160694125301,0.160140064834,0.000391415228074
1400,0.160694125301,0.161808003764,0.161250102734,0.000459191554058
1400,0.161808003764,0.162929603264,0.162367835048,0.000191772235491
1400,0.162929603264,0.16405897732,0.163493315113,0
1400,0.16405897732,0.165196179823,0.164626596633,0.000715685647366
1400,0.165196179823,0.166341265037,0.165767733685,0.000523631905829
1400,0.166341265037,0.167494287603,0.166916780721,0.000464518351076
1400,0.167494287603,0.168655302539,0.168073792571,0.00013268975383
1400,0.168655302539,0.169824365246,0.169238824444,0.000252372334963
1400,0.169824365246,0.171001531509,0.170411931932,0.000484326770994
1400,0.171001531509,0.172186857499,0.171593171012,0.000440159801552
1400,0.172186857499,0.173380399775,0.172782598051,0.000544377048253
1400,0.173380399775,0.174582215292,0.173980269804,0.000678937297575
1400,0.174582215292,0.175792361396,0.175186243421,0.000315932593908
1400,0.175792361396,0.177010895832,0.176400576448,0.00120358639744
1400,0.177010895832,0.178237876745,0.177623326829,0.000500258312062
1400,0.178237876745,0.179473362683,0.178854552911,0.000753142634541
1400,0.179473362683,0.180717412601,0.180094313444,0.000548655445073
1400,0.180717412601,0.181970085861,0.181342667587,0.000201942274601
1400,0.181970085861,0.183231442237,0.182599674907,0.000758471397131
1400,0.183231442237,0.184501541918,0.183865395386,0.000652372789645
1400,0.184501541918,0.185780445509,0.185139889421,6.47480245696e-05
1400,0.185780445509,0.187068214037,0.186423217825,0.000120987984165
1400,0.187068214037,0.188364908949,0.187715441838,0.000292346068081
1400,0.188364908949,0.189670592121,0.189016623119,0
1400,0.189670592121,0.190985325857,0.190326823758,0.000658621469339
1400,0.190985325857,0.192309172891,0.191646106274,0.000260730294857
1400,0.192309172891,0.193642196395,0.192974533619,0.000541675217167
1400,0.193642196395,0.194984459976,0.194312169183,0.0015586921286
1400,0.194984459976,0.196336027684,0.195659076793,0.000423481138548
1400,0.196336027684,0.197696964011,0.197015320722,0.000954416322521
1400,0.197696964011,0.199067333899,0.198380965684,0.00106719944609
1400,0.199067333899,0.200447202737,0.199756076844,0.00130332081554
1400,0.200447202737,0.201836636368,0.20114071982,0.000399361833573
1400,0.201836636368,0.203235701094,0.202534960682,0.000697166364475
1400,0.203235701094,0.204644463672,0.203938865961,0.000354060912721
1400,0.204644463672,0.206062991327,0.205352502646,0.000466929482616
1400,0.206062991327,0.207491351745,0.206775938192,0.000566919378939
1400,0.207491351745,0.208929613085,0.208209240522,7.0982947673e-05
1400,0.208929613085,0.210377843977,0.209652478029,0.000673721289685
1400,0.210377843977,0.211836113525,0.211105719581,0.000506572088446
1400,0.211836113525,0.213304491315,0.212569034522,0
1400,0.213304491315,0.214783047413,0.214042492677,0.000565238548017
1400,0.214783047413,0.216271852373,0.215526164357,0.000195641797675
1400,0.216271852373,0.217770977235,0.217020120357,0.0010204380892
1400,0.217770977235,0.219280493535,0.218524431965,0
1400,0.219280493535,0.220800473302,0.220039170964,0.000426984137554
1400,0.220800473302,0.222330989065,0.221564409631,0.000148828923916
1400,0.222330989065,0.223872113857,0.223100220748,0.00118661407498
1400,0.223872113857,0.225423921215,0.224646677599,0.00031867849964
1400,0.225423921215,0.226986485188,0.226203853977,0.000489898242109
1400,0.226986485188,0.228559880338,0.227771824186,0.000438406118927
1400,0.228559880338,0.230144181741,0.229350663045,0.000935884993356
1400,0.230144181741,0.231739464997,0.230940445892,0.000512632779178
1400,0.231739464997,0.233345806228,0.232541248587,0.00031186775743
1400,0.233345806228,0.234963282085,0.234153147517,0.000361010656772
1400,0.234963282085,0.236591969749,0.235776219596,1.42074294065e-05
1400,0.236591969749,0.238231946936,0.237410542273,0.000433972918605
1400,0.238231946936,0.239883291902,0.239056193534,0.000650831167155
1400,0.239883291902,0.241546083444,0.240713251905,0.0006580174375
1400,0.241546083444,0.243220400907,0.242381796455,0.000478392526437
1400,0.243220400907,0.244906324184,0.244061906804,0.0011487868725
1400,0.244906324184,0.246603933723,0.245753663122,0.000577658176606
1400,0.246603933723,0.24831331053,0.247457146133,0.0015517557454
1400,0.24831331053,0.25003453617,0.249172437125,0.000390126619473
1400,0.25003453617,0.251767692776,0.250899617947,0.000413749077643
1400,0.251767692776,0.25351286305,0.252638771013,0.000776235698559
1400,0.25351286305,0.255270130266,0.254389979313,0.000668803699958
1400,0.255270130266,0.257039578277,0.256153326409,0.00176861226186
1400,0.257039578277,0.258821291515,0.257928896443,0.000953187280108
1400,0.258821291515,0.260615355,0.25971677414,0.000422969389555
1400,0.260615355,0.262421854338,0.261517044814,0.00113896649593
1400,0.262421854338,0.264240875732,0.263329794368,8.13520737771e-05
1400,0.264240875732,0.26607250598,0.265155109301,0.000611458421001
1400,0.26607250598,0.267916832482,0.266993076713,0.000359294718809
1400,0.267916832482,0.269773943244,0.268843784306,0.000383548379087
1400,0.269773943244,0.271643926884,0.270707320392,0.000314430447324
1400,0.271643926884,0.273526872631,0.272583773893,0.000547898842949
1400,0.273526872631,0.275422870334,0.274473234348,0.000636688808212
1400,0.275422870334,0.277332010465,0.276375791917,0.000416486642317
1400,0.277332010465,0.279254384124,0.278291537385,0.000289309645088
1400,0.279254384124,0.28119008304,0.280220562167,0.000991403284519
1400,0.28119008304,0.28313919958,0.282162958309,0.000266123701022
1400,0.28313919958,0.28510182675,0.284118818498,0.000867719685093
1400,0.28510182675,0.287078058202,0.286088236063,0.00164150571114
1400,0.287078058202,0.289067988237,0.288071304978,0.000658663477803
1400,0.289067988237,0.291071711807,0.290068119869,0.00091581868235
1400,0.291071711807,0.293089324525,0.292078776021,0.000876389569765
1400,0.293089324525,0.295120922667,0.294103369375,0.000648476074341
1400,0.295120922667,0.297166603174,0.296141996539,0.000234542365036
1400,0.297166603174,0.299226463661,0.298194754793,0.000325186294282
1400,0.299226463661,0.301300602419,0.300261742086,0.000418068883708
1400,0.301300602419,0.303389118419,0.302343057051,0.00124532633317
1400,0.303389118419,0.305492111322,0.304438799002,0.00104727103837
1400,0.305492111322,0.307609681474,0.306549067943,0.000300134340034
1400,0.307609681474,0.309741929922,0.308673964568,0.00154574452728
1400,0.309741929922,0.311888958409,0.310813590274,4.97300151455e-05
1400,0.311888958409,0.314050869388,0.312968047156,0.000813075630623
1400,0.314050869388,0.316227766017,0.31513743802,0.000791717653798
1400,0.316227766017,0.318419752173,0.317321866384,0.000792161976902
1400,0.318419752173,0.320626932451,0.319521436481,0.000503301014184
1400,0.320626932451,0.322849412171,0.32173625327,0.000988078508279
1400,0.322849412171,0.325087297385,0.323966422435,0
1400,0.325087297385,0.327340694879,0.326212050394,0.000773243967223
1400,0.327340694879,0.329609712177,0.328473244303,5.20205765173e-05
1400,0.329609712177,0.331894457553,0.330750112059,0.000500383314862
1400,0.331894457553,0.334195040026,0.333042762309,0.000666707562298
1400,0.334195040026,0.336511569375,0.335351304451,0.000690195076022
1400,0.336511569375,0.338844156139,0.337675848642,7.65039869099e-05
1400,0.338844156139,0.341192911622,0.340016505804,0.000694571608759
1400,0.341192911622,0.3435579479,0.342373387626,0.000541630826774
1400,0.3435579479,0.345939377826,0.344746606573,0.00054409746012
1400,0.345939377826,0.348337315036,0.347136275888,0.000378309255202
1400,0.348337315036,0.350751873953,0.349542509599,0.000564453505344
1400,0.350751873953,0.353183169792,0.351965422525,0.00154406387658
1400,0.353183169792,0.355631318569,0.354405130281,0.000749816164766
1400,0.355631318569,0.358096437103,0.356861749283,0.000464433555754
1400,0.358096437103,0.360578643022,0.359335396755,0.000324364214573
1400,0.360578643022,0.36307805477,0.361826190732,0.00073884665897
1400,0.36307805477,0.365594791613,0.364334250068,0.00037805200823
1400,0.365594791613,0.368128973643,0.366859694441,0.000606414188842
1400,0.368128973643,0.370680721783,0.369402644358,0.000540013547813
1400,0.370680721783,0.373250157796,0.371963221162,0.000527861960471
1400,0.373250157796,0.375837404288,0.374541547036,0.000312849116342
1400,0.375837404288,0.378442584717,0.377137745011,0.000850357441528
1400,0.378442584717,0.381065823394,0.379751938971,0.000394552307814
1400,0.381065823394,0.383707245492,0.382384253658,0.000514751191644
1400,0.383707245492,0.386366977054,0.385034814679,0.000492260285464
1400,0.386366977054,0.389045144994,0.38770374851,4.87153034895e-05
1400,0.389045144994,0.391741877108,0.390391182508,0.000296711977839
1400,0.391741877108,0.394457302075,0.393097244907,0.000916570885593
1400,0.394457302075,0.397191549469,0.395822064836,0.000793131091441
1400,0.397191549469,0.399944749761,0.398565772313,0.000265230832876
1400,0.399944749761,0.402717034325,0.401328498263,0.000381572080728
1400,0.402717034325,0.405508535448,0.404110374513,0.00113101945774
1400,0.405508535448,0.408319386333,0.406911533809,0.000872285319696
1400,0.408319386333,0.411149721105,0.409732109814,0.000668000439314
1400,0.411149721105,0.41399967482,0.412572237117,0.00101047020199
1400,0.41399967482,0.41686938347,0.415432051242,7.59139787421e-05
1400,0.41686938347,0.419758983991,0.418311688651,0.000807849704255
1400,0.419758983991,0.422668614266,0.421211286754,0.000707674632195
1400,0.422668614266,0.425598413134,0.42413098391,0.000727326939406
1400,0.425598413134,0.428548520397,0.427070919441,0.0013318664378
1400,0.428548520397,0.431519076828,0.430031233631,0.000264019523448
1400,0.431519076828,0.434510224172,0.433012067738,0.000100009913061
1400,0.434510224172,0.437522105158,0.436013564,0.000899038253611
1400,0.437522105158,0.440554863507,0.439035865641,0.00025960694099
1400,0.440554863507,0.443608643931,0.442079116876,0.00116115201065
1400,0.443608643931,0.446683592151,0.44514346292,0.000280030866758
1400,0.446683592151,0.449779854893,0.448229049997,0.00142892950121
1400,0.449779854893,0.452897579904,0.451336025341,0.000310396403212
1400,0.452897579904,0.456036915951,0.45446453721,0.000354999274144
1400,0.456036915951,0.459198012837,0.457614734886,0.00103216425494
1400,0.459198012837,0.462381021399,0.46078676869,0.000395317617981
1400,0.462381021399,0.465586093523,0.463980789982,0.000621296830262
1400,0.465586093523,0.468813382145,0.467196951172,0.000567784765609
1400,0.468813382145,0.472063041264,0.470435405726,0.000453046221439
1400,0.472063041264,0.475335225943,0.473696308175,0.000141634749428
1400,0.475335225943,0.478630092323,0.476979814119,0.000475358496664
1400,0.478630092323,0.481947797625,0.48028608024,0.000846620011044
1400,0.481947797625,0.485288500162,0.483615264302,0.00100268215221
1400,0.485288500162,0.488652359343,0.486967525166,0.000456871275827
1400,0.488652359343,0.492039535681,0.490343022792,0.000177404680719
1400,0.492039535681,0.495450190805,0.49374191825,0
1400,0.495450190805,0.49888448746,0.497164373725,0.000330201454894
1400,0.49888448746,0.502342589522,0.500610552529,0.000386812887502
1400,0.502342589522,0.505824662003,0.504080619103,7.43079423668e-05
1400,0.505824662003,0.509330871057,0.507574739029,0.000701937194149
1400,0.509330871057,0.512861383991,0.511093079037,0.000486310190267
1400,0.512861383991,0.516416369272,0.514635807014,0.000270626963684
1400,0.516416369272,0.519995996534,0.518203092007,0.000582802465637
1400,0.519995996534,0.523600436586,0.521795104239,0.000278316967159
1400,0.523600436586,0.527229861423,0.52541201511,0.000474488937571
1400,0.527229861423,0.530884444231,0.52905399721,0.000788828249474
1400,0.530884444231,0.534564359397,0.532721224323,0.000308561903232
1400,0.534564359397,0.538269782516,0.53641387144,0.000875682911178
1400,0.538269782516,0.542000890402,0.540132114765,0.000647328042251
1400,0.542000890402,0.545757861091,0.54387613172,0.000383933036499
1400,0.545757861091,0.549540873858,0.547646100962,0.000256025245898
1400,0.549540873858,0.553350109216,0.551442202382,0.000252712774202
1400,0.553350109216,0.557185748932,0.55526461712,0.000481672237335
1400,0.557185748932,0.561047976032,0.559113527571,0.000874125022379
1400,0.561047976032,0.564936974812,0.562989117394,0
1400,0.564936974812,0.568852930844,0.566891571523,0.000689998878996
1400,0.568852930844,0.572796030986,0.570821076172,0.000150351433925
1400,0.572796030986,0.576766463392,0.574777818846,0.00101389934591
1400,0.576766463392,0.580764417521,0.578761988349,0.000363023751732
1400,0.580764417521,0.584790084144,0.582773774796,0.000879222504388
1400,0.584790084144,0.588843655356,0.586813369619,0.000208704280261
1400,0.588843655356,0.59292532458,0.590880965575,0.00170541459143
1400,0.59292532458,0.597035286584,0.594976756759,0.000607289883552
1400,0.597035286584,0.601173737483,0.599100938611,0.00115018835043
1400,0.601173737483,0.605340874754,0.603253707927,0.000617017899948
1400,0.605340874754,0.60953689724,0.607435262864,0.000939363250875
1400,0.60953689724,0.613762005165,0.611645802955,0.000569272972553
1400,0.613762005165,0.618016400138,0.615885529115,0.000121581124784
1400,0.618016400138,0.622300285169,0.620154643654,0.000138604440847
1400,0.622300285169,0.626613864672,0.624453350281,0.000554081759322
1400,0.626613864672,0.63095734448,0.628781854118,0.000152743469136
1400,0.63095734448,0.635330931852,0.633140361711,0.000719348652812
1400,0.635330931852,0.639734835483,0.637529081035,0.000500563068667
1400,0.639734835483,0.644169265515,0.641948221508,0.000832453824799
1400,0.644169265515,0.648634433548,0.646397994,0.000324512274254
1400,0.648634433548,0.653130552647,0.65087861084,0.000793713503977
1400,0.653130552647,0.657657837355,0.655390285833,0.00127134472196
1400,0.657657837355,0.662216503702,0.659933234264,0.000554196378575
1400,0.662216503702,0.666806769214,0.664507672908,0.00163408952372
1400,0.666806769214,0.671428852926,0.669113820046,0.000124851010142
1400,0.671428852926,0.676082975392,0.673751895471,0.000258609025009
1400,0.676082975392,0.680769358694,0.678422120498,2.63998940771e-05
1400,0.680769358694,0.685488226453,0.683124717979,0.000153590771931
1400,0.685488226453,0.69023980384,0.687859912309,0.00123260428513
1400,0.69023980384,0.695024317589,0.692627929437,0.000625143246069
1400,0.695024317589,0.699841996002,0.697428996882,2.19081745566e-05
1400,0.699841996002,0.704693068967,0.702263343736,0.000234263175346
1400,0.704693068967,0.709577767963,0.707131200681,0.000369013470806
1400,0.709577767963,0.714496326076,0.712032799999,0.000210816979316
1400,0.714496326076,0.719448978004,0.71696837558,0.000234438415034
1400,0.719448978004,0.724435960075,0.721938162937,0.000589138729377
1400,0.724435960075,0.729457510255,0.726942399214,0.000194585247196
1400,0.729457510255,0.734513868157,0.7319813232,0.00099967248426
1400,0.734513868157,0.739605275058,0.737055175338,0.000919370331788
1400,0.739605275058,0.744731973906,0.742164197739,0.000629650395762
1400,0.744731973906,0.749894209332,0.747308634191,0.00119476711741
1400,0.749894209332,0.755092227665,0.752488730174,0.000786901977418
1400,0.755092227665,0.76032627694,0.757704732866,0.00016949312454
1400,0.76032627694,0.765596606911,0.762956891162,0.000332792518453
1400,0.765596606911,0.770903469064,0.768245455679,0.000857112699975
1400,0.770903469064,0.776247116629,0.773570678775,0.000360981739551
1400,0.776247116629,0.781627804588,0.778932814554,0.00109147328287
1400,0.781627804588,0.787045789695,0.784332118882,0.000521739159662
1400,0.787045789695,0.79250133048,0.7897688494,0.000181111668121
1400,0.79250133048,0.797994687268,0.795243265533,0.00055733395678
1400,0.797994687268,0.803526122186,0.800755628507,0.000695506311814
1400,0.803526122186,0.809095899178,0.806306201355,0.000477961180383
1400,0.809095899178,0.814704284021,0.811895248936,0.000346884811115
1400,0.814704284021,0.82035154433,0.817523037944,0.000480891153316
1400,0.82035154433,0.826037949577,0.823189836921,0.00127048274039
1400,0.826037949577,0.831763771103,0.828895916273,1.11222350037e-05
1400,0.831763771103,0.837529282127,0.834641548277,0.000267895378654
1400,0.837529282127,0.843334757764,0.8404270071,0.000727744664099
1400,0.843334757764,0.849180475036,0.846252568807,0.000524088886549
1400,0.849180475036,0.855066712885,0.852118511379,0.000451883218112
1400,0.855066712885,0.860993752185,0.858025114723,0.000445998791582
1400,0.860993752185,0.866961875758,0.863972660684,0
1400,0.866961875758,0.872971368388,0.869961433065,0.000520672441347
1400,0.872971368388,0.879022516831,0.875991717633,0.00131549379236
1400,0.879022516831,0.885115609831,0.882063802137,5.71116386085e-05
1400,0.885115609831,0.891250938134,0.888177976319,0.000803101802696
1400,0.891250938134,0.897428794501,0.894334531933,0.000623774918353
1400,0.897428794501,0.903649473722,0.900533762751,0.000569313244684
1400,0.903649473722,0.909913272632,0.906775964584,0.000593697611791
1400,0.909913272632,0.916220490122,0.913061435293,0.000500439626676
1400,0.916220490122,0.922571427155,0.919390474804,0.000761270804865
1400,0.922571427155,0.92896638678,0.925763385121,0.000442414787864
1400,0.92896638678,0.935405674148,0.932180470342,0.000417206000632
1400,0.935405674148,0.941889596523,0.938642036672,0.000536700206478
1400,0.941889596523,0.948418463301,0.945148392441,3.59283458467e-05
1400,0.948418463301,0.954992586021,0.951699848113,0
1400,0.954992586021,0.961612278384,0.958296716306,0.000689843936058
1400,0.961612278384,0.968277856261,0.964939311806,0.000998518014146
1400,0.968277856261,0.974989637717,0.971627951577,0.000365138588484
1400,0.974989637717,0.98174794302,0.978362954785,0.00024473072188
1400,0.98174794302,0.988553094657,0.985144642804,0.00103445870179
1400,0.988553094657,0.995405417352,0.991973339239,0.000174084696819
1400,0.995405417352,1.00230523808,0.998849369937,0.000519861938011
1400,1.00230523808,1.00925288608,1.005773063,0.000450517286409
1400,1.00925288608,1.01624869287,1.01274474881,0.000216559849806
1400,1.01624869287,1.02329299228,1.01976476004,0.000558152361185
1400,1.02329299228,1.03038612044,1.02683343167,0.000585091915477
1400,1.03038612044,1.03752841582,1.03395110098,0.00093783766236
1400,1.03752841582,1.04472021922,1.04111810762,0.000460711616397
1400,1.04472021922,1.05196187382,1.04833479358,0.000186413342265
1400,1.05196187382,1.05925372518,1.05560150322,0.00106915574715
1400,1.05925372518,1.06659612123,1.06291858328,0.000707904600168
1400,1.06659612123,1.07398941234,1.07028638291,0.000431604385119
1400,1.07398941234,1.0814339513,1.07770525369,0.000432432292266
1400,1.0814339513,1.08893009333,1.08517554963,0.000982689218689
1400,1.08893009333,1.09647819614,1.09269762719,0.000281517094699
1400,1.09647819614,1.1040786199,1.1002718453,0.000111751011962
1400,1.1040786199,1.11173172728,1.10789856537,0.000232466262732
1400,1.11173172728,1.11943788347,1.11557815135,0.000419162905337
1400,1.11943788347,1.12719745618,1.12331096967,0.000181185619603
1400,1.12719745618,1.13501081567,1.13109738933,0.000963824590573
1400,1.13501081567,1.14287833479,1.13893778188,0.00126130875081
1400,1.14287833479,1.15080038894,1.14683252142,0
1400,1.15080038894,1.15877735616,1.15478198469,0.00029680285589
1400,1.15877735616,1.16680961706,1.162786551,0.00127332685634
1400,1.16680961706,1.17489755494,1.17084660232,0.000988435920216
1400,1.17489755494,1.18304155573,1.17896252324,0.000411536705369
1400,1.18304155573,1.19124200803,1.18713470104,8.19534644564e-05
1400,1.19124200803,1.19949930315,1.19536352567,0.000115592565469
1400,1.19949930315,1.20781383511,1.20364938979,5.26285522997e-05
1400,1.20781383511,1.21618600065,1.21199268877,0.000271843952495
1400,1.21618600065,1.22461619927,1.22039382074,0.000167227634598
1400,1.22461619927,1.23310483323,1.22885318658,0.000822601687496
1400,1.23310483323,1.24165230759,1.23737118994,0.000367583528362
1400,1.24165230759,1.25025903022,1.24594823727,0.000113059351922
1400,1.25025903022,1.25892541179,1.25458473786,0.000150427498085
1400,1.25892541179,1.26765186586,1.26328110381,0.00110258437317
1400,1.26765186586,1.27643880881,1.27203775009,0.00068333710037
1400,1.27643880881,1.28528665994,1.28085509454,0.000388244962098
1400,1.28528665994,1.29419584145,1.2897335579,0.000234771176189
1400,1.29419584145,1.30316677845,1.29867356383,0
1400,1.30316677845,1.31219989902,1.30767553892,0.000390972904045
1400,1.31219989902,1.32129563419,1.31673991272,0.000155841460286
1400,1.32129563419,1.33045441798,1.32586711776,0.000146064896106
1400,1.33045441798,1.33967668743,1.33505758956,0.000633982968377
1400,1.33967668743,1.34896288259,1.34431176667,0.000726651695383
1400,1.34896288259,1.35831344659,1.35363009067,0.000776827958771
1400,1.35831344659,1.3677288256,1.36301300621,0.000227405904972
1400,1.3677288256,1.37720946889,1.37246096101,0.000872563452559
1400,1.37720946889,1.38675582887,1.3819744059,0
1400,1.38675582887,1.39636836106,1.39155379484,0.000162907261288
1400,1.39636836106,1.40604752413,1.40119958494,0.000359120876779
1400,1.40604752413,1.41579377996,1.41091223646,0.000577627541863
1400,1.41579377996,1.4256075936,1.42069221286,0.000148216406289
1400,1.4256075936,1.43548943335,1.43053998082,0.000456465197046
1400,1.43548943335,1.44543977075,1.44045601025,0.000423778268432
1400,1.44543977075,1.45545908058,1.4504407743,0.000600166667682
1400,1.45545908058,1.46554784096,1.46049474944,0
1400,1.46554784096,1.47570653328,1.4706184154,0.000593378835972
1400,1.47570653328,1.48593564229,1.48081225527,0.000508143185964
1400,1.48593564229,1.49623565609,1.49107675545,0.000572643989623
1400,1.49623565609,1.50660706619,1.50141240575,0.000148665128071
1400,1.50660706619,1.51705036746,1.51181969936,0.000977256820255
1400,1.51705036746,1.52756605824,1.52229913288,0.000322329860474
1400,1.52756605824,1.5381546403,1.53285120636,0.000314274208981
1400,1.5381546403,1.54881661891,1.54347642332,0.000636825134536
1400,1.54881661891,1.55955250283,1.55417529077,0
1400,1.55955250283,1.57036280433,1.56494831922,0.000832029336533
1400,1.57036280433,1.58124803927,1.57579602274,0.000980682225709
1400,1.58124803927,1.59220872705,1.58671891895,0.000543598563491
1400,1.59220872705,1.60324539069,1.59771752906,0.000461715206047
1400,1.60324539069,1.61435855683,1.60879237789,0.000836649255431
1400,1.61435855683,1.62554875575,1.6199439939,0.000909876423155
1400,1.62554875575,1.63681652143,1.63117290923,0.000254054201769
1400,1.63681652143,1.64816239153,1.64247965967,0.000258278413779
1400,1.64816239153,1.65958690744,1.65386478477,0.000551685632923
1400,1.65958690744,1.67109061431,1.66532882779,7.91898091978e-06
1400,1.67109061431,1.68267406107,1.67687233575,0.000798899777835
1400,1.68267406107,1.69433780045,1.68849585949,7.12643079422e-06
1400,1.69433780045,1.706082389,1.70019995364,0.000354488635142
1400,1.706082389,1.71790838716,1.7119851767,0.000604049790254
1400,1.71790838716,1.72981635922,1.72385209103,0.000752342512678
1400,1.72981635922,1.74180687339,1.73580126287,0.000791195497191
1400,1.74180687339,1.75388050184,1.74783326242,0.000698409894991
1400,1.75388050184,1.76603782069,1.7599486638,0.000691069280456
1400,1.76603782069,1.77827941004,1.77214804514,0.000101481489187
1400,1.77827941004,1.79060585404,1.78443198854,0.000644139976153
1400,1.79060585404,1.80301774086,1.79680108017,0.000442631586707
1400,1.80301774086,1.81551566277,1.80925591025,0.000948690601731
1400,1.81551566277,1.82810021614,1.82179707309,0.000918862988736
1400,1.82810021614,1.84077200147,1.83442516712,0.000771060956659
1400,1.84077200147,1.85353162341,1.84714079491,0.000527398138443
1400,1.85353162341,1.86637969083,1.85994456322,0
1400,1.86637969083,1.8793168168,1.87283708302,0.000239916697043
1400,1.8793168168,1.89234361864,1.88581896949,0.000423363622772
1400,1.89234361864,1.90546071796,1.8988908421,0.00102622011628
1400,1.90546071796,1.91866874067,1.9120533246,0.000558452217601
1400,1.91866874067,1.93196831702,1.92530704508,0.000349243568082
1400,1.93196831702,1.94536008162,1.93865263595,0.00058111345827
1400,1.94536008162,1.95884467351,1.95209073404,0.000742097861759
1400,1.95884467351,1.97242273611,1.96562198058,0
1400,1.97242273611,1.98609491736,1.97924702124,0.00050212380724
1400,1.98609491736,1.99986186963,1.99296650616,6.58711146547e-05
1400,1.99986186963,2.01372424986,2.00678109002,0.000230917260624
1400,2.01372424986,2.02768271952,2.02069143199,0.000188286513997
1400,2.02768271952,2.04173794467,2.03469819585,0.00107612064967
1400,2.04173794467,2.05589059598,2.04880204996,0.000445440360363
1400,2.05589059598,2.07014134879,2.06300366731,0.000747584051316
1400,2.07014134879,2.0844908831,2.07730372557,0.00109909956584
1400,2.0844908831,2.09893988362,2.0917029071,0.000311557654411
1400,2.09893988362,2.11348903984,2.10620189899,0.000677543986196
1400,2.11348903984,2.12813904598,2.12080139309,0.000745065864893
1400,2.12813904598,2.14289060112,2.13550208605,0.00159308745712
1400,2.14289060112,2.15774440915,2.15030467934,0.000269088577096
1400,2.15774440915,2.17270117886,2.16520987931,0.000722327814363
1400,2.17270117886,2.18776162395,2.18021839719,0.00053324257217
1400,2.18776162395,2.20292646305,2.19533094914,0.000657397730912
1400,2.20292646305,2.2181964198,2.2105482563,0.00139243460058
1400,2.2181964198,2.23357222283,2.22587104479,0.000312211500632
1400,2.23357222283,2.24905460584,2.24130004578,0.000445284361513
1400,2.24905460584,2.26464430759,2.2568359955,0.00035414540259
1400,2.26464430759,2.280342072,2.27247963527,0.000872727659399
1400,2.280342072,2.29614864811,2.28823171158,0.00056465883025
1400,2.29614864811,2.31206479018,2.30409297606,3.67390342663e-05
1400,2.31206479018,2.32809125767,2.32006418557,0.000181573433484
1400,2.32809125767,2.34422881532,2.33614610222,0.000762666329949
1400,2.34422881532,2.36047823318,2.35233949339,0.00082879708127
1400,2.36047823318,2.37684028662,2.36864513178,2.07502553925e-05
1400,2.37684028662,2.39331575641,2.38506379547,0.000260243687103
1400,2.39331575641,2.40990542869,2.40159626789,0.000858367211601
1400,2.40990542869,2.42661009508,2.41824333793,0.000222106411447
1400,2.42661009508,2.44343055269,2.43500579995,0.000210099774306
1400,2.44343055269,2.46036760415,2.45188445381,0
1400,2.46036760415,2.47742205763,2.46888010491,0.000950460695923
1400,2.47742205763,2.49459472694,2.48599356423,0.000849111479607
1400,2.49459472694,2.51188643151,2.50322564838,0.000188201400932
1400,2.51188643151,2.52929799645,2.52057717964,0.000315217826839
1400,2.52929799645,2.54683025259,2.53804898596,0
1400,2.54683025259,2.56448403652,2.55564190106,0.000704528968505
1400,2.56448403652,2.58226019063,2.57335676443,0.000538765831039
1400,2.58226019063,2.60015956317,2.59119442135,0.000397022974687
1400,2.60015956317,2.61818300822,2.60915572301,0.000917079198861
1400,2.61818300822,2.63633138583,2.62724152647,6.90357056254e-05
1400,2.63633138583,2.65460556198,2.64545269472,0.000336322253592
1400,2.65460556198,2.67300640866,2.66379009677,0.000825994018969
1400,2.67300640866,2.69153480393,2.68225460761,0.000465830117687
1400,2.69153480393,2.71019163189,2.70084710832,0.000759630229257
1400,2.71019163189,2.72897778281,2.7195684861,0.00108606778275
1400,2.72897778281,2.7478941531,2.73841963426,0.00081630864019
1400,2.7478941531,2.76694164541,2.75740145235,0.000164296428638
1400,2.76694164541,2.78612116863,2.77651484611,0.000384821716944
1400,2.78612116863,2.80543363795,2.79576072758,0.000486588088673
1400,2.80543363795,2.82487997492,2.81514001513,0.000562564334796
1400,2.82487997492,2.84446110745,2.83465363349,0
1400,2.84446110745,2.86417796991,2.85430251379,0.000131475449295
1400,2.86417796991,2.88403150313,2.87408759362,0.00062774134584
1400,2.88403150313,2.90402265446,2.89400981707,9.92097515638e-05
1400,2.90402265446,2.92415237784,2.91407013477,0
1400,2.92415237784,2.9444216338,2.93426950396,0.000447120626488
1400,2.9444216338,2.96483138952,2.95460888848,0.000437527923571
1400,2.96483138952,2.98538261892,2.97508925888,0
1400,2.98538261892,3.00607630263,2.99571159243,0.000651673210795
1400,3.00607630263,3.0269134281,3.01647687316,4.32330455667e-05
1400,3.0269134281,3.04789498963,3.03738609195,8.69473354524e-05
1400,3.04789498963,3.06902198839,3.05844024651,0.00129093949236
1400,3.06902198839,3.09029543251,3.0796403415,0.000547893958641
1400,3.09029543251,3.11171633711,3.10098738853,0.000297965441173
1400,3.11171633711,3.13328572432,3.12248240622,0.00094036142969
1400,3.13328572432,3.15500462337,3.14412642026,0.000388476033018
1400,3.15500462337,3.17687407065,3.16592046343,0.000535740866809
1400,3.17687407065,3.19889510969,3.1878655757,0.00102736513192
1400,3.19889510969,3.22106879128,3.20996280421,0
1400,3.22106879128,3.24339617349,3.2322132034,0.000681848334318
1400,3.24339617349,3.26587832172,3.25461783498,0.000308119598566
1400,3.26587832172,3.28851630876,3.27717776805,0.000651901763058
1400,3.28851630876,3.31131121483,3.29989407911,0.000531685022365
1400,3.31131121483,3.33426412763,3.32276785211,0.000567964527033
1400,3.33426412763,3.35737614243,3.34580017853,0.000213830779165
1400,3.35737614243,3.38064836206,3.36899215741,0.000630679477316
1400,3.38064836206,3.40408189701,3.39234489541,0.00107238087153
1400,3.40408189701,3.42767786546,3.41585950686,0.000661317486729
1400,3.42767786546,3.45143739336,3.43953711381,0.000587862993753
1400,3.45143739336,3.47536161443,3.46337884608,0.000222827326753
1400,3.47536161443,3.49945167028,3.48738584135,0.000247677639675
1400,3.49945167028,3.52370871042,3.51155924516,0.00016477544662
1400,3.52370871042,3.54813389234,3.535900211,0.000802250213274
1400,3.54813389234,3.57272838152,3.56040990036,0.000788350695288
1400,3.57272838152,3.59749335156,3.58508948277,0
1400,3.59749335156,3.62242998417,3.60994013586,0.000658340603491
1400,3.62242998417,3.64753946926,3.63496304546,0.00149943722513
1400,3.64753946926,3.67282300498,3.66015940558,0.000751445539461
1400,3.67282300498,3.6982817978,3.68553041852,0.000366984425326
1400,3.6982817978,3.72391706255,3.71107729493,0.000525196044156
1400,3.72391706255,3.74973002245,3.73680125382,0
1400,3.74973002245,3.77572190925,3.76270352268,0.000402436012118
1400,3.77572190925,3.80189396321,3.78878533748,0.000713309366751
1400,3.80189396321,3.82824743317,3.81504794279,0.000347059007563
1400,3.82824743317,3.85478357666,3.84149259179,0.000288213631992
1400,3.85478357666,3.88150365991,3.86812054633,0.000644733349598
1400,3.88150365991,3.90840895792,3.89493307704,0.000522275507133
1400,3.90840895792,3.93550075456,3.92193146333,0.000509640699669
1400,3.93550075456,3.96278034255,3.94911699349,0.000407603288823
1400,3.96278034255,3.99024902362,3.97649096475,1.40953189727e-05
1400,3.99024902362,4.01790810849,4.00405468331,0.000557675187996
1400,4.01790810849,4.04575891697,4.03180946443,0.000280013543677
1400,4.04575891697,4.07380277804,4.05975663252,0.000324766725263
1400,4.07380277804,4.10204102987,4.08789752111,2.14294656055e-05
1400,4.10204102987,4.1304750199,4.11623347303,0.000641317928358
1400,4.1304750199,4.15910610494,4.14476584038,0.000390640433709
1400,4.15910610494,4.18793565118,4.17349598465,0.00148105156845
1400,4.18793565118,4.21696503429,4.20242527677,0.000588389983968
1400,4.21696503429,4.24619563946,4.23155509717,0.000555976337155
1400,4.24619563946,4.27562886152,4.26088683583,0.000823056273748
1400,4.27562886152,4.30526610492,4.29042189239,3.24216024181e-05
1400,4.30526610492,4.33510878388,4.32016167618,0.00090277313413
1400,4.33510878388,4.3651583224,4.35010760631,0
1400,4.3651583224,4.39541615438,4.3802611117,0.000928374840897
1400,4.39541615438,4.42588372363,4.41062363121,0
1400,4.42588372363,4.45656248398,4.44119661366,0.00127140791108
1400,4.45656248398,4.48745389933,4.47198151789,9.34431046621e-05
1400,4.48745389933,4.51855944375,4.50297981288,0.00137442792736
1400,4.51855944375,4.5498806015,4.53419297779,0.000843062527884
1400,4.5498806015,4.58141886715,4.56562250202,0.000635741706828
1400,4.58141886715,4.6131757456,4.59726988531,0.000490310236799
1400,4.6131757456,4.64515275223,4.62913663778,0.000280113810886
1400,4.64515275223,4.67735141287,4.66122428002,0.0016660581441
1400,4.67735141287,4.70977326397,4.69353434317,0.000137596471052
1400,4.70977326397,4.7424198526,4.72606836898,0.00157504194563
1400,4.7424198526,4.77529273658,4.75882790989,0.00102273655527
1400,4.77529273658,4.8083934845,4.79181452908,0.000518732101404
1400,4.8083934845,4.84172367584,4.8250298006,0
1400,4.84172367584,4.87528490103,4.85847530937,0.00023441778746
1400,4.87528490103,4.90907876153,4.89215265134,0.000323300888931
1400,4.90907876153,4.94310686987,4.9260634335,0.000165964933292
1400,4.94310686987,4.97737084979,4.96020927396,0.000213729552034
1400,4.97737084979,5.01187233627,4.99459180208,0.000382511180294
1400,5.01187233627,5.04661297564,5.0292126585,0.00131122157638
1400,5.04661297564,5.08159442561,5.06407349524,0.000925353812813
1400,5.08159442561,5.1168183554,5.09917597575,0.000486101640401
1400,5.1168183554,5.15228644582,5.13452177503,0
1400,5.15228644582,5.18800038929,5.17011257969,0.000584313054317
1400,5.18800038929,5.22396188999,5.20595008802,0.000162048770701
1400,5.22396188999,5.26017266391,5.24203601008,0.000982612236358
1400,5.26017266391,5.29663443892,5.27837206782,0.00110077583074
1400,5.29663443892,5.33334895488,5.31495999507,0.00053911058752
1400,5.33334895488,5.3703179637,5.35180153771,0.00111917208998
1400,5.3703179637,5.40754322946,5.38889845373,0.000773907488836
1400,5.40754322946,5.44502652842,5.42625251329,0
1400,5.44502652842,5.48276964921,5.46386549882,0.000545833392321
1400,5.48276964921,5.52077439281,5.50173920511,0.00126113665145
1400,5.52077439281,5.5590425727,5.53987543939,0.00133071398006
1400,5.5590425727,5.59757601495,5.57827602141,0.000562990779484
1400,5.59757601495,5.63637655826,5.61694278356,0
1400,5.63637655826,5.67544605409,5.65587757089,0.000360954893766
1400,5.67544605409,5.71478636672,5.69508224128,0.00140959155768
1400,5.71478636672,5.75439937337,5.73455866546,0.000441324417687
1400,5.75439937337,5.79428696427,5.77430872714,3.92864969086e-05
1400,5.79428696427,5.83445104274,5.81433432308,0.000306008470749
1400,5.83445104274,5.8748935253,5.85463736321,0.000319697865242
1400,5.8748935253,5.91561634175,5.89521977065,0.000763669643266
1400,5.91561634175,5.95662143529,5.93608348191,0.000224317916006
1400,5.95662143529,5.99791076256,5.97723044689,0.000284497736605
1400,5.99791076256,6.03948629376,6.018662629,0.000169879423114
1400,6.03948629376,6.08135001279,6.06038200527,0.00113333155256
1400,6.08135001279,6.12350391725,6.10239056645,0
1400,6.12350391725,6.16595001861,6.14469031706,0.000433579911976
1400,6.16595001861,6.2086903423,6.18728327553,0.000545351037315
1400,6.2086903423,6.25172692776,6.23017147429,0.00116555494265
1400,6.25172692776,6.29506182857,6.27335695984,0.000700695934198
1400,6.29506182857,6.33869711257,6.31684179288,0.000544651359294
1400,6.33869711257,6.38263486191,6.36062804837,0.000856679644311
1400,6.38263486191,6.42687717317,6.40471781569,0.000608490361597
1400,6.42687717317,6.47142615749,6.44911319868,0.000297142668375
1400,6.47142615749,6.51628394061,6.49381631576,0.00083751785495
1400,6.51628394061,6.56145266303,6.53882930005,0.000548815116179
1400,6.56145266303,6.60693448008,6.58415429943,0.000506420923449
1400,6.60693448008,6.65273156202,6.62979347671,0.00101352133451
1400,6.65273156202,6.69884609417,6.67574900964,0.000385023976124
1400,6.69884609417,6.74528027698,6.72202309112,0.000804310158922
1400,6.74528027698,6.79203632617,6.7686179292,0.00113479301673
1400,6.79203632617,6.83911647281,6.81553574727,0.000181815547404
1400,6.83911647281,6.88652296344,6.86277878411,0.000149899511344
1400,6.88652296344,6.93425806017,6.91034929405,0.000559738269906
1400,6.93425806017,6.98232404077,6.95824954701,0.00054715984567
1400,6.98232404077,7.03072319884,7.00648182865,0.000670295047736
1400,7.03072319884,7.07945784384,7.05504844051,0.000382943294158
1400,7.07945784384,7.12853030127,7.10395170003,0.00117713278602
1400,7.12853030127,7.17794291271,7.15319394075,0.000328525674627
1400,7.17794291271,7.22769803602,7.20277751238,0.000285792401766
1400,7.22769803602,7.27779804537,7.25270478091,0.000282757074069
1400,7.27779804537,7.32824533139,7.30297812873,0.000694619198574
1400,7.32824533139,7.37904230129,7.35359995475,0.000496919988012
1400,7.37904230129,7.43019137897,7.40457267451,7.46858971865e-05
1400,7.43019137897,7.48169500511,7.45589872028,0.000324527504066
1400,7.48169500511,7.53355563734,7.5075805412,0.000278790988337
1400,7.53355563734,7.58577575029,7.55962060339,0.00112379006761
1400,7.58577575029,7.63835783578,7.61202139006,6.3691725578e-05
1400,7.63835783578,7.69130440287,7.66478540163,0.000837384864602
1400,7.69130440287,7.74461797803,7.71791515585,0.000545606609761
1400,7.74461797803,7.79830110523,7.77141318794,0.00140158190905
1400,7.79830110523,7.8523563461,7.82528205067,0.000221154269036
1400,7.8523563461,7.90678628,7.87952431451,0.00117865186806
1400,7.90678628,7.96159350417,7.93414256777,0.00099664543322
1400,7.96159350417,8.01678063388,7.98913941667,0.00140468183293
1400,8.01678063388,8.07235030249,8.04451748552,0.000596210627116
1400,8.07235030249,8.12830516164,8.1002794168,0.000975829820578
1400,8.12830516164,8.18464788135,8.15642787133,0.0015525296426
1400,8.18464788135,8.24138115013,8.21296552835,0.00132414798492
1400,8.24138115013,8.29850767514,8.26989508568,0.00123480672912
1400,8.29850767514,8.35603018231,8.32721925985,0.00132945509546
1400,8.35603018231,8.41395141645,8.38494078622,0.000793945268771
1400,8.41395141645,8.47227414141,8.44306241909,0.000940237212051
1400,8.47227414141,8.53100114018,8.50158693187,0.00149711122476
1400,8.53100114018,8.59013521505,8.5605171172,0.000397038043987
1400,8.59013521505,8.64967918776,8.61985578706,0.000820373362839
1400,8.64967918776,8.70963589956,8.67960577292,0.00171135643503
1400,8.70963589956,8.77000821144,8.73976992591,0.000387678579053
1400,8.77000821144,8.83079900419,8.80035111687,0.000682695694298
1400,8.83079900419,8.89201117858,8.86135223659,0.00136564527832
1400,8.89201117858,8.9536476555,8.92277619588,0.000864471141583
1400,8.9536476555,9.01571137606,8.98462592571,0.00162117418558
1400,9.01571137606,9.07820530178,9.04690437738,0.000658120717183
1400,9.07820530178,9.1411324147,9.10961452266,0.0009976114154
1400,9.1411324147,9.20449571753,9.1727593539,0.00129456904384
1400,9.20449571753,9.26829823379,9.2363418842,0.000558016951091
1400,9.26829823379,9.33254300797,9.30036514754,0.000980011171795
1400,9.33254300797,9.39723310565,9.36483219894,0.000751688624825
1400,9.39723310565,9.46237161366,9.4297461146,0.000383693393098
1400,9.46237161366,9.52796164024,9.49510999202,0.000580568986377
1400,9.52796164024,9.59400631516,9.5609269502,8.95009102959e-05
1400,9.59400631516,9.6605087899,9.62720012973,0.000770697908329
1400,9.6605087899,9.72747223777,9.693932693,0.00108272470386
1400,9.72747223777,9.79489985409,9.7611278243,0.00155045289412
1400,9.79489985409,9.86279485631,9.82878873,0.00168782431987
1400,9.86279485631,9.93116048421,9.89691863869,0.000925455272099
1400,9.93116048421,10,9.96552080135,0.780974060865
2500,0.01,0.0100693166885,0.0100345984915,0
2500,0.0100693166885,0.0101391138574,0.0101041550053,0
2500,0.0101391138574,0.0102093948371,0.0101741936618,0
2500,0.0102093948371,0.0102801629813,0.0102447178031,0
2500,0.0102801629813,0.0103514216668,0.0103157307944,0
2500,0.0103514216668,0.0104231742939,0.0103872360242,0
2500,0.0104231742939,0.0104954242865,0.0104592369046,0
2500,0.0104954242865,0.0105681750921,0.0105317368713,0
2500,0.0105681750921,0.0106414301822,0.0106047393837,0
2500,0.0106414301822,0.0107151930524,0.0106782479254,0
2500,0.0107151930524,0.0107894672223,0.0107522660039,0
2500,0.0107894672223,0.0108642562362,0.0108267971513,0
2500,0.0108642562362,0.0109395636627,0.0109018449239,0
2500,0.0109395636627,0.0110153930954,0.0109774129027,0
2500,0.0110153930954,0.0110917481526,0.0110535046938,0
2500,0.0110917481526,0.0111686324778,0.011130123928,0
2500,0.0111686324778,0.0112460497397,0.0112072742614,0
2500,0.0112460497397,0.0113240036324,0.0112849593753,0
2500,0.0113240036324,0.0114024978756,0.0113631829767,0
2500,0.0114024978756,0.011481536215,0.0114419487982,0
2500,0.011481536215,0.0115611224219,0.0115212605983,0
2500,0.0115611224219,0.0116412602941,0.0116011221615,0
2500,0.0116412602941,0.0117219536555,0.0116815372986,0
2500,0.0117219536555,0.0118032063565,0.0117625098468,0
2500,0.0118032063565,0.0118850222744,0.01184404367,0
2500,0.0118850222744,0.0119674053131,0.0119261426586,0
2500,0.0119674053131,0.0120503594037,0.0120088107301,0
2500,0.0120503594037,0.0121338885046,0.0120920518294,0
2500,0.0121338885046,0.0122179966016,0.0121758699285,0
2500,0.0122179966016,0.0123026877081,0.0122602690268,0
2500,0.0123026877081,0.0123879658653,0.0123452531517,0
2500,0.0123879658653,0.0124738351424,0.0124308263584,0
2500,0.0124738351424,0.0125602996369,0.0125169927303,0
2500,0.0125602996369,0.0126473634747,0.0126037563789,0
2500,0.0126473634747,0.0127350308102,0.0126911214445,0
2500,0.0127350308102,0.0128233058266,0.0127790920957,0
2500,0.0128233058266,0.0129121927361,0.0128676725303,0
2500,0.0129121927361,0.0130016957803,0.0129568669752,0
2500,0.0130016957803,0.01309181923,0.0130466796864,0
2500,0.01309181923,0.0131825673856,0.0131371149496,0
2500,0.0131825673856,0.0132739445773,0.0132281770801,0
2500,0.0132739445773,0.0133659551655,0.0133198704231,0
2500,0.0133659551655,0.0134586035406,0.0134121993541,0
2500,0.0134586035406,0.0135518941235,0.0135051682786,0
2500,0.0135518941235,0.0136458313659,0.0135987816328,0
2500,0.0136458313659,0.0137404197501,0.0136930438839,0
2500,0.0137404197501,0.0138356637897,0.0137879595297,0
2500,0.0138356637897,0.0139315680295,0.0138835330993,0
2500,0.0139315680295,0.0140281370456,0.0139797691532,0
2500,0.0140281370456,0.0141253754462,0.0140766722836,0
2500,0.0141253754462,0.0142232878712,0.0141742471144,0
2500,0.0142232878712,0.0143218789927,0.0142724983016,0
2500,0.0143218789927,0.0144211535152,0.0143714305336,0
2500,0.0144211535152,0.0145211161759,0.0144710485309,0
2500,0.0145211161759,0.0146217717446,0.0145713570473,0
2500,0.0146217717446,0.0147231250243,0.0146723608691,0
2500,0.0147231250243,0.0148251808515,0.0147740648159,0
2500,0.0148251808515,0.0149279440958,0.0148764737408,0
2500,0.0149279440958,0.0150314196609,0.0149795925304,0
2500,0.0150314196609,0.0151356124844,0.0150834261054,0
2500,0.0151356124844,0.015240527538,0.0151879794203,0
2500,0.015240527538,0.015346169828,0.0152932574642,0
2500,0.015346169828,0.0154525443954,0.0153992652606,0
2500,0.0154525443954,0.0155596563161,0.0155060078679,0
2500,0.0155596563161,0.0156675107011,0.0156134903797,0
2500,0.0156675107011,0.015776112697,0.0157217179246,0
2500,0.015776112697,0.015885467486,0.0158306956671,0
2500,0.015885467486,0.0159955802861,0.0159404288071,0
2500,0.0159955802861,0.0161064563518,0.016050922581,0
2500,0.0161064563518,0.0162181009736,0.0161621822611,0
2500,0.0162181009736,0.0163305194789,0.0162742131564,0
2500,0.0163305194789,0.0164437172321,0.0163870206128,0
2500,0.0164437172321,0.0165576996347,0.0165006100132,0
2500,0.0165576996347,0.0166724721255,0.0166149867777,0
2500,0.0166724721255,0.0167880401812,0.016730156364,0
2500,0.0167880401812,0.0169044093164,0.0168461242677,0
2500,0.0169044093164,0.0170215850839,0.0169628960226,0
2500,0.0170215850839,0.0171395730751,0.0170804772006,0
2500,0.0171395730751,0.0172583789199,0.0171988734124,0
2500,0.0172583789199,0.0173780082875,0.0173180903075,0
2500,0.0173780082875,0.0174984668862,0.0174381335747,0
2500,0.0174984668862,0.0176197604641,0.017559008942,0
2500,0.0176197604641,0.0177418948089,0.0176807221773,0
2500,0.0177418948089,0.0178648757485,0.0178032790885,0
2500,0.0178648757485,0.0179887091513,0.0179266855237,0
2500,0.0179887091513,0.0181134009262,0.0180509473713,0
2500,0.0181134009262,0.0182389570232,0.018176070561,0
2500,0.0182389570232,0.0183653834335,0.0183020610631,0
2500,0.0183653834335,0.0184926861898,0.0184289248897,0
2500,0.0184926861898,0.0186208713666,0.0185566680943,0
2500,0.0186208713666,0.0187499450807,0.0186852967726,0
2500,0.0187499450807,0.018879913491,0.0188148170622,0
2500,0.018879913491,0.0190107827992,0.0189452351436,0
2500,0.0190107827992,0.0191425592502,0.0190765572399,0
2500,0.0191425592502,0.0192752491319,0.0192087896175,0
2500,0.0192752491319,0.0194088587759,0.0193419385862,0
2500,0.0194088587759,0.0195433945578,0.0194760104994,0
2500,0.0195433945578,0.0196788628971,0.0196110117548,0
2500,0.0196788628971,0.0198152702581,0.0197469487941,0
2500,0.0198152702581,0.0199526231497,0.019883828104,0
2500,0.0199526231497,0.0200909281261,0.0200216562159,0
2500,0.0200909281261,0.0202301917868,0.0201604397066,0
2500,0.0202301917868,0.0203704207771,0.0203001851986,0
2500,0.0203704207771,0.0205116217883,0.02044089936,0
2500,0.0205116217883,0.0206538015581,0.0205825889054,0
2500,0.0206538015581,0.020796966871,0.0207252605958,0
2500,0.020796966871,0.0209411245585,0.0208689212391,0
2500,0.0209411245585,0.0210862814993,0.0210135776905,0
2500,0.0210862814993,0.02123244462,0.0211592368524,0
2500,0.02123244462,0.021379620895,0.0213059056754,0
2500,0.021379620895,0.0215278173472,0.0214535911582,0
2500,0.0215278173472,0.0216770410482,0.0216023003477,0
2500,0.0216770410482,0.0218272991184,0.0217520403402,0
2500,0.0218272991184,0.0219785987278,0.0219028182807,0
2500,0.0219785987278,0.0221309470961,0.0220546413639,0
2500,0.0221309470961,0.0222843514927,0.0222075168345,0
2500,0.0222843514927,0.0224388192378,0.0223614519872,0
2500,0.0224388192378,0.0225943577022,0.0225164541674,0
2500,0.0225943577022,0.0227509743077,0.0226725307715,0
2500,0.0227509743077,0.0229086765277,0.0228296892468,0
2500,0.0229086765277,0.0230674718872,0.0229879370926,0
2500,0.0230674718872,0.0232273679636,0.0231472818602,0
2500,0.0232273679636,0.0233883723866,0.0233077311528,0
2500,0.0233883723866,0.023550492839,0.0234692926269,0
2500,0.023550492839,0.0237137370566,0.0236319739915,0
2500,0.0237137370566,0.0238781128291,0.0237957830096,0
2500,0.0238781128291,0.0240436280001,0.0239607274975,0
2500,0.0240436280001,0.0242102904674,0.0241268153259,0
2500,0.0242102904674,0.0243781081837,0.0242940544202,0
2500,0.0243781081837,0.0245470891569,0.0244624527605,0
2500,0.0245470891569,0.0247172414502,0.0246320183824,0
2500,0.0247172414502,0.0248885731828,0.0248027593769,0
2500,0.0248885731828,0.0250610925303,0.0249746838915,0
2500,0.0250610925303,0.0252348077248,0.02514780013,0
2500,0.0252348077248,0.0254097270555,0.0253221163528,0
2500,0.0254097270555,0.0255858588691,0.025497640878,0
2500,0.0255858588691,0.02576321157,0.0256743820811,0
2500,0.02576321157,0.0259417936212,0.0258523483956,0
2500,0.0259417936212,0.026121613544,0.0260315483137,0
2500,0.026121613544,0.026302679919,0.0262119903864,0
2500,0.026302679919,0.0264850013861,0.0263936832237,0
2500,0.0264850013861,0.0266685866452,0.0265766354955,0
2500,0.0266685866452,0.0268534444566,0.026760855932,0
2500,0.0268534444566,0.0270395836411,0.0269463533235,0
2500,0.0270395836411,0.0272270130808,0.0271331365215,0
2500,0.0272270130808,0.0274157417193,0.0273212144388,0
2500,0.0274157417193,0.0276057785622,0.0275105960499,0
2500,0.0276057785622,0.0277971326776,0.0277012903916,0
2500,0.0277971326776,0.0279898131963,0.0278933065634,0
2500,0.0279898131963,0.0281838293126,0.0280866537277,0
2500,0.0281838293126,0.0283791902844,0.0282813411105,0
2500,0.0283791902844,0.0285759054337,0.0284773780017,0
2500,0.0285759054337,0.0287739841474,0.0286747737558,0
2500,0.0287739841474,0.028973435877,0.0288735377919,0
2500,0.028973435877,0.02917427014,0.0290736795944,0
2500,0.02917427014,0.0293764965196,0.0292752087137,0
2500,0.0293764965196,0.0295801246655,0.0294781347661,0
2500,0.0295801246655,0.0297851642943,0.0296824674346,0
2500,0.0297851642943,0.0299916251899,0.0298882164696,0
2500,0.0299916251899,0.030199517204,0.0300953916887,0
2500,0.030199517204,0.0304088502568,0.0303040029779,0
2500,0.0304088502568,0.0306196343369,0.0305140602914,0
2500,0.0306196343369,0.0308318795025,0.0307255736527,0
2500,0.0308318795025,0.0310455958813,0.0309385531545,0
2500,0.0310455958813,0.0312607936712,0.0311530089597,0
2500,0.0312607936712,0.031477483141,0.0313689513016,0
2500,0.031477483141,0.0316956746304,0.0315863904842,0
2500,0.0316956746304,0.031915378551,0.0318053368833,0
2500,0.031915378551,0.0321366053864,0.0320258009463,0
2500,0.0321366053864,0.032359365693,0.0322477931932,0
2500,0.032359365693,0.0325836701002,0.0324713242168,0
2500,0.0325836701002,0.0328095293113,0.0326964046834,0
2500,0.0328095293113,0.0330369541037,0.0329230453333,0
2500,0.0330369541037,0.0332659553294,0.0331512569812,0
2500,0.0332659553294,0.0334965439158,0.0333810505166,0
2500,0.0334965439158,0.0337287308659,0.0336124369047,0
2500,0.0337287308659,0.033962527259,0.0338454271866,3.42679493908e-05
2500,0.033962527259,0.0341979442514,0.03408003248,0
2500,0.0341979442514,0.0344349930763,0.0343162639796,0
2500,0.0344349930763,0.0346736850453,0.0345541329578,0
2500,0.0346736850453,0.0349140315479,0.0347936507649,0
2500,0.0349140315479,0.0351560440528,0.0350348288302,5.80150311464e-05
2500,0.0351560440528,0.0353997341083,0.0352776786619,0
2500,0.0353997341083,0.0356451133426,0.0355222118482,0
2500,0.0356451133426,0.0358921934645,0.0357684400576,0
2500,0.0358921934645,0.036140986264,0.0360163750395,0
2500,0.036140986264,0.0363915036127,0.0362660286245,0
2500,0.0363915036127,0.0366437574648,0.0365174127255,3.15867238357e-05
2500,0.0366437574648,0.036897759857,0.0367705393378,0
2500,0.036897759857,0.0371535229097,0.03702542054,0
2500,0.0371535229097,0.0374110588272,0.0372820684943,0
2500,0.0374110588272,0.0376703798984,0.0375404954472,0
2500,0.0376703798984,0.0379314984974,0.0378007137302,0
2500,0.0379314984974,0.038194427084,0.0380627357601,0
2500,0.038194427084,0.0384591782045,0.03832657404,2.61734264749e-05
2500,0.0384591782045,0.0387257644922,0.0385922411595,0
2500,0.0387257644922,0.0389941986677,0.0388597497954,0
2500,0.0389941986677,0.03926449354,0.0391291127127,0
2500,0.03926449354,0.0395366620068,0.0394003427645,0
2500,0.0395366620068,0.0398107170553,0.0396734528932,0.000145639551036
2500,0.0398107170553,0.0400866717627,0.0399484561308,0.000335181761317
2500,0.0400866717627,0.0403645392968,0.0402253655999,0
2500,0.0403645392968,0.0406443329165,0.0405041945136,0.000391556018509
2500,0.0406443329165,0.040926065973,0.0407849561771,0
2500,0.040926065973,0.0412097519097,0.0410676639875,0.000262217794537
2500,0.0412097519097,0.0414954042634,0.0413523314348,0
2500,0.0414954042634,0.0417830366647,0.0416389721025,0
2500,0.0417830366647,0.0420726628384,0.0419275996685,9.3529995883e-05
2500,0.0420726628384,0.042364296605,0.0422182279051,0
2500,0.042364296605,0.0426579518802,0.0425108706805,0
2500,0.0426579518802,0.0429536426765,0.0428055419586,0
2500,0.0429536426765,0.0432513831035,0.0431022558005,0
2500,0.0432513831035,0.0435511873686,0.0434010263645,0
2500,0.0435511873686,0.0438530697775,0.0437018679071,0
2500,0.0438530697775,0.0441570447353,0.0440047947836,0
2500,0.0441570447353,0.0444631267469,0.0443098214489,0
2500,0.0444631267469,0.0447713304176,0.0446169624581,0
2500,0.0447713304176,0.0450816704541,0.044926232467,0.000344473926394
2500,0.0450816704541,0.045394161665,0.0452376462332,0
2500,0.045394161665,0.0457088189615,0.0455512186166,0
2500,0.0457088189615,0.0460256573581,0.0458669645798,0
2500,0.0460256573581,0.0463446919736,0.0461848991895,0.000258922770111
2500,0.0463446919736,0.0466659380314,0.0465050376167,0
2500,0.0466659380314,0.0469894108605,0.0468273951374,0.000172613219863
2500,0.0469894108605,0.0473151258961,0.0471519871336,0.000439826901933
2500,0.0473151258961,0.0476430986805,0.0474788290942,0
2500,0.0476430986805,0.0479733448637,0.0478079366149,0
2500,0.0479733448637,0.048305880204,0.0481393254,0
2500,0.048305880204,0.0486407205691,0.0484730112624,0
2500,0.0486407205691,0.0489778819368,0.0488090101248,0.000140324255935
2500,0.0489778819368,0.0493173803955,0.0491473380199,0.000305539314692
2500,0.0493173803955,0.049659232145,0.049488011092,0
2500,0.049659232145,0.0500034534977,0.0498310455971,0.000211671448397
2500,0.0500034534977,0.0503500608788,0.0501764579037,0
2500,0.0503500608788,0.0506990708275,0.050524264494,0.000224673975374
2500,0.0506990708275,0.0510504999975,0.0508744819645,0
2500,0.0510504999975,0.0514043651582,0.0512271270265,0.000240061565197
2500,0.0514043651582,0.0517606831951,0.0515822165072,0.000250443743972
2500,0.0517606831951,0.0521194711105,0.0519397673507,0
2500,0.0521194711105,0.052480746025,0.0522997966182,5.59793786185e-05
2500,0.052480746025,0.0528445251775,0.0526623214894,0
2500,0.0528445251775,0.0532108259267,0.0530273592629,0.000445649682596
2500,0.0532108259267,0.0535796657513,0.0533949273574,0.000505471659009
2500,0.0535796657513,0.0539510622515,0.0537650433122,0
2500,0.0539510622515,0.0543250331492,0.0541377247883,0
2500,0.0543250331492,0.0547015962894,0.0545129895689,0
2500,0.0547015962894,0.0550807696405,0.0548908555607,0.000366484520187
2500,0.0550807696405,0.0554625712958,0.0552713407944,0
2500,0.0554625712958,0.0558470194737,0.0556544634258,0
2500,0.0558470194737,0.056234132519,0.0560402417364,0.00107724104324
2500,0.056234132519,0.0566239289038,0.0564286941345,0
2500,0.0566239289038,0.0570164272281,0.056819839156,0
2500,0.0570164272281,0.0574116462207,0.0572136954652,0
2500,0.0574116462207,0.0578096047406,0.057610281856,0.000509405919369
2500,0.0578096047406,0.0582103217771,0.0580096172523,0.000296766519666
2500,0.0582103217771,0.0586138164514,0.0584117207093,0.000426679966955
2500,0.0586138164514,0.0590201080172,0.0588166114143,0.00035471853924
2500,0.0590201080172,0.0594292158616,0.0592243086876,0.000273015482327
2500,0.0594292158616,0.059841159506,0.0596348319834,0.000439265398612
2500,0.059841159506,0.0602559586074,0.0600482008908,0
2500,0.0602559586074,0.0606736329589,0.0604644351345,0
2500,0.0606736329589,0.0610942024906,0.0608835545761,0.00067260672177
2500,0.0610942024906,0.061517687271,0.061305579215,0
2500,0.061517687271,0.0619441075077,0.0617305291889,0
2500,0.0619441075077,0.0623734835482,0.0621584247753,0.000104424311735
2500,0.0623734835482,0.0628058358813,0.0625892863921,0
2500,0.0628058358813,0.0632411851376,0.0630231345991,0
2500,0.0632411851376,0.0636795520908,0.0634599900981,8.8026410935e-06
2500,0.0636795520908,0.0641209576585,0.0638998737348,0.000659401126377
2500,0.0641209576585,0.0645654229035,0.0643428064992,0.000318500499072
2500,0.0645654229035,0.0650129690343,0.0647888095269,0.000570347169984
2500,0.0650129690343,0.0654636174067,0.0652379040998,0.00039233458808
2500,0.0654636174067,0.0659173895244,0.0656901116476,0
2500,0.0659173895244,0.0663743070402,0.0661454537484,0
2500,0.0663743070402,0.0668343917569,0.0666039521298,0.000248121026006
2500,0.0668343917569,0.0672976656284,0.0670656286702,0.000132191118115
2500,0.0672976656284,0.0677641507611,0.0675305053995,0
2500,0.0677641507611,0.0682338694142,0.0679986045003,0.000722841575587
2500,0.0682338694142,0.0687068440014,0.0684699483091,0.000147291465753
2500,0.0687068440014,0.0691830970919,0.0689445593171,0.000164062971098
2500,0.0691830970919,0.0696626514111,0.0694224601714,0.000305780103062
2500,0.0696626514111,0.070145529842,0.0699036736762,0.000449357807744
2500,0.070145529842,0.0706317554263,0.0703882227936,0.000108756994284
2500,0.0706317554263,0.0711213513653,0.0708761306451,0
2500,0.0711213513653,0.0716143410213,0.0713674205122,0.000252629901034
2500,0.0716143410213,0.0721107479183,0.071862115838,0.000287912119736
2500,0.0721107479183,0.0726105957435,0.072360240228,0.000250217120011
2500,0.0726105957435,0.0731139083483,0.0728618174513,0.000389682132203
2500,0.0731139083483,0.0736207097495,0.0733668714418,0.000866901388899
2500,0.0736207097495,0.0741310241301,0.0738754262994,0
2500,0.0741310241301,0.074644875841,0.0743875062908,0.000525076163697
2500,0.074644875841,0.0751622894018,0.0749031358511,5.65479959913e-05
2500,0.0751622894018,0.0756832895021,0.0754223395848,0.000604749254754
2500,0.0756832895021,0.0762079010025,0.0759451422668,2.55590967851e-05
2500,0.0762079010025,0.0767361489362,0.0764715688439,0.000326956409601
2500,0.0767361489362,0.0772680585096,0.0770016444357,0.000257558989301
2500,0.0772680585096,0.077803655104,0.077535394336,0
2500,0.077803655104,0.0783429642766,0.0780728440138,0.000248886826847
2500,0.0783429642766,0.0788860117619,0.0786140191148,0.000284174377406
2500,0.0788860117619,0.0794328234724,0.0791589454624,0.000840779636403
2500,0.0794328234724,0.0799834255007,0.079707649059,0.000208926876976
2500,0.0799834255007,0.0805378441199,0.0802601560873,7.79338672811e-05
2500,0.0805378441199,0.0810961057854,0.0808164929113,2.90906229654e-05
2500,0.0810961057854,0.0816582371359,0.0813766860779,0.000115814121346
2500,0.0816582371359,0.0822242649947,0.081940762318,0
2500,0.0822242649947,0.0827942163712,0.0825087485479,0.000172073095228
2500,0.0827942163712,0.083368118462,0.0830806718702,0.000358779022723
2500,0.083368118462,0.0839459986519,0.0836565595756,0.000660688903291
2500,0.0839459986519,0.084527884516,0.0842364391438,0
2500,0.084527884516,0.0851138038202,0.0848203382452,0
2500,0.0851138038202,0.085703784523,0.0854082847419,6.94208729973e-05
2500,0.085703784523,0.0862978547767,0.0860003066889,0.000474430484964
2500,0.0862978547767,0.0868960429286,0.086596432336,0.000704309380635
2500,0.0868960429286,0.0874983775227,0.0871966901287,0.0012943830996
2500,0.0874983775227,0.0881048873008,0.0878011087097,0
2500,0.0881048873008,0.0887156012038,0.08840971692,0.000372042410774
2500,0.0887156012038,0.0893305483733,0.089022543801,0.00110079798583
2500,0.0893305483733,0.089949758153,0.089639618595,0.000309483582736
2500,0.089949758153,0.0905732600898,0.0902609707471,0.000597217551341
2500,0.0905732600898,0.0912010839356,0.0908866299066,0
2500,0.0912010839356,0.0918332596484,0.0915166259281,0.000423627601692
2500,0.0918332596484,0.0924698173938,0.0921509888735,0
2500,0.0924698173938,0.0931107875468,0.0927897490127,0.000946349512954
2500,0.0931107875468,0.0937562006926,0.0934329368257,0.000497989168499
2500,0.0937562006926,0.0944060876286,0.0940805830037,0.000314245683705
2500,0.0944060876286,0.0950604793656,0.0947327184504,0.000785322320747
2500,0.0950604793656,0.0957194071295,0.0953893742842,0.000111754030095
2500,0.0957194071295,0.0963829023624,0.0960505818387,0.000721589665641
2500,0.0963829023624,0.0970509967245,0.096716372665,8.54750885522e-05
2500,0.0970509967245,0.0977237220956,0.0973867785329,0.000368002420576
2500,0.0977237220956,0.0984011105761,0.0980618314322,0.000159667081115
2500,0.0984011105761,0.0990831944893,0.0987415635747,0.000306863496005
2500,0.0990831944893,0.0997700063823,0.0994260073953,0.00032128294869
2500,0.0997700063823,0.100461579028,0.100115195554,0.000273776911304
2500,0.100461579028,0.101157945426,0.100809160936,0.000153876380026
2500,0.101157945426,0.101859138805,0.101507936657,0.00091285849893
2500,0.101859138805,0.102565192625,0.10221155606,0.000484632336256
2500,0.102565192625,0.103276140576,0.102920052719,0.00033585070158
2500,0.103276140576,0.103992016583,0.103633460443,0.000602848418796
2500,0.103992016583,0.104712854805,0.104351813273,0.000426321193293
2500,0.104712854805,0.105438689639,0.105075145487,0.000461306498351
2500,0.105438689639,0.10616955572,0.1058034916,0
2500,0.10616955572,0.106905487922,0.106536886367,0.000259229368342
2500,0.106905487922,0.107646521363,0.107275364784,0.000410788699564
2500,0.107646521363,0.108392691402,0.108018962088,0.000251275484698
2500,0.108392691402,0.109144033645,0.108767713763,0.000559919221863
2500,0.109144033645,0.109900583943,0.109521655537,0.000226155821458
2500,0.109900583943,0.110662378398,0.110280823385,0.00119707393661
2500,0.110662378398,0.111429453359,0.111045253533,0.000420608219483
2500,0.111429453359,0.11220184543,0.111814982458,0.000902241401267
2500,0.11220184543,0.112979591467,0.112590046889,0.000722778304446
2500,0.112979591467,0.113762728582,0.113370483811,1.55716948542e-05
2500,0.113762728582,0.114551294145,0.114156330462,0.000746354078436
2500,0.114551294145,0.115345325782,0.114947624342,0.00154506036613
2500,0.115345325782,0.116144861384,0.115744403209,0.000298753605938
2500,0.116144861384,0.116949939102,0.116546705084,0.000984255356096
2500,0.116949939102,0.117760597352,0.117354568249,0.000339868409548
2500,0.117760597352,0.118576874817,0.118168031254,0.000834241149808
2500,0.118576874817,0.119398810446,0.118987132916,0.000684908354139
2500,0.119398810446,0.120226443462,0.119811912319,0.000582197807868
2500,0.120226443462,0.121059813355,0.12064240882,0.000654078985391
2500,0.121059813355,0.121898959892,0.121478662047,0.00087141904116
2500,0.121898959892,0.122743923116,0.122320711905,0.00123179278542
2500,0.122743923116,0.123594743344,0.123168598574,0.000392019789785
2500,0.123594743344,0.124451461177,0.124022362512,0
2500,0.124451461177,0.125314117494,0.124882044459,0.000688985566338
2500,0.125314117494,0.126182753459,0.125747685437,0.0016962536053
2500,0.126182753459,0.127057410521,0.126619326751,0.00101466705887
2500,0.127057410521,0.127938130416,0.127497009994,1.98615843028e-05
2500,0.127938130416,0.128824955169,0.128380777047,0.000183846470131
2500,0.128824955169,0.129717927098,0.129270670081,0.000144627136122
2500,0.129717927098,0.130617088813,0.130166731558,0.000733075441852
2500,0.130617088813,0.131522483219,0.131069004237,0.00111540456383
2500,0.131522483219,0.132434153519,0.131977531171,4.84778660937e-05
2500,0.132434153519,0.133352143216,0.132892355713,0.000810065060489
2500,0.133352143216,0.134276496114,0.133813521515,0.000997417257551
2500,0.134276496114,0.135207256319,0.134741072534,0.00089738556685
2500,0.135207256319,0.136144468247,0.13567505303,0.000365918401837
2500,0.136144468247,0.137088176616,0.136615507569,0.000777162805666
2500,0.137088176616,0.13803842646,0.137562481028,0.000187235006765
2500,0.13803842646,0.138995263121,0.138516018592,0.000379538480303
2500,0.138995263121,0.139958732257,0.139476165764,0.000249892362122
2500,0.139958732257,0.140928879842,0.140442968358,0.001247336288
2500,0.140928879842,0.141905752169,0.141416472507,0.000203522338302
2500,0.141905752169,0.142889395851,0.142396724665,0.00012998378268
2500,0.142889395851,0.143879857826,0.143383771606,0.000557399974338
2500,0.143879857826,0.144877185354,0.144377660429,0.000538450564522
2500,0.144877185354,0.145881426028,0.145378438561,0.000724617357727
2500,0.145881426028,0.146892627764,0.146386153755,7.79868473027e-05
2500,0.146892627764,0.147910838817,0.147400854097,0.000540744233001
2500,0.147910838817,0.148936107771,0.148422588006,0.000613077960673
2500,0.148936107771,0.14996848355,0.149451404237,0.000290379944607
2500,0.14996848355,0.151008015416,0.15048735188,0.00147483304633
2500,0.151008015416,0.152054752973,0.15153048037,0.000340665328189
2500,0.152054752973,0.153108746168,0.152580839481,0.00144840900991
2500,0.153108746168,0.154170045295,0.153638479333,0.000659555948991
2500,0.154170045295,0.155238700996,0.154703450395,0.000227330857778
2500,0.155238700996,0.156314764264,0.155775803483,0.000908461669901
2500,0.156314764264,0.157398286447,0.156855589768,0.000469651796627
2500,0.157398286447,0.158489319246,0.157942860774,0.000584763404699
2500,0.158489319246,0.159587914724,0.159037668382,0.000790481983811
2500,0.159587914724,0.160694125301,0.160140064834,0.000543823098051
2500,0.160694125301,0.161808003764,0.161250102734,0.000214065577427
2500,0.161808003764,0.162929603264,0.162367835048,0.000274309059549
2500,0.162929603264,0.16405897732,0.163493315113,0.000652564028596
2500,0.16405897732,0.165196179823,0.164626596633,0.00136547801963
2500,0.165196179823,0.166341265037,0.165767733685,0.0011374473069
2500,0.166341265037,0.167494287603,0.166916780721,5.13803899852e-05
2500,0.167494287603,0.168655302539,0.168073792571,0.00042201281095
2500,0.168655302539,0.169824365246,0.169238824444,0.00129548072796
2500,0.169824365246,0.171001531509,0.170411931932,0
2500,0.171001531509,0.172186857499,0.171593171012,0.000167392534837
2500,0.172186857499,0.173380399775,0.172782598051,0.000526133290116
2500,0.173380399775,0.174582215292,0.173980269804,0.000157038555793
2500,0.174582215292,0.175792361396,0.175186243421,0.000596929321621
2500,0.175792361396,0.177010895832,0.176400576448,0.000868420962274
2500,0.177010895832,0.178237876745,0.177623326829,6.81927417823e-05
2500,0.178237876745,0.179473362683,0.178854552911,0
2500,0.179473362683,0.180717412601,0.180094313444,0.000429900953704
2500,0.180717412601,0.181970085861,0.181342667587,0.000885982409087
2500,0.181970085861,0.183231442237,0.182599674907,0.000278674502722
2500,0.183231442237,0.184501541918,0.183865395386,0.000135764849708
2500,0.184501541918,0.185780445509,0.185139889421,0.000668858659751
2500,0.185780445509,0.187068214037,0.186423217825,0.00106208947285
2500,0.187068214037,0.188364908949,0.187715441838,0.000919168128526
2500,0.188364908949,0.189670592121,0.189016623119,0.000761330056888
2500,0.189670592121,0.190985325857,0.190326823758,0.000230478024065
2500,0.190985325857,0.192309172891,0.191646106274,0.000275308777105
2500,0.192309172891,0.193642196395,0.192974533619,1.97731187669e-05
2500,0.193642196395,0.194984459976,0.194312169183,0
2500,0.194984459976,0.196336027684,0.195659076793,0.000363605625676
2500,0.196336027684,0.197696964011,0.197015320722,0.000336432236821
2500,0.197696964011,0.199067333899,0.198380965684,0.000401530423548
2500,0.199067333899,0.200447202737,0.199756076844,0.000493658539429
2500,0.200447202737,0.201836636368,0.20114071982,0.000971690373718
2500,0.201836636368,0.203235701094,0.202534960682,0.000923134448686
2500,0.203235701094,0.204644463672,0.203938865961,0
2500,0.204644463672,0.206062991327,0.205352502646,0.000690110261116
2500,0.206062991327,0.207491351745,0.206775938192,0.00276166445934
2500,0.207491351745,0.208929613085,0.208209240522,0.00133509972454
2500,0.208929613085,0.210377843977,0.209652478029,0.00112236271792
2500,0.210377843977,0.211836113525,0.211105719581,2.05903458226e-05
2500,0.211836113525,0.213304491315,0.212569034522,0.000489248090552
2500,0.213304491315,0.214783047413,0.214042492677,0.00207324585308
2500,0.214783047413,0.216271852373,0.215526164357,0.00126613226779
2500,0.216271852373,0.217770977235,0.217020120357,0.00146963896712
2500,0.217770977235,0.219280493535,0.218524431965,0.000376033589247
2500,0.219280493535,0.220800473302,0.220039170964,0.00143039869179
2500,0.220800473302,0.222330989065,0.221564409631,0.000975876528588
2500,0.222330989065,0.223872113857,0.223100220748,0.000946002666376
2500,0.223872113857,0.225423921215,0.224646677599,0.000927752746802
2500,0.225423921215,0.226986485188,0.226203853977,0.000100277332081
2500,0.226986485188,0.228559880338,0.227771824186,0.000809050290018
2500,0.228559880338,0.230144181741,0.229350663045,0.000331898576443
2500,0.230144181741,0.231739464997,0.230940445892,0.000422144640196
2500,0.231739464997,0.233345806228,0.232541248587,0
2500,0.233345806228,0.234963282085,0.234153147517,0.00114863276594
2500,0.234963282085,0.236591969749,0.235776219596,0
2500,0.236591969749,0.238231946936,0.237410542273,0.00124375912322
2500,0.238231946936,0.239883291902,0.239056193534,0.000302256689657
2500,0.239883291902,0.241546083444,0.240713251905,0.000313274072605
2500,0.241546083444,0.243220400907,0.242381796455,9.56907938601e-05
2500,0.243220400907,0.244906324184,0.244061906804,0.000651060683408
2500,0.244906324184,0.246603933723,0.245753663122,0.000599081166021
2500,0.246603933723,0.24831331053,0.247457146133,0.00173902479874
2500,0.24831331053,0.25003453617,0.249172437125,0.00023219260519
2500,0.25003453617,0.251767692776,0.250899617947,0.0017366151436
2500,0.251767692776,0.25351286305,0.252638771013,0.00067274196899
2500,0.25351286305,0.255270130266,0.254389979313,0.000864497527103
2500,0.255270130266,0.257039578277,0.256153326409,0.00175257335556
2500,0.257039578277,0.258821291515,0.257928896443,0
2500,0.258821291515,0.260615355,0.25971677414,0.000488357431274
2500,0.260615355,0.262421854338,0.261517044814,0.000267168605438
2500,0.262421854338,0.264240875732,0.263329794368,0.000368320874506
2500,0.264240875732,0.26607250598,0.265155109301,0.000748835436136
2500,0.26607250598,0.267916832482,0.266993076713,0
2500,0.267916832482,0.269773943244,0.268843784306,0.000118152021629
2500,0.269773943244,0.271643926884,0.270707320392,0.000240063523194
2500,0.271643926884,0.273526872631,0.272583773893,0.00105057496424
2500,0.273526872631,0.275422870334,0.274473234348,0.000995260389992
2500,0.275422870334,0.277332010465,0.276375791917,0.000489891939729
2500,0.277332010465,0.279254384124,0.278291537385,0.000919005449387
2500,0.279254384124,0.28119008304,0.280220562167,0.000328539822477
2500,0.28119008304,0.28313919958,0.282162958309,0.00035503178596
2500,0.28313919958,0.28510182675,0.284118818498,0.000721391057884
2500,0.28510182675,0.287078058202,0.286088236063,0.00238725488609
2500,0.287078058202,0.289067988237,0.288071304978,0.000707017141588
2500,0.289067988237,0.291071711807,0.290068119869,0.00069109438948
2500,0.291071711807,0.293089324525,0.292078776021,0.000486268746448
2500,0.293089324525,0.295120922667,0.294103369375,0.00103497952363
2500,0.295120922667,0.297166603174,0.296141996539,0.00118406823803
2500,0.297166603174,0.299226463661,0.298194754793,0.000923717124509
2500,0.299226463661,0.301300602419,0.300261742086,0.000904389572053
2500,0.301300602419,0.303389118419,0.302343057051,0.000907273411463
2500,0.303389118419,0.305492111322,0.304438799002,0
2500,0.305492111322,0.307609681474,0.306549067943,0.00136395246418
2500,0.307609681474,0.309741929922,0.308673964568,0.000457962179354
2500,0.309741929922,0.311888958409,0.310813590274,0.00133059548559
2500,0.311888958409,0.314050869388,0.312968047156,0.000182490491924
2500,0.314050869388,0.316227766017,0.31513743802,0.000233509118138
2500,0.316227766017,0.318419752173,0.317321866384,1.1696703098e-05
2500,0.318419752173,0.320626932451,0.319521436481,0.000311553438265
2500,0.320626932451,0.322849412171,0.32173625327,0.000195565021607
2500,0.322849412171,0.325087297385,0.323966422435,0.0012897988942
2500,0.325087297385,0.327340694879,0.326212050394,0.00126069993609
2500,0.327340694879,0.329609712177,0.328473244303,0.000775622553036
2500,0.329609712177,0.331894457553,0.330750112059,0.000284023484963
2500,0.331894457553,0.334195040026,0.333042762309,0.00085820173393
2500,0.334195040026,0.336511569375,0.335351304451,0.00129404083104
2500,0.336511569375,0.338844156139,0.337675848642,0.000912371579071
2500,0.338844156139,0.341192911622,0.340016505804,0
2500,0.341192911622,0.3435579479,0.342373387626,0.00104356598741
2500,0.3435579479,0.345939377826,0.344746606573,0.000959833170527
2500,0.345939377826,0.348337315036,0.347136275888,0.00168873878166
2500,0.348337315036,0.350751873953,0.349542509599,0.00119248062884
2500,0.350751873953,0.353183169792,0.351965422525,0.000408621715835
2500,0.353183169792,0.355631318569,0.354405130281,0.00019145325789
2500,0.355631318569,0.358096437103,0.356861749283,0
2500,0.358096437103,0.360578643022,0.359335396755,0.000478328501203
2500,0.360578643022,0.36307805477,0.361826190732,0.000401751530599
2500,0.36307805477,0.365594791613,0.364334250068,0.00101069608041
2500,0.365594791613,0.368128973643,0.366859694441,0.00142503571086
2500,0.368128973643,0.370680721783,0.369402644358,0.000551090939621
2500,0.370680721783,0.373250157796,0.371963221162,0.00163693429238
2500,0.373250157796,0.375837404288,0.374541547036,0.00093944522247
2500,0.375837404288,0.378442584717,0.377137745011,0.00077092946527
2500,0.378442584717,0.381065823394,0.379751938971,0.000649339482529
2500,0.381065823394,0.383707245492,0.382384253658,7.93884219612e-05
2500,0.383707245492,0.386366977054,0.385034814679,0.00102312145481
2500,0.386366977054,0.389045144994,0.38770374851,0.00179344669544
2500,0.389045144994,0.391741877108,0.390391182508,0.00105458103532
2500,0.391741877108,0.394457302075,0.393097244907,0.00076603524325
2500,0.394457302075,0.397191549469,0.395822064836,0.000497482136022
2500,0.397191549469,0.399944749761,0.398565772313,0.000130923309262
2500,0.399944749761,0.402717034325,0.401328498263,0.000612730155354
2500,0.402717034325,0.405508535448,0.404110374513,0.00150616458206
2500,0.405508535448,0.408319386333,0.406911533809,0.000546797982465
2500,0.408319386333,0.411149721105,0.409732109814,0.00057524260766
2500,0.411149721105,0.41399967482,0.412572237117,0.00078925000739
2500,0.41399967482,0.41686938347,0.415432051242,0.00135972780746
2500,0.41686938347,0.419758983991,0.418311688651,0.00046578993053
2500,0.419758983991,0.422668614266,0.421211286754,0.000446908397397
2500,0.422668614266,0.425598413134,0.42413098391,0.000687588639889
2500,0.425598413134,0.428548520397,0.427070919441,4.90754403091e-05
2500,0.428548520397,0.431519076828,0.430031233631,2.6292594749e-05
2500,0.431519076828,0.434510224172,0.433012067738,0.000773043039248
2500,0.434510224172,0.437522105158,0.436013564,0
2500,0.437522105158,0.440554863507,0.439035865641,0.000215780003654
2500,0.440554863507,0.443608643931,0.442079116876,0.000499835980513
2500,0.443608643931,0.446683592151,0.44514346292,0.000327941736021
2500,0.446683592151,0.449779854893,0.448229049997,0.000312994437762
2500,0.449779854893,0.452897579904,0.451336025341,0.000237985874381
2500,0.452897579904,0.456036915951,0.45446453721,0.000754565377682
2500,0.456036915951,0.459198012837,0.457614734886,0.00214924367097
2500,0.459198012837,0.462381021399,0.46078676869,0.00042196660728
2500,0.462381021399,0.465586093523,0.463980789982,0.000113755609983
2500,0.465586093523,0.468813382145,0.467196951172,0.000714787080408
2500,0.468813382145,0.472063041264,0.470435405726,0.000501959043682
2500,0.472063041264,0.475335225943,0.473696308175,0
2500,0.475335225943,0.478630092323,0.476979814119,0.000416731296989
2500,0.478630092323,0.481947797625,0.48028608024,0.00118389644026
2500,0.481947797625,0.485288500162,0.483615264302,0.000807468410527
2500,0.485288500162,0.488652359343,0.486967525166,0.000346665828127
2500,0.488652359343,0.492039535681,0.490343022792,0.000297912851146
2500,0.492039535681,0.495450190805,0.49374191825,0.000392058646142
2500,0.495450190805,0.49888448746,0.497164373725,0.000198927730459
2500,0.49888448746,0.502342589522,0.500610552529,0.00121847603206
2500,0.502342589522,0.505824662003,0.504080619103,0.000821790986256
2500,0.505824662003,0.509330871057,0.507574739029,0.000778340429899
2500,0.509330871057,0.512861383991,0.511093079037,0.000364477780296
2500,0.512861383991,0.516416369272,0.514635807014,0.00059385196883
2500,0.516416369272,0.519995996534,0.518203092007,0.00144834679186
2500,0.519995996534,0.523600436586,0.521795104239,0.00101846814914
2500,0.523600436586,0.527229861423,0.52541201511,0.00079253639043
2500,0.527229861423,0.530884444231,0.52905399721,0.000703563769921
2500,0.530884444231,0.534564359397,0.532721224323,0.000446862364025
2500,0.534564359397,0.538269782516,0.53641387144,0.00101397784962
2500,0.538269782516,0.542000890402,0.540132114765,0.00089864961822
2500,0.542000890402,0.545757861091,0.54387613172,0.000434084605544
2500,0.545757861091,0.549540873858,0.547646100962,0.000436298441894
2500,0.549540873858,0.553350109216,0.551442202382,0.00185261485333
2500,0.553350109216,0.557185748932,0.55526461712,0.000830058178855
2500,0.557185748932,0.561047976032,0.559113527571,0.00123581918926
2500,0.561047976032,0.564936974812,0.562989117394,0.00040863424352
2500,0.564936974812,0.568852930844,0.566891571523,0.00204613710539
2500,0.568852930844,0.572796030986,0.570821076172,0.000137790674467
2500,0.572796030986,0.576766463392,0.574777818846,0.000648506340993
2500,0.576766463392,0.580764417521,0.578761988349,0.000343000909218
2500,0.580764417521,0.584790084144,0.582773774796,0.000577689972429
2500,0.584790084144,0.588843655356,0.586813369619,0.00109170193488
2500,0.588843655356,0.59292532458,0.590880965575,0.000383094433417
2500,0.59292532458,0.597035286584,0.594976756759,0.00070612281951
2500,0.597035286584,0.601173737483,0.599100938611,0.000698105649082
2500,0.601173737483,0.605340874754,0.603253707927,0.000106854431951
2500,0.605340874754,0.60953689724,0.607435262864,0.0003748373514
2500,0.60953689724,0.613762005165,0.611645802955,0.000457928705245
2500,0.613762005165,0.618016400138,0.615885529115,0.000791406471696
2500,0.618016400138,0.622300285169,0.620154643654,0.000796911240555
2500,0.622300285169,0.626613864672,0.624453350281,0.000969729975689
2500,0.626613864672,0.63095734448,0.628781854118,0.000418080430123
2500,0.63095734448,0.635330931852,0.633140361711,0.000184904749044
2500,0.635330931852,0.639734835483,0.637529081035,0.000220523039722
2500,0.639734835483,0.644169265515,0.641948221508,0.000906082267608
2500,0.644169265515,0.648634433548,0.646397994,0.00125042189527
2500,0.648634433548,0.653130552647,0.65087861084,0.000936838813068
2500,0.653130552647,0.657657837355,0.655390285833,0
2500,0.657657837355,0.662216503702,0.659933234264,0.000379021712848
2500,0.662216503702,0.666806769214,0.664507672908,0.000677760374377
2500,0.666806769214,0.671428852926,0.669113820046,0.000228421985157
2500,0.671428852926,0.676082975392,0.673751895471,0.000614036339087
2500,0.676082975392,0.680769358694,0.678422120498,0.000353864159733
2500,0.680769358694,0.685488226453,0.683124717979,0
2500,0.685488226453,0.69023980384,0.687859912309,0.000406278168503
2500,0.69023980384,0.695024317589,0.692627929437,0.000854565702423
2500,0.695024317589,0.699841996002,0.697428996882,0.000321155732146
2500,0.699841996002,0.704693068967,0.702263343736,0
2500,0.704693068967,0.709577767963,0.707131200681,0.000298833049631
2500,0.709577767963,0.714496326076,0.712032799999,0
2500,0.714496326076,0.719448978004,0.71696837558,0.000747650225072
2500,0.719448978004,0.724435960075,0.721938162937,0
2500,0.724435960075,0.729457510255,0.726942399214,0.000741258998745
2500,0.729457510255,0.734513868157,0.7319813232,0.00187652598016
2500,0.734513868157,0.739605275058,0.737055175338,0.000366095639165
2500,0.739605275058,0.744731973906,0.742164197739,0.00105336121321
2500,0.744731973906,0.749894209332,0.747308634191,0.000758708455373
2500,0.749894209332,0.755092227665,0.752488730174,0.00040889078487
2500,0.755092227665,0.76032627694,0.757704732866,0
2500,0.76032627694,0.765596606911,0.762956891162,0.000552892317905
2500,0.765596606911,0.770903469064,0.768245455679,0.00164447365334
2500,0.770903469064,0.776247116629,0.773570678775,0.000181360012716
2500,0.776247116629,0.781627804588,0.778932814554,0.000920451503634
2500,0.781627804588,0.787045789695,0.784332118882,0.000568678319794
2500,0.787045789695,0.79250133048,0.7897688494,0.000304968363572
2500,0.79250133048,0.797994687268,0.795243265533,0.000620476148412
2500,0.797994687268,0.803526122186,0.800755628507,0.000305529362495
2500,0.803526122186,0.809095899178,0.806306201355,0.00102515999426
2500,0.809095899178,0.814704284021,0.811895248936,0.000371193354479
2500,0.814704284021,0.82035154433,0.817523037944,0.000515184336393
2500,0.82035154433,0.826037949577,0.823189836921,0.000408280340861
2500,0.826037949577,0.831763771103,0.828895916273,0
2500,0.831763771103,0.837529282127,0.834641548277,9.02217283676e-05
2500,0.837529282127,0.843334757764,0.8404270071,0.00049308482287
2500,0.843334757764,0.849180475036,0.846252568807,0.000139590838533
2500,0.849180475036,0.855066712885,0.852118511379,0.00156887406534
2500,0.855066712885,0.860993752185,0.858025114723,0
2500,0.860993752185,0.866961875758,0.863972660684,0.00157651974723
2500,0.866961875758,0.872971368388,0.869961433065,0.000853510526229
2500,0.872971368388,0.879022516831,0.875991717633,0
2500,0.879022516831,0.885115609831,0.882063802137,0.00159864463873
2500,0.885115609831,0.891250938134,0.888177976319,0.000408046546562
2500,0.891250938134,0.897428794501,0.894334531933,0.000506626106445
2500,0.897428794501,0.903649473722,0.900533762751,1.5629837857e-05
2500,0.903649473722,0.909913272632,0.906775964584,0.0016195234311
2500,0.909913272632,0.916220490122,0.913061435293,0.000893840038178
2500,0.916220490122,0.922571427155,0.919390474804,0.0012506210428
2500,0.922571427155,0.92896638678,0.925763385121,0.000313010656056
2500,0.92896638678,0.935405674148,0.932180470342,0
2500,0.935405674148,0.941889596523,0.938642036672,0.000461151141194
2500,0.941889596523,0.948418463301,0.945148392441,0.000397553111812
2500,0.948418463301,0.954992586021,0.951699848113,6.1520941709e-06
2500,0.954992586021,0.961612278384,0.958296716306,0.00220136924035
2500,0.961612278384,0.968277856261,0.964939311806,0.000298089641502
2500,0.968277856261,0.974989637717,0.971627951577,0.000153167617974
2500,0.974989637717,0.98174794302,0.978362954785,5.36918889505e-05
2500,0.98174794302,0.988553094657,0.985144642804,0.000209928019703
2500,0.988553094657,0.995405417352,0.991973339239,0.00218757497332
2500,0.995405417352,1.00230523808,0.998849369937,0
2500,1.00230523808,1.00925288608,1.005773063,0.00250751794788
2500,1.00925288608,1.01624869287,1.01274474881,0.0013035441183
2500,1.01624869287,1.02329299228,1.01976476004,0.000346701892879
2500,1.02329299228,1.03038612044,1.02683343167,0
2500,1.03038612044,1.03752841582,1.03395110098,0.000150268610511
2500,1.03752841582,1.04472021922,1.04111810762,0.000496282504403
2500,1.04472021922,1.05196187382,1.04833479358,6.89448897127e-05
2500,1.05196187382,1.05925372518,1.05560150322,0.000689619644439
2500,1.05925372518,1.06659612123,1.06291858328,0.00100854553767
2500,1.06659612123,1.07398941234,1.07028638291,0.000254307813493
2500,1.07398941234,1.0814339513,1.07770525369,0.000841607027502
2500,1.0814339513,1.08893009333,1.08517554963,0
2500,1.08893009333,1.09647819614,1.09269762719,0.000167238076941
2500,1.09647819614,1.1040786199,1.1002718453,0.000912922468752
2500,1.1040786199,1.11173172728,1.10789856537,0.00182151434821
2500,1.11173172728,1.11943788347,1.11557815135,0.000117322008339
2500,1.11943788347,1.12719745618,1.12331096967,0.00106253082368
2500,1.12719745618,1.13501081567,1.13109738933,0.000209053316208
2500,1.13501081567,1.14287833479,1.13893778188,0
2500,1.14287833479,1.15080038894,1.14683252142,0.000366129118548
2500,1.15080038894,1.15877735616,1.15478198469,0.000115844728043
2500,1.15877735616,1.16680961706,1.162786551,0.000121987719074
2500,1.16680961706,1.17489755494,1.17084660232,0.000172396249881
2500,1.17489755494,1.18304155573,1.17896252324,0.000352254970005
2500,1.18304155573,1.19124200803,1.18713470104,0.000337394583025
2500,1.19124200803,1.19949930315,1.19536352567,0.000459928081025
2500,1.19949930315,1.20781383511,1.20364938979,0.000686062562071
2500,1.20781383511,1.21618600065,1.21199268877,0.000708238894447
2500,1.21618600065,1.22461619927,1.22039382074,0.000345898691284
2500,1.22461619927,1.23310483323,1.22885318658,0.00118601160473
2500,1.23310483323,1.24165230759,1.23737118994,0.000940040162998
2500,1.24165230759,1.25025903022,1.24594823727,0.000696198050005
2500,1.25025903022,1.25892541179,1.25458473786,0.00101609017597
2500,1.25892541179,1.26765186586,1.26328110381,0.000920220433284
2500,1.26765186586,1.27643880881,1.27203775009,0
2500,1.27643880881,1.28528665994,1.28085509454,0.000692078883171
2500,1.28528665994,1.29419584145,1.2897335579,0
2500,1.29419584145,1.30316677845,1.29867356383,5.82869825245e-05
2500,1.30316677845,1.31219989902,1.30767553892,0.000341730777047
2500,1.31219989902,1.32129563419,1.31673991272,0.000766505636422
2500,1.32129563419,1.33045441798,1.32586711776,0.000199516548471
2500,1.33045441798,1.33967668743,1.33505758956,0.00170859478608
2500,1.33967668743,1.34896288259,1.34431176667,0.000783765327096
2500,1.34896288259,1.35831344659,1.35363009067,0.000385876944152
2500,1.35831344659,1.3677288256,1.36301300621,0.000287625392098
2500,1.3677288256,1.37720946889,1.37246096101,0
2500,1.37720946889,1.38675582887,1.3819744059,0
2500,1.38675582887,1.39636836106,1.39155379484,0
2500,1.39636836106,1.40604752413,1.40119958494,0.00114448863765
2500,1.40604752413,1.41579377996,1.41091223646,0.000351762321883
2500,1.41579377996,1.4256075936,1.42069221286,0
2500,1.4256075936,1.43548943335,1.43053998082,0.000187968746826
2500,1.43548943335,1.44543977075,1.44045601025,0.000547170414216
2500,1.44543977075,1.45545908058,1.4504407743,0.000491253350734
2500,1.45545908058,1.46554784096,1.46049474944,0.000503373182109
2500,1.46554784096,1.47570653328,1.4706184154,0.00175519402262
2500,1.47570653328,1.48593564229,1.48081225527,0
2500,1.48593564229,1.49623565609,1.49107675545,0.000476023302032
2500,1.49623565609,1.50660706619,1.50141240575,0.00065886569323
2500,1.50660706619,1.51705036746,1.51181969936,0.000335402931217
2500,1.51705036746,1.52756605824,1.52229913288,0.000374502480045
2500,1.52756605824,1.5381546403,1.53285120636,0.000590909544775
2500,1.5381546403,1.54881661891,1.54347642332,0.000218967512342
2500,1.54881661891,1.55955250283,1.55417529077,0.000488422417772
2500,1.55955250283,1.57036280433,1.56494831922,0
2500,1.57036280433,1.58124803927,1.57579602274,0.000945471045015
2500,1.58124803927,1.59220872705,1.58671891895,0.000394395377137
2500,1.59220872705,1.60324539069,1.59771752906,9.15972948913e-05
2500,1.60324539069,1.61435855683,1.60879237789,0.000158162547458
2500,1.61435855683,1.62554875575,1.6199439939,0.000177138228696
2500,1.62554875575,1.63681652143,1.63117290923,0
2500,1.63681652143,1.64816239153,1.64247965967,0.00072094314093
2500,1.64816239153,1.65958690744,1.65386478477,0.000383971004124
2500,1.65958690744,1.67109061431,1.66532882779,0.00190876435151
2500,1.67109061431,1.68267406107,1.67687233575,0.00226399270093
2500,1.68267406107,1.69433780045,1.68849585949,0.0010720142477
2500,1.69433780045,1.706082389,1.70019995364,9.19207308792e-05
2500,1.706082389,1.71790838716,1.7119851767,0.00052699575814
2500,1.71790838716,1.72981635922,1.72385209103,0.000679850212049
2500,1.72981635922,1.74180687339,1.73580126287,0.00108280322019
2500,1.74180687339,1.75388050184,1.74783326242,0.000407547834993
2500,1.75388050184,1.76603782069,1.7599486638,0.000679393263204
2500,1.76603782069,1.77827941004,1.77214804514,0.000139558681408
2500,1.77827941004,1.79060585404,1.78443198854,0.00096298955765
2500,1.79060585404,1.80301774086,1.79680108017,0.000143855277209
2500,1.80301774086,1.81551566277,1.80925591025,0.000355463568465
2500,1.81551566277,1.82810021614,1.82179707309,0.000284460153171
2500,1.82810021614,1.84077200147,1.83442516712,0.00062339050478
2500,1.84077200147,1.85353162341,1.84714079491,0.000259160022834
2500,1.85353162341,1.86637969083,1.85994456322,0.000373272069797
2500,1.86637969083,1.8793168168,1.87283708302,8.50840797924e-05
2500,1.8793168168,1.89234361864,1.88581896949,0.000760157926928
2500,1.89234361864,1.90546071796,1.8988908421,0
2500,1.90546071796,1.91866874067,1.9120533246,0.000631825110353
2500,1.91866874067,1.93196831702,1.92530704508,0.000459183979407
2500,1.93196831702,1.94536008162,1.93865263595,0
2500,1.94536008162,1.95884467351,1.95209073404,0.00016973226513
2500,1.95884467351,1.97242273611,1.96562198058,0.000114756123805
2500,1.97242273611,1.98609491736,1.97924702124,0.000851172206142
2500,1.98609491736,1.99986186963,1.99296650616,6.1563442826e-05
2500,1.99986186963,2.01372424986,2.00678109002,0.000520792066045
2500,2.01372424986,2.02768271952,2.02069143199,0.000255902457391
2500,2.02768271952,2.04173794467,2.03469819585,0
2500,2.04173794467,2.05589059598,2.04880204996,0.000478375479718
2500,2.05589059598,2.07014134879,2.06300366731,0.000541982065491
2500,2.07014134879,2.0844908831,2.07730372557,0.000472093438166
2500,2.0844908831,2.09893988362,2.0917029071,0.000140229777075
2500,2.09893988362,2.11348903984,2.10620189899,0.000274816713667
2500,2.11348903984,2.12813904598,2.12080139309,0.000442987981339
2500,2.12813904598,2.14289060112,2.13550208605,0.000304994398554
2500,2.14289060112,2.15774440915,2.15030467934,0.000106695810629
2500,2.15774440915,2.17270117886,2.16520987931,0.00169893625494
2500,2.17270117886,2.18776162395,2.18021839719,0.000326491148108
2500,2.18776162395,2.20292646305,2.19533094914,0.00147582286338
2500,2.20292646305,2.2181964198,2.2105482563,0.000820180912845
2500,2.2181964198,2.23357222283,2.22587104479,0.00014415056471
2500,2.23357222283,2.24905460584,2.24130004578,0.000720162073936
2500,2.24905460584,2.26464430759,2.2568359955,0.000555214028057
2500,2.26464430759,2.280342072,2.27247963527,0.000638977366916
2500,2.280342072,2.29614864811,2.28823171158,0.000393628496874
2500,2.29614864811,2.31206479018,2.30409297606,0.000549272727889
2500,2.31206479018,2.32809125767,2.32006418557,0.000455887858885
2500,2.32809125767,2.34422881532,2.33614610222,0.000272991927907
2500,2.34422881532,2.36047823318,2.35233949339,0.000808379775021
2500,2.36047823318,2.37684028662,2.36864513178,0.00212456570915
2500,2.37684028662,2.39331575641,2.38506379547,0.000699657153605
2500,2.39331575641,2.40990542869,2.40159626789,0.000119222537143
2500,2.40990542869,2.42661009508,2.41824333793,0.000678500488383
2500,2.42661009508,2.44343055269,2.43500579995,0
2500,2.44343055269,2.46036760415,2.45188445381,0
2500,2.46036760415,2.47742205763,2.46888010491,6.57835030473e-05
2500,2.47742205763,2.49459472694,2.48599356423,0.00147289669729
2500,2.49459472694,2.51188643151,2.50322564838,0.000790876584538
2500,2.51188643151,2.52929799645,2.52057717964,0.00042608553943
2500,2.52929799645,2.54683025259,2.53804898596,0.000866748570704
2500,2.54683025259,2.56448403652,2.55564190106,0.000164491219254
2500,2.56448403652,2.58226019063,2.57335676443,0.0014706482205
2500,2.58226019063,2.60015956317,2.59119442135,0.000383005487398
2500,2.60015956317,2.61818300822,2.60915572301,0.000715410036685
2500,2.61818300822,2.63633138583,2.62724152647,0.000445653674979
2500,2.63633138583,2.65460556198,2.64545269472,0.000678893473606
2500,2.65460556198,2.67300640866,2.66379009677,0.00104942745668
2500,2.67300640866,2.69153480393,2.68225460761,0.000156741496117
2500,2.69153480393,2.71019163189,2.70084710832,0.000858928990732
2500,2.71019163189,2.72897778281,2.7195684861,0.000677526775914
2500,2.72897778281,2.7478941531,2.73841963426,0
2500,2.7478941531,2.76694164541,2.75740145235,0.000923466699158
2500,2.76694164541,2.78612116863,2.77651484611,0.000455819023879
2500,2.78612116863,2.80543363795,2.79576072758,0.00123765981864
2500,2.80543363795,2.82487997492,2.81514001513,0.000605124271379
2500,2.82487997492,2.84446110745,2.83465363349,0.00168835113349
2500,2.84446110745,2.86417796991,2.85430251379,0
2500,2.86417796991,2.88403150313,2.87408759362,0.000560453128095
2500,2.88403150313,2.90402265446,2.89400981707,0.000823829851046
2500,2.90402265446,2.92415237784,2.91407013477,0.000413694825474
2500,2.92415237784,2.9444216338,2.93426950396,0.00129404377295
2500,2.9444216338,2.96483138952,2.95460888848,0.000210044749672
2500,2.96483138952,2.98538261892,2.97508925888,0.000247029830613
2500,2.98538261892,3.00607630263,2.99571159243,0.0016837218045
2500,3.00607630263,3.0269134281,3.01647687316,0.00041406303959
2500,3.0269134281,3.04789498963,3.03738609195,0.000230792608224
2500,3.04789498963,3.06902198839,3.05844024651,0.00129238760781
2500,3.06902198839,3.09029543251,3.0796403415,0.0005372823335
2500,3.09029543251,3.11171633711,3.10098738853,0.000942357196337
2500,3.11171633711,3.13328572432,3.12248240622,0.000194348921271
2500,3.13328572432,3.15500462337,3.14412642026,0.000353159289981
2500,3.15500462337,3.17687407065,3.16592046343,0.000759118070407
2500,3.17687407065,3.19889510969,3.1878655757,0.0010288736776
2500,3.19889510969,3.22106879128,3.20996280421,0.00034241187287
2500,3.22106879128,3.24339617349,3.2322132034,0.000675258395444
2500,3.24339617349,3.26587832172,3.25461783498,0.000278492238177
2500,3.26587832172,3.28851630876,3.27717776805,0.000624615986622
2500,3.28851630876,3.31131121483,3.29989407911,0.000753330856945
2500,3.31131121483,3.33426412763,3.32276785211,0.000503017260897
2500,3.33426412763,3.35737614243,3.34580017853,0.000134221688985
2500,3.35737614243,3.38064836206,3.36899215741,0.000569489892284
2500,3.38064836206,3.40408189701,3.39234489541,6.48814392374e-06
2500,3.40408189701,3.42767786546,3.41585950686,0
2500,3.42767786546,3.45143739336,3.43953711381,0.000246012425071
2500,3.45143739336,3.47536161443,3.46337884608,0.00238461508748
2500,3.47536161443,3.49945167028,3.48738584135,2.58010641338e-05
2500,3.49945167028,3.52370871042,3.51155924516,0.00108046541632
2500,3.52370871042,3.54813389234,3.535900211,0
2500,3.54813389234,3.57272838152,3.56040990036,0.00177359204903
2500,3.57272838152,3.59749335156,3.58508948277,0.000347914552129
2500,3.59749335156,3.62242998417,3.60994013586,0.000639377627423
2500,3.62242998417,3.64753946926,3.63496304546,0.000458653892012
2500,3.64753946926,3.67282300498,3.66015940558,0.000125505370822
2500,3.67282300498,3.6982817978,3.68553041852,8.71971208904e-05
2500,3.6982817978,3.72391706255,3.71107729493,0.000515337356974
2500,3.72391706255,3.74973002245,3.73680125382,0.000239120771175
2500,3.74973002245,3.77572190925,3.76270352268,0.000314097401383
2500,3.77572190925,3.80189396321,3.78878533748,0.000327385412873
2500,3.80189396321,3.82824743317,3.81504794279,0.000268664799297
2500,3.82824743317,3.85478357666,3.84149259179,0.000305783336381
2500,3.85478357666,3.88150365991,3.86812054633,0.000193367569368
2500,3.88150365991,3.90840895792,3.89493307704,0.00111326417764
2500,3.90840895792,3.93550075456,3.92193146333,7.76856968638e-05
2500,3.93550075456,3.96278034255,3.94911699349,0.00177759844524
2500,3.96278034255,3.99024902362,3.97649096475,0.000726786357295
2500,3.99024902362,4.01790810849,4.00405468331,0.00043586944326
2500,4.01790810849,4.04575891697,4.03180946443,0
2500,4.04575891697,4.07380277804,4.05975663252,0.000607915057136
2500,4.07380277804,4.10204102987,4.08789752111,0.000425162636561
2500,4.10204102987,4.1304750199,4.11623347303,0.000244355048815
2500,4.1304750199,4.15910610494,4.14476584038,0
2500,4.15910610494,4.18793565118,4.17349598465,0.000925989840441
2500,4.18793565118,4.21696503429,4.20242527677,0.000500384446307
2500,4.21696503429,4.24619563946,4.23155509717,0.000156256478727
2500,4.24619563946,4.27562886152,4.26088683583,0.00011308134323
2500,4.27562886152,4.30526610492,4.29042189239,0.000134563329371
2500,4.30526610492,4.33510878388,4.32016167618,0.000697477583493
2500,4.33510878388,4.3651583224,4.35010760631,0.000262298759925
2500,4.3651583224,4.39541615438,4.3802611117,0.000562101154214
2500,4.39541615438,4.42588372363,4.41062363121,0.000900443479468
2500,4.42588372363,4.45656248398,4.44119661366,0.000652482172429
2500,4.45656248398,4.48745389933,4.47198151789,0.000611168967759
2500,4.48745389933,4.51855944375,4.50297981288,0
2500,4.51855944375,4.5498806015,4.53419297779,0.000537847137024
2500,4.5498806015,4.58141886715,4.56562250202,0.00124534793112
2500,4.58141886715,4.6131757456,4.59726988531,0.00107713687231
2500,4.6131757456,4.64515275223,4.62913663778,0
2500,4.64515275223,4.67735141287,4.66122428002,0.000708303393532
2500,4.67735141287,4.70977326397,4.69353434317,0.00125405195965
2500,4.70977326397,4.7424198526,4.72606836898,0.000704696558944
2500,4.7424198526,4.77529273658,4.75882790989,0.000602627089193
2500,4.77529273658,4.8083934845,4.79181452908,0
2500,4.8083934845,4.84172367584,4.8250298006,0.000612720666641
2500,4.84172367584,4.87528490103,4.85847530937,0.000351233663
2500,4.87528490103,4.90907876153,4.89215265134,0.000741764781874
2500,4.90907876153,4.94310686987,4.9260634335,0.000359033176779
2500,4.94310686987,4.97737084979,4.96020927396,0.000811697387421
2500,4.97737084979,5.01187233627,4.99459180208,0.00130564800877
2500,5.01187233627,5.04661297564,5.0292126585,0.00111339408468
2500,5.04661297564,5.08159442561,5.06407349524,0.000164694072142
2500,5.08159442561,5.1168183554,5.09917597575,0.000225446362314
2500,5.1168183554,5.15228644582,5.13452177503,0.00124066623901
2500,5.15228644582,5.18800038929,5.17011257969,0.0011202207611
2500,5.18800038929,5.22396188999,5.20595008802,0.000721344096453
2500,5.22396188999,5.26017266391,5.24203601008,0.000601922120365
2500,5.26017266391,5.29663443892,5.27837206782,0.000321682894979
2500,5.29663443892,5.33334895488,5.31495999507,0.00127388043983
2500,5.33334895488,5.3703179637,5.35180153771,0.00165663627683
2500,5.3703179637,5.40754322946,5.38889845373,0.000538661506328
2500,5.40754322946,5.44502652842,5.42625251329,0.000671731535394
2500,5.44502652842,5.48276964921,5.46386549882,0.000948057721077
2500,5.48276964921,5.52077439281,5.50173920511,0.00101913214933
2500,5.52077439281,5.5590425727,5.53987543939,0.000586489396015
2500,5.5590425727,5.59757601495,5.57827602141,0.000223143412874
2500,5.59757601495,5.63637655826,5.61694278356,0.000798391465083
2500,5.63637655826,5.67544605409,5.65587757089,0
2500,5.67544605409,5.71478636672,5.69508224128,5.19244847527e-06
2500,5.71478636672,5.75439937337,5.73455866546,0.000515623119957
2500,5.75439937337,5.79428696427,5.77430872714,0
2500,5.79428696427,5.83445104274,5.81433432308,0.000383826202008
2500,5.83445104274,5.8748935253,5.85463736321,0.000285238341727
2500,5.8748935253,5.91561634175,5.89521977065,0.000580693184963
2500,5.91561634175,5.95662143529,5.93608348191,0.000631063554173
2500,5.95662143529,5.99791076256,5.97723044689,0.00153466808125
2500,5.99791076256,6.03948629376,6.018662629,0.000684227232673
2500,6.03948629376,6.08135001279,6.06038200527,0
2500,6.08135001279,6.12350391725,6.10239056645,3.38513446693e-05
2500,6.12350391725,6.16595001861,6.14469031706,0.00032878551472
2500,6.16595001861,6.2086903423,6.18728327553,0
2500,6.2086903423,6.25172692776,6.23017147429,0.000559129747598
2500,6.25172692776,6.29506182857,6.27335695984,8.58202065904e-05
2500,6.29506182857,6.33869711257,6.31684179288,0.000309673117195
2500,6.33869711257,6.38263486191,6.36062804837,0.00069098587857
2500,6.38263486191,6.42687717317,6.40471781569,0.00134407184739
2500,6.42687717317,6.47142615749,6.44911319868,0.000326446888022
2500,6.47142615749,6.51628394061,6.49381631576,0.000336099488041
2500,6.51628394061,6.56145266303,6.53882930005,0.00109863336726
2500,6.56145266303,6.60693448008,6.58415429943,0.00138270376982
2500,6.60693448008,6.65273156202,6.62979347671,0.000503377812565
2500,6.65273156202,6.69884609417,6.67574900964,0.00117156148203
2500,6.69884609417,6.74528027698,6.72202309112,0.000383926735277
2500,6.74528027698,6.79203632617,6.7686179292,0.000839993151551
2500,6.79203632617,6.83911647281,6.81553574727,0.000346668206402
2500,6.83911647281,6.88652296344,6.86277878411,0.00112496506798
2500,6.88652296344,6.93425806017,6.91034929405,0.00143030267283
2500,6.93425806017,6.98232404077,6.95824954701,0.000320867087197
2500,6.98232404077,7.03072319884,7.00648182865,0.000364153503984
2500,7.03072319884,7.07945784384,7.05504844051,0.000246504179106
2500,7.07945784384,7.12853030127,7.10395170003,0.00205496012087
2500,7.12853030127,7.17794291271,7.15319394075,0.000690090483652
2500,7.17794291271,7.22769803602,7.20277751238,0
2500,7.22769803602,7.27779804537,7.25270478091,0
2500,7.27779804537,7.32824533139,7.30297812873,0.00176755176863
2500,7.32824533139,7.37904230129,7.35359995475,0.000393066896306
2500,7.37904230129,7.43019137897,7.40457267451,0.000130995815425
2500,7.43019137897,7.48169500511,7.45589872028,0.000934283317036
2500,7.48169500511,7.53355563734,7.5075805412,0.000380837178875
2500,7.53355563734,7.58577575029,7.55962060339,0.00082434807312
2500,7.58577575029,7.63835783578,7.61202139006,0
2500,7.63835783578,7.69130440287,7.66478540163,0.00108684365277
2500,7.69130440287,7.74461797803,7.71791515585,0.000426639845383
2500,7.74461797803,7.79830110523,7.77141318794,0.00148158008531
2500,7.79830110523,7.8523563461,7.82528205067,0.00137611662201
2500,7.8523563461,7.90678628,7.87952431451,0.00112313569221
2500,7.90678628,7.96159350417,7.93414256777,0.000394659851115
2500,7.96159350417,8.01678063388,7.98913941667,0.000736594056454
2500,8.01678063388,8.07235030249,8.04451748552,0.00124408014625
2500,8.07235030249,8.12830516164,8.1002794168,0.00222239740667
2500,8.12830516164,8.18464788135,8.15642787133,0.000155624704621
2500,8.18464788135,8.24138115013,8.21296552835,0.00136614185729
2500,8.24138115013,8.29850767514,8.26989508568,0.001598320845
2500,8.29850767514,8.35603018231,8.32721925985,0.00104395636331
2500,8.35603018231,8.41395141645,8.38494078622,0.000104762184691
2500,8.41395141645,8.47227414141,8.44306241909,0.000773568321076
2500,8.47227414141,8.53100114018,8.50158693187,0.00147054274838
2500,8.53100114018,8.59013521505,8.5605171172,0.000990523887877
2500,8.59013521505,8.64967918776,8.61985578706,0.000795357545435
2500,8.64967918776,8.70963589956,8.67960577292,0.000812940913727
2500,8.70963589956,8.77000821144,8.73976992591,0
2500,8.77000821144,8.83079900419,8.80035111687,0.000158463714132
2500,8.83079900419,8.89201117858,8.86135223659,0.0021446703149
2500,8.89201117858,8.9536476555,8.92277619588,0.00106940266754
2500,8.9536476555,9.01571137606,8.98462592571,0.000176473676668
2500,9.01571137606,9.07820530178,9.04690437738,0.000687567809708
2500,9.07820530178,9.1411324147,9.10961452266,0.00166728191436
2500,9.1411324147,9.20449571753,9.1727593539,0.00108610819739
2500,9.20449571753,9.26829823379,9.2363418842,0.00119647173958
2500,9.26829823379,9.33254300797,9.30036514754,0.000367918748513
2500,9.33254300797,9.39723310565,9.36483219894,0.00149554228061
2500,9.39723310565,9.46237161366,9.4297461146,0.00121721781123
2500,9.46237161366,9.52796164024,9.49510999202,0.0010748108033
2500,9.52796164024,9.59400631516,9.5609269502,0.00152391204146
2500,9.59400631516,9.6605087899,9.62720012973,0.000185861004538
2500,9.6605087899,9.72747223777,9.693932693,0.000272828681237
2500,9.72747223777,9.79489985409,9.7611278243,0.00241434465211
2500,9.79489985409,9.86279485631,9.82878873,0.00157477705054
2500,9.86279485631,9.93116048421,9.89691863869,0.000676566730486
2500,9.93116048421,10,9.96552080135,0.901176213397
2700,0.01,0.0100693166885,0.0100345984915,0
2700,0.0100693166885,0.0101391138574,0.0101041550053,0
2700,0.0101391138574,0.0102093948371,0.0101741936618,0
2700,0.0102093948371,0.0102801629813,0.0102447178031,0
2700,0.0102801629813,0.0103514216668,0.0103157307944,0
2700,0.0103514216668,0.0104231742939,0.0103872360242,0
2700,0.0104231742939,0.0104954242865,0.0104592369046,0
2700,0.0104954242865,0.0105681750921,0.0105317368713,0
2700,0.0105681750921,0.0106414301822,0.0106047393837,0
2700,0.0106414301822,0.0107151930524,0.0106782479254,0
2700,0.0107151930524,0.0107894672223,0.0107522660039,0
2700,0.0107894672223,0.0108642562362,0.0108267971513,0
2700,0.0108642562362,0.0109395636627,0.0109018449239,0
2700,0.0109395636627,0.0110153930954,0.0109774129027,0
2700,0.0110153930954,0.0110917481526,0.0110535046938,0
2700,0.0110917481526,0.0111686324778,0.011130123928,0
2700,0.0111686324778,0.0112460497397,0.0112072742614,0
2700,0.0112460497397,0.0113240036324,0.0112849593753,0
2700,0.0113240036324,0.0114024978756,0.0113631829767,0
2700,0.0114024978756,0.011481536215,0.0114419487982,0
2700,0.011481536215,0.0115611224219,0.0115212605983,0
2700,0.0115611224219,0.0116412602941,0.0116011221615,0
2700,0.0116412602941,0.0117219536555,0.0116815372986,0
2700,0.0117219536555,0.0118032063565,0.0117625098468,0
2700,0.0118032063565,0.0118850222744,0.01184404367,0
2700,0.0118850222744,0.0119674053131,0.0119261426586,0
2700,0.0119674053131,0.0120503594037,0.0120088107301,0
2700,0.0120503594037,0.0121338885046,0.0120920518294,0
2700,0.0121338885046,0.0122179966016,0.0121758699285,0
2700,0.0122179966016,0.0123026877081,0.0122602690268,0
2700,0.0123026877081,0.0123879658653,0.0123452531517,0
2700,0.0123879658653,0.0124738351424,0.0124308263584,0
2700,0.0124738351424,0.0125602996369,0.0125169927303,0
2700,0.0125602996369,0.0126473634747,0.0126037563789,0
2700,0.0126473634747,0.0127350308102,0.0126911214445,0
2700,0.0127350308102,0.0128233058266,0.0127790920957,0
2700,0.0128233058266,0.0129121927361,0.0128676725303,0
2700,0.0129121927361,0.0130016957803,0.0129568669752,0
2700,0.0130016957803,0.01309181923,0.0130466796864,0
2700,0.01309181923,0.0131825673856,0.0131371149496,0
2700,0.0131825673856,0.0132739445773,0.0132281770801,0
2700,0.0132739445773,0.0133659551655,0.0133198704231,0
2700,0.0133659551655,0.0134586035406,0.0134121993541,0
2700,0.0134586035406,0.0135518941235,0.0135051682786,0
2700,0.0135518941235,0.0136458313659,0.0135987816328,0
2700,0.0136458313659,0.0137404197501,0.0136930438839,0
2700,0.0137404197501,0.0138356637897,0.0137879595297,0
2700,0.0138356637897,0.0139315680295,0.0138835330993,0
2700,0.0139315680295,0.0140281370456,0.0139797691532,0
2700,0.0140281370456,0.0141253754462,0.0140766722836,0
2700,0.0141253754462,0.0142232878712,0.0141742471144,0
2700,0.0142232878712,0.0143218789927,0.0142724983016,0
2700,0.0143218789927,0.0144211535152,0.0143714305336,0
2700,0.0144211535152,0.0145211161759,0.0144710485309,0
2700,0.0145211161759,0.0146217717446,0.0145713570473,0
2700,0.0146217717446,0.0147231250243,0.0146723608691,0
2700,0.0147231250243,0.0148251808515,0.0147740648159,0
2700,0.0148251808515,0.0149279440958,0.0148764737408,0
2700,0.0149279440958,0.0150314196609,0.0149795925304,0
2700,0.0150314196609,0.0151356124844,0.0150834261054,0
2700,0.0151356124844,0.015240527538,0.0151879794203,0
2700,0.015240527538,0.015346169828,0.0152932574642,0
2700,0.015346169828,0.0154525443954,0.0153992652606,0
2700,0.0154525443954,0.0155596563161,0.0155060078679,0
2700,0.0155596563161,0.0156675107011,0.0156134903797,0
2700,0.0156675107011,0.015776112697,0.0157217179246,0
2700,0.015776112697,0.015885467486,0.0158306956671,0
2700,0.015885467486,0.0159955802861,0.0159404288071,0
2700,0.0159955802861,0.0161064563518,0.016050922581,0
2700,0.0161064563518,0.0162181009736,0.0161621822611,0
2700,0.0162181009736,0.0163305194789,0.0162742131564,0
2700,0.0163305194789,0.0164437172321,0.0163870206128,0
2700,0.0164437172321,0.0165576996347,0.0165006100132,0
2700,0.0165576996347,0.0166724721255,0.0166149867777,0
2700,0.0166724721255,0.0167880401812,0.016730156364,0
2700,0.0167880401812,0.0169044093164,0.0168461242677,0
2700,0.0169044093164,0.0170215850839,0.0169628960226,0
2700,0.0170215850839,0.0171395730751,0.0170804772006,0
2700,0.0171395730751,0.0172583789199,0.0171988734124,0
2700,0.0172583789199,0.0173780082875,0.0173180903075,0
2700,0.0173780082875,0.0174984668862,0.0174381335747,0
2700,0.0174984668862,0.0176197604641,0.017559008942,0
2700,0.0176197604641,0.0177418948089,0.0176807221773,0
2700,0.0177418948089,0.0178648757485,0.0178032790885,0
2700,0.0178648757485,0.0179887091513,0.0179266855237,0
2700,0.0179887091513,0.0181134009262,0.0180509473713,0
2700,0.0181134009262,0.0182389570232,0.018176070561,0
2700,0.0182389570232,0.0183653834335,0.0183020610631,0
2700,0.0183653834335,0.0184926861898,0.0184289248897,0
2700,0.0184926861898,0.0186208713666,0.0185566680943,0
2700,0.0186208713666,0.0187499450807,0.0186852967726,0
2700,0.0187499450807,0.018879913491,0.0188148170622,0
2700,0.018879913491,0.0190107827992,0.0189452351436,0
2700,0.0190107827992,0.0191425592502,0.0190765572399,0
2700,0.0191425592502,0.0192752491319,0.0192087896175,0
2700,0.0192752491319,0.0194088587759,0.0193419385862,0
2700,0.0194088587759,0.0195433945578,0.0194760104994,0
2700,0.0195433945578,0.0196788628971,0.0196110117548,0
2700,0.0196788628971,0.0198152702581,0.0197469487941,0
2700,0.0198152702581,0.0199526231497,0.019883828104,0
2700,0.0199526231497,0.0200909281261,0.0200216562159,0
2700,0.0200909281261,0.0202301917868,0.0201604397066,0
2700,0.0202301917868,0.0203704207771,0.0203001851986,0
2700,0.0203704207771,0.0205116217883,0.02044089936,0
2700,0.0205116217883,0.0206538015581,0.0205825889054,0
2700,0.0206538015581,0.020796966871,0.0207252605958,0
2700,0.020796966871,0.0209411245585,0.0208689212391,0
2700,0.0209411245585,0.0210862814993,0.0210135776905,0
2700,0.0210862814993,0.02123244462,0.0211592368524,0
2700,0.02123244462,0.021379620895,0.0213059056754,0
2700,0.021379620895,0.0215278173472,0.0214535911582,0
2700,0.0215278173472,0.0216770410482,0.0216023003477,0
2700,0.0216770410482,0.0218272991184,0.0217520403402,0
2700,0.0218272991184,0.0219785987278,0.0219028182807,0
2700,0.0219785987278,0.0221309470961,0.0220546413639,0
2700,0.0221309470961,0.0222843514927,0.0222075168345,0
2700,0.0222843514927,0.0224388192378,0.0223614519872,0
2700,0.0224388192378,0.0225943577022,0.0225164541674,0
2700,0.0225943577022,0.0227509743077,0.0226725307715,0
2700,0.0227509743077,0.0229086765277,0.0228296892468,0
2700,0.0229086765277,0.0230674718872,0.0229879370926,0
2700,0.0230674718872,0.0232273679636,0.0231472818602,0
2700,0.0232273679636,0.0233883723866,0.0233077311528,0
2700,0.0233883723866,0.023550492839,0.0234692926269,0
2700,0.023550492839,0.0237137370566,0.0236319739915,0
2700,0.0237137370566,0.0238781128291,0.0237957830096,0
2700,0.0238781128291,0.0240436280001,0.0239607274975,0
2700,0.0240436280001,0.0242102904674,0.0241268153259,0
2700,0.0242102904674,0.0243781081837,0.0242940544202,0
2700,0.0243781081837,0.0245470891569,0.0244624527605,0
2700,0.0245470891569,0.0247172414502,0.0246320183824,0
2700,0.0247172414502,0.0248885731828,0.0248027593769,0
2700,0.0248885731828,0.0250610925303,0.0249746838915,0
2700,0.0250610925303,0.0252348077248,0.02514780013,0
2700,0.0252348077248,0.0254097270555,0.0253221163528,0
2700,0.0254097270555,0.0255858588691,0.025497640878,0
2700,0.0255858588691,0.02576321157,0.0256743820811,0
2700,0.02576321157,0.0259417936212,0.0258523483956,0
2700,0.0259417936212,0.026121613544,0.0260315483137,0
2700,0.026121613544,0.026302679919,0.0262119903864,0
2700,0.026302679919,0.0264850013861,0.0263936832237,0
2700,0.0264850013861,0.0266685866452,0.0265766354955,0
2700,0.0266685866452,0.0268534444566,0.026760855932,0
2700,0.0268534444566,0.0270395836411,0.0269463533235,0
2700,0.0270395836411,0.0272270130808,0.0271331365215,0
2700,0.0272270130808,0.0274157417193,0.0273212144388,0
2700,0.0274157417193,0.0276057785622,0.0275105960499,0
2700,0.0276057785622,0.0277971326776,0.0277012903916,0
2700,0.0277971326776,0.0279898131963,0.0278933065634,0
2700,0.0279898131963,0.0281838293126,0.0280866537277,0
2700,0.0281838293126,0.0283791902844,0.0282813411105,0
2700,0.0283791902844,0.0285759054337,0.0284773780017,0
2700,0.0285759054337,0.0287739841474,0.0286747737558,0
2700,0.0287739841474,0.028973435877,0.0288735377919,0
2700,0.028973435877,0.02917427014,0.0290736795944,0
2700,0.02917427014,0.0293764965196,0.0292752087137,0
2700,0.0293764965196,0.0295801246655,0.0294781347661,0
2700,0.0295801246655,0.0297851642943,0.0296824674346,0
2700,0.0297851642943,0.0299916251899,0.0298882164696,0
2700,0.0299916251899,0.030199517204,0.0300953916887,0
2700,0.030199517204,0.0304088502568,0.0303040029779,0
2700,0.0304088502568,0.0306196343369,0.0305140602914,0
2700,0.0306196343369,0.0308318795025,0.0307255736527,0
2700,0.0308318795025,0.0310455958813,0.0309385531545,0
2700,0.0310455958813,0.0312607936712,0.0311530089597,0
2700,0.0312607936712,0.031477483141,0.0313689513016,0
2700,0.031477483141,0.0316956746304,0.0315863904842,0
2700,0.0316956746304,0.031915378551,0.0318053368833,0
2700,0.031915378551,0.0321366053864,0.0320258009463,0
2700,0.0321366053864,0.032359365693,0.0322477931932,0
2700,0.032359365693,0.0325836701002,0.0324713242168,0
2700,0.0325836701002,0.0328095293113,0.0326964046834,0
2700,0.0328095293113,0.0330369541037,0.0329230453333,0
2700,0.0330369541037,0.0332659553294,0.0331512569812,0
2700,0.0332659553294,0.0334965439158,0.0333810505166,0
2700,0.0334965439158,0.0337287308659,0.0336124369047,0
2700,0.0337287308659,0.033962527259,0.0338454271866,0
2700,0.033962527259,0.0341979442514,0.03408003248,0
2700,0.0341979442514,0.0344349930763,0.0343162639796,0
2700,0.0344349930763,0.0346736850453,0.0345541329578,0
2700,0.0346736850453,0.0349140315479,0.0347936507649,0
2700,0.0349140315479,0.0351560440528,0.0350348288302,0
2700,0.0351560440528,0.0353997341083,0.0352776786619,0
2700,0.0353997341083,0.0356451133426,0.0355222118482,0
2700,0.0356451133426,0.0358921934645,0.0357684400576,0
2700,0.0358921934645,0.036140986264,0.0360163750395,0
2700,0.036140986264,0.0363915036127,0.0362660286245,0
2700,0.0363915036127,0.0366437574648,0.0365174127255,0
2700,0.0366437574648,0.036897759857,0.0367705393378,0
2700,0.036897759857,0.0371535229097,0.03702542054,0
2700,0.0371535229097,0.0374110588272,0.0372820684943,0
2700,0.0374110588272,0.0376703798984,0.0375404954472,0
2700,0.0376703798984,0.0379314984974,0.0378007137302,0
2700,0.0379314984974,0.038194427084,0.0380627357601,0
2700,0.038194427084,0.0384591782045,0.03832657404,2.77506895328e-05
2700,0.0384591782045,0.0387257644922,0.0385922411595,0
2700,0.0387257644922,0.0389941986677,0.0388597497954,0
2700,0.0389941986677,0.03926449354,0.0391291127127,0
2700,0.03926449354,0.0395366620068,0.0394003427645,0
2700,0.0395366620068,0.0398107170553,0.0396734528932,0
2700,0.0398107170553,0.0400866717627,0.0399484561308,0
2700,0.0400866717627,0.0403645392968,0.0402253655999,0
2700,0.0403645392968,0.0406443329165,0.0405041945136,0
2700,0.0406443329165,0.040926065973,0.0407849561771,1.44852511588e-05
2700,0.040926065973,0.0412097519097,0.0410676639875,0
2700,0.0412097519097,0.0414954042634,0.0413523314348,0
2700,0.0414954042634,0.0417830366647,0.0416389721025,0.000113558256371
2700,0.0417830366647,0.0420726628384,0.0419275996685,8.18911164241e-05
2700,0.0420726628384,0.042364296605,0.0422182279051,0
2700,0.042364296605,0.0426579518802,0.0425108706805,0
2700,0.0426579518802,0.0429536426765,0.0428055419586,0
2700,0.0429536426765,0.0432513831035,0.0431022558005,0
2700,0.0432513831035,0.0435511873686,0.0434010263645,0
2700,0.0435511873686,0.0438530697775,0.0437018679071,0
2700,0.0438530697775,0.0441570447353,0.0440047947836,2.01250666245e-05
2700,0.0441570447353,0.0444631267469,0.0443098214489,0
2700,0.0444631267469,0.0447713304176,0.0446169624581,0
2700,0.0447713304176,0.0450816704541,0.044926232467,0
2700,0.0450816704541,0.045394161665,0.0452376462332,5.70754606909e-05
2700,0.045394161665,0.0457088189615,0.0455512186166,1.54923443516e-05
2700,0.0457088189615,0.0460256573581,0.0458669645798,1.82439753605e-05
2700,0.0460256573581,0.0463446919736,0.0461848991895,0
2700,0.0463446919736,0.0466659380314,0.0465050376167,0
2700,0.0466659380314,0.0469894108605,0.0468273951374,0
2700,0.0469894108605,0.0473151258961,0.0471519871336,1.24376609926e-05
2700,0.0473151258961,0.0476430986805,0.0474788290942,9.918463801e-06
2700,0.0476430986805,0.0479733448637,0.0478079366149,0
2700,0.0479733448637,0.048305880204,0.0481393254,3.37324142008e-06
2700,0.048305880204,0.0486407205691,0.0484730112624,0
2700,0.0486407205691,0.0489778819368,0.0488090101248,4.40679655856e-05
2700,0.0489778819368,0.0493173803955,0.0491473380199,6.03614063069e-05
2700,0.0493173803955,0.049659232145,0.049488011092,1.26115757858e-05
2700,0.049659232145,0.0500034534977,0.0498310455971,1.01771684789e-05
2700,0.0500034534977,0.0503500608788,0.0501764579037,0.000154866392601
2700,0.0503500608788,0.0506990708275,0.050524264494,3.94398928076e-06
2700,0.0506990708275,0.0510504999975,0.0508744819645,0
2700,0.0510504999975,0.0514043651582,0.0512271270265,3.77078063056e-05
2700,0.0514043651582,0.0517606831951,0.0515822165072,0
2700,0.0517606831951,0.0521194711105,0.0519397673507,4.9119342057e-05
2700,0.0521194711105,0.052480746025,0.0522997966182,1.99201941308e-05
2700,0.052480746025,0.0528445251775,0.0526623214894,0
2700,0.0528445251775,0.0532108259267,0.0530273592629,2.96692531177e-05
2700,0.0532108259267,0.0535796657513,0.0533949273574,5.3477834855e-05
2700,0.0535796657513,0.0539510622515,0.0537650433122,1.51909307501e-05
2700,0.0539510622515,0.0543250331492,0.0541377247883,3.2756539938e-05
2700,0.0543250331492,0.0547015962894,0.0545129895689,9.72450241953e-05
2700,0.0547015962894,0.0550807696405,0.0548908555607,3.84944331584e-05
2700,0.0550807696405,0.0554625712958,0.0552713407944,0
2700,0.0554625712958,0.0558470194737,0.0556544634258,1.90885122335e-05
2700,0.0558470194737,0.056234132519,0.0560402417364,0
2700,0.056234132519,0.0566239289038,0.0564286941345,6.06933971901e-06
2700,0.0566239289038,0.0570164272281,0.056819839156,0
2700,0.0570164272281,0.0574116462207,0.0572136954652,9.35847633854e-06
2700,0.0574116462207,0.0578096047406,0.057610281856,1.21409900121e-05
2700,0.0578096047406,0.0582103217771,0.0580096172523,1.80675937951e-05
2700,0.0582103217771,0.0586138164514,0.0584117207093,2.38769718575e-06
2700,0.0586138164514,0.0590201080172,0.0588166114143,4.21377762539e-05
2700,0.0590201080172,0.0594292158616,0.0592243086876,4.47494334193e-05
2700,0.0594292158616,0.059841159506,0.0596348319834,5.05764435579e-05
2700,0.059841159506,0.0602559586074,0.0600482008908,1.47598098521e-05
2700,0.0602559586074,0.0606736329589,0.0604644351345,0
2700,0.0606736329589,0.0610942024906,0.0608835545761,0
2700,0.0610942024906,0.061517687271,0.061305579215,3.91373729835e-05
2700,0.061517687271,0.0619441075077,0.0617305291889,0
2700,0.0619441075077,0.0623734835482,0.0621584247753,0
2700,0.0623734835482,0.0628058358813,0.0625892863921,2.70735206078e-05
2700,0.0628058358813,0.0632411851376,0.0630231345991,1.22459838501e-05
2700,0.0632411851376,0.0636795520908,0.0634599900981,0.000103618477939
2700,0.0636795520908,0.0641209576585,0.0638998737348,9.24084666607e-05
2700,0.0641209576585,0.0645654229035,0.0643428064992,0
2700,0.0645654229035,0.0650129690343,0.0647888095269,6.97803662053e-05
2700,0.0650129690343,0.0654636174067,0.0652379040998,6.72303498469e-05
2700,0.0654636174067,0.0659173895244,0.0656901116476,6.73953086261e-05
2700,0.0659173895244,0.0663743070402,0.0661454537484,2.90131161301e-05
2700,0.0663743070402,0.0668343917569,0.0666039521298,1.96743335707e-05
2700,0.0668343917569,0.0672976656284,0.0670656286702,0
2700,0.0672976656284,0.0677641507611,0.0675305053995,1.00426727719e-05
2700,0.0677641507611,0.0682338694142,0.0679986045003,0.000104211805458
2700,0.0682338694142,0.0687068440014,0.0684699483091,0
2700,0.0687068440014,0.0691830970919,0.0689445593171,5.24239074204e-06
2700,0.0691830970919,0.0696626514111,0.0694224601714,3.41050990398e-05
2700,0.0696626514111,0.070145529842,0.0699036736762,1.19615050171e-05
2700,0.070145529842,0.0706317554263,0.0703882227936,5.52266456497e-06
2700,0.0706317554263,0.0711213513653,0.0708761306451,7.17822130178e-05
2700,0.0711213513653,0.0716143410213,0.0713674205122,4.11586016761e-05
2700,0.0716143410213,0.0721107479183,0.071862115838,2.35482784613e-05
2700,0.0721107479183,0.0726105957435,0.072360240228,6.95912130033e-05
2700,0.0726105957435,0.0731139083483,0.0728618174513,9.37698139645e-05
2700,0.0731139083483,0.0736207097495,0.0733668714418,2.33154200212e-05
2700,0.0736207097495,0.0741310241301,0.0738754262994,0.00021692697361
2700,0.0741310241301,0.074644875841,0.0743875062908,0.000112205847215
2700,0.074644875841,0.0751622894018,0.0749031358511,2.31329365617e-05
2700,0.0751622894018,0.0756832895021,0.0754223395848,1.12998220172e-06
2700,0.0756832895021,0.0762079010025,0.0759451422668,0
2700,0.0762079010025,0.0767361489362,0.0764715688439,0.000300301575613
2700,0.0767361489362,0.0772680585096,0.0770016444357,0
2700,0.0772680585096,0.077803655104,0.077535394336,1.91849586372e-05
2700,0.077803655104,0.0783429642766,0.0780728440138,0.00020656983236
2700,0.0783429642766,0.0788860117619,0.0786140191148,7.70749393514e-05
2700,0.0788860117619,0.0794328234724,0.0791589454624,3.86723914276e-05
2700,0.0794328234724,0.0799834255007,0.079707649059,2.07387691178e-05
2700,0.0799834255007,0.0805378441199,0.0802601560873,0.00011297854901
2700,0.0805378441199,0.0810961057854,0.0808164929113,4.10445879223e-05
2700,0.0810961057854,0.0816582371359,0.0813766860779,0
2700,0.0816582371359,0.0822242649947,0.081940762318,0.000114198423431
2700,0.0822242649947,0.0827942163712,0.0825087485479,9.71019857432e-05
2700,0.0827942163712,0.083368118462,0.0830806718702,7.37607011335e-06
2700,0.083368118462,0.0839459986519,0.0836565595756,3.85724766229e-05
2700,0.0839459986519,0.084527884516,0.0842364391438,2.35469115554e-05
2700,0.084527884516,0.0851138038202,0.0848203382452,3.45024482822e-05
2700,0.0851138038202,0.085703784523,0.0854082847419,1.14007484411e-05
2700,0.085703784523,0.0862978547767,0.0860003066889,4.1244941532e-05
2700,0.0862978547767,0.0868960429286,0.086596432336,6.26558070201e-06
2700,0.0868960429286,0.0874983775227,0.0871966901287,0.000107176506024
2700,0.0874983775227,0.0881048873008,0.0878011087097,4.81761715215e-05
2700,0.0881048873008,0.0887156012038,0.08840971692,0.000121284042332
2700,0.0887156012038,0.0893305483733,0.089022543801,7.47207340329e-05
2700,0.0893305483733,0.089949758153,0.089639618595,1.62854438523e-05
2700,0.089949758153,0.0905732600898,0.0902609707471,2.09331310913e-05
2700,0.0905732600898,0.0912010839356,0.0908866299066,7.29292321686e-05
2700,0.0912010839356,0.0918332596484,0.0915166259281,3.30427947564e-05
2700,0.0918332596484,0.0924698173938,0.0921509888735,0.00015295071538
2700,0.0924698173938,0.0931107875468,0.0927897490127,0.000155808693764
2700,0.0931107875468,0.0937562006926,0.0934329368257,9.40436843754e-05
2700,0.0937562006926,0.0944060876286,0.0940805830037,7.80469541268e-05
2700,0.0944060876286,0.0950604793656,0.0947327184504,4.87719920112e-05
2700,0.0950604793656,0.0957194071295,0.0953893742842,4.70991272369e-05
2700,0.0957194071295,0.0963829023624,0.0960505818387,0.000211385310298
2700,0.0963829023624,0.0970509967245,0.096716372665,0.00013359696077
2700,0.0970509967245,0.0977237220956,0.0973867785329,0.000103120783327
2700,0.0977237220956,0.0984011105761,0.0980618314322,0.00017138751898
2700,0.0984011105761,0.0990831944893,0.0987415635747,1.57904409642e-05
2700,0.0990831944893,0.0997700063823,0.0994260073953,0.000137726768431
2700,0.0997700063823,0.100461579028,0.100115195554,4.6715968574e-05
2700,0.100461579028,0.101157945426,0.100809160936,0
2700,0.101157945426,0.101859138805,0.101507936657,3.19074953995e-05
2700,0.101859138805,0.102565192625,0.10221155606,7.2361824639e-05
2700,0.102565192625,0.103276140576,0.102920052719,8.03500788751e-05
2700,0.103276140576,0.103992016583,0.103633460443,0.000245991128504
2700,0.103992016583,0.104712854805,0.104351813273,0.00020816029182
2700,0.104712854805,0.105438689639,0.105075145487,2.24329108437e-05
2700,0.105438689639,0.10616955572,0.1058034916,6.01082992763e-05
2700,0.10616955572,0.106905487922,0.106536886367,0.000122444311968
2700,0.106905487922,0.107646521363,0.107275364784,3.30739972731e-05
2700,0.107646521363,0.108392691402,0.108018962088,5.39413908806e-05
2700,0.108392691402,0.109144033645,0.108767713763,0.000162853599356
2700,0.109144033645,0.109900583943,0.109521655537,4.4197199988e-05
2700,0.109900583943,0.110662378398,0.110280823385,0.000250433849715
2700,0.110662378398,0.111429453359,0.111045253533,0
2700,0.111429453359,0.11220184543,0.111814982458,4.38318534712e-05
2700,0.11220184543,0.112979591467,0.112590046889,2.28741448301e-05
2700,0.112979591467,0.113762728582,0.113370483811,9.51635723054e-06
2700,0.113762728582,0.114551294145,0.114156330462,2.02570353579e-05
2700,0.114551294145,0.115345325782,0.114947624342,0.000286458524327
2700,0.115345325782,0.116144861384,0.115744403209,0.000150031369273
2700,0.116144861384,0.116949939102,0.116546705084,4.66311141724e-05
2700,0.116949939102,0.117760597352,0.117354568249,7.41853954387e-05
2700,0.117760597352,0.118576874817,0.118168031254,3.20644129382e-05
2700,0.118576874817,0.119398810446,0.118987132916,8.19227703839e-05
2700,0.119398810446,0.120226443462,0.119811912319,0.000116454423912
2700,0.120226443462,0.121059813355,0.12064240882,1.67488411424e-05
2700,0.121059813355,0.121898959892,0.121478662047,0.000182464521345
2700,0.121898959892,0.122743923116,0.122320711905,4.90338072867e-05
2700,0.122743923116,0.123594743344,0.123168598574,7.32679427376e-05
2700,0.123594743344,0.124451461177,0.124022362512,0.000125299132309
2700,0.124451461177,0.125314117494,0.124882044459,0.000193416104347
2700,0.125314117494,0.126182753459,0.125747685437,0.000222960604916
2700,0.126182753459,0.127057410521,0.126619326751,0.000155023706916
2700,0.127057410521,0.127938130416,0.127497009994,4.83599871287e-05
2700,0.127938130416,0.128824955169,0.128380777047,0.00011139214848
2700,0.128824955169,0.129717927098,0.129270670081,0.000165872862583
2700,0.129717927098,0.130617088813,0.130166731558,3.7382475451e-05
2700,0.130617088813,0.131522483219,0.131069004237,0.000144595916893
2700,0.131522483219,0.132434153519,0.131977531171,0.00012136467998
2700,0.132434153519,0.133352143216,0.132892355713,7.51765767294e-05
2700,0.133352143216,0.134276496114,0.133813521515,4.20472298863e-05
2700,0.134276496114,0.135207256319,0.134741072534,0.00017016766095
2700,0.135207256319,0.136144468247,0.13567505303,0.000169422979353
2700,0.136144468247,0.137088176616,0.136615507569,1.50366028408e-05
2700,0.137088176616,0.13803842646,0.137562481028,0.000235913610043
2700,0.13803842646,0.138995263121,0.138516018592,0.000119272767696
2700,0.138995263121,0.139958732257,0.139476165764,0.000255840903331
2700,0.139958732257,0.140928879842,0.140442968358,0.000146362413154
2700,0.140928879842,0.141905752169,0.141416472507,0.000202376192147
2700,0.141905752169,0.142889395851,0.142396724665,0.000270444077912
2700,0.142889395851,0.143879857826,0.143383771606,7.58759234898e-05
2700,0.143879857826,0.144877185354,0.144377660429,5.11056854245e-05
2700,0.144877185354,0.145881426028,0.145378438561,0.000132141249838
2700,0.145881426028,0.146892627764,0.146386153755,4.02345292009e-05
2700,0.146892627764,0.147910838817,0.147400854097,0.000109329765837
2700,0.147910838817,0.148936107771,0.148422588006,7.3197045063e-05
2700,0.148936107771,0.14996848355,0.149451404237,0.000190207755061
2700,0.14996848355,0.151008015416,0.15048735188,9.80678395406e-05
2700,0.151008015416,0.152054752973,0.15153048037,1.45807948139e-05
2700,0.152054752973,0.153108746168,0.152580839481,0.000118758730648
2700,0.153108746168,0.154170045295,0.153638479333,0.000136746630513
2700,0.154170045295,0.155238700996,0.154703450395,9.68817418804e-05
2700,0.155238700996,0.156314764264,0.155775803483,2.04111925698e-05
2700,0.156314764264,0.157398286447,0.156855589768,0.000262983359035
2700,0.157398286447,0.158489319246,0.157942860774,5.64559872372e-05
2700,0.158489319246,0.159587914724,0.159037668382,5.62357035927e-05
2700,0.159587914724,0.160694125301,0.160140064834,4.92912008615e-05
2700,0.160694125301,0.161808003764,0.161250102734,5.76959294355e-05
2700,0.161808003764,0.162929603264,0.162367835048,9.34398855287e-05
2700,0.162929603264,0.16405897732,0.163493315113,0.000130362314558
2700,0.16405897732,0.165196179823,0.164626596633,3.8889268793e-05
2700,0.165196179823,0.166341265037,0.165767733685,3.52543804502e-05
2700,0.166341265037,0.167494287603,0.166916780721,6.05909119518e-05
2700,0.167494287603,0.168655302539,0.168073792571,0.000277196269909
2700,0.168655302539,0.169824365246,0.169238824444,0.000155074783871
2700,0.169824365246,0.171001531509,0.170411931932,8.14421742223e-05
2700,0.171001531509,0.172186857499,0.171593171012,0.000139028497629
2700,0.172186857499,0.173380399775,0.172782598051,0.000120334792992
2700,0.173380399775,0.174582215292,0.173980269804,9.6035135077e-05
2700,0.174582215292,0.175792361396,0.175186243421,6.62980382546e-05
2700,0.175792361396,0.177010895832,0.176400576448,9.80801584964e-05
2700,0.177010895832,0.178237876745,0.177623326829,0.000194363073162
2700,0.178237876745,0.179473362683,0.178854552911,0.000112925998988
2700,0.179473362683,0.180717412601,0.180094313444,0
2700,0.180717412601,0.181970085861,0.181342667587,0.000286359366543
2700,0.181970085861,0.183231442237,0.182599674907,0.000207116067592
2700,0.183231442237,0.184501541918,0.183865395386,2.89407284508e-05
2700,0.184501541918,0.185780445509,0.185139889421,5.48201181806e-05
2700,0.185780445509,0.187068214037,0.186423217825,0.000103572168809
2700,0.187068214037,0.188364908949,0.187715441838,0.000113321252211
2700,0.188364908949,0.189670592121,0.189016623119,0.000129624330509
2700,0.189670592121,0.190985325857,0.190326823758,3.64656393253e-05
2700,0.190985325857,0.192309172891,0.191646106274,0.000125213824965
2700,0.192309172891,0.193642196395,0.192974533619,0.000137839579401
2700,0.193642196395,0.194984459976,0.194312169183,7.57676483176e-05
2700,0.194984459976,0.196336027684,0.195659076793,3.6707319136e-05
2700,0.196336027684,0.197696964011,0.197015320722,0.000154224217576
2700,0.197696964011,0.199067333899,0.198380965684,0.00014212856886
2700,0.199067333899,0.200447202737,0.199756076844,8.27943270434e-05
2700,0.200447202737,0.201836636368,0.20114071982,0.000119071146795
2700,0.201836636368,0.203235701094,0.202534960682,7.45227263299e-05
2700,0.203235701094,0.204644463672,0.203938865961,1.78522734561e-05
2700,0.204644463672,0.206062991327,0.205352502646,7.42990585552e-05
2700,0.206062991327,0.207491351745,0.206775938192,0.000161105096611
2700,0.207491351745,0.208929613085,0.208209240522,0.000174560093355
2700,0.208929613085,0.210377843977,0.209652478029,2.80888194863e-05
2700,0.210377843977,0.211836113525,0.211105719581,0.000209939686072
2700,0.211836113525,0.213304491315,0.212569034522,2.54194808253e-05
2700,0.213304491315,0.214783047413,0.214042492677,0.000127488068589
2700,0.214783047413,0.216271852373,0.215526164357,5.56788939147e-05
2700,0.216271852373,0.217770977235,0.217020120357,6.60157418996e-05
2700,0.217770977235,0.219280493535,0.218524431965,7.80103064581e-05
2700,0.219280493535,0.220800473302,0.220039170964,0.00015519509591
2700,0.220800473302,0.222330989065,0.221564409631,0.000243851286125
2700,0.222330989065,0.223872113857,0.223100220748,0.000252550362312
2700,0.223872113857,0.225423921215,0.224646677599,7.22492993258e-05
2700,0.225423921215,0.226986485188,0.226203853977,0.000204925163739
2700,0.226986485188,0.228559880338,0.227771824186,0.000140974211055
2700,0.228559880338,0.230144181741,0.229350663045,0.000148398352158
2700,0.230144181741,0.231739464997,0.230940445892,4.94995039176e-05
2700,0.231739464997,0.233345806228,0.232541248587,0.000160204822046
2700,0.233345806228,0.234963282085,0.234153147517,0.000172413591679
2700,0.234963282085,0.236591969749,0.235776219596,3.19689261788e-05
2700,0.236591969749,0.238231946936,0.237410542273,8.09051161142e-05
2700,0.238231946936,0.239883291902,0.239056193534,9.58954627218e-05
2700,0.239883291902,0.241546083444,0.240713251905,0.000148214441663
2700,0.241546083444,0.243220400907,0.242381796455,3.39074116586e-05
2700,0.243220400907,0.244906324184,0.244061906804,0.000123928511844
2700,0.244906324184,0.246603933723,0.245753663122,5.4498560528e-05
2700,0.246603933723,0.24831331053,0.247457146133,0.000197127143003
2700,0.24831331053,0.25003453617,0.249172437125,0.000142194054109
2700,0.25003453617,0.251767692776,0.250899617947,0.000157443771245
2700,0.251767692776,0.25351286305,0.252638771013,5.2685157968e-05
2700,0.25351286305,0.255270130266,0.254389979313,0.000278669650346
2700,0.255270130266,0.257039578277,0.256153326409,0.000227160261845
2700,0.257039578277,0.258821291515,0.257928896443,0.000142405514006
2700,0.258821291515,0.260615355,0.25971677414,0.000185904919116
2700,0.260615355,0.262421854338,0.261517044814,0.000206933748455
2700,0.262421854338,0.264240875732,0.263329794368,6.35123381972e-05
2700,0.264240875732,0.26607250598,0.265155109301,0.000116344643928
2700,0.26607250598,0.267916832482,0.266993076713,3.24677589376e-05
2700,0.267916832482,0.269773943244,0.268843784306,4.57008229021e-05
2700,0.269773943244,0.271643926884,0.270707320392,0.000116725122117
2700,0.271643926884,0.273526872631,0.272583773893,0.000109194049204
2700,0.273526872631,0.275422870334,0.274473234348,8.013990687e-05
2700,0.275422870334,0.277332010465,0.276375791917,9.16320523526e-05
2700,0.277332010465,0.279254384124,0.278291537385,0.000143190272457
2700,0.279254384124,0.28119008304,0.280220562167,0.000116936851217
2700,0.28119008304,0.28313919958,0.282162958309,8.66305425641e-05
2700,0.28313919958,0.28510182675,0.284118818498,0.000118951206745
2700,0.28510182675,0.287078058202,0.286088236063,0.000243011545413
2700,0.287078058202,0.289067988237,0.288071304978,3.74832229907e-05
2700,0.289067988237,0.291071711807,0.290068119869,0.000117498758372
2700,0.291071711807,0.293089324525,0.292078776021,0.000164015465108
2700,0.293089324525,0.295120922667,0.294103369375,4.92100617857e-05
2700,0.295120922667,0.297166603174,0.296141996539,0.000196781494045
2700,0.297166603174,0.299226463661,0.298194754793,0.000152767328032
2700,0.299226463661,0.301300602419,0.300261742086,0.000109349866081
2700,0.301300602419,0.303389118419,0.302343057051,0.000142159950221
2700,0.303389118419,0.305492111322,0.304438799002,0.00028327473274
2700,0.305492111322,0.307609681474,0.306549067943,5.1955980952e-05
2700,0.307609681474,0.309741929922,0.308673964568,5.18405544401e-05
2700,0.309741929922,0.311888958409,0.310813590274,0.000115417580966
2700,0.311888958409,0.314050869388,0.312968047156,0.00011600397467
2700,0.314050869388,0.316227766017,0.31513743802,7.38557953314e-05
2700,0.316227766017,0.318419752173,0.317321866384,0.00023955371429
2700,0.318419752173,0.320626932451,0.319521436481,9.83084133399e-05
2700,0.320626932451,0.322849412171,0.32173625327,5.83957310729e-05
2700,0.322849412171,0.325087297385,0.323966422435,0.000184415583941
2700,0.325087297385,0.327340694879,0.326212050394,0.000134065875347
2700,0.327340694879,0.329609712177,0.328473244303,9.78550496184e-05
2700,0.329609712177,0.331894457553,0.330750112059,0.000112103696838
2700,0.331894457553,0.334195040026,0.333042762309,7.5306203271e-05
2700,0.334195040026,0.336511569375,0.335351304451,0.000168529223576
2700,0.336511569375,0.338844156139,0.337675848642,0.000126379523752
2700,0.338844156139,0.341192911622,0.340016505804,0.000215231101555
2700,0.341192911622,0.3435579479,0.342373387626,0.000117987471506
2700,0.3435579479,0.345939377826,0.344746606573,4.21882237976e-05
2700,0.345939377826,0.348337315036,0.347136275888,0.000119754696631
2700,0.348337315036,0.350751873953,0.349542509599,0.000351180373795
2700,0.350751873953,0.353183169792,0.351965422525,2.99785352956e-05
2700,0.353183169792,0.355631318569,0.354405130281,0.00014535239318
2700,0.355631318569,0.358096437103,0.356861749283,6.29314891443e-05
2700,0.358096437103,0.360578643022,0.359335396755,0.00026962562323
2700,0.360578643022,0.36307805477,0.361826190732,0.000136674227006
2700,0.36307805477,0.365594791613,0.364334250068,0.000274381450469
2700,0.365594791613,0.368128973643,0.366859694441,0.000195432669589
2700,0.368128973643,0.370680721783,0.369402644358,0.000135352779233
2700,0.370680721783,0.373250157796,0.371963221162,0.000195617799397
2700,0.373250157796,0.375837404288,0.374541547036,9.21319274259e-05
2700,0.375837404288,0.378442584717,0.377137745011,0.00014226729493
2700,0.378442584717,0.381065823394,0.379751938971,9.22415603471e-05
2700,0.381065823394,0.383707245492,0.382384253658,0.000164449992497
2700,0.383707245492,0.386366977054,0.385034814679,0.000155540812131
2700,0.386366977054,0.389045144994,0.38770374851,0.000328484599182
2700,0.389045144994,0.391741877108,0.390391182508,0.00014600315105
2700,0.391741877108,0.394457302075,0.393097244907,0.000166277809732
2700,0.394457302075,0.397191549469,0.395822064836,0.000133819273001
2700,0.397191549469,0.399944749761,0.398565772313,7.62173865313e-05
2700,0.399944749761,0.402717034325,0.401328498263,0.000167721286089
2700,0.402717034325,0.405508535448,0.404110374513,6.14556695741e-05
2700,0.405508535448,0.408319386333,0.406911533809,0.000119840727086
2700,0.408319386333,0.411149721105,0.409732109814,0.000172943071812
2700,0.411149721105,0.41399967482,0.412572237117,9.55837544494e-05
2700,0.41399967482,0.41686938347,0.415432051242,0.000249928630254
2700,0.41686938347,0.419758983991,0.418311688651,0.000198873336111
2700,0.419758983991,0.422668614266,0.421211286754,0.000127302689218
2700,0.422668614266,0.425598413134,0.42413098391,8.00269297085e-05
2700,0.425598413134,0.428548520397,0.427070919441,0.000337176453421
2700,0.428548520397,0.431519076828,0.430031233631,0.000211126296487
2700,0.431519076828,0.434510224172,0.433012067738,8.72007897644e-05
2700,0.434510224172,0.437522105158,0.436013564,0.000330268842905
2700,0.437522105158,0.440554863507,0.439035865641,0.000108739045268
2700,0.440554863507,0.443608643931,0.442079116876,5.3132681294e-05
2700,0.443608643931,0.446683592151,0.44514346292,0.000119253480477
2700,0.446683592151,0.449779854893,0.448229049997,0.000250407407947
2700,0.449779854893,0.452897579904,0.451336025341,7.60214213397e-05
2700,0.452897579904,0.456036915951,0.45446453721,0.000208224357701
2700,0.456036915951,0.459198012837,0.457614734886,0.000263775749646
2700,0.459198012837,0.462381021399,0.46078676869,4.9720933099e-05
2700,0.462381021399,0.465586093523,0.463980789982,5.4680308232e-05
2700,0.465586093523,0.468813382145,0.467196951172,8.3089878005e-05
2700,0.468813382145,0.472063041264,0.470435405726,0.000191261700038
2700,0.472063041264,0.475335225943,0.473696308175,5.8921823699e-05
2700,0.475335225943,0.478630092323,0.476979814119,9.23256822428e-05
2700,0.478630092323,0.481947797625,0.48028608024,7.65345752653e-05
2700,0.481947797625,0.485288500162,0.483615264302,0.000126046074969
2700,0.485288500162,0.488652359343,0.486967525166,0.000121999388797
2700,0.488652359343,0.492039535681,0.490343022792,0.000171288624041
2700,0.492039535681,0.495450190805,0.49374191825,0.000159837080556
2700,0.495450190805,0.49888448746,0.497164373725,1.45823325137e-05
2700,0.49888448746,0.502342589522,0.500610552529,0.000102599166806
2700,0.502342589522,0.505824662003,0.504080619103,0.000176465188556
2700,0.505824662003,0.509330871057,0.507574739029,0.000306603446419
2700,0.509330871057,0.512861383991,0.511093079037,0.000198476883685
2700,0.512861383991,0.516416369272,0.514635807014,9.78691575773e-05
2700,0.516416369272,0.519995996534,0.518203092007,8.73246556133e-05
2700,0.519995996534,0.523600436586,0.521795104239,0.000120961408777
2700,0.523600436586,0.527229861423,0.52541201511,3.57779927254e-05
2700,0.527229861423,0.530884444231,0.52905399721,0.000274067998995
2700,0.530884444231,0.534564359397,0.532721224323,0.000167465486019
2700,0.534564359397,0.538269782516,0.53641387144,9.44618679948e-05
2700,0.538269782516,0.542000890402,0.540132114765,0.00022494452171
2700,0.542000890402,0.545757861091,0.54387613172,3.37097987809e-05
2700,0.545757861091,0.549540873858,0.547646100962,0.000134038029129
2700,0.549540873858,0.553350109216,0.551442202382,0.000197866411667
2700,0.553350109216,0.557185748932,0.55526461712,6.61288984912e-05
2700,0.557185748932,0.561047976032,0.559113527571,5.32512176195e-05
2700,0.561047976032,0.564936974812,0.562989117394,4.59763411053e-05
2700,0.564936974812,0.568852930844,0.566891571523,7.43049757868e-05
2700,0.568852930844,0.572796030986,0.570821076172,0.000240754506603
2700,0.572796030986,0.576766463392,0.574777818846,7.07824119048e-05
2700,0.576766463392,0.580764417521,0.578761988349,3.25736093816e-05
2700,0.580764417521,0.584790084144,0.582773774796,3.03946208818e-05
2700,0.584790084144,0.588843655356,0.586813369619,3.25962855118e-05
2700,0.588843655356,0.59292532458,0.590880965575,0.000152404398043
2700,0.59292532458,0.597035286584,0.594976756759,0.000112426378611
2700,0.597035286584,0.601173737483,0.599100938611,0.000122132934172
2700,0.601173737483,0.605340874754,0.603253707927,0.000125476118239
2700,0.605340874754,0.60953689724,0.607435262864,0.000246733553309
2700,0.60953689724,0.613762005165,0.611645802955,3.79858987333e-05
2700,0.613762005165,0.618016400138,0.615885529115,0.000307523118808
2700,0.618016400138,0.622300285169,0.620154643654,7.87983785957e-05
2700,0.622300285169,0.626613864672,0.624453350281,7.96459969935e-05
2700,0.626613864672,0.63095734448,0.628781854118,0.000146669716655
2700,0.63095734448,0.635330931852,0.633140361711,8.07908959593e-05
2700,0.635330931852,0.639734835483,0.637529081035,0.000183680402984
2700,0.639734835483,0.644169265515,0.641948221508,0.000343183166859
2700,0.644169265515,0.648634433548,0.646397994,4.8521925712e-05
2700,0.648634433548,0.653130552647,0.65087861084,2.73775994449e-05
2700,0.653130552647,0.657657837355,0.655390285833,3.16937879219e-05
2700,0.657657837355,0.662216503702,0.659933234264,4.42350107091e-05
2700,0.662216503702,0.666806769214,0.664507672908,9.32023338726e-05
2700,0.666806769214,0.671428852926,0.669113820046,8.64792867583e-05
2700,0.671428852926,0.676082975392,0.673751895471,0.000335489616412
2700,0.676082975392,0.680769358694,0.678422120498,0.000227831608468
2700,0.680769358694,0.685488226453,0.683124717979,9.44053194649e-05
2700,0.685488226453,0.69023980384,0.687859912309,0.000291305735288
2700,0.69023980384,0.695024317589,0.692627929437,3.40914070956e-05
2700,0.695024317589,0.699841996002,0.697428996882,3.41001630687e-05
2700,0.699841996002,0.704693068967,0.702263343736,0.000275918946659
2700,0.704693068967,0.709577767963,0.707131200681,9.41428907309e-05
2700,0.709577767963,0.714496326076,0.712032799999,8.61771959416e-05
2700,0.714496326076,0.719448978004,0.71696837558,0.000114220072038
2700,0.719448978004,0.724435960075,0.721938162937,0.000159945362783
2700,0.724435960075,0.729457510255,0.726942399214,0.00014244426063
2700,0.729457510255,0.734513868157,0.7319813232,0
2700,0.734513868157,0.739605275058,0.737055175338,0.000104350783486
2700,0.739605275058,0.744731973906,0.742164197739,0.000365834377386
2700,0.744731973906,0.749894209332,0.747308634191,0.000281109395328
2700,0.749894209332,0.755092227665,0.752488730174,0.000281013740855
2700,0.755092227665,0.76032627694,0.757704732866,0.000118446699502
2700,0.76032627694,0.765596606911,0.762956891162,0.000117436890777
2700,0.765596606911,0.770903469064,0.768245455679,0.00016583392456
2700,0.770903469064,0.776247116629,0.773570678775,0.00028779498359
2700,0.776247116629,0.781627804588,0.778932814554,0.000197262394094
2700,0.781627804588,0.787045789695,0.784332118882,0.000136728341947
2700,0.787045789695,0.79250133048,0.7897688494,0.000140421181639
2700,0.79250133048,0.797994687268,0.795243265533,0.000159079134144
2700,0.797994687268,0.803526122186,0.800755628507,5.92374852382e-05
2700,0.803526122186,0.809095899178,0.806306201355,0.000115801161179
2700,0.809095899178,0.814704284021,0.811895248936,0.000289754579649
2700,0.814704284021,0.82035154433,0.817523037944,0.000159435610639
2700,0.82035154433,0.826037949577,0.823189836921,9.0358259876e-05
2700,0.826037949577,0.831763771103,0.828895916273,0
2700,0.831763771103,0.837529282127,0.834641548277,0.000165296714362
2700,0.837529282127,0.843334757764,0.8404270071,0.000165563243514
2700,0.843334757764,0.849180475036,0.846252568807,8.86276843309e-05
2700,0.849180475036,0.855066712885,0.852118511379,9.05252059911e-05
2700,0.855066712885,0.860993752185,0.858025114723,0.000121189635504
2700,0.860993752185,0.866961875758,0.863972660684,0.000228456294287
2700,0.866961875758,0.872971368388,0.869961433065,0.000142463959602
2700,0.872971368388,0.879022516831,0.875991717633,0.000230033817462
2700,0.879022516831,0.885115609831,0.882063802137,0.00021773730562
2700,0.885115609831,0.891250938134,0.888177976319,0.000120770431812
2700,0.891250938134,0.897428794501,0.894334531933,0.000263521486014
2700,0.897428794501,0.903649473722,0.900533762751,0.000190177547923
2700,0.903649473722,0.909913272632,0.906775964584,7.80182703169e-05
2700,0.909913272632,0.916220490122,0.913061435293,0.00021563374562
2700,0.916220490122,0.922571427155,0.919390474804,9.98797161187e-05
2700,0.922571427155,0.92896638678,0.925763385121,0.000114840852141
2700,0.92896638678,0.935405674148,0.932180470342,0.000201247776252
2700,0.935405674148,0.941889596523,0.938642036672,3.46526827743e-05
2700,0.941889596523,0.948418463301,0.945148392441,6.42252926775e-05
2700,0.948418463301,0.954992586021,0.951699848113,2.23200384497e-05
2700,0.954992586021,0.961612278384,0.958296716306,0.000116547001767
2700,0.961612278384,0.968277856261,0.964939311806,0.000174140700409
2700,0.968277856261,0.974989637717,0.971627951577,0.000137992125839
2700,0.974989637717,0.98174794302,0.978362954785,0.000213561399915
2700,0.98174794302,0.988553094657,0.985144642804,0.000286547688903
2700,0.988553094657,0.995405417352,0.991973339239,0.000187782851324
2700,0.995405417352,1.00230523808,0.998849369937,9.92284096246e-05
2700,1.00230523808,1.00925288608,1.005773063,4.48767596771e-05
2700,1.00925288608,1.01624869287,1.01274474881,6.12165730923e-05
2700,1.01624869287,1.02329299228,1.01976476004,0.000127051736419
2700,1.02329299228,1.03038612044,1.02683343167,0.000147029461519
2700,1.03038612044,1.03752841582,1.03395110098,4.30326376349e-05
2700,1.03752841582,1.04472021922,1.04111810762,0
2700,1.04472021922,1.05196187382,1.04833479358,2.8758391431e-05
2700,1.05196187382,1.05925372518,1.05560150322,0.000217422547777
2700,1.05925372518,1.06659612123,1.06291858328,7.87168372225e-05
2700,1.06659612123,1.07398941234,1.07028638291,0.000233448268116
2700,1.07398941234,1.0814339513,1.07770525369,0.000248336886015
2700,1.0814339513,1.08893009333,1.08517554963,0.000166008537434
2700,1.08893009333,1.09647819614,1.09269762719,0.000312673771242
2700,1.09647819614,1.1040786199,1.1002718453,0.000142313543833
2700,1.1040786199,1.11173172728,1.10789856537,0.000235903241598
2700,1.11173172728,1.11943788347,1.11557815135,0.000263148241416
2700,1.11943788347,1.12719745618,1.12331096967,0.000216926397234
2700,1.12719745618,1.13501081567,1.13109738933,0.00022758319001
2700,1.13501081567,1.14287833479,1.13893778188,0.000210887650292
2700,1.14287833479,1.15080038894,1.14683252142,8.05770134065e-05
2700,1.15080038894,1.15877735616,1.15478198469,0.000274318684719
2700,1.15877735616,1.16680961706,1.162786551,0.000316834974969
2700,1.16680961706,1.17489755494,1.17084660232,7.14936954327e-05
2700,1.17489755494,1.18304155573,1.17896252324,0.000137273194086
2700,1.18304155573,1.19124200803,1.18713470104,1.51779693623e-05
2700,1.19124200803,1.19949930315,1.19536352567,0.000183949675105
2700,1.19949930315,1.20781383511,1.20364938979,1.784626293e-05
2700,1.20781383511,1.21618600065,1.21199268877,0.000175534573467
2700,1.21618600065,1.22461619927,1.22039382074,0.000112345492751
2700,1.22461619927,1.23310483323,1.22885318658,0.000109435227389
2700,1.23310483323,1.24165230759,1.23737118994,9.25584184067e-05
2700,1.24165230759,1.25025903022,1.24594823727,0.000148646283643
2700,1.25025903022,1.25892541179,1.25458473786,0.000107074325224
2700,1.25892541179,1.26765186586,1.26328110381,8.07893119772e-05
2700,1.26765186586,1.27643880881,1.27203775009,0.000162204216154
2700,1.27643880881,1.28528665994,1.28085509454,7.09409676317e-05
2700,1.28528665994,1.29419584145,1.2897335579,0.000101337645108
2700,1.29419584145,1.30316677845,1.29867356383,0.000224179949424
2700,1.30316677845,1.31219989902,1.30767553892,6.45591587586e-05
2700,1.31219989902,1.32129563419,1.31673991272,9.85630440975e-05
2700,1.32129563419,1.33045441798,1.32586711776,0.000142182521573
2700,1.33045441798,1.33967668743,1.33505758956,0.000110213844807
2700,1.33967668743,1.34896288259,1.34431176667,2.42207693334e-05
2700,1.34896288259,1.35831344659,1.35363009067,0.000157406546333
2700,1.35831344659,1.3677288256,1.36301300621,0.0001700308377
2700,1.3677288256,1.37720946889,1.37246096101,0.000146593575307
2700,1.37720946889,1.38675582887,1.3819744059,7.43711975102e-05
2700,1.38675582887,1.39636836106,1.39155379484,4.66580606942e-05
2700,1.39636836106,1.40604752413,1.40119958494,0.000281393720117
2700,1.40604752413,1.41579377996,1.41091223646,4.0193257414e-05
2700,1.41579377996,1.4256075936,1.42069221286,3.73460675492e-05
2700,1.4256075936,1.43548943335,1.43053998082,0.00022853408567
2700,1.43548943335,1.44543977075,1.44045601025,0.000224264521074
2700,1.44543977075,1.45545908058,1.4504407743,3.35070126834e-05
2700,1.45545908058,1.46554784096,1.46049474944,0.000130751662621
2700,1.46554784096,1.47570653328,1.4706184154,0.000206785573556
2700,1.47570653328,1.48593564229,1.48081225527,0.000238386741387
2700,1.48593564229,1.49623565609,1.49107675545,0.00017123368684
2700,1.49623565609,1.50660706619,1.50141240575,8.19836754482e-05
2700,1.50660706619,1.51705036746,1.51181969936,2.52988031584e-05
2700,1.51705036746,1.52756605824,1.52229913288,9.08470552825e-05
2700,1.52756605824,1.5381546403,1.53285120636,9.07394425586e-05
2700,1.5381546403,1.54881661891,1.54347642332,7.05790585982e-05
2700,1.54881661891,1.55955250283,1.55417529077,0.000230651801314
2700,1.55955250283,1.57036280433,1.56494831922,0.00012064735385
2700,1.57036280433,1.58124803927,1.57579602274,0.00011490540501
2700,1.58124803927,1.59220872705,1.58671891895,0.000326685605155
2700,1.59220872705,1.60324539069,1.59771752906,0.000324260900646
2700,1.60324539069,1.61435855683,1.60879237789,7.60521090185e-05
2700,1.61435855683,1.62554875575,1.6199439939,0.000202018704924
2700,1.62554875575,1.63681652143,1.63117290923,0.000150291505163
2700,1.63681652143,1.64816239153,1.64247965967,0.000211460645045
2700,1.64816239153,1.65958690744,1.65386478477,0.00017456452073
2700,1.65958690744,1.67109061431,1.66532882779,5.62205249985e-05
2700,1.67109061431,1.68267406107,1.67687233575,0.000209137700328
2700,1.68267406107,1.69433780045,1.68849585949,0.000149113319664
2700,1.69433780045,1.706082389,1.70019995364,0.000299040812834
2700,1.706082389,1.71790838716,1.7119851767,0.00013758521232
2700,1.71790838716,1.72981635922,1.72385209103,0.000219413879838
2700,1.72981635922,1.74180687339,1.73580126287,0.000320877866352
2700,1.74180687339,1.75388050184,1.74783326242,4.18919279258e-05
2700,1.75388050184,1.76603782069,1.7599486638,0.000119995415087
2700,1.76603782069,1.77827941004,1.77214804514,0.000247449006565
2700,1.77827941004,1.79060585404,1.78443198854,0.000138576615316
2700,1.79060585404,1.80301774086,1.79680108017,0.000172896269832
2700,1.80301774086,1.81551566277,1.80925591025,0.000190672086418
2700,1.81551566277,1.82810021614,1.82179707309,0.000168691127576
2700,1.82810021614,1.84077200147,1.83442516712,0.00011750366837
2700,1.84077200147,1.85353162341,1.84714079491,0.000199226590315
2700,1.85353162341,1.86637969083,1.85994456322,0.000114848198988
2700,1.86637969083,1.8793168168,1.87283708302,0.000170220756837
2700,1.8793168168,1.89234361864,1.88581896949,0.000146402540118
2700,1.89234361864,1.90546071796,1.8988908421,8.97988524828e-05
2700,1.90546071796,1.91866874067,1.9120533246,0.000193029132492
2700,1.91866874067,1.93196831702,1.92530704508,0.000158160692722
2700,1.93196831702,1.94536008162,1.93865263595,0.000471086172217
2700,1.94536008162,1.95884467351,1.95209073404,0.000201950542699
2700,1.95884467351,1.97242273611,1.96562198058,0.000373570170297
2700,1.97242273611,1.98609491736,1.97924702124,7.41633247411e-05
2700,1.98609491736,1.99986186963,1.99296650616,0.000161133302908
2700,1.99986186963,2.01372424986,2.00678109002,5.23674635456e-05
2700,2.01372424986,2.02768271952,2.02069143199,0.000109928425452
2700,2.02768271952,2.04173794467,2.03469819585,0.000184399961355
2700,2.04173794467,2.05589059598,2.04880204996,8.01643717277e-05
2700,2.05589059598,2.07014134879,2.06300366731,0.000134151397246
2700,2.07014134879,2.0844908831,2.07730372557,0.00011761329342
2700,2.0844908831,2.09893988362,2.0917029071,0.00030538947231
2700,2.09893988362,2.11348903984,2.10620189899,0.000186044934448
2700,2.11348903984,2.12813904598,2.12080139309,0.000145296189436
2700,2.12813904598,2.14289060112,2.13550208605,0.000325372967931
2700,2.14289060112,2.15774440915,2.15030467934,7.5651446927e-05
2700,2.15774440915,2.17270117886,2.16520987931,0.000180856299051
2700,2.17270117886,2.18776162395,2.18021839719,0.000285259980955
2700,2.18776162395,2.20292646305,2.19533094914,0.000249898448555
2700,2.20292646305,2.2181964198,2.2105482563,7.63769208561e-05
2700,2.2181964198,2.23357222283,2.22587104479,0.000129154209387
2700,2.23357222283,2.24905460584,2.24130004578,0.000133489471027
2700,2.24905460584,2.26464430759,2.2568359955,0.000145630739717
2700,2.26464430759,2.280342072,2.27247963527,0.000119171185179
2700,2.280342072,2.29614864811,2.28823171158,0.00013928407726
2700,2.29614864811,2.31206479018,2.30409297606,0.000177668423255
2700,2.31206479018,2.32809125767,2.32006418557,0.000159133871678
2700,2.32809125767,2.34422881532,2.33614610222,6.70866515885e-05
2700,2.34422881532,2.36047823318,2.35233949339,0.000163158989659
2700,2.36047823318,2.37684028662,2.36864513178,0.000200201345107
2700,2.37684028662,2.39331575641,2.38506379547,0.000129643428876
2700,2.39331575641,2.40990542869,2.40159626789,0.000278270013166
2700,2.40990542869,2.42661009508,2.41824333793,0.000119665631434
2700,2.42661009508,2.44343055269,2.43500579995,0.000165041872879
2700,2.44343055269,2.46036760415,2.45188445381,9.31091554696e-06
2700,2.46036760415,2.47742205763,2.46888010491,0.000186333805843
2700,2.47742205763,2.49459472694,2.48599356423,0.000229021293822
2700,2.49459472694,2.51188643151,2.50322564838,0.000101086729764
2700,2.51188643151,2.52929799645,2.52057717964,0.000195058099542
2700,2.52929799645,2.54683025259,2.53804898596,0.000180706342942
2700,2.54683025259,2.56448403652,2.55564190106,7.07791063048e-05
2700,2.56448403652,2.58226019063,2.57335676443,0.000554554323583
2700,2.58226019063,2.60015956317,2.59119442135,6.90947739203e-05
2700,2.60015956317,2.61818300822,2.60915572301,0.000239584353705
2700,2.61818300822,2.63633138583,2.62724152647,0.00031545420168
2700,2.63633138583,2.65460556198,2.64545269472,0.000270411928091
2700,2.65460556198,2.67300640866,2.66379009677,0.000234419240284
2700,2.67300640866,2.69153480393,2.68225460761,0.000254754974626
2700,2.69153480393,2.71019163189,2.70084710832,0.000114961471691
2700,2.71019163189,2.72897778281,2.7195684861,0.000141160315542
2700,2.72897778281,2.7478941531,2.73841963426,0.000178372092526
2700,2.7478941531,2.76694164541,2.75740145235,1.39063174699e-05
2700,2.76694164541,2.78612116863,2.77651484611,0.00010735500441
2700,2.78612116863,2.80543363795,2.79576072758,0.000152774911792
2700,2.80543363795,2.82487997492,2.81514001513,9.80331504835e-05
2700,2.82487997492,2.84446110745,2.83465363349,0.000113618240519
2700,2.84446110745,2.86417796991,2.85430251379,0.000217506934565
2700,2.86417796991,2.88403150313,2.87408759362,0.00015221598385
2700,2.88403150313,2.90402265446,2.89400981707,0.000163016159141
2700,2.90402265446,2.92415237784,2.91407013477,0.000133115394183
2700,2.92415237784,2.9444216338,2.93426950396,0.000150222660323
2700,2.9444216338,2.96483138952,2.95460888848,3.14967352103e-05
2700,2.96483138952,2.98538261892,2.97508925888,7.59155739232e-05
2700,2.98538261892,3.00607630263,2.99571159243,0.000249377635755
2700,3.00607630263,3.0269134281,3.01647687316,0.000109714623639
2700,3.0269134281,3.04789498963,3.03738609195,0.000416138720035
2700,3.04789498963,3.06902198839,3.05844024651,0.000102386400067
2700,3.06902198839,3.09029543251,3.0796403415,0.000527864634111
2700,3.09029543251,3.11171633711,3.10098738853,0.000145581661238
2700,3.11171633711,3.13328572432,3.12248240622,0.000213093659452
2700,3.13328572432,3.15500462337,3.14412642026,0.000272161269048
2700,3.15500462337,3.17687407065,3.16592046343,0.00040488046966
2700,3.17687407065,3.19889510969,3.1878655757,0.000139204618758
2700,3.19889510969,3.22106879128,3.20996280421,0.000312045232906
2700,3.22106879128,3.24339617349,3.2322132034,0.000310339262068
2700,3.24339617349,3.26587832172,3.25461783498,0.000427142378722
2700,3.26587832172,3.28851630876,3.27717776805,0.000185866824185
2700,3.28851630876,3.31131121483,3.29989407911,0.000108552810577
2700,3.31131121483,3.33426412763,3.32276785211,0.000252044970808
2700,3.33426412763,3.35737614243,3.34580017853,0.000159232259495
2700,3.35737614243,3.38064836206,3.36899215741,2.80056589239e-05
2700,3.38064836206,3.40408189701,3.39234489541,0.000197980553648
2700,3.40408189701,3.42767786546,3.41585950686,0.000269059401843
2700,3.42767786546,3.45143739336,3.43953711381,0.000114352659658
2700,3.45143739336,3.47536161443,3.46337884608,6.66457268943e-05
2700,3.47536161443,3.49945167028,3.48738584135,4.88694773119e-05
2700,3.49945167028,3.52370871042,3.51155924516,5.97085067116e-05
2700,3.52370871042,3.54813389234,3.535900211,6.75586385381e-05
2700,3.54813389234,3.57272838152,3.56040990036,0.000207349298246
2700,3.57272838152,3.59749335156,3.58508948277,0.000478034354831
2700,3.59749335156,3.62242998417,3.60994013586,0.000367628782155
2700,3.62242998417,3.64753946926,3.63496304546,0.000205308972224
2700,3.64753946926,3.67282300498,3.66015940558,0.00025697879873
2700,3.67282300498,3.6982817978,3.68553041852,2.70809189216e-05
2700,3.6982817978,3.72391706255,3.71107729493,0.000199951076024
2700,3.72391706255,3.74973002245,3.73680125382,0.000227514130715
2700,3.74973002245,3.77572190925,3.76270352268,0.00018922694967
2700,3.77572190925,3.80189396321,3.78878533748,0.000116887680789
2700,3.80189396321,3.82824743317,3.81504794279,0.00022636151046
2700,3.82824743317,3.85478357666,3.84149259179,0.00015902218541
2700,3.85478357666,3.88150365991,3.86812054633,0.000184018939118
2700,3.88150365991,3.90840895792,3.89493307704,0.000123782550443
2700,3.90840895792,3.93550075456,3.92193146333,0.000388833249832
2700,3.93550075456,3.96278034255,3.94911699349,3.46629880465e-05
2700,3.96278034255,3.99024902362,3.97649096475,0.000146629384607
2700,3.99024902362,4.01790810849,4.00405468331,0.000198513964523
2700,4.01790810849,4.04575891697,4.03180946443,0.000160341002425
2700,4.04575891697,4.07380277804,4.05975663252,0.00024646154418
2700,4.07380277804,4.10204102987,4.08789752111,0.000236167182258
2700,4.10204102987,4.1304750199,4.11623347303,7.66236626598e-05
2700,4.1304750199,4.15910610494,4.14476584038,0.000204018463252
2700,4.15910610494,4.18793565118,4.17349598465,0.000184098973008
2700,4.18793565118,4.21696503429,4.20242527677,0.0001373605876
2700,4.21696503429,4.24619563946,4.23155509717,0.000401864953436
2700,4.24619563946,4.27562886152,4.26088683583,0.000218572366727
2700,4.27562886152,4.30526610492,4.29042189239,7.39163996926e-05
2700,4.30526610492,4.33510878388,4.32016167618,0.000209874343983
2700,4.33510878388,4.3651583224,4.35010760631,0.000109041941407
2700,4.3651583224,4.39541615438,4.3802611117,0.00021793534651
2700,4.39541615438,4.42588372363,4.41062363121,0.000312962002797
2700,4.42588372363,4.45656248398,4.44119661366,0.000226853977587
2700,4.45656248398,4.48745389933,4.47198151789,0.000198097515001
2700,4.48745389933,4.51855944375,4.50297981288,0.000112193597081
2700,4.51855944375,4.5498806015,4.53419297779,0.000226167097845
2700,4.5498806015,4.58141886715,4.56562250202,0.000205345612702
2700,4.58141886715,4.6131757456,4.59726988531,0.000381277459241
2700,4.6131757456,4.64515275223,4.62913663778,9.36370864589e-05
2700,4.64515275223,4.67735141287,4.66122428002,0.000270508272919
2700,4.67735141287,4.70977326397,4.69353434317,0.00017039398325
2700,4.70977326397,4.7424198526,4.72606836898,6.00406570687e-05
2700,4.7424198526,4.77529273658,4.75882790989,0.000169500718027
2700,4.77529273658,4.8083934845,4.79181452908,7.5473860097e-05
2700,4.8083934845,4.84172367584,4.8250298006,0.000502888193678
2700,4.84172367584,4.87528490103,4.85847530937,9.01823540229e-05
2700,4.87528490103,4.90907876153,4.89215265134,0.000159501275393
2700,4.90907876153,4.94310686987,4.9260634335,0.000118675499944
2700,4.94310686987,4.97737084979,4.96020927396,0.000176770207286
2700,4.97737084979,5.01187233627,4.99459180208,0.000415242150192
2700,5.01187233627,5.04661297564,5.0292126585,6.68655845753e-05
2700,5.04661297564,5.08159442561,5.06407349524,0.000231784545563
2700,5.08159442561,5.1168183554,5.09917597575,0.000175114476784
2700,5.1168183554,5.15228644582,5.13452177503,0.000400035712201
2700,5.15228644582,5.18800038929,5.17011257969,0.000323168737
2700,5.18800038929,5.22396188999,5.20595008802,0.000216896927993
2700,5.22396188999,5.26017266391,5.24203601008,0.000310158849549
2700,5.26017266391,5.29663443892,5.27837206782,0.00020281301422
2700,5.29663443892,5.33334895488,5.31495999507,0.000199049623308
2700,5.33334895488,5.3703179637,5.35180153771,0.000262743753838
2700,5.3703179637,5.40754322946,5.38889845373,0.000124250966983
2700,5.40754322946,5.44502652842,5.42625251329,5.21677976017e-05
2700,5.44502652842,5.48276964921,5.46386549882,0.000514415459227
2700,5.48276964921,5.52077439281,5.50173920511,0.000234833099334
2700,5.52077439281,5.5590425727,5.53987543939,0.00023265095478
2700,5.5590425727,5.59757601495,5.57827602141,0.000217970651779
2700,5.59757601495,5.63637655826,5.61694278356,0.000307236702204
2700,5.63637655826,5.67544605409,5.65587757089,0.000264537752707
2700,5.67544605409,5.71478636672,5.69508224128,0.00030762707704
2700,5.71478636672,5.75439937337,5.73455866546,0.000305519929929
2700,5.75439937337,5.79428696427,5.77430872714,0.000115720897096
2700,5.79428696427,5.83445104274,5.81433432308,0.000319647416607
2700,5.83445104274,5.8748935253,5.85463736321,0.000262013307199
2700,5.8748935253,5.91561634175,5.89521977065,0.000138137032567
2700,5.91561634175,5.95662143529,5.93608348191,0.000269040550553
2700,5.95662143529,5.99791076256,5.97723044689,0.000440987451666
2700,5.99791076256,6.03948629376,6.018662629,0.00031663707531
2700,6.03948629376,6.08135001279,6.06038200527,0.000334910826123
2700,6.08135001279,6.12350391725,6.10239056645,0.000397217572231
2700,6.12350391725,6.16595001861,6.14469031706,0.00018650501784
2700,6.16595001861,6.2086903423,6.18728327553,0.000262078810445
2700,6.2086903423,6.25172692776,6.23017147429,0.000276350184479
2700,6.25172692776,6.29506182857,6.27335695984,0.000121208826683
2700,6.29506182857,6.33869711257,6.31684179288,0.000342752724847
2700,6.33869711257,6.38263486191,6.36062804837,0.000252920396855
2700,6.38263486191,6.42687717317,6.40471781569,0.000537561805086
2700,6.42687717317,6.47142615749,6.44911319868,0.000319294805568
2700,6.47142615749,6.51628394061,6.49381631576,0.000413972965459
2700,6.51628394061,6.56145266303,6.53882930005,0.000250481327664
2700,6.56145266303,6.60693448008,6.58415429943,0.000361086781841
2700,6.60693448008,6.65273156202,6.62979347671,0.000337501605337
2700,6.65273156202,6.69884609417,6.67574900964,0.000556410917875
2700,6.69884609417,6.74528027698,6.72202309112,0.000236102114098
2700,6.74528027698,6.79203632617,6.7686179292,0.000487729566666
2700,6.79203632617,6.83911647281,6.81553574727,0.000504977858228
2700,6.83911647281,6.88652296344,6.86277878411,0.000498918664292
2700,6.88652296344,6.93425806017,6.91034929405,0.000400706403357
2700,6.93425806017,6.98232404077,6.95824954701,0.00021834424262
2700,6.98232404077,7.03072319884,7.00648182865,0.00022731517764
2700,7.03072319884,7.07945784384,7.05504844051,0.000237505987052
2700,7.07945784384,7.12853030127,7.10395170003,9.72861038692e-05
2700,7.12853030127,7.17794291271,7.15319394075,0.000403171126224
2700,7.17794291271,7.22769803602,7.20277751238,0.000397530388125
2700,7.22769803602,7.27779804537,7.25270478091,0.000326420715184
2700,7.27779804537,7.32824533139,7.30297812873,0.000312138832015
2700,7.32824533139,7.37904230129,7.35359995475,0.000358280460023
2700,7.37904230129,7.43019137897,7.40457267451,9.44074103267e-05
2700,7.43019137897,7.48169500511,7.45589872028,0.00034621999209
2700,7.48169500511,7.53355563734,7.5075805412,0.000293429898401
2700,7.53355563734,7.58577575029,7.55962060339,0.000112349064439
2700,7.58577575029,7.63835783578,7.61202139006,0.000169109527899
2700,7.63835783578,7.69130440287,7.66478540163,0.00066176345018
2700,7.69130440287,7.74461797803,7.71791515585,0.000208354391078
2700,7.74461797803,7.79830110523,7.77141318794,0.00013359279716
2700,7.79830110523,7.8523563461,7.82528205067,0.00049069904638
2700,7.8523563461,7.90678628,7.87952431451,0.000247200505457
2700,7.90678628,7.96159350417,7.93414256777,0.000104277953992
2700,7.96159350417,8.01678063388,7.98913941667,0.0002060336187
2700,8.01678063388,8.07235030249,8.04451748552,0.00019519524794
2700,8.07235030249,8.12830516164,8.1002794168,9.33578515935e-05
2700,8.12830516164,8.18464788135,8.15642787133,0.000536045170201
2700,8.18464788135,8.24138115013,8.21296552835,0.000360600286727
2700,8.24138115013,8.29850767514,8.26989508568,0.000391216471012
2700,8.29850767514,8.35603018231,8.32721925985,0.000513709948041
2700,8.35603018231,8.41395141645,8.38494078622,0.000151491144011
2700,8.41395141645,8.47227414141,8.44306241909,0.000285350092751
2700,8.47227414141,8.53100114018,8.50158693187,0.000696866531572
2700,8.53100114018,8.59013521505,8.5605171172,0.000552757409155
2700,8.59013521505,8.64967918776,8.61985578706,0.000121238533326
2700,8.64967918776,8.70963589956,8.67960577292,0.000486884751608
2700,8.70963589956,8.77000821144,8.73976992591,0.000523672534404
2700,8.77000821144,8.83079900419,8.80035111687,0.000476906759086
2700,8.83079900419,8.89201117858,8.86135223659,0.000320442557275
2700,8.89201117858,8.9536476555,8.92277619588,0.000227107068528
2700,8.9536476555,9.01571137606,8.98462592571,0.000343353175752
2700,9.01571137606,9.07820530178,9.04690437738,0.000322448786698
2700,9.07820530178,9.1411324147,9.10961452266,0.000296024294625
2700,9.1411324147,9.20449571753,9.1727593539,0.000284919540846
2700,9.20449571753,9.26829823379,9.2363418842,0.000385123546306
2700,9.26829823379,9.33254300797,9.30036514754,0.00026592974613
2700,9.33254300797,9.39723310565,9.36483219894,0.000440812465733
2700,9.39723310565,9.46237161366,9.4297461146,0.000455836885612
2700,9.46237161366,9.52796164024,9.49510999202,0.000263817215367
2700,9.52796164024,9.59400631516,9.5609269502,0.000453797030412
2700,9.59400631516,9.6605087899,9.62720012973,0.000287038315212
2700,9.6605087899,9.72747223777,9.693932693,0.000270358452032
2700,9.72747223777,9.79489985409,9.7611278243,0.000186672404299
2700,9.79489985409,9.86279485631,9.82878873,0.000276034284263
2700,9.86279485631,9.93116048421,9.89691863869,0.000358774827143
2700,9.93116048421,10,9.96552080135,0.199511291184
2900,0.01,0.0100693166885,0.0100345984915,0
2900,0.0100693166885,0.0101391138574,0.0101041550053,0
2900,0.0101391138574,0.0102093948371,0.0101741936618,0
2900,0.0102093948371,0.0102801629813,0.0102447178031,0
2900,0.0102801629813,0.0103514216668,0.0103157307944,0
2900,0.0103514216668,0.0104231742939,0.0103872360242,0
2900,0.0104231742939,0.0104954242865,0.0104592369046,0
2900,0.0104954242865,0.0105681750921,0.0105317368713,0
2900,0.0105681750921,0.0106414301822,0.0106047393837,0
2900,0.0106414301822,0.0107151930524,0.0106782479254,0
2900,0.0107151930524,0.0107894672223,0.0107522660039,0
2900,0.0107894672223,0.0108642562362,0.0108267971513,0
2900,0.0108642562362,0.0109395636627,0.0109018449239,0
2900,0.0109395636627,0.0110153930954,0.0109774129027,0
2900,0.0110153930954,0.0110917481526,0.0110535046938,0
2900,0.0110917481526,0.0111686324778,0.011130123928,0
2900,0.0111686324778,0.0112460497397,0.0112072742614,0
2900,0.0112460497397,0.0113240036324,0.0112849593753,0
2900,0.0113240036324,0.0114024978756,0.0113631829767,0
2900,0.0114024978756,0.011481536215,0.0114419487982,0
2900,0.011481536215,0.0115611224219,0.0115212605983,0
2900,0.0115611224219,0.0116412602941,0.0116011221615,0
2900,0.0116412602941,0.0117219536555,0.0116815372986,0
2900,0.0117219536555,0.0118032063565,0.0117625098468,0
2900,0.0118032063565,0.0118850222744,0.01184404367,0
2900,0.0118850222744,0.0119674053131,0.0119261426586,0
2900,0.0119674053131,0.0120503594037,0.0120088107301,0
2900,0.0120503594037,0.0121338885046,0.0120920518294,0
2900,0.0121338885046,0.0122179966016,0.0121758699285,0
2900,0.0122179966016,0.0123026877081,0.0122602690268,0
2900,0.0123026877081,0.0123879658653,0.0123452531517,0
2900,0.0123879658653,0.0124738351424,0.0124308263584,0
2900,0.0124738351424,0.0125602996369,0.0125169927303,0
2900,0.0125602996369,0.0126473634747,0.0126037563789,0
2900,0.0126473634747,0.0127350308102,0.0126911214445,0
2900,0.0127350308102,0.0128233058266,0.0127790920957,0
2900,0.0128233058266,0.0129121927361,0.0128676725303,0
2900,0.0129121927361,0.0130016957803,0.0129568669752,0
2900,0.0130016957803,0.01309181923,0.0130466796864,0
2900,0.01309181923,0.0131825673856,0.0131371149496,0
2900,0.0131825673856,0.0132739445773,0.0132281770801,0
2900,0.0132739445773,0.0133659551655,0.0133198704231,0
2900,0.0133659551655,0.0134586035406,0.0134121993541,0
2900,0.0134586035406,0.0135518941235,0.0135051682786,0
2900,0.0135518941235,0.0136458313659,0.0135987816328,0
2900,0.0136458313659,0.0137404197501,0.0136930438839,0
2900,0.0137404197501,0.0138356637897,0.0137879595297,0
2900,0.0138356637897,0.0139315680295,0.0138835330993,0
2900,0.0139315680295,0.0140281370456,0.0139797691532,0
2900,0.0140281370456,0.0141253754462,0.0140766722836,0
2900,0.0141253754462,0.0142232878712,0.0141742471144,0
2900,0.0142232878712,0.0143218789927,0.0142724983016,0
2900,0.0143218789927,0.0144211535152,0.0143714305336,0
2900,0.0144211535152,0.0145211161759,0.0144710485309,0
2900,0.0145211161759,0.0146217717446,0.0145713570473,0
2900,0.0146217717446,0.0147231250243,0.0146723608691,0
2900,0.0147231250243,0.0148251808515,0.0147740648159,0
2900,0.0148251808515,0.0149279440958,0.0148764737408,0
2900,0.0149279440958,0.0150314196609,0.0149795925304,0
2900,0.0150314196609,0.0151356124844,0.0150834261054,0
2900,0.0151356124844,0.015240527538,0.0151879794203,0
2900,0.015240527538,0.015346169828,0.0152932574642,0
2900,0.015346169828,0.0154525443954,0.0153992652606,0
2900,0.0154525443954,0.0155596563161,0.0155060078679,0
2900,0.0155596563161,0.0156675107011,0.0156134903797,0
2900,0.0156675107011,0.015776112697,0.0157217179246,0
2900,0.015776112697,0.015885467486,0.0158306956671,0
2900,0.015885467486,0.0159955802861,0.0159404288071,0
2900,0.0159955802861,0.0161064563518,0.016050922581,0
2900,0.0161064563518,0.0162181009736,0.0161621822611,0
2900,0.0162181009736,0.0163305194789,0.0162742131564,0
2900,0.0163305194789,0.0164437172321,0.0163870206128,0
2900,0.0164437172321,0.0165576996347,0.0165006100132,0
2900,0.0165576996347,0.0166724721255,0.0166149867777,0
2900,0.0166724721255,0.0167880401812,0.016730156364,0
2900,0.0167880401812,0.0169044093164,0.0168461242677,0
2900,0.0169044093164,0.0170215850839,0.0169628960226,0
2900,0.0170215850839,0.0171395730751,0.0170804772006,0
2900,0.0171395730751,0.0172583789199,0.0171988734124,0
2900,0.0172583789199,0.0173780082875,0.0173180903075,0
2900,0.0173780082875,0.0174984668862,0.0174381335747,0
2900,0.0174984668862,0.0176197604641,0.017559008942,0
2900,0.0176197604641,0.0177418948089,0.0176807221773,0
2900,0.0177418948089,0.0178648757485,0.0178032790885,0
2900,0.0178648757485,0.0179887091513,0.0179266855237,0
2900,0.0179887091513,0.0181134009262,0.0180509473713,0
2900,0.0181134009262,0.0182389570232,0.018176070561,0
2900,0.0182389570232,0.0183653834335,0.0183020610631,0
2900,0.0183653834335,0.0184926861898,0.0184289248897,0
2900,0.0184926861898,0.0186208713666,0.0185566680943,0
2900,0.0186208713666,0.0187499450807,0.0186852967726,0
2900,0.0187499450807,0.018879913491,0.0188148170622,0
2900,0.018879913491,0.0190107827992,0.0189452351436,0
2900,0.0190107827992,0.0191425592502,0.0190765572399,0
2900,0.0191425592502,0.0192752491319,0.0192087896175,0
2900,0.0192752491319,0.0194088587759,0.0193419385862,0
2900,0.0194088587759,0.0195433945578,0.0194760104994,0
2900,0.0195433945578,0.0196788628971,0.0196110117548,0
2900,0.0196788628971,0.0198152702581,0.0197469487941,0
2900,0.0198152702581,0.0199526231497,0.019883828104,0
2900,0.0199526231497,0.0200909281261,0.0200216562159,0
2900,0.0200909281261,0.0202301917868,0.0201604397066,0
2900,0.0202301917868,0.0203704207771,0.0203001851986,0
2900,0.0203704207771,0.0205116217883,0.02044089936,0
2900,0.0205116217883,0.0206538015581,0.0205825889054,0
2900,0.0206538015581,0.020796966871,0.0207252605958,0
2900,0.020796966871,0.0209411245585,0.0208689212391,0
2900,0.0209411245585,0.0210862814993,0.0210135776905,0
2900,0.0210862814993,0.02123244462,0.0211592368524,0
2900,0.02123244462,0.021379620895,0.0213059056754,0
2900,0.021379620895,0.0215278173472,0.0214535911582,0
2900,0.0215278173472,0.0216770410482,0.0216023003477,0
2900,0.0216770410482,0.0218272991184,0.0217520403402,0
2900,0.0218272991184,0.0219785987278,0.0219028182807,0
2900,0.0219785987278,0.0221309470961,0.0220546413639,0
2900,0.0221309470961,0.0222843514927,0.0222075168345,0
2900,0.0222843514927,0.0224388192378,0.0223614519872,0
2900,0.0224388192378,0.0225943577022,0.0225164541674,0
2900,0.0225943577022,0.0227509743077,0.0226725307715,0
2900,0.0227509743077,0.0229086765277,0.0228296892468,0
2900,0.0229086765277,0.0230674718872,0.0229879370926,0
2900,0.0230674718872,0.0232273679636,0.0231472818602,0
2900,0.0232273679636,0.0233883723866,0.0233077311528,0
2900,0.0233883723866,0.023550492839,0.0234692926269,0
2900,0.023550492839,0.0237137370566,0.0236319739915,0
2900,0.0237137370566,0.0238781128291,0.0237957830096,0
2900,0.0238781128291,0.0240436280001,0.0239607274975,0
2900,0.0240436280001,0.0242102904674,0.0241268153259,0
2900,0.0242102904674,0.0243781081837,0.0242940544202,0
2900,0.0243781081837,0.0245470891569,0.0244624527605,0
2900,0.0245470891569,0.0247172414502,0.0246320183824,0
2900,0.0247172414502,0.0248885731828,0.0248027593769,0
2900,0.0248885731828,0.0250610925303,0.0249746838915,0
2900,0.0250610925303,0.0252348077248,0.02514780013,0
2900,0.0252348077248,0.0254097270555,0.0253221163528,0
2900,0.0254097270555,0.0255858588691,0.025497640878,0
2900,0.0255858588691,0.02576321157,0.0256743820811,0
2900,0.02576321157,0.0259417936212,0.0258523483956,0
2900,0.0259417936212,0.026121613544,0.0260315483137,0
2900,0.026121613544,0.026302679919,0.0262119903864,0
2900,0.026302679919,0.0264850013861,0.0263936832237,0
2900,0.0264850013861,0.0266685866452,0.0265766354955,0
2900,0.0266685866452,0.0268534444566,0.026760855932,0
2900,0.0268534444566,0.0270395836411,0.0269463533235,0
2900,0.0270395836411,0.0272270130808,0.0271331365215,0
2900,0.0272270130808,0.0274157417193,0.0273212144388,0
2900,0.0274157417193,0.0276057785622,0.0275105960499,0
2900,0.0276057785622,0.0277971326776,0.0277012903916,0
2900,0.0277971326776,0.0279898131963,0.0278933065634,0
2900,0.0279898131963,0.0281838293126,0.0280866537277,0
2900,0.0281838293126,0.0283791902844,0.0282813411105,0
2900,0.0283791902844,0.0285759054337,0.0284773780017,0
2900,0.0285759054337,0.0287739841474,0.0286747737558,0
2900,0.0287739841474,0.028973435877,0.0288735377919,0
2900,0.028973435877,0.02917427014,0.0290736795944,0
2900,0.02917427014,0.0293764965196,0.0292752087137,0
2900,0.0293764965196,0.0295801246655,0.0294781347661,0
2900,0.0295801246655,0.0297851642943,0.0296824674346,0
2900,0.0297851642943,0.0299916251899,0.0298882164696,0
2900,0.0299916251899,0.030199517204,0.0300953916887,0
2900,0.030199517204,0.0304088502568,0.0303040029779,0
2900,0.0304088502568,0.0306196343369,0.0305140602914,0
2900,0.0306196343369,0.0308318795025,0.0307255736527,0
2900,0.0308318795025,0.0310455958813,0.0309385531545,0
2900,0.0310455958813,0.0312607936712,0.0311530089597,0
2900,0.0312607936712,0.031477483141,0.0313689513016,0
2900,0.031477483141,0.0316956746304,0.0315863904842,0
2900,0.0316956746304,0.031915378551,0.0318053368833,0
2900,0.031915378551,0.0321366053864,0.0320258009463,0
2900,0.0321366053864,0.032359365693,0.0322477931932,0
2900,0.032359365693,0.0325836701002,0.0324713242168,1.06894541733e-05
2900,0.0325836701002,0.0328095293113,0.0326964046834,0
2900,0.0328095293113,0.0330369541037,0.0329230453333,0
2900,0.0330369541037,0.0332659553294,0.0331512569812,0
2900,0.0332659553294,0.0334965439158,0.0333810505166,0
2900,0.0334965439158,0.0337287308659,0.0336124369047,0
2900,0.0337287308659,0.033962527259,0.0338454271866,0
2900,0.033962527259,0.0341979442514,0.03408003248,0
2900,0.0341979442514,0.0344349930763,0.0343162639796,0
2900,0.0344349930763,0.0346736850453,0.0345541329578,0
2900,0.0346736850453,0.0349140315479,0.0347936507649,0
2900,0.0349140315479,0.0351560440528,0.0350348288302,0
2900,0.0351560440528,0.0353997341083,0.0352776786619,0
2900,0.0353997341083,0.0356451133426,0.0355222118482,0
2900,0.0356451133426,0.0358921934645,0.0357684400576,4.42148136655e-05
2900,0.0358921934645,0.036140986264,0.0360163750395,0
2900,0.036140986264,0.0363915036127,0.0362660286245,0
2900,0.0363915036127,0.0366437574648,0.0365174127255,5.58257510777e-05
2900,0.0366437574648,0.036897759857,0.0367705393378,0
2900,0.036897759857,0.0371535229097,0.03702542054,0
2900,0.0371535229097,0.0374110588272,0.0372820684943,7.55009614311e-05
2900,0.0374110588272,0.0376703798984,0.0375404954472,6.94385533945e-05
2900,0.0376703798984,0.0379314984974,0.0378007137302,0
2900,0.0379314984974,0.038194427084,0.0380627357601,7.4462943824e-05
2900,0.038194427084,0.0384591782045,0.03832657404,5.72953794433e-05
2900,0.0384591782045,0.0387257644922,0.0385922411595,0
2900,0.0387257644922,0.0389941986677,0.0388597497954,0
2900,0.0389941986677,0.03926449354,0.0391291127127,0.000198638326781
2900,0.03926449354,0.0395366620068,0.0394003427645,0
2900,0.0395366620068,0.0398107170553,0.0396734528932,1.86854435367e-05
2900,0.0398107170553,0.0400866717627,0.0399484561308,0
2900,0.0400866717627,0.0403645392968,0.0402253655999,8.73544106747e-05
2900,0.0403645392968,0.0406443329165,0.0405041945136,1.92624528915e-06
2900,0.0406443329165,0.040926065973,0.0407849561771,0
2900,0.040926065973,0.0412097519097,0.0410676639875,5.3184019911e-05
2900,0.0412097519097,0.0414954042634,0.0413523314348,5.97908170146e-06
2900,0.0414954042634,0.0417830366647,0.0416389721025,0.000187013126527
2900,0.0417830366647,0.0420726628384,0.0419275996685,0
2900,0.0420726628384,0.042364296605,0.0422182279051,1.0443523596e-05
2900,0.042364296605,0.0426579518802,0.0425108706805,1.95018909216e-05
2900,0.0426579518802,0.0429536426765,0.0428055419586,0.000152177671069
2900,0.0429536426765,0.0432513831035,0.0431022558005,3.27149581815e-06
2900,0.0432513831035,0.0435511873686,0.0434010263645,8.02403953507e-05
2900,0.0435511873686,0.0438530697775,0.0437018679071,0
2900,0.0438530697775,0.0441570447353,0.0440047947836,5.13327284348e-05
2900,0.0441570447353,0.0444631267469,0.0443098214489,0.000188756925274
2900,0.0444631267469,0.0447713304176,0.0446169624581,2.50868622635e-05
2900,0.0447713304176,0.0450816704541,0.044926232467,0.000146973949258
2900,0.0450816704541,0.045394161665,0.0452376462332,4.17614313113e-05
2900,0.045394161665,0.0457088189615,0.0455512186166,5.06034305562e-05
2900,0.0457088189615,0.0460256573581,0.0458669645798,0.000111915300706
2900,0.0460256573581,0.0463446919736,0.0461848991895,1.03458114367e-05
2900,0.0463446919736,0.0466659380314,0.0465050376167,0.000185651714294
2900,0.0466659380314,0.0469894108605,0.0468273951374,4.49643256371e-05
2900,0.0469894108605,0.0473151258961,0.0471519871336,5.63752618972e-05
2900,0.0473151258961,0.0476430986805,0.0474788290942,6.53477759269e-05
2900,0.0476430986805,0.0479733448637,0.0478079366149,0.000142991222473
2900,0.0479733448637,0.048305880204,0.0481393254,0.0001500550163
2900,0.048305880204,0.0486407205691,0.0484730112624,6.01403357362e-05
2900,0.0486407205691,0.0489778819368,0.0488090101248,3.92750259808e-05
2900,0.0489778819368,0.0493173803955,0.0491473380199,2.07497809917e-05
2900,0.0493173803955,0.049659232145,0.049488011092,0.000212230776445
2900,0.049659232145,0.0500034534977,0.0498310455971,0.000185876172712
2900,0.0500034534977,0.0503500608788,0.0501764579037,8.09053557897e-05
2900,0.0503500608788,0.0506990708275,0.050524264494,0.000112593099893
2900,0.0506990708275,0.0510504999975,0.0508744819645,3.66724066069e-05
2900,0.0510504999975,0.0514043651582,0.0512271270265,0
2900,0.0514043651582,0.0517606831951,0.0515822165072,1.86662598448e-05
2900,0.0517606831951,0.0521194711105,0.0519397673507,4.49631662191e-05
2900,0.0521194711105,0.052480746025,0.0522997966182,0.000116735786698
2900,0.052480746025,0.0528445251775,0.0526623214894,0.000140792855368
2900,0.0528445251775,0.0532108259267,0.0530273592629,0.000110852800246
2900,0.0532108259267,0.0535796657513,0.0533949273574,0.000339436955002
2900,0.0535796657513,0.0539510622515,0.0537650433122,0.000206108803589
2900,0.0539510622515,0.0543250331492,0.0541377247883,5.77627016358e-05
2900,0.0543250331492,0.0547015962894,0.0545129895689,5.14087676892e-06
2900,0.0547015962894,0.0550807696405,0.0548908555607,5.83477078836e-05
2900,0.0550807696405,0.0554625712958,0.0552713407944,5.16575339518e-05
2900,0.0554625712958,0.0558470194737,0.0556544634258,2.76030117815e-06
2900,0.0558470194737,0.056234132519,0.0560402417364,5.15889629087e-05
2900,0.056234132519,0.0566239289038,0.0564286941345,2.08802767822e-05
2900,0.0566239289038,0.0570164272281,0.056819839156,0.000144432466799
2900,0.0570164272281,0.0574116462207,0.0572136954652,9.89898815391e-05
2900,0.0574116462207,0.0578096047406,0.057610281856,4.37617443582e-05
2900,0.0578096047406,0.0582103217771,0.0580096172523,0.000195655649701
2900,0.0582103217771,0.0586138164514,0.0584117207093,0.000151801469508
2900,0.0586138164514,0.0590201080172,0.0588166114143,7.85029242311e-05
2900,0.0590201080172,0.0594292158616,0.0592243086876,0.000160330535083
2900,0.0594292158616,0.059841159506,0.0596348319834,0.000136997828681
2900,0.059841159506,0.0602559586074,0.0600482008908,0.000206819459032
2900,0.0602559586074,0.0606736329589,0.0604644351345,0.000239741763156
2900,0.0606736329589,0.0610942024906,0.0608835545761,0.000249340878286
2900,0.0610942024906,0.061517687271,0.061305579215,0.000263411542107
2900,0.061517687271,0.0619441075077,0.0617305291889,0.000326688063626
2900,0.0619441075077,0.0623734835482,0.0621584247753,0.00023151698136
2900,0.0623734835482,0.0628058358813,0.0625892863921,0.00013114657089
2900,0.0628058358813,0.0632411851376,0.0630231345991,7.93501397193e-05
2900,0.0632411851376,0.0636795520908,0.0634599900981,9.6930733865e-05
2900,0.0636795520908,0.0641209576585,0.0638998737348,0.000342241960062
2900,0.0641209576585,0.0645654229035,0.0643428064992,4.89080809588e-05
2900,0.0645654229035,0.0650129690343,0.0647888095269,0
2900,0.0650129690343,0.0654636174067,0.0652379040998,7.46873498897e-05
2900,0.0654636174067,0.0659173895244,0.0656901116476,0.000109178384136
2900,0.0659173895244,0.0663743070402,0.0661454537484,0.000178272838272
2900,0.0663743070402,0.0668343917569,0.0666039521298,0.000113260569361
2900,0.0668343917569,0.0672976656284,0.0670656286702,0
2900,0.0672976656284,0.0677641507611,0.0675305053995,0.000226516698074
2900,0.0677641507611,0.0682338694142,0.0679986045003,0.000104657624024
2900,0.0682338694142,0.0687068440014,0.0684699483091,0.000208734705679
2900,0.0687068440014,0.0691830970919,0.0689445593171,0.000181620608654
2900,0.0691830970919,0.0696626514111,0.0694224601714,0.000129615372969
2900,0.0696626514111,0.070145529842,0.0699036736762,2.878992222e-05
2900,0.070145529842,0.0706317554263,0.0703882227936,0.000185096380195
2900,0.0706317554263,0.0711213513653,0.0708761306451,0.000237465149685
2900,0.0711213513653,0.0716143410213,0.0713674205122,0.000382716391093
2900,0.0716143410213,0.0721107479183,0.071862115838,7.9336155286e-05
2900,0.0721107479183,0.0726105957435,0.072360240228,0.000251390411434
2900,0.0726105957435,0.0731139083483,0.0728618174513,0.000143927492873
2900,0.0731139083483,0.0736207097495,0.0733668714418,0.000385746844949
2900,0.0736207097495,0.0741310241301,0.0738754262994,0.00034240781623
2900,0.0741310241301,0.074644875841,0.0743875062908,0.000206692540917
2900,0.074644875841,0.0751622894018,0.0749031358511,5.10259728143e-05
2900,0.0751622894018,0.0756832895021,0.0754223395848,0.000394067539439
2900,0.0756832895021,0.0762079010025,0.0759451422668,7.27739908887e-05
2900,0.0762079010025,0.0767361489362,0.0764715688439,0.000280520296013
2900,0.0767361489362,0.0772680585096,0.0770016444357,0.000252166449787
2900,0.0772680585096,0.077803655104,0.077535394336,0.000167949343669
2900,0.077803655104,0.0783429642766,0.0780728440138,0.000229217978976
2900,0.0783429642766,0.0788860117619,0.0786140191148,0.000230253761541
2900,0.0788860117619,0.0794328234724,0.0791589454624,0.000311479847726
2900,0.0794328234724,0.0799834255007,0.079707649059,0.000142836683272
2900,0.0799834255007,0.0805378441199,0.0802601560873,0.000293321650685
2900,0.0805378441199,0.0810961057854,0.0808164929113,6.10998675601e-05
2900,0.0810961057854,0.0816582371359,0.0813766860779,0
2900,0.0816582371359,0.0822242649947,0.081940762318,0.000158038182424
2900,0.0822242649947,0.0827942163712,0.0825087485479,0.000137871765502
2900,0.0827942163712,0.083368118462,0.0830806718702,0.000102779882363
2900,0.083368118462,0.0839459986519,0.0836565595756,0.000240494461318
2900,0.0839459986519,0.084527884516,0.0842364391438,0.000335459105107
2900,0.084527884516,0.0851138038202,0.0848203382452,8.50025973041e-05
2900,0.0851138038202,0.085703784523,0.0854082847419,4.64527122807e-05
2900,0.085703784523,0.0862978547767,0.0860003066889,0.00026418363577
2900,0.0862978547767,0.0868960429286,0.086596432336,0.000324517269776
2900,0.0868960429286,0.0874983775227,0.0871966901287,0.000401767402286
2900,0.0874983775227,0.0881048873008,0.0878011087097,0.000102526000276
2900,0.0881048873008,0.0887156012038,0.08840971692,0.000528809806532
2900,0.0887156012038,0.0893305483733,0.089022543801,0.000330286952066
2900,0.0893305483733,0.089949758153,0.089639618595,0.000194738672838
2900,0.089949758153,0.0905732600898,0.0902609707471,2.17174036486e-05
2900,0.0905732600898,0.0912010839356,0.0908866299066,0.000292786703021
2900,0.0912010839356,0.0918332596484,0.0915166259281,5.90698497364e-05
2900,0.0918332596484,0.0924698173938,0.0921509888735,0.000613192563129
2900,0.0924698173938,0.0931107875468,0.0927897490127,1.53478688831e-05
2900,0.0931107875468,0.0937562006926,0.0934329368257,0.000331807583851
2900,0.0937562006926,0.0944060876286,0.0940805830037,0.000203866177136
2900,0.0944060876286,0.0950604793656,0.0947327184504,3.42354625777e-05
2900,0.0950604793656,0.0957194071295,0.0953893742842,0.000230528412132
2900,0.0957194071295,0.0963829023624,0.0960505818387,0.000235383744737
2900,0.0963829023624,0.0970509967245,0.096716372665,0.000117278174451
2900,0.0970509967245,0.0977237220956,0.0973867785329,0.000491075820279
2900,0.0977237220956,0.0984011105761,0.0980618314322,0
2900,0.0984011105761,0.0990831944893,0.0987415635747,0.000502180016163
2900,0.0990831944893,0.0997700063823,0.0994260073953,0.000208803512027
2900,0.0997700063823,0.100461579028,0.100115195554,0.000427815543642
2900,0.100461579028,0.101157945426,0.100809160936,0
2900,0.101157945426,0.101859138805,0.101507936657,0.000271642850912
2900,0.101859138805,0.102565192625,0.10221155606,0.000248541827739
2900,0.102565192625,0.103276140576,0.102920052719,8.04460668756e-05
2900,0.103276140576,0.103992016583,0.103633460443,6.00033742807e-05
2900,0.103992016583,0.104712854805,0.104351813273,0.000331344639059
2900,0.104712854805,0.105438689639,0.105075145487,0.000189809069457
2900,0.105438689639,0.10616955572,0.1058034916,0.000369820096785
2900,0.10616955572,0.106905487922,0.106536886367,0.000124217343106
2900,0.106905487922,0.107646521363,0.107275364784,4.89977530009e-05
2900,0.107646521363,0.108392691402,0.108018962088,0.000232921700539
2900,0.108392691402,0.109144033645,0.108767713763,0.000259983247137
2900,0.109144033645,0.109900583943,0.109521655537,0.000324672242035
2900,0.109900583943,0.110662378398,0.110280823385,0.000244484622529
2900,0.110662378398,0.111429453359,0.111045253533,0.000185429239492
2900,0.111429453359,0.11220184543,0.111814982458,4.00882359996e-05
2900,0.11220184543,0.112979591467,0.112590046889,0.000197639243272
2900,0.112979591467,0.113762728582,0.113370483811,0.00024832446864
2900,0.113762728582,0.114551294145,0.114156330462,8.41574582703e-05
2900,0.114551294145,0.115345325782,0.114947624342,0.000268106822738
2900,0.115345325782,0.116144861384,0.115744403209,0.000332538868568
2900,0.116144861384,0.116949939102,0.116546705084,0.000296258023654
2900,0.116949939102,0.117760597352,0.117354568249,0.000294095426376
2900,0.117760597352,0.118576874817,0.118168031254,0.00029448996218
2900,0.118576874817,0.119398810446,0.118987132916,0.000228197455612
2900,0.119398810446,0.120226443462,0.119811912319,8.24121308035e-05
2900,0.120226443462,0.121059813355,0.12064240882,3.77806513242e-05
2900,0.121059813355,0.121898959892,0.121478662047,0.000221369146552
2900,0.121898959892,0.122743923116,0.122320711905,0.000280740619831
2900,0.122743923116,0.123594743344,0.123168598574,0.000615906799709
2900,0.123594743344,0.124451461177,0.124022362512,0.00019331304131
2900,0.124451461177,0.125314117494,0.124882044459,3.93204063321e-05
2900,0.125314117494,0.126182753459,0.125747685437,0
2900,0.126182753459,0.127057410521,0.126619326751,0.000275373139684
2900,0.127057410521,0.127938130416,0.127497009994,0.000124928784564
2900,0.127938130416,0.128824955169,0.128380777047,0.000228761106791
2900,0.128824955169,0.129717927098,0.129270670081,0.000148567305236
2900,0.129717927098,0.130617088813,0.130166731558,0.000235337987369
2900,0.130617088813,0.131522483219,0.131069004237,6.3008032856e-05
2900,0.131522483219,0.132434153519,0.131977531171,0.000117514385306
2900,0.132434153519,0.133352143216,0.132892355713,2.21674805836e-05
2900,0.133352143216,0.134276496114,0.133813521515,0.000169247019872
2900,0.134276496114,0.135207256319,0.134741072534,0.000243230132302
2900,0.135207256319,0.136144468247,0.13567505303,0.000254387944929
2900,0.136144468247,0.137088176616,0.136615507569,0.000136508353775
2900,0.137088176616,0.13803842646,0.137562481028,0.000107313856746
2900,0.13803842646,0.138995263121,0.138516018592,0.000246840793674
2900,0.138995263121,0.139958732257,0.139476165764,0.000180735851816
2900,0.139958732257,0.140928879842,0.140442968358,0.000107443461365
2900,0.140928879842,0.141905752169,0.141416472507,0.00040394886578
2900,0.141905752169,0.142889395851,0.142396724665,0.000316129171324
2900,0.142889395851,0.143879857826,0.143383771606,7.55256030867e-05
2900,0.143879857826,0.144877185354,0.144377660429,0.000117701344426
2900,0.144877185354,0.145881426028,0.145378438561,0.000753966500047
2900,0.145881426028,0.146892627764,0.146386153755,0.000182122665834
2900,0.146892627764,0.147910838817,0.147400854097,0.000203845803794
2900,0.147910838817,0.148936107771,0.148422588006,0.000147148899317
2900,0.148936107771,0.14996848355,0.149451404237,0.000156966976101
2900,0.14996848355,0.151008015416,0.15048735188,5.52012984736e-05
2900,0.151008015416,0.152054752973,0.15153048037,0.000237046087056
2900,0.152054752973,0.153108746168,0.152580839481,0.000104539025774
2900,0.153108746168,0.154170045295,0.153638479333,0.000106142910614
2900,0.154170045295,0.155238700996,0.154703450395,4.43541166764e-05
2900,0.155238700996,0.156314764264,0.155775803483,0.00036553410506
2900,0.156314764264,0.157398286447,0.156855589768,0.000472103563605
2900,0.157398286447,0.158489319246,0.157942860774,0.000197832288719
2900,0.158489319246,0.159587914724,0.159037668382,0.000209529442769
2900,0.159587914724,0.160694125301,0.160140064834,0.000317052639101
2900,0.160694125301,0.161808003764,0.161250102734,0.000490915382162
2900,0.161808003764,0.162929603264,0.162367835048,0.000350850934469
2900,0.162929603264,0.16405897732,0.163493315113,0.000210076799234
2900,0.16405897732,0.165196179823,0.164626596633,0.000378519730297
2900,0.165196179823,0.166341265037,0.165767733685,0.000114746750576
2900,0.166341265037,0.167494287603,0.166916780721,0.000390406473257
2900,0.167494287603,0.168655302539,0.168073792571,5.09332347179e-05
2900,0.168655302539,0.169824365246,0.169238824444,0.000280074954936
2900,0.169824365246,0.171001531509,0.170411931932,9.09006230711e-05
2900,0.171001531509,0.172186857499,0.171593171012,0.000185431555667
2900,0.172186857499,0.173380399775,0.172782598051,0.000201143746611
2900,0.173380399775,0.174582215292,0.173980269804,0.000536107293502
2900,0.174582215292,0.175792361396,0.175186243421,0.000351620795107
2900,0.175792361396,0.177010895832,0.176400576448,0.000181761906974
2900,0.177010895832,0.178237876745,0.177623326829,0.000306491097094
2900,0.178237876745,0.179473362683,0.178854552911,0.000496270735527
2900,0.179473362683,0.180717412601,0.180094313444,0.00038397320929
2900,0.180717412601,0.181970085861,0.181342667587,0.000222651447111
2900,0.181970085861,0.183231442237,0.182599674907,0
2900,0.183231442237,0.184501541918,0.183865395386,0.000273632153393
2900,0.184501541918,0.185780445509,0.185139889421,9.24613835867e-05
2900,0.185780445509,0.187068214037,0.186423217825,0
2900,0.187068214037,0.188364908949,0.187715441838,3.93992376351e-05
2900,0.188364908949,0.189670592121,0.189016623119,0.000213057124142
2900,0.189670592121,0.190985325857,0.190326823758,0.000561974337309
2900,0.190985325857,0.192309172891,0.191646106274,7.77700470899e-06
2900,0.192309172891,0.193642196395,0.192974533619,0
2900,0.193642196395,0.194984459976,0.194312169183,0.000153505212014
2900,0.194984459976,0.196336027684,0.195659076793,0.000237818389624
2900,0.196336027684,0.197696964011,0.197015320722,0.000171848600345
2900,0.197696964011,0.199067333899,0.198380965684,0.000141576428347
2900,0.199067333899,0.200447202737,0.199756076844,0.000281209688956
2900,0.200447202737,0.201836636368,0.20114071982,0.000224061387306
2900,0.201836636368,0.203235701094,0.202534960682,0.000242805363804
2900,0.203235701094,0.204644463672,0.203938865961,0.000180897601498
2900,0.204644463672,0.206062991327,0.205352502646,8.23987614697e-05
2900,0.206062991327,0.207491351745,0.206775938192,3.49021852846e-05
2900,0.207491351745,0.208929613085,0.208209240522,0.00028791174872
2900,0.208929613085,0.210377843977,0.209652478029,6.63934740483e-05
2900,0.210377843977,0.211836113525,0.211105719581,0.00024853584566
2900,0.211836113525,0.213304491315,0.212569034522,2.64283874137e-05
2900,0.213304491315,0.214783047413,0.214042492677,0
2900,0.214783047413,0.216271852373,0.215526164357,0.000516545183525
2900,0.216271852373,0.217770977235,0.217020120357,0.000180394564129
2900,0.217770977235,0.219280493535,0.218524431965,6.70677951562e-05
2900,0.219280493535,0.220800473302,0.220039170964,0.000332600115413
2900,0.220800473302,0.222330989065,0.221564409631,0.000161302027324
2900,0.222330989065,0.223872113857,0.223100220748,0.000387570006404
2900,0.223872113857,0.225423921215,0.224646677599,0.000119927064425
2900,0.225423921215,0.226986485188,0.226203853977,4.57774588298e-05
2900,0.226986485188,0.228559880338,0.227771824186,0
2900,0.228559880338,0.230144181741,0.229350663045,0.000357973126057
2900,0.230144181741,0.231739464997,0.230940445892,0
2900,0.231739464997,0.233345806228,0.232541248587,0.00037931176248
2900,0.233345806228,0.234963282085,0.234153147517,6.41561117998e-05
2900,0.234963282085,0.236591969749,0.235776219596,0.000129870904474
2900,0.236591969749,0.238231946936,0.237410542273,0.000268150887154
2900,0.238231946936,0.239883291902,0.239056193534,0.000154610032778
2900,0.239883291902,0.241546083444,0.240713251905,0.000397847550107
2900,0.241546083444,0.243220400907,0.242381796455,0.000257504751377
2900,0.243220400907,0.244906324184,0.244061906804,6.39977418263e-05
2900,0.244906324184,0.246603933723,0.245753663122,0.000132844319522
2900,0.246603933723,0.24831331053,0.247457146133,0.000279862038315
2900,0.24831331053,0.25003453617,0.249172437125,0.000541324939496
2900,0.25003453617,0.251767692776,0.250899617947,0.000184735674174
2900,0.251767692776,0.25351286305,0.252638771013,0.000354047609836
2900,0.25351286305,0.255270130266,0.254389979313,0.000198323506857
2900,0.255270130266,0.257039578277,0.256153326409,3.75749999209e-05
2900,0.257039578277,0.258821291515,0.257928896443,0.000443572971855
2900,0.258821291515,0.260615355,0.25971677414,0.000487751961701
2900,0.260615355,0.262421854338,0.261517044814,0.000398446327013
2900,0.262421854338,0.264240875732,0.263329794368,0.000154572057682
2900,0.264240875732,0.26607250598,0.265155109301,0
2900,0.26607250598,0.267916832482,0.266993076713,6.25395658742e-05
2900,0.267916832482,0.269773943244,0.268843784306,0.000519811825732
2900,0.269773943244,0.271643926884,0.270707320392,0.000174811027468
2900,0.271643926884,0.273526872631,0.272583773893,7.83284037093e-05
2900,0.273526872631,0.275422870334,0.274473234348,0.000375958389817
2900,0.275422870334,0.277332010465,0.276375791917,0.000155952140653
2900,0.277332010465,0.279254384124,0.278291537385,4.14829577873e-05
2900,0.279254384124,0.28119008304,0.280220562167,6.95408672763e-06
2900,0.28119008304,0.28313919958,0.282162958309,0.000428747022436
2900,0.28313919958,0.28510182675,0.284118818498,0.000279502861736
2900,0.28510182675,0.287078058202,0.286088236063,7.44405184052e-05
2900,0.287078058202,0.289067988237,0.288071304978,0.00025316283369
2900,0.289067988237,0.291071711807,0.290068119869,0.000273283023951
2900,0.291071711807,0.293089324525,0.292078776021,0.000325657260239
2900,0.293089324525,0.295120922667,0.294103369375,0.000537686542158
2900,0.295120922667,0.297166603174,0.296141996539,0.00017319550104
2900,0.297166603174,0.299226463661,0.298194754793,0.000107774500245
2900,0.299226463661,0.301300602419,0.300261742086,0
2900,0.301300602419,0.303389118419,0.302343057051,5.60400811673e-05
2900,0.303389118419,0.305492111322,0.304438799002,0.000177200499633
2900,0.305492111322,0.307609681474,0.306549067943,0.000241309333912
2900,0.307609681474,0.309741929922,0.308673964568,0.000212167377868
2900,0.309741929922,0.311888958409,0.310813590274,0.000206578062757
2900,0.311888958409,0.314050869388,0.312968047156,0.000337615981744
2900,0.314050869388,0.316227766017,0.31513743802,4.69507095386e-05
2900,0.316227766017,0.318419752173,0.317321866384,0.000197362775168
2900,0.318419752173,0.320626932451,0.319521436481,0.000219792758273
2900,0.320626932451,0.322849412171,0.32173625327,7.61381431178e-05
2900,0.322849412171,0.325087297385,0.323966422435,0.000177022575899
2900,0.325087297385,0.327340694879,0.326212050394,5.88560261435e-05
2900,0.327340694879,0.329609712177,0.328473244303,0.000319770489753
2900,0.329609712177,0.331894457553,0.330750112059,0.000220800085793
2900,0.331894457553,0.334195040026,0.333042762309,0.000273664199567
2900,0.334195040026,0.336511569375,0.335351304451,0.000224305541589
2900,0.336511569375,0.338844156139,0.337675848642,0.000577038302324
2900,0.338844156139,0.341192911622,0.340016505804,0.000137727628507
2900,0.341192911622,0.3435579479,0.342373387626,4.34732203811e-05
2900,0.3435579479,0.345939377826,0.344746606573,8.17129993101e-05
2900,0.345939377826,0.348337315036,0.347136275888,0.000169258602269
2900,0.348337315036,0.350751873953,0.349542509599,0.000347161194662
2900,0.350751873953,0.353183169792,0.351965422525,0.00016700297283
2900,0.353183169792,0.355631318569,0.354405130281,0.000221676325119
2900,0.355631318569,0.358096437103,0.356861749283,0.000110046650792
2900,0.358096437103,0.360578643022,0.359335396755,0.000252973215466
2900,0.360578643022,0.36307805477,0.361826190732,0.000169670894788
2900,0.36307805477,0.365594791613,0.364334250068,0.000141907382496
2900,0.365594791613,0.368128973643,0.366859694441,0.000109562505589
2900,0.368128973643,0.370680721783,0.369402644358,0.000172350121346
2900,0.370680721783,0.373250157796,0.371963221162,0.000109334383975
2900,0.373250157796,0.375837404288,0.374541547036,0.000336237622374
2900,0.375837404288,0.378442584717,0.377137745011,0
2900,0.378442584717,0.381065823394,0.379751938971,0.000129323192656
2900,0.381065823394,0.383707245492,0.382384253658,6.90899373252e-05
2900,0.383707245492,0.386366977054,0.385034814679,0.000255643109961
2900,0.386366977054,0.389045144994,0.38770374851,0.000145780046276
2900,0.389045144994,0.391741877108,0.390391182508,0.000358975372536
2900,0.391741877108,0.394457302075,0.393097244907,0.000403324430364
2900,0.394457302075,0.397191549469,0.395822064836,0.000439860917535
2900,0.397191549469,0.399944749761,0.398565772313,0.000143677080155
2900,0.399944749761,0.402717034325,0.401328498263,7.1355730438e-05
2900,0.402717034325,0.405508535448,0.404110374513,0.000212080366508
2900,0.405508535448,0.408319386333,0.406911533809,0
2900,0.408319386333,0.411149721105,0.409732109814,0.000211678495302
2900,0.411149721105,0.41399967482,0.412572237117,0.000193900405531
2900,0.41399967482,0.41686938347,0.415432051242,8.11902285499e-05
2900,0.41686938347,0.419758983991,0.418311688651,0.000289879003727
2900,0.419758983991,0.422668614266,0.421211286754,0.000192175266174
2900,0.422668614266,0.425598413134,0.42413098391,7.94696618686e-05
2900,0.425598413134,0.428548520397,0.427070919441,0.000207456327625
2900,0.428548520397,0.431519076828,0.430031233631,0.000165073795512
2900,0.431519076828,0.434510224172,0.433012067738,0.000256254378085
2900,0.434510224172,0.437522105158,0.436013564,6.17322805779e-05
2900,0.437522105158,0.440554863507,0.439035865641,0.000268757192445
2900,0.440554863507,0.443608643931,0.442079116876,0.000251563333298
2900,0.443608643931,0.446683592151,0.44514346292,8.28997143474e-05
2900,0.446683592151,0.449779854893,0.448229049997,0.000199005436856
2900,0.449779854893,0.452897579904,0.451336025341,0.000274975877977
2900,0.452897579904,0.456036915951,0.45446453721,0.00021938489765
2900,0.456036915951,0.459198012837,0.457614734886,9.87015957342e-05
2900,0.459198012837,0.462381021399,0.46078676869,0.000190691995961
2900,0.462381021399,0.465586093523,0.463980789982,0.000156278081719
2900,0.465586093523,0.468813382145,0.467196951172,0.00034248642097
2900,0.468813382145,0.472063041264,0.470435405726,0.000130642667476
2900,0.472063041264,0.475335225943,0.473696308175,0.000326912370963
2900,0.475335225943,0.478630092323,0.476979814119,0.000132824711711
2900,0.478630092323,0.481947797625,0.48028608024,0.00039650110375
2900,0.481947797625,0.485288500162,0.483615264302,0.000209183933992
2900,0.485288500162,0.488652359343,0.486967525166,9.91484483554e-05
2900,0.488652359343,0.492039535681,0.490343022792,0.000671949212594
2900,0.492039535681,0.495450190805,0.49374191825,0.000386232193809
2900,0.495450190805,0.49888448746,0.497164373725,8.85604022201e-05
2900,0.49888448746,0.502342589522,0.500610552529,0.000240304254459
2900,0.502342589522,0.505824662003,0.504080619103,0.000190204597469
2900,0.505824662003,0.509330871057,0.507574739029,0.000253030941271
2900,0.509330871057,0.512861383991,0.511093079037,0.000196886593265
2900,0.512861383991,0.516416369272,0.514635807014,0.000200982073184
2900,0.516416369272,0.519995996534,0.518203092007,0.00011139242383
2900,0.519995996534,0.523600436586,0.521795104239,0.000246192094441
2900,0.523600436586,0.527229861423,0.52541201511,0.000526126861691
2900,0.527229861423,0.530884444231,0.52905399721,8.83561049513e-05
2900,0.530884444231,0.534564359397,0.532721224323,0.000233854438439
2900,0.534564359397,0.538269782516,0.53641387144,0.000653388346228
2900,0.538269782516,0.542000890402,0.540132114765,0.00021912146613
2900,0.542000890402,0.545757861091,0.54387613172,0.000287620224227
2900,0.545757861091,0.549540873858,0.547646100962,0.000110422194818
2900,0.549540873858,0.553350109216,0.551442202382,0
2900,0.553350109216,0.557185748932,0.55526461712,0.000120929938744
2900,0.557185748932,0.561047976032,0.559113527571,0.000297144863932
2900,0.561047976032,0.564936974812,0.562989117394,0.000267899966188
2900,0.564936974812,0.568852930844,0.566891571523,0.000264603304575
2900,0.568852930844,0.572796030986,0.570821076172,0.000250972599505
2900,0.572796030986,0.576766463392,0.574777818846,0.000133670392781
2900,0.576766463392,0.580764417521,0.578761988349,0.000535059320046
2900,0.580764417521,0.584790084144,0.582773774796,0.000295295861837
2900,0.584790084144,0.588843655356,0.586813369619,0.000303877059788
2900,0.588843655356,0.59292532458,0.590880965575,0.000125603603469
2900,0.59292532458,0.597035286584,0.594976756759,3.78533132881e-05
2900,0.597035286584,0.601173737483,0.599100938611,0.000238639962057
2900,0.601173737483,0.605340874754,0.603253707927,0.000293391262349
2900,0.605340874754,0.60953689724,0.607435262864,0.000314588222708
2900,0.60953689724,0.613762005165,0.611645802955,0.000351891221047
2900,0.613762005165,0.618016400138,0.615885529115,0
2900,0.618016400138,0.622300285169,0.620154643654,0
2900,0.622300285169,0.626613864672,0.624453350281,1.77662540566e-05
2900,0.626613864672,0.63095734448,0.628781854118,0.000162522024587
2900,0.63095734448,0.635330931852,0.633140361711,0.000373170208178
2900,0.635330931852,0.639734835483,0.637529081035,0
2900,0.639734835483,0.644169265515,0.641948221508,7.47899690413e-05
2900,0.644169265515,0.648634433548,0.646397994,8.61626584629e-05
2900,0.648634433548,0.653130552647,0.65087861084,0.000161779997977
2900,0.653130552647,0.657657837355,0.655390285833,0.00012879286056
2900,0.657657837355,0.662216503702,0.659933234264,0.000168720288023
2900,0.662216503702,0.666806769214,0.664507672908,3.83088507956e-05
2900,0.666806769214,0.671428852926,0.669113820046,8.12508591454e-05
2900,0.671428852926,0.676082975392,0.673751895471,0
2900,0.676082975392,0.680769358694,0.678422120498,0.000134229107701
2900,0.680769358694,0.685488226453,0.683124717979,0.000268630325092
2900,0.685488226453,0.69023980384,0.687859912309,0.000283929547882
2900,0.69023980384,0.695024317589,0.692627929437,0.000228184447257
2900,0.695024317589,0.699841996002,0.697428996882,8.25058688367e-05
2900,0.699841996002,0.704693068967,0.702263343736,0.000191962274636
2900,0.704693068967,0.709577767963,0.707131200681,0.000333024691754
2900,0.709577767963,0.714496326076,0.712032799999,0.0003454101129
2900,0.714496326076,0.719448978004,0.71696837558,0.000119181783986
2900,0.719448978004,0.724435960075,0.721938162937,0.000384462204508
2900,0.724435960075,0.729457510255,0.726942399214,0.000487297091668
2900,0.729457510255,0.734513868157,0.7319813232,0.00011161632968
2900,0.734513868157,0.739605275058,0.737055175338,0.000389850106605
2900,0.739605275058,0.744731973906,0.742164197739,0.000164849932402
2900,0.744731973906,0.749894209332,0.747308634191,0.000317068844045
2900,0.749894209332,0.755092227665,0.752488730174,2.36328617823e-05
2900,0.755092227665,0.76032627694,0.757704732866,0.000284022724716
2900,0.76032627694,0.765596606911,0.762956891162,5.99557949867e-05
2900,0.765596606911,0.770903469064,0.768245455679,0.00019548492735
2900,0.770903469064,0.776247116629,0.773570678775,0.000325430149385
2900,0.776247116629,0.781627804588,0.778932814554,8.8968400751e-05
2900,0.781627804588,0.787045789695,0.784332118882,0.000142680190438
2900,0.787045789695,0.79250133048,0.7897688494,7.97110136169e-05
2900,0.79250133048,0.797994687268,0.795243265533,7.44891883297e-05
2900,0.797994687268,0.803526122186,0.800755628507,0.000147430205147
2900,0.803526122186,0.809095899178,0.806306201355,0.000109042528504
2900,0.809095899178,0.814704284021,0.811895248936,0.000189885802072
2900,0.814704284021,0.82035154433,0.817523037944,0.000215939434067
2900,0.82035154433,0.826037949577,0.823189836921,0.000311268494154
2900,0.826037949577,0.831763771103,0.828895916273,7.47059668686e-05
2900,0.831763771103,0.837529282127,0.834641548277,0.000308425439739
2900,0.837529282127,0.843334757764,0.8404270071,0.000235659725426
2900,0.843334757764,0.849180475036,0.846252568807,0.000197613062433
2900,0.849180475036,0.855066712885,0.852118511379,0.000188395212004
2900,0.855066712885,0.860993752185,0.858025114723,0.000208295097538
2900,0.860993752185,0.866961875758,0.863972660684,0.00014328851894
2900,0.866961875758,0.872971368388,0.869961433065,9.67653685288e-05
2900,0.872971368388,0.879022516831,0.875991717633,7.6936649733e-05
2900,0.879022516831,0.885115609831,0.882063802137,0.000414377532962
2900,0.885115609831,0.891250938134,0.888177976319,8.23924706837e-05
2900,0.891250938134,0.897428794501,0.894334531933,0.00023270700488
2900,0.897428794501,0.903649473722,0.900533762751,0.00020715051151
2900,0.903649473722,0.909913272632,0.906775964584,8.70506259252e-05
2900,0.909913272632,0.916220490122,0.913061435293,0.000258461400023
2900,0.916220490122,0.922571427155,0.919390474804,0
2900,0.922571427155,0.92896638678,0.925763385121,0.000312617878284
2900,0.92896638678,0.935405674148,0.932180470342,0.000217141826195
2900,0.935405674148,0.941889596523,0.938642036672,0.000403389677829
2900,0.941889596523,0.948418463301,0.945148392441,0.00032374553631
2900,0.948418463301,0.954992586021,0.951699848113,4.73897001512e-05
2900,0.954992586021,0.961612278384,0.958296716306,0.000455627973734
2900,0.961612278384,0.968277856261,0.964939311806,0.00048891942787
2900,0.968277856261,0.974989637717,0.971627951577,7.90734776911e-05
2900,0.974989637717,0.98174794302,0.978362954785,4.81224094525e-05
2900,0.98174794302,0.988553094657,0.985144642804,0.000229914893344
2900,0.988553094657,0.995405417352,0.991973339239,0.000191657632147
2900,0.995405417352,1.00230523808,0.998849369937,0.000152082751007
2900,1.00230523808,1.00925288608,1.005773063,0.000347457678915
2900,1.00925288608,1.01624869287,1.01274474881,0.000228508583282
2900,1.01624869287,1.02329299228,1.01976476004,0.000102322001483
2900,1.02329299228,1.03038612044,1.02683343167,8.9545447231e-05
2900,1.03038612044,1.03752841582,1.03395110098,0.000166377119426
2900,1.03752841582,1.04472021922,1.04111810762,0.000306643399635
2900,1.04472021922,1.05196187382,1.04833479358,0.000237688723571
2900,1.05196187382,1.05925372518,1.05560150322,0.000222783272488
2900,1.05925372518,1.06659612123,1.06291858328,0.000170840107964
2900,1.06659612123,1.07398941234,1.07028638291,0.000271342376715
2900,1.07398941234,1.0814339513,1.07770525369,0.000134713532911
2900,1.0814339513,1.08893009333,1.08517554963,0.000220940666934
2900,1.08893009333,1.09647819614,1.09269762719,0.000189150737038
2900,1.09647819614,1.1040786199,1.1002718453,0.000383066820477
2900,1.1040786199,1.11173172728,1.10789856537,0.000313691189772
2900,1.11173172728,1.11943788347,1.11557815135,0.000201916873176
2900,1.11943788347,1.12719745618,1.12331096967,0.000134558848955
2900,1.12719745618,1.13501081567,1.13109738933,5.65036597402e-05
2900,1.13501081567,1.14287833479,1.13893778188,9.70033949976e-05
2900,1.14287833479,1.15080038894,1.14683252142,0.000348795394278
2900,1.15080038894,1.15877735616,1.15478198469,0.000133490265168
2900,1.15877735616,1.16680961706,1.162786551,0.000139244427859
2900,1.16680961706,1.17489755494,1.17084660232,0.000298404881082
2900,1.17489755494,1.18304155573,1.17896252324,0.000168304503164
2900,1.18304155573,1.19124200803,1.18713470104,0.00017880854829
2900,1.19124200803,1.19949930315,1.19536352567,3.86428086133e-05
2900,1.19949930315,1.20781383511,1.20364938979,0.000394379668596
2900,1.20781383511,1.21618600065,1.21199268877,0.00050758600421
2900,1.21618600065,1.22461619927,1.22039382074,6.01042636422e-05
2900,1.22461619927,1.23310483323,1.22885318658,0.000401437541376
2900,1.23310483323,1.24165230759,1.23737118994,0.000250119906824
2900,1.24165230759,1.25025903022,1.24594823727,6.51366074749e-05
2900,1.25025903022,1.25892541179,1.25458473786,0.000145050146891
2900,1.25892541179,1.26765186586,1.26328110381,0.00016929010313
2900,1.26765186586,1.27643880881,1.27203775009,6.2080071019e-05
2900,1.27643880881,1.28528665994,1.28085509454,0.000196101236939
2900,1.28528665994,1.29419584145,1.2897335579,6.31195078816e-05
2900,1.29419584145,1.30316677845,1.29867356383,0.000245467293188
2900,1.30316677845,1.31219989902,1.30767553892,0.000130067424286
2900,1.31219989902,1.32129563419,1.31673991272,9.47085728915e-05
2900,1.32129563419,1.33045441798,1.32586711776,0.000483035660246
2900,1.33045441798,1.33967668743,1.33505758956,0.000132789910961
2900,1.33967668743,1.34896288259,1.34431176667,0.000272404682584
2900,1.34896288259,1.35831344659,1.35363009067,0.000101296154277
2900,1.35831344659,1.3677288256,1.36301300621,0.000195321129426
2900,1.3677288256,1.37720946889,1.37246096101,0.00021472062134
2900,1.37720946889,1.38675582887,1.3819744059,0.000337771956279
2900,1.38675582887,1.39636836106,1.39155379484,0.000189988701402
2900,1.39636836106,1.40604752413,1.40119958494,0.000525864032028
2900,1.40604752413,1.41579377996,1.41091223646,0.000117868117675
2900,1.41579377996,1.4256075936,1.42069221286,9.10493005989e-05
2900,1.4256075936,1.43548943335,1.43053998082,0.000318121839117
2900,1.43548943335,1.44543977075,1.44045601025,0.000269087661369
2900,1.44543977075,1.45545908058,1.4504407743,0
2900,1.45545908058,1.46554784096,1.46049474944,0.000121933086076
2900,1.46554784096,1.47570653328,1.4706184154,0.000421163109227
2900,1.47570653328,1.48593564229,1.48081225527,0.000220508698677
2900,1.48593564229,1.49623565609,1.49107675545,0.000236893065837
2900,1.49623565609,1.50660706619,1.50141240575,3.33169740662e-05
2900,1.50660706619,1.51705036746,1.51181969936,0.000190724141958
2900,1.51705036746,1.52756605824,1.52229913288,0.0002336576023
2900,1.52756605824,1.5381546403,1.53285120636,0.000252433095707
2900,1.5381546403,1.54881661891,1.54347642332,0.00031391454129
2900,1.54881661891,1.55955250283,1.55417529077,0.000385995767533
2900,1.55955250283,1.57036280433,1.56494831922,9.84587470138e-05
2900,1.57036280433,1.58124803927,1.57579602274,0.00016294542702
2900,1.58124803927,1.59220872705,1.58671891895,0.000254818762365
2900,1.59220872705,1.60324539069,1.59771752906,0.000165593000504
2900,1.60324539069,1.61435855683,1.60879237789,3.17345016977e-05
2900,1.61435855683,1.62554875575,1.6199439939,0.000106635563563
2900,1.62554875575,1.63681652143,1.63117290923,0.00031832834648
2900,1.63681652143,1.64816239153,1.64247965967,0.000565461300665
2900,1.64816239153,1.65958690744,1.65386478477,0.000268391306798
2900,1.65958690744,1.67109061431,1.66532882779,7.06712939908e-05
2900,1.67109061431,1.68267406107,1.67687233575,0.000496448078842
2900,1.68267406107,1.69433780045,1.68849585949,0.00012077421091
2900,1.69433780045,1.706082389,1.70019995364,0
2900,1.706082389,1.71790838716,1.7119851767,3.73340535005e-05
2900,1.71790838716,1.72981635922,1.72385209103,8.61919736226e-05
2900,1.72981635922,1.74180687339,1.73580126287,0.000422232720047
2900,1.74180687339,1.75388050184,1.74783326242,0.000334083661778
2900,1.75388050184,1.76603782069,1.7599486638,0.000227314474295
2900,1.76603782069,1.77827941004,1.77214804514,0.000145730954122
2900,1.77827941004,1.79060585404,1.78443198854,0.000116657690284
2900,1.79060585404,1.80301774086,1.79680108017,0.000149894159193
2900,1.80301774086,1.81551566277,1.80925591025,0.0003073320516
2900,1.81551566277,1.82810021614,1.82179707309,0.000109137239519
2900,1.82810021614,1.84077200147,1.83442516712,0.000219923319346
2900,1.84077200147,1.85353162341,1.84714079491,0.000328202262898
2900,1.85353162341,1.86637969083,1.85994456322,7.81238543051e-05
2900,1.86637969083,1.8793168168,1.87283708302,0.000113985992471
2900,1.8793168168,1.89234361864,1.88581896949,0.000107584097664
2900,1.89234361864,1.90546071796,1.8988908421,0.000221845762447
2900,1.90546071796,1.91866874067,1.9120533246,0.000127285945227
2900,1.91866874067,1.93196831702,1.92530704508,0.000404495755982
2900,1.93196831702,1.94536008162,1.93865263595,0.000208723365251
2900,1.94536008162,1.95884467351,1.95209073404,7.49962433804e-05
2900,1.95884467351,1.97242273611,1.96562198058,0.000127730300837
2900,1.97242273611,1.98609491736,1.97924702124,0.00011338000205
2900,1.98609491736,1.99986186963,1.99296650616,0.000451016087613
2900,1.99986186963,2.01372424986,2.00678109002,0.000310039825757
2900,2.01372424986,2.02768271952,2.02069143199,0.000324097922976
2900,2.02768271952,2.04173794467,2.03469819585,0.000141064762322
2900,2.04173794467,2.05589059598,2.04880204996,0
2900,2.05589059598,2.07014134879,2.06300366731,0.000453663323658
2900,2.07014134879,2.0844908831,2.07730372557,0.000105782240569
2900,2.0844908831,2.09893988362,2.0917029071,7.33467482285e-05
2900,2.09893988362,2.11348903984,2.10620189899,0.000235354080901
2900,2.11348903984,2.12813904598,2.12080139309,0.000160786142048
2900,2.12813904598,2.14289060112,2.13550208605,0.000198815363794
2900,2.14289060112,2.15774440915,2.15030467934,0.00033421790191
2900,2.15774440915,2.17270117886,2.16520987931,7.53949906263e-05
2900,2.17270117886,2.18776162395,2.18021839719,0.00046168014269
2900,2.18776162395,2.20292646305,2.19533094914,0.000463853699615
2900,2.20292646305,2.2181964198,2.2105482563,0.000209472340746
2900,2.2181964198,2.23357222283,2.22587104479,3.9280704326e-06
2900,2.23357222283,2.24905460584,2.24130004578,9.49221056291e-05
2900,2.24905460584,2.26464430759,2.2568359955,0.000298120114059
2900,2.26464430759,2.280342072,2.27247963527,0.000166787165404
2900,2.280342072,2.29614864811,2.28823171158,0.000141816199084
2900,2.29614864811,2.31206479018,2.30409297606,0.000364824640432
2900,2.31206479018,2.32809125767,2.32006418557,0.000331381052003
2900,2.32809125767,2.34422881532,2.33614610222,0.000188008911772
2900,2.34422881532,2.36047823318,2.35233949339,0.00056283384392
2900,2.36047823318,2.37684028662,2.36864513178,0
2900,2.37684028662,2.39331575641,2.38506379547,0.000148557352011
2900,2.39331575641,2.40990542869,2.40159626789,0.000422304428913
2900,2.40990542869,2.42661009508,2.41824333793,0.000455876283544
2900,2.42661009508,2.44343055269,2.43500579995,0.000379552718576
2900,2.44343055269,2.46036760415,2.45188445381,0.000150797870181
2900,2.46036760415,2.47742205763,2.46888010491,0.000224659931306
2900,2.47742205763,2.49459472694,2.48599356423,0.000120451157497
2900,2.49459472694,2.51188643151,2.50322564838,0.000113056170321
2900,2.51188643151,2.52929799645,2.52057717964,0.000138913542508
2900,2.52929799645,2.54683025259,2.53804898596,0.000310413515734
2900,2.54683025259,2.56448403652,2.55564190106,0.000197844023577
2900,2.56448403652,2.58226019063,2.57335676443,0
2900,2.58226019063,2.60015956317,2.59119442135,4.55943029843e-05
2900,2.60015956317,2.61818300822,2.60915572301,0
2900,2.61818300822,2.63633138583,2.62724152647,0.000173583194359
2900,2.63633138583,2.65460556198,2.64545269472,0.00041812572889
2900,2.65460556198,2.67300640866,2.66379009677,0.000433985778451
2900,2.67300640866,2.69153480393,2.68225460761,0.000416977342116
2900,2.69153480393,2.71019163189,2.70084710832,0.000276434275891
2900,2.71019163189,2.72897778281,2.7195684861,9.45738904931e-05
2900,2.72897778281,2.7478941531,2.73841963426,0.000146279799725
2900,2.7478941531,2.76694164541,2.75740145235,0.000148827570164
2900,2.76694164541,2.78612116863,2.77651484611,0.000399502674239
2900,2.78612116863,2.80543363795,2.79576072758,5.05691047921e-05
2900,2.80543363795,2.82487997492,2.81514001513,0.00025860521226
2900,2.82487997492,2.84446110745,2.83465363349,0
2900,2.84446110745,2.86417796991,2.85430251379,9.56774170234e-05
2900,2.86417796991,2.88403150313,2.87408759362,0.000459439172343
2900,2.88403150313,2.90402265446,2.89400981707,0
2900,2.90402265446,2.92415237784,2.91407013477,0.000228361754701
2900,2.92415237784,2.9444216338,2.93426950396,0.000107050760986
2900,2.9444216338,2.96483138952,2.95460888848,8.08369183321e-05
2900,2.96483138952,2.98538261892,2.97508925888,0.000364243834607
2900,2.98538261892,3.00607630263,2.99571159243,0
2900,3.00607630263,3.0269134281,3.01647687316,0.000340435178636
2900,3.0269134281,3.04789498963,3.03738609195,0
2900,3.04789498963,3.06902198839,3.05844024651,0.000332814858747
2900,3.06902198839,3.09029543251,3.0796403415,0.000396664687733
2900,3.09029543251,3.11171633711,3.10098738853,9.81388773275e-05
2900,3.11171633711,3.13328572432,3.12248240622,0.000232628916916
2900,3.13328572432,3.15500462337,3.14412642026,0.000434105880916
2900,3.15500462337,3.17687407065,3.16592046343,0.000465961495026
2900,3.17687407065,3.19889510969,3.1878655757,0.000442312827279
2900,3.19889510969,3.22106879128,3.20996280421,8.68458332543e-05
2900,3.22106879128,3.24339617349,3.2322132034,0.000572338083891
2900,3.24339617349,3.26587832172,3.25461783498,7.44637567345e-05
2900,3.26587832172,3.28851630876,3.27717776805,0.00029379022717
2900,3.28851630876,3.31131121483,3.29989407911,0.0001798849682
2900,3.31131121483,3.33426412763,3.32276785211,0.000616226781215
2900,3.33426412763,3.35737614243,3.34580017853,0.000523613137222
2900,3.35737614243,3.38064836206,3.36899215741,8.18504922269e-05
2900,3.38064836206,3.40408189701,3.39234489541,0.000284564793692
2900,3.40408189701,3.42767786546,3.41585950686,0
2900,3.42767786546,3.45143739336,3.43953711381,7.76722959475e-05
2900,3.45143739336,3.47536161443,3.46337884608,0.000330446761062
2900,3.47536161443,3.49945167028,3.48738584135,2.05617613263e-05
2900,3.49945167028,3.52370871042,3.51155924516,0.0004457809432
2900,3.52370871042,3.54813389234,3.535900211,9.46250118654e-05
2900,3.54813389234,3.57272838152,3.56040990036,0
2900,3.57272838152,3.59749335156,3.58508948277,0.000267137542214
2900,3.59749335156,3.62242998417,3.60994013586,0.000468437129379
2900,3.62242998417,3.64753946926,3.63496304546,7.23543114606e-05
2900,3.64753946926,3.67282300498,3.66015940558,0.000473162019751
2900,3.67282300498,3.6982817978,3.68553041852,0.000209423687524
2900,3.6982817978,3.72391706255,3.71107729493,0.000244257950859
2900,3.72391706255,3.74973002245,3.73680125382,0.00010690558671
2900,3.74973002245,3.77572190925,3.76270352268,9.2198205615e-05
2900,3.77572190925,3.80189396321,3.78878533748,0.000165725342383
2900,3.80189396321,3.82824743317,3.81504794279,0.000233500661913
2900,3.82824743317,3.85478357666,3.84149259179,0
2900,3.85478357666,3.88150365991,3.86812054633,0.0001497499319
2900,3.88150365991,3.90840895792,3.89493307704,0.000359320074132
2900,3.90840895792,3.93550075456,3.92193146333,0.000118396653515
2900,3.93550075456,3.96278034255,3.94911699349,3.62486112239e-05
2900,3.96278034255,3.99024902362,3.97649096475,0.000174655799453
2900,3.99024902362,4.01790810849,4.00405468331,0
2900,4.01790810849,4.04575891697,4.03180946443,0.000186743356877
2900,4.04575891697,4.07380277804,4.05975663252,0.000139526996859
2900,4.07380277804,4.10204102987,4.08789752111,7.71595064449e-06
2900,4.10204102987,4.1304750199,4.11623347303,0.000201543178892
2900,4.1304750199,4.15910610494,4.14476584038,0.000294296563579
2900,4.15910610494,4.18793565118,4.17349598465,0.000492176426094
2900,4.18793565118,4.21696503429,4.20242527677,0.000276728018211
2900,4.21696503429,4.24619563946,4.23155509717,0.000611809518753
2900,4.24619563946,4.27562886152,4.26088683583,8.93495560713e-05
2900,4.27562886152,4.30526610492,4.29042189239,0.000268390768861
2900,4.30526610492,4.33510878388,4.32016167618,0.000226528942502
2900,4.33510878388,4.3651583224,4.35010760631,0.000240334777421
2900,4.3651583224,4.39541615438,4.3802611117,0
2900,4.39541615438,4.42588372363,4.41062363121,0.000423992211591
2900,4.42588372363,4.45656248398,4.44119661366,0.000308744537404
2900,4.45656248398,4.48745389933,4.47198151789,0.000156005641327
2900,4.48745389933,4.51855944375,4.50297981288,0.000166469436933
2900,4.51855944375,4.5498806015,4.53419297779,0.000326556251382
2900,4.5498806015,4.58141886715,4.56562250202,0
2900,4.58141886715,4.6131757456,4.59726988531,0
2900,4.6131757456,4.64515275223,4.62913663778,1.38029006529e-05
2900,4.64515275223,4.67735141287,4.66122428002,0.000103475973238
2900,4.67735141287,4.70977326397,4.69353434317,0.000175343542989
2900,4.70977326397,4.7424198526,4.72606836898,0
2900,4.7424198526,4.77529273658,4.75882790989,0.000385918647742
2900,4.77529273658,4.8083934845,4.79181452908,0.000430910655928
2900,4.8083934845,4.84172367584,4.8250298006,0.000211857083246
2900,4.84172367584,4.87528490103,4.85847530937,0
2900,4.87528490103,4.90907876153,4.89215265134,0.000692102539297
2900,4.90907876153,4.94310686987,4.9260634335,0.000153234910396
2900,4.94310686987,4.97737084979,4.96020927396,0.000100618333959
2900,4.97737084979,5.01187233627,4.99459180208,0.000477883554234
2900,5.01187233627,5.04661297564,5.0292126585,5.18820154653e-05
2900,5.04661297564,5.08159442561,5.06407349524,0.000468517372137
2900,5.08159442561,5.1168183554,5.09917597575,0.000165966276595
2900,5.1168183554,5.15228644582,5.13452177503,0.00066963163411
2900,5.15228644582,5.18800038929,5.17011257969,0.000260372688578
2900,5.18800038929,5.22396188999,5.20595008802,0.000216275717423
2900,5.22396188999,5.26017266391,5.24203601008,0.000252087002848
2900,5.26017266391,5.29663443892,5.27837206782,0.000285398244735
2900,5.29663443892,5.33334895488,5.31495999507,0.000375251239244
2900,5.33334895488,5.3703179637,5.35180153771,0.000462615751807
2900,5.3703179637,5.40754322946,5.38889845373,0.00037440205818
2900,5.40754322946,5.44502652842,5.42625251329,9.17292406045e-05
2900,5.44502652842,5.48276964921,5.46386549882,0.000167418272823
2900,5.48276964921,5.52077439281,5.50173920511,0.000367725147837
2900,5.52077439281,5.5590425727,5.53987543939,0.000135431872898
2900,5.5590425727,5.59757601495,5.57827602141,0.00041008106145
2900,5.59757601495,5.63637655826,5.61694278356,0.000453090942946
2900,5.63637655826,5.67544605409,5.65587757089,5.10255126012e-05
2900,5.67544605409,5.71478636672,5.69508224128,0.000238597272785
2900,5.71478636672,5.75439937337,5.73455866546,0.000274637132709
2900,5.75439937337,5.79428696427,5.77430872714,0.0013832753627
2900,5.79428696427,5.83445104274,5.81433432308,0.000173893117191
2900,5.83445104274,5.8748935253,5.85463736321,0.00047217675031
2900,5.8748935253,5.91561634175,5.89521977065,0.000376276833802
2900,5.91561634175,5.95662143529,5.93608348191,0.000291715823801
2900,5.95662143529,5.99791076256,5.97723044689,0.000539356096771
2900,5.99791076256,6.03948629376,6.018662629,0.00029982920238
2900,6.03948629376,6.08135001279,6.06038200527,0.000105593453013
2900,6.08135001279,6.12350391725,6.10239056645,0.000156518541113
2900,6.12350391725,6.16595001861,6.14469031706,0.000376892148707
2900,6.16595001861,6.2086903423,6.18728327553,0.000325312181018
2900,6.2086903423,6.25172692776,6.23017147429,5.00086351144e-05
2900,6.25172692776,6.29506182857,6.27335695984,0.000162913350438
2900,6.29506182857,6.33869711257,6.31684179288,0.000283848678433
2900,6.33869711257,6.38263486191,6.36062804837,0.000784040053129
2900,6.38263486191,6.42687717317,6.40471781569,0.000189512725229
2900,6.42687717317,6.47142615749,6.44911319868,0.00015949193238
2900,6.47142615749,6.51628394061,6.49381631576,0.000485451649233
2900,6.51628394061,6.56145266303,6.53882930005,0.000248051889467
2900,6.56145266303,6.60693448008,6.58415429943,7.4937723414e-05
2900,6.60693448008,6.65273156202,6.62979347671,0.000177971063766
2900,6.65273156202,6.69884609417,6.67574900964,0.00057293520806
2900,6.69884609417,6.74528027698,6.72202309112,0.000172217195727
2900,6.74528027698,6.79203632617,6.7686179292,0.000418273154437
2900,6.79203632617,6.83911647281,6.81553574727,0.000468682212744
2900,6.83911647281,6.88652296344,6.86277878411,0.000464516469048
2900,6.88652296344,6.93425806017,6.91034929405,0.000426741566432
2900,6.93425806017,6.98232404077,6.95824954701,0.000304655304113
2900,6.98232404077,7.03072319884,7.00648182865,9.0961282702e-05
2900,7.03072319884,7.07945784384,7.05504844051,0.000636339917279
2900,7.07945784384,7.12853030127,7.10395170003,0.00044777866771
2900,7.12853030127,7.17794291271,7.15319394075,0.000343981654274
2900,7.17794291271,7.22769803602,7.20277751238,0.000144068392743
2900,7.22769803602,7.27779804537,7.25270478091,0.00016873033624
2900,7.27779804537,7.32824533139,7.30297812873,0.000245610308036
2900,7.32824533139,7.37904230129,7.35359995475,0.000392313318248
2900,7.37904230129,7.43019137897,7.40457267451,5.6892051502e-05
2900,7.43019137897,7.48169500511,7.45589872028,0.00021734031895
2900,7.48169500511,7.53355563734,7.5075805412,0.000138315657892
2900,7.53355563734,7.58577575029,7.55962060339,0.000685002203135
2900,7.58577575029,7.63835783578,7.61202139006,0.000200925905389
2900,7.63835783578,7.69130440287,7.66478540163,0.000394571890165
2900,7.69130440287,7.74461797803,7.71791515585,0.000641930841015
2900,7.74461797803,7.79830110523,7.77141318794,0.000108953782758
2900,7.79830110523,7.8523563461,7.82528205067,0.000638345641004
2900,7.8523563461,7.90678628,7.87952431451,0.00100585120181
2900,7.90678628,7.96159350417,7.93414256777,0.000427853854644
2900,7.96159350417,8.01678063388,7.98913941667,0.000142903867836
2900,8.01678063388,8.07235030249,8.04451748552,0.00027192910586
2900,8.07235030249,8.12830516164,8.1002794168,0.000982654843048
2900,8.12830516164,8.18464788135,8.15642787133,0.00074736678901
2900,8.18464788135,8.24138115013,8.21296552835,0.00039127674037
2900,8.24138115013,8.29850767514,8.26989508568,0.000160611006705
2900,8.29850767514,8.35603018231,8.32721925985,0.000431423647408
2900,8.35603018231,8.41395141645,8.38494078622,0.000150660861909
2900,8.41395141645,8.47227414141,8.44306241909,0.000543829079702
2900,8.47227414141,8.53100114018,8.50158693187,0.000437038487358
2900,8.53100114018,8.59013521505,8.5605171172,0.000730624291449
2900,8.59013521505,8.64967918776,8.61985578706,0.000548177892702
2900,8.64967918776,8.70963589956,8.67960577292,0.000434988650408
2900,8.70963589956,8.77000821144,8.73976992591,0.000573106634757
2900,8.77000821144,8.83079900419,8.80035111687,0.000609531732772
2900,8.83079900419,8.89201117858,8.86135223659,0.000436002653711
2900,8.89201117858,8.9536476555,8.92277619588,0.000227159451074
2900,8.9536476555,9.01571137606,8.98462592571,0.000451949762857
2900,9.01571137606,9.07820530178,9.04690437738,0.000515371243825
2900,9.07820530178,9.1411324147,9.10961452266,0.000110710686088
2900,9.1411324147,9.20449571753,9.1727593539,0.000566800706879
2900,9.20449571753,9.26829823379,9.2363418842,0.00107240779944
2900,9.26829823379,9.33254300797,9.30036514754,0.000769909556553
2900,9.33254300797,9.39723310565,9.36483219894,0.000790517305592
2900,9.39723310565,9.46237161366,9.4297461146,0.000173341079867
2900,9.46237161366,9.52796164024,9.49510999202,0.000727459371296
2900,9.52796164024,9.59400631516,9.5609269502,2.61956859576e-05
2900,9.59400631516,9.6605087899,9.62720012973,0.000425162003307
2900,9.6605087899,9.72747223777,9.693932693,0.000559539616835
2900,9.72747223777,9.79489985409,9.7611278243,0.000723815144405
2900,9.79489985409,9.86279485631,9.82878873,0.000492290271207
2900,9.86279485631,9.93116048421,9.89691863869,0.00079124037281
2900,9.93116048421,10,9.96552080135,0.207136107378
4000,0.01,0.0100693166885,0.0100345984915,0
4000,0.0100693166885,0.0101391138574,0.0101041550053,0
4000,0.0101391138574,0.0102093948371,0.0101741936618,0
4000,0.0102093948371,0.0102801629813,0.0102447178031,0
4000,0.0102801629813,0.0103514216668,0.0103157307944,0
4000,0.0103514216668,0.0104231742939,0.0103872360242,0
4000,0.0104231742939,0.0104954242865,0.0104592369046,0
4000,0.0104954242865,0.0105681750921,0.0105317368713,0
4000,0.0105681750921,0.0106414301822,0.0106047393837,0
4000,0.0106414301822,0.0107151930524,0.0106782479254,0
4000,0.0107151930524,0.0107894672223,0.0107522660039,0
4000,0.0107894672223,0.0108642562362,0.0108267971513,0
4000,0.0108642562362,0.0109395636627,0.0109018449239,0
4000,0.0109395636627,0.0110153930954,0.0109774129027,0
4000,0.0110153930954,0.0110917481526,0.0110535046938,0
4000,0.0110917481526,0.0111686324778,0.011130123928,0
4000,0.0111686324778,0.0112460497397,0.0112072742614,0
4000,0.0112460497397,0.0113240036324,0.0112849593753,0
4000,0.0113240036324,0.0114024978756,0.0113631829767,0
4000,0.0114024978756,0.011481536215,0.0114419487982,0
4000,0.011481536215,0.0115611224219,0.0115212605983,0
4000,0.0115611224219,0.0116412602941,0.0116011221615,0
4000,0.0116412602941,0.0117219536555,0.0116815372986,0
4000,0.0117219536555,0.0118032063565,0.0117625098468,0
4000,0.0118032063565,0.0118850222744,0.01184404367,0
4000,0.0118850222744,0.0119674053131,0.0119261426586,0
4000,0.0119674053131,0.0120503594037,0.0120088107301,0
4000,0.0120503594037,0.0121338885046,0.0120920518294,0
4000,0.0121338885046,0.0122179966016,0.0121758699285,0
4000,0.0122179966016,0.0123026877081,0.0122602690268,0
4000,0.0123026877081,0.0123879658653,0.0123452531517,0
4000,0.0123879658653,0.0124738351424,0.0124308263584,0
4000,0.0124738351424,0.0125602996369,0.0125169927303,0
4000,0.0125602996369,0.0126473634747,0.0126037563789,0
4000,0.0126473634747,0.0127350308102,0.0126911214445,0
4000,0.0127350308102,0.0128233058266,0.0127790920957,0
4000,0.0128233058266,0.0129121927361,0.0128676725303,0
4000,0.0129121927361,0.0130016957803,0.0129568669752,0
4000,0.0130016957803,0.01309181923,0.0130466796864,0
4000,0.01309181923,0.0131825673856,0.0131371149496,0
4000,0.0131825673856,0.0132739445773,0.0132281770801,0
4000,0.0132739445773,0.0133659551655,0.0133198704231,0
4000,0.0133659551655,0.0134586035406,0.0134121993541,0
4000,0.0134586035406,0.0135518941235,0.0135051682786,0
4000,0.0135518941235,0.0136458313659,0.0135987816328,0
4000,0.0136458313659,0.0137404197501,0.0136930438839,0
4000,0.0137404197501,0.0138356637897,0.0137879595297,0
4000,0.0138356637897,0.0139315680295,0.0138835330993,0
4000,0.0139315680295,0.0140281370456,0.0139797691532,0
4000,0.0140281370456,0.0141253754462,0.0140766722836,0
4000,0.0141253754462,0.0142232878712,0.0141742471144,0
4000,0.0142232878712,0.0143218789927,0.0142724983016,0
4000,0.0143218789927,0.0144211535152,0.0143714305336,0
4000,0.0144211535152,0.0145211161759,0.0144710485309,0
4000,0.0145211161759,0.0146217717446,0.0145713570473,0
4000,0.0146217717446,0.0147231250243,0.0146723608691,0
4000,0.0147231250243,0.0148251808515,0.0147740648159,0
4000,0.0148251808515,0.0149279440958,0.0148764737408,0
4000,0.0149279440958,0.0150314196609,0.0149795925304,0
4000,0.0150314196609,0.0151356124844,0.0150834261054,0
4000,0.0151356124844,0.015240527538,0.0151879794203,0
4000,0.015240527538,0.015346169828,0.0152932574642,0
4000,0.015346169828,0.0154525443954,0.0153992652606,0
4000,0.0154525443954,0.0155596563161,0.0155060078679,0
4000,0.0155596563161,0.0156675107011,0.0156134903797,0
4000,0.0156675107011,0.015776112697,0.0157217179246,0
4000,0.015776112697,0.015885467486,0.0158306956671,0
4000,0.015885467486,0.0159955802861,0.0159404288071,0
4000,0.0159955802861,0.0161064563518,0.016050922581,0
4000,0.0161064563518,0.0162181009736,0.0161621822611,0
4000,0.0162181009736,0.0163305194789,0.0162742131564,0
4000,0.0163305194789,0.0164437172321,0.0163870206128,0
4000,0.0164437172321,0.0165576996347,0.0165006100132,0
4000,0.0165576996347,0.0166724721255,0.0166149867777,0
4000,0.0166724721255,0.0167880401812,0.016730156364,0
4000,0.0167880401812,0.0169044093164,0.0168461242677,0
4000,0.0169044093164,0.0170215850839,0.0169628960226,0
4000,0.0170215850839,0.0171395730751,0.0170804772006,0
4000,0.0171395730751,0.0172583789199,0.0171988734124,0
4000,0.0172583789199,0.0173780082875,0.0173180903075,0
4000,0.0173780082875,0.0174984668862,0.0174381335747,0
4000,0.0174984668862,0.0176197604641,0.017559008942,0
4000,0.0176197604641,0.0177418948089,0.0176807221773,0
4000,0.0177418948089,0.0178648757485,0.0178032790885,0
4000,0.0178648757485,0.0179887091513,0.0179266855237,0
4000,0.0179887091513,0.0181134009262,0.0180509473713,0
4000,0.0181134009262,0.0182389570232,0.018176070561,0
4000,0.0182389570232,0.0183653834335,0.0183020610631,0
4000,0.0183653834335,0.0184926861898,0.0184289248897,0
4000,0.0184926861898,0.0186208713666,0.0185566680943,0
4000,0.0186208713666,0.0187499450807,0.0186852967726,0
4000,0.0187499450807,0.018879913491,0.0188148170622,0
4000,0.018879913491,0.0190107827992,0.0189452351436,0
4000,0.0190107827992,0.0191425592502,0.0190765572399,0
4000,0.0191425592502,0.0192752491319,0.0192087896175,0
4000,0.0192752491319,0.0194088587759,0.0193419385862,0
4000,0.0194088587759,0.0195433945578,0.0194760104994,0
4000,0.0195433945578,0.0196788628971,0.0196110117548,0
4000,0.0196788628971,0.0198152702581,0.0197469487941,0
4000,0.0198152702581,0.0199526231497,0.019883828104,0
4000,0.0199526231497,0.0200909281261,0.0200216562159,0
4000,0.0200909281261,0.0202301917868,0.0201604397066,0
4000,0.0202301917868,0.0203704207771,0.0203001851986,0
4000,0.0203704207771,0.0205116217883,0.02044089936,0
4000,0.0205116217883,0.0206538015581,0.0205825889054,0
4000,0.0206538015581,0.020796966871,0.0207252605958,0
4000,0.020796966871,0.0209411245585,0.0208689212391,0
4000,0.0209411245585,0.0210862814993,0.0210135776905,0
4000,0.0210862814993,0.02123244462,0.0211592368524,0
4000,0.02123244462,0.021379620895,0.0213059056754,0
4000,0.021379620895,0.0215278173472,0.0214535911582,0
4000,0.0215278173472,0.0216770410482,0.0216023003477,0
4000,0.0216770410482,0.0218272991184,0.0217520403402,0
4000,0.0218272991184,0.0219785987278,0.0219028182807,0
4000,0.0219785987278,0.0221309470961,0.0220546413639,0
4000,0.0221309470961,0.0222843514927,0.0222075168345,0
4000,0.0222843514927,0.0224388192378,0.0223614519872,0
4000,0.0224388192378,0.0225943577022,0.0225164541674,0
4000,0.0225943577022,0.0227509743077,0.0226725307715,0
4000,0.0227509743077,0.0229086765277,0.0228296892468,0
4000,0.0229086765277,0.0230674718872,0.0229879370926,0
4000,0.0230674718872,0.0232273679636,0.0231472818602,0
4000,0.0232273679636,0.0233883723866,0.0233077311528,0
4000,0.0233883723866,0.023550492839,0.0234692926269,0
4000,0.023550492839,0.0237137370566,0.0236319739915,0
4000,0.0237137370566,0.0238781128291,0.0237957830096,0
4000,0.0238781128291,0.0240436280001,0.0239607274975,0
4000,0.0240436280001,0.0242102904674,0.0241268153259,0
4000,0.0242102904674,0.0243781081837,0.0242940544202,0
4000,0.0243781081837,0.0245470891569,0.0244624527605,0
4000,0.0245470891569,0.0247172414502,0.0246320183824,0
4000,0.0247172414502,0.0248885731828,0.0248027593769,0
4000,0.0248885731828,0.0250610925303,0.0249746838915,0
4000,0.0250610925303,0.0252348077248,0.02514780013,0
4000,0.0252348077248,0.0254097270555,0.0253221163528,0
4000,0.0254097270555,0.0255858588691,0.025497640878,0
4000,0.0255858588691,0.02576321157,0.0256743820811,0
4000,0.02576321157,0.0259417936212,0.0258523483956,0
4000,0.0259417936212,0.026121613544,0.0260315483137,0
4000,0.026121613544,0.026302679919,0.0262119903864,0
4000,0.026302679919,0.0264850013861,0.0263936832237,0
4000,0.0264850013861,0.0266685866452,0.0265766354955,0
4000,0.0266685866452,0.0268534444566,0.026760855932,0
4000,0.0268534444566,0.0270395836411,0.0269463533235,0
4000,0.0270395836411,0.0272270130808,0.0271331365215,0
4000,0.0272270130808,0.0274157417193,0.0273212144388,0
4000,0.0274157417193,0.0276057785622,0.0275105960499,0
4000,0.0276057785622,0.0277971326776,0.0277012903916,0
4000,0.0277971326776,0.0279898131963,0.0278933065634,0
4000,0.0279898131963,0.0281838293126,0.0280866537277,0
4000,0.0281838293126,0.0283791902844,0.0282813411105,0
4000,0.0283791902844,0.0285759054337,0.0284773780017,0
4000,0.0285759054337,0.0287739841474,0.0286747737558,0
4000,0.0287739841474,0.028973435877,0.0288735377919,0
4000,0.028973435877,0.02917427014,0.0290736795944,0
4000,0.02917427014,0.0293764965196,0.0292752087137,0
4000,0.0293764965196,0.0295801246655,0.0294781347661,0
4000,0.0295801246655,0.0297851642943,0.0296824674346,0
4000,0.0297851642943,0.0299916251899,0.0298882164696,0
4000,0.0299916251899,0.030199517204,0.0300953916887,0
4000,0.030199517204,0.0304088502568,0.0303040029779,0
4000,0.0304088502568,0.0306196343369,0.0305140602914,0
4000,0.0306196343369,0.0308318795025,0.0307255736527,0
4000,0.0308318795025,0.0310455958813,0.0309385531545,0
4000,0.0310455958813,0.0312607936712,0.0311530089597,0
4000,0.0312607936712,0.031477483141,0.0313689513016,0
4000,0.031477483141,0.0316956746304,0.0315863904842,0
4000,0.0316956746304,0.031915378551,0.0318053368833,0
4000,0.031915378551,0.0321366053864,0.0320258009463,0
4000,0.0321366053864,0.032359365693,0.0322477931932,0
4000,0.032359365693,0.0325836701002,0.0324713242168,0
4000,0.0325836701002,0.0328095293113,0.0326964046834,0
4000,0.0328095293113,0.0330369541037,0.0329230453333,0
4000,0.0330369541037,0.0332659553294,0.0331512569812,0
4000,0.0332659553294,0.0334965439158,0.0333810505166,0
4000,0.0334965439158,0.0337287308659,0.0336124369047,0
4000,0.0337287308659,0.033962527259,0.0338454271866,0
4000,0.033962527259,0.0341979442514,0.03408003248,0
4000,0.0341979442514,0.0344349930763,0.0343162639796,0
4000,0.0344349930763,0.0346736850453,0.0345541329578,0
4000,0.0346736850453,0.0349140315479,0.0347936507649,0
4000,0.0349140315479,0.0351560440528,0.0350348288302,0
4000,0.0351560440528,0.0353997341083,0.0352776786619,0
4000,0.0353997341083,0.0356451133426,0.0355222118482,0
4000,0.0356451133426,0.0358921934645,0.0357684400576,0
4000,0.0358921934645,0.036140986264,0.0360163750395,0
4000,0.036140986264,0.0363915036127,0.0362660286245,0
4000,0.0363915036127,0.0366437574648,0.0365174127255,0
4000,0.0366437574648,0.036897759857,0.0367705393378,0
4000,0.036897759857,0.0371535229097,0.03702542054,0
4000,0.0371535229097,0.0374110588272,0.0372820684943,0
4000,0.0374110588272,0.0376703798984,0.0375404954472,0
4000,0.0376703798984,0.0379314984974,0.0378007137302,0
4000,0.0379314984974,0.038194427084,0.0380627357601,0
4000,0.038194427084,0.0384591782045,0.03832657404,0.000111017700105
4000,0.0384591782045,0.0387257644922,0.0385922411595,0
4000,0.0387257644922,0.0389941986677,0.0388597497954,0
4000,0.0389941986677,0.03926449354,0.0391291127127,0
4000,0.03926449354,0.0395366620068,0.0394003427645,0
4000,0.0395366620068,0.0398107170553,0.0396734528932,0
4000,0.0398107170553,0.0400866717627,0.0399484561308,0
4000,0.0400866717627,0.0403645392968,0.0402253655999,0
4000,0.0403645392968,0.0406443329165,0.0405041945136,0
4000,0.0406443329165,0.040926065973,0.0407849561771,0
4000,0.040926065973,0.0412097519097,0.0410676639875,0
4000,0.0412097519097,0.0414954042634,0.0413523314348,0
4000,0.0414954042634,0.0417830366647,0.0416389721025,0
4000,0.0417830366647,0.0420726628384,0.0419275996685,0
4000,0.0420726628384,0.042364296605,0.0422182279051,0
4000,0.042364296605,0.0426579518802,0.0425108706805,0
4000,0.0426579518802,0.0429536426765,0.0428055419586,0
4000,0.0429536426765,0.0432513831035,0.0431022558005,0
4000,0.0432513831035,0.0435511873686,0.0434010263645,0
4000,0.0435511873686,0.0438530697775,0.0437018679071,0
4000,0.0438530697775,0.0441570447353,0.0440047947836,0
4000,0.0441570447353,0.0444631267469,0.0443098214489,0
4000,0.0444631267469,0.0447713304176,0.0446169624581,0
4000,0.0447713304176,0.0450816704541,0.044926232467,0
4000,0.0450816704541,0.045394161665,0.0452376462332,0
4000,0.045394161665,0.0457088189615,0.0455512186166,0.000213032385992
4000,0.0457088189615,0.0460256573581,0.0458669645798,0
4000,0.0460256573581,0.0463446919736,0.0461848991895,6.77670271116e-05
4000,0.0463446919736,0.0466659380314,0.0465050376167,0
4000,0.0466659380314,0.0469894108605,0.0468273951374,2.43698534839e-05
4000,0.0469894108605,0.0473151258961,0.0471519871336,0
4000,0.0473151258961,0.0476430986805,0.0474788290942,0
4000,0.0476430986805,0.0479733448637,0.0478079366149,0
4000,0.0479733448637,0.048305880204,0.0481393254,0
4000,0.048305880204,0.0486407205691,0.0484730112624,0
4000,0.0486407205691,0.0489778819368,0.0488090101248,0.000410183372094
4000,0.0489778819368,0.0493173803955,0.0491473380199,0
4000,0.0493173803955,0.049659232145,0.049488011092,0
4000,0.049659232145,0.0500034534977,0.0498310455971,0
4000,0.0500034534977,0.0503500608788,0.0501764579037,0
4000,0.0503500608788,0.0506990708275,0.050524264494,0
4000,0.0506990708275,0.0510504999975,0.0508744819645,0
4000,0.0510504999975,0.0514043651582,0.0512271270265,6.48982610521e-05
4000,0.0514043651582,0.0517606831951,0.0515822165072,0
4000,0.0517606831951,0.0521194711105,0.0519397673507,0.000169697038259
4000,0.0521194711105,0.052480746025,0.0522997966182,4.0153713847e-05
4000,0.052480746025,0.0528445251775,0.0526623214894,8.78286907425e-05
4000,0.0528445251775,0.0532108259267,0.0530273592629,0
4000,0.0532108259267,0.0535796657513,0.0533949273574,0
4000,0.0535796657513,0.0539510622515,0.0537650433122,0
4000,0.0539510622515,0.0543250331492,0.0541377247883,8.39831563901e-05
4000,0.0543250331492,0.0547015962894,0.0545129895689,0
4000,0.0547015962894,0.0550807696405,0.0548908555607,0
4000,0.0550807696405,0.0554625712958,0.0552713407944,0.000419250614671
4000,0.0554625712958,0.0558470194737,0.0556544634258,0
4000,0.0558470194737,0.056234132519,0.0560402417364,0
4000,0.056234132519,0.0566239289038,0.0564286941345,0
4000,0.0566239289038,0.0570164272281,0.056819839156,0.000155925496688
4000,0.0570164272281,0.0574116462207,0.0572136954652,0.000969032489136
4000,0.0574116462207,0.0578096047406,0.057610281856,0
4000,0.0578096047406,0.0582103217771,0.0580096172523,0.000263716508937
4000,0.0582103217771,0.0586138164514,0.0584117207093,0.000613590657696
4000,0.0586138164514,0.0590201080172,0.0588166114143,0.000147658309517
4000,0.0590201080172,0.0594292158616,0.0592243086876,0
4000,0.0594292158616,0.059841159506,0.0596348319834,0
4000,0.059841159506,0.0602559586074,0.0600482008908,0.000136177943282
4000,0.0602559586074,0.0606736329589,0.0604644351345,9.29321682535e-05
4000,0.0606736329589,0.0610942024906,0.0608835545761,0
4000,0.0610942024906,0.061517687271,0.061305579215,0
4000,0.061517687271,0.0619441075077,0.0617305291889,0
4000,0.0619441075077,0.0623734835482,0.0621584247753,0
4000,0.0623734835482,0.0628058358813,0.0625892863921,0
4000,0.0628058358813,0.0632411851376,0.0630231345991,0.000180429037805
4000,0.0632411851376,0.0636795520908,0.0634599900981,0.000322440468047
4000,0.0636795520908,0.0641209576585,0.0638998737348,0
4000,0.0641209576585,0.0645654229035,0.0643428064992,0
4000,0.0645654229035,0.0650129690343,0.0647888095269,0.000433140766793
4000,0.0650129690343,0.0654636174067,0.0652379040998,0
4000,0.0654636174067,0.0659173895244,0.0656901116476,0
4000,0.0659173895244,0.0663743070402,0.0661454537484,0
4000,0.0663743070402,0.0668343917569,0.0666039521298,0.000471954807473
4000,0.0668343917569,0.0672976656284,0.0670656286702,0.00010843806916
4000,0.0672976656284,0.0677641507611,0.0675305053995,0.000249765163937
4000,0.0677641507611,0.0682338694142,0.0679986045003,0.000244738360178
4000,0.0682338694142,0.0687068440014,0.0684699483091,0.000453668937092
4000,0.0687068440014,0.0691830970919,0.0689445593171,0
4000,0.0691830970919,0.0696626514111,0.0694224601714,0
4000,0.0696626514111,0.070145529842,0.0699036736762,0
4000,0.070145529842,0.0706317554263,0.0703882227936,0.000590805846712
4000,0.0706317554263,0.0711213513653,0.0708761306451,0
4000,0.0711213513653,0.0716143410213,0.0713674205122,0.000602882985615
4000,0.0716143410213,0.0721107479183,0.071862115838,0.00012625327864
4000,0.0721107479183,0.0726105957435,0.072360240228,0.000180106644305
4000,0.0726105957435,0.0731139083483,0.0728618174513,7.98087536613e-05
4000,0.0731139083483,0.0736207097495,0.0733668714418,0.000288784515493
4000,0.0736207097495,0.0741310241301,0.0738754262994,0
4000,0.0741310241301,0.074644875841,0.0743875062908,0.000622300983448
4000,0.074644875841,0.0751622894018,0.0749031358511,0
4000,0.0751622894018,0.0756832895021,0.0754223395848,0.0002282607859
4000,0.0756832895021,0.0762079010025,0.0759451422668,0.00098370222866
4000,0.0762079010025,0.0767361489362,0.0764715688439,0.000101511389412
4000,0.0767361489362,0.0772680585096,0.0770016444357,0.000110445160383
4000,0.0772680585096,0.077803655104,0.077535394336,0.000221589007146
4000,0.077803655104,0.0783429642766,0.0780728440138,0.000144967023707
4000,0.0783429642766,0.0788860117619,0.0786140191148,7.96807598355e-06
4000,0.0788860117619,0.0794328234724,0.0791589454624,0
4000,0.0794328234724,0.0799834255007,0.079707649059,0
4000,0.0799834255007,0.0805378441199,0.0802601560873,4.9073433503e-05
4000,0.0805378441199,0.0810961057854,0.0808164929113,0.000616964870499
4000,0.0810961057854,0.0816582371359,0.0813766860779,0
4000,0.0816582371359,0.0822242649947,0.081940762318,0.000583567963322
4000,0.0822242649947,0.0827942163712,0.0825087485479,4.88278636495e-05
4000,0.0827942163712,0.083368118462,0.0830806718702,0.000136545525428
4000,0.083368118462,0.0839459986519,0.0836565595756,0
4000,0.0839459986519,0.084527884516,0.0842364391438,6.33687711948e-05
4000,0.084527884516,0.0851138038202,0.0848203382452,0
4000,0.0851138038202,0.085703784523,0.0854082847419,0.000450939496788
4000,0.085703784523,0.0862978547767,0.0860003066889,0.000507510611446
4000,0.0862978547767,0.0868960429286,0.086596432336,0
4000,0.0868960429286,0.0874983775227,0.0871966901287,0.000755885730924
4000,0.0874983775227,0.0881048873008,0.0878011087097,0.000406267026587
4000,0.0881048873008,0.0887156012038,0.08840971692,0.000242711990724
4000,0.0887156012038,0.0893305483733,0.089022543801,0.000228925085806
4000,0.0893305483733,0.089949758153,0.089639618595,0
4000,0.089949758153,0.0905732600898,0.0902609707471,0
4000,0.0905732600898,0.0912010839356,0.0908866299066,0.000116787195977
4000,0.0912010839356,0.0918332596484,0.0915166259281,0.000179806652434
4000,0.0918332596484,0.0924698173938,0.0921509888735,0
4000,0.0924698173938,0.0931107875468,0.0927897490127,0
4000,0.0931107875468,0.0937562006926,0.0934329368257,0
4000,0.0937562006926,0.0944060876286,0.0940805830037,0
4000,0.0944060876286,0.0950604793656,0.0947327184504,0.000299511716363
4000,0.0950604793656,0.0957194071295,0.0953893742842,0.000337202176793
4000,0.0957194071295,0.0963829023624,0.0960505818387,0
4000,0.0963829023624,0.0970509967245,0.096716372665,0
4000,0.0970509967245,0.0977237220956,0.0973867785329,0.000225097666281
4000,0.0977237220956,0.0984011105761,0.0980618314322,0.000397058961063
4000,0.0984011105761,0.0990831944893,0.0987415635747,0.000296488342383
4000,0.0990831944893,0.0997700063823,0.0994260073953,0.000196333457553
4000,0.0997700063823,0.100461579028,0.100115195554,0.000256732455224
4000,0.100461579028,0.101157945426,0.100809160936,0
4000,0.101157945426,0.101859138805,0.101507936657,0.000183840863129
4000,0.101859138805,0.102565192625,0.10221155606,0.000636705432204
4000,0.102565192625,0.103276140576,0.102920052719,0
4000,0.103276140576,0.103992016583,0.103633460443,0.000356418224424
4000,0.103992016583,0.104712854805,0.104351813273,0.000239396573599
4000,0.104712854805,0.105438689639,0.105075145487,0.000202926294829
4000,0.105438689639,0.10616955572,0.1058034916,0.000502289805437
4000,0.10616955572,0.106905487922,0.106536886367,0.00121665041395
4000,0.106905487922,0.107646521363,0.107275364784,0.000130402971671
4000,0.107646521363,0.108392691402,0.108018962088,0
4000,0.108392691402,0.109144033645,0.108767713763,0.000172797398432
4000,0.109144033645,0.109900583943,0.109521655537,9.02433240467e-05
4000,0.109900583943,0.110662378398,0.110280823385,7.55867478046e-05
4000,0.110662378398,0.111429453359,0.111045253533,0.0007467932583
4000,0.111429453359,0.11220184543,0.111814982458,0.00035333505021
4000,0.11220184543,0.112979591467,0.112590046889,0
4000,0.112979591467,0.113762728582,0.113370483811,0
4000,0.113762728582,0.114551294145,0.114156330462,0.000406204567685
4000,0.114551294145,0.115345325782,0.114947624342,0.00051102355901
4000,0.115345325782,0.116144861384,0.115744403209,0
4000,0.116144861384,0.116949939102,0.116546705084,0.000249073787034
4000,0.116949939102,0.117760597352,0.117354568249,5.49078231819e-06
4000,0.117760597352,0.118576874817,0.118168031254,8.99613760551e-05
4000,0.118576874817,0.119398810446,0.118987132916,0.000260569948287
4000,0.119398810446,0.120226443462,0.119811912319,0.000158334330319
4000,0.120226443462,0.121059813355,0.12064240882,0
4000,0.121059813355,0.121898959892,0.121478662047,6.6650512457e-05
4000,0.121898959892,0.122743923116,0.122320711905,0.000747270353374
4000,0.122743923116,0.123594743344,0.123168598574,0.000304169581667
4000,0.123594743344,0.124451461177,0.124022362512,0.000508133514793
4000,0.124451461177,0.125314117494,0.124882044459,0.000603814724662
4000,0.125314117494,0.126182753459,0.125747685437,0.000148764696459
4000,0.126182753459,0.127057410521,0.126619326751,4.95227648015e-06
4000,0.127057410521,0.127938130416,0.127497009994,0.000820189207392
4000,0.127938130416,0.128824955169,0.128380777047,2.81335308417e-05
4000,0.128824955169,0.129717927098,0.129270670081,0
4000,0.129717927098,0.130617088813,0.130166731558,0.000611194485531
4000,0.130617088813,0.131522483219,0.131069004237,0.00040693136302
4000,0.131522483219,0.132434153519,0.131977531171,1.84044435214e-05
4000,0.132434153519,0.133352143216,0.132892355713,0.00052369976523
4000,0.133352143216,0.134276496114,0.133813521515,1.37680840745e-05
4000,0.134276496114,0.135207256319,0.134741072534,0.000133450436045
4000,0.135207256319,0.136144468247,0.13567505303,0
4000,0.136144468247,0.137088176616,0.136615507569,0.000135486650202
4000,0.137088176616,0.13803842646,0.137562481028,0.000424332061965
4000,0.13803842646,0.138995263121,0.138516018592,0
4000,0.138995263121,0.139958732257,0.139476165764,9.67268877273e-05
4000,0.139958732257,0.140928879842,0.140442968358,0
4000,0.140928879842,0.141905752169,0.141416472507,0
4000,0.141905752169,0.142889395851,0.142396724665,0
4000,0.142889395851,0.143879857826,0.143383771606,0.000390048591037
4000,0.143879857826,0.144877185354,0.144377660429,8.29881272004e-05
4000,0.144877185354,0.145881426028,0.145378438561,0.000643963100261
4000,0.145881426028,0.146892627764,0.146386153755,0.000818209715262
4000,0.146892627764,0.147910838817,0.147400854097,0.000330065848531
4000,0.147910838817,0.148936107771,0.148422588006,1.25542396886e-05
4000,0.148936107771,0.14996848355,0.149451404237,0.00014928588663
4000,0.14996848355,0.151008015416,0.15048735188,0.000277806145489
4000,0.151008015416,0.152054752973,0.15153048037,0.000417650502868
4000,0.152054752973,0.153108746168,0.152580839481,0
4000,0.153108746168,0.154170045295,0.153638479333,0.000225496496114
4000,0.154170045295,0.155238700996,0.154703450395,0.000660550038883
4000,0.155238700996,0.156314764264,0.155775803483,0
4000,0.156314764264,0.157398286447,0.156855589768,0.000806737769011
4000,0.157398286447,0.158489319246,0.157942860774,0.000687834925086
4000,0.158489319246,0.159587914724,0.159037668382,9.37214061753e-05
4000,0.159587914724,0.160694125301,0.160140064834,0.000633893167785
4000,0.160694125301,0.161808003764,0.161250102734,0
4000,0.161808003764,0.162929603264,0.162367835048,1.42310416023e-05
4000,0.162929603264,0.16405897732,0.163493315113,0.000351623902455
4000,0.16405897732,0.165196179823,0.164626596633,0.000388606065969
4000,0.165196179823,0.166341265037,0.165767733685,0.00121909315265
4000,0.166341265037,0.167494287603,0.166916780721,0.000272948680292
4000,0.167494287603,0.168655302539,0.168073792571,7.80530296936e-05
4000,0.168655302539,0.169824365246,0.169238824444,0
4000,0.169824365246,0.171001531509,0.170411931932,0.000747225711905
4000,0.171001531509,0.172186857499,0.171593171012,0.000123611280363
4000,0.172186857499,0.173380399775,0.172782598051,0
4000,0.173380399775,0.174582215292,0.173980269804,0.00016244955955
4000,0.174582215292,0.175792361396,0.175186243421,2.5849844988e-05
4000,0.175792361396,0.177010895832,0.176400576448,0.000143722675697
4000,0.177010895832,0.178237876745,0.177623326829,0.000568227151151
4000,0.178237876745,0.179473362683,0.178854552911,0.000482316560828
4000,0.179473362683,0.180717412601,0.180094313444,0
4000,0.180717412601,0.181970085861,0.181342667587,0.000247934961617
4000,0.181970085861,0.183231442237,0.182599674907,0.00072096329634
4000,0.183231442237,0.184501541918,0.183865395386,0.000415770681919
4000,0.184501541918,0.185780445509,0.185139889421,0.000849054550065
4000,0.185780445509,0.187068214037,0.186423217825,8.44521863056e-05
4000,0.187068214037,0.188364908949,0.187715441838,0.000496742769718
4000,0.188364908949,0.189670592121,0.189016623119,6.58719535808e-05
4000,0.189670592121,0.190985325857,0.190326823758,0.000410683021092
4000,0.190985325857,0.192309172891,0.191646106274,0
4000,0.192309172891,0.193642196395,0.192974533619,0.000163541609545
4000,0.193642196395,0.194984459976,0.194312169183,6.84233883102e-05
4000,0.194984459976,0.196336027684,0.195659076793,9.67585098587e-05
4000,0.196336027684,0.197696964011,0.197015320722,0.0010073277476
4000,0.197696964011,0.199067333899,0.198380965684,0.000145940155465
4000,0.199067333899,0.200447202737,0.199756076844,0.000550183120199
4000,0.200447202737,0.201836636368,0.20114071982,0.000159734464307
4000,0.201836636368,0.203235701094,0.202534960682,0
4000,0.203235701094,0.204644463672,0.203938865961,0
4000,0.204644463672,0.206062991327,0.205352502646,0.000325815989142
4000,0.206062991327,0.207491351745,0.206775938192,0.000528894595644
4000,0.207491351745,0.208929613085,0.208209240522,0.000161969303933
4000,0.208929613085,0.210377843977,0.209652478029,0.000770974074671
4000,0.210377843977,0.211836113525,0.211105719581,0.000824726465434
4000,0.211836113525,0.213304491315,0.212569034522,8.02519706934e-05
4000,0.213304491315,0.214783047413,0.214042492677,0
4000,0.214783047413,0.216271852373,0.215526164357,6.42621680857e-05
4000,0.216271852373,0.217770977235,0.217020120357,0
4000,0.217770977235,0.219280493535,0.218524431965,0.000319305918629
4000,0.219280493535,0.220800473302,0.220039170964,0.000793445591101
4000,0.220800473302,0.222330989065,0.221564409631,0.000954399336203
4000,0.222330989065,0.223872113857,0.223100220748,0.000265430919326
4000,0.223872113857,0.225423921215,0.224646677599,8.64192938324e-05
4000,0.225423921215,0.226986485188,0.226203853977,0.000171995456343
4000,0.226986485188,0.228559880338,0.227771824186,0.000464382647733
4000,0.228559880338,0.230144181741,0.229350663045,0.00036325392748
4000,0.230144181741,0.231739464997,0.230940445892,0
4000,0.231739464997,0.233345806228,0.232541248587,0.000904698132975
4000,0.233345806228,0.234963282085,0.234153147517,0.00021935380907
4000,0.234963282085,0.236591969749,0.235776219596,2.81605704574e-05
4000,0.236591969749,0.238231946936,0.237410542273,6.15052221731e-05
4000,0.238231946936,0.239883291902,0.239056193534,0.000944601406678
4000,0.239883291902,0.241546083444,0.240713251905,0.000795888247056
4000,0.241546083444,0.243220400907,0.242381796455,0.000978998011605
4000,0.243220400907,0.244906324184,0.244061906804,0
4000,0.244906324184,0.246603933723,0.245753663122,0.000256992776765
4000,0.246603933723,0.24831331053,0.247457146133,0.000947245214172
4000,0.24831331053,0.25003453617,0.249172437125,9.16847066178e-05
4000,0.25003453617,0.251767692776,0.250899617947,0.00077187899206
4000,0.251767692776,0.25351286305,0.252638771013,0.000626214008922
4000,0.25351286305,0.255270130266,0.254389979313,0.000565025945391
4000,0.255270130266,0.257039578277,0.256153326409,0.000247572328881
4000,0.257039578277,0.258821291515,0.257928896443,0.00024783146609
4000,0.258821291515,0.260615355,0.25971677414,1.93126187662e-05
4000,0.260615355,0.262421854338,0.261517044814,0.000163750489669
4000,0.262421854338,0.264240875732,0.263329794368,0
4000,0.264240875732,0.26607250598,0.265155109301,0.000427153275004
4000,0.26607250598,0.267916832482,0.266993076713,0.000140977988892
4000,0.267916832482,0.269773943244,0.268843784306,0.000405310521005
4000,0.269773943244,0.271643926884,0.270707320392,0.000193805788301
4000,0.271643926884,0.273526872631,0.272583773893,0.000249851566939
4000,0.273526872631,0.275422870334,0.274473234348,0.000179834139929
4000,0.275422870334,0.277332010465,0.276375791917,0.000400836690358
4000,0.277332010465,0.279254384124,0.278291537385,0.000108625536434
4000,0.279254384124,0.28119008304,0.280220562167,0
4000,0.28119008304,0.28313919958,0.282162958309,0.000635459035461
4000,0.28313919958,0.28510182675,0.284118818498,0.00112908400628
4000,0.28510182675,0.287078058202,0.286088236063,0.000196326588911
4000,0.287078058202,0.289067988237,0.288071304978,0.00023400202875
4000,0.289067988237,0.291071711807,0.290068119869,0.00173013156538
4000,0.291071711807,0.293089324525,0.292078776021,0.000487231355817
4000,0.293089324525,0.295120922667,0.294103369375,7.61317667294e-05
4000,0.295120922667,0.297166603174,0.296141996539,4.30122299149e-05
4000,0.297166603174,0.299226463661,0.298194754793,0
4000,0.299226463661,0.301300602419,0.300261742086,0.000209011566398
4000,0.301300602419,0.303389118419,0.302343057051,0.000189001657861
4000,0.303389118419,0.305492111322,0.304438799002,0.000120570956521
4000,0.305492111322,0.307609681474,0.306549067943,0.000124883159276
4000,0.307609681474,0.309741929922,0.308673964568,0.000299865471183
4000,0.309741929922,0.311888958409,0.310813590274,0
4000,0.311888958409,0.314050869388,0.312968047156,6.35891022121e-05
4000,0.314050869388,0.316227766017,0.31513743802,0.000292275720953
4000,0.316227766017,0.318419752173,0.317321866384,0.000280205245035
4000,0.318419752173,0.320626932451,0.319521436481,0.000156374230797
4000,0.320626932451,0.322849412171,0.32173625327,0
4000,0.322849412171,0.325087297385,0.323966422435,0.00104355164084
4000,0.325087297385,0.327340694879,0.326212050394,0.00142085793118
4000,0.327340694879,0.329609712177,0.328473244303,0.00111912234611
4000,0.329609712177,0.331894457553,0.330750112059,0.000128136831735
4000,0.331894457553,0.334195040026,0.333042762309,0.000172283704091
4000,0.334195040026,0.336511569375,0.335351304451,0.000588577767716
4000,0.336511569375,0.338844156139,0.337675848642,8.16442397918e-05
4000,0.338844156139,0.341192911622,0.340016505804,7.25713284147e-06
4000,0.341192911622,0.3435579479,0.342373387626,0.000433291192402
4000,0.3435579479,0.345939377826,0.344746606573,0.000284699805749
4000,0.345939377826,0.348337315036,0.347136275888,0
4000,0.348337315036,0.350751873953,0.349542509599,0
4000,0.350751873953,0.353183169792,0.351965422525,0.000399492692857
4000,0.353183169792,0.355631318569,0.354405130281,0
4000,0.355631318569,0.358096437103,0.356861749283,0.000268558979538
4000,0.358096437103,0.360578643022,0.359335396755,0
4000,0.360578643022,0.36307805477,0.361826190732,8.52660588062e-05
4000,0.36307805477,0.365594791613,0.364334250068,0.000453985675583
4000,0.365594791613,0.368128973643,0.366859694441,0.000214790679616
4000,0.368128973643,0.370680721783,0.369402644358,0.000266474233242
4000,0.370680721783,0.373250157796,0.371963221162,0
4000,0.373250157796,0.375837404288,0.374541547036,0
4000,0.375837404288,0.378442584717,0.377137745011,0
4000,0.378442584717,0.381065823394,0.379751938971,0.000128028318793
4000,0.381065823394,0.383707245492,0.382384253658,0
4000,0.383707245492,0.386366977054,0.385034814679,0.000171799565308
4000,0.386366977054,0.389045144994,0.38770374851,0
4000,0.389045144994,0.391741877108,0.390391182508,0
4000,0.391741877108,0.394457302075,0.393097244907,7.88054990591e-05
4000,0.394457302075,0.397191549469,0.395822064836,0
4000,0.397191549469,0.399944749761,0.398565772313,0.000255529539498
4000,0.399944749761,0.402717034325,0.401328498263,4.38917161389e-05
4000,0.402717034325,0.405508535448,0.404110374513,0.000247647730539
4000,0.405508535448,0.408319386333,0.406911533809,5.19708201067e-05
4000,0.408319386333,0.411149721105,0.409732109814,0.000701997832364
4000,0.411149721105,0.41399967482,0.412572237117,0.000100651890655
4000,0.41399967482,0.41686938347,0.415432051242,1.62449741047e-06
4000,0.41686938347,0.419758983991,0.418311688651,0.000101792042379
4000,0.419758983991,0.422668614266,0.421211286754,0.000374032096557
4000,0.422668614266,0.425598413134,0.42413098391,0.000196326470922
4000,0.425598413134,0.428548520397,0.427070919441,4.75373957097e-05
4000,0.428548520397,0.431519076828,0.430031233631,0.000446368795956
4000,0.431519076828,0.434510224172,0.433012067738,0.000276395158206
4000,0.434510224172,0.437522105158,0.436013564,0.000402330758453
4000,0.437522105158,0.440554863507,0.439035865641,2.59295098935e-05
4000,0.440554863507,0.443608643931,0.442079116876,0
4000,0.443608643931,0.446683592151,0.44514346292,0.000270396679208
4000,0.446683592151,0.449779854893,0.448229049997,0.000446714803073
4000,0.449779854893,0.452897579904,0.451336025341,0.000353826567359
4000,0.452897579904,0.456036915951,0.45446453721,0.000467126124202
4000,0.456036915951,0.459198012837,0.457614734886,0.000501771099803
4000,0.459198012837,0.462381021399,0.46078676869,9.8400554737e-05
4000,0.462381021399,0.465586093523,0.463980789982,0.00026467644752
4000,0.465586093523,0.468813382145,0.467196951172,0.000846960957044
4000,0.468813382145,0.472063041264,0.470435405726,0.000374821277516
4000,0.472063041264,0.475335225943,0.473696308175,0.000760462860103
4000,0.475335225943,0.478630092323,0.476979814119,0.000115194923691
4000,0.478630092323,0.481947797625,0.48028608024,0.000819836984147
4000,0.481947797625,0.485288500162,0.483615264302,0.000301595996472
4000,0.485288500162,0.488652359343,0.486967525166,0.000130761792686
4000,0.488652359343,0.492039535681,0.490343022792,0.000515820893941
4000,0.492039535681,0.495450190805,0.49374191825,0.000455753045961
4000,0.495450190805,0.49888448746,0.497164373725,0.000247123213938
4000,0.49888448746,0.502342589522,0.500610552529,0.000332614061592
4000,0.502342589522,0.505824662003,0.504080619103,8.53863009747e-05
4000,0.505824662003,0.509330871057,0.507574739029,0.000186057193579
4000,0.509330871057,0.512861383991,0.511093079037,0
4000,0.512861383991,0.516416369272,0.514635807014,0.000602056723316
4000,0.516416369272,0.519995996534,0.518203092007,0.000907057386943
4000,0.519995996534,0.523600436586,0.521795104239,0.000682587536159
4000,0.523600436586,0.527229861423,0.52541201511,0.000143337162739
4000,0.527229861423,0.530884444231,0.52905399721,0
4000,0.530884444231,0.534564359397,0.532721224323,0.000849537023639
4000,0.534564359397,0.538269782516,0.53641387144,4.29459471325e-05
4000,0.538269782516,0.542000890402,0.540132114765,0.000368623178171
4000,0.542000890402,0.545757861091,0.54387613172,0.000503951036866
4000,0.545757861091,0.549540873858,0.547646100962,0
4000,0.549540873858,0.553350109216,0.551442202382,0.0007468401235
4000,0.553350109216,0.557185748932,0.55526461712,0.000125905542441
4000,0.557185748932,0.561047976032,0.559113527571,0.000844827057634
4000,0.561047976032,0.564936974812,0.562989117394,9.7439372793e-05
4000,0.564936974812,0.568852930844,0.566891571523,0.000918668854825
4000,0.568852930844,0.572796030986,0.570821076172,0.000214422523839
4000,0.572796030986,0.576766463392,0.574777818846,5.40670290397e-05
4000,0.576766463392,0.580764417521,0.578761988349,0.00052811311177
4000,0.580764417521,0.584790084144,0.582773774796,0.000247614001591
4000,0.584790084144,0.588843655356,0.586813369619,0.00015697477207
4000,0.588843655356,0.59292532458,0.590880965575,0.000602082409059
4000,0.59292532458,0.597035286584,0.594976756759,0.000220209613661
4000,0.597035286584,0.601173737483,0.599100938611,0
4000,0.601173737483,0.605340874754,0.603253707927,0.000458508260051
4000,0.605340874754,0.60953689724,0.607435262864,0.0004588211733
4000,0.60953689724,0.613762005165,0.611645802955,0.000434837585973
4000,0.613762005165,0.618016400138,0.615885529115,0.000649064257546
4000,0.618016400138,0.622300285169,0.620154643654,0
4000,0.622300285169,0.626613864672,0.624453350281,0.000218028285469
4000,0.626613864672,0.63095734448,0.628781854118,0.000644221339318
4000,0.63095734448,0.635330931852,0.633140361711,0.000394307039947
4000,0.635330931852,0.639734835483,0.637529081035,0
4000,0.639734835483,0.644169265515,0.641948221508,0.000688967642133
4000,0.644169265515,0.648634433548,0.646397994,0.000259928500859
4000,0.648634433548,0.653130552647,0.65087861084,0.000391812167541
4000,0.653130552647,0.657657837355,0.655390285833,0
4000,0.657657837355,0.662216503702,0.659933234264,0.000187627929789
4000,0.662216503702,0.666806769214,0.664507672908,0
4000,0.666806769214,0.671428852926,0.669113820046,0.000370175188407
4000,0.671428852926,0.676082975392,0.673751895471,0.000885702301985
4000,0.676082975392,0.680769358694,0.678422120498,0.000439490166889
4000,0.680769358694,0.685488226453,0.683124717979,0.000275459043563
4000,0.685488226453,0.69023980384,0.687859912309,0
4000,0.69023980384,0.695024317589,0.692627929437,0
4000,0.695024317589,0.699841996002,0.697428996882,0
4000,0.699841996002,0.704693068967,0.702263343736,0.000167923745369
4000,0.704693068967,0.709577767963,0.707131200681,0.000362624770902
4000,0.709577767963,0.714496326076,0.712032799999,0.000368165149976
4000,0.714496326076,0.719448978004,0.71696837558,0
4000,0.719448978004,0.724435960075,0.721938162937,0
4000,0.724435960075,0.729457510255,0.726942399214,0.000424849212885
4000,0.729457510255,0.734513868157,0.7319813232,0
4000,0.734513868157,0.739605275058,0.737055175338,0.000457051332949
4000,0.739605275058,0.744731973906,0.742164197739,0.000545867477724
4000,0.744731973906,0.749894209332,0.747308634191,0.000901418465398
4000,0.749894209332,0.755092227665,0.752488730174,0
4000,0.755092227665,0.76032627694,0.757704732866,0.000101785037283
4000,0.76032627694,0.765596606911,0.762956891162,0
4000,0.765596606911,0.770903469064,0.768245455679,0.000335416019439
4000,0.770903469064,0.776247116629,0.773570678775,9.44246160559e-05
4000,0.776247116629,0.781627804588,0.778932814554,0.000336772389073
4000,0.781627804588,0.787045789695,0.784332118882,0.00014006497083
4000,0.787045789695,0.79250133048,0.7897688494,0.000430335330938
4000,0.79250133048,0.797994687268,0.795243265533,0.00130240262115
4000,0.797994687268,0.803526122186,0.800755628507,0
4000,0.803526122186,0.809095899178,0.806306201355,0
4000,0.809095899178,0.814704284021,0.811895248936,0.000249067481459
4000,0.814704284021,0.82035154433,0.817523037944,0.000132699878993
4000,0.82035154433,0.826037949577,0.823189836921,0.000294302471445
4000,0.826037949577,0.831763771103,0.828895916273,0.000152105021647
4000,0.831763771103,0.837529282127,0.834641548277,0.000109491281905
4000,0.837529282127,0.843334757764,0.8404270071,0.000772675480028
4000,0.843334757764,0.849180475036,0.846252568807,0
4000,0.849180475036,0.855066712885,0.852118511379,0.00158621481675
4000,0.855066712885,0.860993752185,0.858025114723,0
4000,0.860993752185,0.866961875758,0.863972660684,0.000607906148268
4000,0.866961875758,0.872971368388,0.869961433065,0.00116851512208
4000,0.872971368388,0.879022516831,0.875991717633,0.000365728403276
4000,0.879022516831,0.885115609831,0.882063802137,0.00104038771444
4000,0.885115609831,0.891250938134,0.888177976319,0.000208055135443
4000,0.891250938134,0.897428794501,0.894334531933,5.7967979747e-05
4000,0.897428794501,0.903649473722,0.900533762751,0.000218915951322
4000,0.903649473722,0.909913272632,0.906775964584,0.000343743141029
4000,0.909913272632,0.916220490122,0.913061435293,0
4000,0.916220490122,0.922571427155,0.919390474804,0.000534531187902
4000,0.922571427155,0.92896638678,0.925763385121,0
4000,0.92896638678,0.935405674148,0.932180470342,0.000161585902855
4000,0.935405674148,0.941889596523,0.938642036672,0.000645323109788
4000,0.941889596523,0.948418463301,0.945148392441,0.000580189890204
4000,0.948418463301,0.954992586021,0.951699848113,0.00011509615302
4000,0.954992586021,0.961612278384,0.958296716306,5.35524261436e-05
4000,0.961612278384,0.968277856261,0.964939311806,0
4000,0.968277856261,0.974989637717,0.971627951577,0.000668559539939
4000,0.974989637717,0.98174794302,0.978362954785,0.00094485011024
4000,0.98174794302,0.988553094657,0.985144642804,0
4000,0.988553094657,0.995405417352,0.991973339239,0
4000,0.995405417352,1.00230523808,0.998849369937,0.000271376411017
4000,1.00230523808,1.00925288608,1.005773063,0.000122477781939
4000,1.00925288608,1.01624869287,1.01274474881,0.000341074799925
4000,1.01624869287,1.02329299228,1.01976476004,0
4000,1.02329299228,1.03038612044,1.02683343167,0
4000,1.03038612044,1.03752841582,1.03395110098,0
4000,1.03752841582,1.04472021922,1.04111810762,0.000486855525338
4000,1.04472021922,1.05196187382,1.04833479358,0.000328390559813
4000,1.05196187382,1.05925372518,1.05560150322,0.000405601331507
4000,1.05925372518,1.06659612123,1.06291858328,0.000160750074756
4000,1.06659612123,1.07398941234,1.07028638291,0.000302188441342
4000,1.07398941234,1.0814339513,1.07770525369,0.000783867818095
4000,1.0814339513,1.08893009333,1.08517554963,0
4000,1.08893009333,1.09647819614,1.09269762719,0.000395758781584
4000,1.09647819614,1.1040786199,1.1002718453,0
4000,1.1040786199,1.11173172728,1.10789856537,8.77731045458e-05
4000,1.11173172728,1.11943788347,1.11557815135,0
4000,1.11943788347,1.12719745618,1.12331096967,0.000594493978794
4000,1.12719745618,1.13501081567,1.13109738933,0.000198824964814
4000,1.13501081567,1.14287833479,1.13893778188,0.000240505729139
4000,1.14287833479,1.15080038894,1.14683252142,3.04567798849e-05
4000,1.15080038894,1.15877735616,1.15478198469,0.000199507995768
4000,1.15877735616,1.16680961706,1.162786551,0.000134667223408
4000,1.16680961706,1.17489755494,1.17084660232,0.000156527619359
4000,1.17489755494,1.18304155573,1.17896252324,0.000292687342061
4000,1.18304155573,1.19124200803,1.18713470104,4.79154419438e-06
4000,1.19124200803,1.19949930315,1.19536352567,0
4000,1.19949930315,1.20781383511,1.20364938979,0.000361297817637
4000,1.20781383511,1.21618600065,1.21199268877,0.000661575781444
4000,1.21618600065,1.22461619927,1.22039382074,0.000377921938599
4000,1.22461619927,1.23310483323,1.22885318658,0
4000,1.23310483323,1.24165230759,1.23737118994,3.57108908679e-05
4000,1.24165230759,1.25025903022,1.24594823727,0.00088140349102
4000,1.25025903022,1.25892541179,1.25458473786,0
4000,1.25892541179,1.26765186586,1.26328110381,0
4000,1.26765186586,1.27643880881,1.27203775009,0
4000,1.27643880881,1.28528665994,1.28085509454,0.000348377084449
4000,1.28528665994,1.29419584145,1.2897335579,0.000220171294159
4000,1.29419584145,1.30316677845,1.29867356383,0
4000,1.30316677845,1.31219989902,1.30767553892,0.000159531642452
4000,1.31219989902,1.32129563419,1.31673991272,0
4000,1.32129563419,1.33045441798,1.32586711776,9.87430800209e-06
4000,1.33045441798,1.33967668743,1.33505758956,0
4000,1.33967668743,1.34896288259,1.34431176667,0
4000,1.34896288259,1.35831344659,1.35363009067,0
4000,1.35831344659,1.3677288256,1.36301300621,0.000155476670509
4000,1.3677288256,1.37720946889,1.37246096101,0.000413677951764
4000,1.37720946889,1.38675582887,1.3819744059,0.000163976165394
4000,1.38675582887,1.39636836106,1.39155379484,0
4000,1.39636836106,1.40604752413,1.40119958494,0.000633462009257
4000,1.40604752413,1.41579377996,1.41091223646,0.000217294047862
4000,1.41579377996,1.4256075936,1.42069221286,0.000189273718375
4000,1.4256075936,1.43548943335,1.43053998082,0
4000,1.43548943335,1.44543977075,1.44045601025,0.00117667242771
4000,1.44543977075,1.45545908058,1.4504407743,5.07102772865e-05
4000,1.45545908058,1.46554784096,1.46049474944,0.000187755527266
4000,1.46554784096,1.47570653328,1.4706184154,0.000915572698692
4000,1.47570653328,1.48593564229,1.48081225527,0
4000,1.48593564229,1.49623565609,1.49107675545,0.000119102892314
4000,1.49623565609,1.50660706619,1.50141240575,0
4000,1.50660706619,1.51705036746,1.51181969936,0.000233771139817
4000,1.51705036746,1.52756605824,1.52229913288,0
4000,1.52756605824,1.5381546403,1.53285120636,0
4000,1.5381546403,1.54881661891,1.54347642332,0.000276501684417
4000,1.54881661891,1.55955250283,1.55417529077,0.000384527005048
4000,1.55955250283,1.57036280433,1.56494831922,0.000741355858513
4000,1.57036280433,1.58124803927,1.57579602274,0
4000,1.58124803927,1.59220872705,1.58671891895,0.000200485435551
4000,1.59220872705,1.60324539069,1.59771752906,0
4000,1.60324539069,1.61435855683,1.60879237789,0
4000,1.61435855683,1.62554875575,1.6199439939,0
4000,1.62554875575,1.63681652143,1.63117290923,0
4000,1.63681652143,1.64816239153,1.64247965967,0
4000,1.64816239153,1.65958690744,1.65386478477,0
4000,1.65958690744,1.67109061431,1.66532882779,9.11434709451e-05
4000,1.67109061431,1.68267406107,1.67687233575,0.00075676163843
4000,1.68267406107,1.69433780045,1.68849585949,1.19899180657e-05
4000,1.69433780045,1.706082389,1.70019995364,0.000542673369875
4000,1.706082389,1.71790838716,1.7119851767,0.000389249710619
4000,1.71790838716,1.72981635922,1.72385209103,0.000102467895282
4000,1.72981635922,1.74180687339,1.73580126287,6.42550205698e-06
4000,1.74180687339,1.75388050184,1.74783326242,0.000526510903011
4000,1.75388050184,1.76603782069,1.7599486638,0.000473859819154
4000,1.76603782069,1.77827941004,1.77214804514,0.000748957657559
4000,1.77827941004,1.79060585404,1.78443198854,0.0009853486628
4000,1.79060585404,1.80301774086,1.79680108017,0.000706886145537
4000,1.80301774086,1.81551566277,1.80925591025,0.000165255304597
4000,1.81551566277,1.82810021614,1.82179707309,0.000883203656323
4000,1.82810021614,1.84077200147,1.83442516712,0.000239296694539
4000,1.84077200147,1.85353162341,1.84714079491,5.62215335972e-05
4000,1.85353162341,1.86637969083,1.85994456322,0.000246821008971
4000,1.86637969083,1.8793168168,1.87283708302,0
4000,1.8793168168,1.89234361864,1.88581896949,0
4000,1.89234361864,1.90546071796,1.8988908421,0
4000,1.90546071796,1.91866874067,1.9120533246,0.000379942712912
4000,1.91866874067,1.93196831702,1.92530704508,0.000121580953764
4000,1.93196831702,1.94536008162,1.93865263595,0.000249827342966
4000,1.94536008162,1.95884467351,1.95209073404,0.000232611774262
4000,1.95884467351,1.97242273611,1.96562198058,0.000363640671981
4000,1.97242273611,1.98609491736,1.97924702124,0
4000,1.98609491736,1.99986186963,1.99296650616,0.000321826352972
4000,1.99986186963,2.01372424986,2.00678109002,0.000307026761667
4000,2.01372424986,2.02768271952,2.02069143199,0.00014598895641
4000,2.02768271952,2.04173794467,2.03469819585,0.000514383201228
4000,2.04173794467,2.05589059598,2.04880204996,1.8575182852e-05
4000,2.05589059598,2.07014134879,2.06300366731,0
4000,2.07014134879,2.0844908831,2.07730372557,0.000417088127556
4000,2.0844908831,2.09893988362,2.0917029071,0
4000,2.09893988362,2.11348903984,2.10620189899,0.000145324190276
4000,2.11348903984,2.12813904598,2.12080139309,7.90091346114e-05
4000,2.12813904598,2.14289060112,2.13550208605,0
4000,2.14289060112,2.15774440915,2.15030467934,6.06492971976e-05
4000,2.15774440915,2.17270117886,2.16520987931,0.00102339956303
4000,2.17270117886,2.18776162395,2.18021839719,0.000590056219965
4000,2.18776162395,2.20292646305,2.19533094914,0
4000,2.20292646305,2.2181964198,2.2105482563,0
4000,2.2181964198,2.23357222283,2.22587104479,0
4000,2.23357222283,2.24905460584,2.24130004578,9.77043063441e-05
4000,2.24905460584,2.26464430759,2.2568359955,0.000783298160136
4000,2.26464430759,2.280342072,2.27247963527,0.000200570710454
4000,2.280342072,2.29614864811,2.28823171158,0.00055399094238
4000,2.29614864811,2.31206479018,2.30409297606,0
4000,2.31206479018,2.32809125767,2.32006418557,0.000704437899544
4000,2.32809125767,2.34422881532,2.33614610222,0
4000,2.34422881532,2.36047823318,2.35233949339,0
4000,2.36047823318,2.37684028662,2.36864513178,0.000346463403935
4000,2.37684028662,2.39331575641,2.38506379547,0.000619127290078
4000,2.39331575641,2.40990542869,2.40159626789,8.95811726349e-05
4000,2.40990542869,2.42661009508,2.41824333793,0
4000,2.42661009508,2.44343055269,2.43500579995,0
4000,2.44343055269,2.46036760415,2.45188445381,0.000662175702983
4000,2.46036760415,2.47742205763,2.46888010491,6.24252824434e-05
4000,2.47742205763,2.49459472694,2.48599356423,6.18620472321e-05
4000,2.49459472694,2.51188643151,2.50322564838,0.000816723475952
4000,2.51188643151,2.52929799645,2.52057717964,0.000955588821777
4000,2.52929799645,2.54683025259,2.53804898596,0.000319256466407
4000,2.54683025259,2.56448403652,2.55564190106,0
4000,2.56448403652,2.58226019063,2.57335676443,0.000668863484415
4000,2.58226019063,2.60015956317,2.59119442135,0
4000,2.60015956317,2.61818300822,2.60915572301,0.000226742153577
4000,2.61818300822,2.63633138583,2.62724152647,0
4000,2.63633138583,2.65460556198,2.64545269472,0
4000,2.65460556198,2.67300640866,2.66379009677,0.000656372366624
4000,2.67300640866,2.69153480393,2.68225460761,0
4000,2.69153480393,2.71019163189,2.70084710832,0.000115991650871
4000,2.71019163189,2.72897778281,2.7195684861,0
4000,2.72897778281,2.7478941531,2.73841963426,0.000578667748194
4000,2.7478941531,2.76694164541,2.75740145235,0
4000,2.76694164541,2.78612116863,2.77651484611,0
4000,2.78612116863,2.80543363795,2.79576072758,0.000589222257397
4000,2.80543363795,2.82487997492,2.81514001513,0
4000,2.82487997492,2.84446110745,2.83465363349,0.000552642670653
4000,2.84446110745,2.86417796991,2.85430251379,0
4000,2.86417796991,2.88403150313,2.87408759362,0.000500052443087
4000,2.88403150313,2.90402265446,2.89400981707,0.000457513359972
4000,2.90402265446,2.92415237784,2.91407013477,0
4000,2.92415237784,2.9444216338,2.93426950396,0.000386493898636
4000,2.9444216338,2.96483138952,2.95460888848,0
4000,2.96483138952,2.98538261892,2.97508925888,0
4000,2.98538261892,3.00607630263,2.99571159243,0.000620481246448
4000,3.00607630263,3.0269134281,3.01647687316,4.3531812946e-05
4000,3.0269134281,3.04789498963,3.03738609195,0.000549889418849
4000,3.04789498963,3.06902198839,3.05844024651,0
4000,3.06902198839,3.09029543251,3.0796403415,0.000932262914196
4000,3.09029543251,3.11171633711,3.10098738853,0
4000,3.11171633711,3.13328572432,3.12248240622,0.000834714472613
4000,3.13328572432,3.15500462337,3.14412642026,0
4000,3.15500462337,3.17687407065,3.16592046343,0.000473492865655
4000,3.17687407065,3.19889510969,3.1878655757,0.000146284702164
4000,3.19889510969,3.22106879128,3.20996280421,5.23084844797e-05
4000,3.22106879128,3.24339617349,3.2322132034,0.000263442720095
4000,3.24339617349,3.26587832172,3.25461783498,0.0001251809665
4000,3.26587832172,3.28851630876,3.27717776805,0
4000,3.28851630876,3.31131121483,3.29989407911,0.00025326349314
4000,3.31131121483,3.33426412763,3.32276785211,0
4000,3.33426412763,3.35737614243,3.34580017853,0
4000,3.35737614243,3.38064836206,3.36899215741,0
4000,3.38064836206,3.40408189701,3.39234489541,0
4000,3.40408189701,3.42767786546,3.41585950686,0.000457269296296
4000,3.42767786546,3.45143739336,3.43953711381,4.82407868158e-05
4000,3.45143739336,3.47536161443,3.46337884608,0
4000,3.47536161443,3.49945167028,3.48738584135,0
4000,3.49945167028,3.52370871042,3.51155924516,0
4000,3.52370871042,3.54813389234,3.535900211,0
4000,3.54813389234,3.57272838152,3.56040990036,0.000188420589655
4000,3.57272838152,3.59749335156,3.58508948277,0.000290603415348
4000,3.59749335156,3.62242998417,3.60994013586,0
4000,3.62242998417,3.64753946926,3.63496304546,8.14596881662e-05
4000,3.64753946926,3.67282300498,3.66015940558,0.000392488780742
4000,3.67282300498,3.6982817978,3.68553041852,0.000128775763519
4000,3.6982817978,3.72391706255,3.71107729493,0
4000,3.72391706255,3.74973002245,3.73680125382,0
4000,3.74973002245,3.77572190925,3.76270352268,0.000574804627339
4000,3.77572190925,3.80189396321,3.78878533748,0
4000,3.80189396321,3.82824743317,3.81504794279,0.000408173978127
4000,3.82824743317,3.85478357666,3.84149259179,0.000343019707978
4000,3.85478357666,3.88150365991,3.86812054633,0.000113792235267
4000,3.88150365991,3.90840895792,3.89493307704,0
4000,3.90840895792,3.93550075456,3.92193146333,0
4000,3.93550075456,3.96278034255,3.94911699349,0.000131514513548
4000,3.96278034255,3.99024902362,3.97649096475,0.000571124358259
4000,3.99024902362,4.01790810849,4.00405468331,0.000172222904466
4000,4.01790810849,4.04575891697,4.03180946443,0.000276702512673
4000,4.04575891697,4.07380277804,4.05975663252,0.000129965282691
4000,4.07380277804,4.10204102987,4.08789752111,0.00039737971276
4000,4.10204102987,4.1304750199,4.11623347303,0.000736492383007
4000,4.1304750199,4.15910610494,4.14476584038,0.000106121232628
4000,4.15910610494,4.18793565118,4.17349598465,0
4000,4.18793565118,4.21696503429,4.20242527677,0
4000,4.21696503429,4.24619563946,4.23155509717,0.000571799726401
4000,4.24619563946,4.27562886152,4.26088683583,0.000409566112734
4000,4.27562886152,4.30526610492,4.29042189239,0.00083071723809
4000,4.30526610492,4.33510878388,4.32016167618,3.3786324785e-05
4000,4.33510878388,4.3651583224,4.35010760631,0
4000,4.3651583224,4.39541615438,4.3802611117,0.000805848758074
4000,4.39541615438,4.42588372363,4.41062363121,0.000208692323481
4000,4.42588372363,4.45656248398,4.44119661366,0
4000,4.45656248398,4.48745389933,4.47198151789,0.000137866395636
4000,4.48745389933,4.51855944375,4.50297981288,0.000132576650062
4000,4.51855944375,4.5498806015,4.53419297779,0
4000,4.5498806015,4.58141886715,4.56562250202,0.00088366653783
4000,4.58141886715,4.6131757456,4.59726988531,0.000423270734003
4000,4.6131757456,4.64515275223,4.62913663778,0
4000,4.64515275223,4.67735141287,4.66122428002,0.000856475971138
4000,4.67735141287,4.70977326397,4.69353434317,6.25720655116e-05
4000,4.70977326397,4.7424198526,4.72606836898,0
4000,4.7424198526,4.77529273658,4.75882790989,0.00101505154832
4000,4.77529273658,4.8083934845,4.79181452908,0
4000,4.8083934845,4.84172367584,4.8250298006,0
4000,4.84172367584,4.87528490103,4.85847530937,0
4000,4.87528490103,4.90907876153,4.89215265134,0.000253980789245
4000,4.90907876153,4.94310686987,4.9260634335,0
4000,4.94310686987,4.97737084979,4.96020927396,0.000311951755295
4000,4.97737084979,5.01187233627,4.99459180208,8.29355438531e-05
4000,5.01187233627,5.04661297564,5.0292126585,0.000166986043946
4000,5.04661297564,5.08159442561,5.06407349524,0.00122367403807
4000,5.08159442561,5.1168183554,5.09917597575,0.000949912880247
4000,5.1168183554,5.15228644582,5.13452177503,0
4000,5.15228644582,5.18800038929,5.17011257969,0.000133355928892
4000,5.18800038929,5.22396188999,5.20595008802,0
4000,5.22396188999,5.26017266391,5.24203601008,0.000986170654834
4000,5.26017266391,5.29663443892,5.27837206782,0.000442985933865
4000,5.29663443892,5.33334895488,5.31495999507,0.000347198494416
4000,5.33334895488,5.3703179637,5.35180153771,0.000435282343434
4000,5.3703179637,5.40754322946,5.38889845373,0.000284230851935
4000,5.40754322946,5.44502652842,5.42625251329,0
4000,5.44502652842,5.48276964921,5.46386549882,0.000176012443976
4000,5.48276964921,5.52077439281,5.50173920511,0.00104495384579
4000,5.52077439281,5.5590425727,5.53987543939,9.49049513356e-05
4000,5.5590425727,5.59757601495,5.57827602141,0.000310296048974
4000,5.59757601495,5.63637655826,5.61694278356,0.000504471771944
4000,5.63637655826,5.67544605409,5.65587757089,0
4000,5.67544605409,5.71478636672,5.69508224128,0.000676005648693
4000,5.71478636672,5.75439937337,5.73455866546,0.000264930741487
4000,5.75439937337,5.79428696427,5.77430872714,0.000184382862065
4000,5.79428696427,5.83445104274,5.81433432308,0.000360253389386
4000,5.83445104274,5.8748935253,5.85463736321,0.000275491785024
4000,5.8748935253,5.91561634175,5.89521977065,0
4000,5.91561634175,5.95662143529,5.93608348191,0
4000,5.95662143529,5.99791076256,5.97723044689,0.000926333207412
4000,5.99791076256,6.03948629376,6.018662629,0.000845386362454
4000,6.03948629376,6.08135001279,6.06038200527,0
4000,6.08135001279,6.12350391725,6.10239056645,0
4000,6.12350391725,6.16595001861,6.14469031706,6.09610599364e-05
4000,6.16595001861,6.2086903423,6.18728327553,0.000879195671306
4000,6.2086903423,6.25172692776,6.23017147429,0
4000,6.25172692776,6.29506182857,6.27335695984,0
4000,6.29506182857,6.33869711257,6.31684179288,0
4000,6.33869711257,6.38263486191,6.36062804837,0
4000,6.38263486191,6.42687717317,6.40471781569,0.000381665439759
4000,6.42687717317,6.47142615749,6.44911319868,0.00128361372978
4000,6.47142615749,6.51628394061,6.49381631576,0
4000,6.51628394061,6.56145266303,6.53882930005,0.000347013545815
4000,6.56145266303,6.60693448008,6.58415429943,0.000425545872347
4000,6.60693448008,6.65273156202,6.62979347671,0.00036739985781
4000,6.65273156202,6.69884609417,6.67574900964,0.000157338589391
4000,6.69884609417,6.74528027698,6.72202309112,0.000966353621365
4000,6.74528027698,6.79203632617,6.7686179292,0
4000,6.79203632617,6.83911647281,6.81553574727,0
4000,6.83911647281,6.88652296344,6.86277878411,0.000999434983425
4000,6.88652296344,6.93425806017,6.91034929405,0
4000,6.93425806017,6.98232404077,6.95824954701,0
4000,6.98232404077,7.03072319884,7.00648182865,0.000151915217142
4000,7.03072319884,7.07945784384,7.05504844051,0.000104293731964
4000,7.07945784384,7.12853030127,7.10395170003,0.000176069671994
4000,7.12853030127,7.17794291271,7.15319394075,0.000587443265981
4000,7.17794291271,7.22769803602,7.20277751238,0.000884294538263
4000,7.22769803602,7.27779804537,7.25270478091,0
4000,7.27779804537,7.32824533139,7.30297812873,0.00113786518134
4000,7.32824533139,7.37904230129,7.35359995475,0.000176514216639
4000,7.37904230129,7.43019137897,7.40457267451,0
4000,7.43019137897,7.48169500511,7.45589872028,9.92807700767e-05
4000,7.48169500511,7.53355563734,7.5075805412,0.000922516014827
4000,7.53355563734,7.58577575029,7.55962060339,0
4000,7.58577575029,7.63835783578,7.61202139006,0.000448101319038
4000,7.63835783578,7.69130440287,7.66478540163,0.00051926768041
4000,7.69130440287,7.74461797803,7.71791515585,0.000283692508528
4000,7.74461797803,7.79830110523,7.77141318794,0
4000,7.79830110523,7.8523563461,7.82528205067,0.000593079432696
4000,7.8523563461,7.90678628,7.87952431451,0.000198210167835
4000,7.90678628,7.96159350417,7.93414256777,9.03401358505e-05
4000,7.96159350417,8.01678063388,7.98913941667,0
4000,8.01678063388,8.07235030249,8.04451748552,0.000135849721098
4000,8.07235030249,8.12830516164,8.1002794168,4.39158584002e-05
4000,8.12830516164,8.18464788135,8.15642787133,0.000148107216528
4000,8.18464788135,8.24138115013,8.21296552835,8.98642387398e-05
4000,8.24138115013,8.29850767514,8.26989508568,0.000178505848011
4000,8.29850767514,8.35603018231,8.32721925985,0.000703948838622
4000,8.35603018231,8.41395141645,8.38494078622,0.00109662922437
4000,8.41395141645,8.47227414141,8.44306241909,0
4000,8.47227414141,8.53100114018,8.50158693187,0.00156637485055
4000,8.53100114018,8.59013521505,8.5605171172,0.000477436258158
4000,8.59013521505,8.64967918776,8.61985578706,0.000417334986779
4000,8.64967918776,8.70963589956,8.67960577292,0.000124563407653
4000,8.70963589956,8.77000821144,8.73976992591,0
4000,8.77000821144,8.83079900419,8.80035111687,0.00106207456039
4000,8.83079900419,8.89201117858,8.86135223659,0.000608477155389
4000,8.89201117858,8.9536476555,8.92277619588,0.000788400645403
4000,8.9536476555,9.01571137606,8.98462592571,0.000777495009297
4000,9.01571137606,9.07820530178,9.04690437738,0.000562005909126
4000,9.07820530178,9.1411324147,9.10961452266,0.000777451743492
4000,9.1411324147,9.20449571753,9.1727593539,0.00155849961568
4000,9.20449571753,9.26829823379,9.2363418842,0
4000,9.26829823379,9.33254300797,9.30036514754,0
4000,9.33254300797,9.39723310565,9.36483219894,0.000551041849709
4000,9.39723310565,9.46237161366,9.4297461146,9.71607400686e-05
4000,9.46237161366,9.52796164024,9.49510999202,0.000212209783766
4000,9.52796164024,9.59400631516,9.5609269502,0.000567326073084
4000,9.59400631516,9.6605087899,9.62720012973,0.00134304862861
4000,9.6605087899,9.72747223777,9.693932693,0.00196066178307
4000,9.72747223777,9.79489985409,9.7611278243,0.000371145308451
4000,9.79489985409,9.86279485631,9.82878873,0
4000,9.86279485631,9.93116048421,9.89691863869,0.000579436518141
4000,9.93116048421,10,9.96552080135,0.419944647393
4200,0.01,0.0100693166885,0.0100345984915,0
4200,0.0100693166885,0.0101391138574,0.0101041550053,0
4200,0.0101391138574,0.0102093948371,0.0101741936618,0
4200,0.0102093948371,0.0102801629813,0.0102447178031,0
4200,0.0102801629813,0.0103514216668,0.0103157307944,0
4200,0.0103514216668,0.0104231742939,0.0103872360242,0
4200,0.0104231742939,0.0104954242865,0.0104592369046,0
4200,0.0104954242865,0.0105681750921,0.0105317368713,0
4200,0.0105681750921,0.0106414301822,0.0106047393837,0
4200,0.0106414301822,0.0107151930524,0.0106782479254,0
4200,0.0107151930524,0.0107894672223,0.0107522660039,0
4200,0.0107894672223,0.0108642562362,0.0108267971513,0
4200,0.0108642562362,0.0109395636627,0.0109018449239,0
4200,0.0109395636627,0.0110153930954,0.0109774129027,0
4200,0.0110153930954,0.0110917481526,0.0110535046938,0
4200,0.0110917481526,0.0111686324778,0.011130123928,0
4200,0.0111686324778,0.0112460497397,0.0112072742614,0
4200,0.0112460497397,0.0113240036324,0.0112849593753,0
4200,0.0113240036324,0.0114024978756,0.0113631829767,0
4200,0.0114024978756,0.011481536215,0.0114419487982,0
4200,0.011481536215,0.0115611224219,0.0115212605983,0
4200,0.0115611224219,0.0116412602941,0.0116011221615,0
4200,0.0116412602941,0.0117219536555,0.0116815372986,0
4200,0.0117219536555,0.0118032063565,0.0117625098468,0
4200,0.0118032063565,0.0118850222744,0.01184404367,0
4200,0.0118850222744,0.0119674053131,0.0119261426586,0
4200,0.0119674053131,0.0120503594037,0.0120088107301,0
4200,0.0120503594037,0.0121338885046,0.0120920518294,0
4200,0.0121338885046,0.0122179966016,0.0121758699285,0
4200,0.0122179966016,0.0123026877081,0.0122602690268,0
4200,0.0123026877081,0.0123879658653,0.0123452531517,0
4200,0.0123879658653,0.0124738351424,0.0124308263584,0
4200,0.0124738351424,0.0125602996369,0.0125169927303,0
4200,0.0125602996369,0.0126473634747,0.0126037563789,0
4200,0.0126473634747,0.0127350308102,0.0126911214445,0
4200,0.0127350308102,0.0128233058266,0.0127790920957,0
4200,0.0128233058266,0.0129121927361,0.0128676725303,0
4200,0.0129121927361,0.0130016957803,0.0129568669752,0
4200,0.0130016957803,0.01309181923,0.0130466796864,0
4200,0.01309181923,0.0131825673856,0.0131371149496,0
4200,0.0131825673856,0.0132739445773,0.0132281770801,0
4200,0.0132739445773,0.0133659551655,0.0133198704231,0
4200,0.0133659551655,0.0134586035406,0.0134121993541,0
4200,0.0134586035406,0.0135518941235,0.0135051682786,0
4200,0.0135518941235,0.0136458313659,0.0135987816328,0
4200,0.0136458313659,0.0137404197501,0.0136930438839,0
4200,0.0137404197501,0.0138356637897,0.0137879595297,0
4200,0.0138356637897,0.0139315680295,0.0138835330993,0
4200,0.0139315680295,0.0140281370456,0.0139797691532,0
4200,0.0140281370456,0.0141253754462,0.0140766722836,0
4200,0.0141253754462,0.0142232878712,0.0141742471144,0
4200,0.0142232878712,0.0143218789927,0.0142724983016,0
4200,0.0143218789927,0.0144211535152,0.0143714305336,0
4200,0.0144211535152,0.0145211161759,0.0144710485309,0
4200,0.0145211161759,0.0146217717446,0.0145713570473,0
4200,0.0146217717446,0.0147231250243,0.0146723608691,0
4200,0.0147231250243,0.0148251808515,0.0147740648159,0
4200,0.0148251808515,0.0149279440958,0.0148764737408,0
4200,0.0149279440958,0.0150314196609,0.0149795925304,0
4200,0.0150314196609,0.0151356124844,0.0150834261054,0
4200,0.0151356124844,0.015240527538,0.0151879794203,0
4200,0.015240527538,0.015346169828,0.0152932574642,0
4200,0.015346169828,0.0154525443954,0.0153992652606,0
4200,0.0154525443954,0.0155596563161,0.0155060078679,0
4200,0.0155596563161,0.0156675107011,0.0156134903797,0
4200,0.0156675107011,0.015776112697,0.0157217179246,0
4200,0.015776112697,0.015885467486,0.0158306956671,0
4200,0.015885467486,0.0159955802861,0.0159404288071,0
4200,0.0159955802861,0.0161064563518,0.016050922581,0
4200,0.0161064563518,0.0162181009736,0.0161621822611,0
4200,0.0162181009736,0.0163305194789,0.0162742131564,0
4200,0.0163305194789,0.0164437172321,0.0163870206128,0
4200,0.0164437172321,0.0165576996347,0.0165006100132,0
4200,0.0165576996347,0.0166724721255,0.0166149867777,0
4200,0.0166724721255,0.0167880401812,0.016730156364,0
4200,0.0167880401812,0.0169044093164,0.0168461242677,0
4200,0.0169044093164,0.0170215850839,0.0169628960226,0
4200,0.0170215850839,0.0171395730751,0.0170804772006,0
4200,0.0171395730751,0.0172583789199,0.0171988734124,0
4200,0.0172583789199,0.0173780082875,0.0173180903075,0
4200,0.0173780082875,0.0174984668862,0.0174381335747,0
4200,0.0174984668862,0.0176197604641,0.017559008942,0
4200,0.0176197604641,0.0177418948089,0.0176807221773,0
4200,0.0177418948089,0.0178648757485,0.0178032790885,0
4200,0.0178648757485,0.0179887091513,0.0179266855237,0
4200,0.0179887091513,0.0181134009262,0.0180509473713,0
4200,0.0181134009262,0.0182389570232,0.018176070561,0
4200,0.0182389570232,0.0183653834335,0.0183020610631,0
4200,0.0183653834335,0.0184926861898,0.0184289248897,0
4200,0.0184926861898,0.0186208713666,0.0185566680943,0
4200,0.0186208713666,0.0187499450807,0.0186852967726,0
4200,0.0187499450807,0.018879913491,0.0188148170622,0
4200,0.018879913491,0.0190107827992,0.0189452351436,0
4200,0.0190107827992,0.0191425592502,0.0190765572399,0
4200,0.0191425592502,0.0192752491319,0.0192087896175,0
4200,0.0192752491319,0.0194088587759,0.0193419385862,0
4200,0.0194088587759,0.0195433945578,0.0194760104994,0
4200,0.0195433945578,0.0196788628971,0.0196110117548,0
4200,0.0196788628971,0.0198152702581,0.0197469487941,0
4200,0.0198152702581,0.0199526231497,0.019883828104,0
4200,0.0199526231497,0.0200909281261,0.0200216562159,0
4200,0.0200909281261,0.0202301917868,0.0201604397066,0
4200,0.0202301917868,0.0203704207771,0.0203001851986,0
4200,0.0203704207771,0.0205116217883,0.02044089936,0
4200,0.0205116217883,0.0206538015581,0.0205825889054,0
4200,0.0206538015581,0.020796966871,0.0207252605958,0
4200,0.020796966871,0.0209411245585,0.0208689212391,0
4200,0.0209411245585,0.0210862814993,0.0210135776905,0
4200,0.0210862814993,0.02123244462,0.0211592368524,0
4200,0.02123244462,0.021379620895,0.0213059056754,0
4200,0.021379620895,0.0215278173472,0.0214535911582,0
4200,0.0215278173472,0.0216770410482,0.0216023003477,0
4200,0.0216770410482,0.0218272991184,0.0217520403402,0
4200,0.0218272991184,0.0219785987278,0.0219028182807,0
4200,0.0219785987278,0.0221309470961,0.0220546413639,0
4200,0.0221309470961,0.0222843514927,0.0222075168345,0
4200,0.0222843514927,0.0224388192378,0.0223614519872,0
4200,0.0224388192378,0.0225943577022,0.0225164541674,0
4200,0.0225943577022,0.0227509743077,0.0226725307715,0
4200,0.0227509743077,0.0229086765277,0.0228296892468,0
4200,0.0229086765277,0.0230674718872,0.0229879370926,0
4200,0.0230674718872,0.0232273679636,0.0231472818602,0
4200,0.0232273679636,0.0233883723866,0.0233077311528,0
4200,0.0233883723866,0.023550492839,0.0234692926269,0
4200,0.023550492839,0.0237137370566,0.0236319739915,0
4200,0.0237137370566,0.0238781128291,0.0237957830096,0
4200,0.0238781128291,0.0240436280001,0.0239607274975,0
4200,0.0240436280001,0.0242102904674,0.0241268153259,0
4200,0.0242102904674,0.0243781081837,0.0242940544202,0
4200,0.0243781081837,0.0245470891569,0.0244624527605,0
4200,0.0245470891569,0.0247172414502,0.0246320183824,0
4200,0.0247172414502,0.0248885731828,0.0248027593769,0
4200,0.0248885731828,0.0250610925303,0.0249746838915,0
4200,0.0250610925303,0.0252348077248,0.02514780013,0
4200,0.0252348077248,0.0254097270555,0.0253221163528,0
4200,0.0254097270555,0.0255858588691,0.025497640878,0
4200,0.0255858588691,0.02576321157,0.0256743820811,0
4200,0.02576321157,0.0259417936212,0.0258523483956,0
4200,0.0259417936212,0.026121613544,0.0260315483137,1.80021114228e-05
4200,0.026121613544,0.026302679919,0.0262119903864,0
4200,0.026302679919,0.0264850013861,0.0263936832237,0
4200,0.0264850013861,0.0266685866452,0.0265766354955,0
4200,0.0266685866452,0.0268534444566,0.026760855932,0
4200,0.0268534444566,0.0270395836411,0.0269463533235,0
4200,0.0270395836411,0.0272270130808,0.0271331365215,0
4200,0.0272270130808,0.0274157417193,0.0273212144388,3.42198690186e-05
4200,0.0274157417193,0.0276057785622,0.0275105960499,0
4200,0.0276057785622,0.0277971326776,0.0277012903916,0
4200,0.0277971326776,0.0279898131963,0.0278933065634,0
4200,0.0279898131963,0.0281838293126,0.0280866537277,0
4200,0.0281838293126,0.0283791902844,0.0282813411105,0
4200,0.0283791902844,0.0285759054337,0.0284773780017,0
4200,0.0285759054337,0.0287739841474,0.0286747737558,0
4200,0.0287739841474,0.028973435877,0.0288735377919,3.39618881803e-05
4200,0.028973435877,0.02917427014,0.0290736795944,0
4200,0.02917427014,0.0293764965196,0.0292752087137,0
4200,0.0293764965196,0.0295801246655,0.0294781347661,0
4200,0.0295801246655,0.0297851642943,0.0296824674346,0
4200,0.0297851642943,0.0299916251899,0.0298882164696,6.49599799906e-07
4200,0.0299916251899,0.030199517204,0.0300953916887,0
4200,0.030199517204,0.0304088502568,0.0303040029779,0
4200,0.0304088502568,0.0306196343369,0.0305140602914,3.46756317062e-06
4200,0.0306196343369,0.0308318795025,0.0307255736527,0
4200,0.0308318795025,0.0310455958813,0.0309385531545,3.76237019002e-05
4200,0.0310455958813,0.0312607936712,0.0311530089597,0
4200,0.0312607936712,0.031477483141,0.0313689513016,1.0444384721e-05
4200,0.031477483141,0.0316956746304,0.0315863904842,0
4200,0.0316956746304,0.031915378551,0.0318053368833,0
4200,0.031915378551,0.0321366053864,0.0320258009463,0
4200,0.0321366053864,0.032359365693,0.0322477931932,0
4200,0.032359365693,0.0325836701002,0.0324713242168,0
4200,0.0325836701002,0.0328095293113,0.0326964046834,0
4200,0.0328095293113,0.0330369541037,0.0329230453333,9.35508437557e-06
4200,0.0330369541037,0.0332659553294,0.0331512569812,1.05347631027e-06
4200,0.0332659553294,0.0334965439158,0.0333810505166,8.92343897654e-06
4200,0.0334965439158,0.0337287308659,0.0336124369047,2.90795677402e-05
4200,0.0337287308659,0.033962527259,0.0338454271866,3.38669452119e-05
4200,0.033962527259,0.0341979442514,0.03408003248,0
4200,0.0341979442514,0.0344349930763,0.0343162639796,0
4200,0.0344349930763,0.0346736850453,0.0345541329578,2.99905133353e-05
4200,0.0346736850453,0.0349140315479,0.0347936507649,1.96243523804e-05
4200,0.0349140315479,0.0351560440528,0.0350348288302,0
4200,0.0351560440528,0.0353997341083,0.0352776786619,7.99442862256e-06
4200,0.0353997341083,0.0356451133426,0.0355222118482,9.47945017849e-05
4200,0.0356451133426,0.0358921934645,0.0357684400576,3.44282869497e-05
4200,0.0358921934645,0.036140986264,0.0360163750395,7.17634131788e-05
4200,0.036140986264,0.0363915036127,0.0362660286245,5.51004195372e-05
4200,0.0363915036127,0.0366437574648,0.0365174127255,4.9290841811e-06
4200,0.0366437574648,0.036897759857,0.0367705393378,4.5728015729e-05
4200,0.036897759857,0.0371535229097,0.03702542054,1.6608207529e-05
4200,0.0371535229097,0.0374110588272,0.0372820684943,1.9417550038e-05
4200,0.0374110588272,0.0376703798984,0.0375404954472,1.4208164626e-05
4200,0.0376703798984,0.0379314984974,0.0378007137302,6.45246741475e-05
4200,0.0379314984974,0.038194427084,0.0380627357601,6.2164310148e-05
4200,0.038194427084,0.0384591782045,0.03832657404,1.10600606892e-06
4200,0.0384591782045,0.0387257644922,0.0385922411595,0.000104137760431
4200,0.0387257644922,0.0389941986677,0.0388597497954,6.15032682466e-05
4200,0.0389941986677,0.03926449354,0.0391291127127,0
4200,0.03926449354,0.0395366620068,0.0394003427645,8.87865188791e-05
4200,0.0395366620068,0.0398107170553,0.0396734528932,4.46886335683e-05
4200,0.0398107170553,0.0400866717627,0.0399484561308,0.000153889926937
4200,0.0400866717627,0.0403645392968,0.0402253655999,8.799971885e-05
4200,0.0403645392968,0.0406443329165,0.0405041945136,4.42356315874e-05
4200,0.0406443329165,0.040926065973,0.0407849561771,4.17998808478e-05
4200,0.040926065973,0.0412097519097,0.0410676639875,0.000225147592341
4200,0.0412097519097,0.0414954042634,0.0413523314348,1.69325714619e-05
4200,0.0414954042634,0.0417830366647,0.0416389721025,4.62266950645e-05
4200,0.0417830366647,0.0420726628384,0.0419275996685,2.30204330441e-05
4200,0.0420726628384,0.042364296605,0.0422182279051,4.07411414439e-05
4200,0.042364296605,0.0426579518802,0.0425108706805,7.35675910615e-05
4200,0.0426579518802,0.0429536426765,0.0428055419586,5.86866415663e-05
4200,0.0429536426765,0.0432513831035,0.0431022558005,0.000120013818595
4200,0.0432513831035,0.0435511873686,0.0434010263645,4.6436430221e-05
4200,0.0435511873686,0.0438530697775,0.0437018679071,0.000113954508675
4200,0.0438530697775,0.0441570447353,0.0440047947836,0.000150903976721
4200,0.0441570447353,0.0444631267469,0.0443098214489,0.000143372635582
4200,0.0444631267469,0.0447713304176,0.0446169624581,0.000189277859405
4200,0.0447713304176,0.0450816704541,0.044926232467,0.000101220753418
4200,0.0450816704541,0.045394161665,0.0452376462332,0.000326316538035
4200,0.045394161665,0.0457088189615,0.0455512186166,6.91670304886e-05
4200,0.0457088189615,0.0460256573581,0.0458669645798,9.26319712266e-05
4200,0.0460256573581,0.0463446919736,0.0461848991895,0.000200778122294
4200,0.0463446919736,0.0466659380314,0.0465050376167,9.50590601395e-05
4200,0.0466659380314,0.0469894108605,0.0468273951374,0.000194079455054
4200,0.0469894108605,0.0473151258961,0.0471519871336,0.00022783650824
4200,0.0473151258961,0.0476430986805,0.0474788290942,0.000191166704104
4200,0.0476430986805,0.0479733448637,0.0478079366149,0.00028341748993
4200,0.0479733448637,0.048305880204,0.0481393254,0.00022503833341
4200,0.048305880204,0.0486407205691,0.0484730112624,0.000176338177759
4200,0.0486407205691,0.0489778819368,0.0488090101248,0.000121693040694
4200,0.0489778819368,0.0493173803955,0.0491473380199,0.000312248173753
4200,0.0493173803955,0.049659232145,0.049488011092,0.00028152511481
4200,0.049659232145,0.0500034534977,0.0498310455971,0.000301101442956
4200,0.0500034534977,0.0503500608788,0.0501764579037,0.000521422802558
4200,0.0503500608788,0.0506990708275,0.050524264494,0.000251518123005
4200,0.0506990708275,0.0510504999975,0.0508744819645,0.000494475439762
4200,0.0510504999975,0.0514043651582,0.0512271270265,0.000263050691671
4200,0.0514043651582,0.0517606831951,0.0515822165072,0.000244838689797
4200,0.0517606831951,0.0521194711105,0.0519397673507,0.000306352724778
4200,0.0521194711105,0.052480746025,0.0522997966182,0.000282752454733
4200,0.052480746025,0.0528445251775,0.0526623214894,0.000360538083065
4200,0.0528445251775,0.0532108259267,0.0530273592629,0.000212041035611
4200,0.0532108259267,0.0535796657513,0.0533949273574,0.00021751939138
4200,0.0535796657513,0.0539510622515,0.0537650433122,0.000268727743978
4200,0.0539510622515,0.0543250331492,0.0541377247883,0.000453203054629
4200,0.0543250331492,0.0547015962894,0.0545129895689,0.000111128655639
4200,0.0547015962894,0.0550807696405,0.0548908555607,0.000199149396094
4200,0.0550807696405,0.0554625712958,0.0552713407944,8.37076772623e-05
4200,0.0554625712958,0.0558470194737,0.0556544634258,0.000264866420711
4200,0.0558470194737,0.056234132519,0.0560402417364,0.000314081373085
4200,0.056234132519,0.0566239289038,0.0564286941345,0.000237153730139
4200,0.0566239289038,0.0570164272281,0.056819839156,9.2146631553e-05
4200,0.0570164272281,0.0574116462207,0.0572136954652,0.000357768072894
4200,0.0574116462207,0.0578096047406,0.057610281856,0.000314403305137
4200,0.0578096047406,0.0582103217771,0.0580096172523,0.000220911466693
4200,0.0582103217771,0.0586138164514,0.0584117207093,0.000352908731851
4200,0.0586138164514,0.0590201080172,0.0588166114143,0.000257929817849
4200,0.0590201080172,0.0594292158616,0.0592243086876,0.000314909666157
4200,0.0594292158616,0.059841159506,0.0596348319834,0.000236710345174
4200,0.059841159506,0.0602559586074,0.0600482008908,0.000195779934749
4200,0.0602559586074,0.0606736329589,0.0604644351345,0.000392346922591
4200,0.0606736329589,0.0610942024906,0.0608835545761,0.000435091695259
4200,0.0610942024906,0.061517687271,0.061305579215,0.000414772078558
4200,0.061517687271,0.0619441075077,0.0617305291889,0.000297987411841
4200,0.0619441075077,0.0623734835482,0.0621584247753,0.000413782769973
4200,0.0623734835482,0.0628058358813,0.0625892863921,0.000389106343659
4200,0.0628058358813,0.0632411851376,0.0630231345991,0.000291328328434
4200,0.0632411851376,0.0636795520908,0.0634599900981,0.000395297393363
4200,0.0636795520908,0.0641209576585,0.0638998737348,0.00063271275187
4200,0.0641209576585,0.0645654229035,0.0643428064992,0.000147494923223
4200,0.0645654229035,0.0650129690343,0.0647888095269,0.000142940691909
4200,0.0650129690343,0.0654636174067,0.0652379040998,0.000460751288902
4200,0.0654636174067,0.0659173895244,0.0656901116476,0.000161004130876
4200,0.0659173895244,0.0663743070402,0.0661454537484,0.000383956976985
4200,0.0663743070402,0.0668343917569,0.0666039521298,0.000163227439197
4200,0.0668343917569,0.0672976656284,0.0670656286702,0.000273282008957
4200,0.0672976656284,0.0677641507611,0.0675305053995,0.000456616407569
4200,0.0677641507611,0.0682338694142,0.0679986045003,0.000362912565928
4200,0.0682338694142,0.0687068440014,0.0684699483091,0.000328837695494
4200,0.0687068440014,0.0691830970919,0.0689445593171,0.000301381682075
4200,0.0691830970919,0.0696626514111,0.0694224601714,0.000505433197791
4200,0.0696626514111,0.070145529842,0.0699036736762,0.000425669347465
4200,0.070145529842,0.0706317554263,0.0703882227936,0.000145981671884
4200,0.0706317554263,0.0711213513653,0.0708761306451,0.000230193535712
4200,0.0711213513653,0.0716143410213,0.0713674205122,0.000412217654149
4200,0.0716143410213,0.0721107479183,0.071862115838,0.000398479380048
4200,0.0721107479183,0.0726105957435,0.072360240228,0.000479211860191
4200,0.0726105957435,0.0731139083483,0.0728618174513,0.000379234308315
4200,0.0731139083483,0.0736207097495,0.0733668714418,0.000417676268529
4200,0.0736207097495,0.0741310241301,0.0738754262994,0.000372043806348
4200,0.0741310241301,0.074644875841,0.0743875062908,0.000394873480581
4200,0.074644875841,0.0751622894018,0.0749031358511,0.00065697710325
4200,0.0751622894018,0.0756832895021,0.0754223395848,0.000378923330008
4200,0.0756832895021,0.0762079010025,0.0759451422668,0.000280505757019
4200,0.0762079010025,0.0767361489362,0.0764715688439,0.000175125826689
4200,0.0767361489362,0.0772680585096,0.0770016444357,0.000519866843391
4200,0.0772680585096,0.077803655104,0.077535394336,0.000630464514003
4200,0.077803655104,0.0783429642766,0.0780728440138,0.00066245001845
4200,0.0783429642766,0.0788860117619,0.0786140191148,0.000424336402415
4200,0.0788860117619,0.0794328234724,0.0791589454624,0.000706151429044
4200,0.0794328234724,0.0799834255007,0.079707649059,0.000425712094444
4200,0.0799834255007,0.0805378441199,0.0802601560873,0.000456826322529
4200,0.0805378441199,0.0810961057854,0.0808164929113,0.000674373738413
4200,0.0810961057854,0.0816582371359,0.0813766860779,0.000765081541124
4200,0.0816582371359,0.0822242649947,0.081940762318,0.000260235281179
4200,0.0822242649947,0.0827942163712,0.0825087485479,0.000367075016687
4200,0.0827942163712,0.083368118462,0.0830806718702,0.00065880396295
4200,0.083368118462,0.0839459986519,0.0836565595756,0.000510596213084
4200,0.0839459986519,0.084527884516,0.0842364391438,0.000176185587577
4200,0.084527884516,0.0851138038202,0.0848203382452,0.000461722265401
4200,0.0851138038202,0.085703784523,0.0854082847419,0.000711641129839
4200,0.085703784523,0.0862978547767,0.0860003066889,0.000600643586066
4200,0.0862978547767,0.0868960429286,0.086596432336,0.000547881512881
4200,0.0868960429286,0.0874983775227,0.0871966901287,0.000480037457842
4200,0.0874983775227,0.0881048873008,0.0878011087097,0.000342896280243
4200,0.0881048873008,0.0887156012038,0.08840971692,0.000229886992262
4200,0.0887156012038,0.0893305483733,0.089022543801,0.000395457280958
4200,0.0893305483733,0.089949758153,0.089639618595,0.000398596463559
4200,0.089949758153,0.0905732600898,0.0902609707471,0.000375603935031
4200,0.0905732600898,0.0912010839356,0.0908866299066,0.000578352577275
4200,0.0912010839356,0.0918332596484,0.0915166259281,0.000670243561937
4200,0.0918332596484,0.0924698173938,0.0921509888735,0.00060624132961
4200,0.0924698173938,0.0931107875468,0.0927897490127,0.000376094105733
4200,0.0931107875468,0.0937562006926,0.0934329368257,0.000484514560291
4200,0.0937562006926,0.0944060876286,0.0940805830037,0.000489308127826
4200,0.0944060876286,0.0950604793656,0.0947327184504,0.000275919352285
4200,0.0950604793656,0.0957194071295,0.0953893742842,0.000270862907488
4200,0.0957194071295,0.0963829023624,0.0960505818387,0.000340140785036
4200,0.0963829023624,0.0970509967245,0.096716372665,0.000508796377304
4200,0.0970509967245,0.0977237220956,0.0973867785329,0.000644372129475
4200,0.0977237220956,0.0984011105761,0.0980618314322,0.00032418520635
4200,0.0984011105761,0.0990831944893,0.0987415635747,0.00060275830573
4200,0.0990831944893,0.0997700063823,0.0994260073953,0.000181887345641
4200,0.0997700063823,0.100461579028,0.100115195554,0.000683835821014
4200,0.100461579028,0.101157945426,0.100809160936,0.000268863239752
4200,0.101157945426,0.101859138805,0.101507936657,0.000421519378035
4200,0.101859138805,0.102565192625,0.10221155606,0.000423510506333
4200,0.102565192625,0.103276140576,0.102920052719,0.000326524623602
4200,0.103276140576,0.103992016583,0.103633460443,0.000559035096686
4200,0.103992016583,0.104712854805,0.104351813273,0.000382229759589
4200,0.104712854805,0.105438689639,0.105075145487,0.000380854547917
4200,0.105438689639,0.10616955572,0.1058034916,0.000666155442412
4200,0.10616955572,0.106905487922,0.106536886367,0.000231314397903
4200,0.106905487922,0.107646521363,0.107275364784,0.000230603185466
4200,0.107646521363,0.108392691402,0.108018962088,0.000365428807513
4200,0.108392691402,0.109144033645,0.108767713763,0.000781698227388
4200,0.109144033645,0.109900583943,0.109521655537,0.000463822643653
4200,0.109900583943,0.110662378398,0.110280823385,0.00037602640788
4200,0.110662378398,0.111429453359,0.111045253533,0.000626829314379
4200,0.111429453359,0.11220184543,0.111814982458,0.00036922685062
4200,0.11220184543,0.112979591467,0.112590046889,0.00056559675955
4200,0.112979591467,0.113762728582,0.113370483811,0.000329747360766
4200,0.113762728582,0.114551294145,0.114156330462,0.000389450287844
4200,0.114551294145,0.115345325782,0.114947624342,0.000347538691795
4200,0.115345325782,0.116144861384,0.115744403209,0.000576038800431
4200,0.116144861384,0.116949939102,0.116546705084,0.00031770394038
4200,0.116949939102,0.117760597352,0.117354568249,0.000248719507385
4200,0.117760597352,0.118576874817,0.118168031254,0.000811141962087
4200,0.118576874817,0.119398810446,0.118987132916,0.000513377406722
4200,0.119398810446,0.120226443462,0.119811912319,0.000598671586867
4200,0.120226443462,0.121059813355,0.12064240882,0.00029585497042
4200,0.121059813355,0.121898959892,0.121478662047,0.000363114371828
4200,0.121898959892,0.122743923116,0.122320711905,0.000291519730036
4200,0.122743923116,0.123594743344,0.123168598574,0.000436982767447
4200,0.123594743344,0.124451461177,0.124022362512,0.000814898507371
4200,0.124451461177,0.125314117494,0.124882044459,0.000499399753737
4200,0.125314117494,0.126182753459,0.125747685437,0.000579310624281
4200,0.126182753459,0.127057410521,0.126619326751,0.000690077210849
4200,0.127057410521,0.127938130416,0.127497009994,0.000264730481033
4200,0.127938130416,0.128824955169,0.128380777047,0.000567469887818
4200,0.128824955169,0.129717927098,0.129270670081,0.000791105407806
4200,0.129717927098,0.130617088813,0.130166731558,0.000930891316359
4200,0.130617088813,0.131522483219,0.131069004237,0.000553977564591
4200,0.131522483219,0.132434153519,0.131977531171,0.000391475128067
4200,0.132434153519,0.133352143216,0.132892355713,0.000479648882967
4200,0.133352143216,0.134276496114,0.133813521515,0.000364493309916
4200,0.134276496114,0.135207256319,0.134741072534,0.000409322872839
4200,0.135207256319,0.136144468247,0.13567505303,0.000486082409439
4200,0.136144468247,0.137088176616,0.136615507569,0.000618613825118
4200,0.137088176616,0.13803842646,0.137562481028,0.00064436650858
4200,0.13803842646,0.138995263121,0.138516018592,0.000368951670674
4200,0.138995263121,0.139958732257,0.139476165764,0.000610134056355
4200,0.139958732257,0.140928879842,0.140442968358,0.000375348495138
4200,0.140928879842,0.141905752169,0.141416472507,0.000438404166971
4200,0.141905752169,0.142889395851,0.142396724665,0.000407720079825
4200,0.142889395851,0.143879857826,0.143383771606,0.000558587514701
4200,0.143879857826,0.144877185354,0.144377660429,0.000440743885156
4200,0.144877185354,0.145881426028,0.145378438561,0.000821981541063
4200,0.145881426028,0.146892627764,0.146386153755,0.000344604841362
4200,0.146892627764,0.147910838817,0.147400854097,0.000792914792635
4200,0.147910838817,0.148936107771,0.148422588006,0.000528736378707
4200,0.148936107771,0.14996848355,0.149451404237,0.000246770077927
4200,0.14996848355,0.151008015416,0.15048735188,0.000352058668811
4200,0.151008015416,0.152054752973,0.15153048037,0.00027933488153
4200,0.152054752973,0.153108746168,0.152580839481,0.000553167025175
4200,0.153108746168,0.154170045295,0.153638479333,0.000776685064137
4200,0.154170045295,0.155238700996,0.154703450395,0.000493328481062
4200,0.155238700996,0.156314764264,0.155775803483,0.000219778291594
4200,0.156314764264,0.157398286447,0.156855589768,0.000312304076512
4200,0.157398286447,0.158489319246,0.157942860774,0.000278074599447
4200,0.158489319246,0.159587914724,0.159037668382,0.000382303905447
4200,0.159587914724,0.160694125301,0.160140064834,0.00062540051376
4200,0.160694125301,0.161808003764,0.161250102734,0.000490503900927
4200,0.161808003764,0.162929603264,0.162367835048,0.000406403590845
4200,0.162929603264,0.16405897732,0.163493315113,0.000418055995901
4200,0.16405897732,0.165196179823,0.164626596633,0.000537835209498
4200,0.165196179823,0.166341265037,0.165767733685,0.000338623247692
4200,0.166341265037,0.167494287603,0.166916780721,0.000542395451696
4200,0.167494287603,0.168655302539,0.168073792571,0.000577134649533
4200,0.168655302539,0.169824365246,0.169238824444,0.000776553507167
4200,0.169824365246,0.171001531509,0.170411931932,0.000443516078319
4200,0.171001531509,0.172186857499,0.171593171012,0.000531993197614
4200,0.172186857499,0.173380399775,0.172782598051,0.000563825407358
4200,0.173380399775,0.174582215292,0.173980269804,0.000458069358486
4200,0.174582215292,0.175792361396,0.175186243421,0.000502499698124
4200,0.175792361396,0.177010895832,0.176400576448,0.000502019818934
4200,0.177010895832,0.178237876745,0.177623326829,0.000668390951862
4200,0.178237876745,0.179473362683,0.178854552911,0.00066364682591
4200,0.179473362683,0.180717412601,0.180094313444,0.000333105585654
4200,0.180717412601,0.181970085861,0.181342667587,0.000195436159922
4200,0.181970085861,0.183231442237,0.182599674907,0.000447982441398
4200,0.183231442237,0.184501541918,0.183865395386,0.000444460362598
4200,0.184501541918,0.185780445509,0.185139889421,0.000687807199207
4200,0.185780445509,0.187068214037,0.186423217825,0.000656974854247
4200,0.187068214037,0.188364908949,0.187715441838,0.000408312721365
4200,0.188364908949,0.189670592121,0.189016623119,0.000448207095162
4200,0.189670592121,0.190985325857,0.190326823758,0.000469279207182
4200,0.190985325857,0.192309172891,0.191646106274,0.000248443670047
4200,0.192309172891,0.193642196395,0.192974533619,0.000609092501031
4200,0.193642196395,0.194984459976,0.194312169183,0.000668870701532
4200,0.194984459976,0.196336027684,0.195659076793,0.000216902260531
4200,0.196336027684,0.197696964011,0.197015320722,0.000423034164866
4200,0.197696964011,0.199067333899,0.198380965684,0.000498389291637
4200,0.199067333899,0.200447202737,0.199756076844,0.00045692372239
4200,0.200447202737,0.201836636368,0.20114071982,0.000362563296967
4200,0.201836636368,0.203235701094,0.202534960682,0.000455499145871
4200,0.203235701094,0.204644463672,0.203938865961,0.00041829945484
4200,0.204644463672,0.206062991327,0.205352502646,0.000320469356796
4200,0.206062991327,0.207491351745,0.206775938192,0.000434156821586
4200,0.207491351745,0.208929613085,0.208209240522,0.000509681779033
4200,0.208929613085,0.210377843977,0.209652478029,0.00024170308033
4200,0.210377843977,0.211836113525,0.211105719581,0.00063650839644
4200,0.211836113525,0.213304491315,0.212569034522,0.000414093569304
4200,0.213304491315,0.214783047413,0.214042492677,0.000494821722627
4200,0.214783047413,0.216271852373,0.215526164357,0.000785649698341
4200,0.216271852373,0.217770977235,0.217020120357,0.000251080157149
4200,0.217770977235,0.219280493535,0.218524431965,0.000416323173989
4200,0.219280493535,0.220800473302,0.220039170964,0.000410698262669
4200,0.220800473302,0.222330989065,0.221564409631,0.000225643459987
4200,0.222330989065,0.223872113857,0.223100220748,0.000518303960929
4200,0.223872113857,0.225423921215,0.224646677599,0.00015643406632
4200,0.225423921215,0.226986485188,0.226203853977,0.000475441058497
4200,0.226986485188,0.228559880338,0.227771824186,0.00038071678823
4200,0.228559880338,0.230144181741,0.229350663045,0.000814046201646
4200,0.230144181741,0.231739464997,0.230940445892,0.000323117721297
4200,0.231739464997,0.233345806228,0.232541248587,0.000345259391242
4200,0.233345806228,0.234963282085,0.234153147517,0.000356059839392
4200,0.234963282085,0.236591969749,0.235776219596,0.000466965997216
4200,0.236591969749,0.238231946936,0.237410542273,0.000560409026664
4200,0.238231946936,0.239883291902,0.239056193534,0.000733313768251
4200,0.239883291902,0.241546083444,0.240713251905,0.000199625734682
4200,0.241546083444,0.243220400907,0.242381796455,0.000625885887441
4200,0.243220400907,0.244906324184,0.244061906804,0.000249437771481
4200,0.244906324184,0.246603933723,0.245753663122,0.000554053291434
4200,0.246603933723,0.24831331053,0.247457146133,0.000325027515362
4200,0.24831331053,0.25003453617,0.249172437125,0.000656648940175
4200,0.25003453617,0.251767692776,0.250899617947,0.000475592484542
4200,0.251767692776,0.25351286305,0.252638771013,0.000778530885376
4200,0.25351286305,0.255270130266,0.254389979313,0.000383164880139
4200,0.255270130266,0.257039578277,0.256153326409,0.0005921106661
4200,0.257039578277,0.258821291515,0.257928896443,0.000564145784874
4200,0.258821291515,0.260615355,0.25971677414,0.000683034156932
4200,0.260615355,0.262421854338,0.261517044814,0.000403929890687
4200,0.262421854338,0.264240875732,0.263329794368,0.000968820967255
4200,0.264240875732,0.26607250598,0.265155109301,0.000480623283828
4200,0.26607250598,0.267916832482,0.266993076713,0.000695362202536
4200,0.267916832482,0.269773943244,0.268843784306,0.000900838904092
4200,0.269773943244,0.271643926884,0.270707320392,0.0009854618535
4200,0.271643926884,0.273526872631,0.272583773893,0.000736085884039
4200,0.273526872631,0.275422870334,0.274473234348,0.000410414868726
4200,0.275422870334,0.277332010465,0.276375791917,0.000604720351141
4200,0.277332010465,0.279254384124,0.278291537385,0.000533681717431
4200,0.279254384124,0.28119008304,0.280220562167,0.000584348957351
4200,0.28119008304,0.28313919958,0.282162958309,0.000297834032745
4200,0.28313919958,0.28510182675,0.284118818498,0.000386474100968
4200,0.28510182675,0.287078058202,0.286088236063,0.000596054766794
4200,0.287078058202,0.289067988237,0.288071304978,0.000572984248882
4200,0.289067988237,0.291071711807,0.290068119869,0.000604801142311
4200,0.291071711807,0.293089324525,0.292078776021,0.000486529125608
4200,0.293089324525,0.295120922667,0.294103369375,0.000344338706395
4200,0.295120922667,0.297166603174,0.296141996539,0.000538552997829
4200,0.297166603174,0.299226463661,0.298194754793,0.000420695733561
4200,0.299226463661,0.301300602419,0.300261742086,0.000464338442592
4200,0.301300602419,0.303389118419,0.302343057051,0.00069949575333
4200,0.303389118419,0.305492111322,0.304438799002,0.000441021264463
4200,0.305492111322,0.307609681474,0.306549067943,0.000375331298539
4200,0.307609681474,0.309741929922,0.308673964568,0.000546029863843
4200,0.309741929922,0.311888958409,0.310813590274,0.000604023505426
4200,0.311888958409,0.314050869388,0.312968047156,0.000253212966193
4200,0.314050869388,0.316227766017,0.31513743802,0.000660240525406
4200,0.316227766017,0.318419752173,0.317321866384,0.000390036702451
4200,0.318419752173,0.320626932451,0.319521436481,0.00037543364393
4200,0.320626932451,0.322849412171,0.32173625327,0.000523918369759
4200,0.322849412171,0.325087297385,0.323966422435,0.000947943587047
4200,0.325087297385,0.327340694879,0.326212050394,0.000559475296789
4200,0.327340694879,0.329609712177,0.328473244303,0.000348407500222
4200,0.329609712177,0.331894457553,0.330750112059,0.000174286110738
4200,0.331894457553,0.334195040026,0.333042762309,0.000337128728085
4200,0.334195040026,0.336511569375,0.335351304451,0.00026612007279
4200,0.336511569375,0.338844156139,0.337675848642,0.000532158860167
4200,0.338844156139,0.341192911622,0.340016505804,0.000314887086413
4200,0.341192911622,0.3435579479,0.342373387626,0.000415139095392
4200,0.3435579479,0.345939377826,0.344746606573,0.000176308443076
4200,0.345939377826,0.348337315036,0.347136275888,0.00059555030074
4200,0.348337315036,0.350751873953,0.349542509599,0.000506951086414
4200,0.350751873953,0.353183169792,0.351965422525,0.000610060342002
4200,0.353183169792,0.355631318569,0.354405130281,0.000528946142866
4200,0.355631318569,0.358096437103,0.356861749283,0.000353190716827
4200,0.358096437103,0.360578643022,0.359335396755,0.000504057286417
4200,0.360578643022,0.36307805477,0.361826190732,0.000807020384892
4200,0.36307805477,0.365594791613,0.364334250068,0.000333467197654
4200,0.365594791613,0.368128973643,0.366859694441,0.000638669219467
4200,0.368128973643,0.370680721783,0.369402644358,0.00027032902633
4200,0.370680721783,0.373250157796,0.371963221162,0.000425796426556
4200,0.373250157796,0.375837404288,0.374541547036,0.000356901523026
4200,0.375837404288,0.378442584717,0.377137745011,0.000592283591136
4200,0.378442584717,0.381065823394,0.379751938971,0.000229963920677
4200,0.381065823394,0.383707245492,0.382384253658,0.000252088757989
4200,0.383707245492,0.386366977054,0.385034814679,0.000344558254843
4200,0.386366977054,0.389045144994,0.38770374851,0.000534271728244
4200,0.389045144994,0.391741877108,0.390391182508,0.000573410891704
4200,0.391741877108,0.394457302075,0.393097244907,0.000370870944572
4200,0.394457302075,0.397191549469,0.395822064836,0.000314012375488
4200,0.397191549469,0.399944749761,0.398565772313,0.000579484974949
4200,0.399944749761,0.402717034325,0.401328498263,0.000310744627201
4200,0.402717034325,0.405508535448,0.404110374513,0.000709869413207
4200,0.405508535448,0.408319386333,0.406911533809,0.000262605966192
4200,0.408319386333,0.411149721105,0.409732109814,0.000248855726008
4200,0.411149721105,0.41399967482,0.412572237117,0.000312028392897
4200,0.41399967482,0.41686938347,0.415432051242,0.000252768930296
4200,0.41686938347,0.419758983991,0.418311688651,0.000622730638683
4200,0.419758983991,0.422668614266,0.421211286754,0.000474849297218
4200,0.422668614266,0.425598413134,0.42413098391,0.000409354361559
4200,0.425598413134,0.428548520397,0.427070919441,0.000540420067052
4200,0.428548520397,0.431519076828,0.430031233631,0.000285689776326
4200,0.431519076828,0.434510224172,0.433012067738,0.000428956331514
4200,0.434510224172,0.437522105158,0.436013564,0.0004370698748
4200,0.437522105158,0.440554863507,0.439035865641,0.000487792750125
4200,0.440554863507,0.443608643931,0.442079116876,0.000344779257509
4200,0.443608643931,0.446683592151,0.44514346292,0.000409922395511
4200,0.446683592151,0.449779854893,0.448229049997,0.000607887717925
4200,0.449779854893,0.452897579904,0.451336025341,0.000329792737669
4200,0.452897579904,0.456036915951,0.45446453721,0.000376341674265
4200,0.456036915951,0.459198012837,0.457614734886,0.000288013763483
4200,0.459198012837,0.462381021399,0.46078676869,0.000459230745919
4200,0.462381021399,0.465586093523,0.463980789982,0.000379352007521
4200,0.465586093523,0.468813382145,0.467196951172,0.000443225925408
4200,0.468813382145,0.472063041264,0.470435405726,0.000244028574345
4200,0.472063041264,0.475335225943,0.473696308175,0.000612961340504
4200,0.475335225943,0.478630092323,0.476979814119,0.000394332860492
4200,0.478630092323,0.481947797625,0.48028608024,0.000469292097525
4200,0.481947797625,0.485288500162,0.483615264302,0.000264282468737
4200,0.485288500162,0.488652359343,0.486967525166,0.000372531113923
4200,0.488652359343,0.492039535681,0.490343022792,0.000591423483088
4200,0.492039535681,0.495450190805,0.49374191825,0.000222668710089
4200,0.495450190805,0.49888448746,0.497164373725,0.000343629412866
4200,0.49888448746,0.502342589522,0.500610552529,0.000368841502088
4200,0.502342589522,0.505824662003,0.504080619103,0.000832649412215
4200,0.505824662003,0.509330871057,0.507574739029,0.00050863276224
4200,0.509330871057,0.512861383991,0.511093079037,0.000346610527326
4200,0.512861383991,0.516416369272,0.514635807014,0.000320246672448
4200,0.516416369272,0.519995996534,0.518203092007,0.000353992527427
4200,0.519995996534,0.523600436586,0.521795104239,0.000178126605198
4200,0.523600436586,0.527229861423,0.52541201511,0.000235889466442
4200,0.527229861423,0.530884444231,0.52905399721,0.000403299473365
4200,0.530884444231,0.534564359397,0.532721224323,0.000118450575842
4200,0.534564359397,0.538269782516,0.53641387144,0.000477537038207
4200,0.538269782516,0.542000890402,0.540132114765,0.000416423988679
4200,0.542000890402,0.545757861091,0.54387613172,0.000435077308326
4200,0.545757861091,0.549540873858,0.547646100962,0.000380596829567
4200,0.549540873858,0.553350109216,0.551442202382,0.000517808258275
4200,0.553350109216,0.557185748932,0.55526461712,0.000471669035943
4200,0.557185748932,0.561047976032,0.559113527571,0.000556753987397
4200,0.561047976032,0.564936974812,0.562989117394,0.000232218150672
4200,0.564936974812,0.568852930844,0.566891571523,0.000183682244104
4200,0.568852930844,0.572796030986,0.570821076172,0.000762428893596
4200,0.572796030986,0.576766463392,0.574777818846,0.000481190296618
4200,0.576766463392,0.580764417521,0.578761988349,0.00064570752667
4200,0.580764417521,0.584790084144,0.582773774796,0.000281043502172
4200,0.584790084144,0.588843655356,0.586813369619,0.00037903374508
4200,0.588843655356,0.59292532458,0.590880965575,0.000650687185884
4200,0.59292532458,0.597035286584,0.594976756759,0.000529717202488
4200,0.597035286584,0.601173737483,0.599100938611,0.000428381202639
4200,0.601173737483,0.605340874754,0.603253707927,0.000500742661166
4200,0.605340874754,0.60953689724,0.607435262864,0.000368004628918
4200,0.60953689724,0.613762005165,0.611645802955,0.000165074973252
4200,0.613762005165,0.618016400138,0.615885529115,0.00027776210622
4200,0.618016400138,0.622300285169,0.620154643654,0.000586973928564
4200,0.622300285169,0.626613864672,0.624453350281,0.000214635512271
4200,0.626613864672,0.63095734448,0.628781854118,0.000242611333329
4200,0.63095734448,0.635330931852,0.633140361711,0.000621514938537
4200,0.635330931852,0.639734835483,0.637529081035,0.000308537510989
4200,0.639734835483,0.644169265515,0.641948221508,0.000230993646171
4200,0.644169265515,0.648634433548,0.646397994,0.000328968432902
4200,0.648634433548,0.653130552647,0.65087861084,0.000145683663838
4200,0.653130552647,0.657657837355,0.655390285833,0.000434212746629
4200,0.657657837355,0.662216503702,0.659933234264,0.000494780768834
4200,0.662216503702,0.666806769214,0.664507672908,0.000322945126531
4200,0.666806769214,0.671428852926,0.669113820046,0.000499852225377
4200,0.671428852926,0.676082975392,0.673751895471,0.00030919330287
4200,0.676082975392,0.680769358694,0.678422120498,0.000246014978136
4200,0.680769358694,0.685488226453,0.683124717979,0.000746757846215
4200,0.685488226453,0.69023980384,0.687859912309,0.00034446162212
4200,0.69023980384,0.695024317589,0.692627929437,0.000265832896713
4200,0.695024317589,0.699841996002,0.697428996882,0.000415185728383
4200,0.699841996002,0.704693068967,0.702263343736,0.00037375869073
4200,0.704693068967,0.709577767963,0.707131200681,0.000423548508998
4200,0.709577767963,0.714496326076,0.712032799999,0.000299023697347
4200,0.714496326076,0.719448978004,0.71696837558,0.000290297778876
4200,0.719448978004,0.724435960075,0.721938162937,0.000277805360316
4200,0.724435960075,0.729457510255,0.726942399214,0.000187100487637
4200,0.729457510255,0.734513868157,0.7319813232,0.000310156349981
4200,0.734513868157,0.739605275058,0.737055175338,0.000513843186108
4200,0.739605275058,0.744731973906,0.742164197739,0.000119191387188
4200,0.744731973906,0.749894209332,0.747308634191,0.000361157742072
4200,0.749894209332,0.755092227665,0.752488730174,0.000434804911873
4200,0.755092227665,0.76032627694,0.757704732866,0.00037408003332
4200,0.76032627694,0.765596606911,0.762956891162,0.000709809765952
4200,0.765596606911,0.770903469064,0.768245455679,0.000380145622385
4200,0.770903469064,0.776247116629,0.773570678775,0.000553367657587
4200,0.776247116629,0.781627804588,0.778932814554,0.000366161752074
4200,0.781627804588,0.787045789695,0.784332118882,0.00057111887789
4200,0.787045789695,0.79250133048,0.7897688494,0.000523235997383
4200,0.79250133048,0.797994687268,0.795243265533,0.000603809804748
4200,0.797994687268,0.803526122186,0.800755628507,0.000422089981094
4200,0.803526122186,0.809095899178,0.806306201355,0.000298743854284
4200,0.809095899178,0.814704284021,0.811895248936,0.000315027293725
4200,0.814704284021,0.82035154433,0.817523037944,0.000361315261641
4200,0.82035154433,0.826037949577,0.823189836921,0.000412767611417
4200,0.826037949577,0.831763771103,0.828895916273,0.000237238463131
4200,0.831763771103,0.837529282127,0.834641548277,0.000598194022315
4200,0.837529282127,0.843334757764,0.8404270071,0.000316384243897
4200,0.843334757764,0.849180475036,0.846252568807,0.000417716156946
4200,0.849180475036,0.855066712885,0.852118511379,0.000473597896622
4200,0.855066712885,0.860993752185,0.858025114723,0.000544847884781
4200,0.860993752185,0.866961875758,0.863972660684,0.000513218834028
4200,0.866961875758,0.872971368388,0.869961433065,0.000440823523608
4200,0.872971368388,0.879022516831,0.875991717633,0.000122395623179
4200,0.879022516831,0.885115609831,0.882063802137,0.000501384186131
4200,0.885115609831,0.891250938134,0.888177976319,0.000265395286938
4200,0.891250938134,0.897428794501,0.894334531933,0.000492627670405
4200,0.897428794501,0.903649473722,0.900533762751,0.000612981421821
4200,0.903649473722,0.909913272632,0.906775964584,0.000348796882437
4200,0.909913272632,0.916220490122,0.913061435293,0.00011782393405
4200,0.916220490122,0.922571427155,0.919390474804,0.000265653389741
4200,0.922571427155,0.92896638678,0.925763385121,0.000429575180485
4200,0.92896638678,0.935405674148,0.932180470342,0.000306321618013
4200,0.935405674148,0.941889596523,0.938642036672,0.000588330472958
4200,0.941889596523,0.948418463301,0.945148392441,0.000230319979605
4200,0.948418463301,0.954992586021,0.951699848113,0.000326954218934
4200,0.954992586021,0.961612278384,0.958296716306,0.000878685942578
4200,0.961612278384,0.968277856261,0.964939311806,0.00029429989843
4200,0.968277856261,0.974989637717,0.971627951577,0.000183338350316
4200,0.974989637717,0.98174794302,0.978362954785,0.000373739299361
4200,0.98174794302,0.988553094657,0.985144642804,0.000236173348508
4200,0.988553094657,0.995405417352,0.991973339239,0.000202214990569
4200,0.995405417352,1.00230523808,0.998849369937,0.000348639162615
4200,1.00230523808,1.00925288608,1.005773063,0.000351548459868
4200,1.00925288608,1.01624869287,1.01274474881,0.000512296765158
4200,1.01624869287,1.02329299228,1.01976476004,0.000347205157374
4200,1.02329299228,1.03038612044,1.02683343167,0.00028487248375
4200,1.03038612044,1.03752841582,1.03395110098,0.000370596738478
4200,1.03752841582,1.04472021922,1.04111810762,0.000381305433641
4200,1.04472021922,1.05196187382,1.04833479358,0.000376654976661
4200,1.05196187382,1.05925372518,1.05560150322,0.000468085991812
4200,1.05925372518,1.06659612123,1.06291858328,0.000544619625523
4200,1.06659612123,1.07398941234,1.07028638291,0.000360444910265
4200,1.07398941234,1.0814339513,1.07770525369,0.00035818782017
4200,1.0814339513,1.08893009333,1.08517554963,0.000346860239356
4200,1.08893009333,1.09647819614,1.09269762719,0.000344670215254
4200,1.09647819614,1.1040786199,1.1002718453,0.000274126774535
4200,1.1040786199,1.11173172728,1.10789856537,0.000226282701667
4200,1.11173172728,1.11943788347,1.11557815135,0.000410747722589
4200,1.11943788347,1.12719745618,1.12331096967,0.000347307846019
4200,1.12719745618,1.13501081567,1.13109738933,0.000222576101128
4200,1.13501081567,1.14287833479,1.13893778188,0.000530115062216
4200,1.14287833479,1.15080038894,1.14683252142,0.000201190617787
4200,1.15080038894,1.15877735616,1.15478198469,0.000316399713778
4200,1.15877735616,1.16680961706,1.162786551,0.000173863458447
4200,1.16680961706,1.17489755494,1.17084660232,0.000191282577987
4200,1.17489755494,1.18304155573,1.17896252324,0.000429144029246
4200,1.18304155573,1.19124200803,1.18713470104,0.000392836623541
4200,1.19124200803,1.19949930315,1.19536352567,0.000384928854515
4200,1.19949930315,1.20781383511,1.20364938979,0.000638538192699
4200,1.20781383511,1.21618600065,1.21199268877,0.000581012008005
4200,1.21618600065,1.22461619927,1.22039382074,0.000339277873616
4200,1.22461619927,1.23310483323,1.22885318658,0.000302509344913
4200,1.23310483323,1.24165230759,1.23737118994,0.000131985085997
4200,1.24165230759,1.25025903022,1.24594823727,0.000373365712839
4200,1.25025903022,1.25892541179,1.25458473786,0.000383981099148
4200,1.25892541179,1.26765186586,1.26328110381,0.00035777155613
4200,1.26765186586,1.27643880881,1.27203775009,0.000524982134603
4200,1.27643880881,1.28528665994,1.28085509454,0.000456547758859
4200,1.28528665994,1.29419584145,1.2897335579,0.000443186224749
4200,1.29419584145,1.30316677845,1.29867356383,0.000391814879184
4200,1.30316677845,1.31219989902,1.30767553892,0.000473449477163
4200,1.31219989902,1.32129563419,1.31673991272,0.000533176607118
4200,1.32129563419,1.33045441798,1.32586711776,0.000594882095804
4200,1.33045441798,1.33967668743,1.33505758956,0.000281066958147
4200,1.33967668743,1.34896288259,1.34431176667,0.000136836764467
4200,1.34896288259,1.35831344659,1.35363009067,0.000296546293837
4200,1.35831344659,1.3677288256,1.36301300621,8.66839329608e-05
4200,1.3677288256,1.37720946889,1.37246096101,0.000726115344831
4200,1.37720946889,1.38675582887,1.3819744059,0.000527304609775
4200,1.38675582887,1.39636836106,1.39155379484,0.000372017720229
4200,1.39636836106,1.40604752413,1.40119958494,0.000492243170188
4200,1.40604752413,1.41579377996,1.41091223646,0.000479604797038
4200,1.41579377996,1.4256075936,1.42069221286,0.000391678827603
4200,1.4256075936,1.43548943335,1.43053998082,0.000481431270631
4200,1.43548943335,1.44543977075,1.44045601025,0.000217909112505
4200,1.44543977075,1.45545908058,1.4504407743,0.000524444001709
4200,1.45545908058,1.46554784096,1.46049474944,0.000409904968401
4200,1.46554784096,1.47570653328,1.4706184154,0.000902859072874
4200,1.47570653328,1.48593564229,1.48081225527,0.000499266366156
4200,1.48593564229,1.49623565609,1.49107675545,0.000401686402116
4200,1.49623565609,1.50660706619,1.50141240575,9.54376049071e-05
4200,1.50660706619,1.51705036746,1.51181969936,0.000422878249814
4200,1.51705036746,1.52756605824,1.52229913288,0.000367939369776
4200,1.52756605824,1.5381546403,1.53285120636,0.000371730830259
4200,1.5381546403,1.54881661891,1.54347642332,0.00020372219525
4200,1.54881661891,1.55955250283,1.55417529077,0.000391669889296
4200,1.55955250283,1.57036280433,1.56494831922,0.000565028990906
4200,1.57036280433,1.58124803927,1.57579602274,0.000317092058499
4200,1.58124803927,1.59220872705,1.58671891895,0.000421555009418
4200,1.59220872705,1.60324539069,1.59771752906,0.000294290134429
4200,1.60324539069,1.61435855683,1.60879237789,0.000338627752062
4200,1.61435855683,1.62554875575,1.6199439939,0.000226754051883
4200,1.62554875575,1.63681652143,1.63117290923,0.00041223246674
4200,1.63681652143,1.64816239153,1.64247965967,0.000252122776073
4200,1.64816239153,1.65958690744,1.65386478477,0.000284762951368
4200,1.65958690744,1.67109061431,1.66532882779,0.00041096760275
4200,1.67109061431,1.68267406107,1.67687233575,0.00028906531902
4200,1.68267406107,1.69433780045,1.68849585949,0.00030716488071
4200,1.69433780045,1.706082389,1.70019995364,0.00034240341592
4200,1.706082389,1.71790838716,1.7119851767,0.00039819015389
4200,1.71790838716,1.72981635922,1.72385209103,0.000372742848097
4200,1.72981635922,1.74180687339,1.73580126287,0.000215857778809
4200,1.74180687339,1.75388050184,1.74783326242,0.000359595002001
4200,1.75388050184,1.76603782069,1.7599486638,0.0003010966811
4200,1.76603782069,1.77827941004,1.77214804514,0.000407206507367
4200,1.77827941004,1.79060585404,1.78443198854,0.00036488604512
4200,1.79060585404,1.80301774086,1.79680108017,0.000203674953693
4200,1.80301774086,1.81551566277,1.80925591025,0.000338269164643
4200,1.81551566277,1.82810021614,1.82179707309,0.000253914967654
4200,1.82810021614,1.84077200147,1.83442516712,0.000229213127446
4200,1.84077200147,1.85353162341,1.84714079491,0.000653789640559
4200,1.85353162341,1.86637969083,1.85994456322,0.000406655903352
4200,1.86637969083,1.8793168168,1.87283708302,0.000261680836548
4200,1.8793168168,1.89234361864,1.88581896949,0.000309597214674
4200,1.89234361864,1.90546071796,1.8988908421,0.000248248280288
4200,1.90546071796,1.91866874067,1.9120533246,0.000380864809689
4200,1.91866874067,1.93196831702,1.92530704508,0.000630243696032
4200,1.93196831702,1.94536008162,1.93865263595,0.000182514796389
4200,1.94536008162,1.95884467351,1.95209073404,0.000386491579722
4200,1.95884467351,1.97242273611,1.96562198058,0.000445831277896
4200,1.97242273611,1.98609491736,1.97924702124,0.000479067612008
4200,1.98609491736,1.99986186963,1.99296650616,0.000541181881455
4200,1.99986186963,2.01372424986,2.00678109002,0.000491575039585
4200,2.01372424986,2.02768271952,2.02069143199,0.000385656564299
4200,2.02768271952,2.04173794467,2.03469819585,0.000637628254528
4200,2.04173794467,2.05589059598,2.04880204996,0.000420740991681
4200,2.05589059598,2.07014134879,2.06300366731,0.000252503458569
4200,2.07014134879,2.0844908831,2.07730372557,0.000338307662175
4200,2.0844908831,2.09893988362,2.0917029071,0.000510345383605
4200,2.09893988362,2.11348903984,2.10620189899,0.000448190258013
4200,2.11348903984,2.12813904598,2.12080139309,0.000340344774209
4200,2.12813904598,2.14289060112,2.13550208605,0.000265901600228
4200,2.14289060112,2.15774440915,2.15030467934,0.000602194409055
4200,2.15774440915,2.17270117886,2.16520987931,0.000275820851878
4200,2.17270117886,2.18776162395,2.18021839719,0.000297485035498
4200,2.18776162395,2.20292646305,2.19533094914,0.000626354995519
4200,2.20292646305,2.2181964198,2.2105482563,0.000551548898727
4200,2.2181964198,2.23357222283,2.22587104479,0.000198040904099
4200,2.23357222283,2.24905460584,2.24130004578,0.000627994706655
4200,2.24905460584,2.26464430759,2.2568359955,0.000584737330889
4200,2.26464430759,2.280342072,2.27247963527,0.000419024851877
4200,2.280342072,2.29614864811,2.28823171158,0.000302878591926
4200,2.29614864811,2.31206479018,2.30409297606,0.000218211397389
4200,2.31206479018,2.32809125767,2.32006418557,0.000218973072699
4200,2.32809125767,2.34422881532,2.33614610222,0.000612315085775
4200,2.34422881532,2.36047823318,2.35233949339,0.00052506854063
4200,2.36047823318,2.37684028662,2.36864513178,0.000427986187524
4200,2.37684028662,2.39331575641,2.38506379547,0.000237138508183
4200,2.39331575641,2.40990542869,2.40159626789,0.000459006722761
4200,2.40990542869,2.42661009508,2.41824333793,0.000320979874202
4200,2.42661009508,2.44343055269,2.43500579995,0.000446401136358
4200,2.44343055269,2.46036760415,2.45188445381,0.000243445908197
4200,2.46036760415,2.47742205763,2.46888010491,0.000331636291792
4200,2.47742205763,2.49459472694,2.48599356423,0.000857212653831
4200,2.49459472694,2.51188643151,2.50322564838,0.00035400658451
4200,2.51188643151,2.52929799645,2.52057717964,0.000274480678434
4200,2.52929799645,2.54683025259,2.53804898596,0.000396467062382
4200,2.54683025259,2.56448403652,2.55564190106,0.000470319633808
4200,2.56448403652,2.58226019063,2.57335676443,0.000124943455809
4200,2.58226019063,2.60015956317,2.59119442135,0.00056790557589
4200,2.60015956317,2.61818300822,2.60915572301,0.000408139148402
4200,2.61818300822,2.63633138583,2.62724152647,0.000436501748535
4200,2.63633138583,2.65460556198,2.64545269472,0.000407166555733
4200,2.65460556198,2.67300640866,2.66379009677,0.000537982013842
4200,2.67300640866,2.69153480393,2.68225460761,0.000621955150797
4200,2.69153480393,2.71019163189,2.70084710832,0.000352968901006
4200,2.71019163189,2.72897778281,2.7195684861,0.000329095455306
4200,2.72897778281,2.7478941531,2.73841963426,0.000169416084219
4200,2.7478941531,2.76694164541,2.75740145235,0.00041566591116
4200,2.76694164541,2.78612116863,2.77651484611,0.000140053732345
4200,2.78612116863,2.80543363795,2.79576072758,0.000401588235493
4200,2.80543363795,2.82487997492,2.81514001513,0.000359514186004
4200,2.82487997492,2.84446110745,2.83465363349,0.00022805318301
4200,2.84446110745,2.86417796991,2.85430251379,0.000194370272492
4200,2.86417796991,2.88403150313,2.87408759362,0.000550309782807
4200,2.88403150313,2.90402265446,2.89400981707,0.000282777434566
4200,2.90402265446,2.92415237784,2.91407013477,0.000623700255535
4200,2.92415237784,2.9444216338,2.93426950396,0.000185640728848
4200,2.9444216338,2.96483138952,2.95460888848,0.000494471447307
4200,2.96483138952,2.98538261892,2.97508925888,0.000337512001713
4200,2.98538261892,3.00607630263,2.99571159243,0.000270408478161
4200,3.00607630263,3.0269134281,3.01647687316,0.000436392989094
4200,3.0269134281,3.04789498963,3.03738609195,0.000402981878559
4200,3.04789498963,3.06902198839,3.05844024651,0.00055949864126
4200,3.06902198839,3.09029543251,3.0796403415,0.000554379209637
4200,3.09029543251,3.11171633711,3.10098738853,0.00051869121969
4200,3.11171633711,3.13328572432,3.12248240622,0.000419309568908
4200,3.13328572432,3.15500462337,3.14412642026,0.000461096228061
4200,3.15500462337,3.17687407065,3.16592046343,0.000544867047455
4200,3.17687407065,3.19889510969,3.1878655757,0.000252992381051
4200,3.19889510969,3.22106879128,3.20996280421,0.000487781926585
4200,3.22106879128,3.24339617349,3.2322132034,0.00066892453092
4200,3.24339617349,3.26587832172,3.25461783498,0.000246373616054
4200,3.26587832172,3.28851630876,3.27717776805,0.000507109692478
4200,3.28851630876,3.31131121483,3.29989407911,0.000649224476211
4200,3.31131121483,3.33426412763,3.32276785211,0.000427155431262
4200,3.33426412763,3.35737614243,3.34580017853,0.000418519826259
4200,3.35737614243,3.38064836206,3.36899215741,0.00014775319463
4200,3.38064836206,3.40408189701,3.39234489541,0.000482066413772
4200,3.40408189701,3.42767786546,3.41585950686,0.000455237407006
4200,3.42767786546,3.45143739336,3.43953711381,0.000437505511323
4200,3.45143739336,3.47536161443,3.46337884608,0.000276682181967
4200,3.47536161443,3.49945167028,3.48738584135,0.000266669277951
4200,3.49945167028,3.52370871042,3.51155924516,0.000480625700577
4200,3.52370871042,3.54813389234,3.535900211,0.000345929798305
4200,3.54813389234,3.57272838152,3.56040990036,4.25706990136e-05
4200,3.57272838152,3.59749335156,3.58508948277,0.000694900176804
4200,3.59749335156,3.62242998417,3.60994013586,0.000345663514595
4200,3.62242998417,3.64753946926,3.63496304546,0.000283878653592
4200,3.64753946926,3.67282300498,3.66015940558,0.00041431952433
4200,3.67282300498,3.6982817978,3.68553041852,0.000256153580659
4200,3.6982817978,3.72391706255,3.71107729493,0.000415775880097
4200,3.72391706255,3.74973002245,3.73680125382,0.000774437961121
4200,3.74973002245,3.77572190925,3.76270352268,0.00026060101904
4200,3.77572190925,3.80189396321,3.78878533748,0.000221127331722
4200,3.80189396321,3.82824743317,3.81504794279,0.00053048006362
4200,3.82824743317,3.85478357666,3.84149259179,0.000301059765255
4200,3.85478357666,3.88150365991,3.86812054633,0.00027116435419
4200,3.88150365991,3.90840895792,3.89493307704,0.000651792408736
4200,3.90840895792,3.93550075456,3.92193146333,0.000367099309682
4200,3.93550075456,3.96278034255,3.94911699349,0.000420121970748
4200,3.96278034255,3.99024902362,3.97649096475,0.000651315259899
4200,3.99024902362,4.01790810849,4.00405468331,0.000558893475582
4200,4.01790810849,4.04575891697,4.03180946443,0.000426716584595
4200,4.04575891697,4.07380277804,4.05975663252,0.000485249935404
4200,4.07380277804,4.10204102987,4.08789752111,0.000375780457029
4200,4.10204102987,4.1304750199,4.11623347303,0.000415495512394
4200,4.1304750199,4.15910610494,4.14476584038,0.000279866125188
4200,4.15910610494,4.18793565118,4.17349598465,0.000359444850577
4200,4.18793565118,4.21696503429,4.20242527677,0.000240398603674
4200,4.21696503429,4.24619563946,4.23155509717,0.00100295420528
4200,4.24619563946,4.27562886152,4.26088683583,0.000555130579414
4200,4.27562886152,4.30526610492,4.29042189239,0.000981217303921
4200,4.30526610492,4.33510878388,4.32016167618,0.000586222038387
4200,4.33510878388,4.3651583224,4.35010760631,0.000477052206429
4200,4.3651583224,4.39541615438,4.3802611117,0.000334608114662
4200,4.39541615438,4.42588372363,4.41062363121,0.000381010997716
4200,4.42588372363,4.45656248398,4.44119661366,0.000331597105721
4200,4.45656248398,4.48745389933,4.47198151789,0.000440280864269
4200,4.48745389933,4.51855944375,4.50297981288,0.000319452886899
4200,4.51855944375,4.5498806015,4.53419297779,0.000460984577411
4200,4.5498806015,4.58141886715,4.56562250202,0.000156654028083
4200,4.58141886715,4.6131757456,4.59726988531,0.000586127203587
4200,4.6131757456,4.64515275223,4.62913663778,0.000365632342209
4200,4.64515275223,4.67735141287,4.66122428002,0.000476497851155
4200,4.67735141287,4.70977326397,4.69353434317,0.000666008425166
4200,4.70977326397,4.7424198526,4.72606836898,0.000346204112749
4200,4.7424198526,4.77529273658,4.75882790989,0.000442132131004
4200,4.77529273658,4.8083934845,4.79181452908,0.000791856909921
4200,4.8083934845,4.84172367584,4.8250298006,0.000554760369686
4200,4.84172367584,4.87528490103,4.85847530937,0.000370067469586
4200,4.87528490103,4.90907876153,4.89215265134,0.000719617475754
4200,4.90907876153,4.94310686987,4.9260634335,0.000453985954173
4200,4.94310686987,4.97737084979,4.96020927396,0.000217825419135
4200,4.97737084979,5.01187233627,4.99459180208,0.000350003125241
4200,5.01187233627,5.04661297564,5.0292126585,0.000474510701491
4200,5.04661297564,5.08159442561,5.06407349524,0.000466156765451
4200,5.08159442561,5.1168183554,5.09917597575,0.000428494252675
4200,5.1168183554,5.15228644582,5.13452177503,0.000462160521225
4200,5.15228644582,5.18800038929,5.17011257969,0.000319699310859
4200,5.18800038929,5.22396188999,5.20595008802,0.000381461750682
4200,5.22396188999,5.26017266391,5.24203601008,0.000745708198559
4200,5.26017266391,5.29663443892,5.27837206782,0.000371286113324
4200,5.29663443892,5.33334895488,5.31495999507,0.000941553210111
4200,5.33334895488,5.3703179637,5.35180153771,0.000492868846358
4200,5.3703179637,5.40754322946,5.38889845373,0.000578907460626
4200,5.40754322946,5.44502652842,5.42625251329,0.000404491333773
4200,5.44502652842,5.48276964921,5.46386549882,0.000424775745169
4200,5.48276964921,5.52077439281,5.50173920511,0.000513721523002
4200,5.52077439281,5.5590425727,5.53987543939,0.000652765499289
4200,5.5590425727,5.59757601495,5.57827602141,0.00036442116288
4200,5.59757601495,5.63637655826,5.61694278356,0.000396750193994
4200,5.63637655826,5.67544605409,5.65587757089,0.00038175908359
4200,5.67544605409,5.71478636672,5.69508224128,0.000686650455595
4200,5.71478636672,5.75439937337,5.73455866546,0.000486163638257
4200,5.75439937337,5.79428696427,5.77430872714,0.000941044854453
4200,5.79428696427,5.83445104274,5.81433432308,0.000349850924413
4200,5.83445104274,5.8748935253,5.85463736321,0.000438317260909
4200,5.8748935253,5.91561634175,5.89521977065,0.000318404079992
4200,5.91561634175,5.95662143529,5.93608348191,0.000614407192972
4200,5.95662143529,5.99791076256,5.97723044689,0.000679941468162
4200,5.99791076256,6.03948629376,6.018662629,0.000610911125577
4200,6.03948629376,6.08135001279,6.06038200527,0.000546618291483
4200,6.08135001279,6.12350391725,6.10239056645,0.000402446652697
4200,6.12350391725,6.16595001861,6.14469031706,0.000472246474134
4200,6.16595001861,6.2086903423,6.18728327553,0.000450339866888
4200,6.2086903423,6.25172692776,6.23017147429,0.000575987593788
4200,6.25172692776,6.29506182857,6.27335695984,0.000505592842609
4200,6.29506182857,6.33869711257,6.31684179288,0.000294388006894
4200,6.33869711257,6.38263486191,6.36062804837,0.000455406928064
4200,6.38263486191,6.42687717317,6.40471781569,0.000481824306846
4200,6.42687717317,6.47142615749,6.44911319868,0.000797712818526
4200,6.47142615749,6.51628394061,6.49381631576,0.00069341073364
4200,6.51628394061,6.56145266303,6.53882930005,0.000414338434514
4200,6.56145266303,6.60693448008,6.58415429943,0.000434720125044
4200,6.60693448008,6.65273156202,6.62979347671,0.000648413706111
4200,6.65273156202,6.69884609417,6.67574900964,0.00115270255903
4200,6.69884609417,6.74528027698,6.72202309112,0.000316515535602
4200,6.74528027698,6.79203632617,6.7686179292,0.000543493130041
4200,6.79203632617,6.83911647281,6.81553574727,0.000562307296333
4200,6.83911647281,6.88652296344,6.86277878411,0.00109914169614
4200,6.88652296344,6.93425806017,6.91034929405,0.000286130202987
4200,6.93425806017,6.98232404077,6.95824954701,0.000783109314848
4200,6.98232404077,7.03072319884,7.00648182865,0.00061096347762
4200,7.03072319884,7.07945784384,7.05504844051,0.000465613086941
4200,7.07945784384,7.12853030127,7.10395170003,0.000422310132877
4200,7.12853030127,7.17794291271,7.15319394075,0.000507108886265
4200,7.17794291271,7.22769803602,7.20277751238,0.000672010118257
4200,7.22769803602,7.27779804537,7.25270478091,0.000658743416168
4200,7.27779804537,7.32824533139,7.30297812873,0.000250294528028
4200,7.32824533139,7.37904230129,7.35359995475,0.000863468860269
4200,7.37904230129,7.43019137897,7.40457267451,0.000322687712133
4200,7.43019137897,7.48169500511,7.45589872028,0.00069763083804
4200,7.48169500511,7.53355563734,7.5075805412,0.000400318248347
4200,7.53355563734,7.58577575029,7.55962060339,0.000528190513471
4200,7.58577575029,7.63835783578,7.61202139006,0.000499313934085
4200,7.63835783578,7.69130440287,7.66478540163,0.00083922418705
4200,7.69130440287,7.74461797803,7.71791515585,0.000881469188185
4200,7.74461797803,7.79830110523,7.77141318794,0.000378327184508
4200,7.79830110523,7.8523563461,7.82528205067,0.000454958833659
4200,7.8523563461,7.90678628,7.87952431451,0.000845730624563
4200,7.90678628,7.96159350417,7.93414256777,0.000582116489053
4200,7.96159350417,8.01678063388,7.98913941667,0.000778550079067
4200,8.01678063388,8.07235030249,8.04451748552,0.000762609765367
4200,8.07235030249,8.12830516164,8.1002794168,0.00059073320157
4200,8.12830516164,8.18464788135,8.15642787133,0.000522126743566
4200,8.18464788135,8.24138115013,8.21296552835,0.000654751263574
4200,8.24138115013,8.29850767514,8.26989508568,0.00042555390844
4200,8.29850767514,8.35603018231,8.32721925985,0.00089795702953
4200,8.35603018231,8.41395141645,8.38494078622,0.000645712168425
4200,8.41395141645,8.47227414141,8.44306241909,0.000743868965805
4200,8.47227414141,8.53100114018,8.50158693187,0.000921587820994
4200,8.53100114018,8.59013521505,8.5605171172,0.000629211173259
4200,8.59013521505,8.64967918776,8.61985578706,0.00102975521882
4200,8.64967918776,8.70963589956,8.67960577292,0.000396361375753
4200,8.70963589956,8.77000821144,8.73976992591,0.000795047508901
4200,8.77000821144,8.83079900419,8.80035111687,0.000589302107967
4200,8.83079900419,8.89201117858,8.86135223659,0.000937549247547
4200,8.89201117858,8.9536476555,8.92277619588,0.000870458721899
4200,8.9536476555,9.01571137606,8.98462592571,0.000630939014791
4200,9.01571137606,9.07820530178,9.04690437738,0.000927788735071
4200,9.07820530178,9.1411324147,9.10961452266,0.000659466552221
4200,9.1411324147,9.20449571753,9.1727593539,0.00102447744819
4200,9.20449571753,9.26829823379,9.2363418842,0.000782636705422
4200,9.26829823379,9.33254300797,9.30036514754,0.000496589398712
4200,9.33254300797,9.39723310565,9.36483219894,0.00111202884765
4200,9.39723310565,9.46237161366,9.4297461146,0.000536529915251
4200,9.46237161366,9.52796164024,9.49510999202,0.000780975524569
4200,9.52796164024,9.59400631516,9.5609269502,0.00045597518224
4200,9.59400631516,9.6605087899,9.62720012973,0.000904204147123
4200,9.6605087899,9.72747223777,9.693932693,0.000430877925822
4200,9.72747223777,9.79489985409,9.7611278243,0.00119650566634
4200,9.79489985409,9.86279485631,9.82878873,0.00068470185669
4200,9.86279485631,9.93116048421,9.89691863869,0.000724542216252
4200,9.93116048421,10,9.96552080135,0.467252647801
4400,0.01,0.0100693166885,0.0100345984915,0
4400,0.0100693166885,0.0101391138574,0.0101041550053,0
4400,0.0101391138574,0.0102093948371,0.0101741936618,0
4400,0.0102093948371,0.0102801629813,0.0102447178031,0
4400,0.0102801629813,0.0103514216668,0.0103157307944,0
4400,0.0103514216668,0.0104231742939,0.0103872360242,0
4400,0.0104231742939,0.0104954242865,0.0104592369046,0
4400,0.0104954242865,0.0105681750921,0.0105317368713,0
4400,0.0105681750921,0.0106414301822,0.0106047393837,0
4400,0.0106414301822,0.0107151930524,0.0106782479254,0
4400,0.0107151930524,0.0107894672223,0.0107522660039,0
4400,0.0107894672223,0.0108642562362,0.0108267971513,0
4400,0.0108642562362,0.0109395636627,0.0109018449239,0
4400,0.0109395636627,0.0110153930954,0.0109774129027,0
4400,0.0110153930954,0.0110917481526,0.0110535046938,0
4400,0.0110917481526,0.0111686324778,0.011130123928,0
4400,0.0111686324778,0.0112460497397,0.0112072742614,0
4400,0.0112460497397,0.0113240036324,0.0112849593753,0
4400,0.0113240036324,0.0114024978756,0.0113631829767,0
4400,0.0114024978756,0.011481536215,0.0114419487982,0
4400,0.011481536215,0.0115611224219,0.0115212605983,0
4400,0.0115611224219,0.0116412602941,0.0116011221615,0
4400,0.0116412602941,0.0117219536555,0.0116815372986,0
4400,0.0117219536555,0.0118032063565,0.0117625098468,0
4400,0.0118032063565,0.0118850222744,0.01184404367,0
4400,0.0118850222744,0.0119674053131,0.0119261426586,0
4400,0.0119674053131,0.0120503594037,0.0120088107301,0
4400,0.0120503594037,0.0121338885046,0.0120920518294,0
4400,0.0121338885046,0.0122179966016,0.0121758699285,0
4400,0.0122179966016,0.0123026877081,0.0122602690268,0
4400,0.0123026877081,0.0123879658653,0.0123452531517,0
4400,0.0123879658653,0.0124738351424,0.0124308263584,0
4400,0.0124738351424,0.0125602996369,0.0125169927303,0
4400,0.0125602996369,0.0126473634747,0.0126037563789,0
4400,0.0126473634747,0.0127350308102,0.0126911214445,0
4400,0.0127350308102,0.0128233058266,0.0127790920957,0
4400,0.0128233058266,0.0129121927361,0.0128676725303,0
4400,0.0129121927361,0.0130016957803,0.0129568669752,0
4400,0.0130016957803,0.01309181923,0.0130466796864,0
4400,0.01309181923,0.0131825673856,0.0131371149496,0
4400,0.0131825673856,0.0132739445773,0.0132281770801,0
4400,0.0132739445773,0.0133659551655,0.0133198704231,0
4400,0.0133659551655,0.0134586035406,0.0134121993541,0
4400,0.0134586035406,0.0135518941235,0.0135051682786,0
4400,0.0135518941235,0.0136458313659,0.0135987816328,0
4400,0.0136458313659,0.0137404197501,0.0136930438839,0
4400,0.0137404197501,0.0138356637897,0.0137879595297,0
4400,0.0138356637897,0.0139315680295,0.0138835330993,0
4400,0.0139315680295,0.0140281370456,0.0139797691532,0
4400,0.0140281370456,0.0141253754462,0.0140766722836,0
4400,0.0141253754462,0.0142232878712,0.0141742471144,0
4400,0.0142232878712,0.0143218789927,0.0142724983016,0
4400,0.0143218789927,0.0144211535152,0.0143714305336,0
4400,0.0144211535152,0.0145211161759,0.0144710485309,0
4400,0.0145211161759,0.0146217717446,0.0145713570473,0
4400,0.0146217717446,0.0147231250243,0.0146723608691,0
4400,0.0147231250243,0.0148251808515,0.0147740648159,0
4400,0.0148251808515,0.0149279440958,0.0148764737408,0
4400,0.0149279440958,0.0150314196609,0.0149795925304,0
4400,0.0150314196609,0.0151356124844,0.0150834261054,0
4400,0.0151356124844,0.015240527538,0.0151879794203,0
4400,0.015240527538,0.015346169828,0.0152932574642,0
4400,0.015346169828,0.0154525443954,0.0153992652606,0
4400,0.0154525443954,0.0155596563161,0.0155060078679,0
4400,0.0155596563161,0.0156675107011,0.0156134903797,0
4400,0.0156675107011,0.015776112697,0.0157217179246,0
4400,0.015776112697,0.015885467486,0.0158306956671,0
4400,0.015885467486,0.0159955802861,0.0159404288071,0
4400,0.0159955802861,0.0161064563518,0.016050922581,0
4400,0.0161064563518,0.0162181009736,0.0161621822611,0
4400,0.0162181009736,0.0163305194789,0.0162742131564,0
4400,0.0163305194789,0.0164437172321,0.0163870206128,0
4400,0.0164437172321,0.0165576996347,0.0165006100132,0
4400,0.0165576996347,0.0166724721255,0.0166149867777,0
4400,0.0166724721255,0.0167880401812,0.016730156364,0
4400,0.0167880401812,0.0169044093164,0.0168461242677,0
4400,0.0169044093164,0.0170215850839,0.0169628960226,0
4400,0.0170215850839,0.0171395730751,0.0170804772006,0
4400,0.0171395730751,0.0172583789199,0.0171988734124,0
4400,0.0172583789199,0.0173780082875,0.0173180903075,0
4400,0.0173780082875,0.0174984668862,0.0174381335747,0
4400,0.0174984668862,0.0176197604641,0.017559008942,0
4400,0.0176197604641,0.0177418948089,0.0176807221773,0
4400,0.0177418948089,0.0178648757485,0.0178032790885,0
4400,0.0178648757485,0.0179887091513,0.0179266855237,0
4400,0.0179887091513,0.0181134009262,0.0180509473713,0
4400,0.0181134009262,0.0182389570232,0.018176070561,0
4400,0.0182389570232,0.0183653834335,0.0183020610631,0
4400,0.0183653834335,0.0184926861898,0.0184289248897,0
4400,0.0184926861898,0.0186208713666,0.0185566680943,0
4400,0.0186208713666,0.0187499450807,0.0186852967726,0
4400,0.0187499450807,0.018879913491,0.0188148170622,0
4400,0.018879913491,0.0190107827992,0.0189452351436,0
4400,0.0190107827992,0.0191425592502,0.0190765572399,0
4400,0.0191425592502,0.0192752491319,0.0192087896175,0
4400,0.0192752491319,0.0194088587759,0.0193419385862,0
4400,0.0194088587759,0.0195433945578,0.0194760104994,0
4400,0.0195433945578,0.0196788628971,0.0196110117548,0
4400,0.0196788628971,0.0198152702581,0.0197469487941,0
4400,0.0198152702581,0.0199526231497,0.019883828104,0
4400,0.0199526231497,0.0200909281261,0.0200216562159,0
4400,0.0200909281261,0.0202301917868,0.0201604397066,0
4400,0.0202301917868,0.0203704207771,0.0203001851986,0
4400,0.0203704207771,0.0205116217883,0.02044089936,0
4400,0.0205116217883,0.0206538015581,0.0205825889054,0
4400,0.0206538015581,0.020796966871,0.0207252605958,0
4400,0.020796966871,0.0209411245585,0.0208689212391,0
4400,0.0209411245585,0.0210862814993,0.0210135776905,0
4400,0.0210862814993,0.02123244462,0.0211592368524,0
4400,0.02123244462,0.021379620895,0.0213059056754,0
4400,0.021379620895,0.0215278173472,0.0214535911582,0
4400,0.0215278173472,0.0216770410482,0.0216023003477,0
4400,0.0216770410482,0.0218272991184,0.0217520403402,0
4400,0.0218272991184,0.0219785987278,0.0219028182807,0
4400,0.0219785987278,0.0221309470961,0.0220546413639,0
4400,0.0221309470961,0.0222843514927,0.0222075168345,0
4400,0.0222843514927,0.0224388192378,0.0223614519872,0
4400,0.0224388192378,0.0225943577022,0.0225164541674,0
4400,0.0225943577022,0.0227509743077,0.0226725307715,0
4400,0.0227509743077,0.0229086765277,0.0228296892468,0
4400,0.0229086765277,0.0230674718872,0.0229879370926,0
4400,0.0230674718872,0.0232273679636,0.0231472818602,0
4400,0.0232273679636,0.0233883723866,0.0233077311528,0
4400,0.0233883723866,0.023550492839,0.0234692926269,0
4400,0.023550492839,0.0237137370566,0.0236319739915,0
4400,0.0237137370566,0.0238781128291,0.0237957830096,0
4400,0.0238781128291,0.0240436280001,0.0239607274975,0
4400,0.0240436280001,0.0242102904674,0.0241268153259,0
4400,0.0242102904674,0.0243781081837,0.0242940544202,0
4400,0.0243781081837,0.0245470891569,0.0244624527605,0
4400,0.0245470891569,0.0247172414502,0.0246320183824,0
4400,0.0247172414502,0.0248885731828,0.0248027593769,0
4400,0.0248885731828,0.0250610925303,0.0249746838915,0
4400,0.0250610925303,0.0252348077248,0.02514780013,0
4400,0.0252348077248,0.0254097270555,0.0253221163528,0
4400,0.0254097270555,0.0255858588691,0.025497640878,0
4400,0.0255858588691,0.02576321157,0.0256743820811,0
4400,0.02576321157,0.0259417936212,0.0258523483956,0
4400,0.0259417936212,0.026121613544,0.0260315483137,0
4400,0.026121613544,0.026302679919,0.0262119903864,0
4400,0.026302679919,0.0264850013861,0.0263936832237,2.0676120816e-05
4400,0.0264850013861,0.0266685866452,0.0265766354955,0
4400,0.0266685866452,0.0268534444566,0.026760855932,0
4400,0.0268534444566,0.0270395836411,0.0269463533235,1.40724881952e-05
4400,0.0270395836411,0.0272270130808,0.0271331365215,1.37794076534e-05
4400,0.0272270130808,0.0274157417193,0.0273212144388,3.6652558635e-06
4400,0.0274157417193,0.0276057785622,0.0275105960499,0
4400,0.0276057785622,0.0277971326776,0.0277012903916,0
4400,0.0277971326776,0.0279898131963,0.0278933065634,8.69674394923e-06
4400,0.0279898131963,0.0281838293126,0.0280866537277,0
4400,0.0281838293126,0.0283791902844,0.0282813411105,0
4400,0.0283791902844,0.0285759054337,0.0284773780017,0
4400,0.0285759054337,0.0287739841474,0.0286747737558,2.29020456259e-05
4400,0.0287739841474,0.028973435877,0.0288735377919,4.75135374583e-06
4400,0.028973435877,0.02917427014,0.0290736795944,2.45508410897e-05
4400,0.02917427014,0.0293764965196,0.0292752087137,4.42258374314e-05
4400,0.0293764965196,0.0295801246655,0.0294781347661,3.61044719868e-05
4400,0.0295801246655,0.0297851642943,0.0296824674346,1.49514165437e-05
4400,0.0297851642943,0.0299916251899,0.0298882164696,2.69695163491e-05
4400,0.0299916251899,0.030199517204,0.0300953916887,1.08365815364e-05
4400,0.030199517204,0.0304088502568,0.0303040029779,1.3836068928e-05
4400,0.0304088502568,0.0306196343369,0.0305140602914,2.77134967994e-05
4400,0.0306196343369,0.0308318795025,0.0307255736527,4.91947227778e-05
4400,0.0308318795025,0.0310455958813,0.0309385531545,4.76435638837e-05
4400,0.0310455958813,0.0312607936712,0.0311530089597,2.59072371857e-05
4400,0.0312607936712,0.031477483141,0.0313689513016,1.57551302001e-05
4400,0.031477483141,0.0316956746304,0.0315863904842,5.64606970547e-05
4400,0.0316956746304,0.031915378551,0.0318053368833,1.32810169233e-05
4400,0.031915378551,0.0321366053864,0.0320258009463,6.02260095831e-06
4400,0.0321366053864,0.032359365693,0.0322477931932,2.07074867062e-05
4400,0.032359365693,0.0325836701002,0.0324713242168,2.20029662217e-05
4400,0.0325836701002,0.0328095293113,0.0326964046834,4.44265625901e-05
4400,0.0328095293113,0.0330369541037,0.0329230453333,8.07694376995e-05
4400,0.0330369541037,0.0332659553294,0.0331512569812,5.93170672198e-05
4400,0.0332659553294,0.0334965439158,0.0333810505166,0.000162521991688
4400,0.0334965439158,0.0337287308659,0.0336124369047,3.55121779708e-05
4400,0.0337287308659,0.033962527259,0.0338454271866,0.000103873001588
4400,0.033962527259,0.0341979442514,0.03408003248,8.05990253531e-05
4400,0.0341979442514,0.0344349930763,0.0343162639796,0.000112086599441
4400,0.0344349930763,0.0346736850453,0.0345541329578,7.53771031765e-05
4400,0.0346736850453,0.0349140315479,0.0347936507649,5.97533174057e-05
4400,0.0349140315479,0.0351560440528,0.0350348288302,9.3167054584e-05
4400,0.0351560440528,0.0353997341083,0.0352776786619,7.30599372717e-05
4400,0.0353997341083,0.0356451133426,0.0355222118482,0.000126494969459
4400,0.0356451133426,0.0358921934645,0.0357684400576,0.000135284766298
4400,0.0358921934645,0.036140986264,0.0360163750395,0.000119813910372
4400,0.036140986264,0.0363915036127,0.0362660286245,6.40609391704e-05
4400,0.0363915036127,0.0366437574648,0.0365174127255,0.000174236730381
4400,0.0366437574648,0.036897759857,0.0367705393378,0.000103706382667
4400,0.036897759857,0.0371535229097,0.03702542054,4.86441140841e-05
4400,0.0371535229097,0.0374110588272,0.0372820684943,0.000181032915844
4400,0.0374110588272,0.0376703798984,0.0375404954472,0.000101873978507
4400,0.0376703798984,0.0379314984974,0.0378007137302,9.27889809182e-05
4400,0.0379314984974,0.038194427084,0.0380627357601,0.000202350877236
4400,0.038194427084,0.0384591782045,0.03832657404,0.000292933705035
4400,0.0384591782045,0.0387257644922,0.0385922411595,0.000256448818051
4400,0.0387257644922,0.0389941986677,0.0388597497954,0.000140885302434
4400,0.0389941986677,0.03926449354,0.0391291127127,0.000170396351628
4400,0.03926449354,0.0395366620068,0.0394003427645,0.000150566009264
4400,0.0395366620068,0.0398107170553,0.0396734528932,0.000203297377515
4400,0.0398107170553,0.0400866717627,0.0399484561308,9.02055298091e-05
4400,0.0400866717627,0.0403645392968,0.0402253655999,0.00020460154512
4400,0.0403645392968,0.0406443329165,0.0405041945136,0.000220616200256
4400,0.0406443329165,0.040926065973,0.0407849561771,0.000369538067812
4400,0.040926065973,0.0412097519097,0.0410676639875,0.000212334783698
4400,0.0412097519097,0.0414954042634,0.0413523314348,0.000209158499152
4400,0.0414954042634,0.0417830366647,0.0416389721025,0.000218879191129
4400,0.0417830366647,0.0420726628384,0.0419275996685,0.000209788850709
4400,0.0420726628384,0.042364296605,0.0422182279051,0.000293550535966
4400,0.042364296605,0.0426579518802,0.0425108706805,0.000286643395161
4400,0.0426579518802,0.0429536426765,0.0428055419586,0.000201120315378
4400,0.0429536426765,0.0432513831035,0.0431022558005,0.000225547055695
4400,0.0432513831035,0.0435511873686,0.0434010263645,0.000185190855647
4400,0.0435511873686,0.0438530697775,0.0437018679071,0.000199615602064
4400,0.0438530697775,0.0441570447353,0.0440047947836,0.000285221756637
4400,0.0441570447353,0.0444631267469,0.0443098214489,0.000214782698616
4400,0.0444631267469,0.0447713304176,0.0446169624581,0.000269849426678
4400,0.0447713304176,0.0450816704541,0.044926232467,0.000314252607173
4400,0.0450816704541,0.045394161665,0.0452376462332,0.000372634947224
4400,0.045394161665,0.0457088189615,0.0455512186166,0.000302108238873
4400,0.0457088189615,0.0460256573581,0.0458669645798,0.000268729033485
4400,0.0460256573581,0.0463446919736,0.0461848991895,0.000385408973235
4400,0.0463446919736,0.0466659380314,0.0465050376167,0.000398569477142
4400,0.0466659380314,0.0469894108605,0.0468273951374,0.000350398156304
4400,0.0469894108605,0.0473151258961,0.0471519871336,0.000369487809224
4400,0.0473151258961,0.0476430986805,0.0474788290942,0.000367945427239
4400,0.0476430986805,0.0479733448637,0.0478079366149,0.000445928428314
4400,0.0479733448637,0.048305880204,0.0481393254,0.000448306125266
4400,0.048305880204,0.0486407205691,0.0484730112624,0.000580229580631
4400,0.0486407205691,0.0489778819368,0.0488090101248,0.00044053173995
4400,0.0489778819368,0.0493173803955,0.0491473380199,0.000628277754553
4400,0.0493173803955,0.049659232145,0.049488011092,0.00067200452583
4400,0.049659232145,0.0500034534977,0.0498310455971,0.000467068580171
4400,0.0500034534977,0.0503500608788,0.0501764579037,0.000516509493563
4400,0.0503500608788,0.0506990708275,0.050524264494,0.000414887145654
4400,0.0506990708275,0.0510504999975,0.0508744819645,0.00044144659198
4400,0.0510504999975,0.0514043651582,0.0512271270265,0.000518636462984
4400,0.0514043651582,0.0517606831951,0.0515822165072,0.000623369896564
4400,0.0517606831951,0.0521194711105,0.0519397673507,0.000590302809167
4400,0.0521194711105,0.052480746025,0.0522997966182,0.000597602407832
4400,0.052480746025,0.0528445251775,0.0526623214894,0.000520904558889
4400,0.0528445251775,0.0532108259267,0.0530273592629,0.000694478507056
4400,0.0532108259267,0.0535796657513,0.0533949273574,0.000613840725195
4400,0.0535796657513,0.0539510622515,0.0537650433122,0.000467064918911
4400,0.0539510622515,0.0543250331492,0.0541377247883,0.000665781589694
4400,0.0543250331492,0.0547015962894,0.0545129895689,0.000555491600047
4400,0.0547015962894,0.0550807696405,0.0548908555607,0.000818658426618
4400,0.0550807696405,0.0554625712958,0.0552713407944,0.00046153027132
4400,0.0554625712958,0.0558470194737,0.0556544634258,0.000735506924975
4400,0.0558470194737,0.056234132519,0.0560402417364,0.000574300805482
4400,0.056234132519,0.0566239289038,0.0564286941345,0.000677786386557
4400,0.0566239289038,0.0570164272281,0.056819839156,0.00061273771742
4400,0.0570164272281,0.0574116462207,0.0572136954652,0.000612517327067
4400,0.0574116462207,0.0578096047406,0.057610281856,0.000707917415292
4400,0.0578096047406,0.0582103217771,0.0580096172523,0.000722355192956
4400,0.0582103217771,0.0586138164514,0.0584117207093,0.000917562956945
4400,0.0586138164514,0.0590201080172,0.0588166114143,0.000777928225366
4400,0.0590201080172,0.0594292158616,0.0592243086876,0.000635708924551
4400,0.0594292158616,0.059841159506,0.0596348319834,0.000759052456465
4400,0.059841159506,0.0602559586074,0.0600482008908,0.000786414439353
4400,0.0602559586074,0.0606736329589,0.0604644351345,0.000802012839405
4400,0.0606736329589,0.0610942024906,0.0608835545761,0.000677330689567
4400,0.0610942024906,0.061517687271,0.061305579215,0.000769533896843
4400,0.061517687271,0.0619441075077,0.0617305291889,0.000827127415687
4400,0.0619441075077,0.0623734835482,0.0621584247753,0.000718855484344
4400,0.0623734835482,0.0628058358813,0.0625892863921,0.00114316377748
4400,0.0628058358813,0.0632411851376,0.0630231345991,0.00110067546369
4400,0.0632411851376,0.0636795520908,0.0634599900981,0.00055642327415
4400,0.0636795520908,0.0641209576585,0.0638998737348,0.000771606997778
4400,0.0641209576585,0.0645654229035,0.0643428064992,0.000973641453939
4400,0.0645654229035,0.0650129690343,0.0647888095269,0.000775044653068
4400,0.0650129690343,0.0654636174067,0.0652379040998,0.00107553775731
4400,0.0654636174067,0.0659173895244,0.0656901116476,0.00097559973235
4400,0.0659173895244,0.0663743070402,0.0661454537484,0.00104231651888
4400,0.0663743070402,0.0668343917569,0.0666039521298,0.000959099555235
4400,0.0668343917569,0.0672976656284,0.0670656286702,0.00084357176611
4400,0.0672976656284,0.0677641507611,0.0675305053995,0.000934283365431
4400,0.0677641507611,0.0682338694142,0.0679986045003,0.00094463830299
4400,0.0682338694142,0.0687068440014,0.0684699483091,0.00117559455992
4400,0.0687068440014,0.0691830970919,0.0689445593171,0.00101631798078
4400,0.0691830970919,0.0696626514111,0.0694224601714,0.00101094990108
4400,0.0696626514111,0.070145529842,0.0699036736762,0.000943859208745
4400,0.070145529842,0.0706317554263,0.0703882227936,0.00116110995587
4400,0.0706317554263,0.0711213513653,0.0708761306451,0.000994502911551
4400,0.0711213513653,0.0716143410213,0.0713674205122,0.00120783126262
4400,0.0716143410213,0.0721107479183,0.071862115838,0.000768500335431
4400,0.0721107479183,0.0726105957435,0.072360240228,0.00108163443891
4400,0.0726105957435,0.0731139083483,0.0728618174513,0.0013628310581
4400,0.0731139083483,0.0736207097495,0.0733668714418,0.00113035517813
4400,0.0736207097495,0.0741310241301,0.0738754262994,0.00104150233653
4400,0.0741310241301,0.074644875841,0.0743875062908,0.000948846543197
4400,0.074644875841,0.0751622894018,0.0749031358511,0.00141849024913
4400,0.0751622894018,0.0756832895021,0.0754223395848,0.00106653961332
4400,0.0756832895021,0.0762079010025,0.0759451422668,0.00109529479827
4400,0.0762079010025,0.0767361489362,0.0764715688439,0.000862977594558
4400,0.0767361489362,0.0772680585096,0.0770016444357,0.00111934207096
4400,0.0772680585096,0.077803655104,0.077535394336,0.00112093820594
4400,0.077803655104,0.0783429642766,0.0780728440138,0.00119662220618
4400,0.0783429642766,0.0788860117619,0.0786140191148,0.00107545097336
4400,0.0788860117619,0.0794328234724,0.0791589454624,0.0011978407796
4400,0.0794328234724,0.0799834255007,0.079707649059,0.00120938801365
4400,0.0799834255007,0.0805378441199,0.0802601560873,0.00122616791877
4400,0.0805378441199,0.0810961057854,0.0808164929113,0.00122525228145
4400,0.0810961057854,0.0816582371359,0.0813766860779,0.000926072071029
4400,0.0816582371359,0.0822242649947,0.081940762318,0.000906269161775
4400,0.0822242649947,0.0827942163712,0.0825087485479,0.0012370083831
4400,0.0827942163712,0.083368118462,0.0830806718702,0.00123623897673
4400,0.083368118462,0.0839459986519,0.0836565595756,0.00133096570783
4400,0.0839459986519,0.084527884516,0.0842364391438,0.00135956362734
4400,0.084527884516,0.0851138038202,0.0848203382452,0.0010867167128
4400,0.0851138038202,0.085703784523,0.0854082847419,0.0011249195635
4400,0.085703784523,0.0862978547767,0.0860003066889,0.00111110049025
4400,0.0862978547767,0.0868960429286,0.086596432336,0.00144553780581
4400,0.0868960429286,0.0874983775227,0.0871966901287,0.00126431746039
4400,0.0874983775227,0.0881048873008,0.0878011087097,0.00136082810987
4400,0.0881048873008,0.0887156012038,0.08840971692,0.00111269610831
4400,0.0887156012038,0.0893305483733,0.089022543801,0.00121927840871
4400,0.0893305483733,0.089949758153,0.089639618595,0.00136958833169
4400,0.089949758153,0.0905732600898,0.0902609707471,0.00145896600879
4400,0.0905732600898,0.0912010839356,0.0908866299066,0.00120803511652
4400,0.0912010839356,0.0918332596484,0.0915166259281,0.00144977409628
4400,0.0918332596484,0.0924698173938,0.0921509888735,0.00130490496636
4400,0.0924698173938,0.0931107875468,0.0927897490127,0.00124809021227
4400,0.0931107875468,0.0937562006926,0.0934329368257,0.00141913081514
4400,0.0937562006926,0.0944060876286,0.0940805830037,0.0015980977168
4400,0.0944060876286,0.0950604793656,0.0947327184504,0.00149132410383
4400,0.0950604793656,0.0957194071295,0.0953893742842,0.00184931170984
4400,0.0957194071295,0.0963829023624,0.0960505818387,0.00180927254284
4400,0.0963829023624,0.0970509967245,0.096716372665,0.00126910564125
4400,0.0970509967245,0.0977237220956,0.0973867785329,0.00140260200983
4400,0.0977237220956,0.0984011105761,0.0980618314322,0.00118188538153
4400,0.0984011105761,0.0990831944893,0.0987415635747,0.00128512335903
4400,0.0990831944893,0.0997700063823,0.0994260073953,0.00163095461312
4400,0.0997700063823,0.100461579028,0.100115195554,0.00153784693945
4400,0.100461579028,0.101157945426,0.100809160936,0.00201667102396
4400,0.101157945426,0.101859138805,0.101507936657,0.00167839183393
4400,0.101859138805,0.102565192625,0.10221155606,0.0015445641026
4400,0.102565192625,0.103276140576,0.102920052719,0.0015595572037
4400,0.103276140576,0.103992016583,0.103633460443,0.00118173418966
4400,0.103992016583,0.104712854805,0.104351813273,0.00128988370032
4400,0.104712854805,0.105438689639,0.105075145487,0.00131779371777
4400,0.105438689639,0.10616955572,0.1058034916,0.00160185972655
4400,0.10616955572,0.106905487922,0.106536886367,0.00131378290037
4400,0.106905487922,0.107646521363,0.107275364784,0.00157431247771
4400,0.107646521363,0.108392691402,0.108018962088,0.00162562862126
4400,0.108392691402,0.109144033645,0.108767713763,0.0012505578376
4400,0.109144033645,0.109900583943,0.109521655537,0.00131097520521
4400,0.109900583943,0.110662378398,0.110280823385,0.00138137778357
4400,0.110662378398,0.111429453359,0.111045253533,0.00154549947747
4400,0.111429453359,0.11220184543,0.111814982458,0.0014836166774
4400,0.11220184543,0.112979591467,0.112590046889,0.00177850189935
4400,0.112979591467,0.113762728582,0.113370483811,0.00148435293774
4400,0.113762728582,0.114551294145,0.114156330462,0.00172440146902
4400,0.114551294145,0.115345325782,0.114947624342,0.00212255567137
4400,0.115345325782,0.116144861384,0.115744403209,0.00188033657973
4400,0.116144861384,0.116949939102,0.116546705084,0.00142179221821
4400,0.116949939102,0.117760597352,0.117354568249,0.00173241976194
4400,0.117760597352,0.118576874817,0.118168031254,0.00135457630477
4400,0.118576874817,0.119398810446,0.118987132916,0.00180795564645
4400,0.119398810446,0.120226443462,0.119811912319,0.00156861914823
4400,0.120226443462,0.121059813355,0.12064240882,0.00214112732798
4400,0.121059813355,0.121898959892,0.121478662047,0.00153333557722
4400,0.121898959892,0.122743923116,0.122320711905,0.0015415801456
4400,0.122743923116,0.123594743344,0.123168598574,0.0017133734893
4400,0.123594743344,0.124451461177,0.124022362512,0.00124895849879
4400,0.124451461177,0.125314117494,0.124882044459,0.00145081528981
4400,0.125314117494,0.126182753459,0.125747685437,0.00177256324833
4400,0.126182753459,0.127057410521,0.126619326751,0.00164838251434
4400,0.127057410521,0.127938130416,0.127497009994,0.00149870603022
4400,0.127938130416,0.128824955169,0.128380777047,0.00157125227713
4400,0.128824955169,0.129717927098,0.129270670081,0.00156736958965
4400,0.129717927098,0.130617088813,0.130166731558,0.00177096195169
4400,0.130617088813,0.131522483219,0.131069004237,0.00168842578937
4400,0.131522483219,0.132434153519,0.131977531171,0.00140024472283
4400,0.132434153519,0.133352143216,0.132892355713,0.00166518348382
4400,0.133352143216,0.134276496114,0.133813521515,0.00175512614386
4400,0.134276496114,0.135207256319,0.134741072534,0.00158375820614
4400,0.135207256319,0.136144468247,0.13567505303,0.00185605961873
4400,0.136144468247,0.137088176616,0.136615507569,0.00165479623927
4400,0.137088176616,0.13803842646,0.137562481028,0.00159512171505
4400,0.13803842646,0.138995263121,0.138516018592,0.00160945709473
4400,0.138995263121,0.139958732257,0.139476165764,0.00212836497466
4400,0.139958732257,0.140928879842,0.140442968358,0.00173268183863
4400,0.140928879842,0.141905752169,0.141416472507,0.00219876366651
4400,0.141905752169,0.142889395851,0.142396724665,0.00198963517159
4400,0.142889395851,0.143879857826,0.143383771606,0.00185243954693
4400,0.143879857826,0.144877185354,0.144377660429,0.00197896343476
4400,0.144877185354,0.145881426028,0.145378438561,0.00193634774119
4400,0.145881426028,0.146892627764,0.146386153755,0.00212093194028
4400,0.146892627764,0.147910838817,0.147400854097,0.00163907894862
4400,0.147910838817,0.148936107771,0.148422588006,0.0016585618248
4400,0.148936107771,0.14996848355,0.149451404237,0.00189572992101
4400,0.14996848355,0.151008015416,0.15048735188,0.00182894839924
4400,0.151008015416,0.152054752973,0.15153048037,0.00142726684007
4400,0.152054752973,0.153108746168,0.152580839481,0.00194119656252
4400,0.153108746168,0.154170045295,0.153638479333,0.00192125636088
4400,0.154170045295,0.155238700996,0.154703450395,0.00140374357215
4400,0.155238700996,0.156314764264,0.155775803483,0.00199713352405
4400,0.156314764264,0.157398286447,0.156855589768,0.00154985297212
4400,0.157398286447,0.158489319246,0.157942860774,0.00126645080191
4400,0.158489319246,0.159587914724,0.159037668382,0.00186034922602
4400,0.159587914724,0.160694125301,0.160140064834,0.00159072354042
4400,0.160694125301,0.161808003764,0.161250102734,0.00200476929617
4400,0.161808003764,0.162929603264,0.162367835048,0.00197836096441
4400,0.162929603264,0.16405897732,0.163493315113,0.0015153964298
4400,0.16405897732,0.165196179823,0.164626596633,0.00177604488579
4400,0.165196179823,0.166341265037,0.165767733685,0.00196242466147
4400,0.166341265037,0.167494287603,0.166916780721,0.00207157461743
4400,0.167494287603,0.168655302539,0.168073792571,0.00157628540149
4400,0.168655302539,0.169824365246,0.169238824444,0.00195395728897
4400,0.169824365246,0.171001531509,0.170411931932,0.00176401400261
4400,0.171001531509,0.172186857499,0.171593171012,0.00165305928163
4400,0.172186857499,0.173380399775,0.172782598051,0.00194491310254
4400,0.173380399775,0.174582215292,0.173980269804,0.00188576300572
4400,0.174582215292,0.175792361396,0.175186243421,0.00202262167924
4400,0.175792361396,0.177010895832,0.176400576448,0.00173047355478
4400,0.177010895832,0.178237876745,0.177623326829,0.00159943793904
4400,0.178237876745,0.179473362683,0.178854552911,0.00187906184369
4400,0.179473362683,0.180717412601,0.180094313444,0.00166925288955
4400,0.180717412601,0.181970085861,0.181342667587,0.00194640463
4400,0.181970085861,0.183231442237,0.182599674907,0.00168479782613
4400,0.183231442237,0.184501541918,0.183865395386,0.00161693307762
4400,0.184501541918,0.185780445509,0.185139889421,0.00181820833149
4400,0.185780445509,0.187068214037,0.186423217825,0.00183565848284
4400,0.187068214037,0.188364908949,0.187715441838,0.0017749902394
4400,0.188364908949,0.189670592121,0.189016623119,0.00151942577887
4400,0.189670592121,0.190985325857,0.190326823758,0.00193388921013
4400,0.190985325857,0.192309172891,0.191646106274,0.00178703188801
4400,0.192309172891,0.193642196395,0.192974533619,0.00203338181169
4400,0.193642196395,0.194984459976,0.194312169183,0.00154550732445
4400,0.194984459976,0.196336027684,0.195659076793,0.00199830988888
4400,0.196336027684,0.197696964011,0.197015320722,0.00155175359912
4400,0.197696964011,0.199067333899,0.198380965684,0.00124277278677
4400,0.199067333899,0.200447202737,0.199756076844,0.00180654942198
4400,0.200447202737,0.201836636368,0.20114071982,0.0018801874559
4400,0.201836636368,0.203235701094,0.202534960682,0.00173450768454
4400,0.203235701094,0.204644463672,0.203938865961,0.00173321030009
4400,0.204644463672,0.206062991327,0.205352502646,0.00209946266018
4400,0.206062991327,0.207491351745,0.206775938192,0.00173080211272
4400,0.207491351745,0.208929613085,0.208209240522,0.00155067855936
4400,0.208929613085,0.210377843977,0.209652478029,0.00161222711358
4400,0.210377843977,0.211836113525,0.211105719581,0.00167004035043
4400,0.211836113525,0.213304491315,0.212569034522,0.00151118344536
4400,0.213304491315,0.214783047413,0.214042492677,0.00191418486988
4400,0.214783047413,0.216271852373,0.215526164357,0.00179675812874
4400,0.216271852373,0.217770977235,0.217020120357,0.0017422335881
4400,0.217770977235,0.219280493535,0.218524431965,0.00179523311991
4400,0.219280493535,0.220800473302,0.220039170964,0.00174372927351
4400,0.220800473302,0.222330989065,0.221564409631,0.00147533755524
4400,0.222330989065,0.223872113857,0.223100220748,0.00148933480503
4400,0.223872113857,0.225423921215,0.224646677599,0.00189995659657
4400,0.225423921215,0.226986485188,0.226203853977,0.00165979822849
4400,0.226986485188,0.228559880338,0.227771824186,0.00191919596388
4400,0.228559880338,0.230144181741,0.229350663045,0.00196267885935
4400,0.230144181741,0.231739464997,0.230940445892,0.00150826634537
4400,0.231739464997,0.233345806228,0.232541248587,0.00176609477282
4400,0.233345806228,0.234963282085,0.234153147517,0.0015181827659
4400,0.234963282085,0.236591969749,0.235776219596,0.00167016635284
4400,0.236591969749,0.238231946936,0.237410542273,0.00188859712208
4400,0.238231946936,0.239883291902,0.239056193534,0.00199628926127
4400,0.239883291902,0.241546083444,0.240713251905,0.00140073300576
4400,0.241546083444,0.243220400907,0.242381796455,0.0020670608513
4400,0.243220400907,0.244906324184,0.244061906804,0.00191654184437
4400,0.244906324184,0.246603933723,0.245753663122,0.00176520356353
4400,0.246603933723,0.24831331053,0.247457146133,0.00165681687889
4400,0.24831331053,0.25003453617,0.249172437125,0.00223324192314
4400,0.25003453617,0.251767692776,0.250899617947,0.00281997509757
4400,0.251767692776,0.25351286305,0.252638771013,0.0026778840137
4400,0.25351286305,0.255270130266,0.254389979313,0.00270579919211
4400,0.255270130266,0.257039578277,0.256153326409,0.0021893692855
4400,0.257039578277,0.258821291515,0.257928896443,0.00256930691964
4400,0.258821291515,0.260615355,0.25971677414,0.00232374226754
4400,0.260615355,0.262421854338,0.261517044814,0.00287179839775
4400,0.262421854338,0.264240875732,0.263329794368,0.00251841806081
4400,0.264240875732,0.26607250598,0.265155109301,0.00268505323274
4400,0.26607250598,0.267916832482,0.266993076713,0.00268033278411
4400,0.267916832482,0.269773943244,0.268843784306,0.002854419914
4400,0.269773943244,0.271643926884,0.270707320392,0.00254875274236
4400,0.271643926884,0.273526872631,0.272583773893,0.00201860030284
4400,0.273526872631,0.275422870334,0.274473234348,0.00243575085775
4400,0.275422870334,0.277332010465,0.276375791917,0.00293264283781
4400,0.277332010465,0.279254384124,0.278291537385,0.00235072584707
4400,0.279254384124,0.28119008304,0.280220562167,0.00227770792504
4400,0.28119008304,0.28313919958,0.282162958309,0.00219187851425
4400,0.28313919958,0.28510182675,0.284118818498,0.0024073021623
4400,0.28510182675,0.287078058202,0.286088236063,0.00249564737934
4400,0.287078058202,0.289067988237,0.288071304978,0.0025219421102
4400,0.289067988237,0.291071711807,0.290068119869,0.00235146705016
4400,0.291071711807,0.293089324525,0.292078776021,0.00221831976686
4400,0.293089324525,0.295120922667,0.294103369375,0.0023753519349
4400,0.295120922667,0.297166603174,0.296141996539,0.00259259861237
4400,0.297166603174,0.299226463661,0.298194754793,0.00280138429316
4400,0.299226463661,0.301300602419,0.300261742086,0.00164546916492
4400,0.301300602419,0.303389118419,0.302343057051,0.00201548925087
4400,0.303389118419,0.305492111322,0.304438799002,0.00252875550879
4400,0.305492111322,0.307609681474,0.306549067943,0.00191815889971
4400,0.307609681474,0.309741929922,0.308673964568,0.00178430807109
4400,0.309741929922,0.311888958409,0.310813590274,0.00280217828854
4400,0.311888958409,0.314050869388,0.312968047156,0.00193825222572
4400,0.314050869388,0.316227766017,0.31513743802,0.00211506521831
4400,0.316227766017,0.318419752173,0.317321866384,0.00195267681897
4400,0.318419752173,0.320626932451,0.319521436481,0.00216062632368
4400,0.320626932451,0.322849412171,0.32173625327,0.00195149501802
4400,0.322849412171,0.325087297385,0.323966422435,0.002384769928
4400,0.325087297385,0.327340694879,0.326212050394,0.00230571749126
4400,0.327340694879,0.329609712177,0.328473244303,0.00223323770162
4400,0.329609712177,0.331894457553,0.330750112059,0.00215216656087
4400,0.331894457553,0.334195040026,0.333042762309,0.00232853259438
4400,0.334195040026,0.336511569375,0.335351304451,0.00220008804382
4400,0.336511569375,0.338844156139,0.337675848642,0.00223707943444
4400,0.338844156139,0.341192911622,0.340016505804,0.00230626539071
4400,0.341192911622,0.3435579479,0.342373387626,0.00220875422338
4400,0.3435579479,0.345939377826,0.344746606573,0.0019377276233
4400,0.345939377826,0.348337315036,0.347136275888,0.00248854618559
4400,0.348337315036,0.350751873953,0.349542509599,0.00194614979152
4400,0.350751873953,0.353183169792,0.351965422525,0.00220206366258
4400,0.353183169792,0.355631318569,0.354405130281,0.00204379955347
4400,0.355631318569,0.358096437103,0.356861749283,0.00216393960839
4400,0.358096437103,0.360578643022,0.359335396755,0.00191897738507
4400,0.360578643022,0.36307805477,0.361826190732,0.00257767214001
4400,0.36307805477,0.365594791613,0.364334250068,0.00240310704669
4400,0.365594791613,0.368128973643,0.366859694441,0.00239123923517
4400,0.368128973643,0.370680721783,0.369402644358,0.00220833054992
4400,0.370680721783,0.373250157796,0.371963221162,0.00234163940897
4400,0.373250157796,0.375837404288,0.374541547036,0.00189622827892
4400,0.375837404288,0.378442584717,0.377137745011,0.00157066510575
4400,0.378442584717,0.381065823394,0.379751938971,0.00199684594642
4400,0.381065823394,0.383707245492,0.382384253658,0.00206020833613
4400,0.383707245492,0.386366977054,0.385034814679,0.00179486776464
4400,0.386366977054,0.389045144994,0.38770374851,0.00160982337692
4400,0.389045144994,0.391741877108,0.390391182508,0.00179613983833
4400,0.391741877108,0.394457302075,0.393097244907,0.00147839255426
4400,0.394457302075,0.397191549469,0.395822064836,0.00158151418234
4400,0.397191549469,0.399944749761,0.398565772313,0.0016909987461
4400,0.399944749761,0.402717034325,0.401328498263,0.00168485281936
4400,0.402717034325,0.405508535448,0.404110374513,0.00159804153021
4400,0.405508535448,0.408319386333,0.406911533809,0.00196804908451
4400,0.408319386333,0.411149721105,0.409732109814,0.00170262911146
4400,0.411149721105,0.41399967482,0.412572237117,0.00191883058449
4400,0.41399967482,0.41686938347,0.415432051242,0.00195496243092
4400,0.41686938347,0.419758983991,0.418311688651,0.00187644082306
4400,0.419758983991,0.422668614266,0.421211286754,0.0016282927365
4400,0.422668614266,0.425598413134,0.42413098391,0.00194728820297
4400,0.425598413134,0.428548520397,0.427070919441,0.00206258155219
4400,0.428548520397,0.431519076828,0.430031233631,0.00228991423334
4400,0.431519076828,0.434510224172,0.433012067738,0.00141519805755
4400,0.434510224172,0.437522105158,0.436013564,0.00204458571999
4400,0.437522105158,0.440554863507,0.439035865641,0.00209371339405
4400,0.440554863507,0.443608643931,0.442079116876,0.00226125503573
4400,0.443608643931,0.446683592151,0.44514346292,0.00132436557564
4400,0.446683592151,0.449779854893,0.448229049997,0.00171427258374
4400,0.449779854893,0.452897579904,0.451336025341,0.00177701322813
4400,0.452897579904,0.456036915951,0.45446453721,0.00171066709902
4400,0.456036915951,0.459198012837,0.457614734886,0.00145728072343
4400,0.459198012837,0.462381021399,0.46078676869,0.00189159646861
4400,0.462381021399,0.465586093523,0.463980789982,0.00191477229063
4400,0.465586093523,0.468813382145,0.467196951172,0.00158227823674
4400,0.468813382145,0.472063041264,0.470435405726,0.00170983918871
4400,0.472063041264,0.475335225943,0.473696308175,0.0014986140308
4400,0.475335225943,0.478630092323,0.476979814119,0.00148203778899
4400,0.478630092323,0.481947797625,0.48028608024,0.00151310968887
4400,0.481947797625,0.485288500162,0.483615264302,0.00155291769261
4400,0.485288500162,0.488652359343,0.486967525166,0.00193090685635
4400,0.488652359343,0.492039535681,0.490343022792,0.00185773803977
4400,0.492039535681,0.495450190805,0.49374191825,0.00175866892099
4400,0.495450190805,0.49888448746,0.497164373725,0.00153528458735
4400,0.49888448746,0.502342589522,0.500610552529,0.00196780971372
4400,0.502342589522,0.505824662003,0.504080619103,0.00176166516999
4400,0.505824662003,0.509330871057,0.507574739029,0.00161401710853
4400,0.509330871057,0.512861383991,0.511093079037,0.00208729704224
4400,0.512861383991,0.516416369272,0.514635807014,0.00166672552087
4400,0.516416369272,0.519995996534,0.518203092007,0.00171591813297
4400,0.519995996534,0.523600436586,0.521795104239,0.00174900116792
4400,0.523600436586,0.527229861423,0.52541201511,0.00130619302026
4400,0.527229861423,0.530884444231,0.52905399721,0.00173692996152
4400,0.530884444231,0.534564359397,0.532721224323,0.00180929934834
4400,0.534564359397,0.538269782516,0.53641387144,0.00141798087856
4400,0.538269782516,0.542000890402,0.540132114765,0.00153290876869
4400,0.542000890402,0.545757861091,0.54387613172,0.00149593249325
4400,0.545757861091,0.549540873858,0.547646100962,0.00117487990954
4400,0.549540873858,0.553350109216,0.551442202382,0.00138149733272
4400,0.553350109216,0.557185748932,0.55526461712,0.0013976859277
4400,0.557185748932,0.561047976032,0.559113527571,0.00127252929082
4400,0.561047976032,0.564936974812,0.562989117394,0.00115541037699
4400,0.564936974812,0.568852930844,0.566891571523,0.00116485554675
4400,0.568852930844,0.572796030986,0.570821076172,0.00127271842576
4400,0.572796030986,0.576766463392,0.574777818846,0.00139394293247
4400,0.576766463392,0.580764417521,0.578761988349,0.00148501254649
4400,0.580764417521,0.584790084144,0.582773774796,0.00194856159243
4400,0.584790084144,0.588843655356,0.586813369619,0.00130507149286
4400,0.588843655356,0.59292532458,0.590880965575,0.00132350014656
4400,0.59292532458,0.597035286584,0.594976756759,0.00133870547602
4400,0.597035286584,0.601173737483,0.599100938611,0.00131604099331
4400,0.601173737483,0.605340874754,0.603253707927,0.00146886650426
4400,0.605340874754,0.60953689724,0.607435262864,0.00153945292961
4400,0.60953689724,0.613762005165,0.611645802955,0.00163221341813
4400,0.613762005165,0.618016400138,0.615885529115,0.00150038355296
4400,0.618016400138,0.622300285169,0.620154643654,0.00137550471296
4400,0.622300285169,0.626613864672,0.624453350281,0.00115518914333
4400,0.626613864672,0.63095734448,0.628781854118,0.00206538380358
4400,0.63095734448,0.635330931852,0.633140361711,0.00154299992586
4400,0.635330931852,0.639734835483,0.637529081035,0.0015165649695
4400,0.639734835483,0.644169265515,0.641948221508,0.00167895996475
4400,0.644169265515,0.648634433548,0.646397994,0.00112468134175
4400,0.648634433548,0.653130552647,0.65087861084,0.00145175566267
4400,0.653130552647,0.657657837355,0.655390285833,0.00124751365574
4400,0.657657837355,0.662216503702,0.659933234264,0.00144128297192
4400,0.662216503702,0.666806769214,0.664507672908,0.000926041141074
4400,0.666806769214,0.671428852926,0.669113820046,0.0011993674712
4400,0.671428852926,0.676082975392,0.673751895471,0.00125341851129
4400,0.676082975392,0.680769358694,0.678422120498,0.00113190411073
4400,0.680769358694,0.685488226453,0.683124717979,0.00128317486309
4400,0.685488226453,0.69023980384,0.687859912309,0.00113359529511
4400,0.69023980384,0.695024317589,0.692627929437,0.00147846374013
4400,0.695024317589,0.699841996002,0.697428996882,0.00143469154899
4400,0.699841996002,0.704693068967,0.702263343736,0.00134160625834
4400,0.704693068967,0.709577767963,0.707131200681,0.00144461293489
4400,0.709577767963,0.714496326076,0.712032799999,0.00150820862103
4400,0.714496326076,0.719448978004,0.71696837558,0.00146298495083
4400,0.719448978004,0.724435960075,0.721938162937,0.00154332104886
4400,0.724435960075,0.729457510255,0.726942399214,0.00118793061815
4400,0.729457510255,0.734513868157,0.7319813232,0.00136520143787
4400,0.734513868157,0.739605275058,0.737055175338,0.0012639985421
4400,0.739605275058,0.744731973906,0.742164197739,0.00163799180707
4400,0.744731973906,0.749894209332,0.747308634191,0.00152159187045
4400,0.749894209332,0.755092227665,0.752488730174,0.00148681154618
4400,0.755092227665,0.76032627694,0.757704732866,0.00134132095655
4400,0.76032627694,0.765596606911,0.762956891162,0.00165344340778
4400,0.765596606911,0.770903469064,0.768245455679,0.00114448942307
4400,0.770903469064,0.776247116629,0.773570678775,0.00147047658159
4400,0.776247116629,0.781627804588,0.778932814554,0.00127991190808
4400,0.781627804588,0.787045789695,0.784332118882,0.00151346992699
4400,0.787045789695,0.79250133048,0.7897688494,0.00129571560249
4400,0.79250133048,0.797994687268,0.795243265533,0.00119351803886
4400,0.797994687268,0.803526122186,0.800755628507,0.00140844135652
4400,0.803526122186,0.809095899178,0.806306201355,0.0016406667227
4400,0.809095899178,0.814704284021,0.811895248936,0.00144934320867
4400,0.814704284021,0.82035154433,0.817523037944,0.00111929282868
4400,0.82035154433,0.826037949577,0.823189836921,0.00132799630383
4400,0.826037949577,0.831763771103,0.828895916273,0.00153160077124
4400,0.831763771103,0.837529282127,0.834641548277,0.00120790365769
4400,0.837529282127,0.843334757764,0.8404270071,0.00110440859265
4400,0.843334757764,0.849180475036,0.846252568807,0.00108948257907
4400,0.849180475036,0.855066712885,0.852118511379,0.00115711575613
4400,0.855066712885,0.860993752185,0.858025114723,0.00121852005429
4400,0.860993752185,0.866961875758,0.863972660684,0.00114855407086
4400,0.866961875758,0.872971368388,0.869961433065,0.0011367701653
4400,0.872971368388,0.879022516831,0.875991717633,0.00128630158937
4400,0.879022516831,0.885115609831,0.882063802137,0.00104913906448
4400,0.885115609831,0.891250938134,0.888177976319,0.00162306816123
4400,0.891250938134,0.897428794501,0.894334531933,0.00145111191181
4400,0.897428794501,0.903649473722,0.900533762751,0.00105535035502
4400,0.903649473722,0.909913272632,0.906775964584,0.00129742433949
4400,0.909913272632,0.916220490122,0.913061435293,0.00151330729148
4400,0.916220490122,0.922571427155,0.919390474804,0.00127156304148
4400,0.922571427155,0.92896638678,0.925763385121,0.00113379005307
4400,0.92896638678,0.935405674148,0.932180470342,0.00115045783836
4400,0.935405674148,0.941889596523,0.938642036672,0.00107009948723
4400,0.941889596523,0.948418463301,0.945148392441,0.00145285365801
4400,0.948418463301,0.954992586021,0.951699848113,0.00120958630529
4400,0.954992586021,0.961612278384,0.958296716306,0.00116219535465
4400,0.961612278384,0.968277856261,0.964939311806,0.00102955225829
4400,0.968277856261,0.974989637717,0.971627951577,0.00122980907628
4400,0.974989637717,0.98174794302,0.978362954785,0.00119125963887
4400,0.98174794302,0.988553094657,0.985144642804,0.00114348073554
4400,0.988553094657,0.995405417352,0.991973339239,0.000850191876999
4400,0.995405417352,1.00230523808,0.998849369937,0.00123786214852
4400,1.00230523808,1.00925288608,1.005773063,0.00125457098078
4400,1.00925288608,1.01624869287,1.01274474881,0.00112762491082
4400,1.01624869287,1.02329299228,1.01976476004,0.00104147588563
4400,1.02329299228,1.03038612044,1.02683343167,0.00121646880881
4400,1.03038612044,1.03752841582,1.03395110098,0.00110111369462
4400,1.03752841582,1.04472021922,1.04111810762,0.00141314798784
4400,1.04472021922,1.05196187382,1.04833479358,0.00154651584922
4400,1.05196187382,1.05925372518,1.05560150322,0.00115054832081
4400,1.05925372518,1.06659612123,1.06291858328,0.00128649410555
4400,1.06659612123,1.07398941234,1.07028638291,0.00145238076387
4400,1.07398941234,1.0814339513,1.07770525369,0.0011805938999
4400,1.0814339513,1.08893009333,1.08517554963,0.00114465199477
4400,1.08893009333,1.09647819614,1.09269762719,0.00114223520411
4400,1.09647819614,1.1040786199,1.1002718453,0.00140992344638
4400,1.1040786199,1.11173172728,1.10789856537,0.00117340699462
4400,1.11173172728,1.11943788347,1.11557815135,0.00100353956063
4400,1.11943788347,1.12719745618,1.12331096967,0.0013217542215
4400,1.12719745618,1.13501081567,1.13109738933,0.000802840508429
4400,1.13501081567,1.14287833479,1.13893778188,0.00120405510898
4400,1.14287833479,1.15080038894,1.14683252142,0.00127706302376
4400,1.15080038894,1.15877735616,1.15478198469,0.00115371088512
4400,1.15877735616,1.16680961706,1.162786551,0.0012762071254
4400,1.16680961706,1.17489755494,1.17084660232,0.00101024197797
4400,1.17489755494,1.18304155573,1.17896252324,0.00114819534862
4400,1.18304155573,1.19124200803,1.18713470104,0.00106242160508
4400,1.19124200803,1.19949930315,1.19536352567,0.00105213718546
4400,1.19949930315,1.20781383511,1.20364938979,0.00130696786348
4400,1.20781383511,1.21618600065,1.21199268877,0.000997988020871
4400,1.21618600065,1.22461619927,1.22039382074,0.00133189270698
4400,1.22461619927,1.23310483323,1.22885318658,0.00149348582099
4400,1.23310483323,1.24165230759,1.23737118994,0.00130929007812
4400,1.24165230759,1.25025903022,1.24594823727,0.00134496430767
4400,1.25025903022,1.25892541179,1.25458473786,0.00126609907075
4400,1.25892541179,1.26765186586,1.26328110381,0.0011909123988
4400,1.26765186586,1.27643880881,1.27203775009,0.00100129466229
4400,1.27643880881,1.28528665994,1.28085509454,0.00111312929145
4400,1.28528665994,1.29419584145,1.2897335579,0.00117659671921
4400,1.29419584145,1.30316677845,1.29867356383,0.00111430007101
4400,1.30316677845,1.31219989902,1.30767553892,0.00126678314284
4400,1.31219989902,1.32129563419,1.31673991272,0.00124498926387
4400,1.32129563419,1.33045441798,1.32586711776,0.00115530687863
4400,1.33045441798,1.33967668743,1.33505758956,0.00101314633313
4400,1.33967668743,1.34896288259,1.34431176667,0.00123920654021
4400,1.34896288259,1.35831344659,1.35363009067,0.00113128194925
4400,1.35831344659,1.3677288256,1.36301300621,0.00112127890025
4400,1.3677288256,1.37720946889,1.37246096101,0.00104813724034
4400,1.37720946889,1.38675582887,1.3819744059,0.00143417224134
4400,1.38675582887,1.39636836106,1.39155379484,0.00128148088805
4400,1.39636836106,1.40604752413,1.40119958494,0.0012531341225
4400,1.40604752413,1.41579377996,1.41091223646,0.00120694410938
4400,1.41579377996,1.4256075936,1.42069221286,0.001107373512
4400,1.4256075936,1.43548943335,1.43053998082,0.00111151853155
4400,1.43548943335,1.44543977075,1.44045601025,0.00104566948012
4400,1.44543977075,1.45545908058,1.4504407743,0.00107475962256
4400,1.45545908058,1.46554784096,1.46049474944,0.00112519881701
4400,1.46554784096,1.47570653328,1.4706184154,0.00103676120456
4400,1.47570653328,1.48593564229,1.48081225527,0.00118529476071
4400,1.48593564229,1.49623565609,1.49107675545,0.00135491209173
4400,1.49623565609,1.50660706619,1.50141240575,0.00138011407423
4400,1.50660706619,1.51705036746,1.51181969936,0.0011600483801
4400,1.51705036746,1.52756605824,1.52229913288,0.00090101675833
4400,1.52756605824,1.5381546403,1.53285120636,0.0011376200293
4400,1.5381546403,1.54881661891,1.54347642332,0.00138464928933
4400,1.54881661891,1.55955250283,1.55417529077,0.00122678067799
4400,1.55955250283,1.57036280433,1.56494831922,0.00106330806673
4400,1.57036280433,1.58124803927,1.57579602274,0.000906565897575
4400,1.58124803927,1.59220872705,1.58671891895,0.00121753096803
4400,1.59220872705,1.60324539069,1.59771752906,0.00119168424027
4400,1.60324539069,1.61435855683,1.60879237789,0.00139669536691
4400,1.61435855683,1.62554875575,1.6199439939,0.00121254085853
4400,1.62554875575,1.63681652143,1.63117290923,0.00117385907163
4400,1.63681652143,1.64816239153,1.64247965967,0.00146099163385
4400,1.64816239153,1.65958690744,1.65386478477,0.00101312807676
4400,1.65958690744,1.67109061431,1.66532882779,0.00115370251147
4400,1.67109061431,1.68267406107,1.67687233575,0.0012088477747
4400,1.68267406107,1.69433780045,1.68849585949,0.00080070021635
4400,1.69433780045,1.706082389,1.70019995364,0.00106647135672
4400,1.706082389,1.71790838716,1.7119851767,0.000993837712949
4400,1.71790838716,1.72981635922,1.72385209103,0.00139680641376
4400,1.72981635922,1.74180687339,1.73580126287,0.00137378084779
4400,1.74180687339,1.75388050184,1.74783326242,0.00166236640908
4400,1.75388050184,1.76603782069,1.7599486638,0.00123758646325
4400,1.76603782069,1.77827941004,1.77214804514,0.00101180902689
4400,1.77827941004,1.79060585404,1.78443198854,0.00114700882611
4400,1.79060585404,1.80301774086,1.79680108017,0.00120771345668
4400,1.80301774086,1.81551566277,1.80925591025,0.0011839305843
4400,1.81551566277,1.82810021614,1.82179707309,0.000969035391601
4400,1.82810021614,1.84077200147,1.83442516712,0.00125820385981
4400,1.84077200147,1.85353162341,1.84714079491,0.00151327998033
4400,1.85353162341,1.86637969083,1.85994456322,0.00120062676861
4400,1.86637969083,1.8793168168,1.87283708302,0.00118494614613
4400,1.8793168168,1.89234361864,1.88581896949,0.00110387076441
4400,1.89234361864,1.90546071796,1.8988908421,0.0010831251212
4400,1.90546071796,1.91866874067,1.9120533246,0.000935749281304
4400,1.91866874067,1.93196831702,1.92530704508,0.00115090613207
4400,1.93196831702,1.94536008162,1.93865263595,0.00133108329962
4400,1.94536008162,1.95884467351,1.95209073404,0.00093344896512
4400,1.95884467351,1.97242273611,1.96562198058,0.00142702201003
4400,1.97242273611,1.98609491736,1.97924702124,0.000955893634236
4400,1.98609491736,1.99986186963,1.99296650616,0.0012830096946
4400,1.99986186963,2.01372424986,2.00678109002,0.0013775268302
4400,2.01372424986,2.02768271952,2.02069143199,0.00110015076775
4400,2.02768271952,2.04173794467,2.03469819585,0.00107837063123
4400,2.04173794467,2.05589059598,2.04880204996,0.00101645452916
4400,2.05589059598,2.07014134879,2.06300366731,0.000781716049986
4400,2.07014134879,2.0844908831,2.07730372557,0.00115959616257
4400,2.0844908831,2.09893988362,2.0917029071,0.00105627702393
4400,2.09893988362,2.11348903984,2.10620189899,0.0010090182834
4400,2.11348903984,2.12813904598,2.12080139309,0.000947254793195
4400,2.12813904598,2.14289060112,2.13550208605,0.00116738112992
4400,2.14289060112,2.15774440915,2.15030467934,0.00100328135721
4400,2.15774440915,2.17270117886,2.16520987931,0.00107821556092
4400,2.17270117886,2.18776162395,2.18021839719,0.000976163241326
4400,2.18776162395,2.20292646305,2.19533094914,0.000901177659786
4400,2.20292646305,2.2181964198,2.2105482563,0.00114871626024
4400,2.2181964198,2.23357222283,2.22587104479,0.000953569557895
4400,2.23357222283,2.24905460584,2.24130004578,0.00146522276211
4400,2.24905460584,2.26464430759,2.2568359955,0.00116687324169
4400,2.26464430759,2.280342072,2.27247963527,0.00114308940432
4400,2.280342072,2.29614864811,2.28823171158,0.00136854323815
4400,2.29614864811,2.31206479018,2.30409297606,0.0010318369673
4400,2.31206479018,2.32809125767,2.32006418557,0.00121082746756
4400,2.32809125767,2.34422881532,2.33614610222,0.00126479569912
4400,2.34422881532,2.36047823318,2.35233949339,0.000869087824025
4400,2.36047823318,2.37684028662,2.36864513178,0.00093474692489
4400,2.37684028662,2.39331575641,2.38506379547,0.00111795195647
4400,2.39331575641,2.40990542869,2.40159626789,0.00150985451007
4400,2.40990542869,2.42661009508,2.41824333793,0.00117647689571
4400,2.42661009508,2.44343055269,2.43500579995,0.000949445374106
4400,2.44343055269,2.46036760415,2.45188445381,0.00101342459063
4400,2.46036760415,2.47742205763,2.46888010491,0.00112453303431
4400,2.47742205763,2.49459472694,2.48599356423,0.00125084707208
4400,2.49459472694,2.51188643151,2.50322564838,0.000902267465571
4400,2.51188643151,2.52929799645,2.52057717964,0.00088922369734
4400,2.52929799645,2.54683025259,2.53804898596,0.00122104372329
4400,2.54683025259,2.56448403652,2.55564190106,0.00152337702935
4400,2.56448403652,2.58226019063,2.57335676443,0.000916252837121
4400,2.58226019063,2.60015956317,2.59119442135,0.00125760898958
4400,2.60015956317,2.61818300822,2.60915572301,0.00114083839768
4400,2.61818300822,2.63633138583,2.62724152647,0.000981513770749
4400,2.63633138583,2.65460556198,2.64545269472,0.00115306781327
4400,2.65460556198,2.67300640866,2.66379009677,0.00121430553732
4400,2.67300640866,2.69153480393,2.68225460761,0.000966124623382
4400,2.69153480393,2.71019163189,2.70084710832,0.00105081705813
4400,2.71019163189,2.72897778281,2.7195684861,0.00115789300479
4400,2.72897778281,2.7478941531,2.73841963426,0.00119984690711
4400,2.7478941531,2.76694164541,2.75740145235,0.00108015456103
4400,2.76694164541,2.78612116863,2.77651484611,0.00100731848858
4400,2.78612116863,2.80543363795,2.79576072758,0.00111737517618
4400,2.80543363795,2.82487997492,2.81514001513,0.00116960613699
4400,2.82487997492,2.84446110745,2.83465363349,0.00105982412406
4400,2.84446110745,2.86417796991,2.85430251379,0.00127016968809
4400,2.86417796991,2.88403150313,2.87408759362,0.00133213838789
4400,2.88403150313,2.90402265446,2.89400981707,0.00143696829985
4400,2.90402265446,2.92415237784,2.91407013477,0.000739702188593
4400,2.92415237784,2.9444216338,2.93426950396,0.00147631144045
4400,2.9444216338,2.96483138952,2.95460888848,0.0014183616095
4400,2.96483138952,2.98538261892,2.97508925888,0.000965716906515
4400,2.98538261892,3.00607630263,2.99571159243,0.00122318709144
4400,3.00607630263,3.0269134281,3.01647687316,0.00104263564826
4400,3.0269134281,3.04789498963,3.03738609195,0.00135041505041
4400,3.04789498963,3.06902198839,3.05844024651,0.00116264666147
4400,3.06902198839,3.09029543251,3.0796403415,0.00128021617912
4400,3.09029543251,3.11171633711,3.10098738853,0.00121681079384
4400,3.11171633711,3.13328572432,3.12248240622,0.00145853280699
4400,3.13328572432,3.15500462337,3.14412642026,0.000905221900143
4400,3.15500462337,3.17687407065,3.16592046343,0.00118051796594
4400,3.17687407065,3.19889510969,3.1878655757,0.00138044949068
4400,3.19889510969,3.22106879128,3.20996280421,0.00107776989358
4400,3.22106879128,3.24339617349,3.2322132034,0.00114869191463
4400,3.24339617349,3.26587832172,3.25461783498,0.0013256182543
4400,3.26587832172,3.28851630876,3.27717776805,0.00112858586999
4400,3.28851630876,3.31131121483,3.29989407911,0.00133877161664
4400,3.31131121483,3.33426412763,3.32276785211,0.00112567990337
4400,3.33426412763,3.35737614243,3.34580017853,0.00129907573071
4400,3.35737614243,3.38064836206,3.36899215741,0.00132428618812
4400,3.38064836206,3.40408189701,3.39234489541,0.00119340425213
4400,3.40408189701,3.42767786546,3.41585950686,0.00147621782462
4400,3.42767786546,3.45143739336,3.43953711381,0.000983099281265
4400,3.45143739336,3.47536161443,3.46337884608,0.0011881562087
4400,3.47536161443,3.49945167028,3.48738584135,0.00118814771332
4400,3.49945167028,3.52370871042,3.51155924516,0.00109701031624
4400,3.52370871042,3.54813389234,3.535900211,0.00104179524939
4400,3.54813389234,3.57272838152,3.56040990036,0.00133495265821
4400,3.57272838152,3.59749335156,3.58508948277,0.0010582205249
4400,3.59749335156,3.62242998417,3.60994013586,0.00127200790694
4400,3.62242998417,3.64753946926,3.63496304546,0.00119550188984
4400,3.64753946926,3.67282300498,3.66015940558,0.00143701805055
4400,3.67282300498,3.6982817978,3.68553041852,0.00141223586721
4400,3.6982817978,3.72391706255,3.71107729493,0.00128434051842
4400,3.72391706255,3.74973002245,3.73680125382,0.00109865818654
4400,3.74973002245,3.77572190925,3.76270352268,0.00150849728027
4400,3.77572190925,3.80189396321,3.78878533748,0.00112943349637
4400,3.80189396321,3.82824743317,3.81504794279,0.00129697533524
4400,3.82824743317,3.85478357666,3.84149259179,0.00128400090062
4400,3.85478357666,3.88150365991,3.86812054633,0.00115316923829
4400,3.88150365991,3.90840895792,3.89493307704,0.00106045589949
4400,3.90840895792,3.93550075456,3.92193146333,0.00104724729084
4400,3.93550075456,3.96278034255,3.94911699349,0.00135705753522
4400,3.96278034255,3.99024902362,3.97649096475,0.00121248150257
4400,3.99024902362,4.01790810849,4.00405468331,0.00147228161011
4400,4.01790810849,4.04575891697,4.03180946443,0.00119020645947
4400,4.04575891697,4.07380277804,4.05975663252,0.00110558663104
4400,4.07380277804,4.10204102987,4.08789752111,0.00124887328472
4400,4.10204102987,4.1304750199,4.11623347303,0.00131922703771
4400,4.1304750199,4.15910610494,4.14476584038,0.0010745659479
4400,4.15910610494,4.18793565118,4.17349598465,0.00118613309797
4400,4.18793565118,4.21696503429,4.20242527677,0.00126864941409
4400,4.21696503429,4.24619563946,4.23155509717,0.00132587234332
4400,4.24619563946,4.27562886152,4.26088683583,0.00146921857009
4400,4.27562886152,4.30526610492,4.29042189239,0.0012445242343
4400,4.30526610492,4.33510878388,4.32016167618,0.00124275444388
4400,4.33510878388,4.3651583224,4.35010760631,0.00115236264038
4400,4.3651583224,4.39541615438,4.3802611117,0.0012305156075
4400,4.39541615438,4.42588372363,4.41062363121,0.00141140015509
4400,4.42588372363,4.45656248398,4.44119661366,0.00151220353068
4400,4.45656248398,4.48745389933,4.47198151789,0.00145002572487
4400,4.48745389933,4.51855944375,4.50297981288,0.00142399383142
4400,4.51855944375,4.5498806015,4.53419297779,0.0012978672565
4400,4.5498806015,4.58141886715,4.56562250202,0.00124030685055
4400,4.58141886715,4.6131757456,4.59726988531,0.001127927124
4400,4.6131757456,4.64515275223,4.62913663778,0.00114100789745
4400,4.64515275223,4.67735141287,4.66122428002,0.00152999648672
4400,4.67735141287,4.70977326397,4.69353434317,0.00122269625772
4400,4.70977326397,4.7424198526,4.72606836898,0.00154983632127
4400,4.7424198526,4.77529273658,4.75882790989,0.001525618933
4400,4.77529273658,4.8083934845,4.79181452908,0.00137783942913
4400,4.8083934845,4.84172367584,4.8250298006,0.0016196675055
4400,4.84172367584,4.87528490103,4.85847530937,0.00138924959642
4400,4.87528490103,4.90907876153,4.89215265134,0.00173468254044
4400,4.90907876153,4.94310686987,4.9260634335,0.00141327899977
4400,4.94310686987,4.97737084979,4.96020927396,0.00141391596405
4400,4.97737084979,5.01187233627,4.99459180208,0.00156026902339
4400,5.01187233627,5.04661297564,5.0292126585,0.00129335271806
4400,5.04661297564,5.08159442561,5.06407349524,0.00109101616501
4400,5.08159442561,5.1168183554,5.09917597575,0.00135992553797
4400,5.1168183554,5.15228644582,5.13452177503,0.00140229374629
4400,5.15228644582,5.18800038929,5.17011257969,0.00130530584924
4400,5.18800038929,5.22396188999,5.20595008802,0.00164987595183
4400,5.22396188999,5.26017266391,5.24203601008,0.00168795979465
4400,5.26017266391,5.29663443892,5.27837206782,0.00188101890312
4400,5.29663443892,5.33334895488,5.31495999507,0.0012871630645
4400,5.33334895488,5.3703179637,5.35180153771,0.00174025901898
4400,5.3703179637,5.40754322946,5.38889845373,0.00132241278793
4400,5.40754322946,5.44502652842,5.42625251329,0.00139793591862
4400,5.44502652842,5.48276964921,5.46386549882,0.00126055588161
4400,5.48276964921,5.52077439281,5.50173920511,0.00120697917046
4400,5.52077439281,5.5590425727,5.53987543939,0.00136605125001
4400,5.5590425727,5.59757601495,5.57827602141,0.00146664078097
4400,5.59757601495,5.63637655826,5.61694278356,0.00134481002342
4400,5.63637655826,5.67544605409,5.65587757089,0.00162776798821
4400,5.67544605409,5.71478636672,5.69508224128,0.00110942666531
4400,5.71478636672,5.75439937337,5.73455866546,0.00131073213616
4400,5.75439937337,5.79428696427,5.77430872714,0.00179957507169
4400,5.79428696427,5.83445104274,5.81433432308,0.00174210549786
4400,5.83445104274,5.8748935253,5.85463736321,0.0012940959079
4400,5.8748935253,5.91561634175,5.89521977065,0.00115439987913
4400,5.91561634175,5.95662143529,5.93608348191,0.00127886913955
4400,5.95662143529,5.99791076256,5.97723044689,0.00159206923783
4400,5.99791076256,6.03948629376,6.018662629,0.00175314510455
4400,6.03948629376,6.08135001279,6.06038200527,0.0019037024347
4400,6.08135001279,6.12350391725,6.10239056645,0.00159856133834
4400,6.12350391725,6.16595001861,6.14469031706,0.00138649431443
4400,6.16595001861,6.2086903423,6.18728327553,0.00166393238457
4400,6.2086903423,6.25172692776,6.23017147429,0.00134053925306
4400,6.25172692776,6.29506182857,6.27335695984,0.0015971714469
4400,6.29506182857,6.33869711257,6.31684179288,0.00138444898117
4400,6.33869711257,6.38263486191,6.36062804837,0.0013093537956
4400,6.38263486191,6.42687717317,6.40471781569,0.00143694191095
4400,6.42687717317,6.47142615749,6.44911319868,0.00151111211095
4400,6.47142615749,6.51628394061,6.49381631576,0.00173928797805
4400,6.51628394061,6.56145266303,6.53882930005,0.0014924135098
4400,6.56145266303,6.60693448008,6.58415429943,0.00131065426296
4400,6.60693448008,6.65273156202,6.62979347671,0.00165784263921
4400,6.65273156202,6.69884609417,6.67574900964,0.00161569814361
4400,6.69884609417,6.74528027698,6.72202309112,0.00157789341108
4400,6.74528027698,6.79203632617,6.7686179292,0.00143193372766
4400,6.79203632617,6.83911647281,6.81553574727,0.00163439992392
4400,6.83911647281,6.88652296344,6.86277878411,0.00156186837119
4400,6.88652296344,6.93425806017,6.91034929405,0.00145698012304
4400,6.93425806017,6.98232404077,6.95824954701,0.00171295538406
4400,6.98232404077,7.03072319884,7.00648182865,0.00183925133109
4400,7.03072319884,7.07945784384,7.05504844051,0.00170765058982
4400,7.07945784384,7.12853030127,7.10395170003,0.00177084107296
4400,7.12853030127,7.17794291271,7.15319394075,0.00176899095502
4400,7.17794291271,7.22769803602,7.20277751238,0.0015473451017
4400,7.22769803602,7.27779804537,7.25270478091,0.00137376522115
4400,7.27779804537,7.32824533139,7.30297812873,0.00184501937718
4400,7.32824533139,7.37904230129,7.35359995475,0.00130018496559
4400,7.37904230129,7.43019137897,7.40457267451,0.00174885047565
4400,7.43019137897,7.48169500511,7.45589872028,0.00165906014745
4400,7.48169500511,7.53355563734,7.5075805412,0.0017208890334
4400,7.53355563734,7.58577575029,7.55962060339,0.00188801441022
4400,7.58577575029,7.63835783578,7.61202139006,0.0015836828015
4400,7.63835783578,7.69130440287,7.66478540163,0.00182821513598
4400,7.69130440287,7.74461797803,7.71791515585,0.00173169907424
4400,7.74461797803,7.79830110523,7.77141318794,0.0025791397204
4400,7.79830110523,7.8523563461,7.82528205067,0.00178271802105
4400,7.8523563461,7.90678628,7.87952431451,0.00184436617835
4400,7.90678628,7.96159350417,7.93414256777,0.00172017887072
4400,7.96159350417,8.01678063388,7.98913941667,0.0016744653071
4400,8.01678063388,8.07235030249,8.04451748552,0.00169232806431
4400,8.07235030249,8.12830516164,8.1002794168,0.00190771125431
4400,8.12830516164,8.18464788135,8.15642787133,0.00184544259851
4400,8.18464788135,8.24138115013,8.21296552835,0.00186461393624
4400,8.24138115013,8.29850767514,8.26989508568,0.0020068322585
4400,8.29850767514,8.35603018231,8.32721925985,0.00209214890258
4400,8.35603018231,8.41395141645,8.38494078622,0.00169553018891
4400,8.41395141645,8.47227414141,8.44306241909,0.00193878487521
4400,8.47227414141,8.53100114018,8.50158693187,0.00183297913098
4400,8.53100114018,8.59013521505,8.5605171172,0.00214230431678
4400,8.59013521505,8.64967918776,8.61985578706,0.00196871179081
4400,8.64967918776,8.70963589956,8.67960577292,0.00213181216429
4400,8.70963589956,8.77000821144,8.73976992591,0.001780201184
4400,8.77000821144,8.83079900419,8.80035111687,0.00198017336052
4400,8.83079900419,8.89201117858,8.86135223659,0.00207478816836
4400,8.89201117858,8.9536476555,8.92277619588,0.00214683758323
4400,8.9536476555,9.01571137606,8.98462592571,0.00204433268508
4400,9.01571137606,9.07820530178,9.04690437738,0.00233147472301
4400,9.07820530178,9.1411324147,9.10961452266,0.00221363291169
4400,9.1411324147,9.20449571753,9.1727593539,0.00216558825301
4400,9.20449571753,9.26829823379,9.2363418842,0.00233819087579
4400,9.26829823379,9.33254300797,9.30036514754,0.00249194472423
4400,9.33254300797,9.39723310565,9.36483219894,0.00208110644546
4400,9.39723310565,9.46237161366,9.4297461146,0.00177699540273
4400,9.46237161366,9.52796164024,9.49510999202,0.00230817817101
4400,9.52796164024,9.59400631516,9.5609269502,0.0023188035846
4400,9.59400631516,9.6605087899,9.62720012973,0.00207366234848
4400,9.6605087899,9.72747223777,9.693932693,0.00190197004484
4400,9.72747223777,9.79489985409,9.7611278243,0.00217153572782
4400,9.79489985409,9.86279485631,9.82878873,0.00200497889651
4400,9.86279485631,9.93116048421,9.89691863869,0.00212992163077
4400,9.93116048421,10,9.96552080135,4.10266480887
4600,0.01,0.0100693166885,0.0100345984915,0
4600,0.0100693166885,0.0101391138574,0.0101041550053,0
4600,0.0101391138574,0.0102093948371,0.0101741936618,0
4600,0.0102093948371,0.0102801629813,0.0102447178031,0
4600,0.0102801629813,0.0103514216668,0.0103157307944,0
4600,0.0103514216668,0.0104231742939,0.0103872360242,0
4600,0.0104231742939,0.0104954242865,0.0104592369046,0
4600,0.0104954242865,0.0105681750921,0.0105317368713,0
4600,0.0105681750921,0.0106414301822,0.0106047393837,0
4600,0.0106414301822,0.0107151930524,0.0106782479254,0
4600,0.0107151930524,0.0107894672223,0.0107522660039,0
4600,0.0107894672223,0.0108642562362,0.0108267971513,0
4600,0.0108642562362,0.0109395636627,0.0109018449239,0
4600,0.0109395636627,0.0110153930954,0.0109774129027,0
4600,0.0110153930954,0.0110917481526,0.0110535046938,0
4600,0.0110917481526,0.0111686324778,0.011130123928,0
4600,0.0111686324778,0.0112460497397,0.0112072742614,0
4600,0.0112460497397,0.0113240036324,0.0112849593753,0
4600,0.0113240036324,0.0114024978756,0.0113631829767,0
4600,0.0114024978756,0.011481536215,0.0114419487982,0
4600,0.011481536215,0.0115611224219,0.0115212605983,0
4600,0.0115611224219,0.0116412602941,0.0116011221615,0
4600,0.0116412602941,0.0117219536555,0.0116815372986,0
4600,0.0117219536555,0.0118032063565,0.0117625098468,0
4600,0.0118032063565,0.0118850222744,0.01184404367,0
4600,0.0118850222744,0.0119674053131,0.0119261426586,0
4600,0.0119674053131,0.0120503594037,0.0120088107301,0
4600,0.0120503594037,0.0121338885046,0.0120920518294,0
4600,0.0121338885046,0.0122179966016,0.0121758699285,0
4600,0.0122179966016,0.0123026877081,0.0122602690268,0
4600,0.0123026877081,0.0123879658653,0.0123452531517,0
4600,0.0123879658653,0.0124738351424,0.0124308263584,0
4600,0.0124738351424,0.0125602996369,0.0125169927303,0
4600,0.0125602996369,0.0126473634747,0.0126037563789,0
4600,0.0126473634747,0.0127350308102,0.0126911214445,0
4600,0.0127350308102,0.0128233058266,0.0127790920957,0
4600,0.0128233058266,0.0129121927361,0.0128676725303,0
4600,0.0129121927361,0.0130016957803,0.0129568669752,0
4600,0.0130016957803,0.01309181923,0.0130466796864,0
4600,0.01309181923,0.0131825673856,0.0131371149496,0
4600,0.0131825673856,0.0132739445773,0.0132281770801,0
4600,0.0132739445773,0.0133659551655,0.0133198704231,0
4600,0.0133659551655,0.0134586035406,0.0134121993541,0
4600,0.0134586035406,0.0135518941235,0.0135051682786,0
4600,0.0135518941235,0.0136458313659,0.0135987816328,0
4600,0.0136458313659,0.0137404197501,0.0136930438839,0
4600,0.0137404197501,0.0138356637897,0.0137879595297,0
4600,0.0138356637897,0.0139315680295,0.0138835330993,0
4600,0.0139315680295,0.0140281370456,0.0139797691532,0
4600,0.0140281370456,0.0141253754462,0.0140766722836,0
4600,0.0141253754462,0.0142232878712,0.0141742471144,0
4600,0.0142232878712,0.0143218789927,0.0142724983016,0
4600,0.0143218789927,0.0144211535152,0.0143714305336,0
4600,0.0144211535152,0.0145211161759,0.0144710485309,0
4600,0.0145211161759,0.0146217717446,0.0145713570473,0
4600,0.0146217717446,0.0147231250243,0.0146723608691,0
4600,0.0147231250243,0.0148251808515,0.0147740648159,0
4600,0.0148251808515,0.0149279440958,0.0148764737408,0
4600,0.0149279440958,0.0150314196609,0.0149795925304,0
4600,0.0150314196609,0.0151356124844,0.0150834261054,0
4600,0.0151356124844,0.015240527538,0.0151879794203,0
4600,0.015240527538,0.015346169828,0.0152932574642,0
4600,0.015346169828,0.0154525443954,0.0153992652606,0
4600,0.0154525443954,0.0155596563161,0.0155060078679,0
4600,0.0155596563161,0.0156675107011,0.0156134903797,0
4600,0.0156675107011,0.015776112697,0.0157217179246,0
4600,0.015776112697,0.015885467486,0.0158306956671,0
4600,0.015885467486,0.0159955802861,0.0159404288071,0
4600,0.0159955802861,0.0161064563518,0.016050922581,0
4600,0.0161064563518,0.0162181009736,0.0161621822611,0
4600,0.0162181009736,0.0163305194789,0.0162742131564,0
4600,0.0163305194789,0.0164437172321,0.0163870206128,0
4600,0.0164437172321,0.0165576996347,0.0165006100132,0
4600,0.0165576996347,0.0166724721255,0.0166149867777,0
4600,0.0166724721255,0.0167880401812,0.016730156364,0
4600,0.0167880401812,0.0169044093164,0.0168461242677,0
4600,0.0169044093164,0.0170215850839,0.0169628960226,0
4600,0.0170215850839,0.0171395730751,0.0170804772006,0
4600,0.0171395730751,0.0172583789199,0.0171988734124,0
4600,0.0172583789199,0.0173780082875,0.0173180903075,0
4600,0.0173780082875,0.0174984668862,0.0174381335747,0
4600,0.0174984668862,0.0176197604641,0.017559008942,0
4600,0.0176197604641,0.0177418948089,0.0176807221773,0
4600,0.0177418948089,0.0178648757485,0.0178032790885,0
4600,0.0178648757485,0.0179887091513,0.0179266855237,0
4600,0.0179887091513,0.0181134009262,0.0180509473713,0
4600,0.0181134009262,0.0182389570232,0.018176070561,0
4600,0.0182389570232,0.0183653834335,0.0183020610631,0
4600,0.0183653834335,0.0184926861898,0.0184289248897,0
4600,0.0184926861898,0.0186208713666,0.0185566680943,0
4600,0.0186208713666,0.0187499450807,0.0186852967726,0
4600,0.0187499450807,0.018879913491,0.0188148170622,0
4600,0.018879913491,0.0190107827992,0.0189452351436,0
4600,0.0190107827992,0.0191425592502,0.0190765572399,0
4600,0.0191425592502,0.0192752491319,0.0192087896175,0
4600,0.0192752491319,0.0194088587759,0.0193419385862,0
4600,0.0194088587759,0.0195433945578,0.0194760104994,0
4600,0.0195433945578,0.0196788628971,0.0196110117548,0
4600,0.0196788628971,0.0198152702581,0.0197469487941,0
4600,0.0198152702581,0.0199526231497,0.019883828104,0
4600,0.0199526231497,0.0200909281261,0.0200216562159,0
4600,0.0200909281261,0.0202301917868,0.0201604397066,0
4600,0.0202301917868,0.0203704207771,0.0203001851986,0
4600,0.0203704207771,0.0205116217883,0.02044089936,0
4600,0.0205116217883,0.0206538015581,0.0205825889054,0
4600,0.0206538015581,0.020796966871,0.0207252605958,0
4600,0.020796966871,0.0209411245585,0.0208689212391,0
4600,0.0209411245585,0.0210862814993,0.0210135776905,0
4600,0.0210862814993,0.02123244462,0.0211592368524,0
4600,0.02123244462,0.021379620895,0.0213059056754,0
4600,0.021379620895,0.0215278173472,0.0214535911582,0
4600,0.0215278173472,0.0216770410482,0.0216023003477,0
4600,0.0216770410482,0.0218272991184,0.0217520403402,0
4600,0.0218272991184,0.0219785987278,0.0219028182807,0
4600,0.0219785987278,0.0221309470961,0.0220546413639,0
4600,0.0221309470961,0.0222843514927,0.0222075168345,0
4600,0.0222843514927,0.0224388192378,0.0223614519872,0
4600,0.0224388192378,0.0225943577022,0.0225164541674,0
4600,0.0225943577022,0.0227509743077,0.0226725307715,0
4600,0.0227509743077,0.0229086765277,0.0228296892468,0
4600,0.0229086765277,0.0230674718872,0.0229879370926,0
4600,0.0230674718872,0.0232273679636,0.0231472818602,0
4600,0.0232273679636,0.0233883723866,0.0233077311528,0
4600,0.0233883723866,0.023550492839,0.0234692926269,0
4600,0.023550492839,0.0237137370566,0.0236319739915,0
4600,0.0237137370566,0.0238781128291,0.0237957830096,0
4600,0.0238781128291,0.0240436280001,0.0239607274975,0
4600,0.0240436280001,0.0242102904674,0.0241268153259,0
4600,0.0242102904674,0.0243781081837,0.0242940544202,0
4600,0.0243781081837,0.0245470891569,0.0244624527605,0
4600,0.0245470891569,0.0247172414502,0.0246320183824,0
4600,0.0247172414502,0.0248885731828,0.0248027593769,0
4600,0.0248885731828,0.0250610925303,0.0249746838915,0
4600,0.0250610925303,0.0252348077248,0.02514780013,0
4600,0.0252348077248,0.0254097270555,0.0253221163528,0
4600,0.0254097270555,0.0255858588691,0.025497640878,0
4600,0.0255858588691,0.02576321157,0.0256743820811,0
4600,0.02576321157,0.0259417936212,0.0258523483956,0
4600,0.0259417936212,0.026121613544,0.0260315483137,0
4600,0.026121613544,0.026302679919,0.0262119903864,0
4600,0.026302679919,0.0264850013861,0.0263936832237,0
4600,0.0264850013861,0.0266685866452,0.0265766354955,0
4600,0.0266685866452,0.0268534444566,0.026760855932,0
4600,0.0268534444566,0.0270395836411,0.0269463533235,0
4600,0.0270395836411,0.0272270130808,0.0271331365215,0
4600,0.0272270130808,0.0274157417193,0.0273212144388,0
4600,0.0274157417193,0.0276057785622,0.0275105960499,0
4600,0.0276057785622,0.0277971326776,0.0277012903916,9.26064402872e-06
4600,0.0277971326776,0.0279898131963,0.0278933065634,0
4600,0.0279898131963,0.0281838293126,0.0280866537277,9.82706307175e-06
4600,0.0281838293126,0.0283791902844,0.0282813411105,0
4600,0.0283791902844,0.0285759054337,0.0284773780017,0
4600,0.0285759054337,0.0287739841474,0.0286747737558,0
4600,0.0287739841474,0.028973435877,0.0288735377919,0
4600,0.028973435877,0.02917427014,0.0290736795944,0
4600,0.02917427014,0.0293764965196,0.0292752087137,0
4600,0.0293764965196,0.0295801246655,0.0294781347661,0
4600,0.0295801246655,0.0297851642943,0.0296824674346,0
4600,0.0297851642943,0.0299916251899,0.0298882164696,9.64261804714e-06
4600,0.0299916251899,0.030199517204,0.0300953916887,0
4600,0.030199517204,0.0304088502568,0.0303040029779,0
4600,0.0304088502568,0.0306196343369,0.0305140602914,0
4600,0.0306196343369,0.0308318795025,0.0307255736527,0
4600,0.0308318795025,0.0310455958813,0.0309385531545,0
4600,0.0310455958813,0.0312607936712,0.0311530089597,0
4600,0.0312607936712,0.031477483141,0.0313689513016,0
4600,0.031477483141,0.0316956746304,0.0315863904842,0
4600,0.0316956746304,0.031915378551,0.0318053368833,0
4600,0.031915378551,0.0321366053864,0.0320258009463,0
4600,0.0321366053864,0.032359365693,0.0322477931932,0.000208347019686
4600,0.032359365693,0.0325836701002,0.0324713242168,0
4600,0.0325836701002,0.0328095293113,0.0326964046834,8.93420977637e-06
4600,0.0328095293113,0.0330369541037,0.0329230453333,2.33150661789e-05
4600,0.0330369541037,0.0332659553294,0.0331512569812,0
4600,0.0332659553294,0.0334965439158,0.0333810505166,3.44237397074e-05
4600,0.0334965439158,0.0337287308659,0.0336124369047,0
4600,0.0337287308659,0.033962527259,0.0338454271866,0
4600,0.033962527259,0.0341979442514,0.03408003248,0
4600,0.0341979442514,0.0344349930763,0.0343162639796,0
4600,0.0344349930763,0.0346736850453,0.0345541329578,0
4600,0.0346736850453,0.0349140315479,0.0347936507649,0
4600,0.0349140315479,0.0351560440528,0.0350348288302,0
4600,0.0351560440528,0.0353997341083,0.0352776786619,8.62384550743e-06
4600,0.0353997341083,0.0356451133426,0.0355222118482,4.68084544194e-05
4600,0.0356451133426,0.0358921934645,0.0357684400576,9.51767169302e-05
4600,0.0358921934645,0.036140986264,0.0360163750395,0
4600,0.036140986264,0.0363915036127,0.0362660286245,1.53686053526e-05
4600,0.0363915036127,0.0366437574648,0.0365174127255,1.06448883559e-05
4600,0.0366437574648,0.036897759857,0.0367705393378,0
4600,0.036897759857,0.0371535229097,0.03702542054,0
4600,0.0371535229097,0.0374110588272,0.0372820684943,0
4600,0.0374110588272,0.0376703798984,0.0375404954472,1.83339714402e-05
4600,0.0376703798984,0.0379314984974,0.0378007137302,0
4600,0.0379314984974,0.038194427084,0.0380627357601,0
4600,0.038194427084,0.0384591782045,0.03832657404,3.09533830366e-05
4600,0.0384591782045,0.0387257644922,0.0385922411595,5.87549928685e-05
4600,0.0387257644922,0.0389941986677,0.0388597497954,6.25285863089e-06
4600,0.0389941986677,0.03926449354,0.0391291127127,0
4600,0.03926449354,0.0395366620068,0.0394003427645,0
4600,0.0395366620068,0.0398107170553,0.0396734528932,0.000143527023103
4600,0.0398107170553,0.0400866717627,0.0399484561308,8.56378215902e-06
4600,0.0400866717627,0.0403645392968,0.0402253655999,8.65320883917e-05
4600,0.0403645392968,0.0406443329165,0.0405041945136,2.15232610135e-05
4600,0.0406443329165,0.040926065973,0.0407849561771,0.000104818591763
4600,0.040926065973,0.0412097519097,0.0410676639875,0.000298510747305
4600,0.0412097519097,0.0414954042634,0.0413523314348,3.64504570229e-05
4600,0.0414954042634,0.0417830366647,0.0416389721025,0
4600,0.0417830366647,0.0420726628384,0.0419275996685,3.82337947601e-05
4600,0.0420726628384,0.042364296605,0.0422182279051,4.34507507073e-06
4600,0.042364296605,0.0426579518802,0.0425108706805,0.000262775251807
4600,0.0426579518802,0.0429536426765,0.0428055419586,2.87108260535e-05
4600,0.0429536426765,0.0432513831035,0.0431022558005,1.00939041032e-05
4600,0.0432513831035,0.0435511873686,0.0434010263645,0
4600,0.0435511873686,0.0438530697775,0.0437018679071,8.09557593327e-05
4600,0.0438530697775,0.0441570447353,0.0440047947836,7.31990198443e-05
4600,0.0441570447353,0.0444631267469,0.0443098214489,7.56567897017e-05
4600,0.0444631267469,0.0447713304176,0.0446169624581,8.96595583976e-05
4600,0.0447713304176,0.0450816704541,0.044926232467,6.70181371413e-05
4600,0.0450816704541,0.045394161665,0.0452376462332,2.48293870605e-05
4600,0.045394161665,0.0457088189615,0.0455512186166,0.000121864366904
4600,0.0457088189615,0.0460256573581,0.0458669645798,1.25774641006e-05
4600,0.0460256573581,0.0463446919736,0.0461848991895,7.52162487359e-05
4600,0.0463446919736,0.0466659380314,0.0465050376167,0.000132310854908
4600,0.0466659380314,0.0469894108605,0.0468273951374,0.000158732383851
4600,0.0469894108605,0.0473151258961,0.0471519871336,0.000262885132072
4600,0.0473151258961,0.0476430986805,0.0474788290942,0.000101869692045
4600,0.0476430986805,0.0479733448637,0.0478079366149,4.13397161444e-05
4600,0.0479733448637,0.048305880204,0.0481393254,4.99638598395e-05
4600,0.048305880204,0.0486407205691,0.0484730112624,0.000352204135819
4600,0.0486407205691,0.0489778819368,0.0488090101248,0.000187128284585
4600,0.0489778819368,0.0493173803955,0.0491473380199,0.000462123848892
4600,0.0493173803955,0.049659232145,0.049488011092,9.36795808045e-05
4600,0.049659232145,0.0500034534977,0.0498310455971,0.000136445269347
4600,0.0500034534977,0.0503500608788,0.0501764579037,0.000121252199569
4600,0.0503500608788,0.0506990708275,0.050524264494,0.000161864269572
4600,0.0506990708275,0.0510504999975,0.0508744819645,0.000156432710705
4600,0.0510504999975,0.0514043651582,0.0512271270265,0.000310616134147
4600,0.0514043651582,0.0517606831951,0.0515822165072,0.000160367163787
4600,0.0517606831951,0.0521194711105,0.0519397673507,9.38463085993e-05
4600,0.0521194711105,0.052480746025,0.0522997966182,0.00018823668922
4600,0.052480746025,0.0528445251775,0.0526623214894,8.87570499237e-05
4600,0.0528445251775,0.0532108259267,0.0530273592629,0.000322323467324
4600,0.0532108259267,0.0535796657513,0.0533949273574,7.65538836256e-05
4600,0.0535796657513,0.0539510622515,0.0537650433122,0.00014191854691
4600,0.0539510622515,0.0543250331492,0.0541377247883,0.000399700869687
4600,0.0543250331492,0.0547015962894,0.0545129895689,5.34378539611e-05
4600,0.0547015962894,0.0550807696405,0.0548908555607,0.000360578629186
4600,0.0550807696405,0.0554625712958,0.0552713407944,0.000401943843485
4600,0.0554625712958,0.0558470194737,0.0556544634258,0.000224183582286
4600,0.0558470194737,0.056234132519,0.0560402417364,0.0002889087452
4600,0.056234132519,0.0566239289038,0.0564286941345,5.76178762238e-05
4600,0.0566239289038,0.0570164272281,0.056819839156,0.000438917494864
4600,0.0570164272281,0.0574116462207,0.0572136954652,0.000142449101701
4600,0.0574116462207,0.0578096047406,0.057610281856,9.72174830569e-05
4600,0.0578096047406,0.0582103217771,0.0580096172523,0.000318242942147
4600,0.0582103217771,0.0586138164514,0.0584117207093,0.000261002955726
4600,0.0586138164514,0.0590201080172,0.0588166114143,0.000138701407623
4600,0.0590201080172,0.0594292158616,0.0592243086876,6.82361813835e-05
4600,0.0594292158616,0.059841159506,0.0596348319834,0.000273513677843
4600,0.059841159506,0.0602559586074,0.0600482008908,0.000266839199456
4600,0.0602559586074,0.0606736329589,0.0604644351345,0.000471884266605
4600,0.0606736329589,0.0610942024906,0.0608835545761,0.000183778161
4600,0.0610942024906,0.061517687271,0.061305579215,0.000242218387044
4600,0.061517687271,0.0619441075077,0.0617305291889,0.000286558455476
4600,0.0619441075077,0.0623734835482,0.0621584247753,0.000138384506697
4600,0.0623734835482,0.0628058358813,0.0625892863921,0.000681336744581
4600,0.0628058358813,0.0632411851376,0.0630231345991,0.000174473492248
4600,0.0632411851376,0.0636795520908,0.0634599900981,0.000226192609984
4600,0.0636795520908,0.0641209576585,0.0638998737348,0.000527311424102
4600,0.0641209576585,0.0645654229035,0.0643428064992,0.000156309476273
4600,0.0645654229035,0.0650129690343,0.0647888095269,0.000426859913911
4600,0.0650129690343,0.0654636174067,0.0652379040998,0.00035138015339
4600,0.0654636174067,0.0659173895244,0.0656901116476,0.00032651648258
4600,0.0659173895244,0.0663743070402,0.0661454537484,0.00074332351041
4600,0.0663743070402,0.0668343917569,0.0666039521298,0.000233937489743
4600,0.0668343917569,0.0672976656284,0.0670656286702,0.000332565855306
4600,0.0672976656284,0.0677641507611,0.0675305053995,0.000255106947665
4600,0.0677641507611,0.0682338694142,0.0679986045003,0.000227206680486
4600,0.0682338694142,0.0687068440014,0.0684699483091,0.000360974696572
4600,0.0687068440014,0.0691830970919,0.0689445593171,0.000570723198366
4600,0.0691830970919,0.0696626514111,0.0694224601714,0.000717787694909
4600,0.0696626514111,0.070145529842,0.0699036736762,0.000358468184213
4600,0.070145529842,0.0706317554263,0.0703882227936,0.000298804324131
4600,0.0706317554263,0.0711213513653,0.0708761306451,0.000515090972278
4600,0.0711213513653,0.0716143410213,0.0713674205122,0.000407709622164
4600,0.0716143410213,0.0721107479183,0.071862115838,0.000522318541011
4600,0.0721107479183,0.0726105957435,0.072360240228,0.00072435469603
4600,0.0726105957435,0.0731139083483,0.0728618174513,0.000362333630791
4600,0.0731139083483,0.0736207097495,0.0733668714418,0.000541961518525
4600,0.0736207097495,0.0741310241301,0.0738754262994,0.000470331297561
4600,0.0741310241301,0.074644875841,0.0743875062908,0.000427172073939
4600,0.074644875841,0.0751622894018,0.0749031358511,0.000346062144065
4600,0.0751622894018,0.0756832895021,0.0754223395848,0.000370454626874
4600,0.0756832895021,0.0762079010025,0.0759451422668,0.000528034177116
4600,0.0762079010025,0.0767361489362,0.0764715688439,0.000845546138949
4600,0.0767361489362,0.0772680585096,0.0770016444357,0.000584539523584
4600,0.0772680585096,0.077803655104,0.077535394336,0.00043373722524
4600,0.077803655104,0.0783429642766,0.0780728440138,0.000282225580368
4600,0.0783429642766,0.0788860117619,0.0786140191148,0.000883216911664
4600,0.0788860117619,0.0794328234724,0.0791589454624,0.000652360043249
4600,0.0794328234724,0.0799834255007,0.079707649059,0.000314061586748
4600,0.0799834255007,0.0805378441199,0.0802601560873,0.000794364022167
4600,0.0805378441199,0.0810961057854,0.0808164929113,0.000459860011673
4600,0.0810961057854,0.0816582371359,0.0813766860779,0.000514442928128
4600,0.0816582371359,0.0822242649947,0.081940762318,0.000757888512778
4600,0.0822242649947,0.0827942163712,0.0825087485479,0.000832213150454
4600,0.0827942163712,0.083368118462,0.0830806718702,0.000602680860004
4600,0.083368118462,0.0839459986519,0.0836565595756,0.000512478831925
4600,0.0839459986519,0.084527884516,0.0842364391438,0.000427318055669
4600,0.084527884516,0.0851138038202,0.0848203382452,0.00101116575713
4600,0.0851138038202,0.085703784523,0.0854082847419,0.000357277285203
4600,0.085703784523,0.0862978547767,0.0860003066889,0.00078357101826
4600,0.0862978547767,0.0868960429286,0.086596432336,0.000214096163372
4600,0.0868960429286,0.0874983775227,0.0871966901287,0.000598410189458
4600,0.0874983775227,0.0881048873008,0.0878011087097,0.000678035436398
4600,0.0881048873008,0.0887156012038,0.08840971692,0.000143989320618
4600,0.0887156012038,0.0893305483733,0.089022543801,0.000292438319521
4600,0.0893305483733,0.089949758153,0.089639618595,0.000416570500112
4600,0.089949758153,0.0905732600898,0.0902609707471,0.000368892863175
4600,0.0905732600898,0.0912010839356,0.0908866299066,0.000650405955931
4600,0.0912010839356,0.0918332596484,0.0915166259281,0.000383133171612
4600,0.0918332596484,0.0924698173938,0.0921509888735,0.000450738145181
4600,0.0924698173938,0.0931107875468,0.0927897490127,0.000813050098136
4600,0.0931107875468,0.0937562006926,0.0934329368257,0.000621657157983
4600,0.0937562006926,0.0944060876286,0.0940805830037,0.000118990502228
4600,0.0944060876286,0.0950604793656,0.0947327184504,0.000606782679552
4600,0.0950604793656,0.0957194071295,0.0953893742842,0.000708286289867
4600,0.0957194071295,0.0963829023624,0.0960505818387,0.000789065846527
4600,0.0963829023624,0.0970509967245,0.096716372665,0.000532619815061
4600,0.0970509967245,0.0977237220956,0.0973867785329,0.000194641445878
4600,0.0977237220956,0.0984011105761,0.0980618314322,0.000711236905785
4600,0.0984011105761,0.0990831944893,0.0987415635747,0.000399967118353
4600,0.0990831944893,0.0997700063823,0.0994260073953,0.000707439092094
4600,0.0997700063823,0.100461579028,0.100115195554,0.000738714459926
4600,0.100461579028,0.101157945426,0.100809160936,0.000980668550196
4600,0.101157945426,0.101859138805,0.101507936657,0.000605336987226
4600,0.101859138805,0.102565192625,0.10221155606,0.00103131849503
4600,0.102565192625,0.103276140576,0.102920052719,0.00171124305696
4600,0.103276140576,0.103992016583,0.103633460443,0.000907966662034
4600,0.103992016583,0.104712854805,0.104351813273,0.000953855544333
4600,0.104712854805,0.105438689639,0.105075145487,0.000890463940425
4600,0.105438689639,0.10616955572,0.1058034916,0.000558623479775
4600,0.10616955572,0.106905487922,0.106536886367,0.000177544505987
4600,0.106905487922,0.107646521363,0.107275364784,0.0010587729683
4600,0.107646521363,0.108392691402,0.108018962088,0.000966696819109
4600,0.108392691402,0.109144033645,0.108767713763,0.000386346594175
4600,0.109144033645,0.109900583943,0.109521655537,0.000884492131749
4600,0.109900583943,0.110662378398,0.110280823385,0.00100705312266
4600,0.110662378398,0.111429453359,0.111045253533,0.000777602719367
4600,0.111429453359,0.11220184543,0.111814982458,0.000255081287908
4600,0.11220184543,0.112979591467,0.112590046889,0.000562219922476
4600,0.112979591467,0.113762728582,0.113370483811,0.000360921458791
4600,0.113762728582,0.114551294145,0.114156330462,0.000192524340755
4600,0.114551294145,0.115345325782,0.114947624342,0.000624888741634
4600,0.115345325782,0.116144861384,0.115744403209,0.000547748189477
4600,0.116144861384,0.116949939102,0.116546705084,0.000623985421742
4600,0.116949939102,0.117760597352,0.117354568249,0.000822293488955
4600,0.117760597352,0.118576874817,0.118168031254,0.000570643219671
4600,0.118576874817,0.119398810446,0.118987132916,0.000666084280334
4600,0.119398810446,0.120226443462,0.119811912319,0.000311071326415
4600,0.120226443462,0.121059813355,0.12064240882,0.00104862345865
4600,0.121059813355,0.121898959892,0.121478662047,0.00204468085202
4600,0.121898959892,0.122743923116,0.122320711905,0.000807551993799
4600,0.122743923116,0.123594743344,0.123168598574,0.000360834790362
4600,0.123594743344,0.124451461177,0.124022362512,0.000590288232128
4600,0.124451461177,0.125314117494,0.124882044459,0.000127827980189
4600,0.125314117494,0.126182753459,0.125747685437,0.00087070979909
4600,0.126182753459,0.127057410521,0.126619326751,0.000558799039342
4600,0.127057410521,0.127938130416,0.127497009994,0.0009313306143
4600,0.127938130416,0.128824955169,0.128380777047,0.000790671402005
4600,0.128824955169,0.129717927098,0.129270670081,0.000783014690205
4600,0.129717927098,0.130617088813,0.130166731558,0.00119367543452
4600,0.130617088813,0.131522483219,0.131069004237,0.00106199261151
4600,0.131522483219,0.132434153519,0.131977531171,0.00147807576328
4600,0.132434153519,0.133352143216,0.132892355713,0.000723040488383
4600,0.133352143216,0.134276496114,0.133813521515,0.000553441129773
4600,0.134276496114,0.135207256319,0.134741072534,0.00116844259932
4600,0.135207256319,0.136144468247,0.13567505303,0.000781756082158
4600,0.136144468247,0.137088176616,0.136615507569,0.001325742415
4600,0.137088176616,0.13803842646,0.137562481028,0.000734378640796
4600,0.13803842646,0.138995263121,0.138516018592,0.00077385695154
4600,0.138995263121,0.139958732257,0.139476165764,0.00104966684564
4600,0.139958732257,0.140928879842,0.140442968358,0.00080114846435
4600,0.140928879842,0.141905752169,0.141416472507,0.00111553195659
4600,0.141905752169,0.142889395851,0.142396724665,0.00104291657789
4600,0.142889395851,0.143879857826,0.143383771606,0.000685868976784
4600,0.143879857826,0.144877185354,0.144377660429,0.000503670521839
4600,0.144877185354,0.145881426028,0.145378438561,0.00063140968673
4600,0.145881426028,0.146892627764,0.146386153755,0.00081800005062
4600,0.146892627764,0.147910838817,0.147400854097,0.000652094568914
4600,0.147910838817,0.148936107771,0.148422588006,0.000680816634857
4600,0.148936107771,0.14996848355,0.149451404237,0.00095730864719
4600,0.14996848355,0.151008015416,0.15048735188,0.000243293171498
4600,0.151008015416,0.152054752973,0.15153048037,0.000454765084639
4600,0.152054752973,0.153108746168,0.152580839481,0.000681589610068
4600,0.153108746168,0.154170045295,0.153638479333,0.000580005953597
4600,0.154170045295,0.155238700996,0.154703450395,0.000601915538807
4600,0.155238700996,0.156314764264,0.155775803483,0.000401744125441
4600,0.156314764264,0.157398286447,0.156855589768,0.000554020866662
4600,0.157398286447,0.158489319246,0.157942860774,0.0007551957614
4600,0.158489319246,0.159587914724,0.159037668382,0.00059516806737
4600,0.159587914724,0.160694125301,0.160140064834,0.0003048165461
4600,0.160694125301,0.161808003764,0.161250102734,0.000684566852286
4600,0.161808003764,0.162929603264,0.162367835048,0.000368006136149
4600,0.162929603264,0.16405897732,0.163493315113,0.000365404553171
4600,0.16405897732,0.165196179823,0.164626596633,0.000824480957115
4600,0.165196179823,0.166341265037,0.165767733685,0.00106924887108
4600,0.166341265037,0.167494287603,0.166916780721,0.000718204159771
4600,0.167494287603,0.168655302539,0.168073792571,0.000444227010264
4600,0.168655302539,0.169824365246,0.169238824444,0.000615556660342
4600,0.169824365246,0.171001531509,0.170411931932,0.000268752006992
4600,0.171001531509,0.172186857499,0.171593171012,0.000751980263893
4600,0.172186857499,0.173380399775,0.172782598051,0.00105804688522
4600,0.173380399775,0.174582215292,0.173980269804,0.00114041898735
4600,0.174582215292,0.175792361396,0.175186243421,0.0012015331833
4600,0.175792361396,0.177010895832,0.176400576448,0.000448987698088
4600,0.177010895832,0.178237876745,0.177623326829,0.000752820187245
4600,0.178237876745,0.179473362683,0.178854552911,0.000494126258183
4600,0.179473362683,0.180717412601,0.180094313444,0.000688436731199
4600,0.180717412601,0.181970085861,0.181342667587,0.000816518886593
4600,0.181970085861,0.183231442237,0.182599674907,0.000776400863348
4600,0.183231442237,0.184501541918,0.183865395386,0.000526277743511
4600,0.184501541918,0.185780445509,0.185139889421,0.000340269318755
4600,0.185780445509,0.187068214037,0.186423217825,0.000812751403997
4600,0.187068214037,0.188364908949,0.187715441838,0.0017035479223
4600,0.188364908949,0.189670592121,0.189016623119,0.000676174981826
4600,0.189670592121,0.190985325857,0.190326823758,0.000786233330025
4600,0.190985325857,0.192309172891,0.191646106274,0.00119707072856
4600,0.192309172891,0.193642196395,0.192974533619,0.000635098525333
4600,0.193642196395,0.194984459976,0.194312169183,0.000648012173203
4600,0.194984459976,0.196336027684,0.195659076793,0.000896640262361
4600,0.196336027684,0.197696964011,0.197015320722,0.000724741402341
4600,0.197696964011,0.199067333899,0.198380965684,0.0013421540454
4600,0.199067333899,0.200447202737,0.199756076844,0.000692961725166
4600,0.200447202737,0.201836636368,0.20114071982,0.000952847531033
4600,0.201836636368,0.203235701094,0.202534960682,0.000589496825629
4600,0.203235701094,0.204644463672,0.203938865961,0.000809104937406
4600,0.204644463672,0.206062991327,0.205352502646,0.000391835549904
4600,0.206062991327,0.207491351745,0.206775938192,0.000791599461804
4600,0.207491351745,0.208929613085,0.208209240522,0.000562516842467
4600,0.208929613085,0.210377843977,0.209652478029,0.000559453352066
4600,0.210377843977,0.211836113525,0.211105719581,0.000166033215269
4600,0.211836113525,0.213304491315,0.212569034522,0.000615684939727
4600,0.213304491315,0.214783047413,0.214042492677,0.000998094564979
4600,0.214783047413,0.216271852373,0.215526164357,0.000570409302095
4600,0.216271852373,0.217770977235,0.217020120357,0.000652978433945
4600,0.217770977235,0.219280493535,0.218524431965,0.00101021743608
4600,0.219280493535,0.220800473302,0.220039170964,0.00100352656198
4600,0.220800473302,0.222330989065,0.221564409631,0.000442600550988
4600,0.222330989065,0.223872113857,0.223100220748,0.000685389616688
4600,0.223872113857,0.225423921215,0.224646677599,0.000517609999105
4600,0.225423921215,0.226986485188,0.226203853977,0.000462276338499
4600,0.226986485188,0.228559880338,0.227771824186,0.000640324822504
4600,0.228559880338,0.230144181741,0.229350663045,0.000963928215937
4600,0.230144181741,0.231739464997,0.230940445892,0.000364832495131
4600,0.231739464997,0.233345806228,0.232541248587,0.000661137002896
4600,0.233345806228,0.234963282085,0.234153147517,0.000836269021411
4600,0.234963282085,0.236591969749,0.235776219596,0.000907113854086
4600,0.236591969749,0.238231946936,0.237410542273,0.00116514699186
4600,0.238231946936,0.239883291902,0.239056193534,0.000569926397948
4600,0.239883291902,0.241546083444,0.240713251905,0.000486742719215
4600,0.241546083444,0.243220400907,0.242381796455,0.000374612778975
4600,0.243220400907,0.244906324184,0.244061906804,0.00123345462789
4600,0.244906324184,0.246603933723,0.245753663122,0.00127796735148
4600,0.246603933723,0.24831331053,0.247457146133,0.00118095252443
4600,0.24831331053,0.25003453617,0.249172437125,0.000428309453299
4600,0.25003453617,0.251767692776,0.250899617947,0.000985917314163
4600,0.251767692776,0.25351286305,0.252638771013,0.00117928903861
4600,0.25351286305,0.255270130266,0.254389979313,0.0012013975217
4600,0.255270130266,0.257039578277,0.256153326409,0.000842639516121
4600,0.257039578277,0.258821291515,0.257928896443,0.00133962879618
4600,0.258821291515,0.260615355,0.25971677414,0.000416940094477
4600,0.260615355,0.262421854338,0.261517044814,0.000387128615238
4600,0.262421854338,0.264240875732,0.263329794368,0.00181149398558
4600,0.264240875732,0.26607250598,0.265155109301,0.000697328898826
4600,0.26607250598,0.267916832482,0.266993076713,0.000737664465203
4600,0.267916832482,0.269773943244,0.268843784306,0.000251065440348
4600,0.269773943244,0.271643926884,0.270707320392,0.000720189875098
4600,0.271643926884,0.273526872631,0.272583773893,0.00079453133452
4600,0.273526872631,0.275422870334,0.274473234348,0.00112695248168
4600,0.275422870334,0.277332010465,0.276375791917,0.000551067251553
4600,0.277332010465,0.279254384124,0.278291537385,0.000701064628776
4600,0.279254384124,0.28119008304,0.280220562167,0.000506473702376
4600,0.28119008304,0.28313919958,0.282162958309,0.000638312508843
4600,0.28313919958,0.28510182675,0.284118818498,0.00121554922776
4600,0.28510182675,0.287078058202,0.286088236063,0.000999068461696
4600,0.287078058202,0.289067988237,0.288071304978,0.000855493965669
4600,0.289067988237,0.291071711807,0.290068119869,0.00132710105998
4600,0.291071711807,0.293089324525,0.292078776021,0.000681427491243
4600,0.293089324525,0.295120922667,0.294103369375,0.00060285321809
4600,0.295120922667,0.297166603174,0.296141996539,0.00085845673933
4600,0.297166603174,0.299226463661,0.298194754793,0.000758744156013
4600,0.299226463661,0.301300602419,0.300261742086,0.000777223237517
4600,0.301300602419,0.303389118419,0.302343057051,0.000750900353011
4600,0.303389118419,0.305492111322,0.304438799002,0.000356576558213
4600,0.305492111322,0.307609681474,0.306549067943,0.00127751617034
4600,0.307609681474,0.309741929922,0.308673964568,0.000485317913564
4600,0.309741929922,0.311888958409,0.310813590274,0.00110807890725
4600,0.311888958409,0.314050869388,0.312968047156,0.000904705907365
4600,0.314050869388,0.316227766017,0.31513743802,0.000822101920449
4600,0.316227766017,0.318419752173,0.317321866384,0.00106512081729
4600,0.318419752173,0.320626932451,0.319521436481,0.000778917896032
4600,0.320626932451,0.322849412171,0.32173625327,0.00116962080084
4600,0.322849412171,0.325087297385,0.323966422435,0.000820419472258
4600,0.325087297385,0.327340694879,0.326212050394,0.000706095490494
4600,0.327340694879,0.329609712177,0.328473244303,0.00125742436756
4600,0.329609712177,0.331894457553,0.330750112059,0.000891951390253
4600,0.331894457553,0.334195040026,0.333042762309,0.00039551409021
4600,0.334195040026,0.336511569375,0.335351304451,0.000820520712475
4600,0.336511569375,0.338844156139,0.337675848642,0.00136981899542
4600,0.338844156139,0.341192911622,0.340016505804,0.000776948031695
4600,0.341192911622,0.3435579479,0.342373387626,0.000938765064729
4600,0.3435579479,0.345939377826,0.344746606573,0.000961651860472
4600,0.345939377826,0.348337315036,0.347136275888,0.000812705792071
4600,0.348337315036,0.350751873953,0.349542509599,0.000858428141524
4600,0.350751873953,0.353183169792,0.351965422525,0.00114776743699
4600,0.353183169792,0.355631318569,0.354405130281,0.000832945769015
4600,0.355631318569,0.358096437103,0.356861749283,0.000202350661651
4600,0.358096437103,0.360578643022,0.359335396755,0.000836365864404
4600,0.360578643022,0.36307805477,0.361826190732,0.000696330633875
4600,0.36307805477,0.365594791613,0.364334250068,0.00126359753978
4600,0.365594791613,0.368128973643,0.366859694441,0.00045187365443
4600,0.368128973643,0.370680721783,0.369402644358,0.000457105808586
4600,0.370680721783,0.373250157796,0.371963221162,0.000758213909288
4600,0.373250157796,0.375837404288,0.374541547036,0.000769292363648
4600,0.375837404288,0.378442584717,0.377137745011,0.000707103250822
4600,0.378442584717,0.381065823394,0.379751938971,0.000702708509072
4600,0.381065823394,0.383707245492,0.382384253658,0.00102983930117
4600,0.383707245492,0.386366977054,0.385034814679,0.00091675754946
4600,0.386366977054,0.389045144994,0.38770374851,0.000419027977118
4600,0.389045144994,0.391741877108,0.390391182508,0.00135065771907
4600,0.391741877108,0.394457302075,0.393097244907,0.00133825781281
4600,0.394457302075,0.397191549469,0.395822064836,0.000998004531403
4600,0.397191549469,0.399944749761,0.398565772313,0.000337328999141
4600,0.399944749761,0.402717034325,0.401328498263,0.000643052435845
4600,0.402717034325,0.405508535448,0.404110374513,0.00129804296086
4600,0.405508535448,0.408319386333,0.406911533809,0.000592506804913
4600,0.408319386333,0.411149721105,0.409732109814,0.000598584772907
4600,0.411149721105,0.41399967482,0.412572237117,0.00139914615243
4600,0.41399967482,0.41686938347,0.415432051242,0.000473063917118
4600,0.41686938347,0.419758983991,0.418311688651,0.000755258975787
4600,0.419758983991,0.422668614266,0.421211286754,0.000611432564192
4600,0.422668614266,0.425598413134,0.42413098391,0.000854534317735
4600,0.425598413134,0.428548520397,0.427070919441,0.0007672638806
4600,0.428548520397,0.431519076828,0.430031233631,0.00100771678262
4600,0.431519076828,0.434510224172,0.433012067738,0.000799536900924
4600,0.434510224172,0.437522105158,0.436013564,0.000716252725763
4600,0.437522105158,0.440554863507,0.439035865641,0.000727441539165
4600,0.440554863507,0.443608643931,0.442079116876,0.000566373123344
4600,0.443608643931,0.446683592151,0.44514346292,0.000293080820483
4600,0.446683592151,0.449779854893,0.448229049997,0.00088677578665
4600,0.449779854893,0.452897579904,0.451336025341,0.000559768932863
4600,0.452897579904,0.456036915951,0.45446453721,0.000310742145699
4600,0.456036915951,0.459198012837,0.457614734886,0.000523869031549
4600,0.459198012837,0.462381021399,0.46078676869,0.000487580713991
4600,0.462381021399,0.465586093523,0.463980789982,0.000709350679832
4600,0.465586093523,0.468813382145,0.467196951172,0.000765998704143
4600,0.468813382145,0.472063041264,0.470435405726,0.00052120282342
4600,0.472063041264,0.475335225943,0.473696308175,0.000771341362209
4600,0.475335225943,0.478630092323,0.476979814119,0.00084505399641
4600,0.478630092323,0.481947797625,0.48028608024,0.00103637000998
4600,0.481947797625,0.485288500162,0.483615264302,0.000997494825262
4600,0.485288500162,0.488652359343,0.486967525166,0.000680701574177
4600,0.488652359343,0.492039535681,0.490343022792,0.000660809655691
4600,0.492039535681,0.495450190805,0.49374191825,0.00109340496602
4600,0.495450190805,0.49888448746,0.497164373725,0.00071277943038
4600,0.49888448746,0.502342589522,0.500610552529,0.000745435005748
4600,0.502342589522,0.505824662003,0.504080619103,0.000517019138564
4600,0.505824662003,0.509330871057,0.507574739029,0.000791061862275
4600,0.509330871057,0.512861383991,0.511093079037,0.00130067111354
4600,0.512861383991,0.516416369272,0.514635807014,0.000266054517898
4600,0.516416369272,0.519995996534,0.518203092007,0.000472176187018
4600,0.519995996534,0.523600436586,0.521795104239,0.000641695315304
4600,0.523600436586,0.527229861423,0.52541201511,0.000720637820516
4600,0.527229861423,0.530884444231,0.52905399721,0.000766184968699
4600,0.530884444231,0.534564359397,0.532721224323,0.000920538985928
4600,0.534564359397,0.538269782516,0.53641387144,0.00101678156356
4600,0.538269782516,0.542000890402,0.540132114765,0.00086647363682
4600,0.542000890402,0.545757861091,0.54387613172,0.00125630551697
4600,0.545757861091,0.549540873858,0.547646100962,0.00033397848483
4600,0.549540873858,0.553350109216,0.551442202382,0.000925448899225
4600,0.553350109216,0.557185748932,0.55526461712,0.00065908620291
4600,0.557185748932,0.561047976032,0.559113527571,0.00109679731823
4600,0.561047976032,0.564936974812,0.562989117394,0.000511908503722
4600,0.564936974812,0.568852930844,0.566891571523,0.000291397444506
4600,0.568852930844,0.572796030986,0.570821076172,0.00100625862045
4600,0.572796030986,0.576766463392,0.574777818846,0.000355554530257
4600,0.576766463392,0.580764417521,0.578761988349,0.000475774254186
4600,0.580764417521,0.584790084144,0.582773774796,0.000884556632244
4600,0.584790084144,0.588843655356,0.586813369619,0.00125501862858
4600,0.588843655356,0.59292532458,0.590880965575,0.00078529403108
4600,0.59292532458,0.597035286584,0.594976756759,0.000559214400972
4600,0.597035286584,0.601173737483,0.599100938611,0.000663055920234
4600,0.601173737483,0.605340874754,0.603253707927,0.000724892128022
4600,0.605340874754,0.60953689724,0.607435262864,0.000584847758756
4600,0.60953689724,0.613762005165,0.611645802955,0.000593571582256
4600,0.613762005165,0.618016400138,0.615885529115,0.000346984208798
4600,0.618016400138,0.622300285169,0.620154643654,0.000655085172456
4600,0.622300285169,0.626613864672,0.624453350281,0.000438672156844
4600,0.626613864672,0.63095734448,0.628781854118,0.000458457034442
4600,0.63095734448,0.635330931852,0.633140361711,0.000642879428211
4600,0.635330931852,0.639734835483,0.637529081035,0.000574582445291
4600,0.639734835483,0.644169265515,0.641948221508,0.000773188249311
4600,0.644169265515,0.648634433548,0.646397994,0.000678537956733
4600,0.648634433548,0.653130552647,0.65087861084,0.000920362998247
4600,0.653130552647,0.657657837355,0.655390285833,0.0006882570107
4600,0.657657837355,0.662216503702,0.659933234264,0.00088930610722
4600,0.662216503702,0.666806769214,0.664507672908,0.000439460732574
4600,0.666806769214,0.671428852926,0.669113820046,0.000617605669764
4600,0.671428852926,0.676082975392,0.673751895471,0.000715712284309
4600,0.676082975392,0.680769358694,0.678422120498,0.000607873864464
4600,0.680769358694,0.685488226453,0.683124717979,0.000814900114449
4600,0.685488226453,0.69023980384,0.687859912309,0.000608613125526
4600,0.69023980384,0.695024317589,0.692627929437,0.000534978738895
4600,0.695024317589,0.699841996002,0.697428996882,0.000796894125258
4600,0.699841996002,0.704693068967,0.702263343736,0.000561553503683
4600,0.704693068967,0.709577767963,0.707131200681,0.000544356542166
4600,0.709577767963,0.714496326076,0.712032799999,0.00085614149484
4600,0.714496326076,0.719448978004,0.71696837558,0.000559863216211
4600,0.719448978004,0.724435960075,0.721938162937,0.00064639905839
4600,0.724435960075,0.729457510255,0.726942399214,0.000311674402248
4600,0.729457510255,0.734513868157,0.7319813232,0.00105437990831
4600,0.734513868157,0.739605275058,0.737055175338,0.000382462195623
4600,0.739605275058,0.744731973906,0.742164197739,0.000851531644185
4600,0.744731973906,0.749894209332,0.747308634191,0.000748914600222
4600,0.749894209332,0.755092227665,0.752488730174,0.000517491162088
4600,0.755092227665,0.76032627694,0.757704732866,0.000998005822083
4600,0.76032627694,0.765596606911,0.762956891162,0.000694519290547
4600,0.765596606911,0.770903469064,0.768245455679,0.000771254473318
4600,0.770903469064,0.776247116629,0.773570678775,0.00032935133105
4600,0.776247116629,0.781627804588,0.778932814554,0.00052698362317
4600,0.781627804588,0.787045789695,0.784332118882,0.00018483694807
4600,0.787045789695,0.79250133048,0.7897688494,0.000872299012959
4600,0.79250133048,0.797994687268,0.795243265533,0.000533995259771
4600,0.797994687268,0.803526122186,0.800755628507,0.000843568713815
4600,0.803526122186,0.809095899178,0.806306201355,0.000859375684328
4600,0.809095899178,0.814704284021,0.811895248936,0.000391988246372
4600,0.814704284021,0.82035154433,0.817523037944,0.0012545581692
4600,0.82035154433,0.826037949577,0.823189836921,0.000355587521805
4600,0.826037949577,0.831763771103,0.828895916273,0.000893598258243
4600,0.831763771103,0.837529282127,0.834641548277,0.000777279941393
4600,0.837529282127,0.843334757764,0.8404270071,0.000501956858605
4600,0.843334757764,0.849180475036,0.846252568807,0.000660278881342
4600,0.849180475036,0.855066712885,0.852118511379,0.000640380412488
4600,0.855066712885,0.860993752185,0.858025114723,0.000347596031557
4600,0.860993752185,0.866961875758,0.863972660684,0.000487812186974
4600,0.866961875758,0.872971368388,0.869961433065,0.000447579935312
4600,0.872971368388,0.879022516831,0.875991717633,0.000414799608481
4600,0.879022516831,0.885115609831,0.882063802137,0.000677614819323
4600,0.885115609831,0.891250938134,0.888177976319,0.00086119845255
4600,0.891250938134,0.897428794501,0.894334531933,0.000731212839563
4600,0.897428794501,0.903649473722,0.900533762751,0.00102645290073
4600,0.903649473722,0.909913272632,0.906775964584,0.000665825326598
4600,0.909913272632,0.916220490122,0.913061435293,0.000549640882516
4600,0.916220490122,0.922571427155,0.919390474804,0.000332035214497
4600,0.922571427155,0.92896638678,0.925763385121,0.000347335304394
4600,0.92896638678,0.935405674148,0.932180470342,0.000451886205645
4600,0.935405674148,0.941889596523,0.938642036672,0.000190698551832
4600,0.941889596523,0.948418463301,0.945148392441,0.000362383312989
4600,0.948418463301,0.954992586021,0.951699848113,0.000723328632254
4600,0.954992586021,0.961612278384,0.958296716306,0.000670629993448
4600,0.961612278384,0.968277856261,0.964939311806,0.0008745708053
4600,0.968277856261,0.974989637717,0.971627951577,0.000416541987141
4600,0.974989637717,0.98174794302,0.978362954785,0.000409521211656
4600,0.98174794302,0.988553094657,0.985144642804,0.000573673900246
4600,0.988553094657,0.995405417352,0.991973339239,0.000997034914514
4600,0.995405417352,1.00230523808,0.998849369937,0.000908933306552
4600,1.00230523808,1.00925288608,1.005773063,0.000549657089355
4600,1.00925288608,1.01624869287,1.01274474881,0.000448936145515
4600,1.01624869287,1.02329299228,1.01976476004,0.000441659143546
4600,1.02329299228,1.03038612044,1.02683343167,0.000692357790126
4600,1.03038612044,1.03752841582,1.03395110098,0.000562123323577
4600,1.03752841582,1.04472021922,1.04111810762,0.000678925776858
4600,1.04472021922,1.05196187382,1.04833479358,0.00110993046924
4600,1.05196187382,1.05925372518,1.05560150322,0.00067973084674
4600,1.05925372518,1.06659612123,1.06291858328,0.000715626169818
4600,1.06659612123,1.07398941234,1.07028638291,0.000499172720121
4600,1.07398941234,1.0814339513,1.07770525369,0.000675018858368
4600,1.0814339513,1.08893009333,1.08517554963,0.000317385144914
4600,1.08893009333,1.09647819614,1.09269762719,0.000882362530695
4600,1.09647819614,1.1040786199,1.1002718453,0.000664544746055
4600,1.1040786199,1.11173172728,1.10789856537,0.000333530096869
4600,1.11173172728,1.11943788347,1.11557815135,0.000271348726279
4600,1.11943788347,1.12719745618,1.12331096967,0.000211531763227
4600,1.12719745618,1.13501081567,1.13109738933,0.000200276306088
4600,1.13501081567,1.14287833479,1.13893778188,0.000388069652149
4600,1.14287833479,1.15080038894,1.14683252142,0.00113590460416
4600,1.15080038894,1.15877735616,1.15478198469,0.000461606359805
4600,1.15877735616,1.16680961706,1.162786551,0.000305664634446
4600,1.16680961706,1.17489755494,1.17084660232,0.000308314094924
4600,1.17489755494,1.18304155573,1.17896252324,0.000851852726663
4600,1.18304155573,1.19124200803,1.18713470104,0.000650803532428
4600,1.19124200803,1.19949930315,1.19536352567,0.000828394107519
4600,1.19949930315,1.20781383511,1.20364938979,0.00077818172183
4600,1.20781383511,1.21618600065,1.21199268877,0.000505885377676
4600,1.21618600065,1.22461619927,1.22039382074,0.000293917635222
4600,1.22461619927,1.23310483323,1.22885318658,0.00107021212462
4600,1.23310483323,1.24165230759,1.23737118994,0.000671130900177
4600,1.24165230759,1.25025903022,1.24594823727,0.000367718950396
4600,1.25025903022,1.25892541179,1.25458473786,0.000667785787284
4600,1.25892541179,1.26765186586,1.26328110381,0.000441878323276
4600,1.26765186586,1.27643880881,1.27203775009,0.000234293110581
4600,1.27643880881,1.28528665994,1.28085509454,0.000591905793672
4600,1.28528665994,1.29419584145,1.2897335579,8.46332274551e-05
4600,1.29419584145,1.30316677845,1.29867356383,0.000394391601768
4600,1.30316677845,1.31219989902,1.30767553892,0.000508163036928
4600,1.31219989902,1.32129563419,1.31673991272,0.000647588979941
4600,1.32129563419,1.33045441798,1.32586711776,0.000518715776536
4600,1.33045441798,1.33967668743,1.33505758956,0.000419038935945
4600,1.33967668743,1.34896288259,1.34431176667,0.000210555001499
4600,1.34896288259,1.35831344659,1.35363009067,0.000388587505901
4600,1.35831344659,1.3677288256,1.36301300621,0.000195223459418
4600,1.3677288256,1.37720946889,1.37246096101,0.000514126703214
4600,1.37720946889,1.38675582887,1.3819744059,0.000462259739865
4600,1.38675582887,1.39636836106,1.39155379484,0.000244001776243
4600,1.39636836106,1.40604752413,1.40119958494,0.000663834116954
4600,1.40604752413,1.41579377996,1.41091223646,0.000659580242889
4600,1.41579377996,1.4256075936,1.42069221286,0.000415387170345
4600,1.4256075936,1.43548943335,1.43053998082,0.000803620700727
4600,1.43548943335,1.44543977075,1.44045601025,0.000478872275729
4600,1.44543977075,1.45545908058,1.4504407743,0.000878598084076
4600,1.45545908058,1.46554784096,1.46049474944,0.000558339334142
4600,1.46554784096,1.47570653328,1.4706184154,0.000447105838463
4600,1.47570653328,1.48593564229,1.48081225527,0.000592987651823
4600,1.48593564229,1.49623565609,1.49107675545,0.000292333766501
4600,1.49623565609,1.50660706619,1.50141240575,0.000832346553348
4600,1.50660706619,1.51705036746,1.51181969936,0.000331488442587
4600,1.51705036746,1.52756605824,1.52229913288,0.000498836776769
4600,1.52756605824,1.5381546403,1.53285120636,0.000667295318236
4600,1.5381546403,1.54881661891,1.54347642332,0.000554675585682
4600,1.54881661891,1.55955250283,1.55417529077,0.00066971014888
4600,1.55955250283,1.57036280433,1.56494831922,0.000461928682627
4600,1.57036280433,1.58124803927,1.57579602274,0.000549376341323
4600,1.58124803927,1.59220872705,1.58671891895,0.000743281451896
4600,1.59220872705,1.60324539069,1.59771752906,0.000496863323165
4600,1.60324539069,1.61435855683,1.60879237789,0.00045337757296
4600,1.61435855683,1.62554875575,1.6199439939,0.000394822846599
4600,1.62554875575,1.63681652143,1.63117290923,0.00014610585101
4600,1.63681652143,1.64816239153,1.64247965967,0.000528461555611
4600,1.64816239153,1.65958690744,1.65386478477,0.000181730061529
4600,1.65958690744,1.67109061431,1.66532882779,0.000564668156276
4600,1.67109061431,1.68267406107,1.67687233575,0.000801589095642
4600,1.68267406107,1.69433780045,1.68849585949,0.00094742517398
4600,1.69433780045,1.706082389,1.70019995364,0.000643492085403
4600,1.706082389,1.71790838716,1.7119851767,0.000811876991364
4600,1.71790838716,1.72981635922,1.72385209103,0.00103692776059
4600,1.72981635922,1.74180687339,1.73580126287,0.000528727086404
4600,1.74180687339,1.75388050184,1.74783326242,0.000658044087192
4600,1.75388050184,1.76603782069,1.7599486638,0.000719655771227
4600,1.76603782069,1.77827941004,1.77214804514,0.000561177965454
4600,1.77827941004,1.79060585404,1.78443198854,0.0010096200818
4600,1.79060585404,1.80301774086,1.79680108017,0.000287316945218
4600,1.80301774086,1.81551566277,1.80925591025,0.000921683180011
4600,1.81551566277,1.82810021614,1.82179707309,0.000510864319128
4600,1.82810021614,1.84077200147,1.83442516712,0.000359994446458
4600,1.84077200147,1.85353162341,1.84714079491,0.000856698063601
4600,1.85353162341,1.86637969083,1.85994456322,0.000199617013614
4600,1.86637969083,1.8793168168,1.87283708302,0.000402437303161
4600,1.8793168168,1.89234361864,1.88581896949,0.000494869855957
4600,1.89234361864,1.90546071796,1.8988908421,0.00015719848903
4600,1.90546071796,1.91866874067,1.9120533246,0.000402155489796
4600,1.91866874067,1.93196831702,1.92530704508,0.000333597834938
4600,1.93196831702,1.94536008162,1.93865263595,0.000679527369617
4600,1.94536008162,1.95884467351,1.95209073404,0.000967342371301
4600,1.95884467351,1.97242273611,1.96562198058,0.000510588502338
4600,1.97242273611,1.98609491736,1.97924702124,0.000324349114138
4600,1.98609491736,1.99986186963,1.99296650616,0.000175195717266
4600,1.99986186963,2.01372424986,2.00678109002,0.000413261802623
4600,2.01372424986,2.02768271952,2.02069143199,0.000800414470726
4600,2.02768271952,2.04173794467,2.03469819585,0.000396689947211
4600,2.04173794467,2.05589059598,2.04880204996,0.000399239272118
4600,2.05589059598,2.07014134879,2.06300366731,0.000153078850342
4600,2.07014134879,2.0844908831,2.07730372557,0.000474861811321
4600,2.0844908831,2.09893988362,2.0917029071,0.00053719088777
4600,2.09893988362,2.11348903984,2.10620189899,0.000652037344884
4600,2.11348903984,2.12813904598,2.12080139309,0.000399894638712
4600,2.12813904598,2.14289060112,2.13550208605,0.000776501432312
4600,2.14289060112,2.15774440915,2.15030467934,2.69143626764e-05
4600,2.15774440915,2.17270117886,2.16520987931,0.000631097205471
4600,2.17270117886,2.18776162395,2.18021839719,0.000425200723228
4600,2.18776162395,2.20292646305,2.19533094914,0.000507470942338
4600,2.20292646305,2.2181964198,2.2105482563,0.00031318351738
4600,2.2181964198,2.23357222283,2.22587104479,0.000605094069885
4600,2.23357222283,2.24905460584,2.24130004578,0.000443751557242
4600,2.24905460584,2.26464430759,2.2568359955,0.000389358589464
4600,2.26464430759,2.280342072,2.27247963527,0.00053997429829
4600,2.280342072,2.29614864811,2.28823171158,0.000817425519385
4600,2.29614864811,2.31206479018,2.30409297606,0.000895887507325
4600,2.31206479018,2.32809125767,2.32006418557,0.000287553077493
4600,2.32809125767,2.34422881532,2.33614610222,0.000790878802064
4600,2.34422881532,2.36047823318,2.35233949339,0.000108355083443
4600,2.36047823318,2.37684028662,2.36864513178,0.000574584354332
4600,2.37684028662,2.39331575641,2.38506379547,0.000666493113608
4600,2.39331575641,2.40990542869,2.40159626789,0.000538587120956
4600,2.40990542869,2.42661009508,2.41824333793,0.000241278325492
4600,2.42661009508,2.44343055269,2.43500579995,0.000230669087727
4600,2.44343055269,2.46036760415,2.45188445381,0.000278668466062
4600,2.46036760415,2.47742205763,2.46888010491,0.0006593885473
4600,2.47742205763,2.49459472694,2.48599356423,0.000305609790499
4600,2.49459472694,2.51188643151,2.50322564838,0.000371506537474
4600,2.51188643151,2.52929799645,2.52057717964,0.000450545001424
4600,2.52929799645,2.54683025259,2.53804898596,0.000648937297081
4600,2.54683025259,2.56448403652,2.55564190106,0.000613027926779
4600,2.56448403652,2.58226019063,2.57335676443,0.000814244611248
4600,2.58226019063,2.60015956317,2.59119442135,0.000365651733514
4600,2.60015956317,2.61818300822,2.60915572301,0.00067488194057
4600,2.61818300822,2.63633138583,2.62724152647,0.000694512001885
4600,2.63633138583,2.65460556198,2.64545269472,0.000745147801627
4600,2.65460556198,2.67300640866,2.66379009677,0.000293871191986
4600,2.67300640866,2.69153480393,2.68225460761,0.00074774125242
4600,2.69153480393,2.71019163189,2.70084710832,0.000418504316567
4600,2.71019163189,2.72897778281,2.7195684861,0.000330457756433
4600,2.72897778281,2.7478941531,2.73841963426,0.000815581209245
4600,2.7478941531,2.76694164541,2.75740145235,0.000572720152886
4600,2.76694164541,2.78612116863,2.77651484611,0.000147991010041
4600,2.78612116863,2.80543363795,2.79576072758,0.000420409387
4600,2.80543363795,2.82487997492,2.81514001513,0.000391442891539
4600,2.82487997492,2.84446110745,2.83465363349,0.000478930487785
4600,2.84446110745,2.86417796991,2.85430251379,0.000577108594452
4600,2.86417796991,2.88403150313,2.87408759362,0.000606163327142
4600,2.88403150313,2.90402265446,2.89400981707,0.000428518670381
4600,2.90402265446,2.92415237784,2.91407013477,0.000484416686448
4600,2.92415237784,2.9444216338,2.93426950396,0.000753334329829
4600,2.9444216338,2.96483138952,2.95460888848,0.000687840195229
4600,2.96483138952,2.98538261892,2.97508925888,0.000409182985267
4600,2.98538261892,3.00607630263,2.99571159243,0.000474337503648
4600,3.00607630263,3.0269134281,3.01647687316,0.00031509809297
4600,3.0269134281,3.04789498963,3.03738609195,0.000548080605525
4600,3.04789498963,3.06902198839,3.05844024651,0.000442711485973
4600,3.06902198839,3.09029543251,3.0796403415,0.000459590188901
4600,3.09029543251,3.11171633711,3.10098738853,0.00049956414193
4600,3.11171633711,3.13328572432,3.12248240622,0.000711235717903
4600,3.13328572432,3.15500462337,3.14412642026,0.000621765475561
4600,3.15500462337,3.17687407065,3.16592046343,0.000531569815365
4600,3.17687407065,3.19889510969,3.1878655757,0.000639448351482
4600,3.19889510969,3.22106879128,3.20996280421,0.00023591907849
4600,3.22106879128,3.24339617349,3.2322132034,0.000801755075471
4600,3.24339617349,3.26587832172,3.25461783498,0.000976492186585
4600,3.26587832172,3.28851630876,3.27717776805,0.000775172649724
4600,3.28851630876,3.31131121483,3.29989407911,0.000484817018993
4600,3.31131121483,3.33426412763,3.32276785211,0.00019609852014
4600,3.33426412763,3.35737614243,3.34580017853,0.000527111719492
4600,3.35737614243,3.38064836206,3.36899215741,0.000379872896955
4600,3.38064836206,3.40408189701,3.39234489541,0.000222134821652
4600,3.40408189701,3.42767786546,3.41585950686,0.00118491225217
4600,3.42767786546,3.45143739336,3.43953711381,0.000632524035521
4600,3.45143739336,3.47536161443,3.46337884608,0.000528870597572
4600,3.47536161443,3.49945167028,3.48738584135,3.97826312139e-05
4600,3.49945167028,3.52370871042,3.51155924516,0.000376662577505
4600,3.52370871042,3.54813389234,3.535900211,0.000399960996992
4600,3.54813389234,3.57272838152,3.56040990036,0.000497169045748
4600,3.57272838152,3.59749335156,3.58508948277,0.000701929756106
4600,3.59749335156,3.62242998417,3.60994013586,0.000342978121522
4600,3.62242998417,3.64753946926,3.63496304546,0.000661985280781
4600,3.64753946926,3.67282300498,3.66015940558,0.000919618420159
4600,3.67282300498,3.6982817978,3.68553041852,0.000739792461468
4600,3.6982817978,3.72391706255,3.71107729493,0.000638409002093
4600,3.72391706255,3.74973002245,3.73680125382,0.000254539356381
4600,3.74973002245,3.77572190925,3.76270352268,0.00058442667335
4600,3.77572190925,3.80189396321,3.78878533748,0.000408776944989
4600,3.80189396321,3.82824743317,3.81504794279,0.000276894000295
4600,3.82824743317,3.85478357666,3.84149259179,0.000688809937946
4600,3.85478357666,3.88150365991,3.86812054633,0.000454615174673
4600,3.88150365991,3.90840895792,3.89493307704,0.0010134954592
4600,3.90840895792,3.93550075456,3.92193146333,0.000102326139708
4600,3.93550075456,3.96278034255,3.94911699349,0.000648483154113
4600,3.96278034255,3.99024902362,3.97649096475,0.000917318578862
4600,3.99024902362,4.01790810849,4.00405468331,0.000688981938249
4600,4.01790810849,4.04575891697,4.03180946443,0.000192801453096
4600,4.04575891697,4.07380277804,4.05975663252,0.00113835610416
4600,4.07380277804,4.10204102987,4.08789752111,0.00044158334659
4600,4.10204102987,4.1304750199,4.11623347303,0.00064292125612
4600,4.1304750199,4.15910610494,4.14476584038,0.000456958981194
4600,4.15910610494,4.18793565118,4.17349598465,0.000788069306935
4600,4.18793565118,4.21696503429,4.20242527677,0.000388562318605
4600,4.21696503429,4.24619563946,4.23155509717,0.000284037111881
4600,4.24619563946,4.27562886152,4.26088683583,0.000653902322282
4600,4.27562886152,4.30526610492,4.29042189239,0.000510771417611
4600,4.30526610492,4.33510878388,4.32016167618,0.000757586959216
4600,4.33510878388,4.3651583224,4.35010760631,0.000101094120646
4600,4.3651583224,4.39541615438,4.3802611117,0.000408113205798
4600,4.39541615438,4.42588372363,4.41062363121,0.000943268103729
4600,4.42588372363,4.45656248398,4.44119661366,0.000284979502128
4600,4.45656248398,4.48745389933,4.47198151789,0.000537843751482
4600,4.48745389933,4.51855944375,4.50297981288,0.000418213148023
4600,4.51855944375,4.5498806015,4.53419297779,0.000513249679422
4600,4.5498806015,4.58141886715,4.56562250202,0.000916966832648
4600,4.58141886715,4.6131757456,4.59726988531,0.000763594394519
4600,4.6131757456,4.64515275223,4.62913663778,0.00070594174841
4600,4.64515275223,4.67735141287,4.66122428002,0.000455519806363
4600,4.67735141287,4.70977326397,4.69353434317,0.000678346935855
4600,4.70977326397,4.7424198526,4.72606836898,0.000203081822996
4600,4.7424198526,4.77529273658,4.75882790989,0.000384371458675
4600,4.77529273658,4.8083934845,4.79181452908,0.000324208779411
4600,4.8083934845,4.84172367584,4.8250298006,0.00069828730345
4600,4.84172367584,4.87528490103,4.85847530937,0.000581813762938
4600,4.87528490103,4.90907876153,4.89215265134,0.000582761087275
4600,4.90907876153,4.94310686987,4.9260634335,0.000596400514874
4600,4.94310686987,4.97737084979,4.96020927396,0.000373534534964
4600,4.97737084979,5.01187233627,4.99459180208,0.000348113123701
4600,5.01187233627,5.04661297564,5.0292126585,0.000603212366092
4600,5.04661297564,5.08159442561,5.06407349524,0.000556633048983
4600,5.08159442561,5.1168183554,5.09917597575,0.000873827563131
4600,5.1168183554,5.15228644582,5.13452177503,0.00098437273961
4600,5.15228644582,5.18800038929,5.17011257969,0.000549397013916
4600,5.18800038929,5.22396188999,5.20595008802,0.000667148215218
4600,5.22396188999,5.26017266391,5.24203601008,0.000821108462241
4600,5.26017266391,5.29663443892,5.27837206782,0.000859472276289
4600,5.29663443892,5.33334895488,5.31495999507,0.000490239255799
4600,5.33334895488,5.3703179637,5.35180153771,0.000865596790418
4600,5.3703179637,5.40754322946,5.38889845373,0.000521974678746
4600,5.40754322946,5.44502652842,5.42625251329,0.000391074571131
4600,5.44502652842,5.48276964921,5.46386549882,0.000543888963344
4600,5.48276964921,5.52077439281,5.50173920511,0.000320338544311
4600,5.52077439281,5.5590425727,5.53987543939,0.000709782814829
4600,5.5590425727,5.59757601495,5.57827602141,0.000162995234711
4600,5.59757601495,5.63637655826,5.61694278356,0.000558933789721
4600,5.63637655826,5.67544605409,5.65587757089,0.000508470158217
4600,5.67544605409,5.71478636672,5.69508224128,0.000485313085135
4600,5.71478636672,5.75439937337,5.73455866546,0.000273495929643
4600,5.75439937337,5.79428696427,5.77430872714,0.00113480059195
4600,5.79428696427,5.83445104274,5.81433432308,0.00100652750775
4600,5.83445104274,5.8748935253,5.85463736321,0.000651717248418
4600,5.8748935253,5.91561634175,5.89521977065,0.000440893645292
4600,5.91561634175,5.95662143529,5.93608348191,0.00080773779829
4600,5.95662143529,5.99791076256,5.97723044689,0.000988398857053
4600,5.99791076256,6.03948629376,6.018662629,0.000620035476355
4600,6.03948629376,6.08135001279,6.06038200527,0.000732201511227
4600,6.08135001279,6.12350391725,6.10239056645,0.000513007538345
4600,6.12350391725,6.16595001861,6.14469031706,0.000923363289659
4600,6.16595001861,6.2086903423,6.18728327553,0.000599550806047
4600,6.2086903423,6.25172692776,6.23017147429,0.000827517275697
4600,6.25172692776,6.29506182857,6.27335695984,0.000470253355568
4600,6.29506182857,6.33869711257,6.31684179288,0.000448339260492
4600,6.33869711257,6.38263486191,6.36062804837,0.00113857922568
4600,6.38263486191,6.42687717317,6.40471781569,0.000712988954074
4600,6.42687717317,6.47142615749,6.44911319868,0.000933987031507
4600,6.47142615749,6.51628394061,6.49381631576,0.000399406009994
4600,6.51628394061,6.56145266303,6.53882930005,0.000647776666215
4600,6.56145266303,6.60693448008,6.58415429943,0.00121837668753
4600,6.60693448008,6.65273156202,6.62979347671,0.00111406184461
4600,6.65273156202,6.69884609417,6.67574900964,0.000358071412104
4600,6.69884609417,6.74528027698,6.72202309112,0.000614972734208
4600,6.74528027698,6.79203632617,6.7686179292,0.000720939747585
4600,6.79203632617,6.83911647281,6.81553574727,0.000686465772922
4600,6.83911647281,6.88652296344,6.86277878411,0.000740643961248
4600,6.88652296344,6.93425806017,6.91034929405,0.000354811640877
4600,6.93425806017,6.98232404077,6.95824954701,0.000697057832392
4600,6.98232404077,7.03072319884,7.00648182865,0.000612927506651
4600,7.03072319884,7.07945784384,7.05504844051,0.00049490158994
4600,7.07945784384,7.12853030127,7.10395170003,0.000427065565118
4600,7.12853030127,7.17794291271,7.15319394075,0.0010765303459
4600,7.17794291271,7.22769803602,7.20277751238,0.000955760204219
4600,7.22769803602,7.27779804537,7.25270478091,0.000701984024308
4600,7.27779804537,7.32824533139,7.30297812873,0.000901765867147
4600,7.32824533139,7.37904230129,7.35359995475,0.000692676076216
4600,7.37904230129,7.43019137897,7.40457267451,0.0005747542693
4600,7.43019137897,7.48169500511,7.45589872028,0.000782748406222
4600,7.48169500511,7.53355563734,7.5075805412,0.000533534193774
4600,7.53355563734,7.58577575029,7.55962060339,0.000696157385646
4600,7.58577575029,7.63835783578,7.61202139006,0.00073009761265
4600,7.63835783578,7.69130440287,7.66478540163,0.000909909833075
4600,7.69130440287,7.74461797803,7.71791515585,0.000767979318138
4600,7.74461797803,7.79830110523,7.77141318794,0.000383038634548
4600,7.79830110523,7.8523563461,7.82528205067,0.000665327197413
4600,7.8523563461,7.90678628,7.87952431451,0.000945516579433
4600,7.90678628,7.96159350417,7.93414256777,0.000982646036592
4600,7.96159350417,8.01678063388,7.98913941667,0.000856613731572
4600,8.01678063388,8.07235030249,8.04451748552,0.000544894807882
4600,8.07235030249,8.12830516164,8.1002794168,0.000788480843322
4600,8.12830516164,8.18464788135,8.15642787133,0.000856963974665
4600,8.18464788135,8.24138115013,8.21296552835,0.000812989001905
4600,8.24138115013,8.29850767514,8.26989508568,0.0011579400322
4600,8.29850767514,8.35603018231,8.32721925985,0.000863757725858
4600,8.35603018231,8.41395141645,8.38494078622,0.000291423259271
4600,8.41395141645,8.47227414141,8.44306241909,0.00118082712448
4600,8.47227414141,8.53100114018,8.50158693187,0.000889885059637
4600,8.53100114018,8.59013521505,8.5605171172,0.000885232239399
4600,8.59013521505,8.64967918776,8.61985578706,0.00100839099377
4600,8.64967918776,8.70963589956,8.67960577292,0.00111902597392
4600,8.70963589956,8.77000821144,8.73976992591,0.00127045067776
4600,8.77000821144,8.83079900419,8.80035111687,0.00137180788917
4600,8.83079900419,8.89201117858,8.86135223659,0.00070114752552
4600,8.89201117858,8.9536476555,8.92277619588,0.000271567353402
4600,8.9536476555,9.01571137606,8.98462592571,0.000985096705106
4600,9.01571137606,9.07820530178,9.04690437738,0.000610922596504
4600,9.07820530178,9.1411324147,9.10961452266,0.00106931946304
4600,9.1411324147,9.20449571753,9.1727593539,0.000713049961468
4600,9.20449571753,9.26829823379,9.2363418842,0.000648863486436
4600,9.26829823379,9.33254300797,9.30036514754,0.000709225305043
4600,9.33254300797,9.39723310565,9.36483219894,0.000560630086894
4600,9.39723310565,9.46237161366,9.4297461146,0.00104434996995
4600,9.46237161366,9.52796164024,9.49510999202,0.00103700665157
4600,9.52796164024,9.59400631516,9.5609269502,0.000913811234344
4600,9.59400631516,9.6605087899,9.62720012973,0.000368241411596
4600,9.6605087899,9.72747223777,9.693932693,0.000863661845637
4600,9.72747223777,9.79489985409,9.7611278243,0.000723828465298
4600,9.79489985409,9.86279485631,9.82878873,0.000851465858541
4600,9.86279485631,9.93116048421,9.89691863869,0.00108617048084
4600,9.93116048421,10,9.96552080135,0.972355060641
4800,0.01,0.0100693166885,0.0100345984915,0
4800,0.0100693166885,0.0101391138574,0.0101041550053,0
4800,0.0101391138574,0.0102093948371,0.0101741936618,0
4800,0.0102093948371,0.0102801629813,0.0102447178031,0
4800,0.0102801629813,0.0103514216668,0.0103157307944,0
4800,0.0103514216668,0.0104231742939,0.0103872360242,0
4800,0.0104231742939,0.0104954242865,0.0104592369046,0
4800,0.0104954242865,0.0105681750921,0.0105317368713,0
4800,0.0105681750921,0.0106414301822,0.0106047393837,0
4800,0.0106414301822,0.0107151930524,0.0106782479254,0
4800,0.0107151930524,0.0107894672223,0.0107522660039,0
4800,0.0107894672223,0.0108642562362,0.0108267971513,0
4800,0.0108642562362,0.0109395636627,0.0109018449239,0
4800,0.0109395636627,0.0110153930954,0.0109774129027,0
4800,0.0110153930954,0.0110917481526,0.0110535046938,0
4800,0.0110917481526,0.0111686324778,0.011130123928,0
4800,0.0111686324778,0.0112460497397,0.0112072742614,0
4800,0.0112460497397,0.0113240036324,0.0112849593753,0
4800,0.0113240036324,0.0114024978756,0.0113631829767,0
4800,0.0114024978756,0.011481536215,0.0114419487982,0
4800,0.011481536215,0.0115611224219,0.0115212605983,0
4800,0.0115611224219,0.0116412602941,0.0116011221615,0
4800,0.0116412602941,0.0117219536555,0.0116815372986,0
4800,0.0117219536555,0.0118032063565,0.0117625098468,0
4800,0.0118032063565,0.0118850222744,0.01184404367,0
4800,0.0118850222744,0.0119674053131,0.0119261426586,0
4800,0.0119674053131,0.0120503594037,0.0120088107301,0
4800,0.0120503594037,0.0121338885046,0.0120920518294,0
4800,0.0121338885046,0.0122179966016,0.0121758699285,0
4800,0.0122179966016,0.0123026877081,0.0122602690268,0
4800,0.0123026877081,0.0123879658653,0.0123452531517,0
4800,0.0123879658653,0.0124738351424,0.0124308263584,0
4800,0.0124738351424,0.0125602996369,0.0125169927303,0
4800,0.0125602996369,0.0126473634747,0.0126037563789,0
4800,0.0126473634747,0.0127350308102,0.0126911214445,0
4800,0.0127350308102,0.0128233058266,0.0127790920957,0
4800,0.0128233058266,0.0129121927361,0.0128676725303,0
4800,0.0129121927361,0.0130016957803,0.0129568669752,0
4800,0.0130016957803,0.01309181923,0.0130466796864,0
4800,0.01309181923,0.0131825673856,0.0131371149496,0
4800,0.0131825673856,0.0132739445773,0.0132281770801,0
4800,0.0132739445773,0.0133659551655,0.0133198704231,0
4800,0.0133659551655,0.0134586035406,0.0134121993541,0
4800,0.0134586035406,0.0135518941235,0.0135051682786,0
4800,0.0135518941235,0.0136458313659,0.0135987816328,0
4800,0.0136458313659,0.0137404197501,0.0136930438839,0
4800,0.0137404197501,0.0138356637897,0.0137879595297,0
4800,0.0138356637897,0.0139315680295,0.0138835330993,0
4800,0.0139315680295,0.0140281370456,0.0139797691532,0
4800,0.0140281370456,0.0141253754462,0.0140766722836,0
4800,0.0141253754462,0.0142232878712,0.0141742471144,0
4800,0.0142232878712,0.0143218789927,0.0142724983016,0
4800,0.0143218789927,0.0144211535152,0.0143714305336,0
4800,0.0144211535152,0.0145211161759,0.0144710485309,0
4800,0.0145211161759,0.0146217717446,0.0145713570473,0
4800,0.0146217717446,0.0147231250243,0.0146723608691,0
4800,0.0147231250243,0.0148251808515,0.0147740648159,0
4800,0.0148251808515,0.0149279440958,0.0148764737408,0
4800,0.0149279440958,0.0150314196609,0.0149795925304,0
4800,0.0150314196609,0.0151356124844,0.0150834261054,0
4800,0.0151356124844,0.015240527538,0.0151879794203,0
4800,0.015240527538,0.015346169828,0.0152932574642,0
4800,0.015346169828,0.0154525443954,0.0153992652606,0
4800,0.0154525443954,0.0155596563161,0.0155060078679,0
4800,0.0155596563161,0.0156675107011,0.0156134903797,0
4800,0.0156675107011,0.015776112697,0.0157217179246,0
4800,0.015776112697,0.015885467486,0.0158306956671,0
4800,0.015885467486,0.0159955802861,0.0159404288071,0
4800,0.0159955802861,0.0161064563518,0.016050922581,0
4800,0.0161064563518,0.0162181009736,0.0161621822611,0
4800,0.0162181009736,0.0163305194789,0.0162742131564,0
4800,0.0163305194789,0.0164437172321,0.0163870206128,0
4800,0.0164437172321,0.0165576996347,0.0165006100132,0
4800,0.0165576996347,0.0166724721255,0.0166149867777,0
4800,0.0166724721255,0.0167880401812,0.016730156364,0
4800,0.0167880401812,0.0169044093164,0.0168461242677,0
4800,0.0169044093164,0.0170215850839,0.0169628960226,0
4800,0.0170215850839,0.0171395730751,0.0170804772006,0
4800,0.0171395730751,0.0172583789199,0.0171988734124,0
4800,0.0172583789199,0.0173780082875,0.0173180903075,0
4800,0.0173780082875,0.0174984668862,0.0174381335747,0
4800,0.0174984668862,0.0176197604641,0.017559008942,0
4800,0.0176197604641,0.0177418948089,0.0176807221773,0
4800,0.0177418948089,0.0178648757485,0.0178032790885,0
4800,0.0178648757485,0.0179887091513,0.0179266855237,0
4800,0.0179887091513,0.0181134009262,0.0180509473713,0
4800,0.0181134009262,0.0182389570232,0.018176070561,0
4800,0.0182389570232,0.0183653834335,0.0183020610631,0
4800,0.0183653834335,0.0184926861898,0.0184289248897,0
4800,0.0184926861898,0.0186208713666,0.0185566680943,0
4800,0.0186208713666,0.0187499450807,0.0186852967726,0
4800,0.0187499450807,0.018879913491,0.0188148170622,0
4800,0.018879913491,0.0190107827992,0.0189452351436,0
4800,0.0190107827992,0.0191425592502,0.0190765572399,0
4800,0.0191425592502,0.0192752491319,0.0192087896175,0
4800,0.0192752491319,0.0194088587759,0.0193419385862,0
4800,0.0194088587759,0.0195433945578,0.0194760104994,0
4800,0.0195433945578,0.0196788628971,0.0196110117548,0
4800,0.0196788628971,0.0198152702581,0.0197469487941,0
4800,0.0198152702581,0.0199526231497,0.019883828104,0
4800,0.0199526231497,0.0200909281261,0.0200216562159,0
4800,0.0200909281261,0.0202301917868,0.0201604397066,0
4800,0.0202301917868,0.0203704207771,0.0203001851986,0
4800,0.0203704207771,0.0205116217883,0.02044089936,0
4800,0.0205116217883,0.0206538015581,0.0205825889054,0
4800,0.0206538015581,0.020796966871,0.0207252605958,0
4800,0.020796966871,0.0209411245585,0.0208689212391,0
4800,0.0209411245585,0.0210862814993,0.0210135776905,0
4800,0.0210862814993,0.02123244462,0.0211592368524,0
4800,0.02123244462,0.021379620895,0.0213059056754,0
4800,0.021379620895,0.0215278173472,0.0214535911582,0
4800,0.0215278173472,0.0216770410482,0.0216023003477,0
4800,0.0216770410482,0.0218272991184,0.0217520403402,0
4800,0.0218272991184,0.0219785987278,0.0219028182807,0
4800,0.0219785987278,0.0221309470961,0.0220546413639,0
4800,0.0221309470961,0.0222843514927,0.0222075168345,0
4800,0.0222843514927,0.0224388192378,0.0223614519872,0
4800,0.0224388192378,0.0225943577022,0.0225164541674,0
4800,0.0225943577022,0.0227509743077,0.0226725307715,0
4800,0.0227509743077,0.0229086765277,0.0228296892468,0
4800,0.0229086765277,0.0230674718872,0.0229879370926,0
4800,0.0230674718872,0.0232273679636,0.0231472818602,0
4800,0.0232273679636,0.0233883723866,0.0233077311528,0
4800,0.0233883723866,0.023550492839,0.0234692926269,0
4800,0.023550492839,0.0237137370566,0.0236319739915,0
4800,0.0237137370566,0.0238781128291,0.0237957830096,0
4800,0.0238781128291,0.0240436280001,0.0239607274975,0
4800,0.0240436280001,0.0242102904674,0.0241268153259,0
4800,0.0242102904674,0.0243781081837,0.0242940544202,0
4800,0.0243781081837,0.0245470891569,0.0244624527605,0
4800,0.0245470891569,0.0247172414502,0.0246320183824,0
4800,0.0247172414502,0.0248885731828,0.0248027593769,0
4800,0.0248885731828,0.0250610925303,0.0249746838915,0
4800,0.0250610925303,0.0252348077248,0.02514780013,0
4800,0.0252348077248,0.0254097270555,0.0253221163528,0
4800,0.0254097270555,0.0255858588691,0.025497640878,0
4800,0.0255858588691,0.02576321157,0.0256743820811,0
4800,0.02576321157,0.0259417936212,0.0258523483956,0
4800,0.0259417936212,0.026121613544,0.0260315483137,0
4800,0.026121613544,0.026302679919,0.0262119903864,0
4800,0.026302679919,0.0264850013861,0.0263936832237,0
4800,0.0264850013861,0.0266685866452,0.0265766354955,0
4800,0.0266685866452,0.0268534444566,0.026760855932,0
4800,0.0268534444566,0.0270395836411,0.0269463533235,0
4800,0.0270395836411,0.0272270130808,0.0271331365215,0
4800,0.0272270130808,0.0274157417193,0.0273212144388,0
4800,0.0274157417193,0.0276057785622,0.0275105960499,0
4800,0.0276057785622,0.0277971326776,0.0277012903916,0
4800,0.0277971326776,0.0279898131963,0.0278933065634,0
4800,0.0279898131963,0.0281838293126,0.0280866537277,0
4800,0.0281838293126,0.0283791902844,0.0282813411105,0
4800,0.0283791902844,0.0285759054337,0.0284773780017,0
4800,0.0285759054337,0.0287739841474,0.0286747737558,0
4800,0.0287739841474,0.028973435877,0.0288735377919,0
4800,0.028973435877,0.02917427014,0.0290736795944,0
4800,0.02917427014,0.0293764965196,0.0292752087137,0
4800,0.0293764965196,0.0295801246655,0.0294781347661,0
4800,0.0295801246655,0.0297851642943,0.0296824674346,0
4800,0.0297851642943,0.0299916251899,0.0298882164696,0
4800,0.0299916251899,0.030199517204,0.0300953916887,0
4800,0.030199517204,0.0304088502568,0.0303040029779,0
4800,0.0304088502568,0.0306196343369,0.0305140602914,0
4800,0.0306196343369,0.0308318795025,0.0307255736527,0
4800,0.0308318795025,0.0310455958813,0.0309385531545,0
4800,0.0310455958813,0.0312607936712,0.0311530089597,0
4800,0.0312607936712,0.031477483141,0.0313689513016,0
4800,0.031477483141,0.0316956746304,0.0315863904842,0
4800,0.0316956746304,0.031915378551,0.0318053368833,0
4800,0.031915378551,0.0321366053864,0.0320258009463,3.11176382541e-05
4800,0.0321366053864,0.032359365693,0.0322477931932,0
4800,0.032359365693,0.0325836701002,0.0324713242168,0
4800,0.0325836701002,0.0328095293113,0.0326964046834,0
4800,0.0328095293113,0.0330369541037,0.0329230453333,0
4800,0.0330369541037,0.0332659553294,0.0331512569812,0
4800,0.0332659553294,0.0334965439158,0.0333810505166,0
4800,0.0334965439158,0.0337287308659,0.0336124369047,4.1778831982e-05
4800,0.0337287308659,0.033962527259,0.0338454271866,0
4800,0.033962527259,0.0341979442514,0.03408003248,0
4800,0.0341979442514,0.0344349930763,0.0343162639796,0
4800,0.0344349930763,0.0346736850453,0.0345541329578,0
4800,0.0346736850453,0.0349140315479,0.0347936507649,0
4800,0.0349140315479,0.0351560440528,0.0350348288302,0
4800,0.0351560440528,0.0353997341083,0.0352776786619,0
4800,0.0353997341083,0.0356451133426,0.0355222118482,0
4800,0.0356451133426,0.0358921934645,0.0357684400576,0
4800,0.0358921934645,0.036140986264,0.0360163750395,0
4800,0.036140986264,0.0363915036127,0.0362660286245,0
4800,0.0363915036127,0.0366437574648,0.0365174127255,0
4800,0.0366437574648,0.036897759857,0.0367705393378,0
4800,0.036897759857,0.0371535229097,0.03702542054,0
4800,0.0371535229097,0.0374110588272,0.0372820684943,0
4800,0.0374110588272,0.0376703798984,0.0375404954472,0
4800,0.0376703798984,0.0379314984974,0.0378007137302,0
4800,0.0379314984974,0.038194427084,0.0380627357601,0
4800,0.038194427084,0.0384591782045,0.03832657404,9.13947307835e-05
4800,0.0384591782045,0.0387257644922,0.0385922411595,1.57211419966e-05
4800,0.0387257644922,0.0389941986677,0.0388597497954,0
4800,0.0389941986677,0.03926449354,0.0391291127127,0
4800,0.03926449354,0.0395366620068,0.0394003427645,0
4800,0.0395366620068,0.0398107170553,0.0396734528932,0
4800,0.0398107170553,0.0400866717627,0.0399484561308,1.17250984898e-06
4800,0.0400866717627,0.0403645392968,0.0402253655999,0
4800,0.0403645392968,0.0406443329165,0.0405041945136,0
4800,0.0406443329165,0.040926065973,0.0407849561771,0
4800,0.040926065973,0.0412097519097,0.0410676639875,7.62604157849e-05
4800,0.0412097519097,0.0414954042634,0.0413523314348,0
4800,0.0414954042634,0.0417830366647,0.0416389721025,2.8467724075e-06
4800,0.0417830366647,0.0420726628384,0.0419275996685,0
4800,0.0420726628384,0.042364296605,0.0422182279051,0.000198685967137
4800,0.042364296605,0.0426579518802,0.0425108706805,0
4800,0.0426579518802,0.0429536426765,0.0428055419586,7.49555562197e-05
4800,0.0429536426765,0.0432513831035,0.0431022558005,2.60914607111e-05
4800,0.0432513831035,0.0435511873686,0.0434010263645,0
4800,0.0435511873686,0.0438530697775,0.0437018679071,0
4800,0.0438530697775,0.0441570447353,0.0440047947836,3.84345996319e-05
4800,0.0441570447353,0.0444631267469,0.0443098214489,0.000170944121998
4800,0.0444631267469,0.0447713304176,0.0446169624581,9.59806603648e-05
4800,0.0447713304176,0.0450816704541,0.044926232467,0
4800,0.0450816704541,0.045394161665,0.0452376462332,0
4800,0.045394161665,0.0457088189615,0.0455512186166,8.41974008384e-05
4800,0.0457088189615,0.0460256573581,0.0458669645798,0.00010802561039
4800,0.0460256573581,0.0463446919736,0.0461848991895,4.01138575265e-05
4800,0.0463446919736,0.0466659380314,0.0465050376167,0
4800,0.0466659380314,0.0469894108605,0.0468273951374,0.000486503802125
4800,0.0469894108605,0.0473151258961,0.0471519871336,0
4800,0.0473151258961,0.0476430986805,0.0474788290942,8.31624468572e-06
4800,0.0476430986805,0.0479733448637,0.0478079366149,7.55072848008e-05
4800,0.0479733448637,0.048305880204,0.0481393254,0
4800,0.048305880204,0.0486407205691,0.0484730112624,0.000180233879535
4800,0.0486407205691,0.0489778819368,0.0488090101248,6.36745175606e-05
4800,0.0489778819368,0.0493173803955,0.0491473380199,0
4800,0.0493173803955,0.049659232145,0.049488011092,0.0004719288165
4800,0.049659232145,0.0500034534977,0.0498310455971,0.000111274652076
4800,0.0500034534977,0.0503500608788,0.0501764579037,0
4800,0.0503500608788,0.0506990708275,0.050524264494,0.000239601818169
4800,0.0506990708275,0.0510504999975,0.0508744819645,0
4800,0.0510504999975,0.0514043651582,0.0512271270265,0
4800,0.0514043651582,0.0517606831951,0.0515822165072,0
4800,0.0517606831951,0.0521194711105,0.0519397673507,0.000103612520459
4800,0.0521194711105,0.052480746025,0.0522997966182,0
4800,0.052480746025,0.0528445251775,0.0526623214894,4.10159827298e-05
4800,0.0528445251775,0.0532108259267,0.0530273592629,0.000126977172264
4800,0.0532108259267,0.0535796657513,0.0533949273574,0.000151448033218
4800,0.0535796657513,0.0539510622515,0.0537650433122,0.000111002058218
4800,0.0539510622515,0.0543250331492,0.0541377247883,0
4800,0.0543250331492,0.0547015962894,0.0545129895689,0.000373486310304
4800,0.0547015962894,0.0550807696405,0.0548908555607,0.000136175239447
4800,0.0550807696405,0.0554625712958,0.0552713407944,0
4800,0.0554625712958,0.0558470194737,0.0556544634258,0
4800,0.0558470194737,0.056234132519,0.0560402417364,0
4800,0.056234132519,0.0566239289038,0.0564286941345,0.000411567410255
4800,0.0566239289038,0.0570164272281,0.056819839156,0
4800,0.0570164272281,0.0574116462207,0.0572136954652,0.000317308033293
4800,0.0574116462207,0.0578096047406,0.057610281856,0.000155628658548
4800,0.0578096047406,0.0582103217771,0.0580096172523,0.000183568648662
4800,0.0582103217771,0.0586138164514,0.0584117207093,0.000335427515006
4800,0.0586138164514,0.0590201080172,0.0588166114143,0.000345898147483
4800,0.0590201080172,0.0594292158616,0.0592243086876,0.000110281261331
4800,0.0594292158616,0.059841159506,0.0596348319834,0.000374978470946
4800,0.059841159506,0.0602559586074,0.0600482008908,0.00025531049376
4800,0.0602559586074,0.0606736329589,0.0604644351345,0.000189153048963
4800,0.0606736329589,0.0610942024906,0.0608835545761,0.000119053051088
4800,0.0610942024906,0.061517687271,0.061305579215,0.000509113222262
4800,0.061517687271,0.0619441075077,0.0617305291889,0
4800,0.0619441075077,0.0623734835482,0.0621584247753,0
4800,0.0623734835482,0.0628058358813,0.0625892863921,0.000258591157193
4800,0.0628058358813,0.0632411851376,0.0630231345991,0
4800,0.0632411851376,0.0636795520908,0.0634599900981,0.000617483103629
4800,0.0636795520908,0.0641209576585,0.0638998737348,0.000264238021833
4800,0.0641209576585,0.0645654229035,0.0643428064992,0
4800,0.0645654229035,0.0650129690343,0.0647888095269,3.14873350096e-05
4800,0.0650129690343,0.0654636174067,0.0652379040998,7.15690557477e-05
4800,0.0654636174067,0.0659173895244,0.0656901116476,6.05049134788e-05
4800,0.0659173895244,0.0663743070402,0.0661454537484,4.70778432617e-05
4800,0.0663743070402,0.0668343917569,0.0666039521298,0.000967319322724
4800,0.0668343917569,0.0672976656284,0.0670656286702,0
4800,0.0672976656284,0.0677641507611,0.0675305053995,0.000133415020688
4800,0.0677641507611,0.0682338694142,0.0679986045003,0.00060004520372
4800,0.0682338694142,0.0687068440014,0.0684699483091,0
4800,0.0687068440014,0.0691830970919,0.0689445593171,0.000887968111232
4800,0.0691830970919,0.0696626514111,0.0694224601714,4.09807361584e-05
4800,0.0696626514111,0.070145529842,0.0699036736762,0.000206542509354
4800,0.070145529842,0.0706317554263,0.0703882227936,0.000207828249503
4800,0.0706317554263,0.0711213513653,0.0708761306451,0
4800,0.0711213513653,0.0716143410213,0.0713674205122,0.000198765808756
4800,0.0716143410213,0.0721107479183,0.071862115838,0.000160638638459
4800,0.0721107479183,0.0726105957435,0.072360240228,0.000259537910237
4800,0.0726105957435,0.0731139083483,0.0728618174513,0.000393223743893
4800,0.0731139083483,0.0736207097495,0.0733668714418,0.000300289160212
4800,0.0736207097495,0.0741310241301,0.0738754262994,0
4800,0.0741310241301,0.074644875841,0.0743875062908,0.000770519709908
4800,0.074644875841,0.0751622894018,0.0749031358511,0.000161175011732
4800,0.0751622894018,0.0756832895021,0.0754223395848,7.30122844347e-05
4800,0.0756832895021,0.0762079010025,0.0759451422668,0.000591041680918
4800,0.0762079010025,0.0767361489362,0.0764715688439,0.000587431747822
4800,0.0767361489362,0.0772680585096,0.0770016444357,0.000552587123612
4800,0.0772680585096,0.077803655104,0.077535394336,0.000660552451827
4800,0.077803655104,0.0783429642766,0.0780728440138,0.000316887712686
4800,0.0783429642766,0.0788860117619,0.0786140191148,4.49855546184e-05
4800,0.0788860117619,0.0794328234724,0.0791589454624,3.41161809605e-06
4800,0.0794328234724,0.0799834255007,0.079707649059,0.000625488276371
4800,0.0799834255007,0.0805378441199,0.0802601560873,0.000291453565346
4800,0.0805378441199,0.0810961057854,0.0808164929113,0.000694104131601
4800,0.0810961057854,0.0816582371359,0.0813766860779,0.000652893800261
4800,0.0816582371359,0.0822242649947,0.081940762318,0.000431806627876
4800,0.0822242649947,0.0827942163712,0.0825087485479,0.000120600616496
4800,0.0827942163712,0.083368118462,0.0830806718702,0
4800,0.083368118462,0.0839459986519,0.0836565595756,0.000450893725548
4800,0.0839459986519,0.084527884516,0.0842364391438,0.000211325445343
4800,0.084527884516,0.0851138038202,0.0848203382452,0.000615581386109
4800,0.0851138038202,0.085703784523,0.0854082847419,0.000278639820036
4800,0.085703784523,0.0862978547767,0.0860003066889,9.4297470225e-05
4800,0.0862978547767,0.0868960429286,0.086596432336,0.000451712640043
4800,0.0868960429286,0.0874983775227,0.0871966901287,0.000442313291114
4800,0.0874983775227,0.0881048873008,0.0878011087097,0.000411949062525
4800,0.0881048873008,0.0887156012038,0.08840971692,8.17328475328e-05
4800,0.0887156012038,0.0893305483733,0.089022543801,0.000523512429337
4800,0.0893305483733,0.089949758153,0.089639618595,0
4800,0.089949758153,0.0905732600898,0.0902609707471,5.81232616858e-05
4800,0.0905732600898,0.0912010839356,0.0908866299066,0.000379017637357
4800,0.0912010839356,0.0918332596484,0.0915166259281,0.000173127003582
4800,0.0918332596484,0.0924698173938,0.0921509888735,4.57289649362e-05
4800,0.0924698173938,0.0931107875468,0.0927897490127,0.000400756679128
4800,0.0931107875468,0.0937562006926,0.0934329368257,0.000180179577526
4800,0.0937562006926,0.0944060876286,0.0940805830037,0
4800,0.0944060876286,0.0950604793656,0.0947327184504,2.32075125337e-05
4800,0.0950604793656,0.0957194071295,0.0953893742842,0.000554445413668
4800,0.0957194071295,0.0963829023624,0.0960505818387,0.000441060643706
4800,0.0963829023624,0.0970509967245,0.096716372665,0.000157872775012
4800,0.0970509967245,0.0977237220956,0.0973867785329,0
4800,0.0977237220956,0.0984011105761,0.0980618314322,0.000478689340153
4800,0.0984011105761,0.0990831944893,0.0987415635747,0.000103939975812
4800,0.0990831944893,0.0997700063823,0.0994260073953,0.000461898245016
4800,0.0997700063823,0.100461579028,0.100115195554,0.00110518538619
4800,0.100461579028,0.101157945426,0.100809160936,0.000358357817389
4800,0.101157945426,0.101859138805,0.101507936657,0.000200850924897
4800,0.101859138805,0.102565192625,0.10221155606,0.000136896260011
4800,0.102565192625,0.103276140576,0.102920052719,0.000448956620248
4800,0.103276140576,0.103992016583,0.103633460443,0.000335173454019
4800,0.103992016583,0.104712854805,0.104351813273,0.000329323388351
4800,0.104712854805,0.105438689639,0.105075145487,0.000154200122698
4800,0.105438689639,0.10616955572,0.1058034916,0.000500836131109
4800,0.10616955572,0.106905487922,0.106536886367,0.000139170122595
4800,0.106905487922,0.107646521363,0.107275364784,0.00148996277505
4800,0.107646521363,0.108392691402,0.108018962088,0.000489047984451
4800,0.108392691402,0.109144033645,0.108767713763,9.22534944357e-05
4800,0.109144033645,0.109900583943,0.109521655537,0.000415686221715
4800,0.109900583943,0.110662378398,0.110280823385,0.000274377922648
4800,0.110662378398,0.111429453359,0.111045253533,0.000373035740559
4800,0.111429453359,0.11220184543,0.111814982458,0.000241101848555
4800,0.11220184543,0.112979591467,0.112590046889,0
4800,0.112979591467,0.113762728582,0.113370483811,0.000116688872653
4800,0.113762728582,0.114551294145,0.114156330462,0.000306258526712
4800,0.114551294145,0.115345325782,0.114947624342,0.000105035405667
4800,0.115345325782,0.116144861384,0.115744403209,0.000315827783599
4800,0.116144861384,0.116949939102,0.116546705084,0.000278365253751
4800,0.116949939102,0.117760597352,0.117354568249,0.000426646595125
4800,0.117760597352,0.118576874817,0.118168031254,0.000452405268874
4800,0.118576874817,0.119398810446,0.118987132916,3.49471515866e-05
4800,0.119398810446,0.120226443462,0.119811912319,0.000562447780051
4800,0.120226443462,0.121059813355,0.12064240882,0
4800,0.121059813355,0.121898959892,0.121478662047,0.000217582278568
4800,0.121898959892,0.122743923116,0.122320711905,0.000260537483749
4800,0.122743923116,0.123594743344,0.123168598574,0.000111074927201
4800,0.123594743344,0.124451461177,0.124022362512,0.000538961483606
4800,0.124451461177,0.125314117494,0.124882044459,0.000288937956499
4800,0.125314117494,0.126182753459,0.125747685437,0
4800,0.126182753459,0.127057410521,0.126619326751,2.51474580954e-05
4800,0.127057410521,0.127938130416,0.127497009994,0.000121438274409
4800,0.127938130416,0.128824955169,0.128380777047,0.000246860766211
4800,0.128824955169,0.129717927098,0.129270670081,0.00094447826495
4800,0.129717927098,0.130617088813,0.130166731558,0.000287862308359
4800,0.130617088813,0.131522483219,0.131069004237,3.9694656024e-05
4800,0.131522483219,0.132434153519,0.131977531171,0.000691695825947
4800,0.132434153519,0.133352143216,0.132892355713,0
4800,0.133352143216,0.134276496114,0.133813521515,0.00042362695786
4800,0.134276496114,0.135207256319,0.134741072534,0.000747612026408
4800,0.135207256319,0.136144468247,0.13567505303,0.000573082183647
4800,0.136144468247,0.137088176616,0.136615507569,0.00081038333363
4800,0.137088176616,0.13803842646,0.137562481028,0.000220130181102
4800,0.13803842646,0.138995263121,0.138516018592,0.000352868940989
4800,0.138995263121,0.139958732257,0.139476165764,3.51228523443e-05
4800,0.139958732257,0.140928879842,0.140442968358,0.000380423820599
4800,0.140928879842,0.141905752169,0.141416472507,0.000236552084389
4800,0.141905752169,0.142889395851,0.142396724665,0.000898376793476
4800,0.142889395851,0.143879857826,0.143383771606,0.000285784020495
4800,0.143879857826,0.144877185354,0.144377660429,0.000461811250915
4800,0.144877185354,0.145881426028,0.145378438561,0
4800,0.145881426028,0.146892627764,0.146386153755,0.000346011776498
4800,0.146892627764,0.147910838817,0.147400854097,0.000567666649605
4800,0.147910838817,0.148936107771,0.148422588006,0
4800,0.148936107771,0.14996848355,0.149451404237,0.000350024211619
4800,0.14996848355,0.151008015416,0.15048735188,0.000808155796036
4800,0.151008015416,0.152054752973,0.15153048037,0.000936947670486
4800,0.152054752973,0.153108746168,0.152580839481,0.000386652962715
4800,0.153108746168,0.154170045295,0.153638479333,0.000710948322116
4800,0.154170045295,0.155238700996,0.154703450395,0.00111917513494
4800,0.155238700996,0.156314764264,0.155775803483,5.38611508558e-05
4800,0.156314764264,0.157398286447,0.156855589768,0.000739992657614
4800,0.157398286447,0.158489319246,0.157942860774,5.15899331234e-05
4800,0.158489319246,0.159587914724,0.159037668382,1.79368216033e-05
4800,0.159587914724,0.160694125301,0.160140064834,0.000424429157323
4800,0.160694125301,0.161808003764,0.161250102734,0.000445222351263
4800,0.161808003764,0.162929603264,0.162367835048,0.000527312323053
4800,0.162929603264,0.16405897732,0.163493315113,0.000391324926358
4800,0.16405897732,0.165196179823,0.164626596633,0.000407329516616
4800,0.165196179823,0.166341265037,0.165767733685,0.000303095469252
4800,0.166341265037,0.167494287603,0.166916780721,0.000523852097259
4800,0.167494287603,0.168655302539,0.168073792571,0.000673504210316
4800,0.168655302539,0.169824365246,0.169238824444,0.00026500453484
4800,0.169824365246,0.171001531509,0.170411931932,0.000108597497371
4800,0.171001531509,0.172186857499,0.171593171012,0.000953494700232
4800,0.172186857499,0.173380399775,0.172782598051,0.000177997512267
4800,0.173380399775,0.174582215292,0.173980269804,0.000784188646871
4800,0.174582215292,0.175792361396,0.175186243421,0.000109533534902
4800,0.175792361396,0.177010895832,0.176400576448,7.82940419629e-05
4800,0.177010895832,0.178237876745,0.177623326829,0.000616498335127
4800,0.178237876745,0.179473362683,0.178854552911,0.000131097227136
4800,0.179473362683,0.180717412601,0.180094313444,0.000205013623465
4800,0.180717412601,0.181970085861,0.181342667587,0.000495410788251
4800,0.181970085861,0.183231442237,0.182599674907,0
4800,0.183231442237,0.184501541918,0.183865395386,0.000722597119675
4800,0.184501541918,0.185780445509,0.185139889421,0.000553636930074
4800,0.185780445509,0.187068214037,0.186423217825,0.000571170861186
4800,0.187068214037,0.188364908949,0.187715441838,0.000249106360639
4800,0.188364908949,0.189670592121,0.189016623119,0.000779917942764
4800,0.189670592121,0.190985325857,0.190326823758,3.38130975764e-05
4800,0.190985325857,0.192309172891,0.191646106274,0.00041773224048
4800,0.192309172891,0.193642196395,0.192974533619,0.000473404521635
4800,0.193642196395,0.194984459976,0.194312169183,0.000640901459302
4800,0.194984459976,0.196336027684,0.195659076793,0.000467806681239
4800,0.196336027684,0.197696964011,0.197015320722,1.90700481372e-05
4800,0.197696964011,0.199067333899,0.198380965684,0.000556928386006
4800,0.199067333899,0.200447202737,0.199756076844,8.09544482272e-05
4800,0.200447202737,0.201836636368,0.20114071982,0.000100561777195
4800,0.201836636368,0.203235701094,0.202534960682,0.000449815885129
4800,0.203235701094,0.204644463672,0.203938865961,7.76750085007e-05
4800,0.204644463672,0.206062991327,0.205352502646,0
4800,0.206062991327,0.207491351745,0.206775938192,0.000433624745637
4800,0.207491351745,0.208929613085,0.208209240522,0.000109021959912
4800,0.208929613085,0.210377843977,0.209652478029,0.000621986704138
4800,0.210377843977,0.211836113525,0.211105719581,0.000584869614943
4800,0.211836113525,0.213304491315,0.212569034522,6.53702469439e-05
4800,0.213304491315,0.214783047413,0.214042492677,0.000534223512048
4800,0.214783047413,0.216271852373,0.215526164357,0.000248207411218
4800,0.216271852373,0.217770977235,0.217020120357,0.000271186270571
4800,0.217770977235,0.219280493535,0.218524431965,5.30417578085e-05
4800,0.219280493535,0.220800473302,0.220039170964,1.77590049778e-05
4800,0.220800473302,0.222330989065,0.221564409631,0.000398742798845
4800,0.222330989065,0.223872113857,0.223100220748,0.000946810089441
4800,0.223872113857,0.225423921215,0.224646677599,0.00018542944731
4800,0.225423921215,0.226986485188,0.226203853977,0.000434090538776
4800,0.226986485188,0.228559880338,0.227771824186,0.000698787861887
4800,0.228559880338,0.230144181741,0.229350663045,0.000194750425495
4800,0.230144181741,0.231739464997,0.230940445892,0.000288307700807
4800,0.231739464997,0.233345806228,0.232541248587,0.000240090164742
4800,0.233345806228,0.234963282085,0.234153147517,0.000376584489596
4800,0.234963282085,0.236591969749,0.235776219596,0.000223362260674
4800,0.236591969749,0.238231946936,0.237410542273,0.000262310297156
4800,0.238231946936,0.239883291902,0.239056193534,0.000267867141291
4800,0.239883291902,0.241546083444,0.240713251905,0.00031470314314
4800,0.241546083444,0.243220400907,0.242381796455,0.000203429050302
4800,0.243220400907,0.244906324184,0.244061906804,0.000635190833197
4800,0.244906324184,0.246603933723,0.245753663122,5.96295646023e-06
4800,0.246603933723,0.24831331053,0.247457146133,0.000332189222589
4800,0.24831331053,0.25003453617,0.249172437125,0.000938616199412
4800,0.25003453617,0.251767692776,0.250899617947,0.000176432888975
4800,0.251767692776,0.25351286305,0.252638771013,0.000104126049587
4800,0.25351286305,0.255270130266,0.254389979313,0.000831110649908
4800,0.255270130266,0.257039578277,0.256153326409,0.000244210913323
4800,0.257039578277,0.258821291515,0.257928896443,6.33502283581e-05
4800,0.258821291515,0.260615355,0.25971677414,0.000246862284344
4800,0.260615355,0.262421854338,0.261517044814,0.00105866810905
4800,0.262421854338,0.264240875732,0.263329794368,0.000281030778212
4800,0.264240875732,0.26607250598,0.265155109301,7.53514385604e-05
4800,0.26607250598,0.267916832482,0.266993076713,0.000746738308436
4800,0.267916832482,0.269773943244,0.268843784306,0.000162448129394
4800,0.269773943244,0.271643926884,0.270707320392,0.000311733226499
4800,0.271643926884,0.273526872631,0.272583773893,0.000184723991262
4800,0.273526872631,0.275422870334,0.274473234348,0.000121425240177
4800,0.275422870334,0.277332010465,0.276375791917,9.80315300816e-05
4800,0.277332010465,0.279254384124,0.278291537385,8.30161054698e-05
4800,0.279254384124,0.28119008304,0.280220562167,6.70050604406e-05
4800,0.28119008304,0.28313919958,0.282162958309,0.000557493413651
4800,0.28313919958,0.28510182675,0.284118818498,0.0010372617916
4800,0.28510182675,0.287078058202,0.286088236063,0.000890936246269
4800,0.287078058202,0.289067988237,0.288071304978,0
4800,0.289067988237,0.291071711807,0.290068119869,0.000534065276079
4800,0.291071711807,0.293089324525,0.292078776021,7.00620811599e-05
4800,0.293089324525,0.295120922667,0.294103369375,0
4800,0.295120922667,0.297166603174,0.296141996539,0.000232853506809
4800,0.297166603174,0.299226463661,0.298194754793,0.000899545276127
4800,0.299226463661,0.301300602419,0.300261742086,7.80016512647e-05
4800,0.301300602419,0.303389118419,0.302343057051,0.000346719975848
4800,0.303389118419,0.305492111322,0.304438799002,0.000134162694799
4800,0.305492111322,0.307609681474,0.306549067943,0.000249778097706
4800,0.307609681474,0.309741929922,0.308673964568,9.20661673067e-05
4800,0.309741929922,0.311888958409,0.310813590274,0.000161177358503
4800,0.311888958409,0.314050869388,0.312968047156,0
4800,0.314050869388,0.316227766017,0.31513743802,6.22672279609e-05
4800,0.316227766017,0.318419752173,0.317321866384,0.000291455257324
4800,0.318419752173,0.320626932451,0.319521436481,0.000222740061883
4800,0.320626932451,0.322849412171,0.32173625327,0.000629940795606
4800,0.322849412171,0.325087297385,0.323966422435,0.000109438270486
4800,0.325087297385,0.327340694879,0.326212050394,0.000394683019447
4800,0.327340694879,0.329609712177,0.328473244303,2.24576338861e-05
4800,0.329609712177,0.331894457553,0.330750112059,0.000275906240292
4800,0.331894457553,0.334195040026,0.333042762309,0.000189013390179
4800,0.334195040026,0.336511569375,0.335351304451,0.000523012734294
4800,0.336511569375,0.338844156139,0.337675848642,0.000719460926565
4800,0.338844156139,0.341192911622,0.340016505804,0.00026567084487
4800,0.341192911622,0.3435579479,0.342373387626,0.000148207908262
4800,0.3435579479,0.345939377826,0.344746606573,0.00104870782609
4800,0.345939377826,0.348337315036,0.347136275888,0.000563329979441
4800,0.348337315036,0.350751873953,0.349542509599,0.000300609043412
4800,0.350751873953,0.353183169792,0.351965422525,0.000365083254088
4800,0.353183169792,0.355631318569,0.354405130281,0
4800,0.355631318569,0.358096437103,0.356861749283,0.000273225129265
4800,0.358096437103,0.360578643022,0.359335396755,0.000283147552031
4800,0.360578643022,0.36307805477,0.361826190732,5.98989559808e-05
4800,0.36307805477,0.365594791613,0.364334250068,0
4800,0.365594791613,0.368128973643,0.366859694441,0.000350447524613
4800,0.368128973643,0.370680721783,0.369402644358,0.000318323511365
4800,0.370680721783,0.373250157796,0.371963221162,0.000490741504765
4800,0.373250157796,0.375837404288,0.374541547036,0.000415346111782
4800,0.375837404288,0.378442584717,0.377137745011,0.00011792261667
4800,0.378442584717,0.381065823394,0.379751938971,0.000818276914884
4800,0.381065823394,0.383707245492,0.382384253658,4.19530156739e-05
4800,0.383707245492,0.386366977054,0.385034814679,0.000443246639493
4800,0.386366977054,0.389045144994,0.38770374851,0.000572807567814
4800,0.389045144994,0.391741877108,0.390391182508,0.000550876770263
4800,0.391741877108,0.394457302075,0.393097244907,0.00039469151679
4800,0.394457302075,0.397191549469,0.395822064836,0.000873159956026
4800,0.397191549469,0.399944749761,0.398565772313,0.000139115922433
4800,0.399944749761,0.402717034325,0.401328498263,0.000634982607342
4800,0.402717034325,0.405508535448,0.404110374513,0.00123398181904
4800,0.405508535448,0.408319386333,0.406911533809,7.87398560546e-05
4800,0.408319386333,0.411149721105,0.409732109814,0.000106071560023
4800,0.411149721105,0.41399967482,0.412572237117,0.000101017532712
4800,0.41399967482,0.41686938347,0.415432051242,0.000240220612824
4800,0.41686938347,0.419758983991,0.418311688651,0.000852974577705
4800,0.419758983991,0.422668614266,0.421211286754,0.000207525002232
4800,0.422668614266,0.425598413134,0.42413098391,0.000295590305517
4800,0.425598413134,0.428548520397,0.427070919441,3.69574718529e-05
4800,0.428548520397,0.431519076828,0.430031233631,0.000661746854128
4800,0.431519076828,0.434510224172,0.433012067738,0.000690182771893
4800,0.434510224172,0.437522105158,0.436013564,0.00073961191682
4800,0.437522105158,0.440554863507,0.439035865641,0.000720453122049
4800,0.440554863507,0.443608643931,0.442079116876,0.000270243196062
4800,0.443608643931,0.446683592151,0.44514346292,0.000248232457536
4800,0.446683592151,0.449779854893,0.448229049997,0.000629145408682
4800,0.449779854893,0.452897579904,0.451336025341,6.59438571583e-05
4800,0.452897579904,0.456036915951,0.45446453721,0.00113840673591
4800,0.456036915951,0.459198012837,0.457614734886,0.000163365189012
4800,0.459198012837,0.462381021399,0.46078676869,0.000475951014603
4800,0.462381021399,0.465586093523,0.463980789982,0
4800,0.465586093523,0.468813382145,0.467196951172,1.35523910381e-07
4800,0.468813382145,0.472063041264,0.470435405726,0.000431804516091
4800,0.472063041264,0.475335225943,0.473696308175,0.00059258319104
4800,0.475335225943,0.478630092323,0.476979814119,3.24060088288e-05
4800,0.478630092323,0.481947797625,0.48028608024,0.000138934408272
4800,0.481947797625,0.485288500162,0.483615264302,0
4800,0.485288500162,0.488652359343,0.486967525166,0.000155977563308
4800,0.488652359343,0.492039535681,0.490343022792,0.000198556818088
4800,0.492039535681,0.495450190805,0.49374191825,0.000598619662474
4800,0.495450190805,0.49888448746,0.497164373725,0.000154804265516
4800,0.49888448746,0.502342589522,0.500610552529,0.000163147824367
4800,0.502342589522,0.505824662003,0.504080619103,0.000491584085654
4800,0.505824662003,0.509330871057,0.507574739029,0.000243240255384
4800,0.509330871057,0.512861383991,0.511093079037,0.000287358414106
4800,0.512861383991,0.516416369272,0.514635807014,0.000554376272131
4800,0.516416369272,0.519995996534,0.518203092007,0.000133204838806
4800,0.519995996534,0.523600436586,0.521795104239,4.63227206995e-05
4800,0.523600436586,0.527229861423,0.52541201511,0.00015932607554
4800,0.527229861423,0.530884444231,0.52905399721,8.5450538415e-05
4800,0.530884444231,0.534564359397,0.532721224323,0.000350243166824
4800,0.534564359397,0.538269782516,0.53641387144,0.000265035706121
4800,0.538269782516,0.542000890402,0.540132114765,0.000329979976502
4800,0.542000890402,0.545757861091,0.54387613172,0.0005430447597
4800,0.545757861091,0.549540873858,0.547646100962,0.000147805646833
4800,0.549540873858,0.553350109216,0.551442202382,0.000741274084685
4800,0.553350109216,0.557185748932,0.55526461712,3.20075794538e-06
4800,0.557185748932,0.561047976032,0.559113527571,0.000226314896251
4800,0.561047976032,0.564936974812,0.562989117394,0.000822416047239
4800,0.564936974812,0.568852930844,0.566891571523,0.00025652498466
4800,0.568852930844,0.572796030986,0.570821076172,0.000279063917608
4800,0.572796030986,0.576766463392,0.574777818846,0.000251179731932
4800,0.576766463392,0.580764417521,0.578761988349,0.000144612559602
4800,0.580764417521,0.584790084144,0.582773774796,0.000185742461598
4800,0.584790084144,0.588843655356,0.586813369619,0.000811133432896
4800,0.588843655356,0.59292532458,0.590880965575,0.000546318041526
4800,0.59292532458,0.597035286584,0.594976756759,0.000190632218202
4800,0.597035286584,0.601173737483,0.599100938611,0
4800,0.601173737483,0.605340874754,0.603253707927,0.0012497099716
4800,0.605340874754,0.60953689724,0.607435262864,0.000328032550855
4800,0.60953689724,0.613762005165,0.611645802955,0.000226427929582
4800,0.613762005165,0.618016400138,0.615885529115,0.000105446946385
4800,0.618016400138,0.622300285169,0.620154643654,0.000723320307439
4800,0.622300285169,0.626613864672,0.624453350281,0.000399590634599
4800,0.626613864672,0.63095734448,0.628781854118,0.00086406756544
4800,0.63095734448,0.635330931852,0.633140361711,0.000589990055289
4800,0.635330931852,0.639734835483,0.637529081035,0.000818833970931
4800,0.639734835483,0.644169265515,0.641948221508,0.00118109634368
4800,0.644169265515,0.648634433548,0.646397994,1.37735292162e-05
4800,0.648634433548,0.653130552647,0.65087861084,0.000999048824298
4800,0.653130552647,0.657657837355,0.655390285833,0
4800,0.657657837355,0.662216503702,0.659933234264,0.000868416375968
4800,0.662216503702,0.666806769214,0.664507672908,0.000443253524708
4800,0.666806769214,0.671428852926,0.669113820046,0.000323289580812
4800,0.671428852926,0.676082975392,0.673751895471,9.17588273537e-05
4800,0.676082975392,0.680769358694,0.678422120498,0.000191368862368
4800,0.680769358694,0.685488226453,0.683124717979,0.000562308203066
4800,0.685488226453,0.69023980384,0.687859912309,0.000494083742031
4800,0.69023980384,0.695024317589,0.692627929437,7.74182199833e-05
4800,0.695024317589,0.699841996002,0.697428996882,0.000334162343501
4800,0.699841996002,0.704693068967,0.702263343736,0.000877626297772
4800,0.704693068967,0.709577767963,0.707131200681,0.000394286415527
4800,0.709577767963,0.714496326076,0.712032799999,0.000211021581226
4800,0.714496326076,0.719448978004,0.71696837558,0.000573322981149
4800,0.719448978004,0.724435960075,0.721938162937,0.000827552400882
4800,0.724435960075,0.729457510255,0.726942399214,0.000119026844751
4800,0.729457510255,0.734513868157,0.7319813232,1.7997126407e-05
4800,0.734513868157,0.739605275058,0.737055175338,0.000226883158364
4800,0.739605275058,0.744731973906,0.742164197739,0.000957170788577
4800,0.744731973906,0.749894209332,0.747308634191,0.000323139633624
4800,0.749894209332,0.755092227665,0.752488730174,0.000297972936206
4800,0.755092227665,0.76032627694,0.757704732866,8.5056818792e-06
4800,0.76032627694,0.765596606911,0.762956891162,0.000302630433849
4800,0.765596606911,0.770903469064,0.768245455679,0.000254499778619
4800,0.770903469064,0.776247116629,0.773570678775,0.00123651504894
4800,0.776247116629,0.781627804588,0.778932814554,0.0010656076309
4800,0.781627804588,0.787045789695,0.784332118882,0.000566312160055
4800,0.787045789695,0.79250133048,0.7897688494,8.56280013899e-05
4800,0.79250133048,0.797994687268,0.795243265533,0.000632715694615
4800,0.797994687268,0.803526122186,0.800755628507,0.000534967211931
4800,0.803526122186,0.809095899178,0.806306201355,0.000714181855771
4800,0.809095899178,0.814704284021,0.811895248936,9.89342827597e-05
4800,0.814704284021,0.82035154433,0.817523037944,3.63261358303e-05
4800,0.82035154433,0.826037949577,0.823189836921,0.000705243477106
4800,0.826037949577,0.831763771103,0.828895916273,0.000157604705836
4800,0.831763771103,0.837529282127,0.834641548277,7.81907488186e-05
4800,0.837529282127,0.843334757764,0.8404270071,6.06530385956e-05
4800,0.843334757764,0.849180475036,0.846252568807,0.000193192223621
4800,0.849180475036,0.855066712885,0.852118511379,7.93843273992e-05
4800,0.855066712885,0.860993752185,0.858025114723,0.000242685523453
4800,0.860993752185,0.866961875758,0.863972660684,0.000544417385733
4800,0.866961875758,0.872971368388,0.869961433065,0.000462551095708
4800,0.872971368388,0.879022516831,0.875991717633,0.000232312837627
4800,0.879022516831,0.885115609831,0.882063802137,0.000567927466651
4800,0.885115609831,0.891250938134,0.888177976319,0.00107823359416
4800,0.891250938134,0.897428794501,0.894334531933,0.000454848762734
4800,0.897428794501,0.903649473722,0.900533762751,0.000706296316079
4800,0.903649473722,0.909913272632,0.906775964584,0.000446971133036
4800,0.909913272632,0.916220490122,0.913061435293,0.000204461452959
4800,0.916220490122,0.922571427155,0.919390474804,0.000341683107321
4800,0.922571427155,0.92896638678,0.925763385121,3.1383060462e-05
4800,0.92896638678,0.935405674148,0.932180470342,0.00120668386255
4800,0.935405674148,0.941889596523,0.938642036672,0.00034822696854
4800,0.941889596523,0.948418463301,0.945148392441,0.000367669724871
4800,0.948418463301,0.954992586021,0.951699848113,0.000316124836712
4800,0.954992586021,0.961612278384,0.958296716306,1.97008176368e-05
4800,0.961612278384,0.968277856261,0.964939311806,0.000253765429613
4800,0.968277856261,0.974989637717,0.971627951577,0
4800,0.974989637717,0.98174794302,0.978362954785,0.00063978765472
4800,0.98174794302,0.988553094657,0.985144642804,0.000207954203608
4800,0.988553094657,0.995405417352,0.991973339239,0.000363673729027
4800,0.995405417352,1.00230523808,0.998849369937,0.000400721080494
4800,1.00230523808,1.00925288608,1.005773063,0.000349142713615
4800,1.00925288608,1.01624869287,1.01274474881,0
4800,1.01624869287,1.02329299228,1.01976476004,2.8796014529e-06
4800,1.02329299228,1.03038612044,1.02683343167,0.000362478343011
4800,1.03038612044,1.03752841582,1.03395110098,0
4800,1.03752841582,1.04472021922,1.04111810762,0
4800,1.04472021922,1.05196187382,1.04833479358,0.00033068388658
4800,1.05196187382,1.05925372518,1.05560150322,5.88424605492e-05
4800,1.05925372518,1.06659612123,1.06291858328,0.000634332249045
4800,1.06659612123,1.07398941234,1.07028638291,0.000731526674679
4800,1.07398941234,1.0814339513,1.07770525369,0.000150869293645
4800,1.0814339513,1.08893009333,1.08517554963,0.000703063564184
4800,1.08893009333,1.09647819614,1.09269762719,0.000436167121071
4800,1.09647819614,1.1040786199,1.1002718453,0.000141666997194
4800,1.1040786199,1.11173172728,1.10789856537,0.000907133869996
4800,1.11173172728,1.11943788347,1.11557815135,0.000142328575735
4800,1.11943788347,1.12719745618,1.12331096967,9.27573904484e-05
4800,1.12719745618,1.13501081567,1.13109738933,0.000550354726252
4800,1.13501081567,1.14287833479,1.13893778188,6.09659864041e-05
4800,1.14287833479,1.15080038894,1.14683252142,0.000396821041756
4800,1.15080038894,1.15877735616,1.15478198469,5.44999123472e-05
4800,1.15877735616,1.16680961706,1.162786551,0.000477666881896
4800,1.16680961706,1.17489755494,1.17084660232,0.000290552501456
4800,1.17489755494,1.18304155573,1.17896252324,0.00021183216246
4800,1.18304155573,1.19124200803,1.18713470104,6.22035894411e-05
4800,1.19124200803,1.19949930315,1.19536352567,0.00127742118374
4800,1.19949930315,1.20781383511,1.20364938979,0.000509984670396
4800,1.20781383511,1.21618600065,1.21199268877,0.000148714244732
4800,1.21618600065,1.22461619927,1.22039382074,0
4800,1.22461619927,1.23310483323,1.22885318658,7.51476305479e-05
4800,1.23310483323,1.24165230759,1.23737118994,0.000147242059799
4800,1.24165230759,1.25025903022,1.24594823727,0.000583645584075
4800,1.25025903022,1.25892541179,1.25458473786,0.000127333621294
4800,1.25892541179,1.26765186586,1.26328110381,0
4800,1.26765186586,1.27643880881,1.27203775009,0.000434714338968
4800,1.27643880881,1.28528665994,1.28085509454,0.000131834048016
4800,1.28528665994,1.29419584145,1.2897335579,0.000311244263672
4800,1.29419584145,1.30316677845,1.29867356383,0.000161551522971
4800,1.30316677845,1.31219989902,1.30767553892,0
4800,1.31219989902,1.32129563419,1.31673991272,0.000334332989066
4800,1.32129563419,1.33045441798,1.32586711776,0.000938666117613
4800,1.33045441798,1.33967668743,1.33505758956,0.00116539492492
4800,1.33967668743,1.34896288259,1.34431176667,0.000831928662252
4800,1.34896288259,1.35831344659,1.35363009067,0.000120258499826
4800,1.35831344659,1.3677288256,1.36301300621,0.000367034839515
4800,1.3677288256,1.37720946889,1.37246096101,0.000624156781215
4800,1.37720946889,1.38675582887,1.3819744059,0
4800,1.38675582887,1.39636836106,1.39155379484,9.06052284687e-07
4800,1.39636836106,1.40604752413,1.40119958494,0.000409471357413
4800,1.40604752413,1.41579377996,1.41091223646,0
4800,1.41579377996,1.4256075936,1.42069221286,0.000137055141805
4800,1.4256075936,1.43548943335,1.43053998082,0.000228889253667
4800,1.43548943335,1.44543977075,1.44045601025,0.000148736681226
4800,1.44543977075,1.45545908058,1.4504407743,0.000424683027672
4800,1.45545908058,1.46554784096,1.46049474944,0.000212911933587
4800,1.46554784096,1.47570653328,1.4706184154,0.000169547210624
4800,1.47570653328,1.48593564229,1.48081225527,0.000336487044922
4800,1.48593564229,1.49623565609,1.49107675545,0.000242455073275
4800,1.49623565609,1.50660706619,1.50141240575,0
4800,1.50660706619,1.51705036746,1.51181969936,0.000109205256222
4800,1.51705036746,1.52756605824,1.52229913288,0
4800,1.52756605824,1.5381546403,1.53285120636,0.000181261885805
4800,1.5381546403,1.54881661891,1.54347642332,0.000641990700796
4800,1.54881661891,1.55955250283,1.55417529077,0.000411449582492
4800,1.55955250283,1.57036280433,1.56494831922,0
4800,1.57036280433,1.58124803927,1.57579602274,0.000245922481563
4800,1.58124803927,1.59220872705,1.58671891895,0.00057416628165
4800,1.59220872705,1.60324539069,1.59771752906,0.000197122725172
4800,1.60324539069,1.61435855683,1.60879237789,0
4800,1.61435855683,1.62554875575,1.6199439939,0.000911758166879
4800,1.62554875575,1.63681652143,1.63117290923,6.52937407582e-05
4800,1.63681652143,1.64816239153,1.64247965967,0.000623350599378
4800,1.64816239153,1.65958690744,1.65386478477,0.00034722544249
4800,1.65958690744,1.67109061431,1.66532882779,0
4800,1.67109061431,1.68267406107,1.67687233575,0.000348517695122
4800,1.68267406107,1.69433780045,1.68849585949,0.000629498564839
4800,1.69433780045,1.706082389,1.70019995364,0.00063689082336
4800,1.706082389,1.71790838716,1.7119851767,0.000385473454166
4800,1.71790838716,1.72981635922,1.72385209103,0.000126427782383
4800,1.72981635922,1.74180687339,1.73580126287,0.000299288699901
4800,1.74180687339,1.75388050184,1.74783326242,0
4800,1.75388050184,1.76603782069,1.7599486638,0
4800,1.76603782069,1.77827941004,1.77214804514,2.82023899557e-05
4800,1.77827941004,1.79060585404,1.78443198854,0
4800,1.79060585404,1.80301774086,1.79680108017,0.000121454483522
4800,1.80301774086,1.81551566277,1.80925591025,0.000316104494828
4800,1.81551566277,1.82810021614,1.82179707309,0.000313847564619
4800,1.82810021614,1.84077200147,1.83442516712,0.000328444107851
4800,1.84077200147,1.85353162341,1.84714079491,0.000312440711183
4800,1.85353162341,1.86637969083,1.85994456322,7.39566117925e-05
4800,1.86637969083,1.8793168168,1.87283708302,1.06981707222e-05
4800,1.8793168168,1.89234361864,1.88581896949,0.00039755133888
4800,1.89234361864,1.90546071796,1.8988908421,0.000104283453352
4800,1.90546071796,1.91866874067,1.9120533246,0.000512361514416
4800,1.91866874067,1.93196831702,1.92530704508,0.00105460564618
4800,1.93196831702,1.94536008162,1.93865263595,0.000916638110445
4800,1.94536008162,1.95884467351,1.95209073404,5.09059457044e-05
4800,1.95884467351,1.97242273611,1.96562198058,0.000457484045573
4800,1.97242273611,1.98609491736,1.97924702124,0.000427078790035
4800,1.98609491736,1.99986186963,1.99296650616,6.15708052225e-05
4800,1.99986186963,2.01372424986,2.00678109002,0.000427893320884
4800,2.01372424986,2.02768271952,2.02069143199,0.000643933163763
4800,2.02768271952,2.04173794467,2.03469819585,0.000169687112572
4800,2.04173794467,2.05589059598,2.04880204996,0.00021977983711
4800,2.05589059598,2.07014134879,2.06300366731,0.000151708078171
4800,2.07014134879,2.0844908831,2.07730372557,0.00101106362316
4800,2.0844908831,2.09893988362,2.0917029071,0.000807975970826
4800,2.09893988362,2.11348903984,2.10620189899,6.55369182922e-05
4800,2.11348903984,2.12813904598,2.12080139309,0.000427354429257
4800,2.12813904598,2.14289060112,2.13550208605,0.000106622655451
4800,2.14289060112,2.15774440915,2.15030467934,0
4800,2.15774440915,2.17270117886,2.16520987931,0.000138900352569
4800,2.17270117886,2.18776162395,2.18021839719,9.78924114305e-05
4800,2.18776162395,2.20292646305,2.19533094914,0.000213972676831
4800,2.20292646305,2.2181964198,2.2105482563,0.000528308593416
4800,2.2181964198,2.23357222283,2.22587104479,0.000117977577397
4800,2.23357222283,2.24905460584,2.24130004578,0.000240438053202
4800,2.24905460584,2.26464430759,2.2568359955,0.000219793571283
4800,2.26464430759,2.280342072,2.27247963527,0.000304617926865
4800,2.280342072,2.29614864811,2.28823171158,0
4800,2.29614864811,2.31206479018,2.30409297606,0.00126096021621
4800,2.31206479018,2.32809125767,2.32006418557,0
4800,2.32809125767,2.34422881532,2.33614610222,7.23031664095e-05
4800,2.34422881532,2.36047823318,2.35233949339,0.000307231767607
4800,2.36047823318,2.37684028662,2.36864513178,0.000208151204851
4800,2.37684028662,2.39331575641,2.38506379547,0.000705675143461
4800,2.39331575641,2.40990542869,2.40159626789,0.000535362502946
4800,2.40990542869,2.42661009508,2.41824333793,0.000607173284453
4800,2.42661009508,2.44343055269,2.43500579995,0.00039666340749
4800,2.44343055269,2.46036760415,2.45188445381,0
4800,2.46036760415,2.47742205763,2.46888010491,0
4800,2.47742205763,2.49459472694,2.48599356423,0.000385461699097
4800,2.49459472694,2.51188643151,2.50322564838,0.000818027628731
4800,2.51188643151,2.52929799645,2.52057717964,0.00015128518444
4800,2.52929799645,2.54683025259,2.53804898596,0.00136246524934
4800,2.54683025259,2.56448403652,2.55564190106,0
4800,2.56448403652,2.58226019063,2.57335676443,0.000273306951178
4800,2.58226019063,2.60015956317,2.59119442135,0
4800,2.60015956317,2.61818300822,2.60915572301,0.000208855199162
4800,2.61818300822,2.63633138583,2.62724152647,0.000790025837632
4800,2.63633138583,2.65460556198,2.64545269472,0.000224460540637
4800,2.65460556198,2.67300640866,2.66379009677,0.00108360792429
4800,2.67300640866,2.69153480393,2.68225460761,0.000126182632036
4800,2.69153480393,2.71019163189,2.70084710832,0.00036245262231
4800,2.71019163189,2.72897778281,2.7195684861,0.000208354333503
4800,2.72897778281,2.7478941531,2.73841963426,0
4800,2.7478941531,2.76694164541,2.75740145235,0.000101331881652
4800,2.76694164541,2.78612116863,2.77651484611,0.000403796543801
4800,2.78612116863,2.80543363795,2.79576072758,0.000108561555007
4800,2.80543363795,2.82487997492,2.81514001513,7.49945872277e-05
4800,2.82487997492,2.84446110745,2.83465363349,0.00027985742592
4800,2.84446110745,2.86417796991,2.85430251379,0.000549649076296
4800,2.86417796991,2.88403150313,2.87408759362,4.44013686648e-05
4800,2.88403150313,2.90402265446,2.89400981707,0.000282051825726
4800,2.90402265446,2.92415237784,2.91407013477,2.97570492932e-05
4800,2.92415237784,2.9444216338,2.93426950396,0.000627874355598
4800,2.9444216338,2.96483138952,2.95460888848,0
4800,2.96483138952,2.98538261892,2.97508925888,0.000259560268097
4800,2.98538261892,3.00607630263,2.99571159243,0.000341527118321
4800,3.00607630263,3.0269134281,3.01647687316,0.00105738239068
4800,3.0269134281,3.04789498963,3.03738609195,0.000182467896035
4800,3.04789498963,3.06902198839,3.05844024651,0
4800,3.06902198839,3.09029543251,3.0796403415,0.000249488865465
4800,3.09029543251,3.11171633711,3.10098738853,9.59042057764e-05
4800,3.11171633711,3.13328572432,3.12248240622,0
4800,3.13328572432,3.15500462337,3.14412642026,0.000492094053925
4800,3.15500462337,3.17687407065,3.16592046343,0.000114712990346
4800,3.17687407065,3.19889510969,3.1878655757,0.000298053406761
4800,3.19889510969,3.22106879128,3.20996280421,0.000744055165088
4800,3.22106879128,3.24339617349,3.2322132034,0.000379597070319
4800,3.24339617349,3.26587832172,3.25461783498,8.94867700278e-05
4800,3.26587832172,3.28851630876,3.27717776805,0
4800,3.28851630876,3.31131121483,3.29989407911,0.00075940884583
4800,3.31131121483,3.33426412763,3.32276785211,0.000178928037205
4800,3.33426412763,3.35737614243,3.34580017853,0.000542121044205
4800,3.35737614243,3.38064836206,3.36899215741,0
4800,3.38064836206,3.40408189701,3.39234489541,4.89297712852e-05
4800,3.40408189701,3.42767786546,3.41585950686,0.000755109395121
4800,3.42767786546,3.45143739336,3.43953711381,2.07905018766e-05
4800,3.45143739336,3.47536161443,3.46337884608,0
4800,3.47536161443,3.49945167028,3.48738584135,0.000227718331173
4800,3.49945167028,3.52370871042,3.51155924516,0
4800,3.52370871042,3.54813389234,3.535900211,0.000331988591539
4800,3.54813389234,3.57272838152,3.56040990036,6.07487571818e-05
4800,3.57272838152,3.59749335156,3.58508948277,0.00140343220203
4800,3.59749335156,3.62242998417,3.60994013586,0.000390776027075
4800,3.62242998417,3.64753946926,3.63496304546,0.000132619478092
4800,3.64753946926,3.67282300498,3.66015940558,0
4800,3.67282300498,3.6982817978,3.68553041852,0.00018428522104
4800,3.6982817978,3.72391706255,3.71107729493,0.000740571738879
4800,3.72391706255,3.74973002245,3.73680125382,0.000236183535439
4800,3.74973002245,3.77572190925,3.76270352268,0
4800,3.77572190925,3.80189396321,3.78878533748,0.00017623942747
4800,3.80189396321,3.82824743317,3.81504794279,0.000443809565677
4800,3.82824743317,3.85478357666,3.84149259179,0.000576933882085
4800,3.85478357666,3.88150365991,3.86812054633,0.000508248529653
4800,3.88150365991,3.90840895792,3.89493307704,0.000188529021703
4800,3.90840895792,3.93550075456,3.92193146333,0.000218872079698
4800,3.93550075456,3.96278034255,3.94911699349,0
4800,3.96278034255,3.99024902362,3.97649096475,0.000502907807171
4800,3.99024902362,4.01790810849,4.00405468331,0.00104964879793
4800,4.01790810849,4.04575891697,4.03180946443,0.000765492867399
4800,4.04575891697,4.07380277804,4.05975663252,0.000482682814134
4800,4.07380277804,4.10204102987,4.08789752111,0.000250707868069
4800,4.10204102987,4.1304750199,4.11623347303,0.000638778961335
4800,4.1304750199,4.15910610494,4.14476584038,0.000805253905356
4800,4.15910610494,4.18793565118,4.17349598465,9.79124604423e-05
4800,4.18793565118,4.21696503429,4.20242527677,0.000663592443294
4800,4.21696503429,4.24619563946,4.23155509717,0.00116624763769
4800,4.24619563946,4.27562886152,4.26088683583,0.000698523831877
4800,4.27562886152,4.30526610492,4.29042189239,0
4800,4.30526610492,4.33510878388,4.32016167618,0.00057158765418
4800,4.33510878388,4.3651583224,4.35010760631,0
4800,4.3651583224,4.39541615438,4.3802611117,0
4800,4.39541615438,4.42588372363,4.41062363121,0.00011393398948
4800,4.42588372363,4.45656248398,4.44119661366,0.000742727740705
4800,4.45656248398,4.48745389933,4.47198151789,2.95932863324e-05
4800,4.48745389933,4.51855944375,4.50297981288,0.000435127081435
4800,4.51855944375,4.5498806015,4.53419297779,0.00100755522055
4800,4.5498806015,4.58141886715,4.56562250202,0.000532277450991
4800,4.58141886715,4.6131757456,4.59726988531,0.000898298221704
4800,4.6131757456,4.64515275223,4.62913663778,0.000592905077818
4800,4.64515275223,4.67735141287,4.66122428002,0
4800,4.67735141287,4.70977326397,4.69353434317,0.000166768488901
4800,4.70977326397,4.7424198526,4.72606836898,5.39106109509e-05
4800,4.7424198526,4.77529273658,4.75882790989,0
4800,4.77529273658,4.8083934845,4.79181452908,0.00022703931947
4800,4.8083934845,4.84172367584,4.8250298006,0.000686504426197
4800,4.84172367584,4.87528490103,4.85847530937,9.93416334863e-05
4800,4.87528490103,4.90907876153,4.89215265134,4.66327178255e-05
4800,4.90907876153,4.94310686987,4.9260634335,0.000554224348703
4800,4.94310686987,4.97737084979,4.96020927396,0.0010541621394
4800,4.97737084979,5.01187233627,4.99459180208,0.00144385876503
4800,5.01187233627,5.04661297564,5.0292126585,2.2179164537e-06
4800,5.04661297564,5.08159442561,5.06407349524,0.00149954140736
4800,5.08159442561,5.1168183554,5.09917597575,0
4800,5.1168183554,5.15228644582,5.13452177503,0.000848289904478
4800,5.15228644582,5.18800038929,5.17011257969,0
4800,5.18800038929,5.22396188999,5.20595008802,0.00033956773425
4800,5.22396188999,5.26017266391,5.24203601008,0.00121296243688
4800,5.26017266391,5.29663443892,5.27837206782,0.000205897132386
4800,5.29663443892,5.33334895488,5.31495999507,0.000253696030839
4800,5.33334895488,5.3703179637,5.35180153771,0.000512982234984
4800,5.3703179637,5.40754322946,5.38889845373,0.000336914735129
4800,5.40754322946,5.44502652842,5.42625251329,0
4800,5.44502652842,5.48276964921,5.46386549882,0.000845200823095
4800,5.48276964921,5.52077439281,5.50173920511,0
4800,5.52077439281,5.5590425727,5.53987543939,0.00031101406735
4800,5.5590425727,5.59757601495,5.57827602141,0.000304351513819
4800,5.59757601495,5.63637655826,5.61694278356,0.000260933590597
4800,5.63637655826,5.67544605409,5.65587757089,0
4800,5.67544605409,5.71478636672,5.69508224128,0.000163722378658
4800,5.71478636672,5.75439937337,5.73455866546,0.000659789488364
4800,5.75439937337,5.79428696427,5.77430872714,0.000896285215258
4800,5.79428696427,5.83445104274,5.81433432308,0.00114091110927
4800,5.83445104274,5.8748935253,5.85463736321,0
4800,5.8748935253,5.91561634175,5.89521977065,0
4800,5.91561634175,5.95662143529,5.93608348191,0.000245033417896
4800,5.95662143529,5.99791076256,5.97723044689,0.00124993608625
4800,5.99791076256,6.03948629376,6.018662629,0.00052115608477
4800,6.03948629376,6.08135001279,6.06038200527,0.000859779736491
4800,6.08135001279,6.12350391725,6.10239056645,0.000900388443122
4800,6.12350391725,6.16595001861,6.14469031706,0.000704468457957
4800,6.16595001861,6.2086903423,6.18728327553,0
4800,6.2086903423,6.25172692776,6.23017147429,0.00113752781171
4800,6.25172692776,6.29506182857,6.27335695984,0.00055861843603
4800,6.29506182857,6.33869711257,6.31684179288,0.00153829635415
4800,6.33869711257,6.38263486191,6.36062804837,0.000346917775846
4800,6.38263486191,6.42687717317,6.40471781569,0.00118834952144
4800,6.42687717317,6.47142615749,6.44911319868,7.02820803842e-05
4800,6.47142615749,6.51628394061,6.49381631576,0.000441136880787
4800,6.51628394061,6.56145266303,6.53882930005,0.000640875380614
4800,6.56145266303,6.60693448008,6.58415429943,0.000717540741844
4800,6.60693448008,6.65273156202,6.62979347671,0.000554430767913
4800,6.65273156202,6.69884609417,6.67574900964,0.000115574057616
4800,6.69884609417,6.74528027698,6.72202309112,5.32435734726e-05
4800,6.74528027698,6.79203632617,6.7686179292,0.000515519475999
4800,6.79203632617,6.83911647281,6.81553574727,0.00193448038821
4800,6.83911647281,6.88652296344,6.86277878411,0.000599525496523
4800,6.88652296344,6.93425806017,6.91034929405,0.000162078799258
4800,6.93425806017,6.98232404077,6.95824954701,0.000864198774164
4800,6.98232404077,7.03072319884,7.00648182865,0.000151066803525
4800,7.03072319884,7.07945784384,7.05504844051,0.000814011027145
4800,7.07945784384,7.12853030127,7.10395170003,7.72893279589e-06
4800,7.12853030127,7.17794291271,7.15319394075,0.000159324652193
4800,7.17794291271,7.22769803602,7.20277751238,8.47721850522e-05
4800,7.22769803602,7.27779804537,7.25270478091,0.00139315888627
4800,7.27779804537,7.32824533139,7.30297812873,0.000414038894522
4800,7.32824533139,7.37904230129,7.35359995475,0.000629358474228
4800,7.37904230129,7.43019137897,7.40457267451,0.000674850952439
4800,7.43019137897,7.48169500511,7.45589872028,0.00100992115443
4800,7.48169500511,7.53355563734,7.5075805412,0
4800,7.53355563734,7.58577575029,7.55962060339,0.000190279017076
4800,7.58577575029,7.63835783578,7.61202139006,0.000826942301296
4800,7.63835783578,7.69130440287,7.66478540163,0.00067938994408
4800,7.69130440287,7.74461797803,7.71791515585,0.000360527233384
4800,7.74461797803,7.79830110523,7.77141318794,0.00112228821641
4800,7.79830110523,7.8523563461,7.82528205067,7.09463408937e-05
4800,7.8523563461,7.90678628,7.87952431451,0.000282692265146
4800,7.90678628,7.96159350417,7.93414256777,0.00037108955274
4800,7.96159350417,8.01678063388,7.98913941667,0.000719461393556
4800,8.01678063388,8.07235030249,8.04451748552,0.000211587570964
4800,8.07235030249,8.12830516164,8.1002794168,0
4800,8.12830516164,8.18464788135,8.15642787133,0.000714599374757
4800,8.18464788135,8.24138115013,8.21296552835,0.00095367273158
4800,8.24138115013,8.29850767514,8.26989508568,0.000666441149318
4800,8.29850767514,8.35603018231,8.32721925985,6.82467477027e-05
4800,8.35603018231,8.41395141645,8.38494078622,0.000137805792564
4800,8.41395141645,8.47227414141,8.44306241909,0.000303056330611
4800,8.47227414141,8.53100114018,8.50158693187,0.00161579716742
4800,8.53100114018,8.59013521505,8.5605171172,0.000787727384366
4800,8.59013521505,8.64967918776,8.61985578706,0.000247121579361
4800,8.64967918776,8.70963589956,8.67960577292,0.00128004261861
4800,8.70963589956,8.77000821144,8.73976992591,0.00051741171064
4800,8.77000821144,8.83079900419,8.80035111687,0.00088684452172
4800,8.83079900419,8.89201117858,8.86135223659,0.000995998231343
4800,8.89201117858,8.9536476555,8.92277619588,2.87274273319e-05
4800,8.9536476555,9.01571137606,8.98462592571,0
4800,9.01571137606,9.07820530178,9.04690437738,0.000811812696444
4800,9.07820530178,9.1411324147,9.10961452266,0.00191001184538
4800,9.1411324147,9.20449571753,9.1727593539,0.000448066710394
4800,9.20449571753,9.26829823379,9.2363418842,0.00108208241801
4800,9.26829823379,9.33254300797,9.30036514754,0.00155606494032
4800,9.33254300797,9.39723310565,9.36483219894,0.000771946204685
4800,9.39723310565,9.46237161366,9.4297461146,0.000350415408205
4800,9.46237161366,9.52796164024,9.49510999202,0.000491790283862
4800,9.52796164024,9.59400631516,9.5609269502,0.000411414769195
4800,9.59400631516,9.6605087899,9.62720012973,0.000478116193338
4800,9.6605087899,9.72747223777,9.693932693,4.54275690636e-05
4800,9.72747223777,9.79489985409,9.7611278243,0.000816984294444
4800,9.79489985409,9.86279485631,9.82878873,0.000596888777035
4800,9.86279485631,9.93116048421,9.89691863869,6.39382248647e-05
4800,9.93116048421,10,9.96552080135,0.480875751035
5000,0.01,0.0100693166885,0.0100345984915,0
5000,0.0100693166885,0.0101391138574,0.0101041550053,0
5000,0.0101391138574,0.0102093948371,0.0101741936618,0
5000,0.0102093948371,0.0102801629813,0.0102447178031,0
5000,0.0102801629813,0.0103514216668,0.0103157307944,0
5000,0.0103514216668,0.0104231742939,0.0103872360242,0
5000,0.0104231742939,0.0104954242865,0.0104592369046,0
5000,0.0104954242865,0.0105681750921,0.0105317368713,0
5000,0.0105681750921,0.0106414301822,0.0106047393837,0
5000,0.0106414301822,0.0107151930524,0.0106782479254,0
5000,0.0107151930524,0.0107894672223,0.0107522660039,0
5000,0.0107894672223,0.0108642562362,0.0108267971513,0
5000,0.0108642562362,0.0109395636627,0.0109018449239,0
5000,0.0109395636627,0.0110153930954,0.0109774129027,0
5000,0.0110153930954,0.0110917481526,0.0110535046938,0
5000,0.0110917481526,0.0111686324778,0.011130123928,0
5000,0.0111686324778,0.0112460497397,0.0112072742614,0
5000,0.0112460497397,0.0113240036324,0.0112849593753,0
5000,0.0113240036324,0.0114024978756,0.0113631829767,0
5000,0.0114024978756,0.011481536215,0.0114419487982,0
5000,0.011481536215,0.0115611224219,0.0115212605983,0
5000,0.0115611224219,0.0116412602941,0.0116011221615,0
5000,0.0116412602941,0.0117219536555,0.0116815372986,0
5000,0.0117219536555,0.0118032063565,0.0117625098468,0
5000,0.0118032063565,0.0118850222744,0.01184404367,0
5000,0.0118850222744,0.0119674053131,0.0119261426586,0
5000,0.0119674053131,0.0120503594037,0.0120088107301,0
5000,0.0120503594037,0.0121338885046,0.0120920518294,0
5000,0.0121338885046,0.0122179966016,0.0121758699285,0
5000,0.0122179966016,0.0123026877081,0.0122602690268,0
5000,0.0123026877081,0.0123879658653,0.0123452531517,0
5000,0.0123879658653,0.0124738351424,0.0124308263584,0
5000,0.0124738351424,0.0125602996369,0.0125169927303,0
5000,0.0125602996369,0.0126473634747,0.0126037563789,0
5000,0.0126473634747,0.0127350308102,0.0126911214445,0
5000,0.0127350308102,0.0128233058266,0.0127790920957,0
5000,0.0128233058266,0.0129121927361,0.0128676725303,0
5000,0.0129121927361,0.0130016957803,0.0129568669752,0
5000,0.0130016957803,0.01309181923,0.0130466796864,0
5000,0.01309181923,0.0131825673856,0.0131371149496,0
5000,0.0131825673856,0.0132739445773,0.0132281770801,0
5000,0.0132739445773,0.0133659551655,0.0133198704231,0
5000,0.0133659551655,0.0134586035406,0.0134121993541,0
5000,0.0134586035406,0.0135518941235,0.0135051682786,0
5000,0.0135518941235,0.0136458313659,0.0135987816328,0
5000,0.0136458313659,0.0137404197501,0.0136930438839,0
5000,0.0137404197501,0.0138356637897,0.0137879595297,0
5000,0.0138356637897,0.0139315680295,0.0138835330993,0
5000,0.0139315680295,0.0140281370456,0.0139797691532,0
5000,0.0140281370456,0.0141253754462,0.0140766722836,0
5000,0.0141253754462,0.0142232878712,0.0141742471144,0
5000,0.0142232878712,0.0143218789927,0.0142724983016,0
5000,0.0143218789927,0.0144211535152,0.0143714305336,0
5000,0.0144211535152,0.0145211161759,0.0144710485309,0
5000,0.0145211161759,0.0146217717446,0.0145713570473,0
5000,0.0146217717446,0.0147231250243,0.0146723608691,0
5000,0.0147231250243,0.0148251808515,0.0147740648159,0
5000,0.0148251808515,0.0149279440958,0.0148764737408,0
5000,0.0149279440958,0.0150314196609,0.0149795925304,0
5000,0.0150314196609,0.0151356124844,0.0150834261054,0
5000,0.0151356124844,0.015240527538,0.0151879794203,0
5000,0.015240527538,0.015346169828,0.0152932574642,0
5000,0.015346169828,0.0154525443954,0.0153992652606,0
5000,0.0154525443954,0.0155596563161,0.0155060078679,0
5000,0.0155596563161,0.0156675107011,0.0156134903797,0
5000,0.0156675107011,0.015776112697,0.0157217179246,0
5000,0.015776112697,0.015885467486,0.0158306956671,0
5000,0.015885467486,0.0159955802861,0.0159404288071,0
5000,0.0159955802861,0.0161064563518,0.016050922581,0
5000,0.0161064563518,0.0162181009736,0.0161621822611,0
5000,0.0162181009736,0.0163305194789,0.0162742131564,0
5000,0.0163305194789,0.0164437172321,0.0163870206128,0
5000,0.0164437172321,0.0165576996347,0.0165006100132,0
5000,0.0165576996347,0.0166724721255,0.0166149867777,0
5000,0.0166724721255,0.0167880401812,0.016730156364,0
5000,0.0167880401812,0.0169044093164,0.0168461242677,0
5000,0.0169044093164,0.0170215850839,0.0169628960226,0
5000,0.0170215850839,0.0171395730751,0.0170804772006,0
5000,0.0171395730751,0.0172583789199,0.0171988734124,0
5000,0.0172583789199,0.0173780082875,0.0173180903075,0
5000,0.0173780082875,0.0174984668862,0.0174381335747,0
5000,0.0174984668862,0.0176197604641,0.017559008942,0
5000,0.0176197604641,0.0177418948089,0.0176807221773,0
5000,0.0177418948089,0.0178648757485,0.0178032790885,0
5000,0.0178648757485,0.0179887091513,0.0179266855237,0
5000,0.0179887091513,0.0181134009262,0.0180509473713,0
5000,0.0181134009262,0.0182389570232,0.018176070561,0
5000,0.0182389570232,0.0183653834335,0.0183020610631,0
5000,0.0183653834335,0.0184926861898,0.0184289248897,0
5000,0.0184926861898,0.0186208713666,0.0185566680943,0
5000,0.0186208713666,0.0187499450807,0.0186852967726,0
5000,0.0187499450807,0.018879913491,0.0188148170622,0
5000,0.018879913491,0.0190107827992,0.0189452351436,0
5000,0.0190107827992,0.0191425592502,0.0190765572399,0
5000,0.0191425592502,0.0192752491319,0.0192087896175,0
5000,0.0192752491319,0.0194088587759,0.0193419385862,0
5000,0.0194088587759,0.0195433945578,0.0194760104994,0
5000,0.0195433945578,0.0196788628971,0.0196110117548,0
5000,0.0196788628971,0.0198152702581,0.0197469487941,0
5000,0.0198152702581,0.0199526231497,0.019883828104,0
5000,0.0199526231497,0.0200909281261,0.0200216562159,0
5000,0.0200909281261,0.0202301917868,0.0201604397066,0
5000,0.0202301917868,0.0203704207771,0.0203001851986,0
5000,0.0203704207771,0.0205116217883,0.02044089936,0
5000,0.0205116217883,0.0206538015581,0.0205825889054,0
5000,0.0206538015581,0.020796966871,0.0207252605958,0
5000,0.020796966871,0.0209411245585,0.0208689212391,0
5000,0.0209411245585,0.0210862814993,0.0210135776905,0
5000,0.0210862814993,0.02123244462,0.0211592368524,0
5000,0.02123244462,0.021379620895,0.0213059056754,0
5000,0.021379620895,0.0215278173472,0.0214535911582,0
5000,0.0215278173472,0.0216770410482,0.0216023003477,0
5000,0.0216770410482,0.0218272991184,0.0217520403402,0
5000,0.0218272991184,0.0219785987278,0.0219028182807,0
5000,0.0219785987278,0.0221309470961,0.0220546413639,0
5000,0.0221309470961,0.0222843514927,0.0222075168345,0
5000,0.0222843514927,0.0224388192378,0.0223614519872,0
5000,0.0224388192378,0.0225943577022,0.0225164541674,0
5000,0.0225943577022,0.0227509743077,0.0226725307715,0
5000,0.0227509743077,0.0229086765277,0.0228296892468,0
5000,0.0229086765277,0.0230674718872,0.0229879370926,0
5000,0.0230674718872,0.0232273679636,0.0231472818602,0
5000,0.0232273679636,0.0233883723866,0.0233077311528,0
5000,0.0233883723866,0.023550492839,0.0234692926269,0
5000,0.023550492839,0.0237137370566,0.0236319739915,6.90169826469e-05
5000,0.0237137370566,0.0238781128291,0.0237957830096,0
5000,0.0238781128291,0.0240436280001,0.0239607274975,0
5000,0.0240436280001,0.0242102904674,0.0241268153259,0
5000,0.0242102904674,0.0243781081837,0.0242940544202,1.32183001071e-06
5000,0.0243781081837,0.0245470891569,0.0244624527605,0
5000,0.0245470891569,0.0247172414502,0.0246320183824,0
5000,0.0247172414502,0.0248885731828,0.0248027593769,0
5000,0.0248885731828,0.0250610925303,0.0249746838915,0
5000,0.0250610925303,0.0252348077248,0.02514780013,0
5000,0.0252348077248,0.0254097270555,0.0253221163528,0
5000,0.0254097270555,0.0255858588691,0.025497640878,0
5000,0.0255858588691,0.02576321157,0.0256743820811,0
5000,0.02576321157,0.0259417936212,0.0258523483956,0
5000,0.0259417936212,0.026121613544,0.0260315483137,6.60743093243e-05
5000,0.026121613544,0.026302679919,0.0262119903864,0
5000,0.026302679919,0.0264850013861,0.0263936832237,0
5000,0.0264850013861,0.0266685866452,0.0265766354955,0
5000,0.0266685866452,0.0268534444566,0.026760855932,1.19539536652e-06
5000,0.0268534444566,0.0270395836411,0.0269463533235,0
5000,0.0270395836411,0.0272270130808,0.0271331365215,0
5000,0.0272270130808,0.0274157417193,0.0273212144388,0
5000,0.0274157417193,0.0276057785622,0.0275105960499,0
5000,0.0276057785622,0.0277971326776,0.0277012903916,0
5000,0.0277971326776,0.0279898131963,0.0278933065634,0
5000,0.0279898131963,0.0281838293126,0.0280866537277,0
5000,0.0281838293126,0.0283791902844,0.0282813411105,0
5000,0.0283791902844,0.0285759054337,0.0284773780017,0
5000,0.0285759054337,0.0287739841474,0.0286747737558,0
5000,0.0287739841474,0.028973435877,0.0288735377919,5.31847395197e-05
5000,0.028973435877,0.02917427014,0.0290736795944,0
5000,0.02917427014,0.0293764965196,0.0292752087137,0
5000,0.0293764965196,0.0295801246655,0.0294781347661,0
5000,0.0295801246655,0.0297851642943,0.0296824674346,7.14286155856e-06
5000,0.0297851642943,0.0299916251899,0.0298882164696,3.80618921964e-07
5000,0.0299916251899,0.030199517204,0.0300953916887,4.1463295045e-05
5000,0.030199517204,0.0304088502568,0.0303040029779,7.67062282653e-05
5000,0.0304088502568,0.0306196343369,0.0305140602914,7.98213697717e-05
5000,0.0306196343369,0.0308318795025,0.0307255736527,0
5000,0.0308318795025,0.0310455958813,0.0309385531545,0
5000,0.0310455958813,0.0312607936712,0.0311530089597,0.000100710967814
5000,0.0312607936712,0.031477483141,0.0313689513016,1.86586936887e-05
5000,0.031477483141,0.0316956746304,0.0315863904842,0
5000,0.0316956746304,0.031915378551,0.0318053368833,1.62336782268e-05
5000,0.031915378551,0.0321366053864,0.0320258009463,0
5000,0.0321366053864,0.032359365693,0.0322477931932,3.04961585513e-05
5000,0.032359365693,0.0325836701002,0.0324713242168,9.09449498858e-05
5000,0.0325836701002,0.0328095293113,0.0326964046834,7.20988528175e-05
5000,0.0328095293113,0.0330369541037,0.0329230453333,5.5429552724e-05
5000,0.0330369541037,0.0332659553294,0.0331512569812,4.83659939217e-05
5000,0.0332659553294,0.0334965439158,0.0333810505166,0.000126753784993
5000,0.0334965439158,0.0337287308659,0.0336124369047,0.000149086284126
5000,0.0337287308659,0.033962527259,0.0338454271866,7.65044557027e-05
5000,0.033962527259,0.0341979442514,0.03408003248,0.000101084754854
5000,0.0341979442514,0.0344349930763,0.0343162639796,0.000165778968793
5000,0.0344349930763,0.0346736850453,0.0345541329578,0.000125431826963
5000,0.0346736850453,0.0349140315479,0.0347936507649,0.000272307910423
5000,0.0349140315479,0.0351560440528,0.0350348288302,7.42680787042e-05
5000,0.0351560440528,0.0353997341083,0.0352776786619,0
5000,0.0353997341083,0.0356451133426,0.0355222118482,0.000262388932226
5000,0.0356451133426,0.0358921934645,0.0357684400576,0.000110241407729
5000,0.0358921934645,0.036140986264,0.0360163750395,0.000166057451735
5000,0.036140986264,0.0363915036127,0.0362660286245,0.000267707605529
5000,0.0363915036127,0.0366437574648,0.0365174127255,8.4041509842e-05
5000,0.0366437574648,0.036897759857,0.0367705393378,5.19171051994e-05
5000,0.036897759857,0.0371535229097,0.03702542054,0.000402131343781
5000,0.0371535229097,0.0374110588272,0.0372820684943,0.000386890240367
5000,0.0374110588272,0.0376703798984,0.0375404954472,0.000123646285812
5000,0.0376703798984,0.0379314984974,0.0378007137302,0.000455883976953
5000,0.0379314984974,0.038194427084,0.0380627357601,0.000438191127155
5000,0.038194427084,0.0384591782045,0.03832657404,0.000307014300933
5000,0.0384591782045,0.0387257644922,0.0385922411595,0.000175743270695
5000,0.0387257644922,0.0389941986677,0.0388597497954,0.000235834342385
5000,0.0389941986677,0.03926449354,0.0391291127127,0.000308744444597
5000,0.03926449354,0.0395366620068,0.0394003427645,0.00022134323867
5000,0.0395366620068,0.0398107170553,0.0396734528932,0.000178936077619
5000,0.0398107170553,0.0400866717627,0.0399484561308,0.000367887080659
5000,0.0400866717627,0.0403645392968,0.0402253655999,0.000345336364803
5000,0.0403645392968,0.0406443329165,0.0405041945136,0.000254353308204
5000,0.0406443329165,0.040926065973,0.0407849561771,0.00041312429778
5000,0.040926065973,0.0412097519097,0.0410676639875,0.000193951862395
5000,0.0412097519097,0.0414954042634,0.0413523314348,0.000910601435824
5000,0.0414954042634,0.0417830366647,0.0416389721025,0.000439590160542
5000,0.0417830366647,0.0420726628384,0.0419275996685,0.000272797685984
5000,0.0420726628384,0.042364296605,0.0422182279051,0.00028068542264
5000,0.042364296605,0.0426579518802,0.0425108706805,0.000178564024518
5000,0.0426579518802,0.0429536426765,0.0428055419586,0.000217621509828
5000,0.0429536426765,0.0432513831035,0.0431022558005,0.00033648492559
5000,0.0432513831035,0.0435511873686,0.0434010263645,0.000310308747164
5000,0.0435511873686,0.0438530697775,0.0437018679071,0.000188569981094
5000,0.0438530697775,0.0441570447353,0.0440047947836,0.00023633314393
5000,0.0441570447353,0.0444631267469,0.0443098214489,0.000165516513063
5000,0.0444631267469,0.0447713304176,0.0446169624581,0.000359396986671
5000,0.0447713304176,0.0450816704541,0.044926232467,0.000583052135597
5000,0.0450816704541,0.045394161665,0.0452376462332,0.000498251622768
5000,0.045394161665,0.0457088189615,0.0455512186166,0.000521327180192
5000,0.0457088189615,0.0460256573581,0.0458669645798,0.000484418585522
5000,0.0460256573581,0.0463446919736,0.0461848991895,0.00096340643119
5000,0.0463446919736,0.0466659380314,0.0465050376167,0.000720027591492
5000,0.0466659380314,0.0469894108605,0.0468273951374,0.000505038866492
5000,0.0469894108605,0.0473151258961,0.0471519871336,0.00029598316286
5000,0.0473151258961,0.0476430986805,0.0474788290942,0.000636699577876
5000,0.0476430986805,0.0479733448637,0.0478079366149,0.000445582316008
5000,0.0479733448637,0.048305880204,0.0481393254,0.000552108641036
5000,0.048305880204,0.0486407205691,0.0484730112624,0.000374380114579
5000,0.0486407205691,0.0489778819368,0.0488090101248,0.000928272885857
5000,0.0489778819368,0.0493173803955,0.0491473380199,0.000832574562062
5000,0.0493173803955,0.049659232145,0.049488011092,0.000999256329575
5000,0.049659232145,0.0500034534977,0.0498310455971,0.00052318674824
5000,0.0500034534977,0.0503500608788,0.0501764579037,0.000674876003869
5000,0.0503500608788,0.0506990708275,0.050524264494,0.000920549416233
5000,0.0506990708275,0.0510504999975,0.0508744819645,0.000665559405408
5000,0.0510504999975,0.0514043651582,0.0512271270265,0.000577497794851
5000,0.0514043651582,0.0517606831951,0.0515822165072,0.000806087177023
5000,0.0517606831951,0.0521194711105,0.0519397673507,0.000577946287262
5000,0.0521194711105,0.052480746025,0.0522997966182,0.000514987981072
5000,0.052480746025,0.0528445251775,0.0526623214894,0.000989659245222
5000,0.0528445251775,0.0532108259267,0.0530273592629,0.0010757198099
5000,0.0532108259267,0.0535796657513,0.0533949273574,0.000815883597858
5000,0.0535796657513,0.0539510622515,0.0537650433122,0.00100010608703
5000,0.0539510622515,0.0543250331492,0.0541377247883,0.000760797144999
5000,0.0543250331492,0.0547015962894,0.0545129895689,0.00118725670639
5000,0.0547015962894,0.0550807696405,0.0548908555607,0.000692683026922
5000,0.0550807696405,0.0554625712958,0.0552713407944,0.00104954957027
5000,0.0554625712958,0.0558470194737,0.0556544634258,0.000602642539883
5000,0.0558470194737,0.056234132519,0.0560402417364,0.00115225793147
5000,0.056234132519,0.0566239289038,0.0564286941345,0.000963741878122
5000,0.0566239289038,0.0570164272281,0.056819839156,0.000877397905713
5000,0.0570164272281,0.0574116462207,0.0572136954652,0.00132470267516
5000,0.0574116462207,0.0578096047406,0.057610281856,0.00114261213989
5000,0.0578096047406,0.0582103217771,0.0580096172523,0.000752566555359
5000,0.0582103217771,0.0586138164514,0.0584117207093,0.00118178256401
5000,0.0586138164514,0.0590201080172,0.0588166114143,0.000920395275006
5000,0.0590201080172,0.0594292158616,0.0592243086876,0.00102512356598
5000,0.0594292158616,0.059841159506,0.0596348319834,0.00108204123678
5000,0.059841159506,0.0602559586074,0.0600482008908,0.000841545329869
5000,0.0602559586074,0.0606736329589,0.0604644351345,0.00114672052153
5000,0.0606736329589,0.0610942024906,0.0608835545761,0.000923892383118
5000,0.0610942024906,0.061517687271,0.061305579215,0.00120489210087
5000,0.061517687271,0.0619441075077,0.0617305291889,0.0010615309637
5000,0.0619441075077,0.0623734835482,0.0621584247753,0.00141092854526
5000,0.0623734835482,0.0628058358813,0.0625892863921,0.00156810003976
5000,0.0628058358813,0.0632411851376,0.0630231345991,0.00094298243299
5000,0.0632411851376,0.0636795520908,0.0634599900981,0.00116293394695
5000,0.0636795520908,0.0641209576585,0.0638998737348,0.00093287640224
5000,0.0641209576585,0.0645654229035,0.0643428064992,0.00140962865254
5000,0.0645654229035,0.0650129690343,0.0647888095269,0.00134524199313
5000,0.0650129690343,0.0654636174067,0.0652379040998,0.00141621855376
5000,0.0654636174067,0.0659173895244,0.0656901116476,0.00139426741803
5000,0.0659173895244,0.0663743070402,0.0661454537484,0.000838439545027
5000,0.0663743070402,0.0668343917569,0.0666039521298,0.00127809030568
5000,0.0668343917569,0.0672976656284,0.0670656286702,0.00233832333223
5000,0.0672976656284,0.0677641507611,0.0675305053995,0.00144266379533
5000,0.0677641507611,0.0682338694142,0.0679986045003,0.00168679774744
5000,0.0682338694142,0.0687068440014,0.0684699483091,0.000890545459731
5000,0.0687068440014,0.0691830970919,0.0689445593171,0.00129815039034
5000,0.0691830970919,0.0696626514111,0.0694224601714,0.00174777096561
5000,0.0696626514111,0.070145529842,0.0699036736762,0.00176356511991
5000,0.070145529842,0.0706317554263,0.0703882227936,0.00154656749235
5000,0.0706317554263,0.0711213513653,0.0708761306451,0.00127456609948
5000,0.0711213513653,0.0716143410213,0.0713674205122,0.00171115509884
5000,0.0716143410213,0.0721107479183,0.071862115838,0.00105086925529
5000,0.0721107479183,0.0726105957435,0.072360240228,0.00156661263031
5000,0.0726105957435,0.0731139083483,0.0728618174513,0.00184676147672
5000,0.0731139083483,0.0736207097495,0.0733668714418,0.00132399451638
5000,0.0736207097495,0.0741310241301,0.0738754262994,0.00191224490069
5000,0.0741310241301,0.074644875841,0.0743875062908,0.00112720614706
5000,0.074644875841,0.0751622894018,0.0749031358511,0.00158727165572
5000,0.0751622894018,0.0756832895021,0.0754223395848,0.00145979024888
5000,0.0756832895021,0.0762079010025,0.0759451422668,0.00128588910819
5000,0.0762079010025,0.0767361489362,0.0764715688439,0.00202851008071
5000,0.0767361489362,0.0772680585096,0.0770016444357,0.00169114318557
5000,0.0772680585096,0.077803655104,0.077535394336,0.00172769819853
5000,0.077803655104,0.0783429642766,0.0780728440138,0.00156197984524
5000,0.0783429642766,0.0788860117619,0.0786140191148,0.00147339057115
5000,0.0788860117619,0.0794328234724,0.0791589454624,0.00124260134948
5000,0.0794328234724,0.0799834255007,0.079707649059,0.00204755907126
5000,0.0799834255007,0.0805378441199,0.0802601560873,0.00230830343532
5000,0.0805378441199,0.0810961057854,0.0808164929113,0.00227153131215
5000,0.0810961057854,0.0816582371359,0.0813766860779,0.00172824850546
5000,0.0816582371359,0.0822242649947,0.081940762318,0.00100380127533
5000,0.0822242649947,0.0827942163712,0.0825087485479,0.00128456442012
5000,0.0827942163712,0.083368118462,0.0830806718702,0.00215054522942
5000,0.083368118462,0.0839459986519,0.0836565595756,0.00207102889832
5000,0.0839459986519,0.084527884516,0.0842364391438,0.000988806465061
5000,0.084527884516,0.0851138038202,0.0848203382452,0.0014561481055
5000,0.0851138038202,0.085703784523,0.0854082847419,0.00185097032647
5000,0.085703784523,0.0862978547767,0.0860003066889,0.00176456999128
5000,0.0862978547767,0.0868960429286,0.086596432336,0.0017559832899
5000,0.0868960429286,0.0874983775227,0.0871966901287,0.00203091373305
5000,0.0874983775227,0.0881048873008,0.0878011087097,0.00168055296565
5000,0.0881048873008,0.0887156012038,0.08840971692,0.00186342536728
5000,0.0887156012038,0.0893305483733,0.089022543801,0.00204340044972
5000,0.0893305483733,0.089949758153,0.089639618595,0.00247564841342
5000,0.089949758153,0.0905732600898,0.0902609707471,0.00177198519066
5000,0.0905732600898,0.0912010839356,0.0908866299066,0.00163545364362
5000,0.0912010839356,0.0918332596484,0.0915166259281,0.00219853965
5000,0.0918332596484,0.0924698173938,0.0921509888735,0.00156747937452
5000,0.0924698173938,0.0931107875468,0.0927897490127,0.00206374206663
5000,0.0931107875468,0.0937562006926,0.0934329368257,0.00118188661351
5000,0.0937562006926,0.0944060876286,0.0940805830037,0.0017285540874
5000,0.0944060876286,0.0950604793656,0.0947327184504,0.0020077869856
5000,0.0950604793656,0.0957194071295,0.0953893742842,0.00196226655309
5000,0.0957194071295,0.0963829023624,0.0960505818387,0.00206184933503
5000,0.0963829023624,0.0970509967245,0.096716372665,0.00157930273486
5000,0.0970509967245,0.0977237220956,0.0973867785329,0.0024983398039
5000,0.0977237220956,0.0984011105761,0.0980618314322,0.00183001653695
5000,0.0984011105761,0.0990831944893,0.0987415635747,0.00208956657399
5000,0.0990831944893,0.0997700063823,0.0994260073953,0.00144543316844
5000,0.0997700063823,0.100461579028,0.100115195554,0.00181640391886
5000,0.100461579028,0.101157945426,0.100809160936,0.00175760089474
5000,0.101157945426,0.101859138805,0.101507936657,0.00219827285639
5000,0.101859138805,0.102565192625,0.10221155606,0.00244288178346
5000,0.102565192625,0.103276140576,0.102920052719,0.00207423972507
5000,0.103276140576,0.103992016583,0.103633460443,0.00272645796027
5000,0.103992016583,0.104712854805,0.104351813273,0.00183044777213
5000,0.104712854805,0.105438689639,0.105075145487,0.00175765561417
5000,0.105438689639,0.10616955572,0.1058034916,0.00192089382557
5000,0.10616955572,0.106905487922,0.106536886367,0.00200003949382
5000,0.106905487922,0.107646521363,0.107275364784,0.00264904407986
5000,0.107646521363,0.108392691402,0.108018962088,0.00217560862727
5000,0.108392691402,0.109144033645,0.108767713763,0.00233489810137
5000,0.109144033645,0.109900583943,0.109521655537,0.00139070431441
5000,0.109900583943,0.110662378398,0.110280823385,0.00193946876794
5000,0.110662378398,0.111429453359,0.111045253533,0.0021690399963
5000,0.111429453359,0.11220184543,0.111814982458,0.0025527296286
5000,0.11220184543,0.112979591467,0.112590046889,0.00276236403423
5000,0.112979591467,0.113762728582,0.113370483811,0.00224589731326
5000,0.113762728582,0.114551294145,0.114156330462,0.00191552748611
5000,0.114551294145,0.115345325782,0.114947624342,0.00235897687203
5000,0.115345325782,0.116144861384,0.115744403209,0.00231179231818
5000,0.116144861384,0.116949939102,0.116546705084,0.00192373891091
5000,0.116949939102,0.117760597352,0.117354568249,0.00178238242692
5000,0.117760597352,0.118576874817,0.118168031254,0.00231869797051
5000,0.118576874817,0.119398810446,0.118987132916,0.00270057392872
5000,0.119398810446,0.120226443462,0.119811912319,0.00173802588125
5000,0.120226443462,0.121059813355,0.12064240882,0.00237585229647
5000,0.121059813355,0.121898959892,0.121478662047,0.00237142135563
5000,0.121898959892,0.122743923116,0.122320711905,0.002189823111
5000,0.122743923116,0.123594743344,0.123168598574,0.00178403049754
5000,0.123594743344,0.124451461177,0.124022362512,0.00231442717415
5000,0.124451461177,0.125314117494,0.124882044459,0.00231622237129
5000,0.125314117494,0.126182753459,0.125747685437,0.00194314220614
5000,0.126182753459,0.127057410521,0.126619326751,0.00257982384715
5000,0.127057410521,0.127938130416,0.127497009994,0.00234645047497
5000,0.127938130416,0.128824955169,0.128380777047,0.00210651770543
5000,0.128824955169,0.129717927098,0.129270670081,0.0018058772095
5000,0.129717927098,0.130617088813,0.130166731558,0.0024141895961
5000,0.130617088813,0.131522483219,0.131069004237,0.0020548333849
5000,0.131522483219,0.132434153519,0.131977531171,0.00176844304265
5000,0.132434153519,0.133352143216,0.132892355713,0.00277784966332
5000,0.133352143216,0.134276496114,0.133813521515,0.00180612588042
5000,0.134276496114,0.135207256319,0.134741072534,0.00202503114647
5000,0.135207256319,0.136144468247,0.13567505303,0.00190159617999
5000,0.136144468247,0.137088176616,0.136615507569,0.00314179882237
5000,0.137088176616,0.13803842646,0.137562481028,0.00262842407321
5000,0.13803842646,0.138995263121,0.138516018592,0.00154721696882
5000,0.138995263121,0.139958732257,0.139476165764,0.00320671172364
5000,0.139958732257,0.140928879842,0.140442968358,0.00194620183403
5000,0.140928879842,0.141905752169,0.141416472507,0.00326184676495
5000,0.141905752169,0.142889395851,0.142396724665,0.00196887621629
5000,0.142889395851,0.143879857826,0.143383771606,0.00192617913722
5000,0.143879857826,0.144877185354,0.144377660429,0.00256556989317
5000,0.144877185354,0.145881426028,0.145378438561,0.00149845240448
5000,0.145881426028,0.146892627764,0.146386153755,0.00246454128368
5000,0.146892627764,0.147910838817,0.147400854097,0.00222311557618
5000,0.147910838817,0.148936107771,0.148422588006,0.00312761718591
5000,0.148936107771,0.14996848355,0.149451404237,0.00198557119607
5000,0.14996848355,0.151008015416,0.15048735188,0.00235062202526
5000,0.151008015416,0.152054752973,0.15153048037,0.00214660461498
5000,0.152054752973,0.153108746168,0.152580839481,0.00199078862918
5000,0.153108746168,0.154170045295,0.153638479333,0.00249545736945
5000,0.154170045295,0.155238700996,0.154703450395,0.00205469129008
5000,0.155238700996,0.156314764264,0.155775803483,0.0020567769137
5000,0.156314764264,0.157398286447,0.156855589768,0.00194175831832
5000,0.157398286447,0.158489319246,0.157942860774,0.00221029503481
5000,0.158489319246,0.159587914724,0.159037668382,0.00217185079766
5000,0.159587914724,0.160694125301,0.160140064834,0.00163086419165
5000,0.160694125301,0.161808003764,0.161250102734,0.00216400461837
5000,0.161808003764,0.162929603264,0.162367835048,0.00186518386362
5000,0.162929603264,0.16405897732,0.163493315113,0.00308226979595
5000,0.16405897732,0.165196179823,0.164626596633,0.00173841519629
5000,0.165196179823,0.166341265037,0.165767733685,0.00222414819366
5000,0.166341265037,0.167494287603,0.166916780721,0.00217248053741
5000,0.167494287603,0.168655302539,0.168073792571,0.00245307263679
5000,0.168655302539,0.169824365246,0.169238824444,0.00219247921298
5000,0.169824365246,0.171001531509,0.170411931932,0.00183535521382
5000,0.171001531509,0.172186857499,0.171593171012,0.00168096600328
5000,0.172186857499,0.173380399775,0.172782598051,0.00297453215908
5000,0.173380399775,0.174582215292,0.173980269804,0.00272274823175
5000,0.174582215292,0.175792361396,0.175186243421,0.00227624190144
5000,0.175792361396,0.177010895832,0.176400576448,0.00214661085636
5000,0.177010895832,0.178237876745,0.177623326829,0.00297518635824
5000,0.178237876745,0.179473362683,0.178854552911,0.00210568798465
5000,0.179473362683,0.180717412601,0.180094313444,0.0033307439552
5000,0.180717412601,0.181970085861,0.181342667587,0.002256272033
5000,0.181970085861,0.183231442237,0.182599674907,0.00173705585862
5000,0.183231442237,0.184501541918,0.183865395386,0.00217100120334
5000,0.184501541918,0.185780445509,0.185139889421,0.00275922373456
5000,0.185780445509,0.187068214037,0.186423217825,0.00270098992259
5000,0.187068214037,0.188364908949,0.187715441838,0.00246266827619
5000,0.188364908949,0.189670592121,0.189016623119,0.00222803179954
5000,0.189670592121,0.190985325857,0.190326823758,0.0014018688497
5000,0.190985325857,0.192309172891,0.191646106274,0.00235154902428
5000,0.192309172891,0.193642196395,0.192974533619,0.00300027146725
5000,0.193642196395,0.194984459976,0.194312169183,0.00241424542425
5000,0.194984459976,0.196336027684,0.195659076793,0.0021122802812
5000,0.196336027684,0.197696964011,0.197015320722,0.00160658352954
5000,0.197696964011,0.199067333899,0.198380965684,0.0018556122015
5000,0.199067333899,0.200447202737,0.199756076844,0.00228913523546
5000,0.200447202737,0.201836636368,0.20114071982,0.0018387518844
5000,0.201836636368,0.203235701094,0.202534960682,0.00156887056989
5000,0.203235701094,0.204644463672,0.203938865961,0.00189307588303
5000,0.204644463672,0.206062991327,0.205352502646,0.00216497293869
5000,0.206062991327,0.207491351745,0.206775938192,0.0021921797929
5000,0.207491351745,0.208929613085,0.208209240522,0.00170168570892
5000,0.208929613085,0.210377843977,0.209652478029,0.00284489112327
5000,0.210377843977,0.211836113525,0.211105719581,0.00217684497487
5000,0.211836113525,0.213304491315,0.212569034522,0.00177862626052
5000,0.213304491315,0.214783047413,0.214042492677,0.00192554541165
5000,0.214783047413,0.216271852373,0.215526164357,0.00254416151073
5000,0.216271852373,0.217770977235,0.217020120357,0.00190185117738
5000,0.217770977235,0.219280493535,0.218524431965,0.00260055389845
5000,0.219280493535,0.220800473302,0.220039170964,0.00230690357733
5000,0.220800473302,0.222330989065,0.221564409631,0.0022629241841
5000,0.222330989065,0.223872113857,0.223100220748,0.00213498925844
5000,0.223872113857,0.225423921215,0.224646677599,0.00228591912845
5000,0.225423921215,0.226986485188,0.226203853977,0.0021430533749
5000,0.226986485188,0.228559880338,0.227771824186,0.00267060870646
5000,0.228559880338,0.230144181741,0.229350663045,0.00198583616989
5000,0.230144181741,0.231739464997,0.230940445892,0.00238289387219
5000,0.231739464997,0.233345806228,0.232541248587,0.00239940565981
5000,0.233345806228,0.234963282085,0.234153147517,0.00305174943828
5000,0.234963282085,0.236591969749,0.235776219596,0.00262031758374
5000,0.236591969749,0.238231946936,0.237410542273,0.00291414473994
5000,0.238231946936,0.239883291902,0.239056193534,0.00278145176248
5000,0.239883291902,0.241546083444,0.240713251905,0.00172140729195
5000,0.241546083444,0.243220400907,0.242381796455,0.00266185403284
5000,0.243220400907,0.244906324184,0.244061906804,0.00176700686984
5000,0.244906324184,0.246603933723,0.245753663122,0.00267339548072
5000,0.246603933723,0.24831331053,0.247457146133,0.00223227145135
5000,0.24831331053,0.25003453617,0.249172437125,0.00361710687015
5000,0.25003453617,0.251767692776,0.250899617947,0.00261144956802
5000,0.251767692776,0.25351286305,0.252638771013,0.00350834361504
5000,0.25351286305,0.255270130266,0.254389979313,0.00201497656993
5000,0.255270130266,0.257039578277,0.256153326409,0.00335090728245
5000,0.257039578277,0.258821291515,0.257928896443,0.00393535807941
5000,0.258821291515,0.260615355,0.25971677414,0.00323387047725
5000,0.260615355,0.262421854338,0.261517044814,0.00360274685753
5000,0.262421854338,0.264240875732,0.263329794368,0.00369314129648
5000,0.264240875732,0.26607250598,0.265155109301,0.00277218850164
5000,0.26607250598,0.267916832482,0.266993076713,0.00240960928374
5000,0.267916832482,0.269773943244,0.268843784306,0.00275529510043
5000,0.269773943244,0.271643926884,0.270707320392,0.00415264450547
5000,0.271643926884,0.273526872631,0.272583773893,0.00280091826079
5000,0.273526872631,0.275422870334,0.274473234348,0.00254390973904
5000,0.275422870334,0.277332010465,0.276375791917,0.00314289213737
5000,0.277332010465,0.279254384124,0.278291537385,0.00287286320004
5000,0.279254384124,0.28119008304,0.280220562167,0.00308792876356
5000,0.28119008304,0.28313919958,0.282162958309,0.00331062375493
5000,0.28313919958,0.28510182675,0.284118818498,0.00248827894505
5000,0.28510182675,0.287078058202,0.286088236063,0.0038608917509
5000,0.287078058202,0.289067988237,0.288071304978,0.00219310473365
5000,0.289067988237,0.291071711807,0.290068119869,0.00309955372671
5000,0.291071711807,0.293089324525,0.292078776021,0.00294825270963
5000,0.293089324525,0.295120922667,0.294103369375,0.00292703287205
5000,0.295120922667,0.297166603174,0.296141996539,0.00281580616898
5000,0.297166603174,0.299226463661,0.298194754793,0.00232312690808
5000,0.299226463661,0.301300602419,0.300261742086,0.00247572223014
5000,0.301300602419,0.303389118419,0.302343057051,0.00372279832974
5000,0.303389118419,0.305492111322,0.304438799002,0.00206928215099
5000,0.305492111322,0.307609681474,0.306549067943,0.00236620447983
5000,0.307609681474,0.309741929922,0.308673964568,0.00215214490934
5000,0.309741929922,0.311888958409,0.310813590274,0.00345093514088
5000,0.311888958409,0.314050869388,0.312968047156,0.00214571433779
5000,0.314050869388,0.316227766017,0.31513743802,0.00300060560617
5000,0.316227766017,0.318419752173,0.317321866384,0.00246071949113
5000,0.318419752173,0.320626932451,0.319521436481,0.00252035692054
5000,0.320626932451,0.322849412171,0.32173625327,0.00282921850901
5000,0.322849412171,0.325087297385,0.323966422435,0.00317404353686
5000,0.325087297385,0.327340694879,0.326212050394,0.00269469496679
5000,0.327340694879,0.329609712177,0.328473244303,0.00356242509793
5000,0.329609712177,0.331894457553,0.330750112059,0.00234514601513
5000,0.331894457553,0.334195040026,0.333042762309,0.00223501491341
5000,0.334195040026,0.336511569375,0.335351304451,0.00275955845396
5000,0.336511569375,0.338844156139,0.337675848642,0.00219990060776
5000,0.338844156139,0.341192911622,0.340016505804,0.00264477263111
5000,0.341192911622,0.3435579479,0.342373387626,0.00240602855995
5000,0.3435579479,0.345939377826,0.344746606573,0.00328478851131
5000,0.345939377826,0.348337315036,0.347136275888,0.00249440468617
5000,0.348337315036,0.350751873953,0.349542509599,0.00200747694964
5000,0.350751873953,0.353183169792,0.351965422525,0.00291070413955
5000,0.353183169792,0.355631318569,0.354405130281,0.00205594002981
5000,0.355631318569,0.358096437103,0.356861749283,0.00215827145736
5000,0.358096437103,0.360578643022,0.359335396755,0.00308345419529
5000,0.360578643022,0.36307805477,0.361826190732,0.00178076340006
5000,0.36307805477,0.365594791613,0.364334250068,0.00201443386736
5000,0.365594791613,0.368128973643,0.366859694441,0.00237783033214
5000,0.368128973643,0.370680721783,0.369402644358,0.00250227128355
5000,0.370680721783,0.373250157796,0.371963221162,0.00180860203783
5000,0.373250157796,0.375837404288,0.374541547036,0.00286976665517
5000,0.375837404288,0.378442584717,0.377137745011,0.00141552211043
5000,0.378442584717,0.381065823394,0.379751938971,0.00230288016132
5000,0.381065823394,0.383707245492,0.382384253658,0.00212238139146
5000,0.383707245492,0.386366977054,0.385034814679,0.00255896061991
5000,0.386366977054,0.389045144994,0.38770374851,0.00248369698214
5000,0.389045144994,0.391741877108,0.390391182508,0.00203751568507
5000,0.391741877108,0.394457302075,0.393097244907,0.00208734121845
5000,0.394457302075,0.397191549469,0.395822064836,0.0020536560943
5000,0.397191549469,0.399944749761,0.398565772313,0.00210898660286
5000,0.399944749761,0.402717034325,0.401328498263,0.001993045844
5000,0.402717034325,0.405508535448,0.404110374513,0.00249755929141
5000,0.405508535448,0.408319386333,0.406911533809,0.00254912392886
5000,0.408319386333,0.411149721105,0.409732109814,0.0016485503777
5000,0.411149721105,0.41399967482,0.412572237117,0.00299027326961
5000,0.41399967482,0.41686938347,0.415432051242,0.00233558621046
5000,0.41686938347,0.419758983991,0.418311688651,0.0028219928437
5000,0.419758983991,0.422668614266,0.421211286754,0.00236073889001
5000,0.422668614266,0.425598413134,0.42413098391,0.00219531825211
5000,0.425598413134,0.428548520397,0.427070919441,0.00197655476826
5000,0.428548520397,0.431519076828,0.430031233631,0.00151710905007
5000,0.431519076828,0.434510224172,0.433012067738,0.00200572013072
5000,0.434510224172,0.437522105158,0.436013564,0.00141986289879
5000,0.437522105158,0.440554863507,0.439035865641,0.00181467695675
5000,0.440554863507,0.443608643931,0.442079116876,0.00159414745304
5000,0.443608643931,0.446683592151,0.44514346292,0.00167523202752
5000,0.446683592151,0.449779854893,0.448229049997,0.00188817865468
5000,0.449779854893,0.452897579904,0.451336025341,0.00208671559024
5000,0.452897579904,0.456036915951,0.45446453721,0.00202007946326
5000,0.456036915951,0.459198012837,0.457614734886,0.00148176875919
5000,0.459198012837,0.462381021399,0.46078676869,0.00202677009795
5000,0.462381021399,0.465586093523,0.463980789982,0.00219017972515
5000,0.465586093523,0.468813382145,0.467196951172,0.00239078346823
5000,0.468813382145,0.472063041264,0.470435405726,0.00178938119629
5000,0.472063041264,0.475335225943,0.473696308175,0.00161593222919
5000,0.475335225943,0.478630092323,0.476979814119,0.00230786652329
5000,0.478630092323,0.481947797625,0.48028608024,0.00278826113093
5000,0.481947797625,0.485288500162,0.483615264302,0.0022986607932
5000,0.485288500162,0.488652359343,0.486967525166,0.00200096678739
5000,0.488652359343,0.492039535681,0.490343022792,0.00224163074428
5000,0.492039535681,0.495450190805,0.49374191825,0.0017338691119
5000,0.495450190805,0.49888448746,0.497164373725,0.00176040278269
5000,0.49888448746,0.502342589522,0.500610552529,0.00155167621472
5000,0.502342589522,0.505824662003,0.504080619103,0.00156068448945
5000,0.505824662003,0.509330871057,0.507574739029,0.00188308969569
5000,0.509330871057,0.512861383991,0.511093079037,0.00186186499543
5000,0.512861383991,0.516416369272,0.514635807014,0.00177096621881
5000,0.516416369272,0.519995996534,0.518203092007,0.0020277779628
5000,0.519995996534,0.523600436586,0.521795104239,0.00173717661551
5000,0.523600436586,0.527229861423,0.52541201511,0.00131784962686
5000,0.527229861423,0.530884444231,0.52905399721,0.000851747390693
5000,0.530884444231,0.534564359397,0.532721224323,0.00232418506374
5000,0.534564359397,0.538269782516,0.53641387144,0.00116020839731
5000,0.538269782516,0.542000890402,0.540132114765,0.00164678851598
5000,0.542000890402,0.545757861091,0.54387613172,0.00156014986551
5000,0.545757861091,0.549540873858,0.547646100962,0.00192387949482
5000,0.549540873858,0.553350109216,0.551442202382,0.0012435742796
5000,0.553350109216,0.557185748932,0.55526461712,0.00143918760444
5000,0.557185748932,0.561047976032,0.559113527571,0.0018128624226
5000,0.561047976032,0.564936974812,0.562989117394,0.00141245309498
5000,0.564936974812,0.568852930844,0.566891571523,0.00134258980666
5000,0.568852930844,0.572796030986,0.570821076172,0.00128854153437
5000,0.572796030986,0.576766463392,0.574777818846,0.00175681806005
5000,0.576766463392,0.580764417521,0.578761988349,0.00147537692736
5000,0.580764417521,0.584790084144,0.582773774796,0.00169929279828
5000,0.584790084144,0.588843655356,0.586813369619,0.00159315004443
5000,0.588843655356,0.59292532458,0.590880965575,0.00193392637008
5000,0.59292532458,0.597035286584,0.594976756759,0.00140395237601
5000,0.597035286584,0.601173737483,0.599100938611,0.00145960960931
5000,0.601173737483,0.605340874754,0.603253707927,0.00180048706906
5000,0.605340874754,0.60953689724,0.607435262864,0.00200543826659
5000,0.60953689724,0.613762005165,0.611645802955,0.00108773097735
5000,0.613762005165,0.618016400138,0.615885529115,0.00203961508463
5000,0.618016400138,0.622300285169,0.620154643654,0.00223590763598
5000,0.622300285169,0.626613864672,0.624453350281,0.00143446490191
5000,0.626613864672,0.63095734448,0.628781854118,0.00170961176787
5000,0.63095734448,0.635330931852,0.633140361711,0.00113980229147
5000,0.635330931852,0.639734835483,0.637529081035,0.00157945921015
5000,0.639734835483,0.644169265515,0.641948221508,0.000995338777756
5000,0.644169265515,0.648634433548,0.646397994,0.00110479887048
5000,0.648634433548,0.653130552647,0.65087861084,0.00206349760095
5000,0.653130552647,0.657657837355,0.655390285833,0.00148340157501
5000,0.657657837355,0.662216503702,0.659933234264,0.00172959272037
5000,0.662216503702,0.666806769214,0.664507672908,0.00122385639343
5000,0.666806769214,0.671428852926,0.669113820046,0.00206880891466
5000,0.671428852926,0.676082975392,0.673751895471,0.001109236104
5000,0.676082975392,0.680769358694,0.678422120498,0.00158116674529
5000,0.680769358694,0.685488226453,0.683124717979,0.00106604355982
5000,0.685488226453,0.69023980384,0.687859912309,0.00117284690259
5000,0.69023980384,0.695024317589,0.692627929437,0.00192792357742
5000,0.695024317589,0.699841996002,0.697428996882,0.00149172803665
5000,0.699841996002,0.704693068967,0.702263343736,0.00183088774752
5000,0.704693068967,0.709577767963,0.707131200681,0.0020023493176
5000,0.709577767963,0.714496326076,0.712032799999,0.00154967559754
5000,0.714496326076,0.719448978004,0.71696837558,0.00126294270114
5000,0.719448978004,0.724435960075,0.721938162937,0.00190480510238
5000,0.724435960075,0.729457510255,0.726942399214,0.0013546651498
5000,0.729457510255,0.734513868157,0.7319813232,0.00135853199419
5000,0.734513868157,0.739605275058,0.737055175338,0.00130075122217
5000,0.739605275058,0.744731973906,0.742164197739,0.00123073060201
5000,0.744731973906,0.749894209332,0.747308634191,0.00132690562244
5000,0.749894209332,0.755092227665,0.752488730174,0.00129392167813
5000,0.755092227665,0.76032627694,0.757704732866,0.00158748643039
5000,0.76032627694,0.765596606911,0.762956891162,0.00117429216858
5000,0.765596606911,0.770903469064,0.768245455679,0.000772292292251
5000,0.770903469064,0.776247116629,0.773570678775,0.00180272875636
5000,0.776247116629,0.781627804588,0.778932814554,0.00182998721707
5000,0.781627804588,0.787045789695,0.784332118882,0.00140456996834
5000,0.787045789695,0.79250133048,0.7897688494,0.00142821185878
5000,0.79250133048,0.797994687268,0.795243265533,0.00143983687789
5000,0.797994687268,0.803526122186,0.800755628507,0.000772243171076
5000,0.803526122186,0.809095899178,0.806306201355,0.00132019277178
5000,0.809095899178,0.814704284021,0.811895248936,0.00108602586188
5000,0.814704284021,0.82035154433,0.817523037944,0.00180397480392
5000,0.82035154433,0.826037949577,0.823189836921,0.000896761168773
5000,0.826037949577,0.831763771103,0.828895916273,0.00112875180585
5000,0.831763771103,0.837529282127,0.834641548277,0.00127993976294
5000,0.837529282127,0.843334757764,0.8404270071,0.00126072544828
5000,0.843334757764,0.849180475036,0.846252568807,0.000870785739046
5000,0.849180475036,0.855066712885,0.852118511379,0.00131038380116
5000,0.855066712885,0.860993752185,0.858025114723,0.00149370703443
5000,0.860993752185,0.866961875758,0.863972660684,0.00120596807051
5000,0.866961875758,0.872971368388,0.869961433065,0.00173226212307
5000,0.872971368388,0.879022516831,0.875991717633,0.000918905851872
5000,0.879022516831,0.885115609831,0.882063802137,0.00185629229751
5000,0.885115609831,0.891250938134,0.888177976319,0.0014835594251
5000,0.891250938134,0.897428794501,0.894334531933,0.000767001534327
5000,0.897428794501,0.903649473722,0.900533762751,0.000969464281182
5000,0.903649473722,0.909913272632,0.906775964584,0.00209408528633
5000,0.909913272632,0.916220490122,0.913061435293,0.00187225078678
5000,0.916220490122,0.922571427155,0.919390474804,0.00162187593193
5000,0.922571427155,0.92896638678,0.925763385121,0.00193128533402
5000,0.92896638678,0.935405674148,0.932180470342,0.00156349855762
5000,0.935405674148,0.941889596523,0.938642036672,0.00069239626433
5000,0.941889596523,0.948418463301,0.945148392441,0.0010827928677
5000,0.948418463301,0.954992586021,0.951699848113,0.000849142801938
5000,0.954992586021,0.961612278384,0.958296716306,0.00136331352097
5000,0.961612278384,0.968277856261,0.964939311806,0.00138668611529
5000,0.968277856261,0.974989637717,0.971627951577,0.00154326393811
5000,0.974989637717,0.98174794302,0.978362954785,0.00110586147797
5000,0.98174794302,0.988553094657,0.985144642804,0.000996748123238
5000,0.988553094657,0.995405417352,0.991973339239,0.001495172776
5000,0.995405417352,1.00230523808,0.998849369937,0.00156125829127
5000,1.00230523808,1.00925288608,1.005773063,0.00199696281686
5000,1.00925288608,1.01624869287,1.01274474881,0.00104836492612
5000,1.01624869287,1.02329299228,1.01976476004,0.00155753539689
5000,1.02329299228,1.03038612044,1.02683343167,0.00170247883774
5000,1.03038612044,1.03752841582,1.03395110098,0.00164193628638
5000,1.03752841582,1.04472021922,1.04111810762,0.00141563859252
5000,1.04472021922,1.05196187382,1.04833479358,0.00124901899322
5000,1.05196187382,1.05925372518,1.05560150322,0.00134038707622
5000,1.05925372518,1.06659612123,1.06291858328,0.0017688092784
5000,1.06659612123,1.07398941234,1.07028638291,0.00167014736875
5000,1.07398941234,1.0814339513,1.07770525369,0.00129393420339
5000,1.0814339513,1.08893009333,1.08517554963,0.00106233223922
5000,1.08893009333,1.09647819614,1.09269762719,0.00139256448823
5000,1.09647819614,1.1040786199,1.1002718453,0.0013566304663
5000,1.1040786199,1.11173172728,1.10789856537,0.00104920481227
5000,1.11173172728,1.11943788347,1.11557815135,0.00166131986899
5000,1.11943788347,1.12719745618,1.12331096967,0.000939908533635
5000,1.12719745618,1.13501081567,1.13109738933,0.00140969665783
5000,1.13501081567,1.14287833479,1.13893778188,0.0012456193201
5000,1.14287833479,1.15080038894,1.14683252142,0.00123931137001
5000,1.15080038894,1.15877735616,1.15478198469,0.00121265819665
5000,1.15877735616,1.16680961706,1.162786551,0.00135193682306
5000,1.16680961706,1.17489755494,1.17084660232,0.00146896480548
5000,1.17489755494,1.18304155573,1.17896252324,0.00082407474028
5000,1.18304155573,1.19124200803,1.18713470104,0.00126494238578
5000,1.19124200803,1.19949930315,1.19536352567,0.00193755966338
5000,1.19949930315,1.20781383511,1.20364938979,0.00215684226612
5000,1.20781383511,1.21618600065,1.21199268877,0.00118839728735
5000,1.21618600065,1.22461619927,1.22039382074,0.001173565061
5000,1.22461619927,1.23310483323,1.22885318658,0.00148382271398
5000,1.23310483323,1.24165230759,1.23737118994,0.00125866802373
5000,1.24165230759,1.25025903022,1.24594823727,0.00113151333789
5000,1.25025903022,1.25892541179,1.25458473786,0.00191458930996
5000,1.25892541179,1.26765186586,1.26328110381,0.00137610542022
5000,1.26765186586,1.27643880881,1.27203775009,0.00132776911244
5000,1.27643880881,1.28528665994,1.28085509454,0.000996753100892
5000,1.28528665994,1.29419584145,1.2897335579,0.00168407414991
5000,1.29419584145,1.30316677845,1.29867356383,0.0019260491239
5000,1.30316677845,1.31219989902,1.30767553892,0.000977822629178
5000,1.31219989902,1.32129563419,1.31673991272,0.00137864571123
5000,1.32129563419,1.33045441798,1.32586711776,0.00122996046962
5000,1.33045441798,1.33967668743,1.33505758956,0.00208082999976
5000,1.33967668743,1.34896288259,1.34431176667,0.00162090962523
5000,1.34896288259,1.35831344659,1.35363009067,0.0014859557646
5000,1.35831344659,1.3677288256,1.36301300621,0.00125181265196
5000,1.3677288256,1.37720946889,1.37246096101,0.0013240686876
5000,1.37720946889,1.38675582887,1.3819744059,0.00102938682358
5000,1.38675582887,1.39636836106,1.39155379484,0.00112911827326
5000,1.39636836106,1.40604752413,1.40119958494,0.00156437165655
5000,1.40604752413,1.41579377996,1.41091223646,0.000659786667566
5000,1.41579377996,1.4256075936,1.42069221286,0.000504637355817
5000,1.4256075936,1.43548943335,1.43053998082,0.00150829466433
5000,1.43548943335,1.44543977075,1.44045601025,0.00148564760828
5000,1.44543977075,1.45545908058,1.4504407743,0.00169638289282
5000,1.45545908058,1.46554784096,1.46049474944,0.0015392205081
5000,1.46554784096,1.47570653328,1.4706184154,0.00117965635879
5000,1.47570653328,1.48593564229,1.48081225527,0.00151101184836
5000,1.48593564229,1.49623565609,1.49107675545,0.00175730543198
5000,1.49623565609,1.50660706619,1.50141240575,0.00145924265407
5000,1.50660706619,1.51705036746,1.51181969936,0.00120573223602
5000,1.51705036746,1.52756605824,1.52229913288,0.00127585755301
5000,1.52756605824,1.5381546403,1.53285120636,0.000858579701374
5000,1.5381546403,1.54881661891,1.54347642332,0.00139322854851
5000,1.54881661891,1.55955250283,1.55417529077,0.00102805294881
5000,1.55955250283,1.57036280433,1.56494831922,0.00235121321118
5000,1.57036280433,1.58124803927,1.57579602274,0.00143453264928
5000,1.58124803927,1.59220872705,1.58671891895,0.0017169874105
5000,1.59220872705,1.60324539069,1.59771752906,0.00156536154279
5000,1.60324539069,1.61435855683,1.60879237789,0.00131321474026
5000,1.61435855683,1.62554875575,1.6199439939,0.00105589649734
5000,1.62554875575,1.63681652143,1.63117290923,0.00108799015005
5000,1.63681652143,1.64816239153,1.64247965967,0.00123400361678
5000,1.64816239153,1.65958690744,1.65386478477,0.0018484715688
5000,1.65958690744,1.67109061431,1.66532882779,0.00122073134607
5000,1.67109061431,1.68267406107,1.67687233575,0.00105006053263
5000,1.68267406107,1.69433780045,1.68849585949,0.0010764108834
5000,1.69433780045,1.706082389,1.70019995364,0.00162225522079
5000,1.706082389,1.71790838716,1.7119851767,0.000861881011583
5000,1.71790838716,1.72981635922,1.72385209103,0.00130852978156
5000,1.72981635922,1.74180687339,1.73580126287,0.00224290142217
5000,1.74180687339,1.75388050184,1.74783326242,0.00139203179914
5000,1.75388050184,1.76603782069,1.7599486638,0.00129212243864
5000,1.76603782069,1.77827941004,1.77214804514,0.00135040271074
5000,1.77827941004,1.79060585404,1.78443198854,0.0011779995489
5000,1.79060585404,1.80301774086,1.79680108017,0.000825929886468
5000,1.80301774086,1.81551566277,1.80925591025,0.00160835467599
5000,1.81551566277,1.82810021614,1.82179707309,0.00167269834051
5000,1.82810021614,1.84077200147,1.83442516712,0.00133700077347
5000,1.84077200147,1.85353162341,1.84714079491,0.00110353262933
5000,1.85353162341,1.86637969083,1.85994456322,0.00107199198191
5000,1.86637969083,1.8793168168,1.87283708302,0.00123040269999
5000,1.8793168168,1.89234361864,1.88581896949,0.000864599541833
5000,1.89234361864,1.90546071796,1.8988908421,0.00140851482356
5000,1.90546071796,1.91866874067,1.9120533246,0.00121556525998
5000,1.91866874067,1.93196831702,1.92530704508,0.0011957578501
5000,1.93196831702,1.94536008162,1.93865263595,0.00152558342865
5000,1.94536008162,1.95884467351,1.95209073404,0.00135126965459
5000,1.95884467351,1.97242273611,1.96562198058,0.00144511366527
5000,1.97242273611,1.98609491736,1.97924702124,0.00118187233802
5000,1.98609491736,1.99986186963,1.99296650616,0.00151738419035
5000,1.99986186963,2.01372424986,2.00678109002,0.00160975632162
5000,2.01372424986,2.02768271952,2.02069143199,0.00106354233132
5000,2.02768271952,2.04173794467,2.03469819585,0.00121734874724
5000,2.04173794467,2.05589059598,2.04880204996,0.00093780924355
5000,2.05589059598,2.07014134879,2.06300366731,0.00200899144694
5000,2.07014134879,2.0844908831,2.07730372557,0.000908258864104
5000,2.0844908831,2.09893988362,2.0917029071,0.000893394225109
5000,2.09893988362,2.11348903984,2.10620189899,0.00149697742986
5000,2.11348903984,2.12813904598,2.12080139309,0.00102378868973
5000,2.12813904598,2.14289060112,2.13550208605,0.00146343001939
5000,2.14289060112,2.15774440915,2.15030467934,0.00146779452036
5000,2.15774440915,2.17270117886,2.16520987931,0.00167675364765
5000,2.17270117886,2.18776162395,2.18021839719,0.00161414264438
5000,2.18776162395,2.20292646305,2.19533094914,0.00116585322233
5000,2.20292646305,2.2181964198,2.2105482563,0.00162715973897
5000,2.2181964198,2.23357222283,2.22587104479,0.0010542610929
5000,2.23357222283,2.24905460584,2.24130004578,0.00113082038583
5000,2.24905460584,2.26464430759,2.2568359955,0.00166910428349
5000,2.26464430759,2.280342072,2.27247963527,0.00107527360643
5000,2.280342072,2.29614864811,2.28823171158,0.00110920047214
5000,2.29614864811,2.31206479018,2.30409297606,0.00127368951476
5000,2.31206479018,2.32809125767,2.32006418557,0.00123495022038
5000,2.32809125767,2.34422881532,2.33614610222,0.00130717305836
5000,2.34422881532,2.36047823318,2.35233949339,0.00141647829016
5000,2.36047823318,2.37684028662,2.36864513178,0.00107937263064
5000,2.37684028662,2.39331575641,2.38506379547,0.00150193094856
5000,2.39331575641,2.40990542869,2.40159626789,0.00188854556785
5000,2.40990542869,2.42661009508,2.41824333793,0.000821868165587
5000,2.42661009508,2.44343055269,2.43500579995,0.00117027612944
5000,2.44343055269,2.46036760415,2.45188445381,0.00117815119711
5000,2.46036760415,2.47742205763,2.46888010491,0.001505100187
5000,2.47742205763,2.49459472694,2.48599356423,0.00204555150083
5000,2.49459472694,2.51188643151,2.50322564838,0.000950322098115
5000,2.51188643151,2.52929799645,2.52057717964,0.00112003700131
5000,2.52929799645,2.54683025259,2.53804898596,0.00154235584334
5000,2.54683025259,2.56448403652,2.55564190106,0.00144973115866
5000,2.56448403652,2.58226019063,2.57335676443,0.00137239858088
5000,2.58226019063,2.60015956317,2.59119442135,0.000907580498277
5000,2.60015956317,2.61818300822,2.60915572301,0.00113905627411
5000,2.61818300822,2.63633138583,2.62724152647,0.00118059926611
5000,2.63633138583,2.65460556198,2.64545269472,0.00126810455871
5000,2.65460556198,2.67300640866,2.66379009677,0.00102093064265
5000,2.67300640866,2.69153480393,2.68225460761,0.00143531119709
5000,2.69153480393,2.71019163189,2.70084710832,0.00143467833778
5000,2.71019163189,2.72897778281,2.7195684861,0.000562746381311
5000,2.72897778281,2.7478941531,2.73841963426,0.000980225793342
5000,2.7478941531,2.76694164541,2.75740145235,0.00124740424928
5000,2.76694164541,2.78612116863,2.77651484611,0.000880698380521
5000,2.78612116863,2.80543363795,2.79576072758,0.00133212263981
5000,2.80543363795,2.82487997492,2.81514001513,0.00144880684237
5000,2.82487997492,2.84446110745,2.83465363349,0.0010586398708
5000,2.84446110745,2.86417796991,2.85430251379,0.00158761358239
5000,2.86417796991,2.88403150313,2.87408759362,0.00120274350604
5000,2.88403150313,2.90402265446,2.89400981707,0.00192252839244
5000,2.90402265446,2.92415237784,2.91407013477,0.00105366512197
5000,2.92415237784,2.9444216338,2.93426950396,0.00091771603226
5000,2.9444216338,2.96483138952,2.95460888848,0.00187551547929
5000,2.96483138952,2.98538261892,2.97508925888,0.000990072663294
5000,2.98538261892,3.00607630263,2.99571159243,0.00153668474537
5000,3.00607630263,3.0269134281,3.01647687316,0.00148378871617
5000,3.0269134281,3.04789498963,3.03738609195,0.00196761627384
5000,3.04789498963,3.06902198839,3.05844024651,0.00131383808117
5000,3.06902198839,3.09029543251,3.0796403415,0.00214800485774
5000,3.09029543251,3.11171633711,3.10098738853,0.0018677529022
5000,3.11171633711,3.13328572432,3.12248240622,0.000955870131019
5000,3.13328572432,3.15500462337,3.14412642026,0.00109372623011
5000,3.15500462337,3.17687407065,3.16592046343,0.000938734657612
5000,3.17687407065,3.19889510969,3.1878655757,0.00125608910968
5000,3.19889510969,3.22106879128,3.20996280421,0.000979406978524
5000,3.22106879128,3.24339617349,3.2322132034,0.000948875222555
5000,3.24339617349,3.26587832172,3.25461783498,0.00135882825835
5000,3.26587832172,3.28851630876,3.27717776805,0.00168160689767
5000,3.28851630876,3.31131121483,3.29989407911,0.00111363938587
5000,3.31131121483,3.33426412763,3.32276785211,0.00139127029785
5000,3.33426412763,3.35737614243,3.34580017853,0.00188735261887
5000,3.35737614243,3.38064836206,3.36899215741,0.00126278173956
5000,3.38064836206,3.40408189701,3.39234489541,0.00163514660837
5000,3.40408189701,3.42767786546,3.41585950686,0.00156390565902
5000,3.42767786546,3.45143739336,3.43953711381,0.00152365050468
5000,3.45143739336,3.47536161443,3.46337884608,0.0015719901937
5000,3.47536161443,3.49945167028,3.48738584135,0.00177993110111
5000,3.49945167028,3.52370871042,3.51155924516,0.00119603436167
5000,3.52370871042,3.54813389234,3.535900211,0.00119282251919
5000,3.54813389234,3.57272838152,3.56040990036,0.0019329633319
5000,3.57272838152,3.59749335156,3.58508948277,0.000787870806882
5000,3.59749335156,3.62242998417,3.60994013586,0.00191572934133
5000,3.62242998417,3.64753946926,3.63496304546,0.00146587178454
5000,3.64753946926,3.67282300498,3.66015940558,0.00123644649868
5000,3.67282300498,3.6982817978,3.68553041852,0.0018113389344
5000,3.6982817978,3.72391706255,3.71107729493,0.0013210433799
5000,3.72391706255,3.74973002245,3.73680125382,0.0016460305086
5000,3.74973002245,3.77572190925,3.76270352268,0.00130918486322
5000,3.77572190925,3.80189396321,3.78878533748,0.00140789077377
5000,3.80189396321,3.82824743317,3.81504794279,0.00151645529322
5000,3.82824743317,3.85478357666,3.84149259179,0.0015280084721
5000,3.85478357666,3.88150365991,3.86812054633,0.00125740716185
5000,3.88150365991,3.90840895792,3.89493307704,0.00154437529371
5000,3.90840895792,3.93550075456,3.92193146333,0.00159562475274
5000,3.93550075456,3.96278034255,3.94911699349,0.00115188423525
5000,3.96278034255,3.99024902362,3.97649096475,0.000729814935007
5000,3.99024902362,4.01790810849,4.00405468331,0.00170554923665
5000,4.01790810849,4.04575891697,4.03180946443,0.00101128326826
5000,4.04575891697,4.07380277804,4.05975663252,0.00118611777658
5000,4.07380277804,4.10204102987,4.08789752111,0.000828034525737
5000,4.10204102987,4.1304750199,4.11623347303,0.00162777121957
5000,4.1304750199,4.15910610494,4.14476584038,0.000780486358926
5000,4.15910610494,4.18793565118,4.17349598465,0.000811461610288
5000,4.18793565118,4.21696503429,4.20242527677,0.00206663194733
5000,4.21696503429,4.24619563946,4.23155509717,0.00150237732974
5000,4.24619563946,4.27562886152,4.26088683583,0.00177562830235
5000,4.27562886152,4.30526610492,4.29042189239,0.00141374915902
5000,4.30526610492,4.33510878388,4.32016167618,0.00144349022909
5000,4.33510878388,4.3651583224,4.35010760631,0.00115863419235
5000,4.3651583224,4.39541615438,4.3802611117,0.00123170269667
5000,4.39541615438,4.42588372363,4.41062363121,0.00214427381938
5000,4.42588372363,4.45656248398,4.44119661366,0.0014693392278
5000,4.45656248398,4.48745389933,4.47198151789,0.00206057814092
5000,4.48745389933,4.51855944375,4.50297981288,0.00163985713863
5000,4.51855944375,4.5498806015,4.53419297779,0.0019943637777
5000,4.5498806015,4.58141886715,4.56562250202,0.000887043700867
5000,4.58141886715,4.6131757456,4.59726988531,0.00151148437561
5000,4.6131757456,4.64515275223,4.62913663778,0.00148628967402
5000,4.64515275223,4.67735141287,4.66122428002,0.00154251250379
5000,4.67735141287,4.70977326397,4.69353434317,0.0012972903326
5000,4.70977326397,4.7424198526,4.72606836898,0.00215003099743
5000,4.7424198526,4.77529273658,4.75882790989,0.00151889985846
5000,4.77529273658,4.8083934845,4.79181452908,0.00132717939182
5000,4.8083934845,4.84172367584,4.8250298006,0.000887429819214
5000,4.84172367584,4.87528490103,4.85847530937,0.0012906964014
5000,4.87528490103,4.90907876153,4.89215265134,0.00211642594114
5000,4.90907876153,4.94310686987,4.9260634335,0.00135963019623
5000,4.94310686987,4.97737084979,4.96020927396,0.00161623394299
5000,4.97737084979,5.01187233627,4.99459180208,0.00162702091039
5000,5.01187233627,5.04661297564,5.0292126585,0.0014288735175
5000,5.04661297564,5.08159442561,5.06407349524,0.0014820868895
5000,5.08159442561,5.1168183554,5.09917597575,0.0016056891335
5000,5.1168183554,5.15228644582,5.13452177503,0.0013276328804
5000,5.15228644582,5.18800038929,5.17011257969,0.00149631326532
5000,5.18800038929,5.22396188999,5.20595008802,0.00189779909999
5000,5.22396188999,5.26017266391,5.24203601008,0.00110311729059
5000,5.26017266391,5.29663443892,5.27837206782,0.00166214997653
5000,5.29663443892,5.33334895488,5.31495999507,0.00135115001657
5000,5.33334895488,5.3703179637,5.35180153771,0.00177120506505
5000,5.3703179637,5.40754322946,5.38889845373,0.00210806550851
5000,5.40754322946,5.44502652842,5.42625251329,0.00120327240787
5000,5.44502652842,5.48276964921,5.46386549882,0.00166234390173
5000,5.48276964921,5.52077439281,5.50173920511,0.00125321574458
5000,5.52077439281,5.5590425727,5.53987543939,0.00179239732526
5000,5.5590425727,5.59757601495,5.57827602141,0.00123389731575
5000,5.59757601495,5.63637655826,5.61694278356,0.00217792219847
5000,5.63637655826,5.67544605409,5.65587757089,0.00158496655654
5000,5.67544605409,5.71478636672,5.69508224128,0.00161630714237
5000,5.71478636672,5.75439937337,5.73455866546,0.00148042554559
5000,5.75439937337,5.79428696427,5.77430872714,0.0017675493923
5000,5.79428696427,5.83445104274,5.81433432308,0.00167295630398
5000,5.83445104274,5.8748935253,5.85463736321,0.0019463252203
5000,5.8748935253,5.91561634175,5.89521977065,0.00212087651281
5000,5.91561634175,5.95662143529,5.93608348191,0.00147112726351
5000,5.95662143529,5.99791076256,5.97723044689,0.00134158904745
5000,5.99791076256,6.03948629376,6.018662629,0.00200937103953
5000,6.03948629376,6.08135001279,6.06038200527,0.00168306638564
5000,6.08135001279,6.12350391725,6.10239056645,0.00144949409321
5000,6.12350391725,6.16595001861,6.14469031706,0.00168802068928
5000,6.16595001861,6.2086903423,6.18728327553,0.0017215897649
5000,6.2086903423,6.25172692776,6.23017147429,0.00143963981348
5000,6.25172692776,6.29506182857,6.27335695984,0.00216384038864
5000,6.29506182857,6.33869711257,6.31684179288,0.00162615203009
5000,6.33869711257,6.38263486191,6.36062804837,0.0015030759328
5000,6.38263486191,6.42687717317,6.40471781569,0.00162277281904
5000,6.42687717317,6.47142615749,6.44911319868,0.0013638570404
5000,6.47142615749,6.51628394061,6.49381631576,0.00144414408356
5000,6.51628394061,6.56145266303,6.53882930005,0.00194468157669
5000,6.56145266303,6.60693448008,6.58415429943,0.00117652536632
5000,6.60693448008,6.65273156202,6.62979347671,0.00223136788404
5000,6.65273156202,6.69884609417,6.67574900964,0.00185346205143
5000,6.69884609417,6.74528027698,6.72202309112,0.00122496880829
5000,6.74528027698,6.79203632617,6.7686179292,0.00114326277612
5000,6.79203632617,6.83911647281,6.81553574727,0.00152578889603
5000,6.83911647281,6.88652296344,6.86277878411,0.00196759085546
5000,6.88652296344,6.93425806017,6.91034929405,0.00202021868276
5000,6.93425806017,6.98232404077,6.95824954701,0.00221046176716
5000,6.98232404077,7.03072319884,7.00648182865,0.00176837002366
5000,7.03072319884,7.07945784384,7.05504844051,0.00172988220215
5000,7.07945784384,7.12853030127,7.10395170003,0.00229575656299
5000,7.12853030127,7.17794291271,7.15319394075,0.00162171550551
5000,7.17794291271,7.22769803602,7.20277751238,0.00176426675652
5000,7.22769803602,7.27779804537,7.25270478091,0.00215075953783
5000,7.27779804537,7.32824533139,7.30297812873,0.00195042209432
5000,7.32824533139,7.37904230129,7.35359995475,0.00235130449338
5000,7.37904230129,7.43019137897,7.40457267451,0.00207565579921
5000,7.43019137897,7.48169500511,7.45589872028,0.00218191455287
5000,7.48169500511,7.53355563734,7.5075805412,0.00246464878006
5000,7.53355563734,7.58577575029,7.55962060339,0.00175963536689
5000,7.58577575029,7.63835783578,7.61202139006,0.00245645239191
5000,7.63835783578,7.69130440287,7.66478540163,0.00219058075043
5000,7.69130440287,7.74461797803,7.71791515585,0.00195675524618
5000,7.74461797803,7.79830110523,7.77141318794,0.00214701712325
5000,7.79830110523,7.8523563461,7.82528205067,0.00219682187524
5000,7.8523563461,7.90678628,7.87952431451,0.00190948711934
5000,7.90678628,7.96159350417,7.93414256777,0.00320128436506
5000,7.96159350417,8.01678063388,7.98913941667,0.00226038935836
5000,8.01678063388,8.07235030249,8.04451748552,0.00181463532298
5000,8.07235030249,8.12830516164,8.1002794168,0.00176195935632
5000,8.12830516164,8.18464788135,8.15642787133,0.00194785577238
5000,8.18464788135,8.24138115013,8.21296552835,0.00143820646529
5000,8.24138115013,8.29850767514,8.26989508568,0.00228722359159
5000,8.29850767514,8.35603018231,8.32721925985,0.00176452194753
5000,8.35603018231,8.41395141645,8.38494078622,0.00181279562033
5000,8.41395141645,8.47227414141,8.44306241909,0.00293212426416
5000,8.47227414141,8.53100114018,8.50158693187,0.00175867546416
5000,8.53100114018,8.59013521505,8.5605171172,0.00174774251881
5000,8.59013521505,8.64967918776,8.61985578706,0.00178583331012
5000,8.64967918776,8.70963589956,8.67960577292,0.00366900855426
5000,8.70963589956,8.77000821144,8.73976992591,0.00198925258129
5000,8.77000821144,8.83079900419,8.80035111687,0.00217987189383
5000,8.83079900419,8.89201117858,8.86135223659,0.0029808047821
5000,8.89201117858,8.9536476555,8.92277619588,0.00219029441913
5000,8.9536476555,9.01571137606,8.98462592571,0.00252183257082
5000,9.01571137606,9.07820530178,9.04690437738,0.00200383067571
5000,9.07820530178,9.1411324147,9.10961452266,0.00268953867592
5000,9.1411324147,9.20449571753,9.1727593539,0.00188395966733
5000,9.20449571753,9.26829823379,9.2363418842,0.00297960151841
5000,9.26829823379,9.33254300797,9.30036514754,0.00195126507043
5000,9.33254300797,9.39723310565,9.36483219894,0.00231344770343
5000,9.39723310565,9.46237161366,9.4297461146,0.00340555288514
5000,9.46237161366,9.52796164024,9.49510999202,0.00192646320124
5000,9.52796164024,9.59400631516,9.5609269502,0.0020256746704
5000,9.59400631516,9.6605087899,9.62720012973,0.00212031274717
5000,9.6605087899,9.72747223777,9.693932693,0.00221619050033
5000,9.72747223777,9.79489985409,9.7611278243,0.00199777860677
5000,9.79489985409,9.86279485631,9.82878873,0.00218860567124
5000,9.86279485631,9.93116048421,9.89691863869,0.00187966228977
5000,9.93116048421,10,9.96552080135,4.1171647354
5200,0.01,0.0100693166885,0.0100345984915,0
5200,0.0100693166885,0.0101391138574,0.0101041550053,0
5200,0.0101391138574,0.0102093948371,0.0101741936618,0
5200,0.0102093948371,0.0102801629813,0.0102447178031,0
5200,0.0102801629813,0.0103514216668,0.0103157307944,0
5200,0.0103514216668,0.0104231742939,0.0103872360242,0
5200,0.0104231742939,0.0104954242865,0.0104592369046,0
5200,0.0104954242865,0.0105681750921,0.0105317368713,0
5200,0.0105681750921,0.0106414301822,0.0106047393837,0
5200,0.0106414301822,0.0107151930524,0.0106782479254,0
5200,0.0107151930524,0.0107894672223,0.0107522660039,0
5200,0.0107894672223,0.0108642562362,0.0108267971513,0
5200,0.0108642562362,0.0109395636627,0.0109018449239,0
5200,0.0109395636627,0.0110153930954,0.0109774129027,0
5200,0.0110153930954,0.0110917481526,0.0110535046938,0
5200,0.0110917481526,0.0111686324778,0.011130123928,0
5200,0.0111686324778,0.0112460497397,0.0112072742614,0
5200,0.0112460497397,0.0113240036324,0.0112849593753,0
5200,0.0113240036324,0.0114024978756,0.0113631829767,0
5200,0.0114024978756,0.011481536215,0.0114419487982,0
5200,0.011481536215,0.0115611224219,0.0115212605983,0
5200,0.0115611224219,0.0116412602941,0.0116011221615,0
5200,0.0116412602941,0.0117219536555,0.0116815372986,0
5200,0.0117219536555,0.0118032063565,0.0117625098468,0
5200,0.0118032063565,0.0118850222744,0.01184404367,0
5200,0.0118850222744,0.0119674053131,0.0119261426586,0
5200,0.0119674053131,0.0120503594037,0.0120088107301,0
5200,0.0120503594037,0.0121338885046,0.0120920518294,0
5200,0.0121338885046,0.0122179966016,0.0121758699285,0
5200,0.0122179966016,0.0123026877081,0.0122602690268,0
5200,0.0123026877081,0.0123879658653,0.0123452531517,0
5200,0.0123879658653,0.0124738351424,0.0124308263584,0
5200,0.0124738351424,0.0125602996369,0.0125169927303,0
5200,0.0125602996369,0.0126473634747,0.0126037563789,0
5200,0.0126473634747,0.0127350308102,0.0126911214445,0
5200,0.0127350308102,0.0128233058266,0.0127790920957,0
5200,0.0128233058266,0.0129121927361,0.0128676725303,0
5200,0.0129121927361,0.0130016957803,0.0129568669752,0
5200,0.0130016957803,0.01309181923,0.0130466796864,0
5200,0.01309181923,0.0131825673856,0.0131371149496,0
5200,0.0131825673856,0.0132739445773,0.0132281770801,0
5200,0.0132739445773,0.0133659551655,0.0133198704231,0
5200,0.0133659551655,0.0134586035406,0.0134121993541,0
5200,0.0134586035406,0.0135518941235,0.0135051682786,0
5200,0.0135518941235,0.0136458313659,0.0135987816328,0
5200,0.0136458313659,0.0137404197501,0.0136930438839,0
5200,0.0137404197501,0.0138356637897,0.0137879595297,0
5200,0.0138356637897,0.0139315680295,0.0138835330993,0
5200,0.0139315680295,0.0140281370456,0.0139797691532,0
5200,0.0140281370456,0.0141253754462,0.0140766722836,0
5200,0.0141253754462,0.0142232878712,0.0141742471144,0
5200,0.0142232878712,0.0143218789927,0.0142724983016,0
5200,0.0143218789927,0.0144211535152,0.0143714305336,0
5200,0.0144211535152,0.0145211161759,0.0144710485309,0
5200,0.0145211161759,0.0146217717446,0.0145713570473,0
5200,0.0146217717446,0.0147231250243,0.0146723608691,0
5200,0.0147231250243,0.0148251808515,0.0147740648159,0
5200,0.0148251808515,0.0149279440958,0.0148764737408,0
5200,0.0149279440958,0.0150314196609,0.0149795925304,0
5200,0.0150314196609,0.0151356124844,0.0150834261054,0
5200,0.0151356124844,0.015240527538,0.0151879794203,0
5200,0.015240527538,0.015346169828,0.0152932574642,0
5200,0.015346169828,0.0154525443954,0.0153992652606,0
5200,0.0154525443954,0.0155596563161,0.0155060078679,0
5200,0.0155596563161,0.0156675107011,0.0156134903797,0
5200,0.0156675107011,0.015776112697,0.0157217179246,0
5200,0.015776112697,0.015885467486,0.0158306956671,0
5200,0.015885467486,0.0159955802861,0.0159404288071,0
5200,0.0159955802861,0.0161064563518,0.016050922581,0
5200,0.0161064563518,0.0162181009736,0.0161621822611,0
5200,0.0162181009736,0.0163305194789,0.0162742131564,0
5200,0.0163305194789,0.0164437172321,0.0163870206128,0
5200,0.0164437172321,0.0165576996347,0.0165006100132,0
5200,0.0165576996347,0.0166724721255,0.0166149867777,0
5200,0.0166724721255,0.0167880401812,0.016730156364,0
5200,0.0167880401812,0.0169044093164,0.0168461242677,0
5200,0.0169044093164,0.0170215850839,0.0169628960226,0
5200,0.0170215850839,0.0171395730751,0.0170804772006,0
5200,0.0171395730751,0.0172583789199,0.0171988734124,0
5200,0.0172583789199,0.0173780082875,0.0173180903075,0
5200,0.0173780082875,0.0174984668862,0.0174381335747,0
5200,0.0174984668862,0.0176197604641,0.017559008942,0
5200,0.0176197604641,0.0177418948089,0.0176807221773,0
5200,0.0177418948089,0.0178648757485,0.0178032790885,0
5200,0.0178648757485,0.0179887091513,0.0179266855237,0
5200,0.0179887091513,0.0181134009262,0.0180509473713,0
5200,0.0181134009262,0.0182389570232,0.018176070561,0
5200,0.0182389570232,0.0183653834335,0.0183020610631,0
5200,0.0183653834335,0.0184926861898,0.0184289248897,0
5200,0.0184926861898,0.0186208713666,0.0185566680943,0
5200,0.0186208713666,0.0187499450807,0.0186852967726,0
5200,0.0187499450807,0.018879913491,0.0188148170622,0
5200,0.018879913491,0.0190107827992,0.0189452351436,0
5200,0.0190107827992,0.0191425592502,0.0190765572399,0
5200,0.0191425592502,0.0192752491319,0.0192087896175,0
5200,0.0192752491319,0.0194088587759,0.0193419385862,0
5200,0.0194088587759,0.0195433945578,0.0194760104994,0
5200,0.0195433945578,0.0196788628971,0.0196110117548,0
5200,0.0196788628971,0.0198152702581,0.0197469487941,0
5200,0.0198152702581,0.0199526231497,0.019883828104,0
5200,0.0199526231497,0.0200909281261,0.0200216562159,0
5200,0.0200909281261,0.0202301917868,0.0201604397066,0
5200,0.0202301917868,0.0203704207771,0.0203001851986,0
5200,0.0203704207771,0.0205116217883,0.02044089936,0
5200,0.0205116217883,0.0206538015581,0.0205825889054,0
5200,0.0206538015581,0.020796966871,0.0207252605958,0
5200,0.020796966871,0.0209411245585,0.0208689212391,0
5200,0.0209411245585,0.0210862814993,0.0210135776905,0
5200,0.0210862814993,0.02123244462,0.0211592368524,0
5200,0.02123244462,0.021379620895,0.0213059056754,0
5200,0.021379620895,0.0215278173472,0.0214535911582,0
5200,0.0215278173472,0.0216770410482,0.0216023003477,0
5200,0.0216770410482,0.0218272991184,0.0217520403402,0
5200,0.0218272991184,0.0219785987278,0.0219028182807,0
5200,0.0219785987278,0.0221309470961,0.0220546413639,0
5200,0.0221309470961,0.0222843514927,0.0222075168345,0
5200,0.0222843514927,0.0224388192378,0.0223614519872,0
5200,0.0224388192378,0.0225943577022,0.0225164541674,0
5200,0.0225943577022,0.0227509743077,0.0226725307715,0
5200,0.0227509743077,0.0229086765277,0.0228296892468,0
5200,0.0229086765277,0.0230674718872,0.0229879370926,0
5200,0.0230674718872,0.0232273679636,0.0231472818602,0
5200,0.0232273679636,0.0233883723866,0.0233077311528,0
5200,0.0233883723866,0.023550492839,0.0234692926269,0
5200,0.023550492839,0.0237137370566,0.0236319739915,0
5200,0.0237137370566,0.0238781128291,0.0237957830096,0
5200,0.0238781128291,0.0240436280001,0.0239607274975,0
5200,0.0240436280001,0.0242102904674,0.0241268153259,0
5200,0.0242102904674,0.0243781081837,0.0242940544202,0
5200,0.0243781081837,0.0245470891569,0.0244624527605,0
5200,0.0245470891569,0.0247172414502,0.0246320183824,0
5200,0.0247172414502,0.0248885731828,0.0248027593769,0
5200,0.0248885731828,0.0250610925303,0.0249746838915,0
5200,0.0250610925303,0.0252348077248,0.02514780013,0
5200,0.0252348077248,0.0254097270555,0.0253221163528,0
5200,0.0254097270555,0.0255858588691,0.025497640878,0
5200,0.0255858588691,0.02576321157,0.0256743820811,0
5200,0.02576321157,0.0259417936212,0.0258523483956,9.79371141243e-06
5200,0.0259417936212,0.026121613544,0.0260315483137,0
5200,0.026121613544,0.026302679919,0.0262119903864,0
5200,0.026302679919,0.0264850013861,0.0263936832237,5.06256909313e-05
5200,0.0264850013861,0.0266685866452,0.0265766354955,0
5200,0.0266685866452,0.0268534444566,0.026760855932,0
5200,0.0268534444566,0.0270395836411,0.0269463533235,0
5200,0.0270395836411,0.0272270130808,0.0271331365215,0
5200,0.0272270130808,0.0274157417193,0.0273212144388,0
5200,0.0274157417193,0.0276057785622,0.0275105960499,1.47950151441e-05
5200,0.0276057785622,0.0277971326776,0.0277012903916,0
5200,0.0277971326776,0.0279898131963,0.0278933065634,0
5200,0.0279898131963,0.0281838293126,0.0280866537277,0
5200,0.0281838293126,0.0283791902844,0.0282813411105,0
5200,0.0283791902844,0.0285759054337,0.0284773780017,3.94969061953e-05
5200,0.0285759054337,0.0287739841474,0.0286747737558,0
5200,0.0287739841474,0.028973435877,0.0288735377919,0
5200,0.028973435877,0.02917427014,0.0290736795944,0
5200,0.02917427014,0.0293764965196,0.0292752087137,0
5200,0.0293764965196,0.0295801246655,0.0294781347661,2.97285226371e-05
5200,0.0295801246655,0.0297851642943,0.0296824674346,5.08862026841e-05
5200,0.0297851642943,0.0299916251899,0.0298882164696,3.59890322319e-05
5200,0.0299916251899,0.030199517204,0.0300953916887,0
5200,0.030199517204,0.0304088502568,0.0303040029779,0
5200,0.0304088502568,0.0306196343369,0.0305140602914,2.5009854774e-05
5200,0.0306196343369,0.0308318795025,0.0307255736527,5.83628557919e-05
5200,0.0308318795025,0.0310455958813,0.0309385531545,7.11407506354e-05
5200,0.0310455958813,0.0312607936712,0.0311530089597,3.585305115e-05
5200,0.0312607936712,0.031477483141,0.0313689513016,0
5200,0.031477483141,0.0316956746304,0.0315863904842,0
5200,0.0316956746304,0.031915378551,0.0318053368833,1.43718990464e-05
5200,0.031915378551,0.0321366053864,0.0320258009463,4.20726313234e-05
5200,0.0321366053864,0.032359365693,0.0322477931932,5.77247553161e-06
5200,0.032359365693,0.0325836701002,0.0324713242168,0
5200,0.0325836701002,0.0328095293113,0.0326964046834,0.00029705143464
5200,0.0328095293113,0.0330369541037,0.0329230453333,3.31211725888e-05
5200,0.0330369541037,0.0332659553294,0.0331512569812,0.000200875690078
5200,0.0332659553294,0.0334965439158,0.0333810505166,4.17636437493e-05
5200,0.0334965439158,0.0337287308659,0.0336124369047,6.77193036469e-05
5200,0.0337287308659,0.033962527259,0.0338454271866,0.000243012649682
5200,0.033962527259,0.0341979442514,0.03408003248,7.4849800234e-05
5200,0.0341979442514,0.0344349930763,0.0343162639796,5.95014866751e-05
5200,0.0344349930763,0.0346736850453,0.0345541329578,0.000199997843805
5200,0.0346736850453,0.0349140315479,0.0347936507649,0.000222086384378
5200,0.0349140315479,0.0351560440528,0.0350348288302,0.000117790348336
5200,0.0351560440528,0.0353997341083,0.0352776786619,4.44103714687e-06
5200,0.0353997341083,0.0356451133426,0.0355222118482,3.7821207982e-05
5200,0.0356451133426,0.0358921934645,0.0357684400576,4.83301501014e-05
5200,0.0358921934645,0.036140986264,0.0360163750395,0.000246127605006
5200,0.036140986264,0.0363915036127,0.0362660286245,0.000241262567449
5200,0.0363915036127,0.0366437574648,0.0365174127255,0
5200,0.0366437574648,0.036897759857,0.0367705393378,0.000225399649022
5200,0.036897759857,0.0371535229097,0.03702542054,0.000163590097484
5200,0.0371535229097,0.0374110588272,0.0372820684943,0.000104682536581
5200,0.0374110588272,0.0376703798984,0.0375404954472,0.000319345290162
5200,0.0376703798984,0.0379314984974,0.0378007137302,7.50375390984e-05
5200,0.0379314984974,0.038194427084,0.0380627357601,0.000233471857195
5200,0.038194427084,0.0384591782045,0.03832657404,0.000128247824701
5200,0.0384591782045,0.0387257644922,0.0385922411595,0.000457480774592
5200,0.0387257644922,0.0389941986677,0.0388597497954,0.000360132707316
5200,0.0389941986677,0.03926449354,0.0391291127127,1.81333990288e-05
5200,0.03926449354,0.0395366620068,0.0394003427645,0.000409620242531
5200,0.0395366620068,0.0398107170553,0.0396734528932,8.48561297656e-05
5200,0.0398107170553,0.0400866717627,0.0399484561308,0.00047560700795
5200,0.0400866717627,0.0403645392968,0.0402253655999,0.000200260360797
5200,0.0403645392968,0.0406443329165,0.0405041945136,9.46635086277e-05
5200,0.0406443329165,0.040926065973,0.0407849561771,0.000274798377509
5200,0.040926065973,0.0412097519097,0.0410676639875,0.000508016816124
5200,0.0412097519097,0.0414954042634,0.0413523314348,0.000350653506157
5200,0.0414954042634,0.0417830366647,0.0416389721025,0.000172028104779
5200,0.0417830366647,0.0420726628384,0.0419275996685,0.000237570214281
5200,0.0420726628384,0.042364296605,0.0422182279051,0.000200440135052
5200,0.042364296605,0.0426579518802,0.0425108706805,0.000745152992154
5200,0.0426579518802,0.0429536426765,0.0428055419586,0.000239408205459
5200,0.0429536426765,0.0432513831035,0.0431022558005,0.000366045086843
5200,0.0432513831035,0.0435511873686,0.0434010263645,0.000838288218293
5200,0.0435511873686,0.0438530697775,0.0437018679071,0.000585734774915
5200,0.0438530697775,0.0441570447353,0.0440047947836,0.000413367462261
5200,0.0441570447353,0.0444631267469,0.0443098214489,0.000490344886719
5200,0.0444631267469,0.0447713304176,0.0446169624581,0.000575139161656
5200,0.0447713304176,0.0450816704541,0.044926232467,0.000316499700517
5200,0.0450816704541,0.045394161665,0.0452376462332,0.000189665810079
5200,0.045394161665,0.0457088189615,0.0455512186166,0.000538662799225
5200,0.0457088189615,0.0460256573581,0.0458669645798,0.000697704967503
5200,0.0460256573581,0.0463446919736,0.0461848991895,0.000361108252813
5200,0.0463446919736,0.0466659380314,0.0465050376167,0.00063211847773
5200,0.0466659380314,0.0469894108605,0.0468273951374,0.000720705070767
5200,0.0469894108605,0.0473151258961,0.0471519871336,0.000375739297356
5200,0.0473151258961,0.0476430986805,0.0474788290942,0.000780669886472
5200,0.0476430986805,0.0479733448637,0.0478079366149,0.000771188609732
5200,0.0479733448637,0.048305880204,0.0481393254,0.000767581038818
5200,0.048305880204,0.0486407205691,0.0484730112624,0.00100296389248
5200,0.0486407205691,0.0489778819368,0.0488090101248,0.00117518926315
5200,0.0489778819368,0.0493173803955,0.0491473380199,0.000273407736688
5200,0.0493173803955,0.049659232145,0.049488011092,0.00105133324623
5200,0.049659232145,0.0500034534977,0.0498310455971,0.000819671293771
5200,0.0500034534977,0.0503500608788,0.0501764579037,0.000925713505388
5200,0.0503500608788,0.0506990708275,0.050524264494,0.00119829526005
5200,0.0506990708275,0.0510504999975,0.0508744819645,0.000449987260424
5200,0.0510504999975,0.0514043651582,0.0512271270265,0.000814169153256
5200,0.0514043651582,0.0517606831951,0.0515822165072,0.000652142242463
5200,0.0517606831951,0.0521194711105,0.0519397673507,0.0011164130713
5200,0.0521194711105,0.052480746025,0.0522997966182,0.00129141842125
5200,0.052480746025,0.0528445251775,0.0526623214894,0.000884480953451
5200,0.0528445251775,0.0532108259267,0.0530273592629,0.000553861703479
5200,0.0532108259267,0.0535796657513,0.0533949273574,0.000808963070494
5200,0.0535796657513,0.0539510622515,0.0537650433122,0.000809396780719
5200,0.0539510622515,0.0543250331492,0.0541377247883,0.000525653879809
5200,0.0543250331492,0.0547015962894,0.0545129895689,0.00107940569411
5200,0.0547015962894,0.0550807696405,0.0548908555607,0.000469916281755
5200,0.0550807696405,0.0554625712958,0.0552713407944,0.000956192970225
5200,0.0554625712958,0.0558470194737,0.0556544634258,0.00113557704428
5200,0.0558470194737,0.056234132519,0.0560402417364,0.00105358635455
5200,0.056234132519,0.0566239289038,0.0564286941345,0.000917045071595
5200,0.0566239289038,0.0570164272281,0.056819839156,0.00111658641982
5200,0.0570164272281,0.0574116462207,0.0572136954652,0.00168147896856
5200,0.0574116462207,0.0578096047406,0.057610281856,0.00123362420468
5200,0.0578096047406,0.0582103217771,0.0580096172523,0.00156115541891
5200,0.0582103217771,0.0586138164514,0.0584117207093,0.00124811069624
5200,0.0586138164514,0.0590201080172,0.0588166114143,0.00163300555501
5200,0.0590201080172,0.0594292158616,0.0592243086876,0.00104543575618
5200,0.0594292158616,0.059841159506,0.0596348319834,0.00110991716476
5200,0.059841159506,0.0602559586074,0.0600482008908,0.00112870598669
5200,0.0602559586074,0.0606736329589,0.0604644351345,0.00130560894125
5200,0.0606736329589,0.0610942024906,0.0608835545761,0.0012339886714
5200,0.0610942024906,0.061517687271,0.061305579215,0.00102180834259
5200,0.061517687271,0.0619441075077,0.0617305291889,0.000759162665949
5200,0.0619441075077,0.0623734835482,0.0621584247753,0.00138099026362
5200,0.0623734835482,0.0628058358813,0.0625892863921,0.00106408083274
5200,0.0628058358813,0.0632411851376,0.0630231345991,0.00102058121103
5200,0.0632411851376,0.0636795520908,0.0634599900981,0.00168402690581
5200,0.0636795520908,0.0641209576585,0.0638998737348,0.00124830532207
5200,0.0641209576585,0.0645654229035,0.0643428064992,0.00127364469135
5200,0.0645654229035,0.0650129690343,0.0647888095269,0.00162639031041
5200,0.0650129690343,0.0654636174067,0.0652379040998,0.00160606886821
5200,0.0654636174067,0.0659173895244,0.0656901116476,0.00116082709519
5200,0.0659173895244,0.0663743070402,0.0661454537484,0.00214966067398
5200,0.0663743070402,0.0668343917569,0.0666039521298,0.00115151610468
5200,0.0668343917569,0.0672976656284,0.0670656286702,0.00186222377385
5200,0.0672976656284,0.0677641507611,0.0675305053995,0.000991730344033
5200,0.0677641507611,0.0682338694142,0.0679986045003,0.000827264280503
5200,0.0682338694142,0.0687068440014,0.0684699483091,0.00117125885574
5200,0.0687068440014,0.0691830970919,0.0689445593171,0.00149991516532
5200,0.0691830970919,0.0696626514111,0.0694224601714,0.002065632017
5200,0.0696626514111,0.070145529842,0.0699036736762,0.00148247947882
5200,0.070145529842,0.0706317554263,0.0703882227936,0.00150421018091
5200,0.0706317554263,0.0711213513653,0.0708761306451,0.000834392928895
5200,0.0711213513653,0.0716143410213,0.0713674205122,0.0017456771289
5200,0.0716143410213,0.0721107479183,0.071862115838,0.00147388278513
5200,0.0721107479183,0.0726105957435,0.072360240228,0.00143395578893
5200,0.0726105957435,0.0731139083483,0.0728618174513,0.00118391402407
5200,0.0731139083483,0.0736207097495,0.0733668714418,0.000967962928562
5200,0.0736207097495,0.0741310241301,0.0738754262994,0.00123338123122
5200,0.0741310241301,0.074644875841,0.0743875062908,0.00255601891727
5200,0.074644875841,0.0751622894018,0.0749031358511,0.00157145631104
5200,0.0751622894018,0.0756832895021,0.0754223395848,0.00109710922007
5200,0.0756832895021,0.0762079010025,0.0759451422668,0.00232070453671
5200,0.0762079010025,0.0767361489362,0.0764715688439,0.00139699433813
5200,0.0767361489362,0.0772680585096,0.0770016444357,0.00179163852081
5200,0.0772680585096,0.077803655104,0.077535394336,0.00238385469432
5200,0.077803655104,0.0783429642766,0.0780728440138,0.00144867839152
5200,0.0783429642766,0.0788860117619,0.0786140191148,0.00165843865026
5200,0.0788860117619,0.0794328234724,0.0791589454624,0.00252345726912
5200,0.0794328234724,0.0799834255007,0.079707649059,0.00168443818351
5200,0.0799834255007,0.0805378441199,0.0802601560873,0.00112953027864
5200,0.0805378441199,0.0810961057854,0.0808164929113,0.00202037658802
5200,0.0810961057854,0.0816582371359,0.0813766860779,0.0015572582113
5200,0.0816582371359,0.0822242649947,0.081940762318,0.00238156261299
5200,0.0822242649947,0.0827942163712,0.0825087485479,0.00129796248405
5200,0.0827942163712,0.083368118462,0.0830806718702,0.00166499371529
5200,0.083368118462,0.0839459986519,0.0836565595756,0.0019514837225
5200,0.0839459986519,0.084527884516,0.0842364391438,0.001529113998
5200,0.084527884516,0.0851138038202,0.0848203382452,0.00137865648246
5200,0.0851138038202,0.085703784523,0.0854082847419,0.00217401038522
5200,0.085703784523,0.0862978547767,0.0860003066889,0.00184053957601
5200,0.0862978547767,0.0868960429286,0.086596432336,0.0012983080301
5200,0.0868960429286,0.0874983775227,0.0871966901287,0.00237463969103
5200,0.0874983775227,0.0881048873008,0.0878011087097,0.00175122965295
5200,0.0881048873008,0.0887156012038,0.08840971692,0.00158491215282
5200,0.0887156012038,0.0893305483733,0.089022543801,0.00167154457451
5200,0.0893305483733,0.089949758153,0.089639618595,0.00250004385908
5200,0.089949758153,0.0905732600898,0.0902609707471,0.00203024686641
5200,0.0905732600898,0.0912010839356,0.0908866299066,0.00192486410602
5200,0.0912010839356,0.0918332596484,0.0915166259281,0.00215579426644
5200,0.0918332596484,0.0924698173938,0.0921509888735,0.00139888116444
5200,0.0924698173938,0.0931107875468,0.0927897490127,0.00128732491546
5200,0.0931107875468,0.0937562006926,0.0934329368257,0.00127410642599
5200,0.0937562006926,0.0944060876286,0.0940805830037,0.00215312145425
5200,0.0944060876286,0.0950604793656,0.0947327184504,0.0012456640158
5200,0.0950604793656,0.0957194071295,0.0953893742842,0.00179618682297
5200,0.0957194071295,0.0963829023624,0.0960505818387,0.00208203747896
5200,0.0963829023624,0.0970509967245,0.096716372665,0.00194342397525
5200,0.0970509967245,0.0977237220956,0.0973867785329,0.00146846232887
5200,0.0977237220956,0.0984011105761,0.0980618314322,0.00275994260133
5200,0.0984011105761,0.0990831944893,0.0987415635747,0.00109435634793
5200,0.0990831944893,0.0997700063823,0.0994260073953,0.00242022241047
5200,0.0997700063823,0.100461579028,0.100115195554,0.00203064726888
5200,0.100461579028,0.101157945426,0.100809160936,0.00107183086208
5200,0.101157945426,0.101859138805,0.101507936657,0.00179935410069
5200,0.101859138805,0.102565192625,0.10221155606,0.00206381388869
5200,0.102565192625,0.103276140576,0.102920052719,0.00167177608853
5200,0.103276140576,0.103992016583,0.103633460443,0.00238370725941
5200,0.103992016583,0.104712854805,0.104351813273,0.00156923135488
5200,0.104712854805,0.105438689639,0.105075145487,0.0017011590915
5200,0.105438689639,0.10616955572,0.1058034916,0.00122476364328
5200,0.10616955572,0.106905487922,0.106536886367,0.00175676482748
5200,0.106905487922,0.107646521363,0.107275364784,0.00179594215906
5200,0.107646521363,0.108392691402,0.108018962088,0.00267050872552
5200,0.108392691402,0.109144033645,0.108767713763,0.00148634596969
5200,0.109144033645,0.109900583943,0.109521655537,0.00195916576621
5200,0.109900583943,0.110662378398,0.110280823385,0.0013041361992
5200,0.110662378398,0.111429453359,0.111045253533,0.00206230982813
5200,0.111429453359,0.11220184543,0.111814982458,0.00237483054
5200,0.11220184543,0.112979591467,0.112590046889,0.00263197998515
5200,0.112979591467,0.113762728582,0.113370483811,0.00157586347001
5200,0.113762728582,0.114551294145,0.114156330462,0.00203421093062
5200,0.114551294145,0.115345325782,0.114947624342,0.00344190885538
5200,0.115345325782,0.116144861384,0.115744403209,0.00129125527832
5200,0.116144861384,0.116949939102,0.116546705084,0.00205094072127
5200,0.116949939102,0.117760597352,0.117354568249,0.00168891770659
5200,0.117760597352,0.118576874817,0.118168031254,0.00129192782666
5200,0.118576874817,0.119398810446,0.118987132916,0.00252407265063
5200,0.119398810446,0.120226443462,0.119811912319,0.00178000402885
5200,0.120226443462,0.121059813355,0.12064240882,0.00234273972963
5200,0.121059813355,0.121898959892,0.121478662047,0.00234654287651
5200,0.121898959892,0.122743923116,0.122320711905,0.00149404330501
5200,0.122743923116,0.123594743344,0.123168598574,0.00216657861426
5200,0.123594743344,0.124451461177,0.124022362512,0.00111743302841
5200,0.124451461177,0.125314117494,0.124882044459,0.00141933350082
5200,0.125314117494,0.126182753459,0.125747685437,0.00220885200427
5200,0.126182753459,0.127057410521,0.126619326751,0.00197479846076
5200,0.127057410521,0.127938130416,0.127497009994,0.00202494669826
5200,0.127938130416,0.128824955169,0.128380777047,0.00194214015935
5200,0.128824955169,0.129717927098,0.129270670081,0.00156540037298
5200,0.129717927098,0.130617088813,0.130166731558,0.001987627664
5200,0.130617088813,0.131522483219,0.131069004237,0.00197583055078
5200,0.131522483219,0.132434153519,0.131977531171,0.00136001720407
5200,0.132434153519,0.133352143216,0.132892355713,0.00231566920434
5200,0.133352143216,0.134276496114,0.133813521515,0.000883900253219
5200,0.134276496114,0.135207256319,0.134741072534,0.00160276479198
5200,0.135207256319,0.136144468247,0.13567505303,0.00303822230403
5200,0.136144468247,0.137088176616,0.136615507569,0.00203948357665
5200,0.137088176616,0.13803842646,0.137562481028,0.00130403358271
5200,0.13803842646,0.138995263121,0.138516018592,0.0013070496948
5200,0.138995263121,0.139958732257,0.139476165764,0.00175664735876
5200,0.139958732257,0.140928879842,0.140442968358,0.0020816561204
5200,0.140928879842,0.141905752169,0.141416472507,0.00167624786654
5200,0.141905752169,0.142889395851,0.142396724665,0.00243284591202
5200,0.142889395851,0.143879857826,0.143383771606,0.00237588286348
5200,0.143879857826,0.144877185354,0.144377660429,0.00188034397842
5200,0.144877185354,0.145881426028,0.145378438561,0.00198923118208
5200,0.145881426028,0.146892627764,0.146386153755,0.00221989158092
5200,0.146892627764,0.147910838817,0.147400854097,0.00223820851425
5200,0.147910838817,0.148936107771,0.148422588006,0.00290671714985
5200,0.148936107771,0.14996848355,0.149451404237,0.0012864553922
5200,0.14996848355,0.151008015416,0.15048735188,0.0017727129838
5200,0.151008015416,0.152054752973,0.15153048037,0.00119763567432
5200,0.152054752973,0.153108746168,0.152580839481,0.00252377426891
5200,0.153108746168,0.154170045295,0.153638479333,0.00227313229124
5200,0.154170045295,0.155238700996,0.154703450395,0.00242128171534
5200,0.155238700996,0.156314764264,0.155775803483,0.00182427083314
5200,0.156314764264,0.157398286447,0.156855589768,0.00279820561665
5200,0.157398286447,0.158489319246,0.157942860774,0.00138584971518
5200,0.158489319246,0.159587914724,0.159037668382,0.00196590510411
5200,0.159587914724,0.160694125301,0.160140064834,0.0018871906238
5200,0.160694125301,0.161808003764,0.161250102734,0.00257113498204
5200,0.161808003764,0.162929603264,0.162367835048,0.00161298604852
5200,0.162929603264,0.16405897732,0.163493315113,0.00235316567394
5200,0.16405897732,0.165196179823,0.164626596633,0.00287087655348
5200,0.165196179823,0.166341265037,0.165767733685,0.0020277104812
5200,0.166341265037,0.167494287603,0.166916780721,0.00293341575213
5200,0.167494287603,0.168655302539,0.168073792571,0.00233533313969
5200,0.168655302539,0.169824365246,0.169238824444,0.0034135240626
5200,0.169824365246,0.171001531509,0.170411931932,0.00175950120529
5200,0.171001531509,0.172186857499,0.171593171012,0.00209239503761
5200,0.172186857499,0.173380399775,0.172782598051,0.00193382529709
5200,0.173380399775,0.174582215292,0.173980269804,0.00226669784532
5200,0.174582215292,0.175792361396,0.175186243421,0.00131345225099
5200,0.175792361396,0.177010895832,0.176400576448,0.00231297661652
5200,0.177010895832,0.178237876745,0.177623326829,0.0020751497376
5200,0.178237876745,0.179473362683,0.178854552911,0.00255655520634
5200,0.179473362683,0.180717412601,0.180094313444,0.00261510545918
5200,0.180717412601,0.181970085861,0.181342667587,0.00200976552414
5200,0.181970085861,0.183231442237,0.182599674907,0.0020541419905
5200,0.183231442237,0.184501541918,0.183865395386,0.00117537344358
5200,0.184501541918,0.185780445509,0.185139889421,0.0013533811515
5200,0.185780445509,0.187068214037,0.186423217825,0.0017062751669
5200,0.187068214037,0.188364908949,0.187715441838,0.0018373694176
5200,0.188364908949,0.189670592121,0.189016623119,0.00164241055411
5200,0.189670592121,0.190985325857,0.190326823758,0.00124818642323
5200,0.190985325857,0.192309172891,0.191646106274,0.00166412450025
5200,0.192309172891,0.193642196395,0.192974533619,0.00267581250753
5200,0.193642196395,0.194984459976,0.194312169183,0.0014349797886
5200,0.194984459976,0.196336027684,0.195659076793,0.0028259180405
5200,0.196336027684,0.197696964011,0.197015320722,0.0018617794557
5200,0.197696964011,0.199067333899,0.198380965684,0.000870465727913
5200,0.199067333899,0.200447202737,0.199756076844,0.00258847053003
5200,0.200447202737,0.201836636368,0.20114071982,0.0027634201169
5200,0.201836636368,0.203235701094,0.202534960682,0.00146499672969
5200,0.203235701094,0.204644463672,0.203938865961,0.00226771357627
5200,0.204644463672,0.206062991327,0.205352502646,0.0015500715518
5200,0.206062991327,0.207491351745,0.206775938192,0.00195484736043
5200,0.207491351745,0.208929613085,0.208209240522,0.00219609908387
5200,0.208929613085,0.210377843977,0.209652478029,0.00182583051192
5200,0.210377843977,0.211836113525,0.211105719581,0.0021918665658
5200,0.211836113525,0.213304491315,0.212569034522,0.00294663527645
5200,0.213304491315,0.214783047413,0.214042492677,0.00233921400749
5200,0.214783047413,0.216271852373,0.215526164357,0.00254812282626
5200,0.216271852373,0.217770977235,0.217020120357,0.00152063994365
5200,0.217770977235,0.219280493535,0.218524431965,0.00254058235801
5200,0.219280493535,0.220800473302,0.220039170964,0.00157142804176
5200,0.220800473302,0.222330989065,0.221564409631,0.00177186869105
5200,0.222330989065,0.223872113857,0.223100220748,0.00191641328612
5200,0.223872113857,0.225423921215,0.224646677599,0.00222051992217
5200,0.225423921215,0.226986485188,0.226203853977,0.00225923642814
5200,0.226986485188,0.228559880338,0.227771824186,0.00191290850998
5200,0.228559880338,0.230144181741,0.229350663045,0.00194632544517
5200,0.230144181741,0.231739464997,0.230940445892,0.0019289471578
5200,0.231739464997,0.233345806228,0.232541248587,0.00234357043272
5200,0.233345806228,0.234963282085,0.234153147517,0.00233759223211
5200,0.234963282085,0.236591969749,0.235776219596,0.00124705927457
5200,0.236591969749,0.238231946936,0.237410542273,0.001892156245
5200,0.238231946936,0.239883291902,0.239056193534,0.00207542528381
5200,0.239883291902,0.241546083444,0.240713251905,0.00179953273396
5200,0.241546083444,0.243220400907,0.242381796455,0.00135914248374
5200,0.243220400907,0.244906324184,0.244061906804,0.0017025545203
5200,0.244906324184,0.246603933723,0.245753663122,0.00200833782498
5200,0.246603933723,0.24831331053,0.247457146133,0.00230970849117
5200,0.24831331053,0.25003453617,0.249172437125,0.0021588303298
5200,0.25003453617,0.251767692776,0.250899617947,0.00234364689804
5200,0.251767692776,0.25351286305,0.252638771013,0.0014986465937
5200,0.25351286305,0.255270130266,0.254389979313,0.00179459703216
5200,0.255270130266,0.257039578277,0.256153326409,0.00249975882675
5200,0.257039578277,0.258821291515,0.257928896443,0.00353138079583
5200,0.258821291515,0.260615355,0.25971677414,0.00330559138057
5200,0.260615355,0.262421854338,0.261517044814,0.00256443212199
5200,0.262421854338,0.264240875732,0.263329794368,0.00185470354014
5200,0.264240875732,0.26607250598,0.265155109301,0.00161852486737
5200,0.26607250598,0.267916832482,0.266993076713,0.00217723460157
5200,0.267916832482,0.269773943244,0.268843784306,0.00236766911216
5200,0.269773943244,0.271643926884,0.270707320392,0.00196343628073
5200,0.271643926884,0.273526872631,0.272583773893,0.0021361856991
5200,0.273526872631,0.275422870334,0.274473234348,0.00214820732408
5200,0.275422870334,0.277332010465,0.276375791917,0.00205228949719
5200,0.277332010465,0.279254384124,0.278291537385,0.00216454115572
5200,0.279254384124,0.28119008304,0.280220562167,0.00176643379509
5200,0.28119008304,0.28313919958,0.282162958309,0.00190923063093
5200,0.28313919958,0.28510182675,0.284118818498,0.00196634574477
5200,0.28510182675,0.287078058202,0.286088236063,0.00190807798677
5200,0.287078058202,0.289067988237,0.288071304978,0.00227076308257
5200,0.289067988237,0.291071711807,0.290068119869,0.00274951620104
5200,0.291071711807,0.293089324525,0.292078776021,0.00326224514688
5200,0.293089324525,0.295120922667,0.294103369375,0.001602072861
5200,0.295120922667,0.297166603174,0.296141996539,0.00159436040314
5200,0.297166603174,0.299226463661,0.298194754793,0.00265631492927
5200,0.299226463661,0.301300602419,0.300261742086,0.00173790398196
5200,0.301300602419,0.303389118419,0.302343057051,0.00242737925924
5200,0.303389118419,0.305492111322,0.304438799002,0.0022142732824
5200,0.305492111322,0.307609681474,0.306549067943,0.00179635221477
5200,0.307609681474,0.309741929922,0.308673964568,0.00237774867169
5200,0.309741929922,0.311888958409,0.310813590274,0.00186490636254
5200,0.311888958409,0.314050869388,0.312968047156,0.00222052423766
5200,0.314050869388,0.316227766017,0.31513743802,0.00165500300861
5200,0.316227766017,0.318419752173,0.317321866384,0.00187494790546
5200,0.318419752173,0.320626932451,0.319521436481,0.00108050520322
5200,0.320626932451,0.322849412171,0.32173625327,0.00122496965489
5200,0.322849412171,0.325087297385,0.323966422435,0.00199228896797
5200,0.325087297385,0.327340694879,0.326212050394,0.00181905381427
5200,0.327340694879,0.329609712177,0.328473244303,0.00236542501572
5200,0.329609712177,0.331894457553,0.330750112059,0.00245795010033
5200,0.331894457553,0.334195040026,0.333042762309,0.00241811754512
5200,0.334195040026,0.336511569375,0.335351304451,0.00214160819827
5200,0.336511569375,0.338844156139,0.337675848642,0.00202910113993
5200,0.338844156139,0.341192911622,0.340016505804,0.001118873289
5200,0.341192911622,0.3435579479,0.342373387626,0.00152294274175
5200,0.3435579479,0.345939377826,0.344746606573,0.0020499035139
5200,0.345939377826,0.348337315036,0.347136275888,0.00155500922117
5200,0.348337315036,0.350751873953,0.349542509599,0.00187436503208
5200,0.350751873953,0.353183169792,0.351965422525,0.00224158912597
5200,0.353183169792,0.355631318569,0.354405130281,0.00204733433654
5200,0.355631318569,0.358096437103,0.356861749283,0.00172246529943
5200,0.358096437103,0.360578643022,0.359335396755,0.0023183289537
5200,0.360578643022,0.36307805477,0.361826190732,0.00143748905958
5200,0.36307805477,0.365594791613,0.364334250068,0.00243447190396
5200,0.365594791613,0.368128973643,0.366859694441,0.00165427145396
5200,0.368128973643,0.370680721783,0.369402644358,0.00288306924899
5200,0.370680721783,0.373250157796,0.371963221162,0.00125951632497
5200,0.373250157796,0.375837404288,0.374541547036,0.0024177126288
5200,0.375837404288,0.378442584717,0.377137745011,0.00198251633233
5200,0.378442584717,0.381065823394,0.379751938971,0.00125254359414
5200,0.381065823394,0.383707245492,0.382384253658,0.00108549704355
5200,0.383707245492,0.386366977054,0.385034814679,0.00184445052666
5200,0.386366977054,0.389045144994,0.38770374851,0.00250444607364
5200,0.389045144994,0.391741877108,0.390391182508,0.00201810469723
5200,0.391741877108,0.394457302075,0.393097244907,0.00215469474444
5200,0.394457302075,0.397191549469,0.395822064836,0.0026207890541
5200,0.397191549469,0.399944749761,0.398565772313,0.00156004694111
5200,0.399944749761,0.402717034325,0.401328498263,0.00211276432224
5200,0.402717034325,0.405508535448,0.404110374513,0.00272871694659
5200,0.405508535448,0.408319386333,0.406911533809,0.00212584699081
5200,0.408319386333,0.411149721105,0.409732109814,0.00162835660498
5200,0.411149721105,0.41399967482,0.412572237117,0.0015699748724
5200,0.41399967482,0.41686938347,0.415432051242,0.00124418744842
5200,0.41686938347,0.419758983991,0.418311688651,0.00169441770657
5200,0.419758983991,0.422668614266,0.421211286754,0.00176920280081
5200,0.422668614266,0.425598413134,0.42413098391,0.000832979241158
5200,0.425598413134,0.428548520397,0.427070919441,0.00189451130421
5200,0.428548520397,0.431519076828,0.430031233631,0.00143319034452
5200,0.431519076828,0.434510224172,0.433012067738,0.00138347277075
5200,0.434510224172,0.437522105158,0.436013564,0.000841963993399
5200,0.437522105158,0.440554863507,0.439035865641,0.0027165354137
5200,0.440554863507,0.443608643931,0.442079116876,0.00148524395188
5200,0.443608643931,0.446683592151,0.44514346292,0.00175082199126
5200,0.446683592151,0.449779854893,0.448229049997,0.00209544745828
5200,0.449779854893,0.452897579904,0.451336025341,0.0011015804861
5200,0.452897579904,0.456036915951,0.45446453721,0.0014845138215
5200,0.456036915951,0.459198012837,0.457614734886,0.00211670999391
5200,0.459198012837,0.462381021399,0.46078676869,0.00129315503213
5200,0.462381021399,0.465586093523,0.463980789982,0.00212340976208
5200,0.465586093523,0.468813382145,0.467196951172,0.00214843006058
5200,0.468813382145,0.472063041264,0.470435405726,0.00146970557133
5200,0.472063041264,0.475335225943,0.473696308175,0.00164123575888
5200,0.475335225943,0.478630092323,0.476979814119,0.000816884496284
5200,0.478630092323,0.481947797625,0.48028608024,0.00140204330421
5200,0.481947797625,0.485288500162,0.483615264302,0.00130678259014
5200,0.485288500162,0.488652359343,0.486967525166,0.0010765413686
5200,0.488652359343,0.492039535681,0.490343022792,0.00169566350812
5200,0.492039535681,0.495450190805,0.49374191825,0.00159680123782
5200,0.495450190805,0.49888448746,0.497164373725,0.0011866652528
5200,0.49888448746,0.502342589522,0.500610552529,0.00132931722644
5200,0.502342589522,0.505824662003,0.504080619103,0.00145447770376
5200,0.505824662003,0.509330871057,0.507574739029,0.00194118356955
5200,0.509330871057,0.512861383991,0.511093079037,0.00119550802518
5200,0.512861383991,0.516416369272,0.514635807014,0.000909932001134
5200,0.516416369272,0.519995996534,0.518203092007,0.00197294215274
5200,0.519995996534,0.523600436586,0.521795104239,0.00112152042546
5200,0.523600436586,0.527229861423,0.52541201511,0.00155369306058
5200,0.527229861423,0.530884444231,0.52905399721,0.00173051877052
5200,0.530884444231,0.534564359397,0.532721224323,0.00193545777088
5200,0.534564359397,0.538269782516,0.53641387144,0.00112304142897
5200,0.538269782516,0.542000890402,0.540132114765,0.0011637592203
5200,0.542000890402,0.545757861091,0.54387613172,0.00167178562784
5200,0.545757861091,0.549540873858,0.547646100962,0.00103636611187
5200,0.549540873858,0.553350109216,0.551442202382,0.00204967041882
5200,0.553350109216,0.557185748932,0.55526461712,0.00170591329133
5200,0.557185748932,0.561047976032,0.559113527571,0.00125773050107
5200,0.561047976032,0.564936974812,0.562989117394,0.00125724797446
5200,0.564936974812,0.568852930844,0.566891571523,0.00125299927527
5200,0.568852930844,0.572796030986,0.570821076172,0.00119235047239
5200,0.572796030986,0.576766463392,0.574777818846,0.000961571107594
5200,0.576766463392,0.580764417521,0.578761988349,0.00114014500288
5200,0.580764417521,0.584790084144,0.582773774796,0.000646073179589
5200,0.584790084144,0.588843655356,0.586813369619,0.00160335380515
5200,0.588843655356,0.59292532458,0.590880965575,0.00177124405731
5200,0.59292532458,0.597035286584,0.594976756759,0.00104519751615
5200,0.597035286584,0.601173737483,0.599100938611,0.00243780142373
5200,0.601173737483,0.605340874754,0.603253707927,0.00145803445044
5200,0.605340874754,0.60953689724,0.607435262864,0.00146190196006
5200,0.60953689724,0.613762005165,0.611645802955,0.00153621804007
5200,0.613762005165,0.618016400138,0.615885529115,0.000760827702612
5200,0.618016400138,0.622300285169,0.620154643654,0.00128971097214
5200,0.622300285169,0.626613864672,0.624453350281,0.00220216052246
5200,0.626613864672,0.63095734448,0.628781854118,0.00137513713258
5200,0.63095734448,0.635330931852,0.633140361711,0.00117124909605
5200,0.635330931852,0.639734835483,0.637529081035,0.00123786197631
5200,0.639734835483,0.644169265515,0.641948221508,0.00124136169158
5200,0.644169265515,0.648634433548,0.646397994,0.00103245815422
5200,0.648634433548,0.653130552647,0.65087861084,0.00120789122088
5200,0.653130552647,0.657657837355,0.655390285833,0.00155042891976
5200,0.657657837355,0.662216503702,0.659933234264,0.00113066051246
5200,0.662216503702,0.666806769214,0.664507672908,0.00115193794603
5200,0.666806769214,0.671428852926,0.669113820046,0.00142728484281
5200,0.671428852926,0.676082975392,0.673751895471,0.000537880517768
5200,0.676082975392,0.680769358694,0.678422120498,0.00169764172005
5200,0.680769358694,0.685488226453,0.683124717979,0.00209607366593
5200,0.685488226453,0.69023980384,0.687859912309,0.00109030458046
5200,0.69023980384,0.695024317589,0.692627929437,0.00120420938844
5200,0.695024317589,0.699841996002,0.697428996882,0.000751993510938
5200,0.699841996002,0.704693068967,0.702263343736,0.00135397287795
5200,0.704693068967,0.709577767963,0.707131200681,0.000887611728832
5200,0.709577767963,0.714496326076,0.712032799999,0.00169382874054
5200,0.714496326076,0.719448978004,0.71696837558,0.0018197043633
5200,0.719448978004,0.724435960075,0.721938162937,0.00109308979145
5200,0.724435960075,0.729457510255,0.726942399214,0.00162912413044
5200,0.729457510255,0.734513868157,0.7319813232,0.00066435290269
5200,0.734513868157,0.739605275058,0.737055175338,0.00162134307855
5200,0.739605275058,0.744731973906,0.742164197739,0.000842712805543
5200,0.744731973906,0.749894209332,0.747308634191,0.00145281445766
5200,0.749894209332,0.755092227665,0.752488730174,0.00150051180522
5200,0.755092227665,0.76032627694,0.757704732866,0.00177436177898
5200,0.76032627694,0.765596606911,0.762956891162,0.00174900350045
5200,0.765596606911,0.770903469064,0.768245455679,0.00178809422066
5200,0.770903469064,0.776247116629,0.773570678775,0.000826937196917
5200,0.776247116629,0.781627804588,0.778932814554,0.00179458913232
5200,0.781627804588,0.787045789695,0.784332118882,0.00138781095376
5200,0.787045789695,0.79250133048,0.7897688494,0.00148642381929
5200,0.79250133048,0.797994687268,0.795243265533,0.000930840140633
5200,0.797994687268,0.803526122186,0.800755628507,0.00169884179112
5200,0.803526122186,0.809095899178,0.806306201355,0.00121945799552
5200,0.809095899178,0.814704284021,0.811895248936,0.00124276330609
5200,0.814704284021,0.82035154433,0.817523037944,0.000628363021148
5200,0.82035154433,0.826037949577,0.823189836921,0.00174210222313
5200,0.826037949577,0.831763771103,0.828895916273,0.000594663252024
5200,0.831763771103,0.837529282127,0.834641548277,0.00148700851454
5200,0.837529282127,0.843334757764,0.8404270071,0.00174769284084
5200,0.843334757764,0.849180475036,0.846252568807,0.00107204619059
5200,0.849180475036,0.855066712885,0.852118511379,0.00182814931141
5200,0.855066712885,0.860993752185,0.858025114723,0.000403642700963
5200,0.860993752185,0.866961875758,0.863972660684,0.00113908166939
5200,0.866961875758,0.872971368388,0.869961433065,0.00104466344462
5200,0.872971368388,0.879022516831,0.875991717633,0.000902723055766
5200,0.879022516831,0.885115609831,0.882063802137,0.00132195468823
5200,0.885115609831,0.891250938134,0.888177976319,0.00130654542636
5200,0.891250938134,0.897428794501,0.894334531933,0.000972553377166
5200,0.897428794501,0.903649473722,0.900533762751,0.00139806246424
5200,0.903649473722,0.909913272632,0.906775964584,0.00150571979738
5200,0.909913272632,0.916220490122,0.913061435293,0.000831551347873
5200,0.916220490122,0.922571427155,0.919390474804,0.00106852188679
5200,0.922571427155,0.92896638678,0.925763385121,0.00125359207867
5200,0.92896638678,0.935405674148,0.932180470342,0.000603610583298
5200,0.935405674148,0.941889596523,0.938642036672,0.00143001503191
5200,0.941889596523,0.948418463301,0.945148392441,0.000972678248184
5200,0.948418463301,0.954992586021,0.951699848113,0.00140232185376
5200,0.954992586021,0.961612278384,0.958296716306,0.000911991450995
5200,0.961612278384,0.968277856261,0.964939311806,0.00160288213276
5200,0.968277856261,0.974989637717,0.971627951577,0.00111260023502
5200,0.974989637717,0.98174794302,0.978362954785,0.00115047050253
5200,0.98174794302,0.988553094657,0.985144642804,0.00134000513602
5200,0.988553094657,0.995405417352,0.991973339239,0.0011395059171
5200,0.995405417352,1.00230523808,0.998849369937,0.00108141217641
5200,1.00230523808,1.00925288608,1.005773063,0.000828728497214
5200,1.00925288608,1.01624869287,1.01274474881,0.00120940875726
5200,1.01624869287,1.02329299228,1.01976476004,0.000772507954072
5200,1.02329299228,1.03038612044,1.02683343167,0.000944086125115
5200,1.03038612044,1.03752841582,1.03395110098,0.00141646379429
5200,1.03752841582,1.04472021922,1.04111810762,0.000899830853298
5200,1.04472021922,1.05196187382,1.04833479358,0.00108966925766
5200,1.05196187382,1.05925372518,1.05560150322,0.00102924294809
5200,1.05925372518,1.06659612123,1.06291858328,0.00162019610919
5200,1.06659612123,1.07398941234,1.07028638291,0.00123129830354
5200,1.07398941234,1.0814339513,1.07770525369,0.00074288555346
5200,1.0814339513,1.08893009333,1.08517554963,0.000417920031287
5200,1.08893009333,1.09647819614,1.09269762719,0.00113236509488
5200,1.09647819614,1.1040786199,1.1002718453,0.000785456498641
5200,1.1040786199,1.11173172728,1.10789856537,0.00180839907585
5200,1.11173172728,1.11943788347,1.11557815135,0.00152949806227
5200,1.11943788347,1.12719745618,1.12331096967,0.000852963074324
5200,1.12719745618,1.13501081567,1.13109738933,0.00117205664567
5200,1.13501081567,1.14287833479,1.13893778188,0.00158874494667
5200,1.14287833479,1.15080038894,1.14683252142,0.00165849561872
5200,1.15080038894,1.15877735616,1.15478198469,0.00151367881768
5200,1.15877735616,1.16680961706,1.162786551,0.00186918439791
5200,1.16680961706,1.17489755494,1.17084660232,0.00156524322409
5200,1.17489755494,1.18304155573,1.17896252324,0.000398803702826
5200,1.18304155573,1.19124200803,1.18713470104,0.00151099703721
5200,1.19124200803,1.19949930315,1.19536352567,0.0012921492897
5200,1.19949930315,1.20781383511,1.20364938979,0.00106409344482
5200,1.20781383511,1.21618600065,1.21199268877,0.00132315591635
5200,1.21618600065,1.22461619927,1.22039382074,0.00187165517674
5200,1.22461619927,1.23310483323,1.22885318658,0.00111571880197
5200,1.23310483323,1.24165230759,1.23737118994,0.000983340973394
5200,1.24165230759,1.25025903022,1.24594823727,0.000944906672265
5200,1.25025903022,1.25892541179,1.25458473786,0.000920207954856
5200,1.25892541179,1.26765186586,1.26328110381,0.0015835878641
5200,1.26765186586,1.27643880881,1.27203775009,0.000875569650976
5200,1.27643880881,1.28528665994,1.28085509454,0.000817882583413
5200,1.28528665994,1.29419584145,1.2897335579,0.00157618026041
5200,1.29419584145,1.30316677845,1.29867356383,0.00105636330824
5200,1.30316677845,1.31219989902,1.30767553892,0.00197962607478
5200,1.31219989902,1.32129563419,1.31673991272,0.00135368270254
5200,1.32129563419,1.33045441798,1.32586711776,0.000786933998775
5200,1.33045441798,1.33967668743,1.33505758956,0.000508992615157
5200,1.33967668743,1.34896288259,1.34431176667,0.00112054513892
5200,1.34896288259,1.35831344659,1.35363009067,0.000523504710545
5200,1.35831344659,1.3677288256,1.36301300621,0.000296346950091
5200,1.3677288256,1.37720946889,1.37246096101,0.00159561635075
5200,1.37720946889,1.38675582887,1.3819744059,0.000482856793198
5200,1.38675582887,1.39636836106,1.39155379484,0.000795519701558
5200,1.39636836106,1.40604752413,1.40119958494,0.0010420133828
5200,1.40604752413,1.41579377996,1.41091223646,0.00100479443091
5200,1.41579377996,1.4256075936,1.42069221286,0.00158752339431
5200,1.4256075936,1.43548943335,1.43053998082,0.000947921774856
5200,1.43548943335,1.44543977075,1.44045601025,0.00102216546387
5200,1.44543977075,1.45545908058,1.4504407743,0.000483630146286
5200,1.45545908058,1.46554784096,1.46049474944,0.000804396080189
5200,1.46554784096,1.47570653328,1.4706184154,0.000991638410369
5200,1.47570653328,1.48593564229,1.48081225527,0.00123880383937
5200,1.48593564229,1.49623565609,1.49107675545,0.000700781535016
5200,1.49623565609,1.50660706619,1.50141240575,0.000922533101049
5200,1.50660706619,1.51705036746,1.51181969936,0.000929368698179
5200,1.51705036746,1.52756605824,1.52229913288,0.000816238407998
5200,1.52756605824,1.5381546403,1.53285120636,0.000921469885004
5200,1.5381546403,1.54881661891,1.54347642332,0.00102504609265
5200,1.54881661891,1.55955250283,1.55417529077,0.000421833669392
5200,1.55955250283,1.57036280433,1.56494831922,0.00143244865874
5200,1.57036280433,1.58124803927,1.57579602274,0.000838425044639
5200,1.58124803927,1.59220872705,1.58671891895,0.0012924153898
5200,1.59220872705,1.60324539069,1.59771752906,0.000985417797404
5200,1.60324539069,1.61435855683,1.60879237789,0.00179886098428
5200,1.61435855683,1.62554875575,1.6199439939,0.00127263936548
5200,1.62554875575,1.63681652143,1.63117290923,0.000388760511869
5200,1.63681652143,1.64816239153,1.64247965967,0.000509613714465
5200,1.64816239153,1.65958690744,1.65386478477,0.00152908511657
5200,1.65958690744,1.67109061431,1.66532882779,0.000678725075975
5200,1.67109061431,1.68267406107,1.67687233575,0.00155864604109
5200,1.68267406107,1.69433780045,1.68849585949,0.00150952305881
5200,1.69433780045,1.706082389,1.70019995364,0.0013608214144
5200,1.706082389,1.71790838716,1.7119851767,0.000792507948183
5200,1.71790838716,1.72981635922,1.72385209103,0.000864907038467
5200,1.72981635922,1.74180687339,1.73580126287,0.000979451619
5200,1.74180687339,1.75388050184,1.74783326242,0.00121766593298
5200,1.75388050184,1.76603782069,1.7599486638,0.000957385632996
5200,1.76603782069,1.77827941004,1.77214804514,0.000854336881382
5200,1.77827941004,1.79060585404,1.78443198854,0.00138038879937
5200,1.79060585404,1.80301774086,1.79680108017,0.000626071046258
5200,1.80301774086,1.81551566277,1.80925591025,0.000611595027954
5200,1.81551566277,1.82810021614,1.82179707309,0.000820333139878
5200,1.82810021614,1.84077200147,1.83442516712,0.00102475174002
5200,1.84077200147,1.85353162341,1.84714079491,0.00137470246035
5200,1.85353162341,1.86637969083,1.85994456322,0.00133657129993
5200,1.86637969083,1.8793168168,1.87283708302,0.000664571022626
5200,1.8793168168,1.89234361864,1.88581896949,0.00097930783634
5200,1.89234361864,1.90546071796,1.8988908421,0.000594550827143
5200,1.90546071796,1.91866874067,1.9120533246,0.00150289378716
5200,1.91866874067,1.93196831702,1.92530704508,0.000986625340376
5200,1.93196831702,1.94536008162,1.93865263595,0.00116772996996
5200,1.94536008162,1.95884467351,1.95209073404,0.00162842597081
5200,1.95884467351,1.97242273611,1.96562198058,0.000651309038595
5200,1.97242273611,1.98609491736,1.97924702124,0.00184231771301
5200,1.98609491736,1.99986186963,1.99296650616,0.00132911533764
5200,1.99986186963,2.01372424986,2.00678109002,0.000798430558866
5200,2.01372424986,2.02768271952,2.02069143199,0.000973070918177
5200,2.02768271952,2.04173794467,2.03469819585,0.00138782903417
5200,2.04173794467,2.05589059598,2.04880204996,0.00136473659191
5200,2.05589059598,2.07014134879,2.06300366731,0.00112235617195
5200,2.07014134879,2.0844908831,2.07730372557,0.00108357552494
5200,2.0844908831,2.09893988362,2.0917029071,0.000879241847649
5200,2.09893988362,2.11348903984,2.10620189899,0.00110202484402
5200,2.11348903984,2.12813904598,2.12080139309,0.00140153612412
5200,2.12813904598,2.14289060112,2.13550208605,0.000409925305342
5200,2.14289060112,2.15774440915,2.15030467934,0.00073177327642
5200,2.15774440915,2.17270117886,2.16520987931,0.00110728589219
5200,2.17270117886,2.18776162395,2.18021839719,0.000234648832645
5200,2.18776162395,2.20292646305,2.19533094914,0.00143681438542
5200,2.20292646305,2.2181964198,2.2105482563,0.0011318399075
5200,2.2181964198,2.23357222283,2.22587104479,0.000599074636193
5200,2.23357222283,2.24905460584,2.24130004578,0.00111788350863
5200,2.24905460584,2.26464430759,2.2568359955,0.002041529919
5200,2.26464430759,2.280342072,2.27247963527,0.00125388994152
5200,2.280342072,2.29614864811,2.28823171158,0.000941014257613
5200,2.29614864811,2.31206479018,2.30409297606,0.00117884279697
5200,2.31206479018,2.32809125767,2.32006418557,0.000738825099967
5200,2.32809125767,2.34422881532,2.33614610222,0.0013354529582
5200,2.34422881532,2.36047823318,2.35233949339,0.00103785277892
5200,2.36047823318,2.37684028662,2.36864513178,0.000456859849768
5200,2.37684028662,2.39331575641,2.38506379547,0.0008398862943
5200,2.39331575641,2.40990542869,2.40159626789,0.000877564946421
5200,2.40990542869,2.42661009508,2.41824333793,0.000828578697241
5200,2.42661009508,2.44343055269,2.43500579995,0.00125671786842
5200,2.44343055269,2.46036760415,2.45188445381,0.000953904796775
5200,2.46036760415,2.47742205763,2.46888010491,0.00193634046385
5200,2.47742205763,2.49459472694,2.48599356423,0.000595634384436
5200,2.49459472694,2.51188643151,2.50322564838,0.00010664479224
5200,2.51188643151,2.52929799645,2.52057717964,0.00134693757734
5200,2.52929799645,2.54683025259,2.53804898596,0.00240813161119
5200,2.54683025259,2.56448403652,2.55564190106,0.00154079477854
5200,2.56448403652,2.58226019063,2.57335676443,0.0011806528472
5200,2.58226019063,2.60015956317,2.59119442135,0.000732163005039
5200,2.60015956317,2.61818300822,2.60915572301,0.0010279621287
5200,2.61818300822,2.63633138583,2.62724152647,0.000662185222553
5200,2.63633138583,2.65460556198,2.64545269472,0.00131435493118
5200,2.65460556198,2.67300640866,2.66379009677,0.00132172656679
5200,2.67300640866,2.69153480393,2.68225460761,0.00146298047753
5200,2.69153480393,2.71019163189,2.70084710832,0.000709241701733
5200,2.71019163189,2.72897778281,2.7195684861,0.00192618191347
5200,2.72897778281,2.7478941531,2.73841963426,0.000943865360771
5200,2.7478941531,2.76694164541,2.75740145235,0.000995958861229
5200,2.76694164541,2.78612116863,2.77651484611,0.00197222188878
5200,2.78612116863,2.80543363795,2.79576072758,0.00144454373073
5200,2.80543363795,2.82487997492,2.81514001513,0.000712327131057
5200,2.82487997492,2.84446110745,2.83465363349,0.00127024552922
5200,2.84446110745,2.86417796991,2.85430251379,0.000909795956682
5200,2.86417796991,2.88403150313,2.87408759362,0.00163459600822
5200,2.88403150313,2.90402265446,2.89400981707,0.000558250160442
5200,2.90402265446,2.92415237784,2.91407013477,0.00112845353485
5200,2.92415237784,2.9444216338,2.93426950396,0.00139469045104
5200,2.9444216338,2.96483138952,2.95460888848,0.00227314169756
5200,2.96483138952,2.98538261892,2.97508925888,0.000400463613768
5200,2.98538261892,3.00607630263,2.99571159243,0.00167824612151
5200,3.00607630263,3.0269134281,3.01647687316,0.00102467900409
5200,3.0269134281,3.04789498963,3.03738609195,0.00098579376023
5200,3.04789498963,3.06902198839,3.05844024651,0.00123158957311
5200,3.06902198839,3.09029543251,3.0796403415,0.00164650992027
5200,3.09029543251,3.11171633711,3.10098738853,0.00121020848631
5200,3.11171633711,3.13328572432,3.12248240622,0.00137131486337
5200,3.13328572432,3.15500462337,3.14412642026,0.00138043769987
5200,3.15500462337,3.17687407065,3.16592046343,0.00158094146295
5200,3.17687407065,3.19889510969,3.1878655757,0.000591278424263
5200,3.19889510969,3.22106879128,3.20996280421,0.00110675127618
5200,3.22106879128,3.24339617349,3.2322132034,0.00118904429357
5200,3.24339617349,3.26587832172,3.25461783498,0.00115718642517
5200,3.26587832172,3.28851630876,3.27717776805,0.00133328718592
5200,3.28851630876,3.31131121483,3.29989407911,0.000969856186071
5200,3.31131121483,3.33426412763,3.32276785211,0.00103746555138
5200,3.33426412763,3.35737614243,3.34580017853,0.00151591243873
5200,3.35737614243,3.38064836206,3.36899215741,0.000465066317948
5200,3.38064836206,3.40408189701,3.39234489541,0.000833990331873
5200,3.40408189701,3.42767786546,3.41585950686,0.000898147091089
5200,3.42767786546,3.45143739336,3.43953711381,0.0010085489361
5200,3.45143739336,3.47536161443,3.46337884608,0.00135622654369
5200,3.47536161443,3.49945167028,3.48738584135,0.00129088856394
5200,3.49945167028,3.52370871042,3.51155924516,0.00104954195814
5200,3.52370871042,3.54813389234,3.535900211,0.00119707179449
5200,3.54813389234,3.57272838152,3.56040990036,0.00131401725903
5200,3.57272838152,3.59749335156,3.58508948277,0.00112291892551
5200,3.59749335156,3.62242998417,3.60994013586,0.00101135701113
5200,3.62242998417,3.64753946926,3.63496304546,0.00163092496139
5200,3.64753946926,3.67282300498,3.66015940558,0.00130732073626
5200,3.67282300498,3.6982817978,3.68553041852,0.00173609685812
5200,3.6982817978,3.72391706255,3.71107729493,0.00176503887664
5200,3.72391706255,3.74973002245,3.73680125382,0.000497458656865
5200,3.74973002245,3.77572190925,3.76270352268,0.001097428527
5200,3.77572190925,3.80189396321,3.78878533748,0.000865490987865
5200,3.80189396321,3.82824743317,3.81504794279,0.00111337305204
5200,3.82824743317,3.85478357666,3.84149259179,0.00136767941488
5200,3.85478357666,3.88150365991,3.86812054633,0.00131984382999
5200,3.88150365991,3.90840895792,3.89493307704,0.00120693840342
5200,3.90840895792,3.93550075456,3.92193146333,0.00112660643605
5200,3.93550075456,3.96278034255,3.94911699349,0.00121223351453
5200,3.96278034255,3.99024902362,3.97649096475,0.00128063877309
5200,3.99024902362,4.01790810849,4.00405468331,0.00189207572461
5200,4.01790810849,4.04575891697,4.03180946443,0.000868599353305
5200,4.04575891697,4.07380277804,4.05975663252,0.00107459994299
5200,4.07380277804,4.10204102987,4.08789752111,0.000889490712773
5200,4.10204102987,4.1304750199,4.11623347303,0.00168078396026
5200,4.1304750199,4.15910610494,4.14476584038,0.000699497867302
5200,4.15910610494,4.18793565118,4.17349598465,0.000956231088186
5200,4.18793565118,4.21696503429,4.20242527677,0.00216775374805
5200,4.21696503429,4.24619563946,4.23155509717,0.00109188279244
5200,4.24619563946,4.27562886152,4.26088683583,0.00113235056713
5200,4.27562886152,4.30526610492,4.29042189239,0.00219041333303
5200,4.30526610492,4.33510878388,4.32016167618,0.00147690717107
5200,4.33510878388,4.3651583224,4.35010760631,0.00141601848016
5200,4.3651583224,4.39541615438,4.3802611117,0.00142203985011
5200,4.39541615438,4.42588372363,4.41062363121,0.00061621061224
5200,4.42588372363,4.45656248398,4.44119661366,0.00128003118706
5200,4.45656248398,4.48745389933,4.47198151789,0.00162703267108
5200,4.48745389933,4.51855944375,4.50297981288,0.000981305483206
5200,4.51855944375,4.5498806015,4.53419297779,0.00137060917713
5200,4.5498806015,4.58141886715,4.56562250202,0.00152678406763
5200,4.58141886715,4.6131757456,4.59726988531,0.00107538674223
5200,4.6131757456,4.64515275223,4.62913663778,0.00141170445449
5200,4.64515275223,4.67735141287,4.66122428002,0.000876882905942
5200,4.67735141287,4.70977326397,4.69353434317,0.00108489045254
5200,4.70977326397,4.7424198526,4.72606836898,0.000613877566862
5200,4.7424198526,4.77529273658,4.75882790989,0.00182370754663
5200,4.77529273658,4.8083934845,4.79181452908,0.00198361207138
5200,4.8083934845,4.84172367584,4.8250298006,0.00131317860205
5200,4.84172367584,4.87528490103,4.85847530937,0.00103134250436
5200,4.87528490103,4.90907876153,4.89215265134,0.0016541598009
5200,4.90907876153,4.94310686987,4.9260634335,0.00117877491024
5200,4.94310686987,4.97737084979,4.96020927396,0.00119238727012
5200,4.97737084979,5.01187233627,4.99459180208,0.00207485669724
5200,5.01187233627,5.04661297564,5.0292126585,0.00135050171596
5200,5.04661297564,5.08159442561,5.06407349524,0.00103675903285
5200,5.08159442561,5.1168183554,5.09917597575,0.00129185912296
5200,5.1168183554,5.15228644582,5.13452177503,0.0010990747313
5200,5.15228644582,5.18800038929,5.17011257969,0.00146051024429
5200,5.18800038929,5.22396188999,5.20595008802,0.00162483807899
5200,5.22396188999,5.26017266391,5.24203601008,0.00183950081425
5200,5.26017266391,5.29663443892,5.27837206782,0.000224472547119
5200,5.29663443892,5.33334895488,5.31495999507,0.00126432659953
5200,5.33334895488,5.3703179637,5.35180153771,0.00135777077751
5200,5.3703179637,5.40754322946,5.38889845373,0.000976783768122
5200,5.40754322946,5.44502652842,5.42625251329,0.00162284975802
5200,5.44502652842,5.48276964921,5.46386549882,0.00126298075101
5200,5.48276964921,5.52077439281,5.50173920511,0.000857130972711
5200,5.52077439281,5.5590425727,5.53987543939,0.00245630444594
5200,5.5590425727,5.59757601495,5.57827602141,0.000870520578213
5200,5.59757601495,5.63637655826,5.61694278356,0.00127105436012
5200,5.63637655826,5.67544605409,5.65587757089,0.00110276180699
5200,5.67544605409,5.71478636672,5.69508224128,0.00184741997198
5200,5.71478636672,5.75439937337,5.73455866546,0.00152902706916
5200,5.75439937337,5.79428696427,5.77430872714,0.00154389341161
5200,5.79428696427,5.83445104274,5.81433432308,0.00167374211938
5200,5.83445104274,5.8748935253,5.85463736321,0.00116988941616
5200,5.8748935253,5.91561634175,5.89521977065,0.00106802873412
5200,5.91561634175,5.95662143529,5.93608348191,0.00137778483845
5200,5.95662143529,5.99791076256,5.97723044689,0.00147148087845
5200,5.99791076256,6.03948629376,6.018662629,0.00108573075553
5200,6.03948629376,6.08135001279,6.06038200527,0.00253369197244
5200,6.08135001279,6.12350391725,6.10239056645,0.00162928317963
5200,6.12350391725,6.16595001861,6.14469031706,0.00109760319201
5200,6.16595001861,6.2086903423,6.18728327553,0.00130120126274
5200,6.2086903423,6.25172692776,6.23017147429,0.000433030733085
5200,6.25172692776,6.29506182857,6.27335695984,0.00267938413226
5200,6.29506182857,6.33869711257,6.31684179288,0.00114712016988
5200,6.33869711257,6.38263486191,6.36062804837,0.001581026832
5200,6.38263486191,6.42687717317,6.40471781569,0.00103805668021
5200,6.42687717317,6.47142615749,6.44911319868,0.00137866715968
5200,6.47142615749,6.51628394061,6.49381631576,0.000685502989865
5200,6.51628394061,6.56145266303,6.53882930005,0.00197590812783
5200,6.56145266303,6.60693448008,6.58415429943,0.00127542940173
5200,6.60693448008,6.65273156202,6.62979347671,0.00163241323001
5200,6.65273156202,6.69884609417,6.67574900964,0.00185911938065
5200,6.69884609417,6.74528027698,6.72202309112,0.00118672319003
5200,6.74528027698,6.79203632617,6.7686179292,0.00160639890945
5200,6.79203632617,6.83911647281,6.81553574727,0.00155486978955
5200,6.83911647281,6.88652296344,6.86277878411,0.00171899063647
5200,6.88652296344,6.93425806017,6.91034929405,0.00146755365789
5200,6.93425806017,6.98232404077,6.95824954701,0.00168138741099
5200,6.98232404077,7.03072319884,7.00648182865,0.00229573278381
5200,7.03072319884,7.07945784384,7.05504844051,0.000999045496848
5200,7.07945784384,7.12853030127,7.10395170003,0.00175417404205
5200,7.12853030127,7.17794291271,7.15319394075,0.00205594364882
5200,7.17794291271,7.22769803602,7.20277751238,0.00113519875995
5200,7.22769803602,7.27779804537,7.25270478091,0.0022538391972
5200,7.27779804537,7.32824533139,7.30297812873,0.000630552087717
5200,7.32824533139,7.37904230129,7.35359995475,0.00145913305438
5200,7.37904230129,7.43019137897,7.40457267451,0.00072415684016
5200,7.43019137897,7.48169500511,7.45589872028,0.00146617386572
5200,7.48169500511,7.53355563734,7.5075805412,0.00146603231385
5200,7.53355563734,7.58577575029,7.55962060339,0.000994685997548
5200,7.58577575029,7.63835783578,7.61202139006,0.00198129970581
5200,7.63835783578,7.69130440287,7.66478540163,0.00209100461898
5200,7.69130440287,7.74461797803,7.71791515585,0.00153093082216
5200,7.74461797803,7.79830110523,7.77141318794,0.00240074667893
5200,7.79830110523,7.8523563461,7.82528205067,0.00152535090773
5200,7.8523563461,7.90678628,7.87952431451,0.00208899598981
5200,7.90678628,7.96159350417,7.93414256777,0.00213330403642
5200,7.96159350417,8.01678063388,7.98913941667,0.00131047698727
5200,8.01678063388,8.07235030249,8.04451748552,0.00199086438828
5200,8.07235030249,8.12830516164,8.1002794168,0.00237210095546
5200,8.12830516164,8.18464788135,8.15642787133,0.00255883444087
5200,8.18464788135,8.24138115013,8.21296552835,0.00172227437291
5200,8.24138115013,8.29850767514,8.26989508568,0.0012056596843
5200,8.29850767514,8.35603018231,8.32721925985,0.00256070360361
5200,8.35603018231,8.41395141645,8.38494078622,0.00179412269878
5200,8.41395141645,8.47227414141,8.44306241909,0.0023228032976
5200,8.47227414141,8.53100114018,8.50158693187,0.000927304540744
5200,8.53100114018,8.59013521505,8.5605171172,0.00175750923056
5200,8.59013521505,8.64967918776,8.61985578706,0.00140211506761
5200,8.64967918776,8.70963589956,8.67960577292,0.0016156280353
5200,8.70963589956,8.77000821144,8.73976992591,0.00160907720543
5200,8.77000821144,8.83079900419,8.80035111687,0.00202205933155
5200,8.83079900419,8.89201117858,8.86135223659,0.00266953791161
5200,8.89201117858,8.9536476555,8.92277619588,0.00220535008065
5200,8.9536476555,9.01571137606,8.98462592571,0.00148500531223
5200,9.01571137606,9.07820530178,9.04690437738,0.00254988061172
5200,9.07820530178,9.1411324147,9.10961452266,0.00133930398772
5200,9.1411324147,9.20449571753,9.1727593539,0.00229752266516
5200,9.20449571753,9.26829823379,9.2363418842,0.000937812686891
5200,9.26829823379,9.33254300797,9.30036514754,0.00178024271317
5200,9.33254300797,9.39723310565,9.36483219894,0.00177418340452
5200,9.39723310565,9.46237161366,9.4297461146,0.00219598273009
5200,9.46237161366,9.52796164024,9.49510999202,0.0021875444767
5200,9.52796164024,9.59400631516,9.5609269502,0.00204294021772
5200,9.59400631516,9.6605087899,9.62720012973,0.002218717026
5200,9.6605087899,9.72747223777,9.693932693,0.00137626508898
5200,9.72747223777,9.79489985409,9.7611278243,0.00253667392626
5200,9.79489985409,9.86279485631,9.82878873,0.00203981719742
5200,9.86279485631,9.93116048421,9.89691863869,0.00180848440272
5200,9.93116048421,10,9.96552080135,2.40098101774
5400,0.01,0.0100693166885,0.0100345984915,0
5400,0.0100693166885,0.0101391138574,0.0101041550053,0
5400,0.0101391138574,0.0102093948371,0.0101741936618,0
5400,0.0102093948371,0.0102801629813,0.0102447178031,0
5400,0.0102801629813,0.0103514216668,0.0103157307944,0
5400,0.0103514216668,0.0104231742939,0.0103872360242,0
5400,0.0104231742939,0.0104954242865,0.0104592369046,0
5400,0.0104954242865,0.0105681750921,0.0105317368713,0
5400,0.0105681750921,0.0106414301822,0.0106047393837,0
5400,0.0106414301822,0.0107151930524,0.0106782479254,0
5400,0.0107151930524,0.0107894672223,0.0107522660039,0
5400,0.0107894672223,0.0108642562362,0.0108267971513,0
5400,0.0108642562362,0.0109395636627,0.0109018449239,0
5400,0.0109395636627,0.0110153930954,0.0109774129027,0
5400,0.0110153930954,0.0110917481526,0.0110535046938,0
5400,0.0110917481526,0.0111686324778,0.011130123928,0
5400,0.0111686324778,0.0112460497397,0.0112072742614,0
5400,0.0112460497397,0.0113240036324,0.0112849593753,0
5400,0.0113240036324,0.0114024978756,0.0113631829767,0
5400,0.0114024978756,0.011481536215,0.0114419487982,0
5400,0.011481536215,0.0115611224219,0.0115212605983,0
5400,0.0115611224219,0.0116412602941,0.0116011221615,0
5400,0.0116412602941,0.0117219536555,0.0116815372986,0
5400,0.0117219536555,0.0118032063565,0.0117625098468,0
5400,0.0118032063565,0.0118850222744,0.01184404367,0
5400,0.0118850222744,0.0119674053131,0.0119261426586,0
5400,0.0119674053131,0.0120503594037,0.0120088107301,0
5400,0.0120503594037,0.0121338885046,0.0120920518294,0
5400,0.0121338885046,0.0122179966016,0.0121758699285,0
5400,0.0122179966016,0.0123026877081,0.0122602690268,0
5400,0.0123026877081,0.0123879658653,0.0123452531517,0
5400,0.0123879658653,0.0124738351424,0.0124308263584,0
5400,0.0124738351424,0.0125602996369,0.0125169927303,0
5400,0.0125602996369,0.0126473634747,0.0126037563789,0
5400,0.0126473634747,0.0127350308102,0.0126911214445,0
5400,0.0127350308102,0.0128233058266,0.0127790920957,0
5400,0.0128233058266,0.0129121927361,0.0128676725303,0
5400,0.0129121927361,0.0130016957803,0.0129568669752,0
5400,0.0130016957803,0.01309181923,0.0130466796864,0
5400,0.01309181923,0.0131825673856,0.0131371149496,0
5400,0.0131825673856,0.0132739445773,0.0132281770801,0
5400,0.0132739445773,0.0133659551655,0.0133198704231,0
5400,0.0133659551655,0.0134586035406,0.0134121993541,0
5400,0.0134586035406,0.0135518941235,0.0135051682786,0
5400,0.0135518941235,0.0136458313659,0.0135987816328,0
5400,0.0136458313659,0.0137404197501,0.0136930438839,0
5400,0.0137404197501,0.0138356637897,0.0137879595297,0
5400,0.0138356637897,0.0139315680295,0.0138835330993,0
5400,0.0139315680295,0.0140281370456,0.0139797691532,0
5400,0.0140281370456,0.0141253754462,0.0140766722836,0
5400,0.0141253754462,0.0142232878712,0.0141742471144,0
5400,0.0142232878712,0.0143218789927,0.0142724983016,0
5400,0.0143218789927,0.0144211535152,0.0143714305336,0
5400,0.0144211535152,0.0145211161759,0.0144710485309,0
5400,0.0145211161759,0.0146217717446,0.0145713570473,0
5400,0.0146217717446,0.0147231250243,0.0146723608691,0
5400,0.0147231250243,0.0148251808515,0.0147740648159,0
5400,0.0148251808515,0.0149279440958,0.0148764737408,0
5400,0.0149279440958,0.0150314196609,0.0149795925304,0
5400,0.0150314196609,0.0151356124844,0.0150834261054,0
5400,0.0151356124844,0.015240527538,0.0151879794203,0
5400,0.015240527538,0.015346169828,0.0152932574642,0
5400,0.015346169828,0.0154525443954,0.0153992652606,0
5400,0.0154525443954,0.0155596563161,0.0155060078679,0
5400,0.0155596563161,0.0156675107011,0.0156134903797,0
5400,0.0156675107011,0.015776112697,0.0157217179246,0
5400,0.015776112697,0.015885467486,0.0158306956671,0
5400,0.015885467486,0.0159955802861,0.0159404288071,0
5400,0.0159955802861,0.0161064563518,0.016050922581,0
5400,0.0161064563518,0.0162181009736,0.0161621822611,0
5400,0.0162181009736,0.0163305194789,0.0162742131564,0
5400,0.0163305194789,0.0164437172321,0.0163870206128,0
5400,0.0164437172321,0.0165576996347,0.0165006100132,0
5400,0.0165576996347,0.0166724721255,0.0166149867777,0
5400,0.0166724721255,0.0167880401812,0.016730156364,0
5400,0.0167880401812,0.0169044093164,0.0168461242677,0
5400,0.0169044093164,0.0170215850839,0.0169628960226,0
5400,0.0170215850839,0.0171395730751,0.0170804772006,0
5400,0.0171395730751,0.0172583789199,0.0171988734124,0
5400,0.0172583789199,0.0173780082875,0.0173180903075,0
5400,0.0173780082875,0.0174984668862,0.0174381335747,0
5400,0.0174984668862,0.0176197604641,0.017559008942,0
5400,0.0176197604641,0.0177418948089,0.0176807221773,0
5400,0.0177418948089,0.0178648757485,0.0178032790885,0
5400,0.0178648757485,0.0179887091513,0.0179266855237,0
5400,0.0179887091513,0.0181134009262,0.0180509473713,0
5400,0.0181134009262,0.0182389570232,0.018176070561,0
5400,0.0182389570232,0.0183653834335,0.0183020610631,0
5400,0.0183653834335,0.0184926861898,0.0184289248897,0
5400,0.0184926861898,0.0186208713666,0.0185566680943,0
5400,0.0186208713666,0.0187499450807,0.0186852967726,0
5400,0.0187499450807,0.018879913491,0.0188148170622,0
5400,0.018879913491,0.0190107827992,0.0189452351436,0
5400,0.0190107827992,0.0191425592502,0.0190765572399,0
5400,0.0191425592502,0.0192752491319,0.0192087896175,0
5400,0.0192752491319,0.0194088587759,0.0193419385862,0
5400,0.0194088587759,0.0195433945578,0.0194760104994,0
5400,0.0195433945578,0.0196788628971,0.0196110117548,0
5400,0.0196788628971,0.0198152702581,0.0197469487941,0
5400,0.0198152702581,0.0199526231497,0.019883828104,0
5400,0.0199526231497,0.0200909281261,0.0200216562159,0
5400,0.0200909281261,0.0202301917868,0.0201604397066,0
5400,0.0202301917868,0.0203704207771,0.0203001851986,0
5400,0.0203704207771,0.0205116217883,0.02044089936,0
5400,0.0205116217883,0.0206538015581,0.0205825889054,0
5400,0.0206538015581,0.020796966871,0.0207252605958,0
5400,0.020796966871,0.0209411245585,0.0208689212391,0
5400,0.0209411245585,0.0210862814993,0.0210135776905,0
5400,0.0210862814993,0.02123244462,0.0211592368524,0
5400,0.02123244462,0.021379620895,0.0213059056754,0
5400,0.021379620895,0.0215278173472,0.0214535911582,0
5400,0.0215278173472,0.0216770410482,0.0216023003477,0
5400,0.0216770410482,0.0218272991184,0.0217520403402,0
5400,0.0218272991184,0.0219785987278,0.0219028182807,0
5400,0.0219785987278,0.0221309470961,0.0220546413639,0
5400,0.0221309470961,0.0222843514927,0.0222075168345,0
5400,0.0222843514927,0.0224388192378,0.0223614519872,0
5400,0.0224388192378,0.0225943577022,0.0225164541674,0
5400,0.0225943577022,0.0227509743077,0.0226725307715,0
5400,0.0227509743077,0.0229086765277,0.0228296892468,0
5400,0.0229086765277,0.0230674718872,0.0229879370926,0
5400,0.0230674718872,0.0232273679636,0.0231472818602,0
5400,0.0232273679636,0.0233883723866,0.0233077311528,0
5400,0.0233883723866,0.023550492839,0.0234692926269,0
5400,0.023550492839,0.0237137370566,0.0236319739915,0
5400,0.0237137370566,0.0238781128291,0.0237957830096,0
5400,0.0238781128291,0.0240436280001,0.0239607274975,0
5400,0.0240436280001,0.0242102904674,0.0241268153259,0
5400,0.0242102904674,0.0243781081837,0.0242940544202,0
5400,0.0243781081837,0.0245470891569,0.0244624527605,0
5400,0.0245470891569,0.0247172414502,0.0246320183824,0
5400,0.0247172414502,0.0248885731828,0.0248027593769,0
5400,0.0248885731828,0.0250610925303,0.0249746838915,0
5400,0.0250610925303,0.0252348077248,0.02514780013,0
5400,0.0252348077248,0.0254097270555,0.0253221163528,0
5400,0.0254097270555,0.0255858588691,0.025497640878,0
5400,0.0255858588691,0.02576321157,0.0256743820811,0
5400,0.02576321157,0.0259417936212,0.0258523483956,0
5400,0.0259417936212,0.026121613544,0.0260315483137,0
5400,0.026121613544,0.026302679919,0.0262119903864,0
5400,0.026302679919,0.0264850013861,0.0263936832237,0
5400,0.0264850013861,0.0266685866452,0.0265766354955,0
5400,0.0266685866452,0.0268534444566,0.026760855932,0
5400,0.0268534444566,0.0270395836411,0.0269463533235,0
5400,0.0270395836411,0.0272270130808,0.0271331365215,0
5400,0.0272270130808,0.0274157417193,0.0273212144388,0
5400,0.0274157417193,0.0276057785622,0.0275105960499,0
5400,0.0276057785622,0.0277971326776,0.0277012903916,0
5400,0.0277971326776,0.0279898131963,0.0278933065634,0
5400,0.0279898131963,0.0281838293126,0.0280866537277,0
5400,0.0281838293126,0.0283791902844,0.0282813411105,0
5400,0.0283791902844,0.0285759054337,0.0284773780017,0
5400,0.0285759054337,0.0287739841474,0.0286747737558,0
5400,0.0287739841474,0.028973435877,0.0288735377919,0
5400,0.028973435877,0.02917427014,0.0290736795944,0
5400,0.02917427014,0.0293764965196,0.0292752087137,0
5400,0.0293764965196,0.0295801246655,0.0294781347661,0
5400,0.0295801246655,0.0297851642943,0.0296824674346,0
5400,0.0297851642943,0.0299916251899,0.0298882164696,0
5400,0.0299916251899,0.030199517204,0.0300953916887,0
5400,0.030199517204,0.0304088502568,0.0303040029779,0
5400,0.0304088502568,0.0306196343369,0.0305140602914,0
5400,0.0306196343369,0.0308318795025,0.0307255736527,0
5400,0.0308318795025,0.0310455958813,0.0309385531545,1.46818137458e-05
5400,0.0310455958813,0.0312607936712,0.0311530089597,0
5400,0.0312607936712,0.031477483141,0.0313689513016,0
5400,0.031477483141,0.0316956746304,0.0315863904842,0
5400,0.0316956746304,0.031915378551,0.0318053368833,1.7422966419e-05
5400,0.031915378551,0.0321366053864,0.0320258009463,0
5400,0.0321366053864,0.032359365693,0.0322477931932,0
5400,0.032359365693,0.0325836701002,0.0324713242168,0
5400,0.0325836701002,0.0328095293113,0.0326964046834,0
5400,0.0328095293113,0.0330369541037,0.0329230453333,0
5400,0.0330369541037,0.0332659553294,0.0331512569812,0
5400,0.0332659553294,0.0334965439158,0.0333810505166,0
5400,0.0334965439158,0.0337287308659,0.0336124369047,0
5400,0.0337287308659,0.033962527259,0.0338454271866,0
5400,0.033962527259,0.0341979442514,0.03408003248,0
5400,0.0341979442514,0.0344349930763,0.0343162639796,7.35611526891e-05
5400,0.0344349930763,0.0346736850453,0.0345541329578,2.17987902476e-06
5400,0.0346736850453,0.0349140315479,0.0347936507649,0
5400,0.0349140315479,0.0351560440528,0.0350348288302,0
5400,0.0351560440528,0.0353997341083,0.0352776786619,0.000457541189027
5400,0.0353997341083,0.0356451133426,0.0355222118482,0
5400,0.0356451133426,0.0358921934645,0.0357684400576,0
5400,0.0358921934645,0.036140986264,0.0360163750395,0.000134872008844
5400,0.036140986264,0.0363915036127,0.0362660286245,0
5400,0.0363915036127,0.0366437574648,0.0365174127255,1.28286793382e-05
5400,0.0366437574648,0.036897759857,0.0367705393378,8.24344418735e-05
5400,0.036897759857,0.0371535229097,0.03702542054,1.00255904794e-05
5400,0.0371535229097,0.0374110588272,0.0372820684943,0
5400,0.0374110588272,0.0376703798984,0.0375404954472,2.62538664221e-05
5400,0.0376703798984,0.0379314984974,0.0378007137302,3.27985548635e-05
5400,0.0379314984974,0.038194427084,0.0380627357601,0.000271736925864
5400,0.038194427084,0.0384591782045,0.03832657404,0
5400,0.0384591782045,0.0387257644922,0.0385922411595,7.09925678652e-05
5400,0.0387257644922,0.0389941986677,0.0388597497954,0.000123497681664
5400,0.0389941986677,0.03926449354,0.0391291127127,0
5400,0.03926449354,0.0395366620068,0.0394003427645,0.000169644044432
5400,0.0395366620068,0.0398107170553,0.0396734528932,6.55116458528e-05
5400,0.0398107170553,0.0400866717627,0.0399484561308,0.000108490577689
5400,0.0400866717627,0.0403645392968,0.0402253655999,0.000146968683622
5400,0.0403645392968,0.0406443329165,0.0405041945136,0
5400,0.0406443329165,0.040926065973,0.0407849561771,2.19362617688e-05
5400,0.040926065973,0.0412097519097,0.0410676639875,0.000246983294656
5400,0.0412097519097,0.0414954042634,0.0413523314348,0.000176284724396
5400,0.0414954042634,0.0417830366647,0.0416389721025,4.42002988415e-05
5400,0.0417830366647,0.0420726628384,0.0419275996685,0.000151707072493
5400,0.0420726628384,0.042364296605,0.0422182279051,4.96680748311e-05
5400,0.042364296605,0.0426579518802,0.0425108706805,0.000267320206199
5400,0.0426579518802,0.0429536426765,0.0428055419586,0.000269000461117
5400,0.0429536426765,0.0432513831035,0.0431022558005,4.29846376787e-05
5400,0.0432513831035,0.0435511873686,0.0434010263645,0.000332784767024
5400,0.0435511873686,0.0438530697775,0.0437018679071,0.000108978468663
5400,0.0438530697775,0.0441570447353,0.0440047947836,0.000284273978292
5400,0.0441570447353,0.0444631267469,0.0443098214489,0.000146954913816
5400,0.0444631267469,0.0447713304176,0.0446169624581,0
5400,0.0447713304176,0.0450816704541,0.044926232467,0
5400,0.0450816704541,0.045394161665,0.0452376462332,0.00016641339604
5400,0.045394161665,0.0457088189615,0.0455512186166,0.000559731625381
5400,0.0457088189615,0.0460256573581,0.0458669645798,0.000105459186687
5400,0.0460256573581,0.0463446919736,0.0461848991895,0.000317879020405
5400,0.0463446919736,0.0466659380314,0.0465050376167,0.000214692911543
5400,0.0466659380314,0.0469894108605,0.0468273951374,0.000484847558686
5400,0.0469894108605,0.0473151258961,0.0471519871336,8.31618277902e-05
5400,0.0473151258961,0.0476430986805,0.0474788290942,0.000404355421241
5400,0.0476430986805,0.0479733448637,0.0478079366149,0.000268232145203
5400,0.0479733448637,0.048305880204,0.0481393254,0.00011031344283
5400,0.048305880204,0.0486407205691,0.0484730112624,0.000869139644383
5400,0.0486407205691,0.0489778819368,0.0488090101248,6.28998371702e-05
5400,0.0489778819368,0.0493173803955,0.0491473380199,0.000505931055223
5400,0.0493173803955,0.049659232145,0.049488011092,0.000129522448413
5400,0.049659232145,0.0500034534977,0.0498310455971,9.84510395352e-05
5400,0.0500034534977,0.0503500608788,0.0501764579037,1.89125472677e-05
5400,0.0503500608788,0.0506990708275,0.050524264494,2.16416838994e-05
5400,0.0506990708275,0.0510504999975,0.0508744819645,0.000294321107763
5400,0.0510504999975,0.0514043651582,0.0512271270265,0.000294320248542
5400,0.0514043651582,0.0517606831951,0.0515822165072,0.000607544564105
5400,0.0517606831951,0.0521194711105,0.0519397673507,0.00018815257888
5400,0.0521194711105,0.052480746025,0.0522997966182,0.000331435028962
5400,0.052480746025,0.0528445251775,0.0526623214894,0.000497756013304
5400,0.0528445251775,0.0532108259267,0.0530273592629,0.000551713830971
5400,0.0532108259267,0.0535796657513,0.0533949273574,0.000371565711138
5400,0.0535796657513,0.0539510622515,0.0537650433122,0.000576198901586
5400,0.0539510622515,0.0543250331492,0.0541377247883,0
5400,0.0543250331492,0.0547015962894,0.0545129895689,0.000171105209837
5400,0.0547015962894,0.0550807696405,0.0548908555607,0.00055234280714
5400,0.0550807696405,0.0554625712958,0.0552713407944,0.000197157636165
5400,0.0554625712958,0.0558470194737,0.0556544634258,0.000153644437686
5400,0.0558470194737,0.056234132519,0.0560402417364,0.000516295215356
5400,0.056234132519,0.0566239289038,0.0564286941345,0
5400,0.0566239289038,0.0570164272281,0.056819839156,0.000401455971628
5400,0.0570164272281,0.0574116462207,0.0572136954652,0.000193810388749
5400,0.0574116462207,0.0578096047406,0.057610281856,0.00032561027744
5400,0.0578096047406,0.0582103217771,0.0580096172523,0.000380735006859
5400,0.0582103217771,0.0586138164514,0.0584117207093,0.000269701803034
5400,0.0586138164514,0.0590201080172,0.0588166114143,0.00087344381326
5400,0.0590201080172,0.0594292158616,0.0592243086876,0.000846945576424
5400,0.0594292158616,0.059841159506,0.0596348319834,0.0012608736164
5400,0.059841159506,0.0602559586074,0.0600482008908,0.00015177399825
5400,0.0602559586074,0.0606736329589,0.0604644351345,0.000343135457435
5400,0.0606736329589,0.0610942024906,0.0608835545761,0.000356546321094
5400,0.0610942024906,0.061517687271,0.061305579215,0.000774788260055
5400,0.061517687271,0.0619441075077,0.0617305291889,0.000874785185364
5400,0.0619441075077,0.0623734835482,0.0621584247753,0.000397413297558
5400,0.0623734835482,0.0628058358813,0.0625892863921,0.000621786692529
5400,0.0628058358813,0.0632411851376,0.0630231345991,0.00100465101455
5400,0.0632411851376,0.0636795520908,0.0634599900981,0.000629365558059
5400,0.0636795520908,0.0641209576585,0.0638998737348,0.000291114881764
5400,0.0641209576585,0.0645654229035,0.0643428064992,0.000519784097183
5400,0.0645654229035,0.0650129690343,0.0647888095269,0.000215305805156
5400,0.0650129690343,0.0654636174067,0.0652379040998,0.000683428105856
5400,0.0654636174067,0.0659173895244,0.0656901116476,0.000598199269755
5400,0.0659173895244,0.0663743070402,0.0661454537484,0.000231975114832
5400,0.0663743070402,0.0668343917569,0.0666039521298,0.000469990361325
5400,0.0668343917569,0.0672976656284,0.0670656286702,0.000374458626104
5400,0.0672976656284,0.0677641507611,0.0675305053995,0.000690029258712
5400,0.0677641507611,0.0682338694142,0.0679986045003,0.000554816988268
5400,0.0682338694142,0.0687068440014,0.0684699483091,0.000383092621719
5400,0.0687068440014,0.0691830970919,0.0689445593171,4.99462233429e-05
5400,0.0691830970919,0.0696626514111,0.0694224601714,0.000808072196568
5400,0.0696626514111,0.070145529842,0.0699036736762,0.00140512151799
5400,0.070145529842,0.0706317554263,0.0703882227936,0.000748901543395
5400,0.0706317554263,0.0711213513653,0.0708761306451,0.000410748902161
5400,0.0711213513653,0.0716143410213,0.0713674205122,0.000296580215125
5400,0.0716143410213,0.0721107479183,0.071862115838,0.0012715982686
5400,0.0721107479183,0.0726105957435,0.072360240228,0.000658816588973
5400,0.0726105957435,0.0731139083483,0.0728618174513,0.0002087923635
5400,0.0731139083483,0.0736207097495,0.0733668714418,0.000771890688129
5400,0.0736207097495,0.0741310241301,0.0738754262994,0.000785046600217
5400,0.0741310241301,0.074644875841,0.0743875062908,0.000772933519225
5400,0.074644875841,0.0751622894018,0.0749031358511,0.000916445590178
5400,0.0751622894018,0.0756832895021,0.0754223395848,0.000449878864037
5400,0.0756832895021,0.0762079010025,0.0759451422668,0.00045157084957
5400,0.0762079010025,0.0767361489362,0.0764715688439,0.000531820150135
5400,0.0767361489362,0.0772680585096,0.0770016444357,0.000735882514356
5400,0.0772680585096,0.077803655104,0.077535394336,0.000642123661091
5400,0.077803655104,0.0783429642766,0.0780728440138,0.00079635095539
5400,0.0783429642766,0.0788860117619,0.0786140191148,0.000941629848718
5400,0.0788860117619,0.0794328234724,0.0791589454624,0.000521276528555
5400,0.0794328234724,0.0799834255007,0.079707649059,0.000806558578348
5400,0.0799834255007,0.0805378441199,0.0802601560873,0.002308331675
5400,0.0805378441199,0.0810961057854,0.0808164929113,0.00112605739499
5400,0.0810961057854,0.0816582371359,0.0813766860779,0.000150287994111
5400,0.0816582371359,0.0822242649947,0.081940762318,0.000221227908447
5400,0.0822242649947,0.0827942163712,0.0825087485479,0.000808138816129
5400,0.0827942163712,0.083368118462,0.0830806718702,0.000974948105722
5400,0.083368118462,0.0839459986519,0.0836565595756,0.000868674234272
5400,0.0839459986519,0.084527884516,0.0842364391438,0.000322208907779
5400,0.084527884516,0.0851138038202,0.0848203382452,0.000379973955007
5400,0.0851138038202,0.085703784523,0.0854082847419,0.00136634248593
5400,0.085703784523,0.0862978547767,0.0860003066889,0.00111299037741
5400,0.0862978547767,0.0868960429286,0.086596432336,0.00166666618076
5400,0.0868960429286,0.0874983775227,0.0871966901287,0.000390124041985
5400,0.0874983775227,0.0881048873008,0.0878011087097,0.000373991573381
5400,0.0881048873008,0.0887156012038,0.08840971692,0.00111737569562
5400,0.0887156012038,0.0893305483733,0.089022543801,0.00103502440862
5400,0.0893305483733,0.089949758153,0.089639618595,0.000663316922899
5400,0.089949758153,0.0905732600898,0.0902609707471,0.00120939327634
5400,0.0905732600898,0.0912010839356,0.0908866299066,0.000576210242506
5400,0.0912010839356,0.0918332596484,0.0915166259281,0.00025249409616
5400,0.0918332596484,0.0924698173938,0.0921509888735,0.000594993894821
5400,0.0924698173938,0.0931107875468,0.0927897490127,0.00078456320018
5400,0.0931107875468,0.0937562006926,0.0934329368257,0.000495844230382
5400,0.0937562006926,0.0944060876286,0.0940805830037,0.0004539916046
5400,0.0944060876286,0.0950604793656,0.0947327184504,0.000505288388819
5400,0.0950604793656,0.0957194071295,0.0953893742842,0.000336364307039
5400,0.0957194071295,0.0963829023624,0.0960505818387,0.00106567577388
5400,0.0963829023624,0.0970509967245,0.096716372665,0.000755224808311
5400,0.0970509967245,0.0977237220956,0.0973867785329,0.000956434422649
5400,0.0977237220956,0.0984011105761,0.0980618314322,0.000925578699906
5400,0.0984011105761,0.0990831944893,0.0987415635747,0.000822453694312
5400,0.0990831944893,0.0997700063823,0.0994260073953,0.000926278024081
5400,0.0997700063823,0.100461579028,0.100115195554,0.000414005330289
5400,0.100461579028,0.101157945426,0.100809160936,0.000274465719193
5400,0.101157945426,0.101859138805,0.101507936657,0.000321481968916
5400,0.101859138805,0.102565192625,0.10221155606,0.000841081739011
5400,0.102565192625,0.103276140576,0.102920052719,0.000699768301832
5400,0.103276140576,0.103992016583,0.103633460443,0.000291793657427
5400,0.103992016583,0.104712854805,0.104351813273,0.000782789839015
5400,0.104712854805,0.105438689639,0.105075145487,0.00123982838196
5400,0.105438689639,0.10616955572,0.1058034916,0.000806128921949
5400,0.10616955572,0.106905487922,0.106536886367,0.000993185310018
5400,0.106905487922,0.107646521363,0.107275364784,0.000302982722776
5400,0.107646521363,0.108392691402,0.108018962088,0.000884953035212
5400,0.108392691402,0.109144033645,0.108767713763,0.000638262986252
5400,0.109144033645,0.109900583943,0.109521655537,0.00065355029927
5400,0.109900583943,0.110662378398,0.110280823385,0.00132132543505
5400,0.110662378398,0.111429453359,0.111045253533,0.00144450037679
5400,0.111429453359,0.11220184543,0.111814982458,0.000444071978643
5400,0.11220184543,0.112979591467,0.112590046889,0.00057015906567
5400,0.112979591467,0.113762728582,0.113370483811,0.000484579273454
5400,0.113762728582,0.114551294145,0.114156330462,0.00029985591911
5400,0.114551294145,0.115345325782,0.114947624342,0.00143130438774
5400,0.115345325782,0.116144861384,0.115744403209,0.000539771114723
5400,0.116144861384,0.116949939102,0.116546705084,0.000471789709792
5400,0.116949939102,0.117760597352,0.117354568249,0.0016647020329
5400,0.117760597352,0.118576874817,0.118168031254,0.000628631297267
5400,0.118576874817,0.119398810446,0.118987132916,0.000782731249287
5400,0.119398810446,0.120226443462,0.119811912319,0.0012009044543
5400,0.120226443462,0.121059813355,0.12064240882,0.000792298152639
5400,0.121059813355,0.121898959892,0.121478662047,0.000290170853431
5400,0.121898959892,0.122743923116,0.122320711905,0.000364876105578
5400,0.122743923116,0.123594743344,0.123168598574,0.000637756378131
5400,0.123594743344,0.124451461177,0.124022362512,0.000325087510248
5400,0.124451461177,0.125314117494,0.124882044459,0.000958275375824
5400,0.125314117494,0.126182753459,0.125747685437,0.000321812075213
5400,0.126182753459,0.127057410521,0.126619326751,0.000627852831327
5400,0.127057410521,0.127938130416,0.127497009994,0.000275694447666
5400,0.127938130416,0.128824955169,0.128380777047,0.000965874566196
5400,0.128824955169,0.129717927098,0.129270670081,0.000902659112355
5400,0.129717927098,0.130617088813,0.130166731558,0.000921420073275
5400,0.130617088813,0.131522483219,0.131069004237,0.000891659811244
5400,0.131522483219,0.132434153519,0.131977531171,0.000565893614277
5400,0.132434153519,0.133352143216,0.132892355713,0.000615032432443
5400,0.133352143216,0.134276496114,0.133813521515,0.000685709170178
5400,0.134276496114,0.135207256319,0.134741072534,0.0007876816521
5400,0.135207256319,0.136144468247,0.13567505303,0.000690119595187
5400,0.136144468247,0.137088176616,0.136615507569,0.00073028260357
5400,0.137088176616,0.13803842646,0.137562481028,0.000952398061612
5400,0.13803842646,0.138995263121,0.138516018592,0.00203459801917
5400,0.138995263121,0.139958732257,0.139476165764,0.000207480475673
5400,0.139958732257,0.140928879842,0.140442968358,0.00039711747705
5400,0.140928879842,0.141905752169,0.141416472507,0.000725098871824
5400,0.141905752169,0.142889395851,0.142396724665,0.000268938837686
5400,0.142889395851,0.143879857826,0.143383771606,0.00130117451506
5400,0.143879857826,0.144877185354,0.144377660429,0.00123443142665
5400,0.144877185354,0.145881426028,0.145378438561,0.000709161285918
5400,0.145881426028,0.146892627764,0.146386153755,0.00057594470467
5400,0.146892627764,0.147910838817,0.147400854097,0.000952206767419
5400,0.147910838817,0.148936107771,0.148422588006,0.000819915654681
5400,0.148936107771,0.14996848355,0.149451404237,0.00118517861869
5400,0.14996848355,0.151008015416,0.15048735188,0.000490676919631
5400,0.151008015416,0.152054752973,0.15153048037,0.00106796560068
5400,0.152054752973,0.153108746168,0.152580839481,0.00105677019816
5400,0.153108746168,0.154170045295,0.153638479333,0.00205763320258
5400,0.154170045295,0.155238700996,0.154703450395,0.000735216818063
5400,0.155238700996,0.156314764264,0.155775803483,0.000538750475958
5400,0.156314764264,0.157398286447,0.156855589768,0.000598910019953
5400,0.157398286447,0.158489319246,0.157942860774,0.000963137066532
5400,0.158489319246,0.159587914724,0.159037668382,0.000206907275887
5400,0.159587914724,0.160694125301,0.160140064834,0.00111004338894
5400,0.160694125301,0.161808003764,0.161250102734,0.00106066405752
5400,0.161808003764,0.162929603264,0.162367835048,0.000398044004387
5400,0.162929603264,0.16405897732,0.163493315113,0.00023587451104
5400,0.16405897732,0.165196179823,0.164626596633,0.000600033253858
5400,0.165196179823,0.166341265037,0.165767733685,0.000780690229993
5400,0.166341265037,0.167494287603,0.166916780721,0.00066411564536
5400,0.167494287603,0.168655302539,0.168073792571,0.00106234355417
5400,0.168655302539,0.169824365246,0.169238824444,0.000793355565754
5400,0.169824365246,0.171001531509,0.170411931932,0.000489384977045
5400,0.171001531509,0.172186857499,0.171593171012,0.000261760582153
5400,0.172186857499,0.173380399775,0.172782598051,0.000261097126859
5400,0.173380399775,0.174582215292,0.173980269804,0.00121901327541
5400,0.174582215292,0.175792361396,0.175186243421,0.000252661908211
5400,0.175792361396,0.177010895832,0.176400576448,0.000441542160231
5400,0.177010895832,0.178237876745,0.177623326829,0.00028647637612
5400,0.178237876745,0.179473362683,0.178854552911,0.000460069830113
5400,0.179473362683,0.180717412601,0.180094313444,0.000903272647333
5400,0.180717412601,0.181970085861,0.181342667587,0.000804701026766
5400,0.181970085861,0.183231442237,0.182599674907,0.000516937098749
5400,0.183231442237,0.184501541918,0.183865395386,0.000268651687685
5400,0.184501541918,0.185780445509,0.185139889421,0.000813758678923
5400,0.185780445509,0.187068214037,0.186423217825,0.000612275410047
5400,0.187068214037,0.188364908949,0.187715441838,0.00088437006373
5400,0.188364908949,0.189670592121,0.189016623119,0.000591590230917
5400,0.189670592121,0.190985325857,0.190326823758,0.000631536286736
5400,0.190985325857,0.192309172891,0.191646106274,0.000171794867267
5400,0.192309172891,0.193642196395,0.192974533619,0.00196000662843
5400,0.193642196395,0.194984459976,0.194312169183,0.000414549973887
5400,0.194984459976,0.196336027684,0.195659076793,0.00070733668116
5400,0.196336027684,0.197696964011,0.197015320722,0.000729725748358
5400,0.197696964011,0.199067333899,0.198380965684,0.000476702713922
5400,0.199067333899,0.200447202737,0.199756076844,0.00076820398159
5400,0.200447202737,0.201836636368,0.20114071982,0.000238844747931
5400,0.201836636368,0.203235701094,0.202534960682,0.000939274123038
5400,0.203235701094,0.204644463672,0.203938865961,0.000721570481287
5400,0.204644463672,0.206062991327,0.205352502646,0.00124053357221
5400,0.206062991327,0.207491351745,0.206775938192,0.000607270548812
5400,0.207491351745,0.208929613085,0.208209240522,0.000804834584029
5400,0.208929613085,0.210377843977,0.209652478029,0.0010030960001
5400,0.210377843977,0.211836113525,0.211105719581,0.000710384237954
5400,0.211836113525,0.213304491315,0.212569034522,0.000175394565879
5400,0.213304491315,0.214783047413,0.214042492677,0.00118196551686
5400,0.214783047413,0.216271852373,0.215526164357,0.000334639354474
5400,0.216271852373,0.217770977235,0.217020120357,0.000781849424737
5400,0.217770977235,0.219280493535,0.218524431965,0.000747893514988
5400,0.219280493535,0.220800473302,0.220039170964,0.00143014517761
5400,0.220800473302,0.222330989065,0.221564409631,0.00036588771424
5400,0.222330989065,0.223872113857,0.223100220748,0.000206367202837
5400,0.223872113857,0.225423921215,0.224646677599,0.00094853189619
5400,0.225423921215,0.226986485188,0.226203853977,0.000578521287759
5400,0.226986485188,0.228559880338,0.227771824186,0.000439346521973
5400,0.228559880338,0.230144181741,0.229350663045,0.000882153089954
5400,0.230144181741,0.231739464997,0.230940445892,0.000485736282776
5400,0.231739464997,0.233345806228,0.232541248587,0.00114246558659
5400,0.233345806228,0.234963282085,0.234153147517,0.000768589109593
5400,0.234963282085,0.236591969749,0.235776219596,5.24398287769e-05
5400,0.236591969749,0.238231946936,0.237410542273,0.00103452015635
5400,0.238231946936,0.239883291902,0.239056193534,0.00149510585698
5400,0.239883291902,0.241546083444,0.240713251905,0.000376137684917
5400,0.241546083444,0.243220400907,0.242381796455,0.00062992494073
5400,0.243220400907,0.244906324184,0.244061906804,0.000496861988735
5400,0.244906324184,0.246603933723,0.245753663122,0.00179710291122
5400,0.246603933723,0.24831331053,0.247457146133,0.00104328444736
5400,0.24831331053,0.25003453617,0.249172437125,0.000449397922232
5400,0.25003453617,0.251767692776,0.250899617947,0.00076356710602
5400,0.251767692776,0.25351286305,0.252638771013,0.00038261713819
5400,0.25351286305,0.255270130266,0.254389979313,0.000660373327596
5400,0.255270130266,0.257039578277,0.256153326409,0.00120329719488
5400,0.257039578277,0.258821291515,0.257928896443,0.00131520274714
5400,0.258821291515,0.260615355,0.25971677414,0.000628205495044
5400,0.260615355,0.262421854338,0.261517044814,0.00120109670977
5400,0.262421854338,0.264240875732,0.263329794368,0.00123919645933
5400,0.264240875732,0.26607250598,0.265155109301,0.000643491671403
5400,0.26607250598,0.267916832482,0.266993076713,0.00122338770693
5400,0.267916832482,0.269773943244,0.268843784306,0.00120768771969
5400,0.269773943244,0.271643926884,0.270707320392,0.000861197191428
5400,0.271643926884,0.273526872631,0.272583773893,0.000521620219819
5400,0.273526872631,0.275422870334,0.274473234348,0.000266110824398
5400,0.275422870334,0.277332010465,0.276375791917,0.000658911060604
5400,0.277332010465,0.279254384124,0.278291537385,0.00110809948143
5400,0.279254384124,0.28119008304,0.280220562167,5.27374630194e-05
5400,0.28119008304,0.28313919958,0.282162958309,0.000694875829316
5400,0.28313919958,0.28510182675,0.284118818498,0.000378073795358
5400,0.28510182675,0.287078058202,0.286088236063,0.000984014219171
5400,0.287078058202,0.289067988237,0.288071304978,0.000848967432144
5400,0.289067988237,0.291071711807,0.290068119869,0.00109349649771
5400,0.291071711807,0.293089324525,0.292078776021,0.00171036848842
5400,0.293089324525,0.295120922667,0.294103369375,0.00031303924548
5400,0.295120922667,0.297166603174,0.296141996539,0.000413112445655
5400,0.297166603174,0.299226463661,0.298194754793,0.000819771136772
5400,0.299226463661,0.301300602419,0.300261742086,0.00125513079388
5400,0.301300602419,0.303389118419,0.302343057051,0.000772137633082
5400,0.303389118419,0.305492111322,0.304438799002,0.000495455451011
5400,0.305492111322,0.307609681474,0.306549067943,0.000612522550906
5400,0.307609681474,0.309741929922,0.308673964568,0.000654036961779
5400,0.309741929922,0.311888958409,0.310813590274,0.00118673171379
5400,0.311888958409,0.314050869388,0.312968047156,0.000430317740313
5400,0.314050869388,0.316227766017,0.31513743802,0.000867646762495
5400,0.316227766017,0.318419752173,0.317321866384,0.00111573090655
5400,0.318419752173,0.320626932451,0.319521436481,0.000444510152863
5400,0.320626932451,0.322849412171,0.32173625327,0.00125191486607
5400,0.322849412171,0.325087297385,0.323966422435,0.00105997865307
5400,0.325087297385,0.327340694879,0.326212050394,0.000312890215692
5400,0.327340694879,0.329609712177,0.328473244303,0.000752288669877
5400,0.329609712177,0.331894457553,0.330750112059,0.000593921253858
5400,0.331894457553,0.334195040026,0.333042762309,0.00049177154905
5400,0.334195040026,0.336511569375,0.335351304451,0.00018881747611
5400,0.336511569375,0.338844156139,0.337675848642,0.000687651624832
5400,0.338844156139,0.341192911622,0.340016505804,0.000745846899913
5400,0.341192911622,0.3435579479,0.342373387626,8.36976575724e-05
5400,0.3435579479,0.345939377826,0.344746606573,0.000217608342798
5400,0.345939377826,0.348337315036,0.347136275888,0.00185667435871
5400,0.348337315036,0.350751873953,0.349542509599,0.000254918654612
5400,0.350751873953,0.353183169792,0.351965422525,0.00113727246003
5400,0.353183169792,0.355631318569,0.354405130281,0.000438594060992
5400,0.355631318569,0.358096437103,0.356861749283,0.000503870788707
5400,0.358096437103,0.360578643022,0.359335396755,0.000849495608617
5400,0.360578643022,0.36307805477,0.361826190732,0.000861156808106
5400,0.36307805477,0.365594791613,0.364334250068,0.000520509643231
5400,0.365594791613,0.368128973643,0.366859694441,0.000445331253309
5400,0.368128973643,0.370680721783,0.369402644358,0.000790216972381
5400,0.370680721783,0.373250157796,0.371963221162,0.00137296558384
5400,0.373250157796,0.375837404288,0.374541547036,0.000568597871158
5400,0.375837404288,0.378442584717,0.377137745011,0.000863773308681
5400,0.378442584717,0.381065823394,0.379751938971,0.00119462671877
5400,0.381065823394,0.383707245492,0.382384253658,0.000268711452392
5400,0.383707245492,0.386366977054,0.385034814679,0.00105294566492
5400,0.386366977054,0.389045144994,0.38770374851,0.00039329688386
5400,0.389045144994,0.391741877108,0.390391182508,0.00067057112805
5400,0.391741877108,0.394457302075,0.393097244907,0.000534712978049
5400,0.394457302075,0.397191549469,0.395822064836,0.00034600143338
5400,0.397191549469,0.399944749761,0.398565772313,0.000661293528319
5400,0.399944749761,0.402717034325,0.401328498263,0.000381515292321
5400,0.402717034325,0.405508535448,0.404110374513,0.000973634812092
5400,0.405508535448,0.408319386333,0.406911533809,0.000165433347199
5400,0.408319386333,0.411149721105,0.409732109814,0.000317845833369
5400,0.411149721105,0.41399967482,0.412572237117,0.000530528607691
5400,0.41399967482,0.41686938347,0.415432051242,0.000180547404697
5400,0.41686938347,0.419758983991,0.418311688651,0.000875268073723
5400,0.419758983991,0.422668614266,0.421211286754,0.000325834070069
5400,0.422668614266,0.425598413134,0.42413098391,0.000742797216636
5400,0.425598413134,0.428548520397,0.427070919441,0.0010605365036
5400,0.428548520397,0.431519076828,0.430031233631,0.000609947987973
5400,0.431519076828,0.434510224172,0.433012067738,0.000488963465033
5400,0.434510224172,0.437522105158,0.436013564,0.00044507039001
5400,0.437522105158,0.440554863507,0.439035865641,0.00074436587504
5400,0.440554863507,0.443608643931,0.442079116876,0.000346362347227
5400,0.443608643931,0.446683592151,0.44514346292,0.000382783299875
5400,0.446683592151,0.449779854893,0.448229049997,0.00024844071991
5400,0.449779854893,0.452897579904,0.451336025341,0.00027752857148
5400,0.452897579904,0.456036915951,0.45446453721,0.000298504622541
5400,0.456036915951,0.459198012837,0.457614734886,0.000976359330353
5400,0.459198012837,0.462381021399,0.46078676869,0.000523113470211
5400,0.462381021399,0.465586093523,0.463980789982,0.000556191528723
5400,0.465586093523,0.468813382145,0.467196951172,0.00127222002904
5400,0.468813382145,0.472063041264,0.470435405726,0.00013624626726
5400,0.472063041264,0.475335225943,0.473696308175,0.000825660006947
5400,0.475335225943,0.478630092323,0.476979814119,0
5400,0.478630092323,0.481947797625,0.48028608024,0.000254960358055
5400,0.481947797625,0.485288500162,0.483615264302,0.000328019619699
5400,0.485288500162,0.488652359343,0.486967525166,0.000525477558148
5400,0.488652359343,0.492039535681,0.490343022792,0.000431042389245
5400,0.492039535681,0.495450190805,0.49374191825,0.00087588813661
5400,0.495450190805,0.49888448746,0.497164373725,0.000355032385778
5400,0.49888448746,0.502342589522,0.500610552529,0.000734608729047
5400,0.502342589522,0.505824662003,0.504080619103,0.00100675947338
5400,0.505824662003,0.509330871057,0.507574739029,0.000299326834427
5400,0.509330871057,0.512861383991,0.511093079037,0.000655934601333
5400,0.512861383991,0.516416369272,0.514635807014,0
5400,0.516416369272,0.519995996534,0.518203092007,0.00161899086916
5400,0.519995996534,0.523600436586,0.521795104239,0.000432818497389
5400,0.523600436586,0.527229861423,0.52541201511,0.000650119825401
5400,0.527229861423,0.530884444231,0.52905399721,0.00105221915683
5400,0.530884444231,0.534564359397,0.532721224323,0.000509134701988
5400,0.534564359397,0.538269782516,0.53641387144,0.000909658147104
5400,0.538269782516,0.542000890402,0.540132114765,0.00017629154472
5400,0.542000890402,0.545757861091,0.54387613172,0.000887942727796
5400,0.545757861091,0.549540873858,0.547646100962,0.000148586323236
5400,0.549540873858,0.553350109216,0.551442202382,0.00124194676739
5400,0.553350109216,0.557185748932,0.55526461712,0.00102128971744
5400,0.557185748932,0.561047976032,0.559113527571,0.0013035508581
5400,0.561047976032,0.564936974812,0.562989117394,0.000651864749261
5400,0.564936974812,0.568852930844,0.566891571523,0.000688644549059
5400,0.568852930844,0.572796030986,0.570821076172,0.000449591522371
5400,0.572796030986,0.576766463392,0.574777818846,0.000294520926522
5400,0.576766463392,0.580764417521,0.578761988349,0.000318295739826
5400,0.580764417521,0.584790084144,0.582773774796,0.00112080060722
5400,0.584790084144,0.588843655356,0.586813369619,0.0010053306809
5400,0.588843655356,0.59292532458,0.590880965575,0.000330607373008
5400,0.59292532458,0.597035286584,0.594976756759,0.000908629829344
5400,0.597035286584,0.601173737483,0.599100938611,0.00014347177203
5400,0.601173737483,0.605340874754,0.603253707927,0.00030432278634
5400,0.605340874754,0.60953689724,0.607435262864,0.000606669227308
5400,0.60953689724,0.613762005165,0.611645802955,0.000591457525851
5400,0.613762005165,0.618016400138,0.615885529115,9.4223947129e-05
5400,0.618016400138,0.622300285169,0.620154643654,0.000935632522253
5400,0.622300285169,0.626613864672,0.624453350281,9.08024733295e-05
5400,0.626613864672,0.63095734448,0.628781854118,0.000167028180898
5400,0.63095734448,0.635330931852,0.633140361711,0.000407635431411
5400,0.635330931852,0.639734835483,0.637529081035,0.00076309539005
5400,0.639734835483,0.644169265515,0.641948221508,0.000617611813662
5400,0.644169265515,0.648634433548,0.646397994,0.000448208297346
5400,0.648634433548,0.653130552647,0.65087861084,0.000932129786528
5400,0.653130552647,0.657657837355,0.655390285833,0.00036145942163
5400,0.657657837355,0.662216503702,0.659933234264,0.000700680403156
5400,0.662216503702,0.666806769214,0.664507672908,0.000282161465164
5400,0.666806769214,0.671428852926,0.669113820046,0.000320461059027
5400,0.671428852926,0.676082975392,0.673751895471,0.000195601654124
5400,0.676082975392,0.680769358694,0.678422120498,0.000338969701441
5400,0.680769358694,0.685488226453,0.683124717979,0.000722572079769
5400,0.685488226453,0.69023980384,0.687859912309,0.000495054517646
5400,0.69023980384,0.695024317589,0.692627929437,0.00103692008233
5400,0.695024317589,0.699841996002,0.697428996882,0.000428233424369
5400,0.699841996002,0.704693068967,0.702263343736,0.000479639162001
5400,0.704693068967,0.709577767963,0.707131200681,0.000469566269695
5400,0.709577767963,0.714496326076,0.712032799999,0.000390159692325
5400,0.714496326076,0.719448978004,0.71696837558,0.000604321364642
5400,0.719448978004,0.724435960075,0.721938162937,0.000196990772942
5400,0.724435960075,0.729457510255,0.726942399214,5.60854026779e-05
5400,0.729457510255,0.734513868157,0.7319813232,0.000738059635966
5400,0.734513868157,0.739605275058,0.737055175338,0.000630696015773
5400,0.739605275058,0.744731973906,0.742164197739,0.000469945352086
5400,0.744731973906,0.749894209332,0.747308634191,0.000316573198281
5400,0.749894209332,0.755092227665,0.752488730174,0.000421305785295
5400,0.755092227665,0.76032627694,0.757704732866,0.00059556775135
5400,0.76032627694,0.765596606911,0.762956891162,0.00100021938051
5400,0.765596606911,0.770903469064,0.768245455679,0.000194859325895
5400,0.770903469064,0.776247116629,0.773570678775,0.000155956049202
5400,0.776247116629,0.781627804588,0.778932814554,0.000777779878431
5400,0.781627804588,0.787045789695,0.784332118882,0.000244074475652
5400,0.787045789695,0.79250133048,0.7897688494,0.000912392854358
5400,0.79250133048,0.797994687268,0.795243265533,0.000277962356026
5400,0.797994687268,0.803526122186,0.800755628507,0.00138432184651
5400,0.803526122186,0.809095899178,0.806306201355,0.000469911620529
5400,0.809095899178,0.814704284021,0.811895248936,0.000729460079347
5400,0.814704284021,0.82035154433,0.817523037944,2.70458634026e-05
5400,0.82035154433,0.826037949577,0.823189836921,0.000545165430388
5400,0.826037949577,0.831763771103,0.828895916273,0.00035544184804
5400,0.831763771103,0.837529282127,0.834641548277,0.000276828121446
5400,0.837529282127,0.843334757764,0.8404270071,0.00130959187096
5400,0.843334757764,0.849180475036,0.846252568807,0.000400398617672
5400,0.849180475036,0.855066712885,0.852118511379,0.00109293831721
5400,0.855066712885,0.860993752185,0.858025114723,0.000453382609197
5400,0.860993752185,0.866961875758,0.863972660684,0.000206459211922
5400,0.866961875758,0.872971368388,0.869961433065,0.00100600636116
5400,0.872971368388,0.879022516831,0.875991717633,4.48603916126e-05
5400,0.879022516831,0.885115609831,0.882063802137,0.00142311663951
5400,0.885115609831,0.891250938134,0.888177976319,0.000429127524446
5400,0.891250938134,0.897428794501,0.894334531933,7.80355020334e-05
5400,0.897428794501,0.903649473722,0.900533762751,0.000208556710299
5400,0.903649473722,0.909913272632,0.906775964584,0.00071238421546
5400,0.909913272632,0.916220490122,0.913061435293,0.000421598655481
5400,0.916220490122,0.922571427155,0.919390474804,0.000286309181416
5400,0.922571427155,0.92896638678,0.925763385121,0.000704935480208
5400,0.92896638678,0.935405674148,0.932180470342,0.000180080268128
5400,0.935405674148,0.941889596523,0.938642036672,0.000862284421253
5400,0.941889596523,0.948418463301,0.945148392441,1.26201655445e-05
5400,0.948418463301,0.954992586021,0.951699848113,0.000176686273027
5400,0.954992586021,0.961612278384,0.958296716306,0.000274176301083
5400,0.961612278384,0.968277856261,0.964939311806,0.000613857731145
5400,0.968277856261,0.974989637717,0.971627951577,7.67292577121e-05
5400,0.974989637717,0.98174794302,0.978362954785,9.56974296629e-05
5400,0.98174794302,0.988553094657,0.985144642804,0.000642239516133
5400,0.988553094657,0.995405417352,0.991973339239,0.00047310629765
5400,0.995405417352,1.00230523808,0.998849369937,0.000394090208212
5400,1.00230523808,1.00925288608,1.005773063,0.000368662147181
5400,1.00925288608,1.01624869287,1.01274474881,0.000614154832013
5400,1.01624869287,1.02329299228,1.01976476004,0.000499700716522
5400,1.02329299228,1.03038612044,1.02683343167,0.000335180974058
5400,1.03038612044,1.03752841582,1.03395110098,0.00113049171914
5400,1.03752841582,1.04472021922,1.04111810762,0.000701287675706
5400,1.04472021922,1.05196187382,1.04833479358,0.000206648906644
5400,1.05196187382,1.05925372518,1.05560150322,0.000666282947339
5400,1.05925372518,1.06659612123,1.06291858328,0.000219705879416
5400,1.06659612123,1.07398941234,1.07028638291,0.00035202105061
5400,1.07398941234,1.0814339513,1.07770525369,0.00010400719804
5400,1.0814339513,1.08893009333,1.08517554963,0.000173820696985
5400,1.08893009333,1.09647819614,1.09269762719,0.000237023807071
5400,1.09647819614,1.1040786199,1.1002718453,0.000997883320539
5400,1.1040786199,1.11173172728,1.10789856537,0.000340802085725
5400,1.11173172728,1.11943788347,1.11557815135,0.000144475361339
5400,1.11943788347,1.12719745618,1.12331096967,0.000570613020712
5400,1.12719745618,1.13501081567,1.13109738933,0.000312860429317
5400,1.13501081567,1.14287833479,1.13893778188,0.000598665844777
5400,1.14287833479,1.15080038894,1.14683252142,0.000739440993
5400,1.15080038894,1.15877735616,1.15478198469,0.000251614476331
5400,1.15877735616,1.16680961706,1.162786551,0.000365474270506
5400,1.16680961706,1.17489755494,1.17084660232,0.000697702285856
5400,1.17489755494,1.18304155573,1.17896252324,0.000645604205294
5400,1.18304155573,1.19124200803,1.18713470104,0.000916922418842
5400,1.19124200803,1.19949930315,1.19536352567,0.000619891080806
5400,1.19949930315,1.20781383511,1.20364938979,0.000757804433435
5400,1.20781383511,1.21618600065,1.21199268877,0.000218370451172
5400,1.21618600065,1.22461619927,1.22039382074,0.00121219199311
5400,1.22461619927,1.23310483323,1.22885318658,0.000172596251942
5400,1.23310483323,1.24165230759,1.23737118994,0.000996353578653
5400,1.24165230759,1.25025903022,1.24594823727,0
5400,1.25025903022,1.25892541179,1.25458473786,0.00035221848669
5400,1.25892541179,1.26765186586,1.26328110381,0.000445559804436
5400,1.26765186586,1.27643880881,1.27203775009,0.000300711805898
5400,1.27643880881,1.28528665994,1.28085509454,0.000470789006895
5400,1.28528665994,1.29419584145,1.2897335579,0.000347157526625
5400,1.29419584145,1.30316677845,1.29867356383,0
5400,1.30316677845,1.31219989902,1.30767553892,0.00123912696624
5400,1.31219989902,1.32129563419,1.31673991272,0.000529857323979
5400,1.32129563419,1.33045441798,1.32586711776,0.000357120579952
5400,1.33045441798,1.33967668743,1.33505758956,0.000367703749487
5400,1.33967668743,1.34896288259,1.34431176667,0.000499346393665
5400,1.34896288259,1.35831344659,1.35363009067,0.000355131808897
5400,1.35831344659,1.3677288256,1.36301300621,0.000430217179685
5400,1.3677288256,1.37720946889,1.37246096101,0.000876623851619
5400,1.37720946889,1.38675582887,1.3819744059,0.000526096782911
5400,1.38675582887,1.39636836106,1.39155379484,0.000578081914031
5400,1.39636836106,1.40604752413,1.40119958494,0.000517168264194
5400,1.40604752413,1.41579377996,1.41091223646,0.000491723383229
5400,1.41579377996,1.4256075936,1.42069221286,0.000357245242819
5400,1.4256075936,1.43548943335,1.43053998082,0.000159945108122
5400,1.43548943335,1.44543977075,1.44045601025,0.000407589425511
5400,1.44543977075,1.45545908058,1.4504407743,0.000538538770609
5400,1.45545908058,1.46554784096,1.46049474944,0.000503807995003
5400,1.46554784096,1.47570653328,1.4706184154,0.000460297188657
5400,1.47570653328,1.48593564229,1.48081225527,0.000530189466017
5400,1.48593564229,1.49623565609,1.49107675545,0.000459994035627
5400,1.49623565609,1.50660706619,1.50141240575,0.000241315884293
5400,1.50660706619,1.51705036746,1.51181969936,0.000775091103517
5400,1.51705036746,1.52756605824,1.52229913288,0.000367945125044
5400,1.52756605824,1.5381546403,1.53285120636,0.000478061249259
5400,1.5381546403,1.54881661891,1.54347642332,0.000894174351805
5400,1.54881661891,1.55955250283,1.55417529077,0.000167000818813
5400,1.55955250283,1.57036280433,1.56494831922,0.000556074189364
5400,1.57036280433,1.58124803927,1.57579602274,3.4463091882e-05
5400,1.58124803927,1.59220872705,1.58671891895,0.000969557332403
5400,1.59220872705,1.60324539069,1.59771752906,0.000808435063696
5400,1.60324539069,1.61435855683,1.60879237789,0.000429907190325
5400,1.61435855683,1.62554875575,1.6199439939,0.000475869201206
5400,1.62554875575,1.63681652143,1.63117290923,0.000130439096652
5400,1.63681652143,1.64816239153,1.64247965967,0.000311543783742
5400,1.64816239153,1.65958690744,1.65386478477,0.000459030288699
5400,1.65958690744,1.67109061431,1.66532882779,0
5400,1.67109061431,1.68267406107,1.67687233575,0.000334080010417
5400,1.68267406107,1.69433780045,1.68849585949,0.000330680863977
5400,1.69433780045,1.706082389,1.70019995364,0.000128352527105
5400,1.706082389,1.71790838716,1.7119851767,0.000581785643275
5400,1.71790838716,1.72981635922,1.72385209103,0.000368521365103
5400,1.72981635922,1.74180687339,1.73580126287,0.000864202440237
5400,1.74180687339,1.75388050184,1.74783326242,0.000810440273698
5400,1.75388050184,1.76603782069,1.7599486638,0.000217117153335
5400,1.76603782069,1.77827941004,1.77214804514,0.000363611242305
5400,1.77827941004,1.79060585404,1.78443198854,0.000594591532918
5400,1.79060585404,1.80301774086,1.79680108017,0.000342251718596
5400,1.80301774086,1.81551566277,1.80925591025,0
5400,1.81551566277,1.82810021614,1.82179707309,0.000326069671248
5400,1.82810021614,1.84077200147,1.83442516712,0.000669303413022
5400,1.84077200147,1.85353162341,1.84714079491,0.00025266294683
5400,1.85353162341,1.86637969083,1.85994456322,0.000525006620858
5400,1.86637969083,1.8793168168,1.87283708302,6.6877862836e-05
5400,1.8793168168,1.89234361864,1.88581896949,0.000869927102796
5400,1.89234361864,1.90546071796,1.8988908421,0.000523696796059
5400,1.90546071796,1.91866874067,1.9120533246,0.000583302419557
5400,1.91866874067,1.93196831702,1.92530704508,0.000757710793411
5400,1.93196831702,1.94536008162,1.93865263595,0.000176006394684
5400,1.94536008162,1.95884467351,1.95209073404,0.000681220758357
5400,1.95884467351,1.97242273611,1.96562198058,0.000675445511081
5400,1.97242273611,1.98609491736,1.97924702124,0.000549658709452
5400,1.98609491736,1.99986186963,1.99296650616,0.000475900670102
5400,1.99986186963,2.01372424986,2.00678109002,0.000225684177478
5400,2.01372424986,2.02768271952,2.02069143199,0.000473100544738
5400,2.02768271952,2.04173794467,2.03469819585,0.000603107711218
5400,2.04173794467,2.05589059598,2.04880204996,0.000512940271357
5400,2.05589059598,2.07014134879,2.06300366731,0.000167111888349
5400,2.07014134879,2.0844908831,2.07730372557,0.000573114022831
5400,2.0844908831,2.09893988362,2.0917029071,0.000764998261922
5400,2.09893988362,2.11348903984,2.10620189899,0.000385601191519
5400,2.11348903984,2.12813904598,2.12080139309,0.000123000697386
5400,2.12813904598,2.14289060112,2.13550208605,0.000273198938604
5400,2.14289060112,2.15774440915,2.15030467934,4.32374297408e-05
5400,2.15774440915,2.17270117886,2.16520987931,0.000429883446064
5400,2.17270117886,2.18776162395,2.18021839719,0.000359134940647
5400,2.18776162395,2.20292646305,2.19533094914,0.000430828502493
5400,2.20292646305,2.2181964198,2.2105482563,0.000388544990423
5400,2.2181964198,2.23357222283,2.22587104479,0.001685074282
5400,2.23357222283,2.24905460584,2.24130004578,0.000458297011893
5400,2.24905460584,2.26464430759,2.2568359955,0.000458009452947
5400,2.26464430759,2.280342072,2.27247963527,0.000231675584867
5400,2.280342072,2.29614864811,2.28823171158,0.000414377807005
5400,2.29614864811,2.31206479018,2.30409297606,0.000230268335754
5400,2.31206479018,2.32809125767,2.32006418557,0.000874287875923
5400,2.32809125767,2.34422881532,2.33614610222,0.00121945261702
5400,2.34422881532,2.36047823318,2.35233949339,0
5400,2.36047823318,2.37684028662,2.36864513178,0.000875900697341
5400,2.37684028662,2.39331575641,2.38506379547,0.000584205131737
5400,2.39331575641,2.40990542869,2.40159626789,0.00167437996044
5400,2.40990542869,2.42661009508,2.41824333793,0.000885992069443
5400,2.42661009508,2.44343055269,2.43500579995,2.74550348024e-05
5400,2.44343055269,2.46036760415,2.45188445381,0.00109388646321
5400,2.46036760415,2.47742205763,2.46888010491,0.000849048159555
5400,2.47742205763,2.49459472694,2.48599356423,0.00123504597745
5400,2.49459472694,2.51188643151,2.50322564838,0.000119033202299
5400,2.51188643151,2.52929799645,2.52057717964,0.000825151588282
5400,2.52929799645,2.54683025259,2.53804898596,0.000644830054741
5400,2.54683025259,2.56448403652,2.55564190106,0.00017045058609
5400,2.56448403652,2.58226019063,2.57335676443,0
5400,2.58226019063,2.60015956317,2.59119442135,0.000135604462348
5400,2.60015956317,2.61818300822,2.60915572301,0.000682359937863
5400,2.61818300822,2.63633138583,2.62724152647,0.000491345024486
5400,2.63633138583,2.65460556198,2.64545269472,0.000158806195683
5400,2.65460556198,2.67300640866,2.66379009677,3.62278405241e-05
5400,2.67300640866,2.69153480393,2.68225460761,0.000296041478001
5400,2.69153480393,2.71019163189,2.70084710832,0.00102771187483
5400,2.71019163189,2.72897778281,2.7195684861,0.00032531217897
5400,2.72897778281,2.7478941531,2.73841963426,0.000463515867877
5400,2.7478941531,2.76694164541,2.75740145235,0.000388063039346
5400,2.76694164541,2.78612116863,2.77651484611,0.000396613889891
5400,2.78612116863,2.80543363795,2.79576072758,0.00034301897601
5400,2.80543363795,2.82487997492,2.81514001513,0.00012355503381
5400,2.82487997492,2.84446110745,2.83465363349,0.000364717386617
5400,2.84446110745,2.86417796991,2.85430251379,0.00100751036618
5400,2.86417796991,2.88403150313,2.87408759362,0.000862160897454
5400,2.88403150313,2.90402265446,2.89400981707,0.000520660560545
5400,2.90402265446,2.92415237784,2.91407013477,0.000508714213375
5400,2.92415237784,2.9444216338,2.93426950396,0.000320445405603
5400,2.9444216338,2.96483138952,2.95460888848,0.000106887064311
5400,2.96483138952,2.98538261892,2.97508925888,0.000137223101778
5400,2.98538261892,3.00607630263,2.99571159243,0.000790199011223
5400,3.00607630263,3.0269134281,3.01647687316,0.000720868752429
5400,3.0269134281,3.04789498963,3.03738609195,0.000406749678425
5400,3.04789498963,3.06902198839,3.05844024651,0.00035576948517
5400,3.06902198839,3.09029543251,3.0796403415,0.000302937483991
5400,3.09029543251,3.11171633711,3.10098738853,0.000514227950819
5400,3.11171633711,3.13328572432,3.12248240622,0.000304632681789
5400,3.13328572432,3.15500462337,3.14412642026,0.00110560724555
5400,3.15500462337,3.17687407065,3.16592046343,0.000808807078893
5400,3.17687407065,3.19889510969,3.1878655757,0.000287793675438
5400,3.19889510969,3.22106879128,3.20996280421,0.000222305039156
5400,3.22106879128,3.24339617349,3.2322132034,0.000521521013195
5400,3.24339617349,3.26587832172,3.25461783498,0.000609863147298
5400,3.26587832172,3.28851630876,3.27717776805,0.000636208447175
5400,3.28851630876,3.31131121483,3.29989407911,0.000584447665399
5400,3.31131121483,3.33426412763,3.32276785211,0.000713674276821
5400,3.33426412763,3.35737614243,3.34580017853,0.000478202116565
5400,3.35737614243,3.38064836206,3.36899215741,0.00014490999386
5400,3.38064836206,3.40408189701,3.39234489541,0.000649150537385
5400,3.40408189701,3.42767786546,3.41585950686,0.000531242345669
5400,3.42767786546,3.45143739336,3.43953711381,0.0001365048372
5400,3.45143739336,3.47536161443,3.46337884608,0.000378131447986
5400,3.47536161443,3.49945167028,3.48738584135,0.00037210550183
5400,3.49945167028,3.52370871042,3.51155924516,0.000127710865637
5400,3.52370871042,3.54813389234,3.535900211,0.00013853253138
5400,3.54813389234,3.57272838152,3.56040990036,0.000100822736618
5400,3.57272838152,3.59749335156,3.58508948277,0.000933014175866
5400,3.59749335156,3.62242998417,3.60994013586,0.000726868990192
5400,3.62242998417,3.64753946926,3.63496304546,0.000499203628744
5400,3.64753946926,3.67282300498,3.66015940558,0.000107984947846
5400,3.67282300498,3.6982817978,3.68553041852,5.29645105428e-05
5400,3.6982817978,3.72391706255,3.71107729493,0.000845101750492
5400,3.72391706255,3.74973002245,3.73680125382,0.000435363637291
5400,3.74973002245,3.77572190925,3.76270352268,0.000572888849073
5400,3.77572190925,3.80189396321,3.78878533748,0.000693264609375
5400,3.80189396321,3.82824743317,3.81504794279,0.000361533920313
5400,3.82824743317,3.85478357666,3.84149259179,0.000381484946996
5400,3.85478357666,3.88150365991,3.86812054633,0.000648400653631
5400,3.88150365991,3.90840895792,3.89493307704,0.000272750189553
5400,3.90840895792,3.93550075456,3.92193146333,0.000909766405873
5400,3.93550075456,3.96278034255,3.94911699349,0.000242507978276
5400,3.96278034255,3.99024902362,3.97649096475,0.000330551543885
5400,3.99024902362,4.01790810849,4.00405468331,0.00118814694363
5400,4.01790810849,4.04575891697,4.03180946443,0.000163927874372
5400,4.04575891697,4.07380277804,4.05975663252,0.000405946216195
5400,4.07380277804,4.10204102987,4.08789752111,0.000498585514906
5400,4.10204102987,4.1304750199,4.11623347303,0.000924676104277
5400,4.1304750199,4.15910610494,4.14476584038,0.000303804289124
5400,4.15910610494,4.18793565118,4.17349598465,0.000191551584437
5400,4.18793565118,4.21696503429,4.20242527677,0.000372463547449
5400,4.21696503429,4.24619563946,4.23155509717,0.000538540568893
5400,4.24619563946,4.27562886152,4.26088683583,0.000108809283322
5400,4.27562886152,4.30526610492,4.29042189239,0.0014492750577
5400,4.30526610492,4.33510878388,4.32016167618,0.000858795149663
5400,4.33510878388,4.3651583224,4.35010760631,0.000680197697091
5400,4.3651583224,4.39541615438,4.3802611117,0.00122749227884
5400,4.39541615438,4.42588372363,4.41062363121,0
5400,4.42588372363,4.45656248398,4.44119661366,0.000704325254676
5400,4.45656248398,4.48745389933,4.47198151789,0.00106824841702
5400,4.48745389933,4.51855944375,4.50297981288,0.000238370052194
5400,4.51855944375,4.5498806015,4.53419297779,0.000774666932893
5400,4.5498806015,4.58141886715,4.56562250202,0.000124005174127
5400,4.58141886715,4.6131757456,4.59726988531,0.000537240880138
5400,4.6131757456,4.64515275223,4.62913663778,0.000868316930485
5400,4.64515275223,4.67735141287,4.66122428002,0.000213664766961
5400,4.67735141287,4.70977326397,4.69353434317,0.000643149288278
5400,4.70977326397,4.7424198526,4.72606836898,0.000166708036467
5400,4.7424198526,4.77529273658,4.75882790989,0.000970805426911
5400,4.77529273658,4.8083934845,4.79181452908,0.000595054487881
5400,4.8083934845,4.84172367584,4.8250298006,0.000986967534173
5400,4.84172367584,4.87528490103,4.85847530937,0.000444990383587
5400,4.87528490103,4.90907876153,4.89215265134,0.000533971879356
5400,4.90907876153,4.94310686987,4.9260634335,0.000242306784368
5400,4.94310686987,4.97737084979,4.96020927396,0.000653838240123
5400,4.97737084979,5.01187233627,4.99459180208,0.000581597175595
5400,5.01187233627,5.04661297564,5.0292126585,0.00049288036478
5400,5.04661297564,5.08159442561,5.06407349524,0.000349242171656
5400,5.08159442561,5.1168183554,5.09917597575,0.00057494841847
5400,5.1168183554,5.15228644582,5.13452177503,0.000912783224867
5400,5.15228644582,5.18800038929,5.17011257969,0.000340879585757
5400,5.18800038929,5.22396188999,5.20595008802,0.000548067735649
5400,5.22396188999,5.26017266391,5.24203601008,0.000962555238476
5400,5.26017266391,5.29663443892,5.27837206782,0.000146856691975
5400,5.29663443892,5.33334895488,5.31495999507,0.000788631934316
5400,5.33334895488,5.3703179637,5.35180153771,0.000852678985115
5400,5.3703179637,5.40754322946,5.38889845373,0.00077431411644
5400,5.40754322946,5.44502652842,5.42625251329,0.00152760469052
5400,5.44502652842,5.48276964921,5.46386549882,0.000755930390403
5400,5.48276964921,5.52077439281,5.50173920511,0.000128946415904
5400,5.52077439281,5.5590425727,5.53987543939,0.000771781022558
5400,5.5590425727,5.59757601495,5.57827602141,0.000594881609598
5400,5.59757601495,5.63637655826,5.61694278356,0.00102286980172
5400,5.63637655826,5.67544605409,5.65587757089,0.000264278331242
5400,5.67544605409,5.71478636672,5.69508224128,0.000425301414049
5400,5.71478636672,5.75439937337,5.73455866546,0.0004148991571
5400,5.75439937337,5.79428696427,5.77430872714,0.000644049759851
5400,5.79428696427,5.83445104274,5.81433432308,0.000418320336536
5400,5.83445104274,5.8748935253,5.85463736321,0.00086517897309
5400,5.8748935253,5.91561634175,5.89521977065,0.000656475053649
5400,5.91561634175,5.95662143529,5.93608348191,0.000360053919056
5400,5.95662143529,5.99791076256,5.97723044689,0.000476182606476
5400,5.99791076256,6.03948629376,6.018662629,0.000497116360336
5400,6.03948629376,6.08135001279,6.06038200527,0.000599499386765
5400,6.08135001279,6.12350391725,6.10239056645,0.00119132476831
5400,6.12350391725,6.16595001861,6.14469031706,0.000596585733386
5400,6.16595001861,6.2086903423,6.18728327553,0.000294382651911
5400,6.2086903423,6.25172692776,6.23017147429,0.000113237876322
5400,6.25172692776,6.29506182857,6.27335695984,0.00123818306058
5400,6.29506182857,6.33869711257,6.31684179288,0.00102397721467
5400,6.33869711257,6.38263486191,6.36062804837,0.000392990873958
5400,6.38263486191,6.42687717317,6.40471781569,0.000667464291442
5400,6.42687717317,6.47142615749,6.44911319868,0.00051127530688
5400,6.47142615749,6.51628394061,6.49381631576,0.000555921857909
5400,6.51628394061,6.56145266303,6.53882930005,0.000884613816884
5400,6.56145266303,6.60693448008,6.58415429943,0.00145908287798
5400,6.60693448008,6.65273156202,6.62979347671,0.000695420638464
5400,6.65273156202,6.69884609417,6.67574900964,0.000250871874963
5400,6.69884609417,6.74528027698,6.72202309112,0.000163337501272
5400,6.74528027698,6.79203632617,6.7686179292,0.000563416747561
5400,6.79203632617,6.83911647281,6.81553574727,0.000202069759365
5400,6.83911647281,6.88652296344,6.86277878411,0.000845684729201
5400,6.88652296344,6.93425806017,6.91034929405,0.000783607021421
5400,6.93425806017,6.98232404077,6.95824954701,0.000714613468028
5400,6.98232404077,7.03072319884,7.00648182865,0.000353844235719
5400,7.03072319884,7.07945784384,7.05504844051,0.000253223625833
5400,7.07945784384,7.12853030127,7.10395170003,0.000744116243945
5400,7.12853030127,7.17794291271,7.15319394075,0.00138238556885
5400,7.17794291271,7.22769803602,7.20277751238,0.00107632404218
5400,7.22769803602,7.27779804537,7.25270478091,0
5400,7.27779804537,7.32824533139,7.30297812873,0.000726053420363
5400,7.32824533139,7.37904230129,7.35359995475,0.00070585226481
5400,7.37904230129,7.43019137897,7.40457267451,0.000689403153543
5400,7.43019137897,7.48169500511,7.45589872028,0.000860234799949
5400,7.48169500511,7.53355563734,7.5075805412,0.000875903054445
5400,7.53355563734,7.58577575029,7.55962060339,0.000139673728275
5400,7.58577575029,7.63835783578,7.61202139006,0.000473950546719
5400,7.63835783578,7.69130440287,7.66478540163,0.000273216996713
5400,7.69130440287,7.74461797803,7.71791515585,0.000865111923537
5400,7.74461797803,7.79830110523,7.77141318794,0.000842456125791
5400,7.79830110523,7.8523563461,7.82528205067,0.000126837946065
5400,7.8523563461,7.90678628,7.87952431451,0.000538225750149
5400,7.90678628,7.96159350417,7.93414256777,0.000999267328748
5400,7.96159350417,8.01678063388,7.98913941667,0.000957356999829
5400,8.01678063388,8.07235030249,8.04451748552,0.000868527009457
5400,8.07235030249,8.12830516164,8.1002794168,0.000429664398168
5400,8.12830516164,8.18464788135,8.15642787133,0.000539909719404
5400,8.18464788135,8.24138115013,8.21296552835,0.00096210159532
5400,8.24138115013,8.29850767514,8.26989508568,0.00067256278394
5400,8.29850767514,8.35603018231,8.32721925985,0.00125387886036
5400,8.35603018231,8.41395141645,8.38494078622,0.000964645788969
5400,8.41395141645,8.47227414141,8.44306241909,0.000672246457297
5400,8.47227414141,8.53100114018,8.50158693187,0.000582187239995
5400,8.53100114018,8.59013521505,8.5605171172,0.0010483668663
5400,8.59013521505,8.64967918776,8.61985578706,0.000647259291401
5400,8.64967918776,8.70963589956,8.67960577292,0.000766020620552
5400,8.70963589956,8.77000821144,8.73976992591,0.000289907540265
5400,8.77000821144,8.83079900419,8.80035111687,0.00103920116522
5400,8.83079900419,8.89201117858,8.86135223659,0.000622725303003
5400,8.89201117858,8.9536476555,8.92277619588,0.000567139272917
5400,8.9536476555,9.01571137606,8.98462592571,0.000739372397115
5400,9.01571137606,9.07820530178,9.04690437738,0.00116256515411
5400,9.07820530178,9.1411324147,9.10961452266,0.000734338296022
5400,9.1411324147,9.20449571753,9.1727593539,0.00059283149151
5400,9.20449571753,9.26829823379,9.2363418842,0.000860415675537
5400,9.26829823379,9.33254300797,9.30036514754,0.000536467806082
5400,9.33254300797,9.39723310565,9.36483219894,0.00104895645474
5400,9.39723310565,9.46237161366,9.4297461146,0.000911634810681
5400,9.46237161366,9.52796164024,9.49510999202,0.0023019220746
5400,9.52796164024,9.59400631516,9.5609269502,0.0011783028022
5400,9.59400631516,9.6605087899,9.62720012973,0.000884580939392
5400,9.6605087899,9.72747223777,9.693932693,0.00115074648977
5400,9.72747223777,9.79489985409,9.7611278243,0.00130974588139
5400,9.79489985409,9.86279485631,9.82878873,0.000957635790975
5400,9.86279485631,9.93116048421,9.89691863869,0.000779381947476
5400,9.93116048421,10,9.96552080135,0.642357632938
5600,0.01,0.0100693166885,0.0100345984915,0
5600,0.0100693166885,0.0101391138574,0.0101041550053,0
5600,0.0101391138574,0.0102093948371,0.0101741936618,0
5600,0.0102093948371,0.0102801629813,0.0102447178031,0
5600,0.0102801629813,0.0103514216668,0.0103157307944,0
5600,0.0103514216668,0.0104231742939,0.0103872360242,0
5600,0.0104231742939,0.0104954242865,0.0104592369046,0
5600,0.0104954242865,0.0105681750921,0.0105317368713,0
5600,0.0105681750921,0.0106414301822,0.0106047393837,0
5600,0.0106414301822,0.0107151930524,0.0106782479254,0
5600,0.0107151930524,0.0107894672223,0.0107522660039,0
5600,0.0107894672223,0.0108642562362,0.0108267971513,0
5600,0.0108642562362,0.0109395636627,0.0109018449239,0
5600,0.0109395636627,0.0110153930954,0.0109774129027,0
5600,0.0110153930954,0.0110917481526,0.0110535046938,0
5600,0.0110917481526,0.0111686324778,0.011130123928,0
5600,0.0111686324778,0.0112460497397,0.0112072742614,0
5600,0.0112460497397,0.0113240036324,0.0112849593753,0
5600,0.0113240036324,0.0114024978756,0.0113631829767,0
5600,0.0114024978756,0.011481536215,0.0114419487982,0
5600,0.011481536215,0.0115611224219,0.0115212605983,0
5600,0.0115611224219,0.0116412602941,0.0116011221615,0
5600,0.0116412602941,0.0117219536555,0.0116815372986,0
5600,0.0117219536555,0.0118032063565,0.0117625098468,0
5600,0.0118032063565,0.0118850222744,0.01184404367,0
5600,0.0118850222744,0.0119674053131,0.0119261426586,0
5600,0.0119674053131,0.0120503594037,0.0120088107301,0
5600,0.0120503594037,0.0121338885046,0.0120920518294,0
5600,0.0121338885046,0.0122179966016,0.0121758699285,0
5600,0.0122179966016,0.0123026877081,0.0122602690268,0
5600,0.0123026877081,0.0123879658653,0.0123452531517,0
5600,0.0123879658653,0.0124738351424,0.0124308263584,0
5600,0.0124738351424,0.0125602996369,0.0125169927303,0
5600,0.0125602996369,0.0126473634747,0.0126037563789,0
5600,0.0126473634747,0.0127350308102,0.0126911214445,0
5600,0.0127350308102,0.0128233058266,0.0127790920957,0
5600,0.0128233058266,0.0129121927361,0.0128676725303,0
5600,0.0129121927361,0.0130016957803,0.0129568669752,0
5600,0.0130016957803,0.01309181923,0.0130466796864,0
5600,0.01309181923,0.0131825673856,0.0131371149496,0
5600,0.0131825673856,0.0132739445773,0.0132281770801,0
5600,0.0132739445773,0.0133659551655,0.0133198704231,0
5600,0.0133659551655,0.0134586035406,0.0134121993541,0
5600,0.0134586035406,0.0135518941235,0.0135051682786,0
5600,0.0135518941235,0.0136458313659,0.0135987816328,0
5600,0.0136458313659,0.0137404197501,0.0136930438839,0
5600,0.0137404197501,0.0138356637897,0.0137879595297,0
5600,0.0138356637897,0.0139315680295,0.0138835330993,0
5600,0.0139315680295,0.0140281370456,0.0139797691532,0
5600,0.0140281370456,0.0141253754462,0.0140766722836,0
5600,0.0141253754462,0.0142232878712,0.0141742471144,0
5600,0.0142232878712,0.0143218789927,0.0142724983016,0
5600,0.0143218789927,0.0144211535152,0.0143714305336,0
5600,0.0144211535152,0.0145211161759,0.0144710485309,0
5600,0.0145211161759,0.0146217717446,0.0145713570473,0
5600,0.0146217717446,0.0147231250243,0.0146723608691,0
5600,0.0147231250243,0.0148251808515,0.0147740648159,0
5600,0.0148251808515,0.0149279440958,0.0148764737408,0
5600,0.0149279440958,0.0150314196609,0.0149795925304,0
5600,0.0150314196609,0.0151356124844,0.0150834261054,0
5600,0.0151356124844,0.015240527538,0.0151879794203,0
5600,0.015240527538,0.015346169828,0.0152932574642,0
5600,0.015346169828,0.0154525443954,0.0153992652606,0
5600,0.0154525443954,0.0155596563161,0.0155060078679,0
5600,0.0155596563161,0.0156675107011,0.0156134903797,0
5600,0.0156675107011,0.015776112697,0.0157217179246,0
5600,0.015776112697,0.015885467486,0.0158306956671,0
5600,0.015885467486,0.0159955802861,0.0159404288071,0
5600,0.0159955802861,0.0161064563518,0.016050922581,0
5600,0.0161064563518,0.0162181009736,0.0161621822611,0
5600,0.0162181009736,0.0163305194789,0.0162742131564,0
5600,0.0163305194789,0.0164437172321,0.0163870206128,0
5600,0.0164437172321,0.0165576996347,0.0165006100132,0
5600,0.0165576996347,0.0166724721255,0.0166149867777,0
5600,0.0166724721255,0.0167880401812,0.016730156364,0
5600,0.0167880401812,0.0169044093164,0.0168461242677,0
5600,0.0169044093164,0.0170215850839,0.0169628960226,0
5600,0.0170215850839,0.0171395730751,0.0170804772006,0
5600,0.0171395730751,0.0172583789199,0.0171988734124,0
5600,0.0172583789199,0.0173780082875,0.0173180903075,0
5600,0.0173780082875,0.0174984668862,0.0174381335747,0
5600,0.0174984668862,0.0176197604641,0.017559008942,0
5600,0.0176197604641,0.0177418948089,0.0176807221773,0
5600,0.0177418948089,0.0178648757485,0.0178032790885,0
5600,0.0178648757485,0.0179887091513,0.0179266855237,0
5600,0.0179887091513,0.0181134009262,0.0180509473713,0
5600,0.0181134009262,0.0182389570232,0.018176070561,0
5600,0.0182389570232,0.0183653834335,0.0183020610631,0
5600,0.0183653834335,0.0184926861898,0.0184289248897,0
5600,0.0184926861898,0.0186208713666,0.0185566680943,0
5600,0.0186208713666,0.0187499450807,0.0186852967726,0
5600,0.0187499450807,0.018879913491,0.0188148170622,0
5600,0.018879913491,0.0190107827992,0.0189452351436,0
5600,0.0190107827992,0.0191425592502,0.0190765572399,0
5600,0.0191425592502,0.0192752491319,0.0192087896175,0
5600,0.0192752491319,0.0194088587759,0.0193419385862,0
5600,0.0194088587759,0.0195433945578,0.0194760104994,0
5600,0.0195433945578,0.0196788628971,0.0196110117548,0
5600,0.0196788628971,0.0198152702581,0.0197469487941,0
5600,0.0198152702581,0.0199526231497,0.019883828104,0
5600,0.0199526231497,0.0200909281261,0.0200216562159,0
5600,0.0200909281261,0.0202301917868,0.0201604397066,0
5600,0.0202301917868,0.0203704207771,0.0203001851986,0
5600,0.0203704207771,0.0205116217883,0.02044089936,0
5600,0.0205116217883,0.0206538015581,0.0205825889054,0
5600,0.0206538015581,0.020796966871,0.0207252605958,0
5600,0.020796966871,0.0209411245585,0.0208689212391,0
5600,0.0209411245585,0.0210862814993,0.0210135776905,0
5600,0.0210862814993,0.02123244462,0.0211592368524,0
5600,0.02123244462,0.021379620895,0.0213059056754,0
5600,0.021379620895,0.0215278173472,0.0214535911582,0
5600,0.0215278173472,0.0216770410482,0.0216023003477,0
5600,0.0216770410482,0.0218272991184,0.0217520403402,0
5600,0.0218272991184,0.0219785987278,0.0219028182807,0
5600,0.0219785987278,0.0221309470961,0.0220546413639,0
5600,0.0221309470961,0.0222843514927,0.0222075168345,0
5600,0.0222843514927,0.0224388192378,0.0223614519872,0
5600,0.0224388192378,0.0225943577022,0.0225164541674,0
5600,0.0225943577022,0.0227509743077,0.0226725307715,0
5600,0.0227509743077,0.0229086765277,0.0228296892468,0
5600,0.0229086765277,0.0230674718872,0.0229879370926,0
5600,0.0230674718872,0.0232273679636,0.0231472818602,0
5600,0.0232273679636,0.0233883723866,0.0233077311528,0
5600,0.0233883723866,0.023550492839,0.0234692926269,0
5600,0.023550492839,0.0237137370566,0.0236319739915,0
5600,0.0237137370566,0.0238781128291,0.0237957830096,0
5600,0.0238781128291,0.0240436280001,0.0239607274975,0
5600,0.0240436280001,0.0242102904674,0.0241268153259,0
5600,0.0242102904674,0.0243781081837,0.0242940544202,0
5600,0.0243781081837,0.0245470891569,0.0244624527605,0
5600,0.0245470891569,0.0247172414502,0.0246320183824,0
5600,0.0247172414502,0.0248885731828,0.0248027593769,0
5600,0.0248885731828,0.0250610925303,0.0249746838915,0
5600,0.0250610925303,0.0252348077248,0.02514780013,0
5600,0.0252348077248,0.0254097270555,0.0253221163528,0
5600,0.0254097270555,0.0255858588691,0.025497640878,0
5600,0.0255858588691,0.02576321157,0.0256743820811,0
5600,0.02576321157,0.0259417936212,0.0258523483956,0
5600,0.0259417936212,0.026121613544,0.0260315483137,0
5600,0.026121613544,0.026302679919,0.0262119903864,0
5600,0.026302679919,0.0264850013861,0.0263936832237,0
5600,0.0264850013861,0.0266685866452,0.0265766354955,0
5600,0.0266685866452,0.0268534444566,0.026760855932,0
5600,0.0268534444566,0.0270395836411,0.0269463533235,0
5600,0.0270395836411,0.0272270130808,0.0271331365215,0
5600,0.0272270130808,0.0274157417193,0.0273212144388,0
5600,0.0274157417193,0.0276057785622,0.0275105960499,0
5600,0.0276057785622,0.0277971326776,0.0277012903916,0
5600,0.0277971326776,0.0279898131963,0.0278933065634,0
5600,0.0279898131963,0.0281838293126,0.0280866537277,0
5600,0.0281838293126,0.0283791902844,0.0282813411105,0
5600,0.0283791902844,0.0285759054337,0.0284773780017,0
5600,0.0285759054337,0.0287739841474,0.0286747737558,0
5600,0.0287739841474,0.028973435877,0.0288735377919,0
5600,0.028973435877,0.02917427014,0.0290736795944,0
5600,0.02917427014,0.0293764965196,0.0292752087137,0
5600,0.0293764965196,0.0295801246655,0.0294781347661,0
5600,0.0295801246655,0.0297851642943,0.0296824674346,0
5600,0.0297851642943,0.0299916251899,0.0298882164696,0
5600,0.0299916251899,0.030199517204,0.0300953916887,0
5600,0.030199517204,0.0304088502568,0.0303040029779,0
5600,0.0304088502568,0.0306196343369,0.0305140602914,0.000206586858112
5600,0.0306196343369,0.0308318795025,0.0307255736527,0
5600,0.0308318795025,0.0310455958813,0.0309385531545,0
5600,0.0310455958813,0.0312607936712,0.0311530089597,0
5600,0.0312607936712,0.031477483141,0.0313689513016,0.00021074615412
5600,0.031477483141,0.0316956746304,0.0315863904842,0
5600,0.0316956746304,0.031915378551,0.0318053368833,0
5600,0.031915378551,0.0321366053864,0.0320258009463,0.00021248439879
5600,0.0321366053864,0.032359365693,0.0322477931932,0.000304330301127
5600,0.032359365693,0.0325836701002,0.0324713242168,0
5600,0.0325836701002,0.0328095293113,0.0326964046834,0
5600,0.0328095293113,0.0330369541037,0.0329230453333,0
5600,0.0330369541037,0.0332659553294,0.0331512569812,0
5600,0.0332659553294,0.0334965439158,0.0333810505166,0
5600,0.0334965439158,0.0337287308659,0.0336124369047,3.37149151396e-05
5600,0.0337287308659,0.033962527259,0.0338454271866,0
5600,0.033962527259,0.0341979442514,0.03408003248,0
5600,0.0341979442514,0.0344349930763,0.0343162639796,0
5600,0.0344349930763,0.0346736850453,0.0345541329578,0
5600,0.0346736850453,0.0349140315479,0.0347936507649,0
5600,0.0349140315479,0.0351560440528,0.0350348288302,0.000316639879815
5600,0.0351560440528,0.0353997341083,0.0352776786619,0
5600,0.0353997341083,0.0356451133426,0.0355222118482,0.000216969661279
5600,0.0356451133426,0.0358921934645,0.0357684400576,0
5600,0.0358921934645,0.036140986264,0.0360163750395,0.000849427115553
5600,0.036140986264,0.0363915036127,0.0362660286245,0
5600,0.0363915036127,0.0366437574648,0.0365174127255,0
5600,0.0366437574648,0.036897759857,0.0367705393378,0
5600,0.036897759857,0.0371535229097,0.03702542054,0
5600,0.0371535229097,0.0374110588272,0.0372820684943,0
5600,0.0374110588272,0.0376703798984,0.0375404954472,0
5600,0.0376703798984,0.0379314984974,0.0378007137302,0
5600,0.0379314984974,0.038194427084,0.0380627357601,0.000222788857985
5600,0.038194427084,0.0384591782045,0.03832657404,0
5600,0.0384591782045,0.0387257644922,0.0385922411595,9.14981957466e-07
5600,0.0387257644922,0.0389941986677,0.0388597497954,0
5600,0.0389941986677,0.03926449354,0.0391291127127,0
5600,0.03926449354,0.0395366620068,0.0394003427645,0.00057502678516
5600,0.0395366620068,0.0398107170553,0.0396734528932,0
5600,0.0398107170553,0.0400866717627,0.0399484561308,0.000285442598517
5600,0.0400866717627,0.0403645392968,0.0402253655999,0
5600,0.0403645392968,0.0406443329165,0.0405041945136,0
5600,0.0406443329165,0.040926065973,0.0407849561771,0.000377123045113
5600,0.040926065973,0.0412097519097,0.0410676639875,0
5600,0.0412097519097,0.0414954042634,0.0413523314348,0.00036560581827
5600,0.0414954042634,0.0417830366647,0.0416389721025,0.000297147114896
5600,0.0417830366647,0.0420726628384,0.0419275996685,0.000385334353103
5600,0.0420726628384,0.042364296605,0.0422182279051,0.000283211181142
5600,0.042364296605,0.0426579518802,0.0425108706805,0.000166558361711
5600,0.0426579518802,0.0429536426765,0.0428055419586,0.000385696817989
5600,0.0429536426765,0.0432513831035,0.0431022558005,0.000144188250161
5600,0.0432513831035,0.0435511873686,0.0434010263645,0.000399706422444
5600,0.0435511873686,0.0438530697775,0.0437018679071,0.000256325681947
5600,0.0438530697775,0.0441570447353,0.0440047947836,0
5600,0.0441570447353,0.0444631267469,0.0443098214489,7.4903907314e-05
5600,0.0444631267469,0.0447713304176,0.0446169624581,4.97677460868e-05
5600,0.0447713304176,0.0450816704541,0.044926232467,0.00085625826483
5600,0.0450816704541,0.045394161665,0.0452376462332,0.00111727870155
5600,0.045394161665,0.0457088189615,0.0455512186166,0.000750714212606
5600,0.0457088189615,0.0460256573581,0.0458669645798,7.70539894198e-05
5600,0.0460256573581,0.0463446919736,0.0461848991895,0.000828486477384
5600,0.0463446919736,0.0466659380314,0.0465050376167,0.000676497860207
5600,0.0466659380314,0.0469894108605,0.0468273951374,0.000624331802089
5600,0.0469894108605,0.0473151258961,0.0471519871336,8.38051102305e-07
5600,0.0473151258961,0.0476430986805,0.0474788290942,0
5600,0.0476430986805,0.0479733448637,0.0478079366149,0.000188692562661
5600,0.0479733448637,0.048305880204,0.0481393254,0.000163856547374
5600,0.048305880204,0.0486407205691,0.0484730112624,0.000221398693849
5600,0.0486407205691,0.0489778819368,0.0488090101248,0.000490383348453
5600,0.0489778819368,0.0493173803955,0.0491473380199,0.000708953526703
5600,0.0493173803955,0.049659232145,0.049488011092,0.000497825606592
5600,0.049659232145,0.0500034534977,0.0498310455971,0.000160000935231
5600,0.0500034534977,0.0503500608788,0.0501764579037,0.000252082842246
5600,0.0503500608788,0.0506990708275,0.050524264494,0.0007918902501
5600,0.0506990708275,0.0510504999975,0.0508744819645,0
5600,0.0510504999975,0.0514043651582,0.0512271270265,0
5600,0.0514043651582,0.0517606831951,0.0515822165072,0.00102077237457
5600,0.0517606831951,0.0521194711105,0.0519397673507,0.00044314435833
5600,0.0521194711105,0.052480746025,0.0522997966182,0.000909475603402
5600,0.052480746025,0.0528445251775,0.0526623214894,0.000252234995339
5600,0.0528445251775,0.0532108259267,0.0530273592629,0.000320484679935
5600,0.0532108259267,0.0535796657513,0.0533949273574,0.000872181465198
5600,0.0535796657513,0.0539510622515,0.0537650433122,0.000249122531299
5600,0.0539510622515,0.0543250331492,0.0541377247883,0.000813891339644
5600,0.0543250331492,0.0547015962894,0.0545129895689,0.00111462710027
5600,0.0547015962894,0.0550807696405,0.0548908555607,0.000871308794009
5600,0.0550807696405,0.0554625712958,0.0552713407944,0
5600,0.0554625712958,0.0558470194737,0.0556544634258,0.000474542336431
5600,0.0558470194737,0.056234132519,0.0560402417364,0.00143639702277
5600,0.056234132519,0.0566239289038,0.0564286941345,0.000648467656567
5600,0.0566239289038,0.0570164272281,0.056819839156,0.000317299765168
5600,0.0570164272281,0.0574116462207,0.0572136954652,0.00102568578715
5600,0.0574116462207,0.0578096047406,0.057610281856,1.36662556699e-05
5600,0.0578096047406,0.0582103217771,0.0580096172523,0.000578239508822
5600,0.0582103217771,0.0586138164514,0.0584117207093,0.00145237514269
5600,0.0586138164514,0.0590201080172,0.0588166114143,0.000507907645332
5600,0.0590201080172,0.0594292158616,0.0592243086876,0.00103487011352
5600,0.0594292158616,0.059841159506,0.0596348319834,0.000340662705816
5600,0.059841159506,0.0602559586074,0.0600482008908,0.000214554687513
5600,0.0602559586074,0.0606736329589,0.0604644351345,0.000205043655917
5600,0.0606736329589,0.0610942024906,0.0608835545761,0.00169466477374
5600,0.0610942024906,0.061517687271,0.061305579215,0.000788737320807
5600,0.061517687271,0.0619441075077,0.0617305291889,0.000450342035015
5600,0.0619441075077,0.0623734835482,0.0621584247753,0.00128246290136
5600,0.0623734835482,0.0628058358813,0.0625892863921,0.000696131852466
5600,0.0628058358813,0.0632411851376,0.0630231345991,0.000628924904381
5600,0.0632411851376,0.0636795520908,0.0634599900981,0.00083570488888
5600,0.0636795520908,0.0641209576585,0.0638998737348,0.00222213486075
5600,0.0641209576585,0.0645654229035,0.0643428064992,0.00071048450921
5600,0.0645654229035,0.0650129690343,0.0647888095269,0.0007826751258
5600,0.0650129690343,0.0654636174067,0.0652379040998,0.00125636853406
5600,0.0654636174067,0.0659173895244,0.0656901116476,8.08896432039e-05
5600,0.0659173895244,0.0663743070402,0.0661454537484,0.000846264130106
5600,0.0663743070402,0.0668343917569,0.0666039521298,0.00186694418921
5600,0.0668343917569,0.0672976656284,0.0670656286702,0.000892281665565
5600,0.0672976656284,0.0677641507611,0.0675305053995,0.000832863463612
5600,0.0677641507611,0.0682338694142,0.0679986045003,0.00107616568182
5600,0.0682338694142,0.0687068440014,0.0684699483091,0.000786497264952
5600,0.0687068440014,0.0691830970919,0.0689445593171,0.00089317854801
5600,0.0691830970919,0.0696626514111,0.0694224601714,0.000806845982973
5600,0.0696626514111,0.070145529842,0.0699036736762,0.00134282493142
5600,0.070145529842,0.0706317554263,0.0703882227936,0.000709599149216
5600,0.0706317554263,0.0711213513653,0.0708761306451,0.000645084959283
5600,0.0711213513653,0.0716143410213,0.0713674205122,0.000549254903718
5600,0.0716143410213,0.0721107479183,0.071862115838,0.00130344724539
5600,0.0721107479183,0.0726105957435,0.072360240228,0.000921279023191
5600,0.0726105957435,0.0731139083483,0.0728618174513,0.000896618149405
5600,0.0731139083483,0.0736207097495,0.0733668714418,0
5600,0.0736207097495,0.0741310241301,0.0738754262994,0.000309698551626
5600,0.0741310241301,0.074644875841,0.0743875062908,0.00208646880589
5600,0.074644875841,0.0751622894018,0.0749031358511,0.00090437793189
5600,0.0751622894018,0.0756832895021,0.0754223395848,0.000985568145313
5600,0.0756832895021,0.0762079010025,0.0759451422668,0.000963143564773
5600,0.0762079010025,0.0767361489362,0.0764715688439,0.000183347115693
5600,0.0767361489362,0.0772680585096,0.0770016444357,0.000423370619564
5600,0.0772680585096,0.077803655104,0.077535394336,0.000281049747471
5600,0.077803655104,0.0783429642766,0.0780728440138,0.000344082065076
5600,0.0783429642766,0.0788860117619,0.0786140191148,0.00110159341865
5600,0.0788860117619,0.0794328234724,0.0791589454624,0.000489945785169
5600,0.0794328234724,0.0799834255007,0.079707649059,0.00121863605842
5600,0.0799834255007,0.0805378441199,0.0802601560873,0.00111154865323
5600,0.0805378441199,0.0810961057854,0.0808164929113,0.000795766162794
5600,0.0810961057854,0.0816582371359,0.0813766860779,0.000406200634746
5600,0.0816582371359,0.0822242649947,0.081940762318,0.00147063577438
5600,0.0822242649947,0.0827942163712,0.0825087485479,0.000871066605598
5600,0.0827942163712,0.083368118462,0.0830806718702,0.00146374992387
5600,0.083368118462,0.0839459986519,0.0836565595756,0.00239488549866
5600,0.0839459986519,0.084527884516,0.0842364391438,0.00203812312716
5600,0.084527884516,0.0851138038202,0.0848203382452,0.000545379390223
5600,0.0851138038202,0.085703784523,0.0854082847419,0.000708814208975
5600,0.085703784523,0.0862978547767,0.0860003066889,0.00127786168623
5600,0.0862978547767,0.0868960429286,0.086596432336,0.000538744981666
5600,0.0868960429286,0.0874983775227,0.0871966901287,0.00130668871379
5600,0.0874983775227,0.0881048873008,0.0878011087097,0.000973305507358
5600,0.0881048873008,0.0887156012038,0.08840971692,0.000558068424688
5600,0.0887156012038,0.0893305483733,0.089022543801,0.00210848258092
5600,0.0893305483733,0.089949758153,0.089639618595,0.00171675292944
5600,0.089949758153,0.0905732600898,0.0902609707471,0.00153210084432
5600,0.0905732600898,0.0912010839356,0.0908866299066,0.00171454104366
5600,0.0912010839356,0.0918332596484,0.0915166259281,0.00171298467885
5600,0.0918332596484,0.0924698173938,0.0921509888735,0.00236842831188
5600,0.0924698173938,0.0931107875468,0.0927897490127,0.000499603804315
5600,0.0931107875468,0.0937562006926,0.0934329368257,0.000763738213253
5600,0.0937562006926,0.0944060876286,0.0940805830037,0.0049418932684
5600,0.0944060876286,0.0950604793656,0.0947327184504,0.000690229267606
5600,0.0950604793656,0.0957194071295,0.0953893742842,0.000990177038659
5600,0.0957194071295,0.0963829023624,0.0960505818387,0.000484203440762
5600,0.0963829023624,0.0970509967245,0.096716372665,0.00148293983218
5600,0.0970509967245,0.0977237220956,0.0973867785329,0.00182938182516
5600,0.0977237220956,0.0984011105761,0.0980618314322,0.00233459799848
5600,0.0984011105761,0.0990831944893,0.0987415635747,0.000935915178055
5600,0.0990831944893,0.0997700063823,0.0994260073953,0.00192020963536
5600,0.0997700063823,0.100461579028,0.100115195554,0.00186471341574
5600,0.100461579028,0.101157945426,0.100809160936,0.00195510006253
5600,0.101157945426,0.101859138805,0.101507936657,0.00227096955701
5600,0.101859138805,0.102565192625,0.10221155606,0.0024214681807
5600,0.102565192625,0.103276140576,0.102920052719,0.00206079817988
5600,0.103276140576,0.103992016583,0.103633460443,0.00227149914209
5600,0.103992016583,0.104712854805,0.104351813273,0.00150610746005
5600,0.104712854805,0.105438689639,0.105075145487,0.00257409817428
5600,0.105438689639,0.10616955572,0.1058034916,0.00109275376848
5600,0.10616955572,0.106905487922,0.106536886367,0.000987317192795
5600,0.106905487922,0.107646521363,0.107275364784,0.00233818961124
5600,0.107646521363,0.108392691402,0.108018962088,0.00106530115376
5600,0.108392691402,0.109144033645,0.108767713763,0.00154037720796
5600,0.109144033645,0.109900583943,0.109521655537,0.000605432059389
5600,0.109900583943,0.110662378398,0.110280823385,0.00075755258284
5600,0.110662378398,0.111429453359,0.111045253533,0.00112567831843
5600,0.111429453359,0.11220184543,0.111814982458,0.00145718375384
5600,0.11220184543,0.112979591467,0.112590046889,0.0025858707291
5600,0.112979591467,0.113762728582,0.113370483811,0.00456084731607
5600,0.113762728582,0.114551294145,0.114156330462,0.00118969897932
5600,0.114551294145,0.115345325782,0.114947624342,0.00090441218178
5600,0.115345325782,0.116144861384,0.115744403209,0.000955908647791
5600,0.116144861384,0.116949939102,0.116546705084,0.0011287540614
5600,0.116949939102,0.117760597352,0.117354568249,0.00287654411708
5600,0.117760597352,0.118576874817,0.118168031254,0.00139936317631
5600,0.118576874817,0.119398810446,0.118987132916,0.000870095769966
5600,0.119398810446,0.120226443462,0.119811912319,0.000727786103054
5600,0.120226443462,0.121059813355,0.12064240882,0.00127731811672
5600,0.121059813355,0.121898959892,0.121478662047,0.00110887419112
5600,0.121898959892,0.122743923116,0.122320711905,0.00326027250022
5600,0.122743923116,0.123594743344,0.123168598574,0.00224500969172
5600,0.123594743344,0.124451461177,0.124022362512,0.00121155297534
5600,0.124451461177,0.125314117494,0.124882044459,0.000225997079161
5600,0.125314117494,0.126182753459,0.125747685437,0.0024951453005
5600,0.126182753459,0.127057410521,0.126619326751,0.000998764756016
5600,0.127057410521,0.127938130416,0.127497009994,0.00222315287561
5600,0.127938130416,0.128824955169,0.128380777047,0.00211699317501
5600,0.128824955169,0.129717927098,0.129270670081,0.00115586922891
5600,0.129717927098,0.130617088813,0.130166731558,0.00057343724274
5600,0.130617088813,0.131522483219,0.131069004237,0.000598796737373
5600,0.131522483219,0.132434153519,0.131977531171,0.00204545223556
5600,0.132434153519,0.133352143216,0.132892355713,0.00272618423822
5600,0.133352143216,0.134276496114,0.133813521515,0.00223942259929
5600,0.134276496114,0.135207256319,0.134741072534,0.00228775528527
5600,0.135207256319,0.136144468247,0.13567505303,0.00146991975672
5600,0.136144468247,0.137088176616,0.136615507569,0.0017062417226
5600,0.137088176616,0.13803842646,0.137562481028,0.00174823506635
5600,0.13803842646,0.138995263121,0.138516018592,0.00197258115393
5600,0.138995263121,0.139958732257,0.139476165764,0.00112003482845
5600,0.139958732257,0.140928879842,0.140442968358,0.00248534341032
5600,0.140928879842,0.141905752169,0.141416472507,0.00262188449531
5600,0.141905752169,0.142889395851,0.142396724665,0.000892027336196
5600,0.142889395851,0.143879857826,0.143383771606,0.00104023066298
5600,0.143879857826,0.144877185354,0.144377660429,0.00180504864042
5600,0.144877185354,0.145881426028,0.145378438561,0.00228648963144
5600,0.145881426028,0.146892627764,0.146386153755,0.00345879025114
5600,0.146892627764,0.147910838817,0.147400854097,0.00165979234359
5600,0.147910838817,0.148936107771,0.148422588006,0.00231102091425
5600,0.148936107771,0.14996848355,0.149451404237,0.000820571622257
5600,0.14996848355,0.151008015416,0.15048735188,0.00130386837649
5600,0.151008015416,0.152054752973,0.15153048037,0.00157656924388
5600,0.152054752973,0.153108746168,0.152580839481,0.00201924987806
5600,0.153108746168,0.154170045295,0.153638479333,0.00327052244661
5600,0.154170045295,0.155238700996,0.154703450395,0.00148162178894
5600,0.155238700996,0.156314764264,0.155775803483,0.000622994656787
5600,0.156314764264,0.157398286447,0.156855589768,0.00219793926815
5600,0.157398286447,0.158489319246,0.157942860774,0.00119859908901
5600,0.158489319246,0.159587914724,0.159037668382,0.000682151277771
5600,0.159587914724,0.160694125301,0.160140064834,0.00262201933188
5600,0.160694125301,0.161808003764,0.161250102734,0.0010003997112
5600,0.161808003764,0.162929603264,0.162367835048,0.00102516825255
5600,0.162929603264,0.16405897732,0.163493315113,0.002009877553
5600,0.16405897732,0.165196179823,0.164626596633,0.00318927381028
5600,0.165196179823,0.166341265037,0.165767733685,0.000773014457981
5600,0.166341265037,0.167494287603,0.166916780721,0.000969235119455
5600,0.167494287603,0.168655302539,0.168073792571,0.00176416945077
5600,0.168655302539,0.169824365246,0.169238824444,0.0031510455298
5600,0.169824365246,0.171001531509,0.170411931932,0.00196375030948
5600,0.171001531509,0.172186857499,0.171593171012,0.00184072564137
5600,0.172186857499,0.173380399775,0.172782598051,0.00266373384137
5600,0.173380399775,0.174582215292,0.173980269804,0.00250639095782
5600,0.174582215292,0.175792361396,0.175186243421,0.000875061759445
5600,0.175792361396,0.177010895832,0.176400576448,0.000704463901544
5600,0.177010895832,0.178237876745,0.177623326829,0.00133886360808
5600,0.178237876745,0.179473362683,0.178854552911,0.00148433835118
5600,0.179473362683,0.180717412601,0.180094313444,0.00110069789691
5600,0.180717412601,0.181970085861,0.181342667587,0.00210145325536
5600,0.181970085861,0.183231442237,0.182599674907,0.0012313904177
5600,0.183231442237,0.184501541918,0.183865395386,0.00149851152984
5600,0.184501541918,0.185780445509,0.185139889421,0.00274387856261
5600,0.185780445509,0.187068214037,0.186423217825,0.000919246558614
5600,0.187068214037,0.188364908949,0.187715441838,0.00134722203878
5600,0.188364908949,0.189670592121,0.189016623119,0.00248810296684
5600,0.189670592121,0.190985325857,0.190326823758,0.00217481118418
5600,0.190985325857,0.192309172891,0.191646106274,0.0015808356454
5600,0.192309172891,0.193642196395,0.192974533619,0.00304407366948
5600,0.193642196395,0.194984459976,0.194312169183,0.000149809149143
5600,0.194984459976,0.196336027684,0.195659076793,0.00276701626829
5600,0.196336027684,0.197696964011,0.197015320722,0.00260315344388
5600,0.197696964011,0.199067333899,0.198380965684,0.0032345642659
5600,0.199067333899,0.200447202737,0.199756076844,0.00170253903672
5600,0.200447202737,0.201836636368,0.20114071982,0.00202483996997
5600,0.201836636368,0.203235701094,0.202534960682,0.00150978550028
5600,0.203235701094,0.204644463672,0.203938865961,0.00105560365658
5600,0.204644463672,0.206062991327,0.205352502646,0.0013185968524
5600,0.206062991327,0.207491351745,0.206775938192,0.00115482256794
5600,0.207491351745,0.208929613085,0.208209240522,0.00210351948679
5600,0.208929613085,0.210377843977,0.209652478029,0.00147576919547
5600,0.210377843977,0.211836113525,0.211105719581,0.00207709728449
5600,0.211836113525,0.213304491315,0.212569034522,0.00237831944296
5600,0.213304491315,0.214783047413,0.214042492677,0.00178538534676
5600,0.214783047413,0.216271852373,0.215526164357,0.00203490171495
5600,0.216271852373,0.217770977235,0.217020120357,0.00139043190913
5600,0.217770977235,0.219280493535,0.218524431965,0.00169164147105
5600,0.219280493535,0.220800473302,0.220039170964,0.00112360508021
5600,0.220800473302,0.222330989065,0.221564409631,0.00276446220641
5600,0.222330989065,0.223872113857,0.223100220748,0.00215198298935
5600,0.223872113857,0.225423921215,0.224646677599,0.00172393039155
5600,0.225423921215,0.226986485188,0.226203853977,0.000646093497543
5600,0.226986485188,0.228559880338,0.227771824186,0.00134326707352
5600,0.228559880338,0.230144181741,0.229350663045,0.00184714683619
5600,0.230144181741,0.231739464997,0.230940445892,0.0010888326751
5600,0.231739464997,0.233345806228,0.232541248587,0.00101533558364
5600,0.233345806228,0.234963282085,0.234153147517,0.00195960751315
5600,0.234963282085,0.236591969749,0.235776219596,0.00137056341734
5600,0.236591969749,0.238231946936,0.237410542273,0.000881245650527
5600,0.238231946936,0.239883291902,0.239056193534,0.00104666329664
5600,0.239883291902,0.241546083444,0.240713251905,0.00140500326766
5600,0.241546083444,0.243220400907,0.242381796455,0.00281812828737
5600,0.243220400907,0.244906324184,0.244061906804,0.00234871902481
5600,0.244906324184,0.246603933723,0.245753663122,0.00350100108171
5600,0.246603933723,0.24831331053,0.247457146133,0.00372666289061
5600,0.24831331053,0.25003453617,0.249172437125,0.0038443392525
5600,0.25003453617,0.251767692776,0.250899617947,0.00248430178409
5600,0.251767692776,0.25351286305,0.252638771013,0.00363273946155
5600,0.25351286305,0.255270130266,0.254389979313,0.00403399702692
5600,0.255270130266,0.257039578277,0.256153326409,0.00142806937434
5600,0.257039578277,0.258821291515,0.257928896443,0.00147677846705
5600,0.258821291515,0.260615355,0.25971677414,0.000858353105249
5600,0.260615355,0.262421854338,0.261517044814,0.00397280150667
5600,0.262421854338,0.264240875732,0.263329794368,0.00290625790109
5600,0.264240875732,0.26607250598,0.265155109301,0.00188153403397
5600,0.26607250598,0.267916832482,0.266993076713,0.00189048354763
5600,0.267916832482,0.269773943244,0.268843784306,0.00220176639187
5600,0.269773943244,0.271643926884,0.270707320392,0.00285357488899
5600,0.271643926884,0.273526872631,0.272583773893,0.00246580903187
5600,0.273526872631,0.275422870334,0.274473234348,0.00129736084222
5600,0.275422870334,0.277332010465,0.276375791917,0.00337474924135
5600,0.277332010465,0.279254384124,0.278291537385,0.0018472135534
5600,0.279254384124,0.28119008304,0.280220562167,0.00213495687021
5600,0.28119008304,0.28313919958,0.282162958309,0.00161313298296
5600,0.28313919958,0.28510182675,0.284118818498,0.00431136891024
5600,0.28510182675,0.287078058202,0.286088236063,0.00241678507592
5600,0.287078058202,0.289067988237,0.288071304978,0.00340436796267
5600,0.289067988237,0.291071711807,0.290068119869,0.00315002819557
5600,0.291071711807,0.293089324525,0.292078776021,0.00224529804885
5600,0.293089324525,0.295120922667,0.294103369375,0.00392277152541
5600,0.295120922667,0.297166603174,0.296141996539,0.00398298245318
5600,0.297166603174,0.299226463661,0.298194754793,0.00140473090113
5600,0.299226463661,0.301300602419,0.300261742086,0.00163986435124
5600,0.301300602419,0.303389118419,0.302343057051,0.00243288624331
5600,0.303389118419,0.305492111322,0.304438799002,0.00118646171821
5600,0.305492111322,0.307609681474,0.306549067943,0.000735573307195
5600,0.307609681474,0.309741929922,0.308673964568,0.00194523615131
5600,0.309741929922,0.311888958409,0.310813590274,0.00237638447904
5600,0.311888958409,0.314050869388,0.312968047156,0.00225703805283
5600,0.314050869388,0.316227766017,0.31513743802,0.00215397912773
5600,0.316227766017,0.318419752173,0.317321866384,0.00107532529035
5600,0.318419752173,0.320626932451,0.319521436481,0.00208898589658
5600,0.320626932451,0.322849412171,0.32173625327,0.0020708875424
5600,0.322849412171,0.325087297385,0.323966422435,0.00191896304553
5600,0.325087297385,0.327340694879,0.326212050394,0.00163326534433
5600,0.327340694879,0.329609712177,0.328473244303,0.00227499942481
5600,0.329609712177,0.331894457553,0.330750112059,0.00228809073592
5600,0.331894457553,0.334195040026,0.333042762309,0.00139801536651
5600,0.334195040026,0.336511569375,0.335351304451,0.001743986175
5600,0.336511569375,0.338844156139,0.337675848642,0.00194590188418
5600,0.338844156139,0.341192911622,0.340016505804,0.0015719320825
5600,0.341192911622,0.3435579479,0.342373387626,0.00185379889018
5600,0.3435579479,0.345939377826,0.344746606573,0.00231601770446
5600,0.345939377826,0.348337315036,0.347136275888,0.00289388177948
5600,0.348337315036,0.350751873953,0.349542509599,0.000304923490402
5600,0.350751873953,0.353183169792,0.351965422525,0.00157475341049
5600,0.353183169792,0.355631318569,0.354405130281,0.00185637264919
5600,0.355631318569,0.358096437103,0.356861749283,0.00270536483788
5600,0.358096437103,0.360578643022,0.359335396755,0.00276122865591
5600,0.360578643022,0.36307805477,0.361826190732,0.00142467385658
5600,0.36307805477,0.365594791613,0.364334250068,0.00184503115325
5600,0.365594791613,0.368128973643,0.366859694441,0.0011449903472
5600,0.368128973643,0.370680721783,0.369402644358,0.00236533104659
5600,0.370680721783,0.373250157796,0.371963221162,0.000700921117671
5600,0.373250157796,0.375837404288,0.374541547036,0.00230106183245
5600,0.375837404288,0.378442584717,0.377137745011,0.00124766562444
5600,0.378442584717,0.381065823394,0.379751938971,0.0019393890992
5600,0.381065823394,0.383707245492,0.382384253658,0.0022273972688
5600,0.383707245492,0.386366977054,0.385034814679,0.00270404625891
5600,0.386366977054,0.389045144994,0.38770374851,0.00202982390569
5600,0.389045144994,0.391741877108,0.390391182508,0.00193020052332
5600,0.391741877108,0.394457302075,0.393097244907,0.00187193177111
5600,0.394457302075,0.397191549469,0.395822064836,0.0023612270703
5600,0.397191549469,0.399944749761,0.398565772313,0.000788167178008
5600,0.399944749761,0.402717034325,0.401328498263,0.000792154012815
5600,0.402717034325,0.405508535448,0.404110374513,0.00174438851221
5600,0.405508535448,0.408319386333,0.406911533809,0.00182366989986
5600,0.408319386333,0.411149721105,0.409732109814,0.00242286577314
5600,0.411149721105,0.41399967482,0.412572237117,0.00189900186096
5600,0.41399967482,0.41686938347,0.415432051242,0.00247588103114
5600,0.41686938347,0.419758983991,0.418311688651,6.93812670533e-05
5600,0.419758983991,0.422668614266,0.421211286754,0.000806956442719
5600,0.422668614266,0.425598413134,0.42413098391,0.00166044663523
5600,0.425598413134,0.428548520397,0.427070919441,0.00109131388471
5600,0.428548520397,0.431519076828,0.430031233631,0.00240571000051
5600,0.431519076828,0.434510224172,0.433012067738,0.000960215798806
5600,0.434510224172,0.437522105158,0.436013564,0.0011471879359
5600,0.437522105158,0.440554863507,0.439035865641,0.0022161386908
5600,0.440554863507,0.443608643931,0.442079116876,0.00125833714184
5600,0.443608643931,0.446683592151,0.44514346292,0.0029937885243
5600,0.446683592151,0.449779854893,0.448229049997,0.00262998952511
5600,0.449779854893,0.452897579904,0.451336025341,0.00121361533683
5600,0.452897579904,0.456036915951,0.45446453721,0.0022286478901
5600,0.456036915951,0.459198012837,0.457614734886,0.000984311278792
5600,0.459198012837,0.462381021399,0.46078676869,0.0016381285577
5600,0.462381021399,0.465586093523,0.463980789982,0.000789490932104
5600,0.465586093523,0.468813382145,0.467196951172,0.00146845346608
5600,0.468813382145,0.472063041264,0.470435405726,0.00124257630394
5600,0.472063041264,0.475335225943,0.473696308175,0.00188697041468
5600,0.475335225943,0.478630092323,0.476979814119,0.00193204411343
5600,0.478630092323,0.481947797625,0.48028608024,0.00212768056796
5600,0.481947797625,0.485288500162,0.483615264302,0.00143075272678
5600,0.485288500162,0.488652359343,0.486967525166,0.00276202543202
5600,0.488652359343,0.492039535681,0.490343022792,0.00150071062779
5600,0.492039535681,0.495450190805,0.49374191825,0.00171070938047
5600,0.495450190805,0.49888448746,0.497164373725,0.00182275839851
5600,0.49888448746,0.502342589522,0.500610552529,0.00111724511462
5600,0.502342589522,0.505824662003,0.504080619103,0.00126930687709
5600,0.505824662003,0.509330871057,0.507574739029,0.000310989877731
5600,0.509330871057,0.512861383991,0.511093079037,0.00245948815808
5600,0.512861383991,0.516416369272,0.514635807014,0.00193046435554
5600,0.516416369272,0.519995996534,0.518203092007,0.000988852937543
5600,0.519995996534,0.523600436586,0.521795104239,0.000840439571921
5600,0.523600436586,0.527229861423,0.52541201511,0.000708868903801
5600,0.527229861423,0.530884444231,0.52905399721,0.00125408124513
5600,0.530884444231,0.534564359397,0.532721224323,0.00201064099713
5600,0.534564359397,0.538269782516,0.53641387144,0.000605048088079
5600,0.538269782516,0.542000890402,0.540132114765,0.00109613764933
5600,0.542000890402,0.545757861091,0.54387613172,0.00170706550331
5600,0.545757861091,0.549540873858,0.547646100962,0.00132840987801
5600,0.549540873858,0.553350109216,0.551442202382,0.000832691888117
5600,0.553350109216,0.557185748932,0.55526461712,0.000712561101663
5600,0.557185748932,0.561047976032,0.559113527571,0.00294799770875
5600,0.561047976032,0.564936974812,0.562989117394,0.000221616779803
5600,0.564936974812,0.568852930844,0.566891571523,0.000399486714618
5600,0.568852930844,0.572796030986,0.570821076172,0.00302759735879
5600,0.572796030986,0.576766463392,0.574777818846,0.00101750615993
5600,0.576766463392,0.580764417521,0.578761988349,0.00174185071362
5600,0.580764417521,0.584790084144,0.582773774796,0.00114682059344
5600,0.584790084144,0.588843655356,0.586813369619,0.00102144930207
5600,0.588843655356,0.59292532458,0.590880965575,0.00255770308848
5600,0.59292532458,0.597035286584,0.594976756759,0.00111708420614
5600,0.597035286584,0.601173737483,0.599100938611,0.00200877623472
5600,0.601173737483,0.605340874754,0.603253707927,0.00178849237437
5600,0.605340874754,0.60953689724,0.607435262864,0.00067937477092
5600,0.60953689724,0.613762005165,0.611645802955,0.00280856939471
5600,0.613762005165,0.618016400138,0.615885529115,0.00167561123047
5600,0.618016400138,0.622300285169,0.620154643654,0.00170716834161
5600,0.622300285169,0.626613864672,0.624453350281,0.00198301436843
5600,0.626613864672,0.63095734448,0.628781854118,0.00132075090354
5600,0.63095734448,0.635330931852,0.633140361711,0.000902291362715
5600,0.635330931852,0.639734835483,0.637529081035,0.00204059270359
5600,0.639734835483,0.644169265515,0.641948221508,0.000765077792437
5600,0.644169265515,0.648634433548,0.646397994,0.00137581160094
5600,0.648634433548,0.653130552647,0.65087861084,0.000663587394628
5600,0.653130552647,0.657657837355,0.655390285833,0.00174680857341
5600,0.657657837355,0.662216503702,0.659933234264,0.00152465661585
5600,0.662216503702,0.666806769214,0.664507672908,0.00192932909972
5600,0.666806769214,0.671428852926,0.669113820046,0.000145760941587
5600,0.671428852926,0.676082975392,0.673751895471,0.000702259625115
5600,0.676082975392,0.680769358694,0.678422120498,0.000903964153085
5600,0.680769358694,0.685488226453,0.683124717979,0.00043305346807
5600,0.685488226453,0.69023980384,0.687859912309,0.00224565911971
5600,0.69023980384,0.695024317589,0.692627929437,0.00159354529373
5600,0.695024317589,0.699841996002,0.697428996882,0.0013512062164
5600,0.699841996002,0.704693068967,0.702263343736,0.00206844323172
5600,0.704693068967,0.709577767963,0.707131200681,0.000551060849559
5600,0.709577767963,0.714496326076,0.712032799999,0.000802032625286
5600,0.714496326076,0.719448978004,0.71696837558,0.00207231665369
5600,0.719448978004,0.724435960075,0.721938162937,0.00239511167782
5600,0.724435960075,0.729457510255,0.726942399214,0.00126169893333
5600,0.729457510255,0.734513868157,0.7319813232,0.000966831667448
5600,0.734513868157,0.739605275058,0.737055175338,0.00188088438406
5600,0.739605275058,0.744731973906,0.742164197739,0.0017301947653
5600,0.744731973906,0.749894209332,0.747308634191,0.00124608770095
5600,0.749894209332,0.755092227665,0.752488730174,0.00233264998833
5600,0.755092227665,0.76032627694,0.757704732866,0.000843236977294
5600,0.76032627694,0.765596606911,0.762956891162,0.000726766516461
5600,0.765596606911,0.770903469064,0.768245455679,0.00125003170331
5600,0.770903469064,0.776247116629,0.773570678775,0.00152313558562
5600,0.776247116629,0.781627804588,0.778932814554,0.00061003748479
5600,0.781627804588,0.787045789695,0.784332118882,0.000368707031455
5600,0.787045789695,0.79250133048,0.7897688494,0.00108230760693
5600,0.79250133048,0.797994687268,0.795243265533,0.00162364302961
5600,0.797994687268,0.803526122186,0.800755628507,0.00181624330137
5600,0.803526122186,0.809095899178,0.806306201355,0.00014768902813
5600,0.809095899178,0.814704284021,0.811895248936,0.00137646033534
5600,0.814704284021,0.82035154433,0.817523037944,0.00185698489815
5600,0.82035154433,0.826037949577,0.823189836921,0.000973686459382
5600,0.826037949577,0.831763771103,0.828895916273,0.000407877841255
5600,0.831763771103,0.837529282127,0.834641548277,0.00152051647109
5600,0.837529282127,0.843334757764,0.8404270071,0.000581030602957
5600,0.843334757764,0.849180475036,0.846252568807,0.00138682080597
5600,0.849180475036,0.855066712885,0.852118511379,0.00132196508779
5600,0.855066712885,0.860993752185,0.858025114723,5.80504806913e-05
5600,0.860993752185,0.866961875758,0.863972660684,0.00173350295712
5600,0.866961875758,0.872971368388,0.869961433065,0.000859546938304
5600,0.872971368388,0.879022516831,0.875991717633,0.000498896176995
5600,0.879022516831,0.885115609831,0.882063802137,0.00265698323827
5600,0.885115609831,0.891250938134,0.888177976319,0.0029367608381
5600,0.891250938134,0.897428794501,0.894334531933,0.000495137668118
5600,0.897428794501,0.903649473722,0.900533762751,0.00240561438183
5600,0.903649473722,0.909913272632,0.906775964584,0.000934715154434
5600,0.909913272632,0.916220490122,0.913061435293,0.00141481059297
5600,0.916220490122,0.922571427155,0.919390474804,0.000465926649608
5600,0.922571427155,0.92896638678,0.925763385121,0.000376343419672
5600,0.92896638678,0.935405674148,0.932180470342,0.00280092097485
5600,0.935405674148,0.941889596523,0.938642036672,0.000514075155858
5600,0.941889596523,0.948418463301,0.945148392441,0.000987165965782
5600,0.948418463301,0.954992586021,0.951699848113,0.00128275494408
5600,0.954992586021,0.961612278384,0.958296716306,0.0018322408837
5600,0.961612278384,0.968277856261,0.964939311806,0.00212562468564
5600,0.968277856261,0.974989637717,0.971627951577,0.00149949316138
5600,0.974989637717,0.98174794302,0.978362954785,0.0012990462744
5600,0.98174794302,0.988553094657,0.985144642804,0.00138270142959
5600,0.988553094657,0.995405417352,0.991973339239,0.000818361486129
5600,0.995405417352,1.00230523808,0.998849369937,0.00212965028849
5600,1.00230523808,1.00925288608,1.005773063,0.00199790727631
5600,1.00925288608,1.01624869287,1.01274474881,0.00215236393181
5600,1.01624869287,1.02329299228,1.01976476004,0.000950993114329
5600,1.02329299228,1.03038612044,1.02683343167,0.00130034544112
5600,1.03038612044,1.03752841582,1.03395110098,0.000737891702752
5600,1.03752841582,1.04472021922,1.04111810762,0.000939488800991
5600,1.04472021922,1.05196187382,1.04833479358,0.00109087490448
5600,1.05196187382,1.05925372518,1.05560150322,0.000517940188245
5600,1.05925372518,1.06659612123,1.06291858328,0.00219536432054
5600,1.06659612123,1.07398941234,1.07028638291,0.00108516233207
5600,1.07398941234,1.0814339513,1.07770525369,0.00186812984443
5600,1.0814339513,1.08893009333,1.08517554963,0.00127392157473
5600,1.08893009333,1.09647819614,1.09269762719,0.000854906113691
5600,1.09647819614,1.1040786199,1.1002718453,0.000496868543031
5600,1.1040786199,1.11173172728,1.10789856537,0.00112699830559
5600,1.11173172728,1.11943788347,1.11557815135,0.00034897378306
5600,1.11943788347,1.12719745618,1.12331096967,0.00066100880247
5600,1.12719745618,1.13501081567,1.13109738933,0.00142691813647
5600,1.13501081567,1.14287833479,1.13893778188,0.0012582015585
5600,1.14287833479,1.15080038894,1.14683252142,0.00122863543917
5600,1.15080038894,1.15877735616,1.15478198469,0.00105519319217
5600,1.15877735616,1.16680961706,1.162786551,0.00135495981141
5600,1.16680961706,1.17489755494,1.17084660232,0.00126562367798
5600,1.17489755494,1.18304155573,1.17896252324,0.00130482095312
5600,1.18304155573,1.19124200803,1.18713470104,0.000641087269741
5600,1.19124200803,1.19949930315,1.19536352567,0.00152247816556
5600,1.19949930315,1.20781383511,1.20364938979,0.000346739351748
5600,1.20781383511,1.21618600065,1.21199268877,0.000556190237049
5600,1.21618600065,1.22461619927,1.22039382074,0.000726975938092
5600,1.22461619927,1.23310483323,1.22885318658,0.000427674983833
5600,1.23310483323,1.24165230759,1.23737118994,0.000659836186909
5600,1.24165230759,1.25025903022,1.24594823727,0.000440955530289
5600,1.25025903022,1.25892541179,1.25458473786,0.00100251970342
5600,1.25892541179,1.26765186586,1.26328110381,0.00105288988381
5600,1.26765186586,1.27643880881,1.27203775009,0.00124072867811
5600,1.27643880881,1.28528665994,1.28085509454,0.00042237890586
5600,1.28528665994,1.29419584145,1.2897335579,0.000356962474439
5600,1.29419584145,1.30316677845,1.29867356383,0.000677798330263
5600,1.30316677845,1.31219989902,1.30767553892,0.00185930712416
5600,1.31219989902,1.32129563419,1.31673991272,0.00141455113791
5600,1.32129563419,1.33045441798,1.32586711776,0.0015357931007
5600,1.33045441798,1.33967668743,1.33505758956,0.000660922753354
5600,1.33967668743,1.34896288259,1.34431176667,0.00098545065457
5600,1.34896288259,1.35831344659,1.35363009067,0.000157169758188
5600,1.35831344659,1.3677288256,1.36301300621,0.000566058363255
5600,1.3677288256,1.37720946889,1.37246096101,0.00164675374109
5600,1.37720946889,1.38675582887,1.3819744059,0.00153712265693
5600,1.38675582887,1.39636836106,1.39155379484,0.000506634371561
5600,1.39636836106,1.40604752413,1.40119958494,0.000608002655519
5600,1.40604752413,1.41579377996,1.41091223646,0.000866119799379
5600,1.41579377996,1.4256075936,1.42069221286,0.000734439483006
5600,1.4256075936,1.43548943335,1.43053998082,0.000937287392423
5600,1.43548943335,1.44543977075,1.44045601025,0.00114371219214
5600,1.44543977075,1.45545908058,1.4504407743,0.00046584423302
5600,1.45545908058,1.46554784096,1.46049474944,0.00115799074119
5600,1.46554784096,1.47570653328,1.4706184154,0.000990084565694
5600,1.47570653328,1.48593564229,1.48081225527,0.000670686141818
5600,1.48593564229,1.49623565609,1.49107675545,0.000281958245415
5600,1.49623565609,1.50660706619,1.50141240575,0.000871262570564
5600,1.50660706619,1.51705036746,1.51181969936,0.000748928636001
5600,1.51705036746,1.52756605824,1.52229913288,0.00240850726879
5600,1.52756605824,1.5381546403,1.53285120636,0.000962577606481
5600,1.5381546403,1.54881661891,1.54347642332,0.000271555068346
5600,1.54881661891,1.55955250283,1.55417529077,0.000917468021824
5600,1.55955250283,1.57036280433,1.56494831922,0.000847276151165
5600,1.57036280433,1.58124803927,1.57579602274,0.000331558719368
5600,1.58124803927,1.59220872705,1.58671891895,0.00130822888545
5600,1.59220872705,1.60324539069,1.59771752906,0.000114463381701
5600,1.60324539069,1.61435855683,1.60879237789,0.00247197327346
5600,1.61435855683,1.62554875575,1.6199439939,0.000945525610786
5600,1.62554875575,1.63681652143,1.63117290923,0.00135135964715
5600,1.63681652143,1.64816239153,1.64247965967,0.000620980116964
5600,1.64816239153,1.65958690744,1.65386478477,0.000422784687266
5600,1.65958690744,1.67109061431,1.66532882779,0.00180198132426
5600,1.67109061431,1.68267406107,1.67687233575,0.002209635446
5600,1.68267406107,1.69433780045,1.68849585949,0.000683895510248
5600,1.69433780045,1.706082389,1.70019995364,0.00107326227037
5600,1.706082389,1.71790838716,1.7119851767,0.000756912693644
5600,1.71790838716,1.72981635922,1.72385209103,0.000511127774311
5600,1.72981635922,1.74180687339,1.73580126287,0.00224869266897
5600,1.74180687339,1.75388050184,1.74783326242,0.000976594981522
5600,1.75388050184,1.76603782069,1.7599486638,0.00137248748326
5600,1.76603782069,1.77827941004,1.77214804514,0.000800919422454
5600,1.77827941004,1.79060585404,1.78443198854,0.00109728297878
5600,1.79060585404,1.80301774086,1.79680108017,0.00129143271252
5600,1.80301774086,1.81551566277,1.80925591025,0.000353483623576
5600,1.81551566277,1.82810021614,1.82179707309,0.000349519282946
5600,1.82810021614,1.84077200147,1.83442516712,0.0011622451144
5600,1.84077200147,1.85353162341,1.84714079491,0.00177279102331
5600,1.85353162341,1.86637969083,1.85994456322,0.001347410024
5600,1.86637969083,1.8793168168,1.87283708302,0.000771893604765
5600,1.8793168168,1.89234361864,1.88581896949,0.00137914126844
5600,1.89234361864,1.90546071796,1.8988908421,0.00146192391376
5600,1.90546071796,1.91866874067,1.9120533246,0.00170890354332
5600,1.91866874067,1.93196831702,1.92530704508,0.00176175444781
5600,1.93196831702,1.94536008162,1.93865263595,0.000423325311731
5600,1.94536008162,1.95884467351,1.95209073404,0.00129032980968
5600,1.95884467351,1.97242273611,1.96562198058,0.00129417224417
5600,1.97242273611,1.98609491736,1.97924702124,0.000926405654022
5600,1.98609491736,1.99986186963,1.99296650616,0.00145746361389
5600,1.99986186963,2.01372424986,2.00678109002,0.000793306823677
5600,2.01372424986,2.02768271952,2.02069143199,0.00140475275646
5600,2.02768271952,2.04173794467,2.03469819585,0.00244126217879
5600,2.04173794467,2.05589059598,2.04880204996,0.001620206305
5600,2.05589059598,2.07014134879,2.06300366731,0.00040599467604
5600,2.07014134879,2.0844908831,2.07730372557,0.00168142811245
5600,2.0844908831,2.09893988362,2.0917029071,0.000937195451688
5600,2.09893988362,2.11348903984,2.10620189899,0.000530863750945
5600,2.11348903984,2.12813904598,2.12080139309,0.000626747413912
5600,2.12813904598,2.14289060112,2.13550208605,0.000818154814465
5600,2.14289060112,2.15774440915,2.15030467934,0.00106366913336
5600,2.15774440915,2.17270117886,2.16520987931,0.00148612173775
5600,2.17270117886,2.18776162395,2.18021839719,0.00105235940852
5600,2.18776162395,2.20292646305,2.19533094914,0.00227235614546
5600,2.20292646305,2.2181964198,2.2105482563,0.000971919126269
5600,2.2181964198,2.23357222283,2.22587104479,0.00075665055283
5600,2.23357222283,2.24905460584,2.24130004578,0.00157206407724
5600,2.24905460584,2.26464430759,2.2568359955,0.000152156284927
5600,2.26464430759,2.280342072,2.27247963527,0.000769827658951
5600,2.280342072,2.29614864811,2.28823171158,0.000327542802779
5600,2.29614864811,2.31206479018,2.30409297606,0.000429215578532
5600,2.31206479018,2.32809125767,2.32006418557,0.000709148075547
5600,2.32809125767,2.34422881532,2.33614610222,0.00134391807434
5600,2.34422881532,2.36047823318,2.35233949339,0.000698432724141
5600,2.36047823318,2.37684028662,2.36864513178,0.000601775790727
5600,2.37684028662,2.39331575641,2.38506379547,0.00113004415316
5600,2.39331575641,2.40990542869,2.40159626789,0.00152894630775
5600,2.40990542869,2.42661009508,2.41824333793,0.000627763014851
5600,2.42661009508,2.44343055269,2.43500579995,0.00154401248242
5600,2.44343055269,2.46036760415,2.45188445381,0.000453305317057
5600,2.46036760415,2.47742205763,2.46888010491,0.0013081105049
5600,2.47742205763,2.49459472694,2.48599356423,0.00164324820746
5600,2.49459472694,2.51188643151,2.50322564838,0.000393040092176
5600,2.51188643151,2.52929799645,2.52057717964,0.00153479924379
5600,2.52929799645,2.54683025259,2.53804898596,0
5600,2.54683025259,2.56448403652,2.55564190106,0.000404257136028
5600,2.56448403652,2.58226019063,2.57335676443,0.00124511845572
5600,2.58226019063,2.60015956317,2.59119442135,2.55376037972e-05
5600,2.60015956317,2.61818300822,2.60915572301,0.00053337882834
5600,2.61818300822,2.63633138583,2.62724152647,0.0003955410241
5600,2.63633138583,2.65460556198,2.64545269472,0.00140320623787
5600,2.65460556198,2.67300640866,2.66379009677,0.000625039442993
5600,2.67300640866,2.69153480393,2.68225460761,0.00104530594206
5600,2.69153480393,2.71019163189,2.70084710832,0.00166469430735
5600,2.71019163189,2.72897778281,2.7195684861,0.00110883461089
5600,2.72897778281,2.7478941531,2.73841963426,0.00118257060866
5600,2.7478941531,2.76694164541,2.75740145235,0.000670564606271
5600,2.76694164541,2.78612116863,2.77651484611,0.000898946873833
5600,2.78612116863,2.80543363795,2.79576072758,0.00257435792932
5600,2.80543363795,2.82487997492,2.81514001513,0.00196320642612
5600,2.82487997492,2.84446110745,2.83465363349,0.00293416651228
5600,2.84446110745,2.86417796991,2.85430251379,0.000353668067182
5600,2.86417796991,2.88403150313,2.87408759362,0.00173783062595
5600,2.88403150313,2.90402265446,2.89400981707,0.00134530355985
5600,2.90402265446,2.92415237784,2.91407013477,0.000661513667712
5600,2.92415237784,2.9444216338,2.93426950396,0.00135647239126
5600,2.9444216338,2.96483138952,2.95460888848,0.00134052841854
5600,2.96483138952,2.98538261892,2.97508925888,0.00175202239066
5600,2.98538261892,3.00607630263,2.99571159243,0.00149643773194
5600,3.00607630263,3.0269134281,3.01647687316,0.00170449241223
5600,3.0269134281,3.04789498963,3.03738609195,0.00129116101165
5600,3.04789498963,3.06902198839,3.05844024651,0.00133059202049
5600,3.06902198839,3.09029543251,3.0796403415,0.00101143531948
5600,3.09029543251,3.11171633711,3.10098738853,0.00126233752447
5600,3.11171633711,3.13328572432,3.12248240622,0.000792639719561
5600,3.13328572432,3.15500462337,3.14412642026,0.00193398309632
5600,3.15500462337,3.17687407065,3.16592046343,0.00160059431467
5600,3.17687407065,3.19889510969,3.1878655757,0.0015308754618
5600,3.19889510969,3.22106879128,3.20996280421,0.00109890974555
5600,3.22106879128,3.24339617349,3.2322132034,0.000710112069765
5600,3.24339617349,3.26587832172,3.25461783498,0.00267541701974
5600,3.26587832172,3.28851630876,3.27717776805,0.00125839037337
5600,3.28851630876,3.31131121483,3.29989407911,0.000882690931534
5600,3.31131121483,3.33426412763,3.32276785211,0.000792859673681
5600,3.33426412763,3.35737614243,3.34580017853,0.00223954594126
5600,3.35737614243,3.38064836206,3.36899215741,0.000599435464974
5600,3.38064836206,3.40408189701,3.39234489541,0.000760553423939
5600,3.40408189701,3.42767786546,3.41585950686,0.000980751790794
5600,3.42767786546,3.45143739336,3.43953711381,0.00209234429621
5600,3.45143739336,3.47536161443,3.46337884608,0.00178492260349
5600,3.47536161443,3.49945167028,3.48738584135,0.00108681063731
5600,3.49945167028,3.52370871042,3.51155924516,0.00232501162651
5600,3.52370871042,3.54813389234,3.535900211,0.001863725565
5600,3.54813389234,3.57272838152,3.56040990036,0.00117526179477
5600,3.57272838152,3.59749335156,3.58508948277,0.000426231096389
5600,3.59749335156,3.62242998417,3.60994013586,0.00207083190949
5600,3.62242998417,3.64753946926,3.63496304546,0.000821121632306
5600,3.64753946926,3.67282300498,3.66015940558,0.000997297577713
5600,3.67282300498,3.6982817978,3.68553041852,0.000494135681566
5600,3.6982817978,3.72391706255,3.71107729493,0
5600,3.72391706255,3.74973002245,3.73680125382,0.000959415397379
5600,3.74973002245,3.77572190925,3.76270352268,0.000107399056756
5600,3.77572190925,3.80189396321,3.78878533748,0.000791046239345
5600,3.80189396321,3.82824743317,3.81504794279,0.00138925045221
5600,3.82824743317,3.85478357666,3.84149259179,0
5600,3.85478357666,3.88150365991,3.86812054633,0.000801374125236
5600,3.88150365991,3.90840895792,3.89493307704,0.000322262820316
5600,3.90840895792,3.93550075456,3.92193146333,0.00137722643998
5600,3.93550075456,3.96278034255,3.94911699349,0.000494611415709
5600,3.96278034255,3.99024902362,3.97649096475,0.00134210662128
5600,3.99024902362,4.01790810849,4.00405468331,0.00112825322589
5600,4.01790810849,4.04575891697,4.03180946443,0.000745401725847
5600,4.04575891697,4.07380277804,4.05975663252,0.0020643813344
5600,4.07380277804,4.10204102987,4.08789752111,0.000927909294196
5600,4.10204102987,4.1304750199,4.11623347303,0.000640506466196
5600,4.1304750199,4.15910610494,4.14476584038,0.000362095353245
5600,4.15910610494,4.18793565118,4.17349598465,0.000351010951667
5600,4.18793565118,4.21696503429,4.20242527677,4.47557491132e-05
5600,4.21696503429,4.24619563946,4.23155509717,0.000704829529722
5600,4.24619563946,4.27562886152,4.26088683583,0.000522673280275
5600,4.27562886152,4.30526610492,4.29042189239,0.000615529350764
5600,4.30526610492,4.33510878388,4.32016167618,0.000921008820506
5600,4.33510878388,4.3651583224,4.35010760631,0.00131378485013
5600,4.3651583224,4.39541615438,4.3802611117,0.00134800300368
5600,4.39541615438,4.42588372363,4.41062363121,0.000822826136147
5600,4.42588372363,4.45656248398,4.44119661366,0.00186090460097
5600,4.45656248398,4.48745389933,4.47198151789,0.000825692250951
5600,4.48745389933,4.51855944375,4.50297981288,0.00229332336554
5600,4.51855944375,4.5498806015,4.53419297779,0.00187353167664
5600,4.5498806015,4.58141886715,4.56562250202,0.000658717329698
5600,4.58141886715,4.6131757456,4.59726988531,0.00249361739346
5600,4.6131757456,4.64515275223,4.62913663778,0.00090638668026
5600,4.64515275223,4.67735141287,4.66122428002,0.00171156608279
5600,4.67735141287,4.70977326397,4.69353434317,0.00170975435632
5600,4.70977326397,4.7424198526,4.72606836898,0.000901012929947
5600,4.7424198526,4.77529273658,4.75882790989,0.00154433413961
5600,4.77529273658,4.8083934845,4.79181452908,0.00116792130141
5600,4.8083934845,4.84172367584,4.8250298006,0.00251737399935
5600,4.84172367584,4.87528490103,4.85847530937,0.00190284077874
5600,4.87528490103,4.90907876153,4.89215265134,0.000409609391661
5600,4.90907876153,4.94310686987,4.9260634335,0.00242780426156
5600,4.94310686987,4.97737084979,4.96020927396,0.000636573410811
5600,4.97737084979,5.01187233627,4.99459180208,0.000998095972551
5600,5.01187233627,5.04661297564,5.0292126585,0.00113787272644
5600,5.04661297564,5.08159442561,5.06407349524,0.00109018144214
5600,5.08159442561,5.1168183554,5.09917597575,0.0013473250764
5600,5.1168183554,5.15228644582,5.13452177503,0.00286025833897
5600,5.15228644582,5.18800038929,5.17011257969,0.00147903084636
5600,5.18800038929,5.22396188999,5.20595008802,0.00136739390816
5600,5.22396188999,5.26017266391,5.24203601008,0.00085909777232
5600,5.26017266391,5.29663443892,5.27837206782,0.000288920672233
5600,5.29663443892,5.33334895488,5.31495999507,0.00197477063039
5600,5.33334895488,5.3703179637,5.35180153771,0.0032255869316
5600,5.3703179637,5.40754322946,5.38889845373,0.00186207091493
5600,5.40754322946,5.44502652842,5.42625251329,0.00119603127758
5600,5.44502652842,5.48276964921,5.46386549882,0.00111676177951
5600,5.48276964921,5.52077439281,5.50173920511,0.00357410105533
5600,5.52077439281,5.5590425727,5.53987543939,0.00068224851033
5600,5.5590425727,5.59757601495,5.57827602141,0.00265608022152
5600,5.59757601495,5.63637655826,5.61694278356,0.00046199571475
5600,5.63637655826,5.67544605409,5.65587757089,0.00165758674148
5600,5.67544605409,5.71478636672,5.69508224128,0.00138874095576
5600,5.71478636672,5.75439937337,5.73455866546,0.00233688047724
5600,5.75439937337,5.79428696427,5.77430872714,0.00230527579154
5600,5.79428696427,5.83445104274,5.81433432308,0.000526727158548
5600,5.83445104274,5.8748935253,5.85463736321,0.000767320458104
5600,5.8748935253,5.91561634175,5.89521977065,0.00143934112926
5600,5.91561634175,5.95662143529,5.93608348191,0.00195448526107
5600,5.95662143529,5.99791076256,5.97723044689,0.00108393195342
5600,5.99791076256,6.03948629376,6.018662629,0.00121186715105
5600,6.03948629376,6.08135001279,6.06038200527,0.000980464489564
5600,6.08135001279,6.12350391725,6.10239056645,0.002809044184
5600,6.12350391725,6.16595001861,6.14469031706,0.0031136906276
5600,6.16595001861,6.2086903423,6.18728327553,0.00140779353661
5600,6.2086903423,6.25172692776,6.23017147429,0.00115569653338
5600,6.25172692776,6.29506182857,6.27335695984,0.0011681083002
5600,6.29506182857,6.33869711257,6.31684179288,0.00297674044142
5600,6.33869711257,6.38263486191,6.36062804837,0.000590173634104
5600,6.38263486191,6.42687717317,6.40471781569,0.00127910415964
5600,6.42687717317,6.47142615749,6.44911319868,0.000997043158745
5600,6.47142615749,6.51628394061,6.49381631576,0.00142877629593
5600,6.51628394061,6.56145266303,6.53882930005,0.00204020808274
5600,6.56145266303,6.60693448008,6.58415429943,0.00195230407589
5600,6.60693448008,6.65273156202,6.62979347671,0.000916083460256
5600,6.65273156202,6.69884609417,6.67574900964,0.00133243889314
5600,6.69884609417,6.74528027698,6.72202309112,0.0012721335066
5600,6.74528027698,6.79203632617,6.7686179292,0.000952695535795
5600,6.79203632617,6.83911647281,6.81553574727,0.00131896412399
5600,6.83911647281,6.88652296344,6.86277878411,0.00258532274258
5600,6.88652296344,6.93425806017,6.91034929405,0.00218093629243
5600,6.93425806017,6.98232404077,6.95824954701,0.00201616209252
5600,6.98232404077,7.03072319884,7.00648182865,0.000568292646787
5600,7.03072319884,7.07945784384,7.05504844051,0.00184226100425
5600,7.07945784384,7.12853030127,7.10395170003,0.00106408215145
5600,7.12853030127,7.17794291271,7.15319394075,0.000682002637572
5600,7.17794291271,7.22769803602,7.20277751238,0.001111909077
5600,7.22769803602,7.27779804537,7.25270478091,0.00149761360004
5600,7.27779804537,7.32824533139,7.30297812873,0.00261526127917
5600,7.32824533139,7.37904230129,7.35359995475,0.000677623023079
5600,7.37904230129,7.43019137897,7.40457267451,0.000868446057277
5600,7.43019137897,7.48169500511,7.45589872028,0.00218287121703
5600,7.48169500511,7.53355563734,7.5075805412,0.00105457014989
5600,7.53355563734,7.58577575029,7.55962060339,0.000888275436994
5600,7.58577575029,7.63835783578,7.61202139006,0.00102695519048
5600,7.63835783578,7.69130440287,7.66478540163,0.0023567488736
5600,7.69130440287,7.74461797803,7.71791515585,0.00116619147698
5600,7.74461797803,7.79830110523,7.77141318794,0.00206298934392
5600,7.79830110523,7.8523563461,7.82528205067,0.00135433765267
5600,7.8523563461,7.90678628,7.87952431451,0.0011308959736
5600,7.90678628,7.96159350417,7.93414256777,0.0012193816343
5600,7.96159350417,8.01678063388,7.98913941667,0.00128914655086
5600,8.01678063388,8.07235030249,8.04451748552,0.00233903509989
5600,8.07235030249,8.12830516164,8.1002794168,0.00136786185667
5600,8.12830516164,8.18464788135,8.15642787133,0.00203726564705
5600,8.18464788135,8.24138115013,8.21296552835,0.00229492689147
5600,8.24138115013,8.29850767514,8.26989508568,0.00221311120141
5600,8.29850767514,8.35603018231,8.32721925985,0.00120090184547
5600,8.35603018231,8.41395141645,8.38494078622,0.00210915207358
5600,8.41395141645,8.47227414141,8.44306241909,0.00174823726378
5600,8.47227414141,8.53100114018,8.50158693187,0.00177587146946
5600,8.53100114018,8.59013521505,8.5605171172,0.00302288930298
5600,8.59013521505,8.64967918776,8.61985578706,0.00241362609072
5600,8.64967918776,8.70963589956,8.67960577292,0.0020641484693
5600,8.70963589956,8.77000821144,8.73976992591,0.000729906693009
5600,8.77000821144,8.83079900419,8.80035111687,0.00220353355748
5600,8.83079900419,8.89201117858,8.86135223659,0.00253128251611
5600,8.89201117858,8.9536476555,8.92277619588,0.00118070598326
5600,8.9536476555,9.01571137606,8.98462592571,0.00158438129097
5600,9.01571137606,9.07820530178,9.04690437738,0.00222503150984
5600,9.07820530178,9.1411324147,9.10961452266,0.000943628947924
5600,9.1411324147,9.20449571753,9.1727593539,0.00171095344065
5600,9.20449571753,9.26829823379,9.2363418842,0.00182107036085
5600,9.26829823379,9.33254300797,9.30036514754,0.00121831559957
5600,9.33254300797,9.39723310565,9.36483219894,0.00387422602267
5600,9.39723310565,9.46237161366,9.4297461146,0.00246111125103
5600,9.46237161366,9.52796164024,9.49510999202,0.00183804141169
5600,9.52796164024,9.59400631516,9.5609269502,0.00309434873044
5600,9.59400631516,9.6605087899,9.62720012973,0.00201886283523
5600,9.6605087899,9.72747223777,9.693932693,0.00378285206852
5600,9.72747223777,9.79489985409,9.7611278243,0.00232399257859
5600,9.79489985409,9.86279485631,9.82878873,0.00128627695397
5600,9.86279485631,9.93116048421,9.89691863869,0.00319900111605
5600,9.93116048421,10,9.96552080135,3.58701880348
