Spongiosa ID,Energy Low (MeV),Energy High (MeV),Energy Center (MeV),Fluence (photons/m2/source)
1400,0.01,0.0100693166885,0.0100345984915,0
1400,0.0100693166885,0.0101391138574,0.0101041550053,0
1400,0.0101391138574,0.0102093948371,0.0101741936618,0
1400,0.0102093948371,0.0102801629813,0.0102447178031,0
1400,0.0102801629813,0.0103514216668,0.0103157307944,0
1400,0.0103514216668,0.0104231742939,0.0103872360242,0
1400,0.0104231742939,0.0104954242865,0.0104592369046,0
1400,0.0104954242865,0.0105681750921,0.0105317368713,0
1400,0.0105681750921,0.0106414301822,0.0106047393837,0
1400,0.0106414301822,0.0107151930524,0.0106782479254,0
1400,0.0107151930524,0.0107894672223,0.0107522660039,0
1400,0.0107894672223,0.0108642562362,0.0108267971513,0
1400,0.0108642562362,0.0109395636627,0.0109018449239,0
1400,0.0109395636627,0.0110153930954,0.0109774129027,0
1400,0.0110153930954,0.0110917481526,0.0110535046938,0
1400,0.0110917481526,0.0111686324778,0.011130123928,0
1400,0.0111686324778,0.0112460497397,0.0112072742614,0
1400,0.0112460497397,0.0113240036324,0.0112849593753,0
1400,0.0113240036324,0.0114024978756,0.0113631829767,0
1400,0.0114024978756,0.011481536215,0.0114419487982,0
1400,0.011481536215,0.0115611224219,0.0115212605983,0
1400,0.0115611224219,0.0116412602941,0.0116011221615,0
1400,0.0116412602941,0.0117219536555,0.0116815372986,0
1400,0.0117219536555,0.0118032063565,0.0117625098468,0
1400,0.0118032063565,0.0118850222744,0.01184404367,0
1400,0.0118850222744,0.0119674053131,0.0119261426586,0
1400,0.0119674053131,0.0120503594037,0.0120088107301,0
1400,0.0120503594037,0.0121338885046,0.0120920518294,0
1400,0.0121338885046,0.0122179966016,0.0121758699285,0
1400,0.0122179966016,0.0123026877081,0.0122602690268,0
1400,0.0123026877081,0.0123879658653,0.0123452531517,0
1400,0.0123879658653,0.0124738351424,0.0124308263584,0
1400,0.0124738351424,0.0125602996369,0.0125169927303,0
1400,0.0125602996369,0.0126473634747,0.0126037563789,0
1400,0.0126473634747,0.0127350308102,0.0126911214445,0
1400,0.0127350308102,0.0128233058266,0.0127790920957,0
1400,0.0128233058266,0.0129121927361,0.0128676725303,0
1400,0.0129121927361,0.0130016957803,0.0129568669752,0
1400,0.0130016957803,0.01309181923,0.0130466796864,0
1400,0.01309181923,0.0131825673856,0.0131371149496,0
1400,0.0131825673856,0.0132739445773,0.0132281770801,0
1400,0.0132739445773,0.0133659551655,0.0133198704231,0
1400,0.0133659551655,0.0134586035406,0.0134121993541,0
1400,0.0134586035406,0.0135518941235,0.0135051682786,0
1400,0.0135518941235,0.0136458313659,0.0135987816328,0
1400,0.0136458313659,0.0137404197501,0.0136930438839,0
1400,0.0137404197501,0.0138356637897,0.0137879595297,0
1400,0.0138356637897,0.0139315680295,0.0138835330993,0
1400,0.0139315680295,0.0140281370456,0.0139797691532,0
1400,0.0140281370456,0.0141253754462,0.0140766722836,0
1400,0.0141253754462,0.0142232878712,0.0141742471144,0
1400,0.0142232878712,0.0143218789927,0.0142724983016,0
1400,0.0143218789927,0.0144211535152,0.0143714305336,0
1400,0.0144211535152,0.0145211161759,0.0144710485309,0
1400,0.0145211161759,0.0146217717446,0.0145713570473,0
1400,0.0146217717446,0.0147231250243,0.0146723608691,0
1400,0.0147231250243,0.0148251808515,0.0147740648159,0
1400,0.0148251808515,0.0149279440958,0.0148764737408,0
1400,0.0149279440958,0.0150314196609,0.0149795925304,0
1400,0.0150314196609,0.0151356124844,0.0150834261054,0
1400,0.0151356124844,0.015240527538,0.0151879794203,0
1400,0.015240527538,0.015346169828,0.0152932574642,0
1400,0.015346169828,0.0154525443954,0.0153992652606,0
1400,0.0154525443954,0.0155596563161,0.0155060078679,0
1400,0.0155596563161,0.0156675107011,0.0156134903797,0
1400,0.0156675107011,0.015776112697,0.0157217179246,0
1400,0.015776112697,0.015885467486,0.0158306956671,0
1400,0.015885467486,0.0159955802861,0.0159404288071,0
1400,0.0159955802861,0.0161064563518,0.016050922581,0
1400,0.0161064563518,0.0162181009736,0.0161621822611,0
1400,0.0162181009736,0.0163305194789,0.0162742131564,0
1400,0.0163305194789,0.0164437172321,0.0163870206128,0
1400,0.0164437172321,0.0165576996347,0.0165006100132,0
1400,0.0165576996347,0.0166724721255,0.0166149867777,0
1400,0.0166724721255,0.0167880401812,0.016730156364,0
1400,0.0167880401812,0.0169044093164,0.0168461242677,0
1400,0.0169044093164,0.0170215850839,0.0169628960226,0
1400,0.0170215850839,0.0171395730751,0.0170804772006,0
1400,0.0171395730751,0.0172583789199,0.0171988734124,0
1400,0.0172583789199,0.0173780082875,0.0173180903075,0
1400,0.0173780082875,0.0174984668862,0.0174381335747,0
1400,0.0174984668862,0.0176197604641,0.017559008942,0
1400,0.0176197604641,0.0177418948089,0.0176807221773,0
1400,0.0177418948089,0.0178648757485,0.0178032790885,0
1400,0.0178648757485,0.0179887091513,0.0179266855237,0
1400,0.0179887091513,0.0181134009262,0.0180509473713,0
1400,0.0181134009262,0.0182389570232,0.018176070561,0
1400,0.0182389570232,0.0183653834335,0.0183020610631,0
1400,0.0183653834335,0.0184926861898,0.0184289248897,0
1400,0.0184926861898,0.0186208713666,0.0185566680943,0
1400,0.0186208713666,0.0187499450807,0.0186852967726,0
1400,0.0187499450807,0.018879913491,0.0188148170622,0
1400,0.018879913491,0.0190107827992,0.0189452351436,0
1400,0.0190107827992,0.0191425592502,0.0190765572399,0
1400,0.0191425592502,0.0192752491319,0.0192087896175,0
1400,0.0192752491319,0.0194088587759,0.0193419385862,0
1400,0.0194088587759,0.0195433945578,0.0194760104994,0
1400,0.0195433945578,0.0196788628971,0.0196110117548,0
1400,0.0196788628971,0.0198152702581,0.0197469487941,0
1400,0.0198152702581,0.0199526231497,0.019883828104,0
1400,0.0199526231497,0.0200909281261,0.0200216562159,0
1400,0.0200909281261,0.0202301917868,0.0201604397066,0
1400,0.0202301917868,0.0203704207771,0.0203001851986,0
1400,0.0203704207771,0.0205116217883,0.02044089936,0
1400,0.0205116217883,0.0206538015581,0.0205825889054,0
1400,0.0206538015581,0.020796966871,0.0207252605958,0
1400,0.020796966871,0.0209411245585,0.0208689212391,0
1400,0.0209411245585,0.0210862814993,0.0210135776905,0
1400,0.0210862814993,0.02123244462,0.0211592368524,0
1400,0.02123244462,0.021379620895,0.0213059056754,0
1400,0.021379620895,0.0215278173472,0.0214535911582,0
1400,0.0215278173472,0.0216770410482,0.0216023003477,0
1400,0.0216770410482,0.0218272991184,0.0217520403402,0
1400,0.0218272991184,0.0219785987278,0.0219028182807,0
1400,0.0219785987278,0.0221309470961,0.0220546413639,0
1400,0.0221309470961,0.0222843514927,0.0222075168345,0
1400,0.0222843514927,0.0224388192378,0.0223614519872,0
1400,0.0224388192378,0.0225943577022,0.0225164541674,0
1400,0.0225943577022,0.0227509743077,0.0226725307715,0
1400,0.0227509743077,0.0229086765277,0.0228296892468,0
1400,0.0229086765277,0.0230674718872,0.0229879370926,0
1400,0.0230674718872,0.0232273679636,0.0231472818602,0
1400,0.0232273679636,0.0233883723866,0.0233077311528,0
1400,0.0233883723866,0.023550492839,0.0234692926269,0
1400,0.023550492839,0.0237137370566,0.0236319739915,0
1400,0.0237137370566,0.0238781128291,0.0237957830096,0
1400,0.0238781128291,0.0240436280001,0.0239607274975,0
1400,0.0240436280001,0.0242102904674,0.0241268153259,0
1400,0.0242102904674,0.0243781081837,0.0242940544202,0
1400,0.0243781081837,0.0245470891569,0.0244624527605,0
1400,0.0245470891569,0.0247172414502,0.0246320183824,0
1400,0.0247172414502,0.0248885731828,0.0248027593769,0
1400,0.0248885731828,0.0250610925303,0.0249746838915,0
1400,0.0250610925303,0.0252348077248,0.02514780013,0
1400,0.0252348077248,0.0254097270555,0.0253221163528,0
1400,0.0254097270555,0.0255858588691,0.025497640878,0
1400,0.0255858588691,0.02576321157,0.0256743820811,0
1400,0.02576321157,0.0259417936212,0.0258523483956,0
1400,0.0259417936212,0.026121613544,0.0260315483137,0
1400,0.026121613544,0.026302679919,0.0262119903864,0
1400,0.026302679919,0.0264850013861,0.0263936832237,0
1400,0.0264850013861,0.0266685866452,0.0265766354955,0
1400,0.0266685866452,0.0268534444566,0.026760855932,0
1400,0.0268534444566,0.0270395836411,0.0269463533235,0
1400,0.0270395836411,0.0272270130808,0.0271331365215,0
1400,0.0272270130808,0.0274157417193,0.0273212144388,0
1400,0.0274157417193,0.0276057785622,0.0275105960499,0
1400,0.0276057785622,0.0277971326776,0.0277012903916,0
1400,0.0277971326776,0.0279898131963,0.0278933065634,0
1400,0.0279898131963,0.0281838293126,0.0280866537277,0
1400,0.0281838293126,0.0283791902844,0.0282813411105,0
1400,0.0283791902844,0.0285759054337,0.0284773780017,0
1400,0.0285759054337,0.0287739841474,0.0286747737558,0
1400,0.0287739841474,0.028973435877,0.0288735377919,0
1400,0.028973435877,0.02917427014,0.0290736795944,0
1400,0.02917427014,0.0293764965196,0.0292752087137,0
1400,0.0293764965196,0.0295801246655,0.0294781347661,0
1400,0.0295801246655,0.0297851642943,0.0296824674346,0
1400,0.0297851642943,0.0299916251899,0.0298882164696,0
1400,0.0299916251899,0.030199517204,0.0300953916887,0
1400,0.030199517204,0.0304088502568,0.0303040029779,0
1400,0.0304088502568,0.0306196343369,0.0305140602914,0
1400,0.0306196343369,0.0308318795025,0.0307255736527,0
1400,0.0308318795025,0.0310455958813,0.0309385531545,0
1400,0.0310455958813,0.0312607936712,0.0311530089597,0
1400,0.0312607936712,0.031477483141,0.0313689513016,0
1400,0.031477483141,0.0316956746304,0.0315863904842,0
1400,0.0316956746304,0.031915378551,0.0318053368833,0
1400,0.031915378551,0.0321366053864,0.0320258009463,0
1400,0.0321366053864,0.032359365693,0.0322477931932,0
1400,0.032359365693,0.0325836701002,0.0324713242168,0
1400,0.0325836701002,0.0328095293113,0.0326964046834,0
1400,0.0328095293113,0.0330369541037,0.0329230453333,0
1400,0.0330369541037,0.0332659553294,0.0331512569812,0
1400,0.0332659553294,0.0334965439158,0.0333810505166,0
1400,0.0334965439158,0.0337287308659,0.0336124369047,0
1400,0.0337287308659,0.033962527259,0.0338454271866,0
1400,0.033962527259,0.0341979442514,0.03408003248,0
1400,0.0341979442514,0.0344349930763,0.0343162639796,0
1400,0.0344349930763,0.0346736850453,0.0345541329578,0
1400,0.0346736850453,0.0349140315479,0.0347936507649,0
1400,0.0349140315479,0.0351560440528,0.0350348288302,0
1400,0.0351560440528,0.0353997341083,0.0352776786619,0
1400,0.0353997341083,0.0356451133426,0.0355222118482,0
1400,0.0356451133426,0.0358921934645,0.0357684400576,0
1400,0.0358921934645,0.036140986264,0.0360163750395,0
1400,0.036140986264,0.0363915036127,0.0362660286245,0
1400,0.0363915036127,0.0366437574648,0.0365174127255,0
1400,0.0366437574648,0.036897759857,0.0367705393378,0
1400,0.036897759857,0.0371535229097,0.03702542054,0
1400,0.0371535229097,0.0374110588272,0.0372820684943,0
1400,0.0374110588272,0.0376703798984,0.0375404954472,0
1400,0.0376703798984,0.0379314984974,0.0378007137302,0
1400,0.0379314984974,0.038194427084,0.0380627357601,0
1400,0.038194427084,0.0384591782045,0.03832657404,0
1400,0.0384591782045,0.0387257644922,0.0385922411595,0
1400,0.0387257644922,0.0389941986677,0.0388597497954,0
1400,0.0389941986677,0.03926449354,0.0391291127127,0
1400,0.03926449354,0.0395366620068,0.0394003427645,0
1400,0.0395366620068,0.0398107170553,0.0396734528932,0
1400,0.0398107170553,0.0400866717627,0.0399484561308,0
1400,0.0400866717627,0.0403645392968,0.0402253655999,0
1400,0.0403645392968,0.0406443329165,0.0405041945136,0
1400,0.0406443329165,0.040926065973,0.0407849561771,0
1400,0.040926065973,0.0412097519097,0.0410676639875,0
1400,0.0412097519097,0.0414954042634,0.0413523314348,0
1400,0.0414954042634,0.0417830366647,0.0416389721025,0
1400,0.0417830366647,0.0420726628384,0.0419275996685,0
1400,0.0420726628384,0.042364296605,0.0422182279051,0
1400,0.042364296605,0.0426579518802,0.0425108706805,0
1400,0.0426579518802,0.0429536426765,0.0428055419586,0
1400,0.0429536426765,0.0432513831035,0.0431022558005,0
1400,0.0432513831035,0.0435511873686,0.0434010263645,0
1400,0.0435511873686,0.0438530697775,0.0437018679071,0
1400,0.0438530697775,0.0441570447353,0.0440047947836,0
1400,0.0441570447353,0.0444631267469,0.0443098214489,0
1400,0.0444631267469,0.0447713304176,0.0446169624581,0
1400,0.0447713304176,0.0450816704541,0.044926232467,0
1400,0.0450816704541,0.045394161665,0.0452376462332,0
1400,0.045394161665,0.0457088189615,0.0455512186166,0
1400,0.0457088189615,0.0460256573581,0.0458669645798,0
1400,0.0460256573581,0.0463446919736,0.0461848991895,0
1400,0.0463446919736,0.0466659380314,0.0465050376167,0
1400,0.0466659380314,0.0469894108605,0.0468273951374,0
1400,0.0469894108605,0.0473151258961,0.0471519871336,0
1400,0.0473151258961,0.0476430986805,0.0474788290942,0
1400,0.0476430986805,0.0479733448637,0.0478079366149,0
1400,0.0479733448637,0.048305880204,0.0481393254,0
1400,0.048305880204,0.0486407205691,0.0484730112624,0
1400,0.0486407205691,0.0489778819368,0.0488090101248,0
1400,0.0489778819368,0.0493173803955,0.0491473380199,0
1400,0.0493173803955,0.049659232145,0.049488011092,0
1400,0.049659232145,0.0500034534977,0.0498310455971,0
1400,0.0500034534977,0.0503500608788,0.0501764579037,0
1400,0.0503500608788,0.0506990708275,0.050524264494,0
1400,0.0506990708275,0.0510504999975,0.0508744819645,0
1400,0.0510504999975,0.0514043651582,0.0512271270265,0
1400,0.0514043651582,0.0517606831951,0.0515822165072,0
1400,0.0517606831951,0.0521194711105,0.0519397673507,0
1400,0.0521194711105,0.052480746025,0.0522997966182,0
1400,0.052480746025,0.0528445251775,0.0526623214894,0
1400,0.0528445251775,0.0532108259267,0.0530273592629,0
1400,0.0532108259267,0.0535796657513,0.0533949273574,0
1400,0.0535796657513,0.0539510622515,0.0537650433122,0
1400,0.0539510622515,0.0543250331492,0.0541377247883,0
1400,0.0543250331492,0.0547015962894,0.0545129895689,0
1400,0.0547015962894,0.0550807696405,0.0548908555607,0
1400,0.0550807696405,0.0554625712958,0.0552713407944,0
1400,0.0554625712958,0.0558470194737,0.0556544634258,0
1400,0.0558470194737,0.056234132519,0.0560402417364,0
1400,0.056234132519,0.0566239289038,0.0564286941345,0
1400,0.0566239289038,0.0570164272281,0.056819839156,0
1400,0.0570164272281,0.0574116462207,0.0572136954652,0
1400,0.0574116462207,0.0578096047406,0.057610281856,0
1400,0.0578096047406,0.0582103217771,0.0580096172523,0
1400,0.0582103217771,0.0586138164514,0.0584117207093,0
1400,0.0586138164514,0.0590201080172,0.0588166114143,0
1400,0.0590201080172,0.0594292158616,0.0592243086876,0
1400,0.0594292158616,0.059841159506,0.0596348319834,0
1400,0.059841159506,0.0602559586074,0.0600482008908,0
1400,0.0602559586074,0.0606736329589,0.0604644351345,0
1400,0.0606736329589,0.0610942024906,0.0608835545761,0
1400,0.0610942024906,0.061517687271,0.061305579215,0
1400,0.061517687271,0.0619441075077,0.0617305291889,0
1400,0.0619441075077,0.0623734835482,0.0621584247753,0
1400,0.0623734835482,0.0628058358813,0.0625892863921,0
1400,0.0628058358813,0.0632411851376,0.0630231345991,0
1400,0.0632411851376,0.0636795520908,0.0634599900981,0
1400,0.0636795520908,0.0641209576585,0.0638998737348,0
1400,0.0641209576585,0.0645654229035,0.0643428064992,0
1400,0.0645654229035,0.0650129690343,0.0647888095269,0
1400,0.0650129690343,0.0654636174067,0.0652379040998,0
1400,0.0654636174067,0.0659173895244,0.0656901116476,0
1400,0.0659173895244,0.0663743070402,0.0661454537484,0
1400,0.0663743070402,0.0668343917569,0.0666039521298,0
1400,0.0668343917569,0.0672976656284,0.0670656286702,0
1400,0.0672976656284,0.0677641507611,0.0675305053995,0
1400,0.0677641507611,0.0682338694142,0.0679986045003,0
1400,0.0682338694142,0.0687068440014,0.0684699483091,0
1400,0.0687068440014,0.0691830970919,0.0689445593171,0
1400,0.0691830970919,0.0696626514111,0.0694224601714,0
1400,0.0696626514111,0.070145529842,0.0699036736762,0
1400,0.070145529842,0.0706317554263,0.0703882227936,0
1400,0.0706317554263,0.0711213513653,0.0708761306451,0
1400,0.0711213513653,0.0716143410213,0.0713674205122,0
1400,0.0716143410213,0.0721107479183,0.071862115838,0
1400,0.0721107479183,0.0726105957435,0.072360240228,0
1400,0.0726105957435,0.0731139083483,0.0728618174513,0
1400,0.0731139083483,0.0736207097495,0.0733668714418,0
1400,0.0736207097495,0.0741310241301,0.0738754262994,0
1400,0.0741310241301,0.074644875841,0.0743875062908,0
1400,0.074644875841,0.0751622894018,0.0749031358511,0
1400,0.0751622894018,0.0756832895021,0.0754223395848,0
1400,0.0756832895021,0.0762079010025,0.0759451422668,0
1400,0.0762079010025,0.0767361489362,0.0764715688439,0
1400,0.0767361489362,0.0772680585096,0.0770016444357,0
1400,0.0772680585096,0.077803655104,0.077535394336,0
1400,0.077803655104,0.0783429642766,0.0780728440138,0
1400,0.0783429642766,0.0788860117619,0.0786140191148,0
1400,0.0788860117619,0.0794328234724,0.0791589454624,0
1400,0.0794328234724,0.0799834255007,0.079707649059,0
1400,0.0799834255007,0.0805378441199,0.0802601560873,0
1400,0.0805378441199,0.0810961057854,0.0808164929113,0
1400,0.0810961057854,0.0816582371359,0.0813766860779,0
1400,0.0816582371359,0.0822242649947,0.081940762318,0
1400,0.0822242649947,0.0827942163712,0.0825087485479,0
1400,0.0827942163712,0.083368118462,0.0830806718702,0
1400,0.083368118462,0.0839459986519,0.0836565595756,0
1400,0.0839459986519,0.084527884516,0.0842364391438,0
1400,0.084527884516,0.0851138038202,0.0848203382452,0
1400,0.0851138038202,0.085703784523,0.0854082847419,0
1400,0.085703784523,0.0862978547767,0.0860003066889,0
1400,0.0862978547767,0.0868960429286,0.086596432336,0
1400,0.0868960429286,0.0874983775227,0.0871966901287,0
1400,0.0874983775227,0.0881048873008,0.0878011087097,0
1400,0.0881048873008,0.0887156012038,0.08840971692,0
1400,0.0887156012038,0.0893305483733,0.089022543801,0
1400,0.0893305483733,0.089949758153,0.089639618595,0
1400,0.089949758153,0.0905732600898,0.0902609707471,0
1400,0.0905732600898,0.0912010839356,0.0908866299066,0
1400,0.0912010839356,0.0918332596484,0.0915166259281,0
1400,0.0918332596484,0.0924698173938,0.0921509888735,0
1400,0.0924698173938,0.0931107875468,0.0927897490127,0
1400,0.0931107875468,0.0937562006926,0.0934329368257,0
1400,0.0937562006926,0.0944060876286,0.0940805830037,0
1400,0.0944060876286,0.0950604793656,0.0947327184504,0
1400,0.0950604793656,0.0957194071295,0.0953893742842,0
1400,0.0957194071295,0.0963829023624,0.0960505818387,0
1400,0.0963829023624,0.0970509967245,0.096716372665,0
1400,0.0970509967245,0.0977237220956,0.0973867785329,0
1400,0.0977237220956,0.0984011105761,0.0980618314322,0
1400,0.0984011105761,0.0990831944893,0.0987415635747,0
1400,0.0990831944893,0.0997700063823,0.0994260073953,0
1400,0.0997700063823,0.100461579028,0.100115195554,0
1400,0.100461579028,0.101157945426,0.100809160936,0
1400,0.101157945426,0.101859138805,0.101507936657,0
1400,0.101859138805,0.102565192625,0.10221155606,0
1400,0.102565192625,0.103276140576,0.102920052719,0
1400,0.103276140576,0.103992016583,0.103633460443,0
1400,0.103992016583,0.104712854805,0.104351813273,0
1400,0.104712854805,0.105438689639,0.105075145487,0
1400,0.105438689639,0.10616955572,0.1058034916,0
1400,0.10616955572,0.106905487922,0.106536886367,0
1400,0.106905487922,0.107646521363,0.107275364784,0
1400,0.107646521363,0.108392691402,0.108018962088,0
1400,0.108392691402,0.109144033645,0.108767713763,0
1400,0.109144033645,0.109900583943,0.109521655537,0
1400,0.109900583943,0.110662378398,0.110280823385,0
1400,0.110662378398,0.111429453359,0.111045253533,0
1400,0.111429453359,0.11220184543,0.111814982458,0
1400,0.11220184543,0.112979591467,0.112590046889,0
1400,0.112979591467,0.113762728582,0.113370483811,0
1400,0.113762728582,0.114551294145,0.114156330462,0
1400,0.114551294145,0.115345325782,0.114947624342,0
1400,0.115345325782,0.116144861384,0.115744403209,0
1400,0.116144861384,0.116949939102,0.116546705084,0
1400,0.116949939102,0.117760597352,0.117354568249,0
1400,0.117760597352,0.118576874817,0.118168031254,0
1400,0.118576874817,0.119398810446,0.118987132916,0
1400,0.119398810446,0.120226443462,0.119811912319,0
1400,0.120226443462,0.121059813355,0.12064240882,0
1400,0.121059813355,0.121898959892,0.121478662047,0
1400,0.121898959892,0.122743923116,0.122320711905,0
1400,0.122743923116,0.123594743344,0.123168598574,0
1400,0.123594743344,0.124451461177,0.124022362512,0
1400,0.124451461177,0.125314117494,0.124882044459,0
1400,0.125314117494,0.126182753459,0.125747685437,0
1400,0.126182753459,0.127057410521,0.126619326751,0
1400,0.127057410521,0.127938130416,0.127497009994,0
1400,0.127938130416,0.128824955169,0.128380777047,0
1400,0.128824955169,0.129717927098,0.129270670081,0
1400,0.129717927098,0.130617088813,0.130166731558,0
1400,0.130617088813,0.131522483219,0.131069004237,0
1400,0.131522483219,0.132434153519,0.131977531171,0
1400,0.132434153519,0.133352143216,0.132892355713,0
1400,0.133352143216,0.134276496114,0.133813521515,0
1400,0.134276496114,0.135207256319,0.134741072534,0
1400,0.135207256319,0.136144468247,0.13567505303,0
1400,0.136144468247,0.137088176616,0.136615507569,0
1400,0.137088176616,0.13803842646,0.137562481028,0
1400,0.13803842646,0.138995263121,0.138516018592,0
1400,0.138995263121,0.139958732257,0.139476165764,0
1400,0.139958732257,0.140928879842,0.140442968358,0
1400,0.140928879842,0.141905752169,0.141416472507,0
1400,0.141905752169,0.142889395851,0.142396724665,0
1400,0.142889395851,0.143879857826,0.143383771606,0
1400,0.143879857826,0.144877185354,0.144377660429,0
1400,0.144877185354,0.145881426028,0.145378438561,0
1400,0.145881426028,0.146892627764,0.146386153755,0
1400,0.146892627764,0.147910838817,0.147400854097,0
1400,0.147910838817,0.148936107771,0.148422588006,0
1400,0.148936107771,0.14996848355,0.149451404237,0
1400,0.14996848355,0.151008015416,0.15048735188,0
1400,0.151008015416,0.152054752973,0.15153048037,0
1400,0.152054752973,0.153108746168,0.152580839481,0
1400,0.153108746168,0.154170045295,0.153638479333,0
1400,0.154170045295,0.155238700996,0.154703450395,0
1400,0.155238700996,0.156314764264,0.155775803483,0
1400,0.156314764264,0.157398286447,0.156855589768,0
1400,0.157398286447,0.158489319246,0.157942860774,0
1400,0.158489319246,0.159587914724,0.159037668382,0
1400,0.159587914724,0.160694125301,0.160140064834,0
1400,0.160694125301,0.161808003764,0.161250102734,0
1400,0.161808003764,0.162929603264,0.162367835048,0
1400,0.162929603264,0.16405897732,0.163493315113,0
1400,0.16405897732,0.165196179823,0.164626596633,0
1400,0.165196179823,0.166341265037,0.165767733685,0
1400,0.166341265037,0.167494287603,0.166916780721,0
1400,0.167494287603,0.168655302539,0.168073792571,0
1400,0.168655302539,0.169824365246,0.169238824444,0
1400,0.169824365246,0.171001531509,0.170411931932,0
1400,0.171001531509,0.172186857499,0.171593171012,0
1400,0.172186857499,0.173380399775,0.172782598051,0
1400,0.173380399775,0.174582215292,0.173980269804,0
1400,0.174582215292,0.175792361396,0.175186243421,0
1400,0.175792361396,0.177010895832,0.176400576448,0
1400,0.177010895832,0.178237876745,0.177623326829,0
1400,0.178237876745,0.179473362683,0.178854552911,0
1400,0.179473362683,0.180717412601,0.180094313444,0
1400,0.180717412601,0.181970085861,0.181342667587,0
1400,0.181970085861,0.183231442237,0.182599674907,0
1400,0.183231442237,0.184501541918,0.183865395386,0
1400,0.184501541918,0.185780445509,0.185139889421,0
1400,0.185780445509,0.187068214037,0.186423217825,0
1400,0.187068214037,0.188364908949,0.187715441838,0
1400,0.188364908949,0.189670592121,0.189016623119,0
1400,0.189670592121,0.190985325857,0.190326823758,0
1400,0.190985325857,0.192309172891,0.191646106274,0
1400,0.192309172891,0.193642196395,0.192974533619,0
1400,0.193642196395,0.194984459976,0.194312169183,0
1400,0.194984459976,0.196336027684,0.195659076793,0
1400,0.196336027684,0.197696964011,0.197015320722,0
1400,0.197696964011,0.199067333899,0.198380965684,0
1400,0.199067333899,0.200447202737,0.199756076844,0
1400,0.200447202737,0.201836636368,0.20114071982,0
1400,0.201836636368,0.203235701094,0.202534960682,0
1400,0.203235701094,0.204644463672,0.203938865961,0
1400,0.204644463672,0.206062991327,0.205352502646,0
1400,0.206062991327,0.207491351745,0.206775938192,0
1400,0.207491351745,0.208929613085,0.208209240522,0
1400,0.208929613085,0.210377843977,0.209652478029,0
1400,0.210377843977,0.211836113525,0.211105719581,0
1400,0.211836113525,0.213304491315,0.212569034522,0
1400,0.213304491315,0.214783047413,0.214042492677,0
1400,0.214783047413,0.216271852373,0.215526164357,0
1400,0.216271852373,0.217770977235,0.217020120357,0
1400,0.217770977235,0.219280493535,0.218524431965,0
1400,0.219280493535,0.220800473302,0.220039170964,0
1400,0.220800473302,0.222330989065,0.221564409631,0
1400,0.222330989065,0.223872113857,0.223100220748,0
1400,0.223872113857,0.225423921215,0.224646677599,0
1400,0.225423921215,0.226986485188,0.226203853977,0
1400,0.226986485188,0.228559880338,0.227771824186,0
1400,0.228559880338,0.230144181741,0.229350663045,0
1400,0.230144181741,0.231739464997,0.230940445892,0
1400,0.231739464997,0.233345806228,0.232541248587,0
1400,0.233345806228,0.234963282085,0.234153147517,0
1400,0.234963282085,0.236591969749,0.235776219596,0
1400,0.236591969749,0.238231946936,0.237410542273,0
1400,0.238231946936,0.239883291902,0.239056193534,0
1400,0.239883291902,0.241546083444,0.240713251905,0
1400,0.241546083444,0.243220400907,0.242381796455,0
1400,0.243220400907,0.244906324184,0.244061906804,0
1400,0.244906324184,0.246603933723,0.245753663122,0
1400,0.246603933723,0.24831331053,0.247457146133,0
1400,0.24831331053,0.25003453617,0.249172437125,0
1400,0.25003453617,0.251767692776,0.250899617947,0
1400,0.251767692776,0.25351286305,0.252638771013,0
1400,0.25351286305,0.255270130266,0.254389979313,0
1400,0.255270130266,0.257039578277,0.256153326409,0
1400,0.257039578277,0.258821291515,0.257928896443,0
1400,0.258821291515,0.260615355,0.25971677414,0
1400,0.260615355,0.262421854338,0.261517044814,0
1400,0.262421854338,0.264240875732,0.263329794368,0
1400,0.264240875732,0.26607250598,0.265155109301,0
1400,0.26607250598,0.267916832482,0.266993076713,0
1400,0.267916832482,0.269773943244,0.268843784306,0
1400,0.269773943244,0.271643926884,0.270707320392,0
1400,0.271643926884,0.273526872631,0.272583773893,0
1400,0.273526872631,0.275422870334,0.274473234348,0
1400,0.275422870334,0.277332010465,0.276375791917,0
1400,0.277332010465,0.279254384124,0.278291537385,0
1400,0.279254384124,0.28119008304,0.280220562167,0
1400,0.28119008304,0.28313919958,0.282162958309,0
1400,0.28313919958,0.28510182675,0.284118818498,0
1400,0.28510182675,0.287078058202,0.286088236063,0
1400,0.287078058202,0.289067988237,0.288071304978,0
1400,0.289067988237,0.291071711807,0.290068119869,0
1400,0.291071711807,0.293089324525,0.292078776021,0
1400,0.293089324525,0.295120922667,0.294103369375,0
1400,0.295120922667,0.297166603174,0.296141996539,0
1400,0.297166603174,0.299226463661,0.298194754793,0
1400,0.299226463661,0.301300602419,0.300261742086,0
1400,0.301300602419,0.303389118419,0.302343057051,0
1400,0.303389118419,0.305492111322,0.304438799002,0
1400,0.305492111322,0.307609681474,0.306549067943,0
1400,0.307609681474,0.309741929922,0.308673964568,0
1400,0.309741929922,0.311888958409,0.310813590274,0
1400,0.311888958409,0.314050869388,0.312968047156,0
1400,0.314050869388,0.316227766017,0.31513743802,0
1400,0.316227766017,0.318419752173,0.317321866384,0
1400,0.318419752173,0.320626932451,0.319521436481,0
1400,0.320626932451,0.322849412171,0.32173625327,0
1400,0.322849412171,0.325087297385,0.323966422435,0
1400,0.325087297385,0.327340694879,0.326212050394,0
1400,0.327340694879,0.329609712177,0.328473244303,0
1400,0.329609712177,0.331894457553,0.330750112059,0
1400,0.331894457553,0.334195040026,0.333042762309,0
1400,0.334195040026,0.336511569375,0.335351304451,0
1400,0.336511569375,0.338844156139,0.337675848642,0
1400,0.338844156139,0.341192911622,0.340016505804,0
1400,0.341192911622,0.3435579479,0.342373387626,0
1400,0.3435579479,0.345939377826,0.344746606573,0
1400,0.345939377826,0.348337315036,0.347136275888,0
1400,0.348337315036,0.350751873953,0.349542509599,0
1400,0.350751873953,0.353183169792,0.351965422525,0
1400,0.353183169792,0.355631318569,0.354405130281,0
1400,0.355631318569,0.358096437103,0.356861749283,0
1400,0.358096437103,0.360578643022,0.359335396755,0
1400,0.360578643022,0.36307805477,0.361826190732,0
1400,0.36307805477,0.365594791613,0.364334250068,0
1400,0.365594791613,0.368128973643,0.366859694441,0
1400,0.368128973643,0.370680721783,0.369402644358,0
1400,0.370680721783,0.373250157796,0.371963221162,0
1400,0.373250157796,0.375837404288,0.374541547036,0
1400,0.375837404288,0.378442584717,0.377137745011,0
1400,0.378442584717,0.381065823394,0.379751938971,0
1400,0.381065823394,0.383707245492,0.382384253658,0
1400,0.383707245492,0.386366977054,0.385034814679,0
1400,0.386366977054,0.389045144994,0.38770374851,0
1400,0.389045144994,0.391741877108,0.390391182508,0
1400,0.391741877108,0.394457302075,0.393097244907,0
1400,0.394457302075,0.397191549469,0.395822064836,0
1400,0.397191549469,0.399944749761,0.398565772313,0
1400,0.399944749761,0.402717034325,0.401328498263,0
1400,0.402717034325,0.405508535448,0.404110374513,0
1400,0.405508535448,0.408319386333,0.406911533809,0
1400,0.408319386333,0.411149721105,0.409732109814,0
1400,0.411149721105,0.41399967482,0.412572237117,0
1400,0.41399967482,0.41686938347,0.415432051242,0
1400,0.41686938347,0.419758983991,0.418311688651,0
1400,0.419758983991,0.422668614266,0.421211286754,0
1400,0.422668614266,0.425598413134,0.42413098391,0
1400,0.425598413134,0.428548520397,0.427070919441,0
1400,0.428548520397,0.431519076828,0.430031233631,0
1400,0.431519076828,0.434510224172,0.433012067738,0
1400,0.434510224172,0.437522105158,0.436013564,0
1400,0.437522105158,0.440554863507,0.439035865641,0
1400,0.440554863507,0.443608643931,0.442079116876,0
1400,0.443608643931,0.446683592151,0.44514346292,0
1400,0.446683592151,0.449779854893,0.448229049997,0
1400,0.449779854893,0.452897579904,0.451336025341,0
1400,0.452897579904,0.456036915951,0.45446453721,0
1400,0.456036915951,0.459198012837,0.457614734886,0
1400,0.459198012837,0.462381021399,0.46078676869,0
1400,0.462381021399,0.465586093523,0.463980789982,0
1400,0.465586093523,0.468813382145,0.467196951172,0
1400,0.468813382145,0.472063041264,0.470435405726,0
1400,0.472063041264,0.475335225943,0.473696308175,0
1400,0.475335225943,0.478630092323,0.476979814119,0
1400,0.478630092323,0.481947797625,0.48028608024,0
1400,0.481947797625,0.485288500162,0.483615264302,0
1400,0.485288500162,0.488652359343,0.486967525166,0
1400,0.488652359343,0.492039535681,0.490343022792,0
1400,0.492039535681,0.495450190805,0.49374191825,0
1400,0.495450190805,0.49888448746,0.497164373725,0
1400,0.49888448746,0.502342589522,0.500610552529,0
1400,0.502342589522,0.505824662003,0.504080619103,0
1400,0.505824662003,0.509330871057,0.507574739029,0
1400,0.509330871057,0.512861383991,0.511093079037,0
1400,0.512861383991,0.516416369272,0.514635807014,0
1400,0.516416369272,0.519995996534,0.518203092007,0
1400,0.519995996534,0.523600436586,0.521795104239,0
1400,0.523600436586,0.527229861423,0.52541201511,0
1400,0.527229861423,0.530884444231,0.52905399721,0
1400,0.530884444231,0.534564359397,0.532721224323,0
1400,0.534564359397,0.538269782516,0.53641387144,0
1400,0.538269782516,0.542000890402,0.540132114765,0
1400,0.542000890402,0.545757861091,0.54387613172,0
1400,0.545757861091,0.549540873858,0.547646100962,0
1400,0.549540873858,0.553350109216,0.551442202382,0
1400,0.553350109216,0.557185748932,0.55526461712,0
1400,0.557185748932,0.561047976032,0.559113527571,0
1400,0.561047976032,0.564936974812,0.562989117394,0
1400,0.564936974812,0.568852930844,0.566891571523,0
1400,0.568852930844,0.572796030986,0.570821076172,0
1400,0.572796030986,0.576766463392,0.574777818846,0
1400,0.576766463392,0.580764417521,0.578761988349,0
1400,0.580764417521,0.584790084144,0.582773774796,0
1400,0.584790084144,0.588843655356,0.586813369619,0
1400,0.588843655356,0.59292532458,0.590880965575,0
1400,0.59292532458,0.597035286584,0.594976756759,0
1400,0.597035286584,0.601173737483,0.599100938611,0
1400,0.601173737483,0.605340874754,0.603253707927,0
1400,0.605340874754,0.60953689724,0.607435262864,0
1400,0.60953689724,0.613762005165,0.611645802955,0
1400,0.613762005165,0.618016400138,0.615885529115,0
1400,0.618016400138,0.622300285169,0.620154643654,0
1400,0.622300285169,0.626613864672,0.624453350281,0
1400,0.626613864672,0.63095734448,0.628781854118,0
1400,0.63095734448,0.635330931852,0.633140361711,0
1400,0.635330931852,0.639734835483,0.637529081035,0
1400,0.639734835483,0.644169265515,0.641948221508,0
1400,0.644169265515,0.648634433548,0.646397994,0
1400,0.648634433548,0.653130552647,0.65087861084,0
1400,0.653130552647,0.657657837355,0.655390285833,0
1400,0.657657837355,0.662216503702,0.659933234264,0
1400,0.662216503702,0.666806769214,0.664507672908,0
1400,0.666806769214,0.671428852926,0.669113820046,0
1400,0.671428852926,0.676082975392,0.673751895471,0
1400,0.676082975392,0.680769358694,0.678422120498,0
1400,0.680769358694,0.685488226453,0.683124717979,0
1400,0.685488226453,0.69023980384,0.687859912309,0
1400,0.69023980384,0.695024317589,0.692627929437,0
1400,0.695024317589,0.699841996002,0.697428996882,0
1400,0.699841996002,0.704693068967,0.702263343736,0
1400,0.704693068967,0.709577767963,0.707131200681,0
1400,0.709577767963,0.714496326076,0.712032799999,0
1400,0.714496326076,0.719448978004,0.71696837558,0
1400,0.719448978004,0.724435960075,0.721938162937,0
1400,0.724435960075,0.729457510255,0.726942399214,0
1400,0.729457510255,0.734513868157,0.7319813232,0
1400,0.734513868157,0.739605275058,0.737055175338,0
1400,0.739605275058,0.744731973906,0.742164197739,0
1400,0.744731973906,0.749894209332,0.747308634191,0
1400,0.749894209332,0.755092227665,0.752488730174,0
1400,0.755092227665,0.76032627694,0.757704732866,0
1400,0.76032627694,0.765596606911,0.762956891162,0
1400,0.765596606911,0.770903469064,0.768245455679,0
1400,0.770903469064,0.776247116629,0.773570678775,0
1400,0.776247116629,0.781627804588,0.778932814554,0
1400,0.781627804588,0.787045789695,0.784332118882,0
1400,0.787045789695,0.79250133048,0.7897688494,0
1400,0.79250133048,0.797994687268,0.795243265533,0
1400,0.797994687268,0.803526122186,0.800755628507,0
1400,0.803526122186,0.809095899178,0.806306201355,0
1400,0.809095899178,0.814704284021,0.811895248936,0
1400,0.814704284021,0.82035154433,0.817523037944,0
1400,0.82035154433,0.826037949577,0.823189836921,0
1400,0.826037949577,0.831763771103,0.828895916273,0
1400,0.831763771103,0.837529282127,0.834641548277,0
1400,0.837529282127,0.843334757764,0.8404270071,0
1400,0.843334757764,0.849180475036,0.846252568807,0
1400,0.849180475036,0.855066712885,0.852118511379,0
1400,0.855066712885,0.860993752185,0.858025114723,0
1400,0.860993752185,0.866961875758,0.863972660684,0
1400,0.866961875758,0.872971368388,0.869961433065,0
1400,0.872971368388,0.879022516831,0.875991717633,0
1400,0.879022516831,0.885115609831,0.882063802137,0
1400,0.885115609831,0.891250938134,0.888177976319,0
1400,0.891250938134,0.897428794501,0.894334531933,0
1400,0.897428794501,0.903649473722,0.900533762751,0
1400,0.903649473722,0.909913272632,0.906775964584,0
1400,0.909913272632,0.916220490122,0.913061435293,0
1400,0.916220490122,0.922571427155,0.919390474804,0
1400,0.922571427155,0.92896638678,0.925763385121,0
1400,0.92896638678,0.935405674148,0.932180470342,0
1400,0.935405674148,0.941889596523,0.938642036672,0
1400,0.941889596523,0.948418463301,0.945148392441,0
1400,0.948418463301,0.954992586021,0.951699848113,0
1400,0.954992586021,0.961612278384,0.958296716306,0
1400,0.961612278384,0.968277856261,0.964939311806,0
1400,0.968277856261,0.974989637717,0.971627951577,0
1400,0.974989637717,0.98174794302,0.978362954785,0
1400,0.98174794302,0.988553094657,0.985144642804,0
1400,0.988553094657,0.995405417352,0.991973339239,0
1400,0.995405417352,1.00230523808,0.998849369937,0
1400,1.00230523808,1.00925288608,1.005773063,0
1400,1.00925288608,1.01624869287,1.01274474881,0
1400,1.01624869287,1.02329299228,1.01976476004,0
1400,1.02329299228,1.03038612044,1.02683343167,0
1400,1.03038612044,1.03752841582,1.03395110098,0
1400,1.03752841582,1.04472021922,1.04111810762,0
1400,1.04472021922,1.05196187382,1.04833479358,0
1400,1.05196187382,1.05925372518,1.05560150322,0
1400,1.05925372518,1.06659612123,1.06291858328,0
1400,1.06659612123,1.07398941234,1.07028638291,0
1400,1.07398941234,1.0814339513,1.07770525369,0
1400,1.0814339513,1.08893009333,1.08517554963,0
1400,1.08893009333,1.09647819614,1.09269762719,0
1400,1.09647819614,1.1040786199,1.1002718453,0
1400,1.1040786199,1.11173172728,1.10789856537,0
1400,1.11173172728,1.11943788347,1.11557815135,0
1400,1.11943788347,1.12719745618,1.12331096967,0
1400,1.12719745618,1.13501081567,1.13109738933,0
1400,1.13501081567,1.14287833479,1.13893778188,0
1400,1.14287833479,1.15080038894,1.14683252142,0
1400,1.15080038894,1.15877735616,1.15478198469,0
1400,1.15877735616,1.16680961706,1.162786551,0
1400,1.16680961706,1.17489755494,1.17084660232,0
1400,1.17489755494,1.18304155573,1.17896252324,0
1400,1.18304155573,1.19124200803,1.18713470104,0
1400,1.19124200803,1.19949930315,1.19536352567,0
1400,1.19949930315,1.20781383511,1.20364938979,0
1400,1.20781383511,1.21618600065,1.21199268877,0
1400,1.21618600065,1.22461619927,1.22039382074,0
1400,1.22461619927,1.23310483323,1.22885318658,0
1400,1.23310483323,1.24165230759,1.23737118994,0
1400,1.24165230759,1.25025903022,1.24594823727,0
1400,1.25025903022,1.25892541179,1.25458473786,0
1400,1.25892541179,1.26765186586,1.26328110381,0
1400,1.26765186586,1.27643880881,1.27203775009,0
1400,1.27643880881,1.28528665994,1.28085509454,0
1400,1.28528665994,1.29419584145,1.2897335579,0
1400,1.29419584145,1.30316677845,1.29867356383,0
1400,1.30316677845,1.31219989902,1.30767553892,0
1400,1.31219989902,1.32129563419,1.31673991272,0
1400,1.32129563419,1.33045441798,1.32586711776,0
1400,1.33045441798,1.33967668743,1.33505758956,0
1400,1.33967668743,1.34896288259,1.34431176667,0
1400,1.34896288259,1.35831344659,1.35363009067,0
1400,1.35831344659,1.3677288256,1.36301300621,0
1400,1.3677288256,1.37720946889,1.37246096101,0
1400,1.37720946889,1.38675582887,1.3819744059,0
1400,1.38675582887,1.39636836106,1.39155379484,0
1400,1.39636836106,1.40604752413,1.40119958494,0
1400,1.40604752413,1.41579377996,1.41091223646,0
1400,1.41579377996,1.4256075936,1.42069221286,0
1400,1.4256075936,1.43548943335,1.43053998082,0
1400,1.43548943335,1.44543977075,1.44045601025,0
1400,1.44543977075,1.45545908058,1.4504407743,0
1400,1.45545908058,1.46554784096,1.46049474944,0
1400,1.46554784096,1.47570653328,1.4706184154,0
1400,1.47570653328,1.48593564229,1.48081225527,0
1400,1.48593564229,1.49623565609,1.49107675545,0
1400,1.49623565609,1.50660706619,1.50141240575,0
1400,1.50660706619,1.51705036746,1.51181969936,0
1400,1.51705036746,1.52756605824,1.52229913288,0
1400,1.52756605824,1.5381546403,1.53285120636,0
1400,1.5381546403,1.54881661891,1.54347642332,0
1400,1.54881661891,1.55955250283,1.55417529077,0
1400,1.55955250283,1.57036280433,1.56494831922,0
1400,1.57036280433,1.58124803927,1.57579602274,0
1400,1.58124803927,1.59220872705,1.58671891895,0
1400,1.59220872705,1.60324539069,1.59771752906,0
1400,1.60324539069,1.61435855683,1.60879237789,0
1400,1.61435855683,1.62554875575,1.6199439939,0
1400,1.62554875575,1.63681652143,1.63117290923,0
1400,1.63681652143,1.64816239153,1.64247965967,0
1400,1.64816239153,1.65958690744,1.65386478477,0
1400,1.65958690744,1.67109061431,1.66532882779,0
1400,1.67109061431,1.68267406107,1.67687233575,0
1400,1.68267406107,1.69433780045,1.68849585949,0
1400,1.69433780045,1.706082389,1.70019995364,0
1400,1.706082389,1.71790838716,1.7119851767,0
1400,1.71790838716,1.72981635922,1.72385209103,0
1400,1.72981635922,1.74180687339,1.73580126287,0
1400,1.74180687339,1.75388050184,1.74783326242,0
1400,1.75388050184,1.76603782069,1.7599486638,0
1400,1.76603782069,1.77827941004,1.77214804514,0
1400,1.77827941004,1.79060585404,1.78443198854,0
1400,1.79060585404,1.80301774086,1.79680108017,0
1400,1.80301774086,1.81551566277,1.80925591025,0
1400,1.81551566277,1.82810021614,1.82179707309,0
1400,1.82810021614,1.84077200147,1.83442516712,0
1400,1.84077200147,1.85353162341,1.84714079491,0
1400,1.85353162341,1.86637969083,1.85994456322,0
1400,1.86637969083,1.8793168168,1.87283708302,0
1400,1.8793168168,1.89234361864,1.88581896949,0
1400,1.89234361864,1.90546071796,1.8988908421,0
1400,1.90546071796,1.91866874067,1.9120533246,0
1400,1.91866874067,1.93196831702,1.92530704508,0
1400,1.93196831702,1.94536008162,1.93865263595,0
1400,1.94536008162,1.95884467351,1.95209073404,0
1400,1.95884467351,1.97242273611,1.96562198058,0
1400,1.97242273611,1.98609491736,1.97924702124,0
1400,1.98609491736,1.99986186963,1.99296650616,0
1400,1.99986186963,2.01372424986,2.00678109002,0
1400,2.01372424986,2.02768271952,2.02069143199,0
1400,2.02768271952,2.04173794467,2.03469819585,0
1400,2.04173794467,2.05589059598,2.04880204996,0
1400,2.05589059598,2.07014134879,2.06300366731,0
1400,2.07014134879,2.0844908831,2.07730372557,0
1400,2.0844908831,2.09893988362,2.0917029071,0
1400,2.09893988362,2.11348903984,2.10620189899,0
1400,2.11348903984,2.12813904598,2.12080139309,0
1400,2.12813904598,2.14289060112,2.13550208605,0
1400,2.14289060112,2.15774440915,2.15030467934,0
1400,2.15774440915,2.17270117886,2.16520987931,0
1400,2.17270117886,2.18776162395,2.18021839719,0
1400,2.18776162395,2.20292646305,2.19533094914,0
1400,2.20292646305,2.2181964198,2.2105482563,0
1400,2.2181964198,2.23357222283,2.22587104479,0
1400,2.23357222283,2.24905460584,2.24130004578,0
1400,2.24905460584,2.26464430759,2.2568359955,0
1400,2.26464430759,2.280342072,2.27247963527,0
1400,2.280342072,2.29614864811,2.28823171158,0
1400,2.29614864811,2.31206479018,2.30409297606,0
1400,2.31206479018,2.32809125767,2.32006418557,0
1400,2.32809125767,2.34422881532,2.33614610222,0
1400,2.34422881532,2.36047823318,2.35233949339,0
1400,2.36047823318,2.37684028662,2.36864513178,0
1400,2.37684028662,2.39331575641,2.38506379547,0
1400,2.39331575641,2.40990542869,2.40159626789,0
1400,2.40990542869,2.42661009508,2.41824333793,0
1400,2.42661009508,2.44343055269,2.43500579995,0
1400,2.44343055269,2.46036760415,2.45188445381,0
1400,2.46036760415,2.47742205763,2.46888010491,0
1400,2.47742205763,2.49459472694,2.48599356423,0
1400,2.49459472694,2.51188643151,2.50322564838,0
1400,2.51188643151,2.52929799645,2.52057717964,0
1400,2.52929799645,2.54683025259,2.53804898596,0
1400,2.54683025259,2.56448403652,2.55564190106,0
1400,2.56448403652,2.58226019063,2.57335676443,0
1400,2.58226019063,2.60015956317,2.59119442135,0
1400,2.60015956317,2.61818300822,2.60915572301,0
1400,2.61818300822,2.63633138583,2.62724152647,0
1400,2.63633138583,2.65460556198,2.64545269472,0
1400,2.65460556198,2.67300640866,2.66379009677,0
1400,2.67300640866,2.69153480393,2.68225460761,0
1400,2.69153480393,2.71019163189,2.70084710832,0
1400,2.71019163189,2.72897778281,2.7195684861,0
1400,2.72897778281,2.7478941531,2.73841963426,0
1400,2.7478941531,2.76694164541,2.75740145235,0
1400,2.76694164541,2.78612116863,2.77651484611,0
1400,2.78612116863,2.80543363795,2.79576072758,0
1400,2.80543363795,2.82487997492,2.81514001513,0
1400,2.82487997492,2.84446110745,2.83465363349,0
1400,2.84446110745,2.86417796991,2.85430251379,0
1400,2.86417796991,2.88403150313,2.87408759362,0
1400,2.88403150313,2.90402265446,2.89400981707,0
1400,2.90402265446,2.92415237784,2.91407013477,0
1400,2.92415237784,2.9444216338,2.93426950396,0
1400,2.9444216338,2.96483138952,2.95460888848,0
1400,2.96483138952,2.98538261892,2.97508925888,0
1400,2.98538261892,3.00607630263,2.99571159243,0
1400,3.00607630263,3.0269134281,3.01647687316,0
1400,3.0269134281,3.04789498963,3.03738609195,0
1400,3.04789498963,3.06902198839,3.05844024651,0
1400,3.06902198839,3.09029543251,3.0796403415,0
1400,3.09029543251,3.11171633711,3.10098738853,0
1400,3.11171633711,3.13328572432,3.12248240622,0
1400,3.13328572432,3.15500462337,3.14412642026,0
1400,3.15500462337,3.17687407065,3.16592046343,0
1400,3.17687407065,3.19889510969,3.1878655757,0
1400,3.19889510969,3.22106879128,3.20996280421,0
1400,3.22106879128,3.24339617349,3.2322132034,0
1400,3.24339617349,3.26587832172,3.25461783498,0
1400,3.26587832172,3.28851630876,3.27717776805,0
1400,3.28851630876,3.31131121483,3.29989407911,0
1400,3.31131121483,3.33426412763,3.32276785211,0
1400,3.33426412763,3.35737614243,3.34580017853,0
1400,3.35737614243,3.38064836206,3.36899215741,0
1400,3.38064836206,3.40408189701,3.39234489541,0
1400,3.40408189701,3.42767786546,3.41585950686,0
1400,3.42767786546,3.45143739336,3.43953711381,0
1400,3.45143739336,3.47536161443,3.46337884608,0
1400,3.47536161443,3.49945167028,3.48738584135,0
1400,3.49945167028,3.52370871042,3.51155924516,0
1400,3.52370871042,3.54813389234,3.535900211,0
1400,3.54813389234,3.57272838152,3.56040990036,0
1400,3.57272838152,3.59749335156,3.58508948277,0
1400,3.59749335156,3.62242998417,3.60994013586,0
1400,3.62242998417,3.64753946926,3.63496304546,0
1400,3.64753946926,3.67282300498,3.66015940558,0
1400,3.67282300498,3.6982817978,3.68553041852,0
1400,3.6982817978,3.72391706255,3.71107729493,0
1400,3.72391706255,3.74973002245,3.73680125382,0
1400,3.74973002245,3.77572190925,3.76270352268,0
1400,3.77572190925,3.80189396321,3.78878533748,0
1400,3.80189396321,3.82824743317,3.81504794279,0
1400,3.82824743317,3.85478357666,3.84149259179,0
1400,3.85478357666,3.88150365991,3.86812054633,0
1400,3.88150365991,3.90840895792,3.89493307704,0
1400,3.90840895792,3.93550075456,3.92193146333,0
1400,3.93550075456,3.96278034255,3.94911699349,0
1400,3.96278034255,3.99024902362,3.97649096475,0
1400,3.99024902362,4.01790810849,4.00405468331,0
1400,4.01790810849,4.04575891697,4.03180946443,0
1400,4.04575891697,4.07380277804,4.05975663252,0
1400,4.07380277804,4.10204102987,4.08789752111,0
1400,4.10204102987,4.1304750199,4.11623347303,0
1400,4.1304750199,4.15910610494,4.14476584038,0
1400,4.15910610494,4.18793565118,4.17349598465,0
1400,4.18793565118,4.21696503429,4.20242527677,0
1400,4.21696503429,4.24619563946,4.23155509717,0
1400,4.24619563946,4.27562886152,4.26088683583,0
1400,4.27562886152,4.30526610492,4.29042189239,0
1400,4.30526610492,4.33510878388,4.32016167618,0
1400,4.33510878388,4.3651583224,4.35010760631,0
1400,4.3651583224,4.39541615438,4.3802611117,0
1400,4.39541615438,4.42588372363,4.41062363121,0
1400,4.42588372363,4.45656248398,4.44119661366,0
1400,4.45656248398,4.48745389933,4.47198151789,0
1400,4.48745389933,4.51855944375,4.50297981288,0
1400,4.51855944375,4.5498806015,4.53419297779,0
1400,4.5498806015,4.58141886715,4.56562250202,0
1400,4.58141886715,4.6131757456,4.59726988531,0
1400,4.6131757456,4.64515275223,4.62913663778,0
1400,4.64515275223,4.67735141287,4.66122428002,0
1400,4.67735141287,4.70977326397,4.69353434317,0
1400,4.70977326397,4.7424198526,4.72606836898,0
1400,4.7424198526,4.77529273658,4.75882790989,0
1400,4.77529273658,4.8083934845,4.79181452908,0
1400,4.8083934845,4.84172367584,4.8250298006,0
1400,4.84172367584,4.87528490103,4.85847530937,0
1400,4.87528490103,4.90907876153,4.89215265134,0
1400,4.90907876153,4.94310686987,4.9260634335,0
1400,4.94310686987,4.97737084979,4.96020927396,0
1400,4.97737084979,5.01187233627,4.99459180208,0
1400,5.01187233627,5.04661297564,5.0292126585,0
1400,5.04661297564,5.08159442561,5.06407349524,0
1400,5.08159442561,5.1168183554,5.09917597575,0
1400,5.1168183554,5.15228644582,5.13452177503,0
1400,5.15228644582,5.18800038929,5.17011257969,0
1400,5.18800038929,5.22396188999,5.20595008802,0
1400,5.22396188999,5.26017266391,5.24203601008,0
1400,5.26017266391,5.29663443892,5.27837206782,0
1400,5.29663443892,5.33334895488,5.31495999507,0
1400,5.33334895488,5.3703179637,5.35180153771,0
1400,5.3703179637,5.40754322946,5.38889845373,0
1400,5.40754322946,5.44502652842,5.42625251329,0
1400,5.44502652842,5.48276964921,5.46386549882,0
1400,5.48276964921,5.52077439281,5.50173920511,0
1400,5.52077439281,5.5590425727,5.53987543939,0
1400,5.5590425727,5.59757601495,5.57827602141,0
1400,5.59757601495,5.63637655826,5.61694278356,0
1400,5.63637655826,5.67544605409,5.65587757089,0
1400,5.67544605409,5.71478636672,5.69508224128,0
1400,5.71478636672,5.75439937337,5.73455866546,0
1400,5.75439937337,5.79428696427,5.77430872714,0
1400,5.79428696427,5.83445104274,5.81433432308,0
1400,5.83445104274,5.8748935253,5.85463736321,0
1400,5.8748935253,5.91561634175,5.89521977065,0
1400,5.91561634175,5.95662143529,5.93608348191,0
1400,5.95662143529,5.99791076256,5.97723044689,0
1400,5.99791076256,6.03948629376,6.018662629,0
1400,6.03948629376,6.08135001279,6.06038200527,0
1400,6.08135001279,6.12350391725,6.10239056645,0
1400,6.12350391725,6.16595001861,6.14469031706,0
1400,6.16595001861,6.2086903423,6.18728327553,0
1400,6.2086903423,6.25172692776,6.23017147429,0
1400,6.25172692776,6.29506182857,6.27335695984,0
1400,6.29506182857,6.33869711257,6.31684179288,0
1400,6.33869711257,6.38263486191,6.36062804837,0
1400,6.38263486191,6.42687717317,6.40471781569,0
1400,6.42687717317,6.47142615749,6.44911319868,0
1400,6.47142615749,6.51628394061,6.49381631576,0
1400,6.51628394061,6.56145266303,6.53882930005,0
1400,6.56145266303,6.60693448008,6.58415429943,0
1400,6.60693448008,6.65273156202,6.62979347671,0
1400,6.65273156202,6.69884609417,6.67574900964,0
1400,6.69884609417,6.74528027698,6.72202309112,0
1400,6.74528027698,6.79203632617,6.7686179292,0
1400,6.79203632617,6.83911647281,6.81553574727,0
1400,6.83911647281,6.88652296344,6.86277878411,0
1400,6.88652296344,6.93425806017,6.91034929405,0
1400,6.93425806017,6.98232404077,6.95824954701,0
1400,6.98232404077,7.03072319884,7.00648182865,0
1400,7.03072319884,7.07945784384,7.05504844051,0
1400,7.07945784384,7.12853030127,7.10395170003,0
1400,7.12853030127,7.17794291271,7.15319394075,0
1400,7.17794291271,7.22769803602,7.20277751238,0
1400,7.22769803602,7.27779804537,7.25270478091,0
1400,7.27779804537,7.32824533139,7.30297812873,0
1400,7.32824533139,7.37904230129,7.35359995475,0
1400,7.37904230129,7.43019137897,7.40457267451,0
1400,7.43019137897,7.48169500511,7.45589872028,0
1400,7.48169500511,7.53355563734,7.5075805412,0
1400,7.53355563734,7.58577575029,7.55962060339,0
1400,7.58577575029,7.63835783578,7.61202139006,0
1400,7.63835783578,7.69130440287,7.66478540163,0
1400,7.69130440287,7.74461797803,7.71791515585,0
1400,7.74461797803,7.79830110523,7.77141318794,0
1400,7.79830110523,7.8523563461,7.82528205067,0
1400,7.8523563461,7.90678628,7.87952431451,0
1400,7.90678628,7.96159350417,7.93414256777,0
1400,7.96159350417,8.01678063388,7.98913941667,0
1400,8.01678063388,8.07235030249,8.04451748552,0
1400,8.07235030249,8.12830516164,8.1002794168,0
1400,8.12830516164,8.18464788135,8.15642787133,0
1400,8.18464788135,8.24138115013,8.21296552835,0
1400,8.24138115013,8.29850767514,8.26989508568,0
1400,8.29850767514,8.35603018231,8.32721925985,0
1400,8.35603018231,8.41395141645,8.38494078622,0
1400,8.41395141645,8.47227414141,8.44306241909,0
1400,8.47227414141,8.53100114018,8.50158693187,0
1400,8.53100114018,8.59013521505,8.5605171172,0
1400,8.59013521505,8.64967918776,8.61985578706,0
1400,8.64967918776,8.70963589956,8.67960577292,0
1400,8.70963589956,8.77000821144,8.73976992591,0
1400,8.77000821144,8.83079900419,8.80035111687,0
1400,8.83079900419,8.89201117858,8.86135223659,0
1400,8.89201117858,8.9536476555,8.92277619588,0
1400,8.9536476555,9.01571137606,8.98462592571,0
1400,9.01571137606,9.07820530178,9.04690437738,0
1400,9.07820530178,9.1411324147,9.10961452266,0
1400,9.1411324147,9.20449571753,9.1727593539,0
1400,9.20449571753,9.26829823379,9.2363418842,0
1400,9.26829823379,9.33254300797,9.30036514754,0
1400,9.33254300797,9.39723310565,9.36483219894,0
1400,9.39723310565,9.46237161366,9.4297461146,0
1400,9.46237161366,9.52796164024,9.49510999202,0
1400,9.52796164024,9.59400631516,9.5609269502,0
1400,9.59400631516,9.6605087899,9.62720012973,0
1400,9.6605087899,9.72747223777,9.693932693,0
1400,9.72747223777,9.79489985409,9.7611278243,0
1400,9.79489985409,9.86279485631,9.82878873,0
1400,9.86279485631,9.93116048421,9.89691863869,0
1400,9.93116048421,10,9.96552080135,0
2500,0.01,0.0100693166885,0.0100345984915,0
2500,0.0100693166885,0.0101391138574,0.0101041550053,0
2500,0.0101391138574,0.0102093948371,0.0101741936618,0
2500,0.0102093948371,0.0102801629813,0.0102447178031,0
2500,0.0102801629813,0.0103514216668,0.0103157307944,0
2500,0.0103514216668,0.0104231742939,0.0103872360242,0
2500,0.0104231742939,0.0104954242865,0.0104592369046,0
2500,0.0104954242865,0.0105681750921,0.0105317368713,0
2500,0.0105681750921,0.0106414301822,0.0106047393837,0
2500,0.0106414301822,0.0107151930524,0.0106782479254,0
2500,0.0107151930524,0.0107894672223,0.0107522660039,0
2500,0.0107894672223,0.0108642562362,0.0108267971513,0
2500,0.0108642562362,0.0109395636627,0.0109018449239,0
2500,0.0109395636627,0.0110153930954,0.0109774129027,0
2500,0.0110153930954,0.0110917481526,0.0110535046938,0
2500,0.0110917481526,0.0111686324778,0.011130123928,0
2500,0.0111686324778,0.0112460497397,0.0112072742614,0
2500,0.0112460497397,0.0113240036324,0.0112849593753,0
2500,0.0113240036324,0.0114024978756,0.0113631829767,0
2500,0.0114024978756,0.011481536215,0.0114419487982,0
2500,0.011481536215,0.0115611224219,0.0115212605983,0
2500,0.0115611224219,0.0116412602941,0.0116011221615,0
2500,0.0116412602941,0.0117219536555,0.0116815372986,0
2500,0.0117219536555,0.0118032063565,0.0117625098468,0
2500,0.0118032063565,0.0118850222744,0.01184404367,0
2500,0.0118850222744,0.0119674053131,0.0119261426586,0
2500,0.0119674053131,0.0120503594037,0.0120088107301,0
2500,0.0120503594037,0.0121338885046,0.0120920518294,0
2500,0.0121338885046,0.0122179966016,0.0121758699285,0
2500,0.0122179966016,0.0123026877081,0.0122602690268,0
2500,0.0123026877081,0.0123879658653,0.0123452531517,0
2500,0.0123879658653,0.0124738351424,0.0124308263584,0
2500,0.0124738351424,0.0125602996369,0.0125169927303,0
2500,0.0125602996369,0.0126473634747,0.0126037563789,0
2500,0.0126473634747,0.0127350308102,0.0126911214445,0
2500,0.0127350308102,0.0128233058266,0.0127790920957,0
2500,0.0128233058266,0.0129121927361,0.0128676725303,0
2500,0.0129121927361,0.0130016957803,0.0129568669752,0
2500,0.0130016957803,0.01309181923,0.0130466796864,0
2500,0.01309181923,0.0131825673856,0.0131371149496,0
2500,0.0131825673856,0.0132739445773,0.0132281770801,0
2500,0.0132739445773,0.0133659551655,0.0133198704231,0
2500,0.0133659551655,0.0134586035406,0.0134121993541,0
2500,0.0134586035406,0.0135518941235,0.0135051682786,0
2500,0.0135518941235,0.0136458313659,0.0135987816328,0
2500,0.0136458313659,0.0137404197501,0.0136930438839,0
2500,0.0137404197501,0.0138356637897,0.0137879595297,0
2500,0.0138356637897,0.0139315680295,0.0138835330993,0
2500,0.0139315680295,0.0140281370456,0.0139797691532,0
2500,0.0140281370456,0.0141253754462,0.0140766722836,0
2500,0.0141253754462,0.0142232878712,0.0141742471144,0
2500,0.0142232878712,0.0143218789927,0.0142724983016,0
2500,0.0143218789927,0.0144211535152,0.0143714305336,0
2500,0.0144211535152,0.0145211161759,0.0144710485309,0
2500,0.0145211161759,0.0146217717446,0.0145713570473,0
2500,0.0146217717446,0.0147231250243,0.0146723608691,0
2500,0.0147231250243,0.0148251808515,0.0147740648159,0
2500,0.0148251808515,0.0149279440958,0.0148764737408,0
2500,0.0149279440958,0.0150314196609,0.0149795925304,0
2500,0.0150314196609,0.0151356124844,0.0150834261054,0
2500,0.0151356124844,0.015240527538,0.0151879794203,0
2500,0.015240527538,0.015346169828,0.0152932574642,0
2500,0.015346169828,0.0154525443954,0.0153992652606,0
2500,0.0154525443954,0.0155596563161,0.0155060078679,0
2500,0.0155596563161,0.0156675107011,0.0156134903797,0
2500,0.0156675107011,0.015776112697,0.0157217179246,0
2500,0.015776112697,0.015885467486,0.0158306956671,0
2500,0.015885467486,0.0159955802861,0.0159404288071,0
2500,0.0159955802861,0.0161064563518,0.016050922581,0
2500,0.0161064563518,0.0162181009736,0.0161621822611,0
2500,0.0162181009736,0.0163305194789,0.0162742131564,0
2500,0.0163305194789,0.0164437172321,0.0163870206128,0
2500,0.0164437172321,0.0165576996347,0.0165006100132,0
2500,0.0165576996347,0.0166724721255,0.0166149867777,0
2500,0.0166724721255,0.0167880401812,0.016730156364,0
2500,0.0167880401812,0.0169044093164,0.0168461242677,0
2500,0.0169044093164,0.0170215850839,0.0169628960226,0
2500,0.0170215850839,0.0171395730751,0.0170804772006,0
2500,0.0171395730751,0.0172583789199,0.0171988734124,0
2500,0.0172583789199,0.0173780082875,0.0173180903075,0
2500,0.0173780082875,0.0174984668862,0.0174381335747,0
2500,0.0174984668862,0.0176197604641,0.017559008942,0
2500,0.0176197604641,0.0177418948089,0.0176807221773,0
2500,0.0177418948089,0.0178648757485,0.0178032790885,0
2500,0.0178648757485,0.0179887091513,0.0179266855237,0
2500,0.0179887091513,0.0181134009262,0.0180509473713,0
2500,0.0181134009262,0.0182389570232,0.018176070561,0
2500,0.0182389570232,0.0183653834335,0.0183020610631,0
2500,0.0183653834335,0.0184926861898,0.0184289248897,0
2500,0.0184926861898,0.0186208713666,0.0185566680943,0
2500,0.0186208713666,0.0187499450807,0.0186852967726,0
2500,0.0187499450807,0.018879913491,0.0188148170622,0
2500,0.018879913491,0.0190107827992,0.0189452351436,0
2500,0.0190107827992,0.0191425592502,0.0190765572399,0
2500,0.0191425592502,0.0192752491319,0.0192087896175,0
2500,0.0192752491319,0.0194088587759,0.0193419385862,0
2500,0.0194088587759,0.0195433945578,0.0194760104994,0
2500,0.0195433945578,0.0196788628971,0.0196110117548,0
2500,0.0196788628971,0.0198152702581,0.0197469487941,0
2500,0.0198152702581,0.0199526231497,0.019883828104,0
2500,0.0199526231497,0.0200909281261,0.0200216562159,0
2500,0.0200909281261,0.0202301917868,0.0201604397066,0
2500,0.0202301917868,0.0203704207771,0.0203001851986,0
2500,0.0203704207771,0.0205116217883,0.02044089936,0
2500,0.0205116217883,0.0206538015581,0.0205825889054,0
2500,0.0206538015581,0.020796966871,0.0207252605958,0
2500,0.020796966871,0.0209411245585,0.0208689212391,0
2500,0.0209411245585,0.0210862814993,0.0210135776905,0
2500,0.0210862814993,0.02123244462,0.0211592368524,0
2500,0.02123244462,0.021379620895,0.0213059056754,0
2500,0.021379620895,0.0215278173472,0.0214535911582,0
2500,0.0215278173472,0.0216770410482,0.0216023003477,0
2500,0.0216770410482,0.0218272991184,0.0217520403402,0
2500,0.0218272991184,0.0219785987278,0.0219028182807,0
2500,0.0219785987278,0.0221309470961,0.0220546413639,0
2500,0.0221309470961,0.0222843514927,0.0222075168345,0
2500,0.0222843514927,0.0224388192378,0.0223614519872,0
2500,0.0224388192378,0.0225943577022,0.0225164541674,0
2500,0.0225943577022,0.0227509743077,0.0226725307715,0
2500,0.0227509743077,0.0229086765277,0.0228296892468,0
2500,0.0229086765277,0.0230674718872,0.0229879370926,0
2500,0.0230674718872,0.0232273679636,0.0231472818602,0
2500,0.0232273679636,0.0233883723866,0.0233077311528,0
2500,0.0233883723866,0.023550492839,0.0234692926269,0
2500,0.023550492839,0.0237137370566,0.0236319739915,0
2500,0.0237137370566,0.0238781128291,0.0237957830096,0
2500,0.0238781128291,0.0240436280001,0.0239607274975,0
2500,0.0240436280001,0.0242102904674,0.0241268153259,0
2500,0.0242102904674,0.0243781081837,0.0242940544202,0
2500,0.0243781081837,0.0245470891569,0.0244624527605,0
2500,0.0245470891569,0.0247172414502,0.0246320183824,0
2500,0.0247172414502,0.0248885731828,0.0248027593769,0
2500,0.0248885731828,0.0250610925303,0.0249746838915,0
2500,0.0250610925303,0.0252348077248,0.02514780013,0
2500,0.0252348077248,0.0254097270555,0.0253221163528,0
2500,0.0254097270555,0.0255858588691,0.025497640878,0
2500,0.0255858588691,0.02576321157,0.0256743820811,0
2500,0.02576321157,0.0259417936212,0.0258523483956,0
2500,0.0259417936212,0.026121613544,0.0260315483137,0
2500,0.026121613544,0.026302679919,0.0262119903864,0
2500,0.026302679919,0.0264850013861,0.0263936832237,0
2500,0.0264850013861,0.0266685866452,0.0265766354955,0
2500,0.0266685866452,0.0268534444566,0.026760855932,0
2500,0.0268534444566,0.0270395836411,0.0269463533235,0
2500,0.0270395836411,0.0272270130808,0.0271331365215,0
2500,0.0272270130808,0.0274157417193,0.0273212144388,0
2500,0.0274157417193,0.0276057785622,0.0275105960499,0
2500,0.0276057785622,0.0277971326776,0.0277012903916,0
2500,0.0277971326776,0.0279898131963,0.0278933065634,0
2500,0.0279898131963,0.0281838293126,0.0280866537277,0
2500,0.0281838293126,0.0283791902844,0.0282813411105,0
2500,0.0283791902844,0.0285759054337,0.0284773780017,0
2500,0.0285759054337,0.0287739841474,0.0286747737558,0
2500,0.0287739841474,0.028973435877,0.0288735377919,0
2500,0.028973435877,0.02917427014,0.0290736795944,0
2500,0.02917427014,0.0293764965196,0.0292752087137,0
2500,0.0293764965196,0.0295801246655,0.0294781347661,0
2500,0.0295801246655,0.0297851642943,0.0296824674346,0
2500,0.0297851642943,0.0299916251899,0.0298882164696,0
2500,0.0299916251899,0.030199517204,0.0300953916887,0
2500,0.030199517204,0.0304088502568,0.0303040029779,0
2500,0.0304088502568,0.0306196343369,0.0305140602914,0
2500,0.0306196343369,0.0308318795025,0.0307255736527,0
2500,0.0308318795025,0.0310455958813,0.0309385531545,0
2500,0.0310455958813,0.0312607936712,0.0311530089597,0
2500,0.0312607936712,0.031477483141,0.0313689513016,0
2500,0.031477483141,0.0316956746304,0.0315863904842,0
2500,0.0316956746304,0.031915378551,0.0318053368833,0
2500,0.031915378551,0.0321366053864,0.0320258009463,0
2500,0.0321366053864,0.032359365693,0.0322477931932,0
2500,0.032359365693,0.0325836701002,0.0324713242168,0
2500,0.0325836701002,0.0328095293113,0.0326964046834,0
2500,0.0328095293113,0.0330369541037,0.0329230453333,0
2500,0.0330369541037,0.0332659553294,0.0331512569812,0
2500,0.0332659553294,0.0334965439158,0.0333810505166,0
2500,0.0334965439158,0.0337287308659,0.0336124369047,0
2500,0.0337287308659,0.033962527259,0.0338454271866,0
2500,0.033962527259,0.0341979442514,0.03408003248,0
2500,0.0341979442514,0.0344349930763,0.0343162639796,0
2500,0.0344349930763,0.0346736850453,0.0345541329578,0
2500,0.0346736850453,0.0349140315479,0.0347936507649,0
2500,0.0349140315479,0.0351560440528,0.0350348288302,0
2500,0.0351560440528,0.0353997341083,0.0352776786619,0
2500,0.0353997341083,0.0356451133426,0.0355222118482,0
2500,0.0356451133426,0.0358921934645,0.0357684400576,0
2500,0.0358921934645,0.036140986264,0.0360163750395,0
2500,0.036140986264,0.0363915036127,0.0362660286245,0
2500,0.0363915036127,0.0366437574648,0.0365174127255,0
2500,0.0366437574648,0.036897759857,0.0367705393378,0
2500,0.036897759857,0.0371535229097,0.03702542054,0
2500,0.0371535229097,0.0374110588272,0.0372820684943,0
2500,0.0374110588272,0.0376703798984,0.0375404954472,0
2500,0.0376703798984,0.0379314984974,0.0378007137302,0
2500,0.0379314984974,0.038194427084,0.0380627357601,0
2500,0.038194427084,0.0384591782045,0.03832657404,0
2500,0.0384591782045,0.0387257644922,0.0385922411595,0
2500,0.0387257644922,0.0389941986677,0.0388597497954,0
2500,0.0389941986677,0.03926449354,0.0391291127127,0
2500,0.03926449354,0.0395366620068,0.0394003427645,0
2500,0.0395366620068,0.0398107170553,0.0396734528932,0
2500,0.0398107170553,0.0400866717627,0.0399484561308,0
2500,0.0400866717627,0.0403645392968,0.0402253655999,0
2500,0.0403645392968,0.0406443329165,0.0405041945136,0
2500,0.0406443329165,0.040926065973,0.0407849561771,0
2500,0.040926065973,0.0412097519097,0.0410676639875,0
2500,0.0412097519097,0.0414954042634,0.0413523314348,0
2500,0.0414954042634,0.0417830366647,0.0416389721025,0
2500,0.0417830366647,0.0420726628384,0.0419275996685,0
2500,0.0420726628384,0.042364296605,0.0422182279051,0
2500,0.042364296605,0.0426579518802,0.0425108706805,0
2500,0.0426579518802,0.0429536426765,0.0428055419586,0
2500,0.0429536426765,0.0432513831035,0.0431022558005,0
2500,0.0432513831035,0.0435511873686,0.0434010263645,0
2500,0.0435511873686,0.0438530697775,0.0437018679071,0
2500,0.0438530697775,0.0441570447353,0.0440047947836,0
2500,0.0441570447353,0.0444631267469,0.0443098214489,0
2500,0.0444631267469,0.0447713304176,0.0446169624581,0
2500,0.0447713304176,0.0450816704541,0.044926232467,0
2500,0.0450816704541,0.045394161665,0.0452376462332,0
2500,0.045394161665,0.0457088189615,0.0455512186166,0
2500,0.0457088189615,0.0460256573581,0.0458669645798,0
2500,0.0460256573581,0.0463446919736,0.0461848991895,0
2500,0.0463446919736,0.0466659380314,0.0465050376167,0
2500,0.0466659380314,0.0469894108605,0.0468273951374,0
2500,0.0469894108605,0.0473151258961,0.0471519871336,0
2500,0.0473151258961,0.0476430986805,0.0474788290942,0
2500,0.0476430986805,0.0479733448637,0.0478079366149,0
2500,0.0479733448637,0.048305880204,0.0481393254,0
2500,0.048305880204,0.0486407205691,0.0484730112624,0
2500,0.0486407205691,0.0489778819368,0.0488090101248,0
2500,0.0489778819368,0.0493173803955,0.0491473380199,0
2500,0.0493173803955,0.049659232145,0.049488011092,0
2500,0.049659232145,0.0500034534977,0.0498310455971,0
2500,0.0500034534977,0.0503500608788,0.0501764579037,0
2500,0.0503500608788,0.0506990708275,0.050524264494,0
2500,0.0506990708275,0.0510504999975,0.0508744819645,0
2500,0.0510504999975,0.0514043651582,0.0512271270265,0
2500,0.0514043651582,0.0517606831951,0.0515822165072,0
2500,0.0517606831951,0.0521194711105,0.0519397673507,0
2500,0.0521194711105,0.052480746025,0.0522997966182,0
2500,0.052480746025,0.0528445251775,0.0526623214894,0
2500,0.0528445251775,0.0532108259267,0.0530273592629,0
2500,0.0532108259267,0.0535796657513,0.0533949273574,0
2500,0.0535796657513,0.0539510622515,0.0537650433122,0
2500,0.0539510622515,0.0543250331492,0.0541377247883,0
2500,0.0543250331492,0.0547015962894,0.0545129895689,0
2500,0.0547015962894,0.0550807696405,0.0548908555607,0
2500,0.0550807696405,0.0554625712958,0.0552713407944,0
2500,0.0554625712958,0.0558470194737,0.0556544634258,0
2500,0.0558470194737,0.056234132519,0.0560402417364,0
2500,0.056234132519,0.0566239289038,0.0564286941345,0
2500,0.0566239289038,0.0570164272281,0.056819839156,0
2500,0.0570164272281,0.0574116462207,0.0572136954652,0
2500,0.0574116462207,0.0578096047406,0.057610281856,0
2500,0.0578096047406,0.0582103217771,0.0580096172523,0
2500,0.0582103217771,0.0586138164514,0.0584117207093,0
2500,0.0586138164514,0.0590201080172,0.0588166114143,0
2500,0.0590201080172,0.0594292158616,0.0592243086876,0
2500,0.0594292158616,0.059841159506,0.0596348319834,0
2500,0.059841159506,0.0602559586074,0.0600482008908,0
2500,0.0602559586074,0.0606736329589,0.0604644351345,0
2500,0.0606736329589,0.0610942024906,0.0608835545761,0
2500,0.0610942024906,0.061517687271,0.061305579215,0
2500,0.061517687271,0.0619441075077,0.0617305291889,0
2500,0.0619441075077,0.0623734835482,0.0621584247753,0
2500,0.0623734835482,0.0628058358813,0.0625892863921,0
2500,0.0628058358813,0.0632411851376,0.0630231345991,0
2500,0.0632411851376,0.0636795520908,0.0634599900981,0
2500,0.0636795520908,0.0641209576585,0.0638998737348,0
2500,0.0641209576585,0.0645654229035,0.0643428064992,0
2500,0.0645654229035,0.0650129690343,0.0647888095269,0
2500,0.0650129690343,0.0654636174067,0.0652379040998,0
2500,0.0654636174067,0.0659173895244,0.0656901116476,0
2500,0.0659173895244,0.0663743070402,0.0661454537484,0
2500,0.0663743070402,0.0668343917569,0.0666039521298,0
2500,0.0668343917569,0.0672976656284,0.0670656286702,0
2500,0.0672976656284,0.0677641507611,0.0675305053995,0
2500,0.0677641507611,0.0682338694142,0.0679986045003,0
2500,0.0682338694142,0.0687068440014,0.0684699483091,0
2500,0.0687068440014,0.0691830970919,0.0689445593171,0
2500,0.0691830970919,0.0696626514111,0.0694224601714,0
2500,0.0696626514111,0.070145529842,0.0699036736762,0
2500,0.070145529842,0.0706317554263,0.0703882227936,0
2500,0.0706317554263,0.0711213513653,0.0708761306451,0
2500,0.0711213513653,0.0716143410213,0.0713674205122,0
2500,0.0716143410213,0.0721107479183,0.071862115838,0
2500,0.0721107479183,0.0726105957435,0.072360240228,0
2500,0.0726105957435,0.0731139083483,0.0728618174513,0
2500,0.0731139083483,0.0736207097495,0.0733668714418,0
2500,0.0736207097495,0.0741310241301,0.0738754262994,0
2500,0.0741310241301,0.074644875841,0.0743875062908,0
2500,0.074644875841,0.0751622894018,0.0749031358511,0
2500,0.0751622894018,0.0756832895021,0.0754223395848,0
2500,0.0756832895021,0.0762079010025,0.0759451422668,0
2500,0.0762079010025,0.0767361489362,0.0764715688439,0
2500,0.0767361489362,0.0772680585096,0.0770016444357,0
2500,0.0772680585096,0.077803655104,0.077535394336,4.42568634601
2500,0.077803655104,0.0783429642766,0.0780728440138,0
2500,0.0783429642766,0.0788860117619,0.0786140191148,0
2500,0.0788860117619,0.0794328234724,0.0791589454624,0
2500,0.0794328234724,0.0799834255007,0.079707649059,0
2500,0.0799834255007,0.0805378441199,0.0802601560873,0
2500,0.0805378441199,0.0810961057854,0.0808164929113,0
2500,0.0810961057854,0.0816582371359,0.0813766860779,0
2500,0.0816582371359,0.0822242649947,0.081940762318,7.63357757736
2500,0.0822242649947,0.0827942163712,0.0825087485479,0
2500,0.0827942163712,0.083368118462,0.0830806718702,0
2500,0.083368118462,0.0839459986519,0.0836565595756,0
2500,0.0839459986519,0.084527884516,0.0842364391438,0
2500,0.084527884516,0.0851138038202,0.0848203382452,0
2500,0.0851138038202,0.085703784523,0.0854082847419,0
2500,0.085703784523,0.0862978547767,0.0860003066889,0
2500,0.0862978547767,0.0868960429286,0.086596432336,0
2500,0.0868960429286,0.0874983775227,0.0871966901287,0
2500,0.0874983775227,0.0881048873008,0.0878011087097,0
2500,0.0881048873008,0.0887156012038,0.08840971692,0
2500,0.0887156012038,0.0893305483733,0.089022543801,0
2500,0.0893305483733,0.089949758153,0.089639618595,0
2500,0.089949758153,0.0905732600898,0.0902609707471,0
2500,0.0905732600898,0.0912010839356,0.0908866299066,0
2500,0.0912010839356,0.0918332596484,0.0915166259281,0
2500,0.0918332596484,0.0924698173938,0.0921509888735,0
2500,0.0924698173938,0.0931107875468,0.0927897490127,0
2500,0.0931107875468,0.0937562006926,0.0934329368257,0
2500,0.0937562006926,0.0944060876286,0.0940805830037,0
2500,0.0944060876286,0.0950604793656,0.0947327184504,0
2500,0.0950604793656,0.0957194071295,0.0953893742842,0
2500,0.0957194071295,0.0963829023624,0.0960505818387,0
2500,0.0963829023624,0.0970509967245,0.096716372665,0
2500,0.0970509967245,0.0977237220956,0.0973867785329,0
2500,0.0977237220956,0.0984011105761,0.0980618314322,0
2500,0.0984011105761,0.0990831944893,0.0987415635747,0
2500,0.0990831944893,0.0997700063823,0.0994260073953,0
2500,0.0997700063823,0.100461579028,0.100115195554,0
2500,0.100461579028,0.101157945426,0.100809160936,0
2500,0.101157945426,0.101859138805,0.101507936657,0
2500,0.101859138805,0.102565192625,0.10221155606,0
2500,0.102565192625,0.103276140576,0.102920052719,0
2500,0.103276140576,0.103992016583,0.103633460443,0
2500,0.103992016583,0.104712854805,0.104351813273,0
2500,0.104712854805,0.105438689639,0.105075145487,0
2500,0.105438689639,0.10616955572,0.1058034916,0
2500,0.10616955572,0.106905487922,0.106536886367,0
2500,0.106905487922,0.107646521363,0.107275364784,0
2500,0.107646521363,0.108392691402,0.108018962088,0
2500,0.108392691402,0.109144033645,0.108767713763,0
2500,0.109144033645,0.109900583943,0.109521655537,0
2500,0.109900583943,0.110662378398,0.110280823385,0
2500,0.110662378398,0.111429453359,0.111045253533,0
2500,0.111429453359,0.11220184543,0.111814982458,0
2500,0.11220184543,0.112979591467,0.112590046889,0
2500,0.112979591467,0.113762728582,0.113370483811,0
2500,0.113762728582,0.114551294145,0.114156330462,0
2500,0.114551294145,0.115345325782,0.114947624342,0
2500,0.115345325782,0.116144861384,0.115744403209,0
2500,0.116144861384,0.116949939102,0.116546705084,0
2500,0.116949939102,0.117760597352,0.117354568249,0
2500,0.117760597352,0.118576874817,0.118168031254,0
2500,0.118576874817,0.119398810446,0.118987132916,0
2500,0.119398810446,0.120226443462,0.119811912319,0
2500,0.120226443462,0.121059813355,0.12064240882,0
2500,0.121059813355,0.121898959892,0.121478662047,0
2500,0.121898959892,0.122743923116,0.122320711905,0
2500,0.122743923116,0.123594743344,0.123168598574,0
2500,0.123594743344,0.124451461177,0.124022362512,0
2500,0.124451461177,0.125314117494,0.124882044459,0
2500,0.125314117494,0.126182753459,0.125747685437,0
2500,0.126182753459,0.127057410521,0.126619326751,0
2500,0.127057410521,0.127938130416,0.127497009994,0
2500,0.127938130416,0.128824955169,0.128380777047,0
2500,0.128824955169,0.129717927098,0.129270670081,0
2500,0.129717927098,0.130617088813,0.130166731558,0
2500,0.130617088813,0.131522483219,0.131069004237,0
2500,0.131522483219,0.132434153519,0.131977531171,0
2500,0.132434153519,0.133352143216,0.132892355713,0
2500,0.133352143216,0.134276496114,0.133813521515,0
2500,0.134276496114,0.135207256319,0.134741072534,0
2500,0.135207256319,0.136144468247,0.13567505303,0
2500,0.136144468247,0.137088176616,0.136615507569,0
2500,0.137088176616,0.13803842646,0.137562481028,0
2500,0.13803842646,0.138995263121,0.138516018592,0
2500,0.138995263121,0.139958732257,0.139476165764,0
2500,0.139958732257,0.140928879842,0.140442968358,0
2500,0.140928879842,0.141905752169,0.141416472507,0
2500,0.141905752169,0.142889395851,0.142396724665,0
2500,0.142889395851,0.143879857826,0.143383771606,0
2500,0.143879857826,0.144877185354,0.144377660429,0
2500,0.144877185354,0.145881426028,0.145378438561,0
2500,0.145881426028,0.146892627764,0.146386153755,0
2500,0.146892627764,0.147910838817,0.147400854097,0
2500,0.147910838817,0.148936107771,0.148422588006,0
2500,0.148936107771,0.14996848355,0.149451404237,0
2500,0.14996848355,0.151008015416,0.15048735188,0
2500,0.151008015416,0.152054752973,0.15153048037,0
2500,0.152054752973,0.153108746168,0.152580839481,0
2500,0.153108746168,0.154170045295,0.153638479333,0
2500,0.154170045295,0.155238700996,0.154703450395,0
2500,0.155238700996,0.156314764264,0.155775803483,0
2500,0.156314764264,0.157398286447,0.156855589768,0
2500,0.157398286447,0.158489319246,0.157942860774,0
2500,0.158489319246,0.159587914724,0.159037668382,0
2500,0.159587914724,0.160694125301,0.160140064834,0
2500,0.160694125301,0.161808003764,0.161250102734,0
2500,0.161808003764,0.162929603264,0.162367835048,0
2500,0.162929603264,0.16405897732,0.163493315113,0
2500,0.16405897732,0.165196179823,0.164626596633,0
2500,0.165196179823,0.166341265037,0.165767733685,0
2500,0.166341265037,0.167494287603,0.166916780721,0
2500,0.167494287603,0.168655302539,0.168073792571,0
2500,0.168655302539,0.169824365246,0.169238824444,0
2500,0.169824365246,0.171001531509,0.170411931932,0
2500,0.171001531509,0.172186857499,0.171593171012,0
2500,0.172186857499,0.173380399775,0.172782598051,0
2500,0.173380399775,0.174582215292,0.173980269804,0
2500,0.174582215292,0.175792361396,0.175186243421,0
2500,0.175792361396,0.177010895832,0.176400576448,0
2500,0.177010895832,0.178237876745,0.177623326829,0
2500,0.178237876745,0.179473362683,0.178854552911,0
2500,0.179473362683,0.180717412601,0.180094313444,0
2500,0.180717412601,0.181970085861,0.181342667587,0
2500,0.181970085861,0.183231442237,0.182599674907,0
2500,0.183231442237,0.184501541918,0.183865395386,0
2500,0.184501541918,0.185780445509,0.185139889421,0
2500,0.185780445509,0.187068214037,0.186423217825,0
2500,0.187068214037,0.188364908949,0.187715441838,0
2500,0.188364908949,0.189670592121,0.189016623119,0
2500,0.189670592121,0.190985325857,0.190326823758,0
2500,0.190985325857,0.192309172891,0.191646106274,0
2500,0.192309172891,0.193642196395,0.192974533619,0
2500,0.193642196395,0.194984459976,0.194312169183,0
2500,0.194984459976,0.196336027684,0.195659076793,0
2500,0.196336027684,0.197696964011,0.197015320722,0
2500,0.197696964011,0.199067333899,0.198380965684,0
2500,0.199067333899,0.200447202737,0.199756076844,0
2500,0.200447202737,0.201836636368,0.20114071982,0
2500,0.201836636368,0.203235701094,0.202534960682,0
2500,0.203235701094,0.204644463672,0.203938865961,0
2500,0.204644463672,0.206062991327,0.205352502646,0
2500,0.206062991327,0.207491351745,0.206775938192,0
2500,0.207491351745,0.208929613085,0.208209240522,0
2500,0.208929613085,0.210377843977,0.209652478029,0
2500,0.210377843977,0.211836113525,0.211105719581,0
2500,0.211836113525,0.213304491315,0.212569034522,0
2500,0.213304491315,0.214783047413,0.214042492677,0
2500,0.214783047413,0.216271852373,0.215526164357,0
2500,0.216271852373,0.217770977235,0.217020120357,0
2500,0.217770977235,0.219280493535,0.218524431965,0
2500,0.219280493535,0.220800473302,0.220039170964,0
2500,0.220800473302,0.222330989065,0.221564409631,0
2500,0.222330989065,0.223872113857,0.223100220748,0
2500,0.223872113857,0.225423921215,0.224646677599,0
2500,0.225423921215,0.226986485188,0.226203853977,0
2500,0.226986485188,0.228559880338,0.227771824186,0
2500,0.228559880338,0.230144181741,0.229350663045,0
2500,0.230144181741,0.231739464997,0.230940445892,0
2500,0.231739464997,0.233345806228,0.232541248587,0
2500,0.233345806228,0.234963282085,0.234153147517,0
2500,0.234963282085,0.236591969749,0.235776219596,0
2500,0.236591969749,0.238231946936,0.237410542273,0
2500,0.238231946936,0.239883291902,0.239056193534,0
2500,0.239883291902,0.241546083444,0.240713251905,0
2500,0.241546083444,0.243220400907,0.242381796455,0
2500,0.243220400907,0.244906324184,0.244061906804,0
2500,0.244906324184,0.246603933723,0.245753663122,0
2500,0.246603933723,0.24831331053,0.247457146133,0
2500,0.24831331053,0.25003453617,0.249172437125,0
2500,0.25003453617,0.251767692776,0.250899617947,0
2500,0.251767692776,0.25351286305,0.252638771013,0
2500,0.25351286305,0.255270130266,0.254389979313,0
2500,0.255270130266,0.257039578277,0.256153326409,0
2500,0.257039578277,0.258821291515,0.257928896443,0
2500,0.258821291515,0.260615355,0.25971677414,0
2500,0.260615355,0.262421854338,0.261517044814,0
2500,0.262421854338,0.264240875732,0.263329794368,0
2500,0.264240875732,0.26607250598,0.265155109301,0
2500,0.26607250598,0.267916832482,0.266993076713,0
2500,0.267916832482,0.269773943244,0.268843784306,0
2500,0.269773943244,0.271643926884,0.270707320392,0
2500,0.271643926884,0.273526872631,0.272583773893,0
2500,0.273526872631,0.275422870334,0.274473234348,0
2500,0.275422870334,0.277332010465,0.276375791917,0
2500,0.277332010465,0.279254384124,0.278291537385,0
2500,0.279254384124,0.28119008304,0.280220562167,0
2500,0.28119008304,0.28313919958,0.282162958309,0
2500,0.28313919958,0.28510182675,0.284118818498,0
2500,0.28510182675,0.287078058202,0.286088236063,0
2500,0.287078058202,0.289067988237,0.288071304978,0
2500,0.289067988237,0.291071711807,0.290068119869,0
2500,0.291071711807,0.293089324525,0.292078776021,0
2500,0.293089324525,0.295120922667,0.294103369375,0
2500,0.295120922667,0.297166603174,0.296141996539,0
2500,0.297166603174,0.299226463661,0.298194754793,0
2500,0.299226463661,0.301300602419,0.300261742086,0
2500,0.301300602419,0.303389118419,0.302343057051,0
2500,0.303389118419,0.305492111322,0.304438799002,0
2500,0.305492111322,0.307609681474,0.306549067943,0
2500,0.307609681474,0.309741929922,0.308673964568,0
2500,0.309741929922,0.311888958409,0.310813590274,0
2500,0.311888958409,0.314050869388,0.312968047156,0
2500,0.314050869388,0.316227766017,0.31513743802,0
2500,0.316227766017,0.318419752173,0.317321866384,0
2500,0.318419752173,0.320626932451,0.319521436481,0
2500,0.320626932451,0.322849412171,0.32173625327,0
2500,0.322849412171,0.325087297385,0.323966422435,0
2500,0.325087297385,0.327340694879,0.326212050394,0
2500,0.327340694879,0.329609712177,0.328473244303,0
2500,0.329609712177,0.331894457553,0.330750112059,0
2500,0.331894457553,0.334195040026,0.333042762309,0
2500,0.334195040026,0.336511569375,0.335351304451,0
2500,0.336511569375,0.338844156139,0.337675848642,0
2500,0.338844156139,0.341192911622,0.340016505804,0
2500,0.341192911622,0.3435579479,0.342373387626,0
2500,0.3435579479,0.345939377826,0.344746606573,0
2500,0.345939377826,0.348337315036,0.347136275888,0
2500,0.348337315036,0.350751873953,0.349542509599,0
2500,0.350751873953,0.353183169792,0.351965422525,0
2500,0.353183169792,0.355631318569,0.354405130281,0
2500,0.355631318569,0.358096437103,0.356861749283,0
2500,0.358096437103,0.360578643022,0.359335396755,0
2500,0.360578643022,0.36307805477,0.361826190732,0
2500,0.36307805477,0.365594791613,0.364334250068,0
2500,0.365594791613,0.368128973643,0.366859694441,0
2500,0.368128973643,0.370680721783,0.369402644358,0
2500,0.370680721783,0.373250157796,0.371963221162,0
2500,0.373250157796,0.375837404288,0.374541547036,0
2500,0.375837404288,0.378442584717,0.377137745011,0
2500,0.378442584717,0.381065823394,0.379751938971,0
2500,0.381065823394,0.383707245492,0.382384253658,0
2500,0.383707245492,0.386366977054,0.385034814679,0
2500,0.386366977054,0.389045144994,0.38770374851,0
2500,0.389045144994,0.391741877108,0.390391182508,0
2500,0.391741877108,0.394457302075,0.393097244907,0
2500,0.394457302075,0.397191549469,0.395822064836,0
2500,0.397191549469,0.399944749761,0.398565772313,0
2500,0.399944749761,0.402717034325,0.401328498263,0
2500,0.402717034325,0.405508535448,0.404110374513,0
2500,0.405508535448,0.408319386333,0.406911533809,0
2500,0.408319386333,0.411149721105,0.409732109814,0
2500,0.411149721105,0.41399967482,0.412572237117,0
2500,0.41399967482,0.41686938347,0.415432051242,0
2500,0.41686938347,0.419758983991,0.418311688651,0
2500,0.419758983991,0.422668614266,0.421211286754,0
2500,0.422668614266,0.425598413134,0.42413098391,0
2500,0.425598413134,0.428548520397,0.427070919441,0
2500,0.428548520397,0.431519076828,0.430031233631,0
2500,0.431519076828,0.434510224172,0.433012067738,0
2500,0.434510224172,0.437522105158,0.436013564,0
2500,0.437522105158,0.440554863507,0.439035865641,0
2500,0.440554863507,0.443608643931,0.442079116876,0
2500,0.443608643931,0.446683592151,0.44514346292,0
2500,0.446683592151,0.449779854893,0.448229049997,0
2500,0.449779854893,0.452897579904,0.451336025341,0
2500,0.452897579904,0.456036915951,0.45446453721,0
2500,0.456036915951,0.459198012837,0.457614734886,0
2500,0.459198012837,0.462381021399,0.46078676869,0
2500,0.462381021399,0.465586093523,0.463980789982,0
2500,0.465586093523,0.468813382145,0.467196951172,0
2500,0.468813382145,0.472063041264,0.470435405726,0
2500,0.472063041264,0.475335225943,0.473696308175,0
2500,0.475335225943,0.478630092323,0.476979814119,0
2500,0.478630092323,0.481947797625,0.48028608024,0
2500,0.481947797625,0.485288500162,0.483615264302,0
2500,0.485288500162,0.488652359343,0.486967525166,0
2500,0.488652359343,0.492039535681,0.490343022792,0
2500,0.492039535681,0.495450190805,0.49374191825,0
2500,0.495450190805,0.49888448746,0.497164373725,0
2500,0.49888448746,0.502342589522,0.500610552529,0
2500,0.502342589522,0.505824662003,0.504080619103,0
2500,0.505824662003,0.509330871057,0.507574739029,0
2500,0.509330871057,0.512861383991,0.511093079037,0
2500,0.512861383991,0.516416369272,0.514635807014,0
2500,0.516416369272,0.519995996534,0.518203092007,0
2500,0.519995996534,0.523600436586,0.521795104239,0
2500,0.523600436586,0.527229861423,0.52541201511,0
2500,0.527229861423,0.530884444231,0.52905399721,0
2500,0.530884444231,0.534564359397,0.532721224323,0
2500,0.534564359397,0.538269782516,0.53641387144,0
2500,0.538269782516,0.542000890402,0.540132114765,0
2500,0.542000890402,0.545757861091,0.54387613172,0
2500,0.545757861091,0.549540873858,0.547646100962,0
2500,0.549540873858,0.553350109216,0.551442202382,0
2500,0.553350109216,0.557185748932,0.55526461712,0
2500,0.557185748932,0.561047976032,0.559113527571,0
2500,0.561047976032,0.564936974812,0.562989117394,0
2500,0.564936974812,0.568852930844,0.566891571523,0
2500,0.568852930844,0.572796030986,0.570821076172,0
2500,0.572796030986,0.576766463392,0.574777818846,0
2500,0.576766463392,0.580764417521,0.578761988349,0
2500,0.580764417521,0.584790084144,0.582773774796,0
2500,0.584790084144,0.588843655356,0.586813369619,0
2500,0.588843655356,0.59292532458,0.590880965575,0
2500,0.59292532458,0.597035286584,0.594976756759,0
2500,0.597035286584,0.601173737483,0.599100938611,0
2500,0.601173737483,0.605340874754,0.603253707927,0
2500,0.605340874754,0.60953689724,0.607435262864,0
2500,0.60953689724,0.613762005165,0.611645802955,0
2500,0.613762005165,0.618016400138,0.615885529115,0
2500,0.618016400138,0.622300285169,0.620154643654,0
2500,0.622300285169,0.626613864672,0.624453350281,0
2500,0.626613864672,0.63095734448,0.628781854118,0
2500,0.63095734448,0.635330931852,0.633140361711,0
2500,0.635330931852,0.639734835483,0.637529081035,0
2500,0.639734835483,0.644169265515,0.641948221508,0
2500,0.644169265515,0.648634433548,0.646397994,0
2500,0.648634433548,0.653130552647,0.65087861084,0
2500,0.653130552647,0.657657837355,0.655390285833,0
2500,0.657657837355,0.662216503702,0.659933234264,0
2500,0.662216503702,0.666806769214,0.664507672908,0
2500,0.666806769214,0.671428852926,0.669113820046,0
2500,0.671428852926,0.676082975392,0.673751895471,0
2500,0.676082975392,0.680769358694,0.678422120498,0
2500,0.680769358694,0.685488226453,0.683124717979,0
2500,0.685488226453,0.69023980384,0.687859912309,0
2500,0.69023980384,0.695024317589,0.692627929437,0
2500,0.695024317589,0.699841996002,0.697428996882,0
2500,0.699841996002,0.704693068967,0.702263343736,0
2500,0.704693068967,0.709577767963,0.707131200681,0
2500,0.709577767963,0.714496326076,0.712032799999,0
2500,0.714496326076,0.719448978004,0.71696837558,0
2500,0.719448978004,0.724435960075,0.721938162937,0
2500,0.724435960075,0.729457510255,0.726942399214,0
2500,0.729457510255,0.734513868157,0.7319813232,0
2500,0.734513868157,0.739605275058,0.737055175338,0
2500,0.739605275058,0.744731973906,0.742164197739,0
2500,0.744731973906,0.749894209332,0.747308634191,0
2500,0.749894209332,0.755092227665,0.752488730174,0
2500,0.755092227665,0.76032627694,0.757704732866,0
2500,0.76032627694,0.765596606911,0.762956891162,0
2500,0.765596606911,0.770903469064,0.768245455679,0
2500,0.770903469064,0.776247116629,0.773570678775,0
2500,0.776247116629,0.781627804588,0.778932814554,0
2500,0.781627804588,0.787045789695,0.784332118882,0
2500,0.787045789695,0.79250133048,0.7897688494,0
2500,0.79250133048,0.797994687268,0.795243265533,0
2500,0.797994687268,0.803526122186,0.800755628507,0
2500,0.803526122186,0.809095899178,0.806306201355,0
2500,0.809095899178,0.814704284021,0.811895248936,0
2500,0.814704284021,0.82035154433,0.817523037944,0
2500,0.82035154433,0.826037949577,0.823189836921,0
2500,0.826037949577,0.831763771103,0.828895916273,0
2500,0.831763771103,0.837529282127,0.834641548277,0
2500,0.837529282127,0.843334757764,0.8404270071,0
2500,0.843334757764,0.849180475036,0.846252568807,0
2500,0.849180475036,0.855066712885,0.852118511379,0
2500,0.855066712885,0.860993752185,0.858025114723,0
2500,0.860993752185,0.866961875758,0.863972660684,0
2500,0.866961875758,0.872971368388,0.869961433065,0
2500,0.872971368388,0.879022516831,0.875991717633,0
2500,0.879022516831,0.885115609831,0.882063802137,0
2500,0.885115609831,0.891250938134,0.888177976319,0
2500,0.891250938134,0.897428794501,0.894334531933,0
2500,0.897428794501,0.903649473722,0.900533762751,0
2500,0.903649473722,0.909913272632,0.906775964584,0
2500,0.909913272632,0.916220490122,0.913061435293,0
2500,0.916220490122,0.922571427155,0.919390474804,0
2500,0.922571427155,0.92896638678,0.925763385121,0
2500,0.92896638678,0.935405674148,0.932180470342,0
2500,0.935405674148,0.941889596523,0.938642036672,0
2500,0.941889596523,0.948418463301,0.945148392441,0
2500,0.948418463301,0.954992586021,0.951699848113,0
2500,0.954992586021,0.961612278384,0.958296716306,0
2500,0.961612278384,0.968277856261,0.964939311806,0
2500,0.968277856261,0.974989637717,0.971627951577,0
2500,0.974989637717,0.98174794302,0.978362954785,0
2500,0.98174794302,0.988553094657,0.985144642804,0
2500,0.988553094657,0.995405417352,0.991973339239,0
2500,0.995405417352,1.00230523808,0.998849369937,0
2500,1.00230523808,1.00925288608,1.005773063,0
2500,1.00925288608,1.01624869287,1.01274474881,0
2500,1.01624869287,1.02329299228,1.01976476004,0
2500,1.02329299228,1.03038612044,1.02683343167,0
2500,1.03038612044,1.03752841582,1.03395110098,0
2500,1.03752841582,1.04472021922,1.04111810762,0
2500,1.04472021922,1.05196187382,1.04833479358,0
2500,1.05196187382,1.05925372518,1.05560150322,0
2500,1.05925372518,1.06659612123,1.06291858328,0
2500,1.06659612123,1.07398941234,1.07028638291,0
2500,1.07398941234,1.0814339513,1.07770525369,0
2500,1.0814339513,1.08893009333,1.08517554963,0
2500,1.08893009333,1.09647819614,1.09269762719,0
2500,1.09647819614,1.1040786199,1.1002718453,0
2500,1.1040786199,1.11173172728,1.10789856537,0
2500,1.11173172728,1.11943788347,1.11557815135,0
2500,1.11943788347,1.12719745618,1.12331096967,0
2500,1.12719745618,1.13501081567,1.13109738933,0
2500,1.13501081567,1.14287833479,1.13893778188,0
2500,1.14287833479,1.15080038894,1.14683252142,0
2500,1.15080038894,1.15877735616,1.15478198469,0
2500,1.15877735616,1.16680961706,1.162786551,0
2500,1.16680961706,1.17489755494,1.17084660232,0
2500,1.17489755494,1.18304155573,1.17896252324,0
2500,1.18304155573,1.19124200803,1.18713470104,0
2500,1.19124200803,1.19949930315,1.19536352567,0
2500,1.19949930315,1.20781383511,1.20364938979,0
2500,1.20781383511,1.21618600065,1.21199268877,0
2500,1.21618600065,1.22461619927,1.22039382074,0
2500,1.22461619927,1.23310483323,1.22885318658,0
2500,1.23310483323,1.24165230759,1.23737118994,0
2500,1.24165230759,1.25025903022,1.24594823727,0
2500,1.25025903022,1.25892541179,1.25458473786,0
2500,1.25892541179,1.26765186586,1.26328110381,0
2500,1.26765186586,1.27643880881,1.27203775009,0
2500,1.27643880881,1.28528665994,1.28085509454,0
2500,1.28528665994,1.29419584145,1.2897335579,0
2500,1.29419584145,1.30316677845,1.29867356383,0
2500,1.30316677845,1.31219989902,1.30767553892,0
2500,1.31219989902,1.32129563419,1.31673991272,0
2500,1.32129563419,1.33045441798,1.32586711776,0
2500,1.33045441798,1.33967668743,1.33505758956,0
2500,1.33967668743,1.34896288259,1.34431176667,0
2500,1.34896288259,1.35831344659,1.35363009067,0
2500,1.35831344659,1.3677288256,1.36301300621,0
2500,1.3677288256,1.37720946889,1.37246096101,0
2500,1.37720946889,1.38675582887,1.3819744059,0
2500,1.38675582887,1.39636836106,1.39155379484,0
2500,1.39636836106,1.40604752413,1.40119958494,0
2500,1.40604752413,1.41579377996,1.41091223646,0
2500,1.41579377996,1.4256075936,1.42069221286,0
2500,1.4256075936,1.43548943335,1.43053998082,0
2500,1.43548943335,1.44543977075,1.44045601025,0
2500,1.44543977075,1.45545908058,1.4504407743,0
2500,1.45545908058,1.46554784096,1.46049474944,0
2500,1.46554784096,1.47570653328,1.4706184154,0
2500,1.47570653328,1.48593564229,1.48081225527,0
2500,1.48593564229,1.49623565609,1.49107675545,0
2500,1.49623565609,1.50660706619,1.50141240575,0
2500,1.50660706619,1.51705036746,1.51181969936,0
2500,1.51705036746,1.52756605824,1.52229913288,0
2500,1.52756605824,1.5381546403,1.53285120636,0
2500,1.5381546403,1.54881661891,1.54347642332,0
2500,1.54881661891,1.55955250283,1.55417529077,0
2500,1.55955250283,1.57036280433,1.56494831922,0
2500,1.57036280433,1.58124803927,1.57579602274,0
2500,1.58124803927,1.59220872705,1.58671891895,0
2500,1.59220872705,1.60324539069,1.59771752906,0
2500,1.60324539069,1.61435855683,1.60879237789,0
2500,1.61435855683,1.62554875575,1.6199439939,0
2500,1.62554875575,1.63681652143,1.63117290923,0
2500,1.63681652143,1.64816239153,1.64247965967,0
2500,1.64816239153,1.65958690744,1.65386478477,0
2500,1.65958690744,1.67109061431,1.66532882779,0
2500,1.67109061431,1.68267406107,1.67687233575,0
2500,1.68267406107,1.69433780045,1.68849585949,0
2500,1.69433780045,1.706082389,1.70019995364,0
2500,1.706082389,1.71790838716,1.7119851767,0
2500,1.71790838716,1.72981635922,1.72385209103,0
2500,1.72981635922,1.74180687339,1.73580126287,0
2500,1.74180687339,1.75388050184,1.74783326242,0
2500,1.75388050184,1.76603782069,1.7599486638,0
2500,1.76603782069,1.77827941004,1.77214804514,0
2500,1.77827941004,1.79060585404,1.78443198854,0
2500,1.79060585404,1.80301774086,1.79680108017,0
2500,1.80301774086,1.81551566277,1.80925591025,0
2500,1.81551566277,1.82810021614,1.82179707309,0
2500,1.82810021614,1.84077200147,1.83442516712,0
2500,1.84077200147,1.85353162341,1.84714079491,0
2500,1.85353162341,1.86637969083,1.85994456322,0
2500,1.86637969083,1.8793168168,1.87283708302,0
2500,1.8793168168,1.89234361864,1.88581896949,0
2500,1.89234361864,1.90546071796,1.8988908421,0
2500,1.90546071796,1.91866874067,1.9120533246,0
2500,1.91866874067,1.93196831702,1.92530704508,0
2500,1.93196831702,1.94536008162,1.93865263595,0
2500,1.94536008162,1.95884467351,1.95209073404,0
2500,1.95884467351,1.97242273611,1.96562198058,0
2500,1.97242273611,1.98609491736,1.97924702124,0
2500,1.98609491736,1.99986186963,1.99296650616,0
2500,1.99986186963,2.01372424986,2.00678109002,0
2500,2.01372424986,2.02768271952,2.02069143199,0
2500,2.02768271952,2.04173794467,2.03469819585,0
2500,2.04173794467,2.05589059598,2.04880204996,0
2500,2.05589059598,2.07014134879,2.06300366731,0
2500,2.07014134879,2.0844908831,2.07730372557,0
2500,2.0844908831,2.09893988362,2.0917029071,0
2500,2.09893988362,2.11348903984,2.10620189899,0
2500,2.11348903984,2.12813904598,2.12080139309,0
2500,2.12813904598,2.14289060112,2.13550208605,0
2500,2.14289060112,2.15774440915,2.15030467934,0
2500,2.15774440915,2.17270117886,2.16520987931,0
2500,2.17270117886,2.18776162395,2.18021839719,0
2500,2.18776162395,2.20292646305,2.19533094914,0
2500,2.20292646305,2.2181964198,2.2105482563,0
2500,2.2181964198,2.23357222283,2.22587104479,0
2500,2.23357222283,2.24905460584,2.24130004578,0
2500,2.24905460584,2.26464430759,2.2568359955,0
2500,2.26464430759,2.280342072,2.27247963527,0
2500,2.280342072,2.29614864811,2.28823171158,0
2500,2.29614864811,2.31206479018,2.30409297606,0
2500,2.31206479018,2.32809125767,2.32006418557,0
2500,2.32809125767,2.34422881532,2.33614610222,0
2500,2.34422881532,2.36047823318,2.35233949339,0
2500,2.36047823318,2.37684028662,2.36864513178,0
2500,2.37684028662,2.39331575641,2.38506379547,0
2500,2.39331575641,2.40990542869,2.40159626789,0
2500,2.40990542869,2.42661009508,2.41824333793,0
2500,2.42661009508,2.44343055269,2.43500579995,0
2500,2.44343055269,2.46036760415,2.45188445381,0
2500,2.46036760415,2.47742205763,2.46888010491,0
2500,2.47742205763,2.49459472694,2.48599356423,0
2500,2.49459472694,2.51188643151,2.50322564838,0
2500,2.51188643151,2.52929799645,2.52057717964,0
2500,2.52929799645,2.54683025259,2.53804898596,0
2500,2.54683025259,2.56448403652,2.55564190106,0
2500,2.56448403652,2.58226019063,2.57335676443,0
2500,2.58226019063,2.60015956317,2.59119442135,0
2500,2.60015956317,2.61818300822,2.60915572301,0
2500,2.61818300822,2.63633138583,2.62724152647,0
2500,2.63633138583,2.65460556198,2.64545269472,0
2500,2.65460556198,2.67300640866,2.66379009677,0
2500,2.67300640866,2.69153480393,2.68225460761,0
2500,2.69153480393,2.71019163189,2.70084710832,0
2500,2.71019163189,2.72897778281,2.7195684861,0
2500,2.72897778281,2.7478941531,2.73841963426,0
2500,2.7478941531,2.76694164541,2.75740145235,0
2500,2.76694164541,2.78612116863,2.77651484611,0
2500,2.78612116863,2.80543363795,2.79576072758,0
2500,2.80543363795,2.82487997492,2.81514001513,0
2500,2.82487997492,2.84446110745,2.83465363349,0
2500,2.84446110745,2.86417796991,2.85430251379,0
2500,2.86417796991,2.88403150313,2.87408759362,0
2500,2.88403150313,2.90402265446,2.89400981707,0
2500,2.90402265446,2.92415237784,2.91407013477,0
2500,2.92415237784,2.9444216338,2.93426950396,0
2500,2.9444216338,2.96483138952,2.95460888848,0
2500,2.96483138952,2.98538261892,2.97508925888,0
2500,2.98538261892,3.00607630263,2.99571159243,0
2500,3.00607630263,3.0269134281,3.01647687316,0
2500,3.0269134281,3.04789498963,3.03738609195,0
2500,3.04789498963,3.06902198839,3.05844024651,0
2500,3.06902198839,3.09029543251,3.0796403415,0
2500,3.09029543251,3.11171633711,3.10098738853,0
2500,3.11171633711,3.13328572432,3.12248240622,0
2500,3.13328572432,3.15500462337,3.14412642026,0
2500,3.15500462337,3.17687407065,3.16592046343,0
2500,3.17687407065,3.19889510969,3.1878655757,0
2500,3.19889510969,3.22106879128,3.20996280421,0
2500,3.22106879128,3.24339617349,3.2322132034,0
2500,3.24339617349,3.26587832172,3.25461783498,0
2500,3.26587832172,3.28851630876,3.27717776805,0
2500,3.28851630876,3.31131121483,3.29989407911,0
2500,3.31131121483,3.33426412763,3.32276785211,0
2500,3.33426412763,3.35737614243,3.34580017853,0
2500,3.35737614243,3.38064836206,3.36899215741,0
2500,3.38064836206,3.40408189701,3.39234489541,0
2500,3.40408189701,3.42767786546,3.41585950686,0
2500,3.42767786546,3.45143739336,3.43953711381,0
2500,3.45143739336,3.47536161443,3.46337884608,0
2500,3.47536161443,3.49945167028,3.48738584135,0
2500,3.49945167028,3.52370871042,3.51155924516,0
2500,3.52370871042,3.54813389234,3.535900211,0
2500,3.54813389234,3.57272838152,3.56040990036,0
2500,3.57272838152,3.59749335156,3.58508948277,0
2500,3.59749335156,3.62242998417,3.60994013586,0
2500,3.62242998417,3.64753946926,3.63496304546,0
2500,3.64753946926,3.67282300498,3.66015940558,0
2500,3.67282300498,3.6982817978,3.68553041852,0
2500,3.6982817978,3.72391706255,3.71107729493,0
2500,3.72391706255,3.74973002245,3.73680125382,0
2500,3.74973002245,3.77572190925,3.76270352268,0
2500,3.77572190925,3.80189396321,3.78878533748,0
2500,3.80189396321,3.82824743317,3.81504794279,0
2500,3.82824743317,3.85478357666,3.84149259179,0
2500,3.85478357666,3.88150365991,3.86812054633,0
2500,3.88150365991,3.90840895792,3.89493307704,0
2500,3.90840895792,3.93550075456,3.92193146333,0
2500,3.93550075456,3.96278034255,3.94911699349,0
2500,3.96278034255,3.99024902362,3.97649096475,0
2500,3.99024902362,4.01790810849,4.00405468331,0
2500,4.01790810849,4.04575891697,4.03180946443,0
2500,4.04575891697,4.07380277804,4.05975663252,0
2500,4.07380277804,4.10204102987,4.08789752111,0
2500,4.10204102987,4.1304750199,4.11623347303,0
2500,4.1304750199,4.15910610494,4.14476584038,0
2500,4.15910610494,4.18793565118,4.17349598465,0
2500,4.18793565118,4.21696503429,4.20242527677,0
2500,4.21696503429,4.24619563946,4.23155509717,0
2500,4.24619563946,4.27562886152,4.26088683583,0
2500,4.27562886152,4.30526610492,4.29042189239,0
2500,4.30526610492,4.33510878388,4.32016167618,0
2500,4.33510878388,4.3651583224,4.35010760631,0
2500,4.3651583224,4.39541615438,4.3802611117,0
2500,4.39541615438,4.42588372363,4.41062363121,0
2500,4.42588372363,4.45656248398,4.44119661366,0
2500,4.45656248398,4.48745389933,4.47198151789,0
2500,4.48745389933,4.51855944375,4.50297981288,0
2500,4.51855944375,4.5498806015,4.53419297779,0
2500,4.5498806015,4.58141886715,4.56562250202,0
2500,4.58141886715,4.6131757456,4.59726988531,0
2500,4.6131757456,4.64515275223,4.62913663778,0
2500,4.64515275223,4.67735141287,4.66122428002,0
2500,4.67735141287,4.70977326397,4.69353434317,0
2500,4.70977326397,4.7424198526,4.72606836898,0
2500,4.7424198526,4.77529273658,4.75882790989,0
2500,4.77529273658,4.8083934845,4.79181452908,0
2500,4.8083934845,4.84172367584,4.8250298006,0
2500,4.84172367584,4.87528490103,4.85847530937,0
2500,4.87528490103,4.90907876153,4.89215265134,0
2500,4.90907876153,4.94310686987,4.9260634335,0
2500,4.94310686987,4.97737084979,4.96020927396,0
2500,4.97737084979,5.01187233627,4.99459180208,0
2500,5.01187233627,5.04661297564,5.0292126585,0
2500,5.04661297564,5.08159442561,5.06407349524,0
2500,5.08159442561,5.1168183554,5.09917597575,0
2500,5.1168183554,5.15228644582,5.13452177503,0
2500,5.15228644582,5.18800038929,5.17011257969,0
2500,5.18800038929,5.22396188999,5.20595008802,0
2500,5.22396188999,5.26017266391,5.24203601008,0
2500,5.26017266391,5.29663443892,5.27837206782,0
2500,5.29663443892,5.33334895488,5.31495999507,0
2500,5.33334895488,5.3703179637,5.35180153771,0
2500,5.3703179637,5.40754322946,5.38889845373,0
2500,5.40754322946,5.44502652842,5.42625251329,0
2500,5.44502652842,5.48276964921,5.46386549882,0
2500,5.48276964921,5.52077439281,5.50173920511,0
2500,5.52077439281,5.5590425727,5.53987543939,0
2500,5.5590425727,5.59757601495,5.57827602141,0
2500,5.59757601495,5.63637655826,5.61694278356,0
2500,5.63637655826,5.67544605409,5.65587757089,0
2500,5.67544605409,5.71478636672,5.69508224128,0
2500,5.71478636672,5.75439937337,5.73455866546,0
2500,5.75439937337,5.79428696427,5.77430872714,0
2500,5.79428696427,5.83445104274,5.81433432308,0
2500,5.83445104274,5.8748935253,5.85463736321,0
2500,5.8748935253,5.91561634175,5.89521977065,0
2500,5.91561634175,5.95662143529,5.93608348191,0
2500,5.95662143529,5.99791076256,5.97723044689,0
2500,5.99791076256,6.03948629376,6.018662629,0
2500,6.03948629376,6.08135001279,6.06038200527,0
2500,6.08135001279,6.12350391725,6.10239056645,0
2500,6.12350391725,6.16595001861,6.14469031706,0
2500,6.16595001861,6.2086903423,6.18728327553,0
2500,6.2086903423,6.25172692776,6.23017147429,0
2500,6.25172692776,6.29506182857,6.27335695984,0
2500,6.29506182857,6.33869711257,6.31684179288,0
2500,6.33869711257,6.38263486191,6.36062804837,0
2500,6.38263486191,6.42687717317,6.40471781569,0
2500,6.42687717317,6.47142615749,6.44911319868,0
2500,6.47142615749,6.51628394061,6.49381631576,0
2500,6.51628394061,6.56145266303,6.53882930005,0
2500,6.56145266303,6.60693448008,6.58415429943,0
2500,6.60693448008,6.65273156202,6.62979347671,0
2500,6.65273156202,6.69884609417,6.67574900964,0
2500,6.69884609417,6.74528027698,6.72202309112,0
2500,6.74528027698,6.79203632617,6.7686179292,0
2500,6.79203632617,6.83911647281,6.81553574727,0
2500,6.83911647281,6.88652296344,6.86277878411,0
2500,6.88652296344,6.93425806017,6.91034929405,0
2500,6.93425806017,6.98232404077,6.95824954701,0
2500,6.98232404077,7.03072319884,7.00648182865,0
2500,7.03072319884,7.07945784384,7.05504844051,0
2500,7.07945784384,7.12853030127,7.10395170003,0
2500,7.12853030127,7.17794291271,7.15319394075,0
2500,7.17794291271,7.22769803602,7.20277751238,0
2500,7.22769803602,7.27779804537,7.25270478091,0
2500,7.27779804537,7.32824533139,7.30297812873,0
2500,7.32824533139,7.37904230129,7.35359995475,0
2500,7.37904230129,7.43019137897,7.40457267451,0
2500,7.43019137897,7.48169500511,7.45589872028,0
2500,7.48169500511,7.53355563734,7.5075805412,0
2500,7.53355563734,7.58577575029,7.55962060339,0
2500,7.58577575029,7.63835783578,7.61202139006,0
2500,7.63835783578,7.69130440287,7.66478540163,0
2500,7.69130440287,7.74461797803,7.71791515585,0
2500,7.74461797803,7.79830110523,7.77141318794,0
2500,7.79830110523,7.8523563461,7.82528205067,0
2500,7.8523563461,7.90678628,7.87952431451,0
2500,7.90678628,7.96159350417,7.93414256777,0
2500,7.96159350417,8.01678063388,7.98913941667,0
2500,8.01678063388,8.07235030249,8.04451748552,0
2500,8.07235030249,8.12830516164,8.1002794168,0
2500,8.12830516164,8.18464788135,8.15642787133,0
2500,8.18464788135,8.24138115013,8.21296552835,0
2500,8.24138115013,8.29850767514,8.26989508568,0
2500,8.29850767514,8.35603018231,8.32721925985,0
2500,8.35603018231,8.41395141645,8.38494078622,0
2500,8.41395141645,8.47227414141,8.44306241909,0
2500,8.47227414141,8.53100114018,8.50158693187,0
2500,8.53100114018,8.59013521505,8.5605171172,0
2500,8.59013521505,8.64967918776,8.61985578706,0
2500,8.64967918776,8.70963589956,8.67960577292,0
2500,8.70963589956,8.77000821144,8.73976992591,0
2500,8.77000821144,8.83079900419,8.80035111687,0
2500,8.83079900419,8.89201117858,8.86135223659,0
2500,8.89201117858,8.9536476555,8.92277619588,0
2500,8.9536476555,9.01571137606,8.98462592571,0
2500,9.01571137606,9.07820530178,9.04690437738,0
2500,9.07820530178,9.1411324147,9.10961452266,0
2500,9.1411324147,9.20449571753,9.1727593539,0
2500,9.20449571753,9.26829823379,9.2363418842,0
2500,9.26829823379,9.33254300797,9.30036514754,0
2500,9.33254300797,9.39723310565,9.36483219894,0
2500,9.39723310565,9.46237161366,9.4297461146,0
2500,9.46237161366,9.52796164024,9.49510999202,0
2500,9.52796164024,9.59400631516,9.5609269502,0
2500,9.59400631516,9.6605087899,9.62720012973,0
2500,9.6605087899,9.72747223777,9.693932693,0
2500,9.72747223777,9.79489985409,9.7611278243,0
2500,9.79489985409,9.86279485631,9.82878873,0
2500,9.86279485631,9.93116048421,9.89691863869,0
2500,9.93116048421,10,9.96552080135,0
2700,0.01,0.0100693166885,0.0100345984915,0
2700,0.0100693166885,0.0101391138574,0.0101041550053,0
2700,0.0101391138574,0.0102093948371,0.0101741936618,0
2700,0.0102093948371,0.0102801629813,0.0102447178031,0
2700,0.0102801629813,0.0103514216668,0.0103157307944,0
2700,0.0103514216668,0.0104231742939,0.0103872360242,0
2700,0.0104231742939,0.0104954242865,0.0104592369046,0
2700,0.0104954242865,0.0105681750921,0.0105317368713,0
2700,0.0105681750921,0.0106414301822,0.0106047393837,0
2700,0.0106414301822,0.0107151930524,0.0106782479254,0
2700,0.0107151930524,0.0107894672223,0.0107522660039,0
2700,0.0107894672223,0.0108642562362,0.0108267971513,0
2700,0.0108642562362,0.0109395636627,0.0109018449239,0
2700,0.0109395636627,0.0110153930954,0.0109774129027,0
2700,0.0110153930954,0.0110917481526,0.0110535046938,0
2700,0.0110917481526,0.0111686324778,0.011130123928,0
2700,0.0111686324778,0.0112460497397,0.0112072742614,0
2700,0.0112460497397,0.0113240036324,0.0112849593753,0
2700,0.0113240036324,0.0114024978756,0.0113631829767,0
2700,0.0114024978756,0.011481536215,0.0114419487982,0
2700,0.011481536215,0.0115611224219,0.0115212605983,0
2700,0.0115611224219,0.0116412602941,0.0116011221615,0
2700,0.0116412602941,0.0117219536555,0.0116815372986,0
2700,0.0117219536555,0.0118032063565,0.0117625098468,0
2700,0.0118032063565,0.0118850222744,0.01184404367,0
2700,0.0118850222744,0.0119674053131,0.0119261426586,0
2700,0.0119674053131,0.0120503594037,0.0120088107301,0
2700,0.0120503594037,0.0121338885046,0.0120920518294,0
2700,0.0121338885046,0.0122179966016,0.0121758699285,0
2700,0.0122179966016,0.0123026877081,0.0122602690268,0
2700,0.0123026877081,0.0123879658653,0.0123452531517,0
2700,0.0123879658653,0.0124738351424,0.0124308263584,0
2700,0.0124738351424,0.0125602996369,0.0125169927303,0
2700,0.0125602996369,0.0126473634747,0.0126037563789,0
2700,0.0126473634747,0.0127350308102,0.0126911214445,0
2700,0.0127350308102,0.0128233058266,0.0127790920957,0
2700,0.0128233058266,0.0129121927361,0.0128676725303,0
2700,0.0129121927361,0.0130016957803,0.0129568669752,0
2700,0.0130016957803,0.01309181923,0.0130466796864,0
2700,0.01309181923,0.0131825673856,0.0131371149496,0
2700,0.0131825673856,0.0132739445773,0.0132281770801,0
2700,0.0132739445773,0.0133659551655,0.0133198704231,0
2700,0.0133659551655,0.0134586035406,0.0134121993541,0
2700,0.0134586035406,0.0135518941235,0.0135051682786,0
2700,0.0135518941235,0.0136458313659,0.0135987816328,0
2700,0.0136458313659,0.0137404197501,0.0136930438839,0
2700,0.0137404197501,0.0138356637897,0.0137879595297,0
2700,0.0138356637897,0.0139315680295,0.0138835330993,0
2700,0.0139315680295,0.0140281370456,0.0139797691532,0
2700,0.0140281370456,0.0141253754462,0.0140766722836,0
2700,0.0141253754462,0.0142232878712,0.0141742471144,0
2700,0.0142232878712,0.0143218789927,0.0142724983016,0
2700,0.0143218789927,0.0144211535152,0.0143714305336,0
2700,0.0144211535152,0.0145211161759,0.0144710485309,0
2700,0.0145211161759,0.0146217717446,0.0145713570473,0
2700,0.0146217717446,0.0147231250243,0.0146723608691,0
2700,0.0147231250243,0.0148251808515,0.0147740648159,0
2700,0.0148251808515,0.0149279440958,0.0148764737408,0
2700,0.0149279440958,0.0150314196609,0.0149795925304,0
2700,0.0150314196609,0.0151356124844,0.0150834261054,0
2700,0.0151356124844,0.015240527538,0.0151879794203,0
2700,0.015240527538,0.015346169828,0.0152932574642,0
2700,0.015346169828,0.0154525443954,0.0153992652606,0
2700,0.0154525443954,0.0155596563161,0.0155060078679,0
2700,0.0155596563161,0.0156675107011,0.0156134903797,0
2700,0.0156675107011,0.015776112697,0.0157217179246,0
2700,0.015776112697,0.015885467486,0.0158306956671,0
2700,0.015885467486,0.0159955802861,0.0159404288071,0
2700,0.0159955802861,0.0161064563518,0.016050922581,0
2700,0.0161064563518,0.0162181009736,0.0161621822611,0
2700,0.0162181009736,0.0163305194789,0.0162742131564,0
2700,0.0163305194789,0.0164437172321,0.0163870206128,0
2700,0.0164437172321,0.0165576996347,0.0165006100132,0
2700,0.0165576996347,0.0166724721255,0.0166149867777,0
2700,0.0166724721255,0.0167880401812,0.016730156364,0
2700,0.0167880401812,0.0169044093164,0.0168461242677,0
2700,0.0169044093164,0.0170215850839,0.0169628960226,0
2700,0.0170215850839,0.0171395730751,0.0170804772006,0
2700,0.0171395730751,0.0172583789199,0.0171988734124,0
2700,0.0172583789199,0.0173780082875,0.0173180903075,0
2700,0.0173780082875,0.0174984668862,0.0174381335747,0
2700,0.0174984668862,0.0176197604641,0.017559008942,0
2700,0.0176197604641,0.0177418948089,0.0176807221773,0
2700,0.0177418948089,0.0178648757485,0.0178032790885,0
2700,0.0178648757485,0.0179887091513,0.0179266855237,0
2700,0.0179887091513,0.0181134009262,0.0180509473713,0
2700,0.0181134009262,0.0182389570232,0.018176070561,0
2700,0.0182389570232,0.0183653834335,0.0183020610631,0
2700,0.0183653834335,0.0184926861898,0.0184289248897,0
2700,0.0184926861898,0.0186208713666,0.0185566680943,0
2700,0.0186208713666,0.0187499450807,0.0186852967726,0
2700,0.0187499450807,0.018879913491,0.0188148170622,0
2700,0.018879913491,0.0190107827992,0.0189452351436,0
2700,0.0190107827992,0.0191425592502,0.0190765572399,0
2700,0.0191425592502,0.0192752491319,0.0192087896175,0
2700,0.0192752491319,0.0194088587759,0.0193419385862,0
2700,0.0194088587759,0.0195433945578,0.0194760104994,0
2700,0.0195433945578,0.0196788628971,0.0196110117548,0
2700,0.0196788628971,0.0198152702581,0.0197469487941,0
2700,0.0198152702581,0.0199526231497,0.019883828104,0
2700,0.0199526231497,0.0200909281261,0.0200216562159,0
2700,0.0200909281261,0.0202301917868,0.0201604397066,0
2700,0.0202301917868,0.0203704207771,0.0203001851986,0
2700,0.0203704207771,0.0205116217883,0.02044089936,0
2700,0.0205116217883,0.0206538015581,0.0205825889054,0
2700,0.0206538015581,0.020796966871,0.0207252605958,0
2700,0.020796966871,0.0209411245585,0.0208689212391,0
2700,0.0209411245585,0.0210862814993,0.0210135776905,0
2700,0.0210862814993,0.02123244462,0.0211592368524,0
2700,0.02123244462,0.021379620895,0.0213059056754,0
2700,0.021379620895,0.0215278173472,0.0214535911582,0
2700,0.0215278173472,0.0216770410482,0.0216023003477,0
2700,0.0216770410482,0.0218272991184,0.0217520403402,0
2700,0.0218272991184,0.0219785987278,0.0219028182807,0
2700,0.0219785987278,0.0221309470961,0.0220546413639,0
2700,0.0221309470961,0.0222843514927,0.0222075168345,0
2700,0.0222843514927,0.0224388192378,0.0223614519872,0
2700,0.0224388192378,0.0225943577022,0.0225164541674,0
2700,0.0225943577022,0.0227509743077,0.0226725307715,0
2700,0.0227509743077,0.0229086765277,0.0228296892468,0
2700,0.0229086765277,0.0230674718872,0.0229879370926,0
2700,0.0230674718872,0.0232273679636,0.0231472818602,0
2700,0.0232273679636,0.0233883723866,0.0233077311528,0
2700,0.0233883723866,0.023550492839,0.0234692926269,0
2700,0.023550492839,0.0237137370566,0.0236319739915,0
2700,0.0237137370566,0.0238781128291,0.0237957830096,0
2700,0.0238781128291,0.0240436280001,0.0239607274975,0
2700,0.0240436280001,0.0242102904674,0.0241268153259,0
2700,0.0242102904674,0.0243781081837,0.0242940544202,0
2700,0.0243781081837,0.0245470891569,0.0244624527605,0
2700,0.0245470891569,0.0247172414502,0.0246320183824,0
2700,0.0247172414502,0.0248885731828,0.0248027593769,0
2700,0.0248885731828,0.0250610925303,0.0249746838915,0
2700,0.0250610925303,0.0252348077248,0.02514780013,0
2700,0.0252348077248,0.0254097270555,0.0253221163528,0
2700,0.0254097270555,0.0255858588691,0.025497640878,0
2700,0.0255858588691,0.02576321157,0.0256743820811,0
2700,0.02576321157,0.0259417936212,0.0258523483956,0
2700,0.0259417936212,0.026121613544,0.0260315483137,0
2700,0.026121613544,0.026302679919,0.0262119903864,0
2700,0.026302679919,0.0264850013861,0.0263936832237,0
2700,0.0264850013861,0.0266685866452,0.0265766354955,0
2700,0.0266685866452,0.0268534444566,0.026760855932,0
2700,0.0268534444566,0.0270395836411,0.0269463533235,0
2700,0.0270395836411,0.0272270130808,0.0271331365215,0
2700,0.0272270130808,0.0274157417193,0.0273212144388,0
2700,0.0274157417193,0.0276057785622,0.0275105960499,0
2700,0.0276057785622,0.0277971326776,0.0277012903916,0
2700,0.0277971326776,0.0279898131963,0.0278933065634,0
2700,0.0279898131963,0.0281838293126,0.0280866537277,0
2700,0.0281838293126,0.0283791902844,0.0282813411105,0
2700,0.0283791902844,0.0285759054337,0.0284773780017,0
2700,0.0285759054337,0.0287739841474,0.0286747737558,0
2700,0.0287739841474,0.028973435877,0.0288735377919,0
2700,0.028973435877,0.02917427014,0.0290736795944,0
2700,0.02917427014,0.0293764965196,0.0292752087137,0
2700,0.0293764965196,0.0295801246655,0.0294781347661,0
2700,0.0295801246655,0.0297851642943,0.0296824674346,0
2700,0.0297851642943,0.0299916251899,0.0298882164696,0
2700,0.0299916251899,0.030199517204,0.0300953916887,0
2700,0.030199517204,0.0304088502568,0.0303040029779,0
2700,0.0304088502568,0.0306196343369,0.0305140602914,0
2700,0.0306196343369,0.0308318795025,0.0307255736527,0
2700,0.0308318795025,0.0310455958813,0.0309385531545,0
2700,0.0310455958813,0.0312607936712,0.0311530089597,0
2700,0.0312607936712,0.031477483141,0.0313689513016,0
2700,0.031477483141,0.0316956746304,0.0315863904842,0
2700,0.0316956746304,0.031915378551,0.0318053368833,0
2700,0.031915378551,0.0321366053864,0.0320258009463,0
2700,0.0321366053864,0.032359365693,0.0322477931932,0
2700,0.032359365693,0.0325836701002,0.0324713242168,0
2700,0.0325836701002,0.0328095293113,0.0326964046834,0
2700,0.0328095293113,0.0330369541037,0.0329230453333,0
2700,0.0330369541037,0.0332659553294,0.0331512569812,0
2700,0.0332659553294,0.0334965439158,0.0333810505166,0
2700,0.0334965439158,0.0337287308659,0.0336124369047,0
2700,0.0337287308659,0.033962527259,0.0338454271866,0
2700,0.033962527259,0.0341979442514,0.03408003248,0
2700,0.0341979442514,0.0344349930763,0.0343162639796,0
2700,0.0344349930763,0.0346736850453,0.0345541329578,0
2700,0.0346736850453,0.0349140315479,0.0347936507649,0
2700,0.0349140315479,0.0351560440528,0.0350348288302,0
2700,0.0351560440528,0.0353997341083,0.0352776786619,0
2700,0.0353997341083,0.0356451133426,0.0355222118482,0
2700,0.0356451133426,0.0358921934645,0.0357684400576,0
2700,0.0358921934645,0.036140986264,0.0360163750395,0
2700,0.036140986264,0.0363915036127,0.0362660286245,0
2700,0.0363915036127,0.0366437574648,0.0365174127255,0
2700,0.0366437574648,0.036897759857,0.0367705393378,0
2700,0.036897759857,0.0371535229097,0.03702542054,0
2700,0.0371535229097,0.0374110588272,0.0372820684943,0
2700,0.0374110588272,0.0376703798984,0.0375404954472,0
2700,0.0376703798984,0.0379314984974,0.0378007137302,0
2700,0.0379314984974,0.038194427084,0.0380627357601,0
2700,0.038194427084,0.0384591782045,0.03832657404,0
2700,0.0384591782045,0.0387257644922,0.0385922411595,0
2700,0.0387257644922,0.0389941986677,0.0388597497954,0
2700,0.0389941986677,0.03926449354,0.0391291127127,0
2700,0.03926449354,0.0395366620068,0.0394003427645,0
2700,0.0395366620068,0.0398107170553,0.0396734528932,0
2700,0.0398107170553,0.0400866717627,0.0399484561308,0
2700,0.0400866717627,0.0403645392968,0.0402253655999,0
2700,0.0403645392968,0.0406443329165,0.0405041945136,0
2700,0.0406443329165,0.040926065973,0.0407849561771,0
2700,0.040926065973,0.0412097519097,0.0410676639875,0
2700,0.0412097519097,0.0414954042634,0.0413523314348,0
2700,0.0414954042634,0.0417830366647,0.0416389721025,0
2700,0.0417830366647,0.0420726628384,0.0419275996685,0
2700,0.0420726628384,0.042364296605,0.0422182279051,0
2700,0.042364296605,0.0426579518802,0.0425108706805,0
2700,0.0426579518802,0.0429536426765,0.0428055419586,0
2700,0.0429536426765,0.0432513831035,0.0431022558005,0
2700,0.0432513831035,0.0435511873686,0.0434010263645,0
2700,0.0435511873686,0.0438530697775,0.0437018679071,0
2700,0.0438530697775,0.0441570447353,0.0440047947836,0
2700,0.0441570447353,0.0444631267469,0.0443098214489,0
2700,0.0444631267469,0.0447713304176,0.0446169624581,0
2700,0.0447713304176,0.0450816704541,0.044926232467,0
2700,0.0450816704541,0.045394161665,0.0452376462332,0
2700,0.045394161665,0.0457088189615,0.0455512186166,0
2700,0.0457088189615,0.0460256573581,0.0458669645798,0
2700,0.0460256573581,0.0463446919736,0.0461848991895,0
2700,0.0463446919736,0.0466659380314,0.0465050376167,0
2700,0.0466659380314,0.0469894108605,0.0468273951374,0
2700,0.0469894108605,0.0473151258961,0.0471519871336,0
2700,0.0473151258961,0.0476430986805,0.0474788290942,0
2700,0.0476430986805,0.0479733448637,0.0478079366149,0
2700,0.0479733448637,0.048305880204,0.0481393254,0
2700,0.048305880204,0.0486407205691,0.0484730112624,0
2700,0.0486407205691,0.0489778819368,0.0488090101248,0
2700,0.0489778819368,0.0493173803955,0.0491473380199,0
2700,0.0493173803955,0.049659232145,0.049488011092,0
2700,0.049659232145,0.0500034534977,0.0498310455971,0
2700,0.0500034534977,0.0503500608788,0.0501764579037,0
2700,0.0503500608788,0.0506990708275,0.050524264494,0
2700,0.0506990708275,0.0510504999975,0.0508744819645,0
2700,0.0510504999975,0.0514043651582,0.0512271270265,0
2700,0.0514043651582,0.0517606831951,0.0515822165072,0
2700,0.0517606831951,0.0521194711105,0.0519397673507,0
2700,0.0521194711105,0.052480746025,0.0522997966182,0
2700,0.052480746025,0.0528445251775,0.0526623214894,0
2700,0.0528445251775,0.0532108259267,0.0530273592629,0
2700,0.0532108259267,0.0535796657513,0.0533949273574,0
2700,0.0535796657513,0.0539510622515,0.0537650433122,0
2700,0.0539510622515,0.0543250331492,0.0541377247883,0
2700,0.0543250331492,0.0547015962894,0.0545129895689,0
2700,0.0547015962894,0.0550807696405,0.0548908555607,0
2700,0.0550807696405,0.0554625712958,0.0552713407944,0
2700,0.0554625712958,0.0558470194737,0.0556544634258,0
2700,0.0558470194737,0.056234132519,0.0560402417364,0
2700,0.056234132519,0.0566239289038,0.0564286941345,0
2700,0.0566239289038,0.0570164272281,0.056819839156,0
2700,0.0570164272281,0.0574116462207,0.0572136954652,0
2700,0.0574116462207,0.0578096047406,0.057610281856,0
2700,0.0578096047406,0.0582103217771,0.0580096172523,0
2700,0.0582103217771,0.0586138164514,0.0584117207093,0
2700,0.0586138164514,0.0590201080172,0.0588166114143,0
2700,0.0590201080172,0.0594292158616,0.0592243086876,0
2700,0.0594292158616,0.059841159506,0.0596348319834,0
2700,0.059841159506,0.0602559586074,0.0600482008908,0
2700,0.0602559586074,0.0606736329589,0.0604644351345,0
2700,0.0606736329589,0.0610942024906,0.0608835545761,0
2700,0.0610942024906,0.061517687271,0.061305579215,0
2700,0.061517687271,0.0619441075077,0.0617305291889,0
2700,0.0619441075077,0.0623734835482,0.0621584247753,0
2700,0.0623734835482,0.0628058358813,0.0625892863921,0
2700,0.0628058358813,0.0632411851376,0.0630231345991,0
2700,0.0632411851376,0.0636795520908,0.0634599900981,0
2700,0.0636795520908,0.0641209576585,0.0638998737348,0
2700,0.0641209576585,0.0645654229035,0.0643428064992,0
2700,0.0645654229035,0.0650129690343,0.0647888095269,0
2700,0.0650129690343,0.0654636174067,0.0652379040998,0
2700,0.0654636174067,0.0659173895244,0.0656901116476,0
2700,0.0659173895244,0.0663743070402,0.0661454537484,0
2700,0.0663743070402,0.0668343917569,0.0666039521298,0
2700,0.0668343917569,0.0672976656284,0.0670656286702,0
2700,0.0672976656284,0.0677641507611,0.0675305053995,0
2700,0.0677641507611,0.0682338694142,0.0679986045003,0
2700,0.0682338694142,0.0687068440014,0.0684699483091,0
2700,0.0687068440014,0.0691830970919,0.0689445593171,0
2700,0.0691830970919,0.0696626514111,0.0694224601714,0
2700,0.0696626514111,0.070145529842,0.0699036736762,0
2700,0.070145529842,0.0706317554263,0.0703882227936,0
2700,0.0706317554263,0.0711213513653,0.0708761306451,0
2700,0.0711213513653,0.0716143410213,0.0713674205122,0
2700,0.0716143410213,0.0721107479183,0.071862115838,0
2700,0.0721107479183,0.0726105957435,0.072360240228,0
2700,0.0726105957435,0.0731139083483,0.0728618174513,0
2700,0.0731139083483,0.0736207097495,0.0733668714418,0
2700,0.0736207097495,0.0741310241301,0.0738754262994,0
2700,0.0741310241301,0.074644875841,0.0743875062908,0
2700,0.074644875841,0.0751622894018,0.0749031358511,0
2700,0.0751622894018,0.0756832895021,0.0754223395848,0
2700,0.0756832895021,0.0762079010025,0.0759451422668,0
2700,0.0762079010025,0.0767361489362,0.0764715688439,0
2700,0.0767361489362,0.0772680585096,0.0770016444357,0
2700,0.0772680585096,0.077803655104,0.077535394336,0
2700,0.077803655104,0.0783429642766,0.0780728440138,0
2700,0.0783429642766,0.0788860117619,0.0786140191148,0
2700,0.0788860117619,0.0794328234724,0.0791589454624,0
2700,0.0794328234724,0.0799834255007,0.079707649059,0
2700,0.0799834255007,0.0805378441199,0.0802601560873,0
2700,0.0805378441199,0.0810961057854,0.0808164929113,0
2700,0.0810961057854,0.0816582371359,0.0813766860779,0
2700,0.0816582371359,0.0822242649947,0.081940762318,0
2700,0.0822242649947,0.0827942163712,0.0825087485479,0
2700,0.0827942163712,0.083368118462,0.0830806718702,0
2700,0.083368118462,0.0839459986519,0.0836565595756,0
2700,0.0839459986519,0.084527884516,0.0842364391438,0
2700,0.084527884516,0.0851138038202,0.0848203382452,0
2700,0.0851138038202,0.085703784523,0.0854082847419,0
2700,0.085703784523,0.0862978547767,0.0860003066889,0
2700,0.0862978547767,0.0868960429286,0.086596432336,0
2700,0.0868960429286,0.0874983775227,0.0871966901287,0
2700,0.0874983775227,0.0881048873008,0.0878011087097,0
2700,0.0881048873008,0.0887156012038,0.08840971692,0
2700,0.0887156012038,0.0893305483733,0.089022543801,0
2700,0.0893305483733,0.089949758153,0.089639618595,0
2700,0.089949758153,0.0905732600898,0.0902609707471,0
2700,0.0905732600898,0.0912010839356,0.0908866299066,0
2700,0.0912010839356,0.0918332596484,0.0915166259281,0
2700,0.0918332596484,0.0924698173938,0.0921509888735,0
2700,0.0924698173938,0.0931107875468,0.0927897490127,0
2700,0.0931107875468,0.0937562006926,0.0934329368257,0
2700,0.0937562006926,0.0944060876286,0.0940805830037,0
2700,0.0944060876286,0.0950604793656,0.0947327184504,0
2700,0.0950604793656,0.0957194071295,0.0953893742842,0
2700,0.0957194071295,0.0963829023624,0.0960505818387,0
2700,0.0963829023624,0.0970509967245,0.096716372665,0
2700,0.0970509967245,0.0977237220956,0.0973867785329,0
2700,0.0977237220956,0.0984011105761,0.0980618314322,0
2700,0.0984011105761,0.0990831944893,0.0987415635747,0
2700,0.0990831944893,0.0997700063823,0.0994260073953,0
2700,0.0997700063823,0.100461579028,0.100115195554,0
2700,0.100461579028,0.101157945426,0.100809160936,0
2700,0.101157945426,0.101859138805,0.101507936657,0
2700,0.101859138805,0.102565192625,0.10221155606,0
2700,0.102565192625,0.103276140576,0.102920052719,0
2700,0.103276140576,0.103992016583,0.103633460443,0
2700,0.103992016583,0.104712854805,0.104351813273,0
2700,0.104712854805,0.105438689639,0.105075145487,0
2700,0.105438689639,0.10616955572,0.1058034916,0
2700,0.10616955572,0.106905487922,0.106536886367,0
2700,0.106905487922,0.107646521363,0.107275364784,0
2700,0.107646521363,0.108392691402,0.108018962088,0
2700,0.108392691402,0.109144033645,0.108767713763,0
2700,0.109144033645,0.109900583943,0.109521655537,0
2700,0.109900583943,0.110662378398,0.110280823385,0
2700,0.110662378398,0.111429453359,0.111045253533,0
2700,0.111429453359,0.11220184543,0.111814982458,0
2700,0.11220184543,0.112979591467,0.112590046889,0
2700,0.112979591467,0.113762728582,0.113370483811,0
2700,0.113762728582,0.114551294145,0.114156330462,0
2700,0.114551294145,0.115345325782,0.114947624342,0
2700,0.115345325782,0.116144861384,0.115744403209,0
2700,0.116144861384,0.116949939102,0.116546705084,0
2700,0.116949939102,0.117760597352,0.117354568249,0
2700,0.117760597352,0.118576874817,0.118168031254,0
2700,0.118576874817,0.119398810446,0.118987132916,0
2700,0.119398810446,0.120226443462,0.119811912319,0
2700,0.120226443462,0.121059813355,0.12064240882,0
2700,0.121059813355,0.121898959892,0.121478662047,0
2700,0.121898959892,0.122743923116,0.122320711905,0
2700,0.122743923116,0.123594743344,0.123168598574,0
2700,0.123594743344,0.124451461177,0.124022362512,0
2700,0.124451461177,0.125314117494,0.124882044459,0
2700,0.125314117494,0.126182753459,0.125747685437,0
2700,0.126182753459,0.127057410521,0.126619326751,0
2700,0.127057410521,0.127938130416,0.127497009994,0
2700,0.127938130416,0.128824955169,0.128380777047,0
2700,0.128824955169,0.129717927098,0.129270670081,0
2700,0.129717927098,0.130617088813,0.130166731558,0
2700,0.130617088813,0.131522483219,0.131069004237,0
2700,0.131522483219,0.132434153519,0.131977531171,0
2700,0.132434153519,0.133352143216,0.132892355713,0
2700,0.133352143216,0.134276496114,0.133813521515,0
2700,0.134276496114,0.135207256319,0.134741072534,0
2700,0.135207256319,0.136144468247,0.13567505303,0
2700,0.136144468247,0.137088176616,0.136615507569,0
2700,0.137088176616,0.13803842646,0.137562481028,0
2700,0.13803842646,0.138995263121,0.138516018592,0
2700,0.138995263121,0.139958732257,0.139476165764,0
2700,0.139958732257,0.140928879842,0.140442968358,0
2700,0.140928879842,0.141905752169,0.141416472507,0
2700,0.141905752169,0.142889395851,0.142396724665,0
2700,0.142889395851,0.143879857826,0.143383771606,0
2700,0.143879857826,0.144877185354,0.144377660429,0
2700,0.144877185354,0.145881426028,0.145378438561,0
2700,0.145881426028,0.146892627764,0.146386153755,0
2700,0.146892627764,0.147910838817,0.147400854097,0
2700,0.147910838817,0.148936107771,0.148422588006,0
2700,0.148936107771,0.14996848355,0.149451404237,4.34571824815
2700,0.14996848355,0.151008015416,0.15048735188,0
2700,0.151008015416,0.152054752973,0.15153048037,0
2700,0.152054752973,0.153108746168,0.152580839481,0
2700,0.153108746168,0.154170045295,0.153638479333,0
2700,0.154170045295,0.155238700996,0.154703450395,0
2700,0.155238700996,0.156314764264,0.155775803483,0
2700,0.156314764264,0.157398286447,0.156855589768,0
2700,0.157398286447,0.158489319246,0.157942860774,0
2700,0.158489319246,0.159587914724,0.159037668382,0
2700,0.159587914724,0.160694125301,0.160140064834,0
2700,0.160694125301,0.161808003764,0.161250102734,0
2700,0.161808003764,0.162929603264,0.162367835048,0
2700,0.162929603264,0.16405897732,0.163493315113,0
2700,0.16405897732,0.165196179823,0.164626596633,0
2700,0.165196179823,0.166341265037,0.165767733685,0
2700,0.166341265037,0.167494287603,0.166916780721,0
2700,0.167494287603,0.168655302539,0.168073792571,0
2700,0.168655302539,0.169824365246,0.169238824444,0
2700,0.169824365246,0.171001531509,0.170411931932,0
2700,0.171001531509,0.172186857499,0.171593171012,0
2700,0.172186857499,0.173380399775,0.172782598051,0
2700,0.173380399775,0.174582215292,0.173980269804,0
2700,0.174582215292,0.175792361396,0.175186243421,0
2700,0.175792361396,0.177010895832,0.176400576448,0
2700,0.177010895832,0.178237876745,0.177623326829,0
2700,0.178237876745,0.179473362683,0.178854552911,0
2700,0.179473362683,0.180717412601,0.180094313444,0
2700,0.180717412601,0.181970085861,0.181342667587,0
2700,0.181970085861,0.183231442237,0.182599674907,0
2700,0.183231442237,0.184501541918,0.183865395386,0
2700,0.184501541918,0.185780445509,0.185139889421,0
2700,0.185780445509,0.187068214037,0.186423217825,0
2700,0.187068214037,0.188364908949,0.187715441838,0
2700,0.188364908949,0.189670592121,0.189016623119,0
2700,0.189670592121,0.190985325857,0.190326823758,0
2700,0.190985325857,0.192309172891,0.191646106274,0
2700,0.192309172891,0.193642196395,0.192974533619,0
2700,0.193642196395,0.194984459976,0.194312169183,0
2700,0.194984459976,0.196336027684,0.195659076793,0
2700,0.196336027684,0.197696964011,0.197015320722,0
2700,0.197696964011,0.199067333899,0.198380965684,0
2700,0.199067333899,0.200447202737,0.199756076844,0
2700,0.200447202737,0.201836636368,0.20114071982,0
2700,0.201836636368,0.203235701094,0.202534960682,0
2700,0.203235701094,0.204644463672,0.203938865961,0
2700,0.204644463672,0.206062991327,0.205352502646,0
2700,0.206062991327,0.207491351745,0.206775938192,0
2700,0.207491351745,0.208929613085,0.208209240522,0
2700,0.208929613085,0.210377843977,0.209652478029,0
2700,0.210377843977,0.211836113525,0.211105719581,0
2700,0.211836113525,0.213304491315,0.212569034522,0
2700,0.213304491315,0.214783047413,0.214042492677,0
2700,0.214783047413,0.216271852373,0.215526164357,0
2700,0.216271852373,0.217770977235,0.217020120357,0
2700,0.217770977235,0.219280493535,0.218524431965,0
2700,0.219280493535,0.220800473302,0.220039170964,0
2700,0.220800473302,0.222330989065,0.221564409631,0
2700,0.222330989065,0.223872113857,0.223100220748,0
2700,0.223872113857,0.225423921215,0.224646677599,0
2700,0.225423921215,0.226986485188,0.226203853977,0
2700,0.226986485188,0.228559880338,0.227771824186,0
2700,0.228559880338,0.230144181741,0.229350663045,0
2700,0.230144181741,0.231739464997,0.230940445892,0
2700,0.231739464997,0.233345806228,0.232541248587,0
2700,0.233345806228,0.234963282085,0.234153147517,0
2700,0.234963282085,0.236591969749,0.235776219596,0
2700,0.236591969749,0.238231946936,0.237410542273,0
2700,0.238231946936,0.239883291902,0.239056193534,0
2700,0.239883291902,0.241546083444,0.240713251905,0
2700,0.241546083444,0.243220400907,0.242381796455,0
2700,0.243220400907,0.244906324184,0.244061906804,0
2700,0.244906324184,0.246603933723,0.245753663122,0
2700,0.246603933723,0.24831331053,0.247457146133,0
2700,0.24831331053,0.25003453617,0.249172437125,0
2700,0.25003453617,0.251767692776,0.250899617947,0
2700,0.251767692776,0.25351286305,0.252638771013,0
2700,0.25351286305,0.255270130266,0.254389979313,0
2700,0.255270130266,0.257039578277,0.256153326409,0
2700,0.257039578277,0.258821291515,0.257928896443,0
2700,0.258821291515,0.260615355,0.25971677414,0
2700,0.260615355,0.262421854338,0.261517044814,0
2700,0.262421854338,0.264240875732,0.263329794368,0
2700,0.264240875732,0.26607250598,0.265155109301,0
2700,0.26607250598,0.267916832482,0.266993076713,0
2700,0.267916832482,0.269773943244,0.268843784306,0
2700,0.269773943244,0.271643926884,0.270707320392,0
2700,0.271643926884,0.273526872631,0.272583773893,0
2700,0.273526872631,0.275422870334,0.274473234348,0
2700,0.275422870334,0.277332010465,0.276375791917,0
2700,0.277332010465,0.279254384124,0.278291537385,0
2700,0.279254384124,0.28119008304,0.280220562167,0
2700,0.28119008304,0.28313919958,0.282162958309,0
2700,0.28313919958,0.28510182675,0.284118818498,0
2700,0.28510182675,0.287078058202,0.286088236063,0
2700,0.287078058202,0.289067988237,0.288071304978,0
2700,0.289067988237,0.291071711807,0.290068119869,0
2700,0.291071711807,0.293089324525,0.292078776021,0
2700,0.293089324525,0.295120922667,0.294103369375,0
2700,0.295120922667,0.297166603174,0.296141996539,0
2700,0.297166603174,0.299226463661,0.298194754793,0
2700,0.299226463661,0.301300602419,0.300261742086,0
2700,0.301300602419,0.303389118419,0.302343057051,0
2700,0.303389118419,0.305492111322,0.304438799002,0
2700,0.305492111322,0.307609681474,0.306549067943,0
2700,0.307609681474,0.309741929922,0.308673964568,0
2700,0.309741929922,0.311888958409,0.310813590274,0
2700,0.311888958409,0.314050869388,0.312968047156,0
2700,0.314050869388,0.316227766017,0.31513743802,0
2700,0.316227766017,0.318419752173,0.317321866384,0
2700,0.318419752173,0.320626932451,0.319521436481,0
2700,0.320626932451,0.322849412171,0.32173625327,0
2700,0.322849412171,0.325087297385,0.323966422435,0
2700,0.325087297385,0.327340694879,0.326212050394,0
2700,0.327340694879,0.329609712177,0.328473244303,0
2700,0.329609712177,0.331894457553,0.330750112059,0
2700,0.331894457553,0.334195040026,0.333042762309,0
2700,0.334195040026,0.336511569375,0.335351304451,0
2700,0.336511569375,0.338844156139,0.337675848642,0
2700,0.338844156139,0.341192911622,0.340016505804,0
2700,0.341192911622,0.3435579479,0.342373387626,0
2700,0.3435579479,0.345939377826,0.344746606573,0
2700,0.345939377826,0.348337315036,0.347136275888,0
2700,0.348337315036,0.350751873953,0.349542509599,0
2700,0.350751873953,0.353183169792,0.351965422525,0
2700,0.353183169792,0.355631318569,0.354405130281,0
2700,0.355631318569,0.358096437103,0.356861749283,0
2700,0.358096437103,0.360578643022,0.359335396755,0
2700,0.360578643022,0.36307805477,0.361826190732,0
2700,0.36307805477,0.365594791613,0.364334250068,0
2700,0.365594791613,0.368128973643,0.366859694441,0
2700,0.368128973643,0.370680721783,0.369402644358,0
2700,0.370680721783,0.373250157796,0.371963221162,0
2700,0.373250157796,0.375837404288,0.374541547036,0
2700,0.375837404288,0.378442584717,0.377137745011,0
2700,0.378442584717,0.381065823394,0.379751938971,0
2700,0.381065823394,0.383707245492,0.382384253658,0
2700,0.383707245492,0.386366977054,0.385034814679,0
2700,0.386366977054,0.389045144994,0.38770374851,0
2700,0.389045144994,0.391741877108,0.390391182508,0
2700,0.391741877108,0.394457302075,0.393097244907,0
2700,0.394457302075,0.397191549469,0.395822064836,0
2700,0.397191549469,0.399944749761,0.398565772313,0
2700,0.399944749761,0.402717034325,0.401328498263,0
2700,0.402717034325,0.405508535448,0.404110374513,0
2700,0.405508535448,0.408319386333,0.406911533809,0
2700,0.408319386333,0.411149721105,0.409732109814,0
2700,0.411149721105,0.41399967482,0.412572237117,0
2700,0.41399967482,0.41686938347,0.415432051242,0
2700,0.41686938347,0.419758983991,0.418311688651,0
2700,0.419758983991,0.422668614266,0.421211286754,0
2700,0.422668614266,0.425598413134,0.42413098391,0
2700,0.425598413134,0.428548520397,0.427070919441,0
2700,0.428548520397,0.431519076828,0.430031233631,0
2700,0.431519076828,0.434510224172,0.433012067738,0
2700,0.434510224172,0.437522105158,0.436013564,0
2700,0.437522105158,0.440554863507,0.439035865641,0
2700,0.440554863507,0.443608643931,0.442079116876,0
2700,0.443608643931,0.446683592151,0.44514346292,0
2700,0.446683592151,0.449779854893,0.448229049997,0
2700,0.449779854893,0.452897579904,0.451336025341,0
2700,0.452897579904,0.456036915951,0.45446453721,0
2700,0.456036915951,0.459198012837,0.457614734886,0
2700,0.459198012837,0.462381021399,0.46078676869,0
2700,0.462381021399,0.465586093523,0.463980789982,0
2700,0.465586093523,0.468813382145,0.467196951172,0
2700,0.468813382145,0.472063041264,0.470435405726,0
2700,0.472063041264,0.475335225943,0.473696308175,0
2700,0.475335225943,0.478630092323,0.476979814119,0
2700,0.478630092323,0.481947797625,0.48028608024,0
2700,0.481947797625,0.485288500162,0.483615264302,0
2700,0.485288500162,0.488652359343,0.486967525166,0
2700,0.488652359343,0.492039535681,0.490343022792,0
2700,0.492039535681,0.495450190805,0.49374191825,0
2700,0.495450190805,0.49888448746,0.497164373725,0
2700,0.49888448746,0.502342589522,0.500610552529,0
2700,0.502342589522,0.505824662003,0.504080619103,0
2700,0.505824662003,0.509330871057,0.507574739029,0
2700,0.509330871057,0.512861383991,0.511093079037,0
2700,0.512861383991,0.516416369272,0.514635807014,0
2700,0.516416369272,0.519995996534,0.518203092007,0
2700,0.519995996534,0.523600436586,0.521795104239,0
2700,0.523600436586,0.527229861423,0.52541201511,0
2700,0.527229861423,0.530884444231,0.52905399721,0
2700,0.530884444231,0.534564359397,0.532721224323,0
2700,0.534564359397,0.538269782516,0.53641387144,0
2700,0.538269782516,0.542000890402,0.540132114765,0
2700,0.542000890402,0.545757861091,0.54387613172,0
2700,0.545757861091,0.549540873858,0.547646100962,0
2700,0.549540873858,0.553350109216,0.551442202382,0
2700,0.553350109216,0.557185748932,0.55526461712,0
2700,0.557185748932,0.561047976032,0.559113527571,0
2700,0.561047976032,0.564936974812,0.562989117394,0
2700,0.564936974812,0.568852930844,0.566891571523,0
2700,0.568852930844,0.572796030986,0.570821076172,0
2700,0.572796030986,0.576766463392,0.574777818846,0
2700,0.576766463392,0.580764417521,0.578761988349,0
2700,0.580764417521,0.584790084144,0.582773774796,0
2700,0.584790084144,0.588843655356,0.586813369619,0
2700,0.588843655356,0.59292532458,0.590880965575,0
2700,0.59292532458,0.597035286584,0.594976756759,0
2700,0.597035286584,0.601173737483,0.599100938611,0
2700,0.601173737483,0.605340874754,0.603253707927,0
2700,0.605340874754,0.60953689724,0.607435262864,0
2700,0.60953689724,0.613762005165,0.611645802955,0
2700,0.613762005165,0.618016400138,0.615885529115,0
2700,0.618016400138,0.622300285169,0.620154643654,0
2700,0.622300285169,0.626613864672,0.624453350281,0
2700,0.626613864672,0.63095734448,0.628781854118,0
2700,0.63095734448,0.635330931852,0.633140361711,0
2700,0.635330931852,0.639734835483,0.637529081035,0
2700,0.639734835483,0.644169265515,0.641948221508,0
2700,0.644169265515,0.648634433548,0.646397994,0
2700,0.648634433548,0.653130552647,0.65087861084,0
2700,0.653130552647,0.657657837355,0.655390285833,0
2700,0.657657837355,0.662216503702,0.659933234264,0
2700,0.662216503702,0.666806769214,0.664507672908,0
2700,0.666806769214,0.671428852926,0.669113820046,0
2700,0.671428852926,0.676082975392,0.673751895471,0
2700,0.676082975392,0.680769358694,0.678422120498,0
2700,0.680769358694,0.685488226453,0.683124717979,0
2700,0.685488226453,0.69023980384,0.687859912309,0
2700,0.69023980384,0.695024317589,0.692627929437,0
2700,0.695024317589,0.699841996002,0.697428996882,0
2700,0.699841996002,0.704693068967,0.702263343736,0
2700,0.704693068967,0.709577767963,0.707131200681,0
2700,0.709577767963,0.714496326076,0.712032799999,0
2700,0.714496326076,0.719448978004,0.71696837558,0
2700,0.719448978004,0.724435960075,0.721938162937,0
2700,0.724435960075,0.729457510255,0.726942399214,0
2700,0.729457510255,0.734513868157,0.7319813232,0
2700,0.734513868157,0.739605275058,0.737055175338,0
2700,0.739605275058,0.744731973906,0.742164197739,0
2700,0.744731973906,0.749894209332,0.747308634191,0
2700,0.749894209332,0.755092227665,0.752488730174,0
2700,0.755092227665,0.76032627694,0.757704732866,0
2700,0.76032627694,0.765596606911,0.762956891162,0
2700,0.765596606911,0.770903469064,0.768245455679,0
2700,0.770903469064,0.776247116629,0.773570678775,0
2700,0.776247116629,0.781627804588,0.778932814554,0
2700,0.781627804588,0.787045789695,0.784332118882,0
2700,0.787045789695,0.79250133048,0.7897688494,0
2700,0.79250133048,0.797994687268,0.795243265533,0
2700,0.797994687268,0.803526122186,0.800755628507,0
2700,0.803526122186,0.809095899178,0.806306201355,0
2700,0.809095899178,0.814704284021,0.811895248936,0
2700,0.814704284021,0.82035154433,0.817523037944,0
2700,0.82035154433,0.826037949577,0.823189836921,0
2700,0.826037949577,0.831763771103,0.828895916273,0
2700,0.831763771103,0.837529282127,0.834641548277,0
2700,0.837529282127,0.843334757764,0.8404270071,0
2700,0.843334757764,0.849180475036,0.846252568807,0
2700,0.849180475036,0.855066712885,0.852118511379,0
2700,0.855066712885,0.860993752185,0.858025114723,0
2700,0.860993752185,0.866961875758,0.863972660684,0
2700,0.866961875758,0.872971368388,0.869961433065,0
2700,0.872971368388,0.879022516831,0.875991717633,0
2700,0.879022516831,0.885115609831,0.882063802137,0
2700,0.885115609831,0.891250938134,0.888177976319,0
2700,0.891250938134,0.897428794501,0.894334531933,0
2700,0.897428794501,0.903649473722,0.900533762751,0
2700,0.903649473722,0.909913272632,0.906775964584,0
2700,0.909913272632,0.916220490122,0.913061435293,0
2700,0.916220490122,0.922571427155,0.919390474804,0
2700,0.922571427155,0.92896638678,0.925763385121,0
2700,0.92896638678,0.935405674148,0.932180470342,0
2700,0.935405674148,0.941889596523,0.938642036672,0
2700,0.941889596523,0.948418463301,0.945148392441,0
2700,0.948418463301,0.954992586021,0.951699848113,0
2700,0.954992586021,0.961612278384,0.958296716306,0
2700,0.961612278384,0.968277856261,0.964939311806,0
2700,0.968277856261,0.974989637717,0.971627951577,0
2700,0.974989637717,0.98174794302,0.978362954785,0
2700,0.98174794302,0.988553094657,0.985144642804,0
2700,0.988553094657,0.995405417352,0.991973339239,0
2700,0.995405417352,1.00230523808,0.998849369937,0
2700,1.00230523808,1.00925288608,1.005773063,0
2700,1.00925288608,1.01624869287,1.01274474881,0
2700,1.01624869287,1.02329299228,1.01976476004,0
2700,1.02329299228,1.03038612044,1.02683343167,0
2700,1.03038612044,1.03752841582,1.03395110098,0
2700,1.03752841582,1.04472021922,1.04111810762,0
2700,1.04472021922,1.05196187382,1.04833479358,0
2700,1.05196187382,1.05925372518,1.05560150322,0
2700,1.05925372518,1.06659612123,1.06291858328,0
2700,1.06659612123,1.07398941234,1.07028638291,0
2700,1.07398941234,1.0814339513,1.07770525369,0
2700,1.0814339513,1.08893009333,1.08517554963,0
2700,1.08893009333,1.09647819614,1.09269762719,0
2700,1.09647819614,1.1040786199,1.1002718453,0
2700,1.1040786199,1.11173172728,1.10789856537,0
2700,1.11173172728,1.11943788347,1.11557815135,0
2700,1.11943788347,1.12719745618,1.12331096967,0
2700,1.12719745618,1.13501081567,1.13109738933,0
2700,1.13501081567,1.14287833479,1.13893778188,0
2700,1.14287833479,1.15080038894,1.14683252142,0
2700,1.15080038894,1.15877735616,1.15478198469,0
2700,1.15877735616,1.16680961706,1.162786551,0
2700,1.16680961706,1.17489755494,1.17084660232,0
2700,1.17489755494,1.18304155573,1.17896252324,0
2700,1.18304155573,1.19124200803,1.18713470104,0
2700,1.19124200803,1.19949930315,1.19536352567,0
2700,1.19949930315,1.20781383511,1.20364938979,0
2700,1.20781383511,1.21618600065,1.21199268877,0
2700,1.21618600065,1.22461619927,1.22039382074,0
2700,1.22461619927,1.23310483323,1.22885318658,0
2700,1.23310483323,1.24165230759,1.23737118994,0
2700,1.24165230759,1.25025903022,1.24594823727,0
2700,1.25025903022,1.25892541179,1.25458473786,0
2700,1.25892541179,1.26765186586,1.26328110381,0
2700,1.26765186586,1.27643880881,1.27203775009,0
2700,1.27643880881,1.28528665994,1.28085509454,0
2700,1.28528665994,1.29419584145,1.2897335579,0
2700,1.29419584145,1.30316677845,1.29867356383,0
2700,1.30316677845,1.31219989902,1.30767553892,0
2700,1.31219989902,1.32129563419,1.31673991272,0
2700,1.32129563419,1.33045441798,1.32586711776,0
2700,1.33045441798,1.33967668743,1.33505758956,0
2700,1.33967668743,1.34896288259,1.34431176667,0
2700,1.34896288259,1.35831344659,1.35363009067,0
2700,1.35831344659,1.3677288256,1.36301300621,0
2700,1.3677288256,1.37720946889,1.37246096101,0
2700,1.37720946889,1.38675582887,1.3819744059,0
2700,1.38675582887,1.39636836106,1.39155379484,0
2700,1.39636836106,1.40604752413,1.40119958494,0
2700,1.40604752413,1.41579377996,1.41091223646,0
2700,1.41579377996,1.4256075936,1.42069221286,0
2700,1.4256075936,1.43548943335,1.43053998082,0
2700,1.43548943335,1.44543977075,1.44045601025,0
2700,1.44543977075,1.45545908058,1.4504407743,0
2700,1.45545908058,1.46554784096,1.46049474944,0
2700,1.46554784096,1.47570653328,1.4706184154,0
2700,1.47570653328,1.48593564229,1.48081225527,0
2700,1.48593564229,1.49623565609,1.49107675545,0
2700,1.49623565609,1.50660706619,1.50141240575,0
2700,1.50660706619,1.51705036746,1.51181969936,0
2700,1.51705036746,1.52756605824,1.52229913288,0
2700,1.52756605824,1.5381546403,1.53285120636,0
2700,1.5381546403,1.54881661891,1.54347642332,0
2700,1.54881661891,1.55955250283,1.55417529077,0
2700,1.55955250283,1.57036280433,1.56494831922,0
2700,1.57036280433,1.58124803927,1.57579602274,0
2700,1.58124803927,1.59220872705,1.58671891895,0
2700,1.59220872705,1.60324539069,1.59771752906,0
2700,1.60324539069,1.61435855683,1.60879237789,0
2700,1.61435855683,1.62554875575,1.6199439939,0
2700,1.62554875575,1.63681652143,1.63117290923,0
2700,1.63681652143,1.64816239153,1.64247965967,0
2700,1.64816239153,1.65958690744,1.65386478477,0
2700,1.65958690744,1.67109061431,1.66532882779,0
2700,1.67109061431,1.68267406107,1.67687233575,0
2700,1.68267406107,1.69433780045,1.68849585949,0
2700,1.69433780045,1.706082389,1.70019995364,0
2700,1.706082389,1.71790838716,1.7119851767,0
2700,1.71790838716,1.72981635922,1.72385209103,0
2700,1.72981635922,1.74180687339,1.73580126287,0
2700,1.74180687339,1.75388050184,1.74783326242,0
2700,1.75388050184,1.76603782069,1.7599486638,0
2700,1.76603782069,1.77827941004,1.77214804514,0
2700,1.77827941004,1.79060585404,1.78443198854,0
2700,1.79060585404,1.80301774086,1.79680108017,0
2700,1.80301774086,1.81551566277,1.80925591025,0
2700,1.81551566277,1.82810021614,1.82179707309,0
2700,1.82810021614,1.84077200147,1.83442516712,0
2700,1.84077200147,1.85353162341,1.84714079491,0
2700,1.85353162341,1.86637969083,1.85994456322,0
2700,1.86637969083,1.8793168168,1.87283708302,0
2700,1.8793168168,1.89234361864,1.88581896949,0
2700,1.89234361864,1.90546071796,1.8988908421,0
2700,1.90546071796,1.91866874067,1.9120533246,0
2700,1.91866874067,1.93196831702,1.92530704508,0
2700,1.93196831702,1.94536008162,1.93865263595,0
2700,1.94536008162,1.95884467351,1.95209073404,0
2700,1.95884467351,1.97242273611,1.96562198058,0
2700,1.97242273611,1.98609491736,1.97924702124,0
2700,1.98609491736,1.99986186963,1.99296650616,0
2700,1.99986186963,2.01372424986,2.00678109002,0
2700,2.01372424986,2.02768271952,2.02069143199,0
2700,2.02768271952,2.04173794467,2.03469819585,0
2700,2.04173794467,2.05589059598,2.04880204996,0
2700,2.05589059598,2.07014134879,2.06300366731,0
2700,2.07014134879,2.0844908831,2.07730372557,0
2700,2.0844908831,2.09893988362,2.0917029071,0
2700,2.09893988362,2.11348903984,2.10620189899,0
2700,2.11348903984,2.12813904598,2.12080139309,0
2700,2.12813904598,2.14289060112,2.13550208605,0
2700,2.14289060112,2.15774440915,2.15030467934,0
2700,2.15774440915,2.17270117886,2.16520987931,0
2700,2.17270117886,2.18776162395,2.18021839719,0
2700,2.18776162395,2.20292646305,2.19533094914,0
2700,2.20292646305,2.2181964198,2.2105482563,0
2700,2.2181964198,2.23357222283,2.22587104479,0
2700,2.23357222283,2.24905460584,2.24130004578,0
2700,2.24905460584,2.26464430759,2.2568359955,0
2700,2.26464430759,2.280342072,2.27247963527,0
2700,2.280342072,2.29614864811,2.28823171158,0
2700,2.29614864811,2.31206479018,2.30409297606,0
2700,2.31206479018,2.32809125767,2.32006418557,0
2700,2.32809125767,2.34422881532,2.33614610222,0
2700,2.34422881532,2.36047823318,2.35233949339,0
2700,2.36047823318,2.37684028662,2.36864513178,0
2700,2.37684028662,2.39331575641,2.38506379547,0
2700,2.39331575641,2.40990542869,2.40159626789,0
2700,2.40990542869,2.42661009508,2.41824333793,0
2700,2.42661009508,2.44343055269,2.43500579995,0
2700,2.44343055269,2.46036760415,2.45188445381,0
2700,2.46036760415,2.47742205763,2.46888010491,0
2700,2.47742205763,2.49459472694,2.48599356423,0
2700,2.49459472694,2.51188643151,2.50322564838,0
2700,2.51188643151,2.52929799645,2.52057717964,0
2700,2.52929799645,2.54683025259,2.53804898596,0
2700,2.54683025259,2.56448403652,2.55564190106,0
2700,2.56448403652,2.58226019063,2.57335676443,0
2700,2.58226019063,2.60015956317,2.59119442135,0
2700,2.60015956317,2.61818300822,2.60915572301,0
2700,2.61818300822,2.63633138583,2.62724152647,0
2700,2.63633138583,2.65460556198,2.64545269472,0
2700,2.65460556198,2.67300640866,2.66379009677,0
2700,2.67300640866,2.69153480393,2.68225460761,0
2700,2.69153480393,2.71019163189,2.70084710832,0
2700,2.71019163189,2.72897778281,2.7195684861,0
2700,2.72897778281,2.7478941531,2.73841963426,0
2700,2.7478941531,2.76694164541,2.75740145235,0
2700,2.76694164541,2.78612116863,2.77651484611,0
2700,2.78612116863,2.80543363795,2.79576072758,0
2700,2.80543363795,2.82487997492,2.81514001513,0
2700,2.82487997492,2.84446110745,2.83465363349,0
2700,2.84446110745,2.86417796991,2.85430251379,0
2700,2.86417796991,2.88403150313,2.87408759362,0
2700,2.88403150313,2.90402265446,2.89400981707,0
2700,2.90402265446,2.92415237784,2.91407013477,0
2700,2.92415237784,2.9444216338,2.93426950396,0
2700,2.9444216338,2.96483138952,2.95460888848,0
2700,2.96483138952,2.98538261892,2.97508925888,0
2700,2.98538261892,3.00607630263,2.99571159243,0
2700,3.00607630263,3.0269134281,3.01647687316,0
2700,3.0269134281,3.04789498963,3.03738609195,0
2700,3.04789498963,3.06902198839,3.05844024651,0
2700,3.06902198839,3.09029543251,3.0796403415,0
2700,3.09029543251,3.11171633711,3.10098738853,0
2700,3.11171633711,3.13328572432,3.12248240622,0
2700,3.13328572432,3.15500462337,3.14412642026,0
2700,3.15500462337,3.17687407065,3.16592046343,0
2700,3.17687407065,3.19889510969,3.1878655757,0
2700,3.19889510969,3.22106879128,3.20996280421,0
2700,3.22106879128,3.24339617349,3.2322132034,0
2700,3.24339617349,3.26587832172,3.25461783498,0
2700,3.26587832172,3.28851630876,3.27717776805,0
2700,3.28851630876,3.31131121483,3.29989407911,0
2700,3.31131121483,3.33426412763,3.32276785211,0
2700,3.33426412763,3.35737614243,3.34580017853,0
2700,3.35737614243,3.38064836206,3.36899215741,0
2700,3.38064836206,3.40408189701,3.39234489541,0
2700,3.40408189701,3.42767786546,3.41585950686,0
2700,3.42767786546,3.45143739336,3.43953711381,0
2700,3.45143739336,3.47536161443,3.46337884608,0
2700,3.47536161443,3.49945167028,3.48738584135,0
2700,3.49945167028,3.52370871042,3.51155924516,0
2700,3.52370871042,3.54813389234,3.535900211,0
2700,3.54813389234,3.57272838152,3.56040990036,0
2700,3.57272838152,3.59749335156,3.58508948277,0
2700,3.59749335156,3.62242998417,3.60994013586,0
2700,3.62242998417,3.64753946926,3.63496304546,0
2700,3.64753946926,3.67282300498,3.66015940558,0
2700,3.67282300498,3.6982817978,3.68553041852,0
2700,3.6982817978,3.72391706255,3.71107729493,0
2700,3.72391706255,3.74973002245,3.73680125382,0
2700,3.74973002245,3.77572190925,3.76270352268,0
2700,3.77572190925,3.80189396321,3.78878533748,0
2700,3.80189396321,3.82824743317,3.81504794279,0
2700,3.82824743317,3.85478357666,3.84149259179,0
2700,3.85478357666,3.88150365991,3.86812054633,0
2700,3.88150365991,3.90840895792,3.89493307704,0
2700,3.90840895792,3.93550075456,3.92193146333,0
2700,3.93550075456,3.96278034255,3.94911699349,0
2700,3.96278034255,3.99024902362,3.97649096475,0
2700,3.99024902362,4.01790810849,4.00405468331,0
2700,4.01790810849,4.04575891697,4.03180946443,0
2700,4.04575891697,4.07380277804,4.05975663252,0
2700,4.07380277804,4.10204102987,4.08789752111,0
2700,4.10204102987,4.1304750199,4.11623347303,0
2700,4.1304750199,4.15910610494,4.14476584038,0
2700,4.15910610494,4.18793565118,4.17349598465,0
2700,4.18793565118,4.21696503429,4.20242527677,0
2700,4.21696503429,4.24619563946,4.23155509717,0
2700,4.24619563946,4.27562886152,4.26088683583,0
2700,4.27562886152,4.30526610492,4.29042189239,0
2700,4.30526610492,4.33510878388,4.32016167618,0
2700,4.33510878388,4.3651583224,4.35010760631,0
2700,4.3651583224,4.39541615438,4.3802611117,0
2700,4.39541615438,4.42588372363,4.41062363121,0
2700,4.42588372363,4.45656248398,4.44119661366,0
2700,4.45656248398,4.48745389933,4.47198151789,0
2700,4.48745389933,4.51855944375,4.50297981288,0
2700,4.51855944375,4.5498806015,4.53419297779,0
2700,4.5498806015,4.58141886715,4.56562250202,0
2700,4.58141886715,4.6131757456,4.59726988531,0
2700,4.6131757456,4.64515275223,4.62913663778,0
2700,4.64515275223,4.67735141287,4.66122428002,0
2700,4.67735141287,4.70977326397,4.69353434317,0
2700,4.70977326397,4.7424198526,4.72606836898,0
2700,4.7424198526,4.77529273658,4.75882790989,0
2700,4.77529273658,4.8083934845,4.79181452908,0
2700,4.8083934845,4.84172367584,4.8250298006,0
2700,4.84172367584,4.87528490103,4.85847530937,0
2700,4.87528490103,4.90907876153,4.89215265134,0
2700,4.90907876153,4.94310686987,4.9260634335,0
2700,4.94310686987,4.97737084979,4.96020927396,0
2700,4.97737084979,5.01187233627,4.99459180208,0
2700,5.01187233627,5.04661297564,5.0292126585,0
2700,5.04661297564,5.08159442561,5.06407349524,0
2700,5.08159442561,5.1168183554,5.09917597575,0
2700,5.1168183554,5.15228644582,5.13452177503,0
2700,5.15228644582,5.18800038929,5.17011257969,0
2700,5.18800038929,5.22396188999,5.20595008802,0
2700,5.22396188999,5.26017266391,5.24203601008,0
2700,5.26017266391,5.29663443892,5.27837206782,0
2700,5.29663443892,5.33334895488,5.31495999507,0
2700,5.33334895488,5.3703179637,5.35180153771,0
2700,5.3703179637,5.40754322946,5.38889845373,0
2700,5.40754322946,5.44502652842,5.42625251329,0
2700,5.44502652842,5.48276964921,5.46386549882,0
2700,5.48276964921,5.52077439281,5.50173920511,0
2700,5.52077439281,5.5590425727,5.53987543939,0
2700,5.5590425727,5.59757601495,5.57827602141,0
2700,5.59757601495,5.63637655826,5.61694278356,0
2700,5.63637655826,5.67544605409,5.65587757089,0
2700,5.67544605409,5.71478636672,5.69508224128,0
2700,5.71478636672,5.75439937337,5.73455866546,0
2700,5.75439937337,5.79428696427,5.77430872714,0
2700,5.79428696427,5.83445104274,5.81433432308,0
2700,5.83445104274,5.8748935253,5.85463736321,0
2700,5.8748935253,5.91561634175,5.89521977065,0
2700,5.91561634175,5.95662143529,5.93608348191,0
2700,5.95662143529,5.99791076256,5.97723044689,0
2700,5.99791076256,6.03948629376,6.018662629,0
2700,6.03948629376,6.08135001279,6.06038200527,0
2700,6.08135001279,6.12350391725,6.10239056645,0
2700,6.12350391725,6.16595001861,6.14469031706,0
2700,6.16595001861,6.2086903423,6.18728327553,0
2700,6.2086903423,6.25172692776,6.23017147429,0
2700,6.25172692776,6.29506182857,6.27335695984,0
2700,6.29506182857,6.33869711257,6.31684179288,0
2700,6.33869711257,6.38263486191,6.36062804837,0
2700,6.38263486191,6.42687717317,6.40471781569,0
2700,6.42687717317,6.47142615749,6.44911319868,0
2700,6.47142615749,6.51628394061,6.49381631576,0
2700,6.51628394061,6.56145266303,6.53882930005,0
2700,6.56145266303,6.60693448008,6.58415429943,0
2700,6.60693448008,6.65273156202,6.62979347671,0
2700,6.65273156202,6.69884609417,6.67574900964,0
2700,6.69884609417,6.74528027698,6.72202309112,0
2700,6.74528027698,6.79203632617,6.7686179292,0
2700,6.79203632617,6.83911647281,6.81553574727,0
2700,6.83911647281,6.88652296344,6.86277878411,0
2700,6.88652296344,6.93425806017,6.91034929405,0
2700,6.93425806017,6.98232404077,6.95824954701,0
2700,6.98232404077,7.03072319884,7.00648182865,0
2700,7.03072319884,7.07945784384,7.05504844051,0
2700,7.07945784384,7.12853030127,7.10395170003,0
2700,7.12853030127,7.17794291271,7.15319394075,0
2700,7.17794291271,7.22769803602,7.20277751238,0
2700,7.22769803602,7.27779804537,7.25270478091,0
2700,7.27779804537,7.32824533139,7.30297812873,0
2700,7.32824533139,7.37904230129,7.35359995475,0
2700,7.37904230129,7.43019137897,7.40457267451,0
2700,7.43019137897,7.48169500511,7.45589872028,0
2700,7.48169500511,7.53355563734,7.5075805412,0
2700,7.53355563734,7.58577575029,7.55962060339,0
2700,7.58577575029,7.63835783578,7.61202139006,0
2700,7.63835783578,7.69130440287,7.66478540163,0
2700,7.69130440287,7.74461797803,7.71791515585,0
2700,7.74461797803,7.79830110523,7.77141318794,0
2700,7.79830110523,7.8523563461,7.82528205067,0
2700,7.8523563461,7.90678628,7.87952431451,0
2700,7.90678628,7.96159350417,7.93414256777,0
2700,7.96159350417,8.01678063388,7.98913941667,0
2700,8.01678063388,8.07235030249,8.04451748552,0
2700,8.07235030249,8.12830516164,8.1002794168,0
2700,8.12830516164,8.18464788135,8.15642787133,0
2700,8.18464788135,8.24138115013,8.21296552835,0
2700,8.24138115013,8.29850767514,8.26989508568,0
2700,8.29850767514,8.35603018231,8.32721925985,0
2700,8.35603018231,8.41395141645,8.38494078622,0
2700,8.41395141645,8.47227414141,8.44306241909,0
2700,8.47227414141,8.53100114018,8.50158693187,0
2700,8.53100114018,8.59013521505,8.5605171172,0
2700,8.59013521505,8.64967918776,8.61985578706,0
2700,8.64967918776,8.70963589956,8.67960577292,0
2700,8.70963589956,8.77000821144,8.73976992591,0
2700,8.77000821144,8.83079900419,8.80035111687,0
2700,8.83079900419,8.89201117858,8.86135223659,0
2700,8.89201117858,8.9536476555,8.92277619588,0
2700,8.9536476555,9.01571137606,8.98462592571,0
2700,9.01571137606,9.07820530178,9.04690437738,0
2700,9.07820530178,9.1411324147,9.10961452266,0
2700,9.1411324147,9.20449571753,9.1727593539,0
2700,9.20449571753,9.26829823379,9.2363418842,0
2700,9.26829823379,9.33254300797,9.30036514754,0
2700,9.33254300797,9.39723310565,9.36483219894,0
2700,9.39723310565,9.46237161366,9.4297461146,0
2700,9.46237161366,9.52796164024,9.49510999202,0
2700,9.52796164024,9.59400631516,9.5609269502,0
2700,9.59400631516,9.6605087899,9.62720012973,0
2700,9.6605087899,9.72747223777,9.693932693,0
2700,9.72747223777,9.79489985409,9.7611278243,0
2700,9.79489985409,9.86279485631,9.82878873,0
2700,9.86279485631,9.93116048421,9.89691863869,0
2700,9.93116048421,10,9.96552080135,0
2900,0.01,0.0100693166885,0.0100345984915,0
2900,0.0100693166885,0.0101391138574,0.0101041550053,0
2900,0.0101391138574,0.0102093948371,0.0101741936618,0
2900,0.0102093948371,0.0102801629813,0.0102447178031,0
2900,0.0102801629813,0.0103514216668,0.0103157307944,0
2900,0.0103514216668,0.0104231742939,0.0103872360242,0
2900,0.0104231742939,0.0104954242865,0.0104592369046,0
2900,0.0104954242865,0.0105681750921,0.0105317368713,0
2900,0.0105681750921,0.0106414301822,0.0106047393837,0
2900,0.0106414301822,0.0107151930524,0.0106782479254,0
2900,0.0107151930524,0.0107894672223,0.0107522660039,0
2900,0.0107894672223,0.0108642562362,0.0108267971513,0
2900,0.0108642562362,0.0109395636627,0.0109018449239,0
2900,0.0109395636627,0.0110153930954,0.0109774129027,0
2900,0.0110153930954,0.0110917481526,0.0110535046938,0
2900,0.0110917481526,0.0111686324778,0.011130123928,0
2900,0.0111686324778,0.0112460497397,0.0112072742614,0
2900,0.0112460497397,0.0113240036324,0.0112849593753,0
2900,0.0113240036324,0.0114024978756,0.0113631829767,0
2900,0.0114024978756,0.011481536215,0.0114419487982,0
2900,0.011481536215,0.0115611224219,0.0115212605983,0
2900,0.0115611224219,0.0116412602941,0.0116011221615,0
2900,0.0116412602941,0.0117219536555,0.0116815372986,0
2900,0.0117219536555,0.0118032063565,0.0117625098468,0
2900,0.0118032063565,0.0118850222744,0.01184404367,0
2900,0.0118850222744,0.0119674053131,0.0119261426586,0
2900,0.0119674053131,0.0120503594037,0.0120088107301,0
2900,0.0120503594037,0.0121338885046,0.0120920518294,0
2900,0.0121338885046,0.0122179966016,0.0121758699285,0
2900,0.0122179966016,0.0123026877081,0.0122602690268,0
2900,0.0123026877081,0.0123879658653,0.0123452531517,0
2900,0.0123879658653,0.0124738351424,0.0124308263584,0
2900,0.0124738351424,0.0125602996369,0.0125169927303,0
2900,0.0125602996369,0.0126473634747,0.0126037563789,0
2900,0.0126473634747,0.0127350308102,0.0126911214445,0
2900,0.0127350308102,0.0128233058266,0.0127790920957,0
2900,0.0128233058266,0.0129121927361,0.0128676725303,0
2900,0.0129121927361,0.0130016957803,0.0129568669752,0
2900,0.0130016957803,0.01309181923,0.0130466796864,0
2900,0.01309181923,0.0131825673856,0.0131371149496,0
2900,0.0131825673856,0.0132739445773,0.0132281770801,0
2900,0.0132739445773,0.0133659551655,0.0133198704231,0
2900,0.0133659551655,0.0134586035406,0.0134121993541,0
2900,0.0134586035406,0.0135518941235,0.0135051682786,0
2900,0.0135518941235,0.0136458313659,0.0135987816328,0
2900,0.0136458313659,0.0137404197501,0.0136930438839,0
2900,0.0137404197501,0.0138356637897,0.0137879595297,0
2900,0.0138356637897,0.0139315680295,0.0138835330993,0
2900,0.0139315680295,0.0140281370456,0.0139797691532,0
2900,0.0140281370456,0.0141253754462,0.0140766722836,0
2900,0.0141253754462,0.0142232878712,0.0141742471144,0
2900,0.0142232878712,0.0143218789927,0.0142724983016,0
2900,0.0143218789927,0.0144211535152,0.0143714305336,0
2900,0.0144211535152,0.0145211161759,0.0144710485309,0
2900,0.0145211161759,0.0146217717446,0.0145713570473,0
2900,0.0146217717446,0.0147231250243,0.0146723608691,0
2900,0.0147231250243,0.0148251808515,0.0147740648159,0
2900,0.0148251808515,0.0149279440958,0.0148764737408,0
2900,0.0149279440958,0.0150314196609,0.0149795925304,0
2900,0.0150314196609,0.0151356124844,0.0150834261054,0
2900,0.0151356124844,0.015240527538,0.0151879794203,0
2900,0.015240527538,0.015346169828,0.0152932574642,0
2900,0.015346169828,0.0154525443954,0.0153992652606,0
2900,0.0154525443954,0.0155596563161,0.0155060078679,0
2900,0.0155596563161,0.0156675107011,0.0156134903797,0
2900,0.0156675107011,0.015776112697,0.0157217179246,0
2900,0.015776112697,0.015885467486,0.0158306956671,0
2900,0.015885467486,0.0159955802861,0.0159404288071,0
2900,0.0159955802861,0.0161064563518,0.016050922581,0
2900,0.0161064563518,0.0162181009736,0.0161621822611,0
2900,0.0162181009736,0.0163305194789,0.0162742131564,0
2900,0.0163305194789,0.0164437172321,0.0163870206128,0
2900,0.0164437172321,0.0165576996347,0.0165006100132,0
2900,0.0165576996347,0.0166724721255,0.0166149867777,0
2900,0.0166724721255,0.0167880401812,0.016730156364,0
2900,0.0167880401812,0.0169044093164,0.0168461242677,0
2900,0.0169044093164,0.0170215850839,0.0169628960226,0
2900,0.0170215850839,0.0171395730751,0.0170804772006,0
2900,0.0171395730751,0.0172583789199,0.0171988734124,0
2900,0.0172583789199,0.0173780082875,0.0173180903075,0
2900,0.0173780082875,0.0174984668862,0.0174381335747,0
2900,0.0174984668862,0.0176197604641,0.017559008942,0
2900,0.0176197604641,0.0177418948089,0.0176807221773,0
2900,0.0177418948089,0.0178648757485,0.0178032790885,0
2900,0.0178648757485,0.0179887091513,0.0179266855237,0
2900,0.0179887091513,0.0181134009262,0.0180509473713,0
2900,0.0181134009262,0.0182389570232,0.018176070561,0
2900,0.0182389570232,0.0183653834335,0.0183020610631,0
2900,0.0183653834335,0.0184926861898,0.0184289248897,0
2900,0.0184926861898,0.0186208713666,0.0185566680943,0
2900,0.0186208713666,0.0187499450807,0.0186852967726,0
2900,0.0187499450807,0.018879913491,0.0188148170622,0
2900,0.018879913491,0.0190107827992,0.0189452351436,0
2900,0.0190107827992,0.0191425592502,0.0190765572399,0
2900,0.0191425592502,0.0192752491319,0.0192087896175,0
2900,0.0192752491319,0.0194088587759,0.0193419385862,0
2900,0.0194088587759,0.0195433945578,0.0194760104994,0
2900,0.0195433945578,0.0196788628971,0.0196110117548,0
2900,0.0196788628971,0.0198152702581,0.0197469487941,0
2900,0.0198152702581,0.0199526231497,0.019883828104,0
2900,0.0199526231497,0.0200909281261,0.0200216562159,0
2900,0.0200909281261,0.0202301917868,0.0201604397066,0
2900,0.0202301917868,0.0203704207771,0.0203001851986,0
2900,0.0203704207771,0.0205116217883,0.02044089936,0
2900,0.0205116217883,0.0206538015581,0.0205825889054,0
2900,0.0206538015581,0.020796966871,0.0207252605958,0
2900,0.020796966871,0.0209411245585,0.0208689212391,0
2900,0.0209411245585,0.0210862814993,0.0210135776905,0
2900,0.0210862814993,0.02123244462,0.0211592368524,0
2900,0.02123244462,0.021379620895,0.0213059056754,0
2900,0.021379620895,0.0215278173472,0.0214535911582,0
2900,0.0215278173472,0.0216770410482,0.0216023003477,0
2900,0.0216770410482,0.0218272991184,0.0217520403402,0
2900,0.0218272991184,0.0219785987278,0.0219028182807,0
2900,0.0219785987278,0.0221309470961,0.0220546413639,0
2900,0.0221309470961,0.0222843514927,0.0222075168345,0
2900,0.0222843514927,0.0224388192378,0.0223614519872,0
2900,0.0224388192378,0.0225943577022,0.0225164541674,0
2900,0.0225943577022,0.0227509743077,0.0226725307715,0
2900,0.0227509743077,0.0229086765277,0.0228296892468,0
2900,0.0229086765277,0.0230674718872,0.0229879370926,0
2900,0.0230674718872,0.0232273679636,0.0231472818602,0
2900,0.0232273679636,0.0233883723866,0.0233077311528,0
2900,0.0233883723866,0.023550492839,0.0234692926269,0
2900,0.023550492839,0.0237137370566,0.0236319739915,0
2900,0.0237137370566,0.0238781128291,0.0237957830096,0
2900,0.0238781128291,0.0240436280001,0.0239607274975,0
2900,0.0240436280001,0.0242102904674,0.0241268153259,0
2900,0.0242102904674,0.0243781081837,0.0242940544202,0
2900,0.0243781081837,0.0245470891569,0.0244624527605,0
2900,0.0245470891569,0.0247172414502,0.0246320183824,0
2900,0.0247172414502,0.0248885731828,0.0248027593769,0
2900,0.0248885731828,0.0250610925303,0.0249746838915,0
2900,0.0250610925303,0.0252348077248,0.02514780013,0
2900,0.0252348077248,0.0254097270555,0.0253221163528,0
2900,0.0254097270555,0.0255858588691,0.025497640878,0
2900,0.0255858588691,0.02576321157,0.0256743820811,0
2900,0.02576321157,0.0259417936212,0.0258523483956,0
2900,0.0259417936212,0.026121613544,0.0260315483137,0
2900,0.026121613544,0.026302679919,0.0262119903864,0
2900,0.026302679919,0.0264850013861,0.0263936832237,0
2900,0.0264850013861,0.0266685866452,0.0265766354955,0
2900,0.0266685866452,0.0268534444566,0.026760855932,0
2900,0.0268534444566,0.0270395836411,0.0269463533235,0
2900,0.0270395836411,0.0272270130808,0.0271331365215,0
2900,0.0272270130808,0.0274157417193,0.0273212144388,0
2900,0.0274157417193,0.0276057785622,0.0275105960499,0
2900,0.0276057785622,0.0277971326776,0.0277012903916,0
2900,0.0277971326776,0.0279898131963,0.0278933065634,0
2900,0.0279898131963,0.0281838293126,0.0280866537277,0
2900,0.0281838293126,0.0283791902844,0.0282813411105,0
2900,0.0283791902844,0.0285759054337,0.0284773780017,0
2900,0.0285759054337,0.0287739841474,0.0286747737558,0
2900,0.0287739841474,0.028973435877,0.0288735377919,0
2900,0.028973435877,0.02917427014,0.0290736795944,0
2900,0.02917427014,0.0293764965196,0.0292752087137,0
2900,0.0293764965196,0.0295801246655,0.0294781347661,0
2900,0.0295801246655,0.0297851642943,0.0296824674346,0
2900,0.0297851642943,0.0299916251899,0.0298882164696,0
2900,0.0299916251899,0.030199517204,0.0300953916887,0
2900,0.030199517204,0.0304088502568,0.0303040029779,0
2900,0.0304088502568,0.0306196343369,0.0305140602914,0
2900,0.0306196343369,0.0308318795025,0.0307255736527,0
2900,0.0308318795025,0.0310455958813,0.0309385531545,0
2900,0.0310455958813,0.0312607936712,0.0311530089597,0
2900,0.0312607936712,0.031477483141,0.0313689513016,0
2900,0.031477483141,0.0316956746304,0.0315863904842,0
2900,0.0316956746304,0.031915378551,0.0318053368833,0
2900,0.031915378551,0.0321366053864,0.0320258009463,0
2900,0.0321366053864,0.032359365693,0.0322477931932,0
2900,0.032359365693,0.0325836701002,0.0324713242168,0
2900,0.0325836701002,0.0328095293113,0.0326964046834,0
2900,0.0328095293113,0.0330369541037,0.0329230453333,0
2900,0.0330369541037,0.0332659553294,0.0331512569812,0
2900,0.0332659553294,0.0334965439158,0.0333810505166,0
2900,0.0334965439158,0.0337287308659,0.0336124369047,0
2900,0.0337287308659,0.033962527259,0.0338454271866,0
2900,0.033962527259,0.0341979442514,0.03408003248,0
2900,0.0341979442514,0.0344349930763,0.0343162639796,0
2900,0.0344349930763,0.0346736850453,0.0345541329578,0
2900,0.0346736850453,0.0349140315479,0.0347936507649,0
2900,0.0349140315479,0.0351560440528,0.0350348288302,0
2900,0.0351560440528,0.0353997341083,0.0352776786619,0
2900,0.0353997341083,0.0356451133426,0.0355222118482,0
2900,0.0356451133426,0.0358921934645,0.0357684400576,0
2900,0.0358921934645,0.036140986264,0.0360163750395,0
2900,0.036140986264,0.0363915036127,0.0362660286245,0
2900,0.0363915036127,0.0366437574648,0.0365174127255,0
2900,0.0366437574648,0.036897759857,0.0367705393378,0
2900,0.036897759857,0.0371535229097,0.03702542054,0
2900,0.0371535229097,0.0374110588272,0.0372820684943,0
2900,0.0374110588272,0.0376703798984,0.0375404954472,0
2900,0.0376703798984,0.0379314984974,0.0378007137302,0
2900,0.0379314984974,0.038194427084,0.0380627357601,0
2900,0.038194427084,0.0384591782045,0.03832657404,0
2900,0.0384591782045,0.0387257644922,0.0385922411595,0
2900,0.0387257644922,0.0389941986677,0.0388597497954,0
2900,0.0389941986677,0.03926449354,0.0391291127127,0
2900,0.03926449354,0.0395366620068,0.0394003427645,0
2900,0.0395366620068,0.0398107170553,0.0396734528932,0
2900,0.0398107170553,0.0400866717627,0.0399484561308,0
2900,0.0400866717627,0.0403645392968,0.0402253655999,0
2900,0.0403645392968,0.0406443329165,0.0405041945136,0
2900,0.0406443329165,0.040926065973,0.0407849561771,0
2900,0.040926065973,0.0412097519097,0.0410676639875,0
2900,0.0412097519097,0.0414954042634,0.0413523314348,0
2900,0.0414954042634,0.0417830366647,0.0416389721025,0
2900,0.0417830366647,0.0420726628384,0.0419275996685,0
2900,0.0420726628384,0.042364296605,0.0422182279051,0
2900,0.042364296605,0.0426579518802,0.0425108706805,0
2900,0.0426579518802,0.0429536426765,0.0428055419586,0
2900,0.0429536426765,0.0432513831035,0.0431022558005,0
2900,0.0432513831035,0.0435511873686,0.0434010263645,0
2900,0.0435511873686,0.0438530697775,0.0437018679071,0
2900,0.0438530697775,0.0441570447353,0.0440047947836,0
2900,0.0441570447353,0.0444631267469,0.0443098214489,0
2900,0.0444631267469,0.0447713304176,0.0446169624581,0
2900,0.0447713304176,0.0450816704541,0.044926232467,0
2900,0.0450816704541,0.045394161665,0.0452376462332,0
2900,0.045394161665,0.0457088189615,0.0455512186166,0
2900,0.0457088189615,0.0460256573581,0.0458669645798,0
2900,0.0460256573581,0.0463446919736,0.0461848991895,0
2900,0.0463446919736,0.0466659380314,0.0465050376167,0
2900,0.0466659380314,0.0469894108605,0.0468273951374,0
2900,0.0469894108605,0.0473151258961,0.0471519871336,0
2900,0.0473151258961,0.0476430986805,0.0474788290942,0
2900,0.0476430986805,0.0479733448637,0.0478079366149,0
2900,0.0479733448637,0.048305880204,0.0481393254,0
2900,0.048305880204,0.0486407205691,0.0484730112624,0
2900,0.0486407205691,0.0489778819368,0.0488090101248,0
2900,0.0489778819368,0.0493173803955,0.0491473380199,0
2900,0.0493173803955,0.049659232145,0.049488011092,0
2900,0.049659232145,0.0500034534977,0.0498310455971,0
2900,0.0500034534977,0.0503500608788,0.0501764579037,0
2900,0.0503500608788,0.0506990708275,0.050524264494,0
2900,0.0506990708275,0.0510504999975,0.0508744819645,0
2900,0.0510504999975,0.0514043651582,0.0512271270265,0
2900,0.0514043651582,0.0517606831951,0.0515822165072,0
2900,0.0517606831951,0.0521194711105,0.0519397673507,0
2900,0.0521194711105,0.052480746025,0.0522997966182,0
2900,0.052480746025,0.0528445251775,0.0526623214894,0
2900,0.0528445251775,0.0532108259267,0.0530273592629,0
2900,0.0532108259267,0.0535796657513,0.0533949273574,0
2900,0.0535796657513,0.0539510622515,0.0537650433122,0
2900,0.0539510622515,0.0543250331492,0.0541377247883,0
2900,0.0543250331492,0.0547015962894,0.0545129895689,0
2900,0.0547015962894,0.0550807696405,0.0548908555607,0
2900,0.0550807696405,0.0554625712958,0.0552713407944,0
2900,0.0554625712958,0.0558470194737,0.0556544634258,0
2900,0.0558470194737,0.056234132519,0.0560402417364,0
2900,0.056234132519,0.0566239289038,0.0564286941345,0
2900,0.0566239289038,0.0570164272281,0.056819839156,0
2900,0.0570164272281,0.0574116462207,0.0572136954652,0
2900,0.0574116462207,0.0578096047406,0.057610281856,0
2900,0.0578096047406,0.0582103217771,0.0580096172523,0
2900,0.0582103217771,0.0586138164514,0.0584117207093,0
2900,0.0586138164514,0.0590201080172,0.0588166114143,0
2900,0.0590201080172,0.0594292158616,0.0592243086876,0
2900,0.0594292158616,0.059841159506,0.0596348319834,0
2900,0.059841159506,0.0602559586074,0.0600482008908,0
2900,0.0602559586074,0.0606736329589,0.0604644351345,0
2900,0.0606736329589,0.0610942024906,0.0608835545761,0
2900,0.0610942024906,0.061517687271,0.061305579215,0
2900,0.061517687271,0.0619441075077,0.0617305291889,0
2900,0.0619441075077,0.0623734835482,0.0621584247753,0
2900,0.0623734835482,0.0628058358813,0.0625892863921,0
2900,0.0628058358813,0.0632411851376,0.0630231345991,0
2900,0.0632411851376,0.0636795520908,0.0634599900981,0
2900,0.0636795520908,0.0641209576585,0.0638998737348,0
2900,0.0641209576585,0.0645654229035,0.0643428064992,0
2900,0.0645654229035,0.0650129690343,0.0647888095269,0
2900,0.0650129690343,0.0654636174067,0.0652379040998,0
2900,0.0654636174067,0.0659173895244,0.0656901116476,0
2900,0.0659173895244,0.0663743070402,0.0661454537484,0
2900,0.0663743070402,0.0668343917569,0.0666039521298,0
2900,0.0668343917569,0.0672976656284,0.0670656286702,0
2900,0.0672976656284,0.0677641507611,0.0675305053995,0
2900,0.0677641507611,0.0682338694142,0.0679986045003,0
2900,0.0682338694142,0.0687068440014,0.0684699483091,0
2900,0.0687068440014,0.0691830970919,0.0689445593171,0
2900,0.0691830970919,0.0696626514111,0.0694224601714,0
2900,0.0696626514111,0.070145529842,0.0699036736762,0
2900,0.070145529842,0.0706317554263,0.0703882227936,0
2900,0.0706317554263,0.0711213513653,0.0708761306451,0
2900,0.0711213513653,0.0716143410213,0.0713674205122,0
2900,0.0716143410213,0.0721107479183,0.071862115838,0
2900,0.0721107479183,0.0726105957435,0.072360240228,0
2900,0.0726105957435,0.0731139083483,0.0728618174513,0
2900,0.0731139083483,0.0736207097495,0.0733668714418,0
2900,0.0736207097495,0.0741310241301,0.0738754262994,0
2900,0.0741310241301,0.074644875841,0.0743875062908,0
2900,0.074644875841,0.0751622894018,0.0749031358511,0
2900,0.0751622894018,0.0756832895021,0.0754223395848,0
2900,0.0756832895021,0.0762079010025,0.0759451422668,0
2900,0.0762079010025,0.0767361489362,0.0764715688439,0
2900,0.0767361489362,0.0772680585096,0.0770016444357,0
2900,0.0772680585096,0.077803655104,0.077535394336,0
2900,0.077803655104,0.0783429642766,0.0780728440138,0
2900,0.0783429642766,0.0788860117619,0.0786140191148,0
2900,0.0788860117619,0.0794328234724,0.0791589454624,0
2900,0.0794328234724,0.0799834255007,0.079707649059,0
2900,0.0799834255007,0.0805378441199,0.0802601560873,0
2900,0.0805378441199,0.0810961057854,0.0808164929113,0
2900,0.0810961057854,0.0816582371359,0.0813766860779,0
2900,0.0816582371359,0.0822242649947,0.081940762318,0
2900,0.0822242649947,0.0827942163712,0.0825087485479,0
2900,0.0827942163712,0.083368118462,0.0830806718702,0
2900,0.083368118462,0.0839459986519,0.0836565595756,0
2900,0.0839459986519,0.084527884516,0.0842364391438,0
2900,0.084527884516,0.0851138038202,0.0848203382452,0
2900,0.0851138038202,0.085703784523,0.0854082847419,0
2900,0.085703784523,0.0862978547767,0.0860003066889,0
2900,0.0862978547767,0.0868960429286,0.086596432336,0
2900,0.0868960429286,0.0874983775227,0.0871966901287,0
2900,0.0874983775227,0.0881048873008,0.0878011087097,0
2900,0.0881048873008,0.0887156012038,0.08840971692,0
2900,0.0887156012038,0.0893305483733,0.089022543801,0
2900,0.0893305483733,0.089949758153,0.089639618595,0
2900,0.089949758153,0.0905732600898,0.0902609707471,0
2900,0.0905732600898,0.0912010839356,0.0908866299066,0
2900,0.0912010839356,0.0918332596484,0.0915166259281,0
2900,0.0918332596484,0.0924698173938,0.0921509888735,0
2900,0.0924698173938,0.0931107875468,0.0927897490127,0
2900,0.0931107875468,0.0937562006926,0.0934329368257,0
2900,0.0937562006926,0.0944060876286,0.0940805830037,0
2900,0.0944060876286,0.0950604793656,0.0947327184504,0
2900,0.0950604793656,0.0957194071295,0.0953893742842,0
2900,0.0957194071295,0.0963829023624,0.0960505818387,0
2900,0.0963829023624,0.0970509967245,0.096716372665,0
2900,0.0970509967245,0.0977237220956,0.0973867785329,0
2900,0.0977237220956,0.0984011105761,0.0980618314322,0
2900,0.0984011105761,0.0990831944893,0.0987415635747,0
2900,0.0990831944893,0.0997700063823,0.0994260073953,0
2900,0.0997700063823,0.100461579028,0.100115195554,0
2900,0.100461579028,0.101157945426,0.100809160936,0
2900,0.101157945426,0.101859138805,0.101507936657,0
2900,0.101859138805,0.102565192625,0.10221155606,0
2900,0.102565192625,0.103276140576,0.102920052719,0
2900,0.103276140576,0.103992016583,0.103633460443,0
2900,0.103992016583,0.104712854805,0.104351813273,0
2900,0.104712854805,0.105438689639,0.105075145487,0
2900,0.105438689639,0.10616955572,0.1058034916,0
2900,0.10616955572,0.106905487922,0.106536886367,0
2900,0.106905487922,0.107646521363,0.107275364784,0
2900,0.107646521363,0.108392691402,0.108018962088,0
2900,0.108392691402,0.109144033645,0.108767713763,0
2900,0.109144033645,0.109900583943,0.109521655537,0
2900,0.109900583943,0.110662378398,0.110280823385,0
2900,0.110662378398,0.111429453359,0.111045253533,0
2900,0.111429453359,0.11220184543,0.111814982458,0
2900,0.11220184543,0.112979591467,0.112590046889,0
2900,0.112979591467,0.113762728582,0.113370483811,0
2900,0.113762728582,0.114551294145,0.114156330462,0
2900,0.114551294145,0.115345325782,0.114947624342,0
2900,0.115345325782,0.116144861384,0.115744403209,0
2900,0.116144861384,0.116949939102,0.116546705084,0
2900,0.116949939102,0.117760597352,0.117354568249,0
2900,0.117760597352,0.118576874817,0.118168031254,0
2900,0.118576874817,0.119398810446,0.118987132916,0
2900,0.119398810446,0.120226443462,0.119811912319,0
2900,0.120226443462,0.121059813355,0.12064240882,0
2900,0.121059813355,0.121898959892,0.121478662047,0
2900,0.121898959892,0.122743923116,0.122320711905,0
2900,0.122743923116,0.123594743344,0.123168598574,0
2900,0.123594743344,0.124451461177,0.124022362512,0
2900,0.124451461177,0.125314117494,0.124882044459,0
2900,0.125314117494,0.126182753459,0.125747685437,0
2900,0.126182753459,0.127057410521,0.126619326751,0
2900,0.127057410521,0.127938130416,0.127497009994,0
2900,0.127938130416,0.128824955169,0.128380777047,0
2900,0.128824955169,0.129717927098,0.129270670081,0
2900,0.129717927098,0.130617088813,0.130166731558,0
2900,0.130617088813,0.131522483219,0.131069004237,0
2900,0.131522483219,0.132434153519,0.131977531171,0
2900,0.132434153519,0.133352143216,0.132892355713,0
2900,0.133352143216,0.134276496114,0.133813521515,0
2900,0.134276496114,0.135207256319,0.134741072534,0
2900,0.135207256319,0.136144468247,0.13567505303,0
2900,0.136144468247,0.137088176616,0.136615507569,0
2900,0.137088176616,0.13803842646,0.137562481028,0
2900,0.13803842646,0.138995263121,0.138516018592,0
2900,0.138995263121,0.139958732257,0.139476165764,0
2900,0.139958732257,0.140928879842,0.140442968358,0
2900,0.140928879842,0.141905752169,0.141416472507,0
2900,0.141905752169,0.142889395851,0.142396724665,0
2900,0.142889395851,0.143879857826,0.143383771606,0
2900,0.143879857826,0.144877185354,0.144377660429,0
2900,0.144877185354,0.145881426028,0.145378438561,0
2900,0.145881426028,0.146892627764,0.146386153755,0
2900,0.146892627764,0.147910838817,0.147400854097,0
2900,0.147910838817,0.148936107771,0.148422588006,0
2900,0.148936107771,0.14996848355,0.149451404237,0
2900,0.14996848355,0.151008015416,0.15048735188,0
2900,0.151008015416,0.152054752973,0.15153048037,0
2900,0.152054752973,0.153108746168,0.152580839481,0
2900,0.153108746168,0.154170045295,0.153638479333,0
2900,0.154170045295,0.155238700996,0.154703450395,0
2900,0.155238700996,0.156314764264,0.155775803483,0
2900,0.156314764264,0.157398286447,0.156855589768,0
2900,0.157398286447,0.158489319246,0.157942860774,0
2900,0.158489319246,0.159587914724,0.159037668382,0
2900,0.159587914724,0.160694125301,0.160140064834,0
2900,0.160694125301,0.161808003764,0.161250102734,0
2900,0.161808003764,0.162929603264,0.162367835048,0
2900,0.162929603264,0.16405897732,0.163493315113,0
2900,0.16405897732,0.165196179823,0.164626596633,0
2900,0.165196179823,0.166341265037,0.165767733685,0
2900,0.166341265037,0.167494287603,0.166916780721,0
2900,0.167494287603,0.168655302539,0.168073792571,0
2900,0.168655302539,0.169824365246,0.169238824444,0
2900,0.169824365246,0.171001531509,0.170411931932,0
2900,0.171001531509,0.172186857499,0.171593171012,0
2900,0.172186857499,0.173380399775,0.172782598051,0
2900,0.173380399775,0.174582215292,0.173980269804,0
2900,0.174582215292,0.175792361396,0.175186243421,0
2900,0.175792361396,0.177010895832,0.176400576448,0
2900,0.177010895832,0.178237876745,0.177623326829,0
2900,0.178237876745,0.179473362683,0.178854552911,0
2900,0.179473362683,0.180717412601,0.180094313444,0
2900,0.180717412601,0.181970085861,0.181342667587,0
2900,0.181970085861,0.183231442237,0.182599674907,0
2900,0.183231442237,0.184501541918,0.183865395386,0
2900,0.184501541918,0.185780445509,0.185139889421,0
2900,0.185780445509,0.187068214037,0.186423217825,0
2900,0.187068214037,0.188364908949,0.187715441838,0
2900,0.188364908949,0.189670592121,0.189016623119,0
2900,0.189670592121,0.190985325857,0.190326823758,0
2900,0.190985325857,0.192309172891,0.191646106274,0
2900,0.192309172891,0.193642196395,0.192974533619,0
2900,0.193642196395,0.194984459976,0.194312169183,0
2900,0.194984459976,0.196336027684,0.195659076793,0
2900,0.196336027684,0.197696964011,0.197015320722,0
2900,0.197696964011,0.199067333899,0.198380965684,0
2900,0.199067333899,0.200447202737,0.199756076844,0
2900,0.200447202737,0.201836636368,0.20114071982,0
2900,0.201836636368,0.203235701094,0.202534960682,0
2900,0.203235701094,0.204644463672,0.203938865961,0
2900,0.204644463672,0.206062991327,0.205352502646,0
2900,0.206062991327,0.207491351745,0.206775938192,0
2900,0.207491351745,0.208929613085,0.208209240522,0
2900,0.208929613085,0.210377843977,0.209652478029,0
2900,0.210377843977,0.211836113525,0.211105719581,0
2900,0.211836113525,0.213304491315,0.212569034522,0
2900,0.213304491315,0.214783047413,0.214042492677,0
2900,0.214783047413,0.216271852373,0.215526164357,0
2900,0.216271852373,0.217770977235,0.217020120357,0
2900,0.217770977235,0.219280493535,0.218524431965,0
2900,0.219280493535,0.220800473302,0.220039170964,0
2900,0.220800473302,0.222330989065,0.221564409631,0
2900,0.222330989065,0.223872113857,0.223100220748,0
2900,0.223872113857,0.225423921215,0.224646677599,0
2900,0.225423921215,0.226986485188,0.226203853977,0
2900,0.226986485188,0.228559880338,0.227771824186,0
2900,0.228559880338,0.230144181741,0.229350663045,0
2900,0.230144181741,0.231739464997,0.230940445892,0
2900,0.231739464997,0.233345806228,0.232541248587,0
2900,0.233345806228,0.234963282085,0.234153147517,0
2900,0.234963282085,0.236591969749,0.235776219596,0
2900,0.236591969749,0.238231946936,0.237410542273,0
2900,0.238231946936,0.239883291902,0.239056193534,0
2900,0.239883291902,0.241546083444,0.240713251905,0
2900,0.241546083444,0.243220400907,0.242381796455,0
2900,0.243220400907,0.244906324184,0.244061906804,0
2900,0.244906324184,0.246603933723,0.245753663122,0
2900,0.246603933723,0.24831331053,0.247457146133,0
2900,0.24831331053,0.25003453617,0.249172437125,0
2900,0.25003453617,0.251767692776,0.250899617947,0
2900,0.251767692776,0.25351286305,0.252638771013,0
2900,0.25351286305,0.255270130266,0.254389979313,0
2900,0.255270130266,0.257039578277,0.256153326409,0
2900,0.257039578277,0.258821291515,0.257928896443,0
2900,0.258821291515,0.260615355,0.25971677414,0
2900,0.260615355,0.262421854338,0.261517044814,0
2900,0.262421854338,0.264240875732,0.263329794368,0
2900,0.264240875732,0.26607250598,0.265155109301,0
2900,0.26607250598,0.267916832482,0.266993076713,0
2900,0.267916832482,0.269773943244,0.268843784306,0
2900,0.269773943244,0.271643926884,0.270707320392,0
2900,0.271643926884,0.273526872631,0.272583773893,0
2900,0.273526872631,0.275422870334,0.274473234348,0
2900,0.275422870334,0.277332010465,0.276375791917,0
2900,0.277332010465,0.279254384124,0.278291537385,0
2900,0.279254384124,0.28119008304,0.280220562167,0
2900,0.28119008304,0.28313919958,0.282162958309,0
2900,0.28313919958,0.28510182675,0.284118818498,0
2900,0.28510182675,0.287078058202,0.286088236063,0
2900,0.287078058202,0.289067988237,0.288071304978,0
2900,0.289067988237,0.291071711807,0.290068119869,0
2900,0.291071711807,0.293089324525,0.292078776021,0
2900,0.293089324525,0.295120922667,0.294103369375,0
2900,0.295120922667,0.297166603174,0.296141996539,0
2900,0.297166603174,0.299226463661,0.298194754793,0
2900,0.299226463661,0.301300602419,0.300261742086,0
2900,0.301300602419,0.303389118419,0.302343057051,0
2900,0.303389118419,0.305492111322,0.304438799002,0
2900,0.305492111322,0.307609681474,0.306549067943,0
2900,0.307609681474,0.309741929922,0.308673964568,0
2900,0.309741929922,0.311888958409,0.310813590274,0
2900,0.311888958409,0.314050869388,0.312968047156,0
2900,0.314050869388,0.316227766017,0.31513743802,0
2900,0.316227766017,0.318419752173,0.317321866384,0
2900,0.318419752173,0.320626932451,0.319521436481,0
2900,0.320626932451,0.322849412171,0.32173625327,0
2900,0.322849412171,0.325087297385,0.323966422435,0
2900,0.325087297385,0.327340694879,0.326212050394,0
2900,0.327340694879,0.329609712177,0.328473244303,0
2900,0.329609712177,0.331894457553,0.330750112059,0
2900,0.331894457553,0.334195040026,0.333042762309,0
2900,0.334195040026,0.336511569375,0.335351304451,0
2900,0.336511569375,0.338844156139,0.337675848642,0
2900,0.338844156139,0.341192911622,0.340016505804,0
2900,0.341192911622,0.3435579479,0.342373387626,0
2900,0.3435579479,0.345939377826,0.344746606573,0
2900,0.345939377826,0.348337315036,0.347136275888,0
2900,0.348337315036,0.350751873953,0.349542509599,0
2900,0.350751873953,0.353183169792,0.351965422525,0
2900,0.353183169792,0.355631318569,0.354405130281,0
2900,0.355631318569,0.358096437103,0.356861749283,0
2900,0.358096437103,0.360578643022,0.359335396755,0
2900,0.360578643022,0.36307805477,0.361826190732,0
2900,0.36307805477,0.365594791613,0.364334250068,0
2900,0.365594791613,0.368128973643,0.366859694441,0
2900,0.368128973643,0.370680721783,0.369402644358,0
2900,0.370680721783,0.373250157796,0.371963221162,0
2900,0.373250157796,0.375837404288,0.374541547036,0
2900,0.375837404288,0.378442584717,0.377137745011,0
2900,0.378442584717,0.381065823394,0.379751938971,0
2900,0.381065823394,0.383707245492,0.382384253658,0
2900,0.383707245492,0.386366977054,0.385034814679,0
2900,0.386366977054,0.389045144994,0.38770374851,0
2900,0.389045144994,0.391741877108,0.390391182508,0
2900,0.391741877108,0.394457302075,0.393097244907,0
2900,0.394457302075,0.397191549469,0.395822064836,0
2900,0.397191549469,0.399944749761,0.398565772313,0
2900,0.399944749761,0.402717034325,0.401328498263,0
2900,0.402717034325,0.405508535448,0.404110374513,0
2900,0.405508535448,0.408319386333,0.406911533809,0
2900,0.408319386333,0.411149721105,0.409732109814,0
2900,0.411149721105,0.41399967482,0.412572237117,0
2900,0.41399967482,0.41686938347,0.415432051242,0
2900,0.41686938347,0.419758983991,0.418311688651,0
2900,0.419758983991,0.422668614266,0.421211286754,0
2900,0.422668614266,0.425598413134,0.42413098391,0
2900,0.425598413134,0.428548520397,0.427070919441,0
2900,0.428548520397,0.431519076828,0.430031233631,0
2900,0.431519076828,0.434510224172,0.433012067738,0
2900,0.434510224172,0.437522105158,0.436013564,0
2900,0.437522105158,0.440554863507,0.439035865641,0
2900,0.440554863507,0.443608643931,0.442079116876,0
2900,0.443608643931,0.446683592151,0.44514346292,0
2900,0.446683592151,0.449779854893,0.448229049997,0
2900,0.449779854893,0.452897579904,0.451336025341,0
2900,0.452897579904,0.456036915951,0.45446453721,0
2900,0.456036915951,0.459198012837,0.457614734886,0
2900,0.459198012837,0.462381021399,0.46078676869,0
2900,0.462381021399,0.465586093523,0.463980789982,0
2900,0.465586093523,0.468813382145,0.467196951172,0
2900,0.468813382145,0.472063041264,0.470435405726,0
2900,0.472063041264,0.475335225943,0.473696308175,0
2900,0.475335225943,0.478630092323,0.476979814119,0
2900,0.478630092323,0.481947797625,0.48028608024,0
2900,0.481947797625,0.485288500162,0.483615264302,0
2900,0.485288500162,0.488652359343,0.486967525166,0
2900,0.488652359343,0.492039535681,0.490343022792,0
2900,0.492039535681,0.495450190805,0.49374191825,0
2900,0.495450190805,0.49888448746,0.497164373725,0
2900,0.49888448746,0.502342589522,0.500610552529,0
2900,0.502342589522,0.505824662003,0.504080619103,0
2900,0.505824662003,0.509330871057,0.507574739029,0
2900,0.509330871057,0.512861383991,0.511093079037,0
2900,0.512861383991,0.516416369272,0.514635807014,0
2900,0.516416369272,0.519995996534,0.518203092007,0
2900,0.519995996534,0.523600436586,0.521795104239,0
2900,0.523600436586,0.527229861423,0.52541201511,0
2900,0.527229861423,0.530884444231,0.52905399721,0
2900,0.530884444231,0.534564359397,0.532721224323,0
2900,0.534564359397,0.538269782516,0.53641387144,0
2900,0.538269782516,0.542000890402,0.540132114765,0
2900,0.542000890402,0.545757861091,0.54387613172,0
2900,0.545757861091,0.549540873858,0.547646100962,0
2900,0.549540873858,0.553350109216,0.551442202382,0
2900,0.553350109216,0.557185748932,0.55526461712,0
2900,0.557185748932,0.561047976032,0.559113527571,0
2900,0.561047976032,0.564936974812,0.562989117394,0
2900,0.564936974812,0.568852930844,0.566891571523,0
2900,0.568852930844,0.572796030986,0.570821076172,0
2900,0.572796030986,0.576766463392,0.574777818846,0
2900,0.576766463392,0.580764417521,0.578761988349,0
2900,0.580764417521,0.584790084144,0.582773774796,0
2900,0.584790084144,0.588843655356,0.586813369619,0
2900,0.588843655356,0.59292532458,0.590880965575,0
2900,0.59292532458,0.597035286584,0.594976756759,0
2900,0.597035286584,0.601173737483,0.599100938611,0
2900,0.601173737483,0.605340874754,0.603253707927,0
2900,0.605340874754,0.60953689724,0.607435262864,0
2900,0.60953689724,0.613762005165,0.611645802955,0
2900,0.613762005165,0.618016400138,0.615885529115,0
2900,0.618016400138,0.622300285169,0.620154643654,0
2900,0.622300285169,0.626613864672,0.624453350281,0
2900,0.626613864672,0.63095734448,0.628781854118,0
2900,0.63095734448,0.635330931852,0.633140361711,0
2900,0.635330931852,0.639734835483,0.637529081035,0
2900,0.639734835483,0.644169265515,0.641948221508,0
2900,0.644169265515,0.648634433548,0.646397994,0
2900,0.648634433548,0.653130552647,0.65087861084,0
2900,0.653130552647,0.657657837355,0.655390285833,0
2900,0.657657837355,0.662216503702,0.659933234264,0
2900,0.662216503702,0.666806769214,0.664507672908,0
2900,0.666806769214,0.671428852926,0.669113820046,0
2900,0.671428852926,0.676082975392,0.673751895471,0
2900,0.676082975392,0.680769358694,0.678422120498,0
2900,0.680769358694,0.685488226453,0.683124717979,0
2900,0.685488226453,0.69023980384,0.687859912309,0
2900,0.69023980384,0.695024317589,0.692627929437,0
2900,0.695024317589,0.699841996002,0.697428996882,0
2900,0.699841996002,0.704693068967,0.702263343736,0
2900,0.704693068967,0.709577767963,0.707131200681,0
2900,0.709577767963,0.714496326076,0.712032799999,0
2900,0.714496326076,0.719448978004,0.71696837558,0
2900,0.719448978004,0.724435960075,0.721938162937,0
2900,0.724435960075,0.729457510255,0.726942399214,0
2900,0.729457510255,0.734513868157,0.7319813232,0
2900,0.734513868157,0.739605275058,0.737055175338,0
2900,0.739605275058,0.744731973906,0.742164197739,0
2900,0.744731973906,0.749894209332,0.747308634191,0
2900,0.749894209332,0.755092227665,0.752488730174,0
2900,0.755092227665,0.76032627694,0.757704732866,0
2900,0.76032627694,0.765596606911,0.762956891162,0
2900,0.765596606911,0.770903469064,0.768245455679,0
2900,0.770903469064,0.776247116629,0.773570678775,0
2900,0.776247116629,0.781627804588,0.778932814554,0
2900,0.781627804588,0.787045789695,0.784332118882,0
2900,0.787045789695,0.79250133048,0.7897688494,0
2900,0.79250133048,0.797994687268,0.795243265533,0
2900,0.797994687268,0.803526122186,0.800755628507,0
2900,0.803526122186,0.809095899178,0.806306201355,0
2900,0.809095899178,0.814704284021,0.811895248936,0
2900,0.814704284021,0.82035154433,0.817523037944,0
2900,0.82035154433,0.826037949577,0.823189836921,0
2900,0.826037949577,0.831763771103,0.828895916273,0
2900,0.831763771103,0.837529282127,0.834641548277,0
2900,0.837529282127,0.843334757764,0.8404270071,0
2900,0.843334757764,0.849180475036,0.846252568807,0
2900,0.849180475036,0.855066712885,0.852118511379,0
2900,0.855066712885,0.860993752185,0.858025114723,0
2900,0.860993752185,0.866961875758,0.863972660684,0
2900,0.866961875758,0.872971368388,0.869961433065,0
2900,0.872971368388,0.879022516831,0.875991717633,0
2900,0.879022516831,0.885115609831,0.882063802137,0
2900,0.885115609831,0.891250938134,0.888177976319,0
2900,0.891250938134,0.897428794501,0.894334531933,0
2900,0.897428794501,0.903649473722,0.900533762751,0
2900,0.903649473722,0.909913272632,0.906775964584,0
2900,0.909913272632,0.916220490122,0.913061435293,0
2900,0.916220490122,0.922571427155,0.919390474804,0
2900,0.922571427155,0.92896638678,0.925763385121,0
2900,0.92896638678,0.935405674148,0.932180470342,0
2900,0.935405674148,0.941889596523,0.938642036672,0
2900,0.941889596523,0.948418463301,0.945148392441,0
2900,0.948418463301,0.954992586021,0.951699848113,0
2900,0.954992586021,0.961612278384,0.958296716306,0
2900,0.961612278384,0.968277856261,0.964939311806,0
2900,0.968277856261,0.974989637717,0.971627951577,0
2900,0.974989637717,0.98174794302,0.978362954785,0
2900,0.98174794302,0.988553094657,0.985144642804,0
2900,0.988553094657,0.995405417352,0.991973339239,0
2900,0.995405417352,1.00230523808,0.998849369937,0
2900,1.00230523808,1.00925288608,1.005773063,0
2900,1.00925288608,1.01624869287,1.01274474881,0
2900,1.01624869287,1.02329299228,1.01976476004,0
2900,1.02329299228,1.03038612044,1.02683343167,0
2900,1.03038612044,1.03752841582,1.03395110098,0
2900,1.03752841582,1.04472021922,1.04111810762,0
2900,1.04472021922,1.05196187382,1.04833479358,0
2900,1.05196187382,1.05925372518,1.05560150322,0
2900,1.05925372518,1.06659612123,1.06291858328,0
2900,1.06659612123,1.07398941234,1.07028638291,0
2900,1.07398941234,1.0814339513,1.07770525369,0
2900,1.0814339513,1.08893009333,1.08517554963,0
2900,1.08893009333,1.09647819614,1.09269762719,0
2900,1.09647819614,1.1040786199,1.1002718453,0
2900,1.1040786199,1.11173172728,1.10789856537,0
2900,1.11173172728,1.11943788347,1.11557815135,0
2900,1.11943788347,1.12719745618,1.12331096967,0
2900,1.12719745618,1.13501081567,1.13109738933,0
2900,1.13501081567,1.14287833479,1.13893778188,0
2900,1.14287833479,1.15080038894,1.14683252142,0
2900,1.15080038894,1.15877735616,1.15478198469,0
2900,1.15877735616,1.16680961706,1.162786551,0
2900,1.16680961706,1.17489755494,1.17084660232,0
2900,1.17489755494,1.18304155573,1.17896252324,0
2900,1.18304155573,1.19124200803,1.18713470104,0
2900,1.19124200803,1.19949930315,1.19536352567,0
2900,1.19949930315,1.20781383511,1.20364938979,0
2900,1.20781383511,1.21618600065,1.21199268877,0
2900,1.21618600065,1.22461619927,1.22039382074,0
2900,1.22461619927,1.23310483323,1.22885318658,0
2900,1.23310483323,1.24165230759,1.23737118994,0
2900,1.24165230759,1.25025903022,1.24594823727,0
2900,1.25025903022,1.25892541179,1.25458473786,0
2900,1.25892541179,1.26765186586,1.26328110381,0
2900,1.26765186586,1.27643880881,1.27203775009,0
2900,1.27643880881,1.28528665994,1.28085509454,0
2900,1.28528665994,1.29419584145,1.2897335579,0
2900,1.29419584145,1.30316677845,1.29867356383,0
2900,1.30316677845,1.31219989902,1.30767553892,0
2900,1.31219989902,1.32129563419,1.31673991272,0
2900,1.32129563419,1.33045441798,1.32586711776,0
2900,1.33045441798,1.33967668743,1.33505758956,0
2900,1.33967668743,1.34896288259,1.34431176667,0
2900,1.34896288259,1.35831344659,1.35363009067,0
2900,1.35831344659,1.3677288256,1.36301300621,0
2900,1.3677288256,1.37720946889,1.37246096101,0
2900,1.37720946889,1.38675582887,1.3819744059,0
2900,1.38675582887,1.39636836106,1.39155379484,0
2900,1.39636836106,1.40604752413,1.40119958494,0
2900,1.40604752413,1.41579377996,1.41091223646,0
2900,1.41579377996,1.4256075936,1.42069221286,0
2900,1.4256075936,1.43548943335,1.43053998082,0
2900,1.43548943335,1.44543977075,1.44045601025,0
2900,1.44543977075,1.45545908058,1.4504407743,0
2900,1.45545908058,1.46554784096,1.46049474944,0
2900,1.46554784096,1.47570653328,1.4706184154,0
2900,1.47570653328,1.48593564229,1.48081225527,0
2900,1.48593564229,1.49623565609,1.49107675545,0
2900,1.49623565609,1.50660706619,1.50141240575,0
2900,1.50660706619,1.51705036746,1.51181969936,0
2900,1.51705036746,1.52756605824,1.52229913288,0
2900,1.52756605824,1.5381546403,1.53285120636,0
2900,1.5381546403,1.54881661891,1.54347642332,0
2900,1.54881661891,1.55955250283,1.55417529077,0
2900,1.55955250283,1.57036280433,1.56494831922,0
2900,1.57036280433,1.58124803927,1.57579602274,0
2900,1.58124803927,1.59220872705,1.58671891895,0
2900,1.59220872705,1.60324539069,1.59771752906,0
2900,1.60324539069,1.61435855683,1.60879237789,0
2900,1.61435855683,1.62554875575,1.6199439939,0
2900,1.62554875575,1.63681652143,1.63117290923,0
2900,1.63681652143,1.64816239153,1.64247965967,0
2900,1.64816239153,1.65958690744,1.65386478477,0
2900,1.65958690744,1.67109061431,1.66532882779,0
2900,1.67109061431,1.68267406107,1.67687233575,0
2900,1.68267406107,1.69433780045,1.68849585949,0
2900,1.69433780045,1.706082389,1.70019995364,0
2900,1.706082389,1.71790838716,1.7119851767,0
2900,1.71790838716,1.72981635922,1.72385209103,0
2900,1.72981635922,1.74180687339,1.73580126287,0
2900,1.74180687339,1.75388050184,1.74783326242,0
2900,1.75388050184,1.76603782069,1.7599486638,0
2900,1.76603782069,1.77827941004,1.77214804514,0
2900,1.77827941004,1.79060585404,1.78443198854,0
2900,1.79060585404,1.80301774086,1.79680108017,0
2900,1.80301774086,1.81551566277,1.80925591025,0
2900,1.81551566277,1.82810021614,1.82179707309,0
2900,1.82810021614,1.84077200147,1.83442516712,0
2900,1.84077200147,1.85353162341,1.84714079491,0
2900,1.85353162341,1.86637969083,1.85994456322,0
2900,1.86637969083,1.8793168168,1.87283708302,0
2900,1.8793168168,1.89234361864,1.88581896949,0
2900,1.89234361864,1.90546071796,1.8988908421,0
2900,1.90546071796,1.91866874067,1.9120533246,0
2900,1.91866874067,1.93196831702,1.92530704508,0
2900,1.93196831702,1.94536008162,1.93865263595,0
2900,1.94536008162,1.95884467351,1.95209073404,0
2900,1.95884467351,1.97242273611,1.96562198058,0
2900,1.97242273611,1.98609491736,1.97924702124,0
2900,1.98609491736,1.99986186963,1.99296650616,0
2900,1.99986186963,2.01372424986,2.00678109002,0
2900,2.01372424986,2.02768271952,2.02069143199,0
2900,2.02768271952,2.04173794467,2.03469819585,0
2900,2.04173794467,2.05589059598,2.04880204996,0
2900,2.05589059598,2.07014134879,2.06300366731,0
2900,2.07014134879,2.0844908831,2.07730372557,0
2900,2.0844908831,2.09893988362,2.0917029071,0
2900,2.09893988362,2.11348903984,2.10620189899,0
2900,2.11348903984,2.12813904598,2.12080139309,0
2900,2.12813904598,2.14289060112,2.13550208605,0
2900,2.14289060112,2.15774440915,2.15030467934,0
2900,2.15774440915,2.17270117886,2.16520987931,0
2900,2.17270117886,2.18776162395,2.18021839719,0
2900,2.18776162395,2.20292646305,2.19533094914,0
2900,2.20292646305,2.2181964198,2.2105482563,0
2900,2.2181964198,2.23357222283,2.22587104479,0
2900,2.23357222283,2.24905460584,2.24130004578,0
2900,2.24905460584,2.26464430759,2.2568359955,0
2900,2.26464430759,2.280342072,2.27247963527,0
2900,2.280342072,2.29614864811,2.28823171158,0
2900,2.29614864811,2.31206479018,2.30409297606,0
2900,2.31206479018,2.32809125767,2.32006418557,0
2900,2.32809125767,2.34422881532,2.33614610222,0
2900,2.34422881532,2.36047823318,2.35233949339,0
2900,2.36047823318,2.37684028662,2.36864513178,0
2900,2.37684028662,2.39331575641,2.38506379547,0
2900,2.39331575641,2.40990542869,2.40159626789,0
2900,2.40990542869,2.42661009508,2.41824333793,0
2900,2.42661009508,2.44343055269,2.43500579995,0
2900,2.44343055269,2.46036760415,2.45188445381,0
2900,2.46036760415,2.47742205763,2.46888010491,0
2900,2.47742205763,2.49459472694,2.48599356423,0
2900,2.49459472694,2.51188643151,2.50322564838,0
2900,2.51188643151,2.52929799645,2.52057717964,0
2900,2.52929799645,2.54683025259,2.53804898596,0
2900,2.54683025259,2.56448403652,2.55564190106,0
2900,2.56448403652,2.58226019063,2.57335676443,0
2900,2.58226019063,2.60015956317,2.59119442135,0
2900,2.60015956317,2.61818300822,2.60915572301,0
2900,2.61818300822,2.63633138583,2.62724152647,0
2900,2.63633138583,2.65460556198,2.64545269472,0
2900,2.65460556198,2.67300640866,2.66379009677,0
2900,2.67300640866,2.69153480393,2.68225460761,0
2900,2.69153480393,2.71019163189,2.70084710832,0
2900,2.71019163189,2.72897778281,2.7195684861,0
2900,2.72897778281,2.7478941531,2.73841963426,0
2900,2.7478941531,2.76694164541,2.75740145235,0
2900,2.76694164541,2.78612116863,2.77651484611,0
2900,2.78612116863,2.80543363795,2.79576072758,0
2900,2.80543363795,2.82487997492,2.81514001513,0
2900,2.82487997492,2.84446110745,2.83465363349,0
2900,2.84446110745,2.86417796991,2.85430251379,0
2900,2.86417796991,2.88403150313,2.87408759362,0
2900,2.88403150313,2.90402265446,2.89400981707,0
2900,2.90402265446,2.92415237784,2.91407013477,0
2900,2.92415237784,2.9444216338,2.93426950396,0
2900,2.9444216338,2.96483138952,2.95460888848,0
2900,2.96483138952,2.98538261892,2.97508925888,0
2900,2.98538261892,3.00607630263,2.99571159243,0
2900,3.00607630263,3.0269134281,3.01647687316,0
2900,3.0269134281,3.04789498963,3.03738609195,0
2900,3.04789498963,3.06902198839,3.05844024651,0
2900,3.06902198839,3.09029543251,3.0796403415,0
2900,3.09029543251,3.11171633711,3.10098738853,0
2900,3.11171633711,3.13328572432,3.12248240622,0
2900,3.13328572432,3.15500462337,3.14412642026,0
2900,3.15500462337,3.17687407065,3.16592046343,0
2900,3.17687407065,3.19889510969,3.1878655757,0
2900,3.19889510969,3.22106879128,3.20996280421,0
2900,3.22106879128,3.24339617349,3.2322132034,0
2900,3.24339617349,3.26587832172,3.25461783498,0
2900,3.26587832172,3.28851630876,3.27717776805,0
2900,3.28851630876,3.31131121483,3.29989407911,0
2900,3.31131121483,3.33426412763,3.32276785211,0
2900,3.33426412763,3.35737614243,3.34580017853,0
2900,3.35737614243,3.38064836206,3.36899215741,0
2900,3.38064836206,3.40408189701,3.39234489541,0
2900,3.40408189701,3.42767786546,3.41585950686,0
2900,3.42767786546,3.45143739336,3.43953711381,0
2900,3.45143739336,3.47536161443,3.46337884608,0
2900,3.47536161443,3.49945167028,3.48738584135,0
2900,3.49945167028,3.52370871042,3.51155924516,0
2900,3.52370871042,3.54813389234,3.535900211,0
2900,3.54813389234,3.57272838152,3.56040990036,0
2900,3.57272838152,3.59749335156,3.58508948277,0
2900,3.59749335156,3.62242998417,3.60994013586,0
2900,3.62242998417,3.64753946926,3.63496304546,0
2900,3.64753946926,3.67282300498,3.66015940558,0
2900,3.67282300498,3.6982817978,3.68553041852,0
2900,3.6982817978,3.72391706255,3.71107729493,0
2900,3.72391706255,3.74973002245,3.73680125382,0
2900,3.74973002245,3.77572190925,3.76270352268,0
2900,3.77572190925,3.80189396321,3.78878533748,0
2900,3.80189396321,3.82824743317,3.81504794279,0
2900,3.82824743317,3.85478357666,3.84149259179,0
2900,3.85478357666,3.88150365991,3.86812054633,0
2900,3.88150365991,3.90840895792,3.89493307704,0
2900,3.90840895792,3.93550075456,3.92193146333,0
2900,3.93550075456,3.96278034255,3.94911699349,0
2900,3.96278034255,3.99024902362,3.97649096475,0
2900,3.99024902362,4.01790810849,4.00405468331,0
2900,4.01790810849,4.04575891697,4.03180946443,0
2900,4.04575891697,4.07380277804,4.05975663252,0
2900,4.07380277804,4.10204102987,4.08789752111,0
2900,4.10204102987,4.1304750199,4.11623347303,0
2900,4.1304750199,4.15910610494,4.14476584038,0
2900,4.15910610494,4.18793565118,4.17349598465,0
2900,4.18793565118,4.21696503429,4.20242527677,0
2900,4.21696503429,4.24619563946,4.23155509717,0
2900,4.24619563946,4.27562886152,4.26088683583,0
2900,4.27562886152,4.30526610492,4.29042189239,0
2900,4.30526610492,4.33510878388,4.32016167618,0
2900,4.33510878388,4.3651583224,4.35010760631,0
2900,4.3651583224,4.39541615438,4.3802611117,0
2900,4.39541615438,4.42588372363,4.41062363121,0
2900,4.42588372363,4.45656248398,4.44119661366,0
2900,4.45656248398,4.48745389933,4.47198151789,0
2900,4.48745389933,4.51855944375,4.50297981288,0
2900,4.51855944375,4.5498806015,4.53419297779,0
2900,4.5498806015,4.58141886715,4.56562250202,0
2900,4.58141886715,4.6131757456,4.59726988531,0
2900,4.6131757456,4.64515275223,4.62913663778,0
2900,4.64515275223,4.67735141287,4.66122428002,0
2900,4.67735141287,4.70977326397,4.69353434317,0
2900,4.70977326397,4.7424198526,4.72606836898,0
2900,4.7424198526,4.77529273658,4.75882790989,0
2900,4.77529273658,4.8083934845,4.79181452908,0
2900,4.8083934845,4.84172367584,4.8250298006,0
2900,4.84172367584,4.87528490103,4.85847530937,0
2900,4.87528490103,4.90907876153,4.89215265134,0
2900,4.90907876153,4.94310686987,4.9260634335,0
2900,4.94310686987,4.97737084979,4.96020927396,0
2900,4.97737084979,5.01187233627,4.99459180208,0
2900,5.01187233627,5.04661297564,5.0292126585,0
2900,5.04661297564,5.08159442561,5.06407349524,0
2900,5.08159442561,5.1168183554,5.09917597575,0
2900,5.1168183554,5.15228644582,5.13452177503,0
2900,5.15228644582,5.18800038929,5.17011257969,0
2900,5.18800038929,5.22396188999,5.20595008802,0
2900,5.22396188999,5.26017266391,5.24203601008,0
2900,5.26017266391,5.29663443892,5.27837206782,0
2900,5.29663443892,5.33334895488,5.31495999507,0
2900,5.33334895488,5.3703179637,5.35180153771,0
2900,5.3703179637,5.40754322946,5.38889845373,0
2900,5.40754322946,5.44502652842,5.42625251329,0
2900,5.44502652842,5.48276964921,5.46386549882,0
2900,5.48276964921,5.52077439281,5.50173920511,0
2900,5.52077439281,5.5590425727,5.53987543939,0
2900,5.5590425727,5.59757601495,5.57827602141,0
2900,5.59757601495,5.63637655826,5.61694278356,0
2900,5.63637655826,5.67544605409,5.65587757089,0
2900,5.67544605409,5.71478636672,5.69508224128,0
2900,5.71478636672,5.75439937337,5.73455866546,0
2900,5.75439937337,5.79428696427,5.77430872714,0
2900,5.79428696427,5.83445104274,5.81433432308,0
2900,5.83445104274,5.8748935253,5.85463736321,0
2900,5.8748935253,5.91561634175,5.89521977065,0
2900,5.91561634175,5.95662143529,5.93608348191,0
2900,5.95662143529,5.99791076256,5.97723044689,0
2900,5.99791076256,6.03948629376,6.018662629,0
2900,6.03948629376,6.08135001279,6.06038200527,0
2900,6.08135001279,6.12350391725,6.10239056645,0
2900,6.12350391725,6.16595001861,6.14469031706,0
2900,6.16595001861,6.2086903423,6.18728327553,0
2900,6.2086903423,6.25172692776,6.23017147429,0
2900,6.25172692776,6.29506182857,6.27335695984,0
2900,6.29506182857,6.33869711257,6.31684179288,0
2900,6.33869711257,6.38263486191,6.36062804837,0
2900,6.38263486191,6.42687717317,6.40471781569,0
2900,6.42687717317,6.47142615749,6.44911319868,0
2900,6.47142615749,6.51628394061,6.49381631576,0
2900,6.51628394061,6.56145266303,6.53882930005,0
2900,6.56145266303,6.60693448008,6.58415429943,0
2900,6.60693448008,6.65273156202,6.62979347671,0
2900,6.65273156202,6.69884609417,6.67574900964,0
2900,6.69884609417,6.74528027698,6.72202309112,0
2900,6.74528027698,6.79203632617,6.7686179292,0
2900,6.79203632617,6.83911647281,6.81553574727,0
2900,6.83911647281,6.88652296344,6.86277878411,0
2900,6.88652296344,6.93425806017,6.91034929405,0
2900,6.93425806017,6.98232404077,6.95824954701,0
2900,6.98232404077,7.03072319884,7.00648182865,0
2900,7.03072319884,7.07945784384,7.05504844051,0
2900,7.07945784384,7.12853030127,7.10395170003,0
2900,7.12853030127,7.17794291271,7.15319394075,0
2900,7.17794291271,7.22769803602,7.20277751238,0
2900,7.22769803602,7.27779804537,7.25270478091,0
2900,7.27779804537,7.32824533139,7.30297812873,0
2900,7.32824533139,7.37904230129,7.35359995475,0
2900,7.37904230129,7.43019137897,7.40457267451,0
2900,7.43019137897,7.48169500511,7.45589872028,0
2900,7.48169500511,7.53355563734,7.5075805412,0
2900,7.53355563734,7.58577575029,7.55962060339,0
2900,7.58577575029,7.63835783578,7.61202139006,0
2900,7.63835783578,7.69130440287,7.66478540163,0
2900,7.69130440287,7.74461797803,7.71791515585,0
2900,7.74461797803,7.79830110523,7.77141318794,0
2900,7.79830110523,7.8523563461,7.82528205067,0
2900,7.8523563461,7.90678628,7.87952431451,0
2900,7.90678628,7.96159350417,7.93414256777,0
2900,7.96159350417,8.01678063388,7.98913941667,0
2900,8.01678063388,8.07235030249,8.04451748552,0
2900,8.07235030249,8.12830516164,8.1002794168,0
2900,8.12830516164,8.18464788135,8.15642787133,0
2900,8.18464788135,8.24138115013,8.21296552835,0
2900,8.24138115013,8.29850767514,8.26989508568,0
2900,8.29850767514,8.35603018231,8.32721925985,0
2900,8.35603018231,8.41395141645,8.38494078622,0
2900,8.41395141645,8.47227414141,8.44306241909,0
2900,8.47227414141,8.53100114018,8.50158693187,0
2900,8.53100114018,8.59013521505,8.5605171172,0
2900,8.59013521505,8.64967918776,8.61985578706,0
2900,8.64967918776,8.70963589956,8.67960577292,0
2900,8.70963589956,8.77000821144,8.73976992591,0
2900,8.77000821144,8.83079900419,8.80035111687,0
2900,8.83079900419,8.89201117858,8.86135223659,0
2900,8.89201117858,8.9536476555,8.92277619588,0
2900,8.9536476555,9.01571137606,8.98462592571,0
2900,9.01571137606,9.07820530178,9.04690437738,0
2900,9.07820530178,9.1411324147,9.10961452266,0
2900,9.1411324147,9.20449571753,9.1727593539,0
2900,9.20449571753,9.26829823379,9.2363418842,0
2900,9.26829823379,9.33254300797,9.30036514754,0
2900,9.33254300797,9.39723310565,9.36483219894,0
2900,9.39723310565,9.46237161366,9.4297461146,0
2900,9.46237161366,9.52796164024,9.49510999202,0
2900,9.52796164024,9.59400631516,9.5609269502,0
2900,9.59400631516,9.6605087899,9.62720012973,0
2900,9.6605087899,9.72747223777,9.693932693,0
2900,9.72747223777,9.79489985409,9.7611278243,0
2900,9.79489985409,9.86279485631,9.82878873,0
2900,9.86279485631,9.93116048421,9.89691863869,0
2900,9.93116048421,10,9.96552080135,0
4000,0.01,0.0100693166885,0.0100345984915,0
4000,0.0100693166885,0.0101391138574,0.0101041550053,0
4000,0.0101391138574,0.0102093948371,0.0101741936618,0
4000,0.0102093948371,0.0102801629813,0.0102447178031,0
4000,0.0102801629813,0.0103514216668,0.0103157307944,0
4000,0.0103514216668,0.0104231742939,0.0103872360242,0
4000,0.0104231742939,0.0104954242865,0.0104592369046,0
4000,0.0104954242865,0.0105681750921,0.0105317368713,0
4000,0.0105681750921,0.0106414301822,0.0106047393837,0
4000,0.0106414301822,0.0107151930524,0.0106782479254,0
4000,0.0107151930524,0.0107894672223,0.0107522660039,0
4000,0.0107894672223,0.0108642562362,0.0108267971513,0
4000,0.0108642562362,0.0109395636627,0.0109018449239,0
4000,0.0109395636627,0.0110153930954,0.0109774129027,0
4000,0.0110153930954,0.0110917481526,0.0110535046938,0
4000,0.0110917481526,0.0111686324778,0.011130123928,0
4000,0.0111686324778,0.0112460497397,0.0112072742614,0
4000,0.0112460497397,0.0113240036324,0.0112849593753,0
4000,0.0113240036324,0.0114024978756,0.0113631829767,0
4000,0.0114024978756,0.011481536215,0.0114419487982,0
4000,0.011481536215,0.0115611224219,0.0115212605983,0
4000,0.0115611224219,0.0116412602941,0.0116011221615,0
4000,0.0116412602941,0.0117219536555,0.0116815372986,0
4000,0.0117219536555,0.0118032063565,0.0117625098468,0
4000,0.0118032063565,0.0118850222744,0.01184404367,0
4000,0.0118850222744,0.0119674053131,0.0119261426586,0
4000,0.0119674053131,0.0120503594037,0.0120088107301,0
4000,0.0120503594037,0.0121338885046,0.0120920518294,0
4000,0.0121338885046,0.0122179966016,0.0121758699285,0
4000,0.0122179966016,0.0123026877081,0.0122602690268,0
4000,0.0123026877081,0.0123879658653,0.0123452531517,0
4000,0.0123879658653,0.0124738351424,0.0124308263584,0
4000,0.0124738351424,0.0125602996369,0.0125169927303,0
4000,0.0125602996369,0.0126473634747,0.0126037563789,0
4000,0.0126473634747,0.0127350308102,0.0126911214445,0
4000,0.0127350308102,0.0128233058266,0.0127790920957,0
4000,0.0128233058266,0.0129121927361,0.0128676725303,0
4000,0.0129121927361,0.0130016957803,0.0129568669752,0
4000,0.0130016957803,0.01309181923,0.0130466796864,0
4000,0.01309181923,0.0131825673856,0.0131371149496,0
4000,0.0131825673856,0.0132739445773,0.0132281770801,0
4000,0.0132739445773,0.0133659551655,0.0133198704231,0
4000,0.0133659551655,0.0134586035406,0.0134121993541,0
4000,0.0134586035406,0.0135518941235,0.0135051682786,0
4000,0.0135518941235,0.0136458313659,0.0135987816328,0
4000,0.0136458313659,0.0137404197501,0.0136930438839,0
4000,0.0137404197501,0.0138356637897,0.0137879595297,0
4000,0.0138356637897,0.0139315680295,0.0138835330993,0
4000,0.0139315680295,0.0140281370456,0.0139797691532,0
4000,0.0140281370456,0.0141253754462,0.0140766722836,0
4000,0.0141253754462,0.0142232878712,0.0141742471144,0
4000,0.0142232878712,0.0143218789927,0.0142724983016,0
4000,0.0143218789927,0.0144211535152,0.0143714305336,0
4000,0.0144211535152,0.0145211161759,0.0144710485309,0
4000,0.0145211161759,0.0146217717446,0.0145713570473,0
4000,0.0146217717446,0.0147231250243,0.0146723608691,0
4000,0.0147231250243,0.0148251808515,0.0147740648159,0
4000,0.0148251808515,0.0149279440958,0.0148764737408,0
4000,0.0149279440958,0.0150314196609,0.0149795925304,0
4000,0.0150314196609,0.0151356124844,0.0150834261054,0
4000,0.0151356124844,0.015240527538,0.0151879794203,0
4000,0.015240527538,0.015346169828,0.0152932574642,0
4000,0.015346169828,0.0154525443954,0.0153992652606,0
4000,0.0154525443954,0.0155596563161,0.0155060078679,0
4000,0.0155596563161,0.0156675107011,0.0156134903797,0
4000,0.0156675107011,0.015776112697,0.0157217179246,0
4000,0.015776112697,0.015885467486,0.0158306956671,0
4000,0.015885467486,0.0159955802861,0.0159404288071,0
4000,0.0159955802861,0.0161064563518,0.016050922581,0
4000,0.0161064563518,0.0162181009736,0.0161621822611,0
4000,0.0162181009736,0.0163305194789,0.0162742131564,0
4000,0.0163305194789,0.0164437172321,0.0163870206128,0
4000,0.0164437172321,0.0165576996347,0.0165006100132,0
4000,0.0165576996347,0.0166724721255,0.0166149867777,0
4000,0.0166724721255,0.0167880401812,0.016730156364,0
4000,0.0167880401812,0.0169044093164,0.0168461242677,0
4000,0.0169044093164,0.0170215850839,0.0169628960226,0
4000,0.0170215850839,0.0171395730751,0.0170804772006,0
4000,0.0171395730751,0.0172583789199,0.0171988734124,0
4000,0.0172583789199,0.0173780082875,0.0173180903075,0
4000,0.0173780082875,0.0174984668862,0.0174381335747,0
4000,0.0174984668862,0.0176197604641,0.017559008942,0
4000,0.0176197604641,0.0177418948089,0.0176807221773,0
4000,0.0177418948089,0.0178648757485,0.0178032790885,0
4000,0.0178648757485,0.0179887091513,0.0179266855237,0
4000,0.0179887091513,0.0181134009262,0.0180509473713,0
4000,0.0181134009262,0.0182389570232,0.018176070561,0
4000,0.0182389570232,0.0183653834335,0.0183020610631,0
4000,0.0183653834335,0.0184926861898,0.0184289248897,0
4000,0.0184926861898,0.0186208713666,0.0185566680943,0
4000,0.0186208713666,0.0187499450807,0.0186852967726,0
4000,0.0187499450807,0.018879913491,0.0188148170622,0
4000,0.018879913491,0.0190107827992,0.0189452351436,0
4000,0.0190107827992,0.0191425592502,0.0190765572399,0
4000,0.0191425592502,0.0192752491319,0.0192087896175,0
4000,0.0192752491319,0.0194088587759,0.0193419385862,0
4000,0.0194088587759,0.0195433945578,0.0194760104994,0
4000,0.0195433945578,0.0196788628971,0.0196110117548,0
4000,0.0196788628971,0.0198152702581,0.0197469487941,0
4000,0.0198152702581,0.0199526231497,0.019883828104,0
4000,0.0199526231497,0.0200909281261,0.0200216562159,0
4000,0.0200909281261,0.0202301917868,0.0201604397066,0
4000,0.0202301917868,0.0203704207771,0.0203001851986,0
4000,0.0203704207771,0.0205116217883,0.02044089936,0
4000,0.0205116217883,0.0206538015581,0.0205825889054,0
4000,0.0206538015581,0.020796966871,0.0207252605958,0
4000,0.020796966871,0.0209411245585,0.0208689212391,0
4000,0.0209411245585,0.0210862814993,0.0210135776905,0
4000,0.0210862814993,0.02123244462,0.0211592368524,0
4000,0.02123244462,0.021379620895,0.0213059056754,0
4000,0.021379620895,0.0215278173472,0.0214535911582,0
4000,0.0215278173472,0.0216770410482,0.0216023003477,0
4000,0.0216770410482,0.0218272991184,0.0217520403402,0
4000,0.0218272991184,0.0219785987278,0.0219028182807,0
4000,0.0219785987278,0.0221309470961,0.0220546413639,0
4000,0.0221309470961,0.0222843514927,0.0222075168345,0
4000,0.0222843514927,0.0224388192378,0.0223614519872,0
4000,0.0224388192378,0.0225943577022,0.0225164541674,0
4000,0.0225943577022,0.0227509743077,0.0226725307715,0
4000,0.0227509743077,0.0229086765277,0.0228296892468,0
4000,0.0229086765277,0.0230674718872,0.0229879370926,0
4000,0.0230674718872,0.0232273679636,0.0231472818602,0
4000,0.0232273679636,0.0233883723866,0.0233077311528,0
4000,0.0233883723866,0.023550492839,0.0234692926269,0
4000,0.023550492839,0.0237137370566,0.0236319739915,0
4000,0.0237137370566,0.0238781128291,0.0237957830096,0
4000,0.0238781128291,0.0240436280001,0.0239607274975,0
4000,0.0240436280001,0.0242102904674,0.0241268153259,0
4000,0.0242102904674,0.0243781081837,0.0242940544202,0
4000,0.0243781081837,0.0245470891569,0.0244624527605,0
4000,0.0245470891569,0.0247172414502,0.0246320183824,0
4000,0.0247172414502,0.0248885731828,0.0248027593769,0
4000,0.0248885731828,0.0250610925303,0.0249746838915,0
4000,0.0250610925303,0.0252348077248,0.02514780013,0
4000,0.0252348077248,0.0254097270555,0.0253221163528,0
4000,0.0254097270555,0.0255858588691,0.025497640878,0
4000,0.0255858588691,0.02576321157,0.0256743820811,0
4000,0.02576321157,0.0259417936212,0.0258523483956,0
4000,0.0259417936212,0.026121613544,0.0260315483137,0
4000,0.026121613544,0.026302679919,0.0262119903864,0
4000,0.026302679919,0.0264850013861,0.0263936832237,0
4000,0.0264850013861,0.0266685866452,0.0265766354955,0
4000,0.0266685866452,0.0268534444566,0.026760855932,0
4000,0.0268534444566,0.0270395836411,0.0269463533235,0
4000,0.0270395836411,0.0272270130808,0.0271331365215,0
4000,0.0272270130808,0.0274157417193,0.0273212144388,0
4000,0.0274157417193,0.0276057785622,0.0275105960499,0
4000,0.0276057785622,0.0277971326776,0.0277012903916,0
4000,0.0277971326776,0.0279898131963,0.0278933065634,0
4000,0.0279898131963,0.0281838293126,0.0280866537277,0
4000,0.0281838293126,0.0283791902844,0.0282813411105,0
4000,0.0283791902844,0.0285759054337,0.0284773780017,0
4000,0.0285759054337,0.0287739841474,0.0286747737558,0
4000,0.0287739841474,0.028973435877,0.0288735377919,0
4000,0.028973435877,0.02917427014,0.0290736795944,0
4000,0.02917427014,0.0293764965196,0.0292752087137,0
4000,0.0293764965196,0.0295801246655,0.0294781347661,0
4000,0.0295801246655,0.0297851642943,0.0296824674346,0
4000,0.0297851642943,0.0299916251899,0.0298882164696,0
4000,0.0299916251899,0.030199517204,0.0300953916887,0
4000,0.030199517204,0.0304088502568,0.0303040029779,0
4000,0.0304088502568,0.0306196343369,0.0305140602914,0
4000,0.0306196343369,0.0308318795025,0.0307255736527,0
4000,0.0308318795025,0.0310455958813,0.0309385531545,0
4000,0.0310455958813,0.0312607936712,0.0311530089597,0
4000,0.0312607936712,0.031477483141,0.0313689513016,0
4000,0.031477483141,0.0316956746304,0.0315863904842,0
4000,0.0316956746304,0.031915378551,0.0318053368833,0
4000,0.031915378551,0.0321366053864,0.0320258009463,0
4000,0.0321366053864,0.032359365693,0.0322477931932,0
4000,0.032359365693,0.0325836701002,0.0324713242168,0
4000,0.0325836701002,0.0328095293113,0.0326964046834,0
4000,0.0328095293113,0.0330369541037,0.0329230453333,0
4000,0.0330369541037,0.0332659553294,0.0331512569812,0
4000,0.0332659553294,0.0334965439158,0.0333810505166,0
4000,0.0334965439158,0.0337287308659,0.0336124369047,0
4000,0.0337287308659,0.033962527259,0.0338454271866,0
4000,0.033962527259,0.0341979442514,0.03408003248,0
4000,0.0341979442514,0.0344349930763,0.0343162639796,0
4000,0.0344349930763,0.0346736850453,0.0345541329578,0
4000,0.0346736850453,0.0349140315479,0.0347936507649,0
4000,0.0349140315479,0.0351560440528,0.0350348288302,0
4000,0.0351560440528,0.0353997341083,0.0352776786619,0
4000,0.0353997341083,0.0356451133426,0.0355222118482,0
4000,0.0356451133426,0.0358921934645,0.0357684400576,0
4000,0.0358921934645,0.036140986264,0.0360163750395,0
4000,0.036140986264,0.0363915036127,0.0362660286245,0
4000,0.0363915036127,0.0366437574648,0.0365174127255,0
4000,0.0366437574648,0.036897759857,0.0367705393378,0
4000,0.036897759857,0.0371535229097,0.03702542054,0
4000,0.0371535229097,0.0374110588272,0.0372820684943,0
4000,0.0374110588272,0.0376703798984,0.0375404954472,0
4000,0.0376703798984,0.0379314984974,0.0378007137302,0
4000,0.0379314984974,0.038194427084,0.0380627357601,0
4000,0.038194427084,0.0384591782045,0.03832657404,0
4000,0.0384591782045,0.0387257644922,0.0385922411595,0
4000,0.0387257644922,0.0389941986677,0.0388597497954,0
4000,0.0389941986677,0.03926449354,0.0391291127127,0
4000,0.03926449354,0.0395366620068,0.0394003427645,0
4000,0.0395366620068,0.0398107170553,0.0396734528932,0
4000,0.0398107170553,0.0400866717627,0.0399484561308,0
4000,0.0400866717627,0.0403645392968,0.0402253655999,0
4000,0.0403645392968,0.0406443329165,0.0405041945136,0
4000,0.0406443329165,0.040926065973,0.0407849561771,0
4000,0.040926065973,0.0412097519097,0.0410676639875,0
4000,0.0412097519097,0.0414954042634,0.0413523314348,0
4000,0.0414954042634,0.0417830366647,0.0416389721025,0
4000,0.0417830366647,0.0420726628384,0.0419275996685,0
4000,0.0420726628384,0.042364296605,0.0422182279051,0
4000,0.042364296605,0.0426579518802,0.0425108706805,0
4000,0.0426579518802,0.0429536426765,0.0428055419586,0
4000,0.0429536426765,0.0432513831035,0.0431022558005,0
4000,0.0432513831035,0.0435511873686,0.0434010263645,0
4000,0.0435511873686,0.0438530697775,0.0437018679071,0
4000,0.0438530697775,0.0441570447353,0.0440047947836,0
4000,0.0441570447353,0.0444631267469,0.0443098214489,0
4000,0.0444631267469,0.0447713304176,0.0446169624581,0
4000,0.0447713304176,0.0450816704541,0.044926232467,0
4000,0.0450816704541,0.045394161665,0.0452376462332,0
4000,0.045394161665,0.0457088189615,0.0455512186166,0
4000,0.0457088189615,0.0460256573581,0.0458669645798,0
4000,0.0460256573581,0.0463446919736,0.0461848991895,0
4000,0.0463446919736,0.0466659380314,0.0465050376167,0
4000,0.0466659380314,0.0469894108605,0.0468273951374,0
4000,0.0469894108605,0.0473151258961,0.0471519871336,0
4000,0.0473151258961,0.0476430986805,0.0474788290942,0
4000,0.0476430986805,0.0479733448637,0.0478079366149,0
4000,0.0479733448637,0.048305880204,0.0481393254,0
4000,0.048305880204,0.0486407205691,0.0484730112624,0
4000,0.0486407205691,0.0489778819368,0.0488090101248,0
4000,0.0489778819368,0.0493173803955,0.0491473380199,0
4000,0.0493173803955,0.049659232145,0.049488011092,0
4000,0.049659232145,0.0500034534977,0.0498310455971,0
4000,0.0500034534977,0.0503500608788,0.0501764579037,0
4000,0.0503500608788,0.0506990708275,0.050524264494,0
4000,0.0506990708275,0.0510504999975,0.0508744819645,0
4000,0.0510504999975,0.0514043651582,0.0512271270265,0
4000,0.0514043651582,0.0517606831951,0.0515822165072,0
4000,0.0517606831951,0.0521194711105,0.0519397673507,0
4000,0.0521194711105,0.052480746025,0.0522997966182,0
4000,0.052480746025,0.0528445251775,0.0526623214894,0
4000,0.0528445251775,0.0532108259267,0.0530273592629,0
4000,0.0532108259267,0.0535796657513,0.0533949273574,0
4000,0.0535796657513,0.0539510622515,0.0537650433122,0
4000,0.0539510622515,0.0543250331492,0.0541377247883,0
4000,0.0543250331492,0.0547015962894,0.0545129895689,0
4000,0.0547015962894,0.0550807696405,0.0548908555607,0
4000,0.0550807696405,0.0554625712958,0.0552713407944,0
4000,0.0554625712958,0.0558470194737,0.0556544634258,0
4000,0.0558470194737,0.056234132519,0.0560402417364,0
4000,0.056234132519,0.0566239289038,0.0564286941345,0
4000,0.0566239289038,0.0570164272281,0.056819839156,0
4000,0.0570164272281,0.0574116462207,0.0572136954652,0
4000,0.0574116462207,0.0578096047406,0.057610281856,0
4000,0.0578096047406,0.0582103217771,0.0580096172523,0
4000,0.0582103217771,0.0586138164514,0.0584117207093,0
4000,0.0586138164514,0.0590201080172,0.0588166114143,0
4000,0.0590201080172,0.0594292158616,0.0592243086876,0
4000,0.0594292158616,0.059841159506,0.0596348319834,0
4000,0.059841159506,0.0602559586074,0.0600482008908,0
4000,0.0602559586074,0.0606736329589,0.0604644351345,0
4000,0.0606736329589,0.0610942024906,0.0608835545761,0
4000,0.0610942024906,0.061517687271,0.061305579215,0
4000,0.061517687271,0.0619441075077,0.0617305291889,0
4000,0.0619441075077,0.0623734835482,0.0621584247753,0
4000,0.0623734835482,0.0628058358813,0.0625892863921,0
4000,0.0628058358813,0.0632411851376,0.0630231345991,0
4000,0.0632411851376,0.0636795520908,0.0634599900981,0
4000,0.0636795520908,0.0641209576585,0.0638998737348,0
4000,0.0641209576585,0.0645654229035,0.0643428064992,0
4000,0.0645654229035,0.0650129690343,0.0647888095269,0
4000,0.0650129690343,0.0654636174067,0.0652379040998,0
4000,0.0654636174067,0.0659173895244,0.0656901116476,0
4000,0.0659173895244,0.0663743070402,0.0661454537484,0
4000,0.0663743070402,0.0668343917569,0.0666039521298,0
4000,0.0668343917569,0.0672976656284,0.0670656286702,0
4000,0.0672976656284,0.0677641507611,0.0675305053995,0
4000,0.0677641507611,0.0682338694142,0.0679986045003,0
4000,0.0682338694142,0.0687068440014,0.0684699483091,0
4000,0.0687068440014,0.0691830970919,0.0689445593171,0
4000,0.0691830970919,0.0696626514111,0.0694224601714,0
4000,0.0696626514111,0.070145529842,0.0699036736762,0
4000,0.070145529842,0.0706317554263,0.0703882227936,0
4000,0.0706317554263,0.0711213513653,0.0708761306451,0
4000,0.0711213513653,0.0716143410213,0.0713674205122,0
4000,0.0716143410213,0.0721107479183,0.071862115838,0
4000,0.0721107479183,0.0726105957435,0.072360240228,0
4000,0.0726105957435,0.0731139083483,0.0728618174513,0
4000,0.0731139083483,0.0736207097495,0.0733668714418,0
4000,0.0736207097495,0.0741310241301,0.0738754262994,0
4000,0.0741310241301,0.074644875841,0.0743875062908,0
4000,0.074644875841,0.0751622894018,0.0749031358511,0
4000,0.0751622894018,0.0756832895021,0.0754223395848,0
4000,0.0756832895021,0.0762079010025,0.0759451422668,0
4000,0.0762079010025,0.0767361489362,0.0764715688439,0
4000,0.0767361489362,0.0772680585096,0.0770016444357,0
4000,0.0772680585096,0.077803655104,0.077535394336,0
4000,0.077803655104,0.0783429642766,0.0780728440138,0
4000,0.0783429642766,0.0788860117619,0.0786140191148,0
4000,0.0788860117619,0.0794328234724,0.0791589454624,0
4000,0.0794328234724,0.0799834255007,0.079707649059,0
4000,0.0799834255007,0.0805378441199,0.0802601560873,0
4000,0.0805378441199,0.0810961057854,0.0808164929113,0
4000,0.0810961057854,0.0816582371359,0.0813766860779,0
4000,0.0816582371359,0.0822242649947,0.081940762318,0
4000,0.0822242649947,0.0827942163712,0.0825087485479,0
4000,0.0827942163712,0.083368118462,0.0830806718702,0
4000,0.083368118462,0.0839459986519,0.0836565595756,0
4000,0.0839459986519,0.084527884516,0.0842364391438,0
4000,0.084527884516,0.0851138038202,0.0848203382452,0
4000,0.0851138038202,0.085703784523,0.0854082847419,0
4000,0.085703784523,0.0862978547767,0.0860003066889,0
4000,0.0862978547767,0.0868960429286,0.086596432336,0
4000,0.0868960429286,0.0874983775227,0.0871966901287,0
4000,0.0874983775227,0.0881048873008,0.0878011087097,0
4000,0.0881048873008,0.0887156012038,0.08840971692,0
4000,0.0887156012038,0.0893305483733,0.089022543801,0
4000,0.0893305483733,0.089949758153,0.089639618595,0
4000,0.089949758153,0.0905732600898,0.0902609707471,0
4000,0.0905732600898,0.0912010839356,0.0908866299066,0
4000,0.0912010839356,0.0918332596484,0.0915166259281,0
4000,0.0918332596484,0.0924698173938,0.0921509888735,0
4000,0.0924698173938,0.0931107875468,0.0927897490127,0
4000,0.0931107875468,0.0937562006926,0.0934329368257,0
4000,0.0937562006926,0.0944060876286,0.0940805830037,0
4000,0.0944060876286,0.0950604793656,0.0947327184504,0
4000,0.0950604793656,0.0957194071295,0.0953893742842,0
4000,0.0957194071295,0.0963829023624,0.0960505818387,0
4000,0.0963829023624,0.0970509967245,0.096716372665,0
4000,0.0970509967245,0.0977237220956,0.0973867785329,0
4000,0.0977237220956,0.0984011105761,0.0980618314322,0
4000,0.0984011105761,0.0990831944893,0.0987415635747,0
4000,0.0990831944893,0.0997700063823,0.0994260073953,0
4000,0.0997700063823,0.100461579028,0.100115195554,0
4000,0.100461579028,0.101157945426,0.100809160936,0
4000,0.101157945426,0.101859138805,0.101507936657,0
4000,0.101859138805,0.102565192625,0.10221155606,0
4000,0.102565192625,0.103276140576,0.102920052719,0
4000,0.103276140576,0.103992016583,0.103633460443,0
4000,0.103992016583,0.104712854805,0.104351813273,0
4000,0.104712854805,0.105438689639,0.105075145487,0
4000,0.105438689639,0.10616955572,0.1058034916,0
4000,0.10616955572,0.106905487922,0.106536886367,0
4000,0.106905487922,0.107646521363,0.107275364784,0
4000,0.107646521363,0.108392691402,0.108018962088,0
4000,0.108392691402,0.109144033645,0.108767713763,0
4000,0.109144033645,0.109900583943,0.109521655537,0
4000,0.109900583943,0.110662378398,0.110280823385,0
4000,0.110662378398,0.111429453359,0.111045253533,0
4000,0.111429453359,0.11220184543,0.111814982458,0
4000,0.11220184543,0.112979591467,0.112590046889,0
4000,0.112979591467,0.113762728582,0.113370483811,0
4000,0.113762728582,0.114551294145,0.114156330462,0
4000,0.114551294145,0.115345325782,0.114947624342,0
4000,0.115345325782,0.116144861384,0.115744403209,0
4000,0.116144861384,0.116949939102,0.116546705084,0
4000,0.116949939102,0.117760597352,0.117354568249,0
4000,0.117760597352,0.118576874817,0.118168031254,0
4000,0.118576874817,0.119398810446,0.118987132916,0
4000,0.119398810446,0.120226443462,0.119811912319,0
4000,0.120226443462,0.121059813355,0.12064240882,0
4000,0.121059813355,0.121898959892,0.121478662047,0
4000,0.121898959892,0.122743923116,0.122320711905,0
4000,0.122743923116,0.123594743344,0.123168598574,0
4000,0.123594743344,0.124451461177,0.124022362512,0
4000,0.124451461177,0.125314117494,0.124882044459,0
4000,0.125314117494,0.126182753459,0.125747685437,0
4000,0.126182753459,0.127057410521,0.126619326751,0
4000,0.127057410521,0.127938130416,0.127497009994,0
4000,0.127938130416,0.128824955169,0.128380777047,0
4000,0.128824955169,0.129717927098,0.129270670081,0
4000,0.129717927098,0.130617088813,0.130166731558,0
4000,0.130617088813,0.131522483219,0.131069004237,0
4000,0.131522483219,0.132434153519,0.131977531171,0
4000,0.132434153519,0.133352143216,0.132892355713,0
4000,0.133352143216,0.134276496114,0.133813521515,0
4000,0.134276496114,0.135207256319,0.134741072534,0
4000,0.135207256319,0.136144468247,0.13567505303,0
4000,0.136144468247,0.137088176616,0.136615507569,0
4000,0.137088176616,0.13803842646,0.137562481028,0
4000,0.13803842646,0.138995263121,0.138516018592,0
4000,0.138995263121,0.139958732257,0.139476165764,0
4000,0.139958732257,0.140928879842,0.140442968358,0
4000,0.140928879842,0.141905752169,0.141416472507,0
4000,0.141905752169,0.142889395851,0.142396724665,0
4000,0.142889395851,0.143879857826,0.143383771606,0
4000,0.143879857826,0.144877185354,0.144377660429,0
4000,0.144877185354,0.145881426028,0.145378438561,0
4000,0.145881426028,0.146892627764,0.146386153755,0
4000,0.146892627764,0.147910838817,0.147400854097,0
4000,0.147910838817,0.148936107771,0.148422588006,0
4000,0.148936107771,0.14996848355,0.149451404237,33.4898659021
4000,0.14996848355,0.151008015416,0.15048735188,0
4000,0.151008015416,0.152054752973,0.15153048037,0
4000,0.152054752973,0.153108746168,0.152580839481,0
4000,0.153108746168,0.154170045295,0.153638479333,0
4000,0.154170045295,0.155238700996,0.154703450395,0
4000,0.155238700996,0.156314764264,0.155775803483,0
4000,0.156314764264,0.157398286447,0.156855589768,0
4000,0.157398286447,0.158489319246,0.157942860774,0
4000,0.158489319246,0.159587914724,0.159037668382,0
4000,0.159587914724,0.160694125301,0.160140064834,0
4000,0.160694125301,0.161808003764,0.161250102734,0
4000,0.161808003764,0.162929603264,0.162367835048,0
4000,0.162929603264,0.16405897732,0.163493315113,0
4000,0.16405897732,0.165196179823,0.164626596633,0
4000,0.165196179823,0.166341265037,0.165767733685,0
4000,0.166341265037,0.167494287603,0.166916780721,0
4000,0.167494287603,0.168655302539,0.168073792571,0
4000,0.168655302539,0.169824365246,0.169238824444,0
4000,0.169824365246,0.171001531509,0.170411931932,0
4000,0.171001531509,0.172186857499,0.171593171012,0
4000,0.172186857499,0.173380399775,0.172782598051,0
4000,0.173380399775,0.174582215292,0.173980269804,0
4000,0.174582215292,0.175792361396,0.175186243421,0
4000,0.175792361396,0.177010895832,0.176400576448,0
4000,0.177010895832,0.178237876745,0.177623326829,0
4000,0.178237876745,0.179473362683,0.178854552911,0
4000,0.179473362683,0.180717412601,0.180094313444,0
4000,0.180717412601,0.181970085861,0.181342667587,0
4000,0.181970085861,0.183231442237,0.182599674907,0
4000,0.183231442237,0.184501541918,0.183865395386,0
4000,0.184501541918,0.185780445509,0.185139889421,0
4000,0.185780445509,0.187068214037,0.186423217825,0
4000,0.187068214037,0.188364908949,0.187715441838,0
4000,0.188364908949,0.189670592121,0.189016623119,0
4000,0.189670592121,0.190985325857,0.190326823758,0
4000,0.190985325857,0.192309172891,0.191646106274,0
4000,0.192309172891,0.193642196395,0.192974533619,0
4000,0.193642196395,0.194984459976,0.194312169183,0
4000,0.194984459976,0.196336027684,0.195659076793,0
4000,0.196336027684,0.197696964011,0.197015320722,0
4000,0.197696964011,0.199067333899,0.198380965684,0
4000,0.199067333899,0.200447202737,0.199756076844,0
4000,0.200447202737,0.201836636368,0.20114071982,0
4000,0.201836636368,0.203235701094,0.202534960682,0
4000,0.203235701094,0.204644463672,0.203938865961,0
4000,0.204644463672,0.206062991327,0.205352502646,0
4000,0.206062991327,0.207491351745,0.206775938192,0
4000,0.207491351745,0.208929613085,0.208209240522,0
4000,0.208929613085,0.210377843977,0.209652478029,0
4000,0.210377843977,0.211836113525,0.211105719581,0
4000,0.211836113525,0.213304491315,0.212569034522,0
4000,0.213304491315,0.214783047413,0.214042492677,0
4000,0.214783047413,0.216271852373,0.215526164357,0
4000,0.216271852373,0.217770977235,0.217020120357,0
4000,0.217770977235,0.219280493535,0.218524431965,0
4000,0.219280493535,0.220800473302,0.220039170964,0
4000,0.220800473302,0.222330989065,0.221564409631,0
4000,0.222330989065,0.223872113857,0.223100220748,0
4000,0.223872113857,0.225423921215,0.224646677599,0
4000,0.225423921215,0.226986485188,0.226203853977,0
4000,0.226986485188,0.228559880338,0.227771824186,0
4000,0.228559880338,0.230144181741,0.229350663045,0
4000,0.230144181741,0.231739464997,0.230940445892,0
4000,0.231739464997,0.233345806228,0.232541248587,0
4000,0.233345806228,0.234963282085,0.234153147517,0
4000,0.234963282085,0.236591969749,0.235776219596,0
4000,0.236591969749,0.238231946936,0.237410542273,0
4000,0.238231946936,0.239883291902,0.239056193534,0
4000,0.239883291902,0.241546083444,0.240713251905,0
4000,0.241546083444,0.243220400907,0.242381796455,0
4000,0.243220400907,0.244906324184,0.244061906804,0
4000,0.244906324184,0.246603933723,0.245753663122,0
4000,0.246603933723,0.24831331053,0.247457146133,0
4000,0.24831331053,0.25003453617,0.249172437125,0
4000,0.25003453617,0.251767692776,0.250899617947,0
4000,0.251767692776,0.25351286305,0.252638771013,0
4000,0.25351286305,0.255270130266,0.254389979313,0
4000,0.255270130266,0.257039578277,0.256153326409,0
4000,0.257039578277,0.258821291515,0.257928896443,0
4000,0.258821291515,0.260615355,0.25971677414,0
4000,0.260615355,0.262421854338,0.261517044814,0
4000,0.262421854338,0.264240875732,0.263329794368,0
4000,0.264240875732,0.26607250598,0.265155109301,0
4000,0.26607250598,0.267916832482,0.266993076713,0
4000,0.267916832482,0.269773943244,0.268843784306,0
4000,0.269773943244,0.271643926884,0.270707320392,0
4000,0.271643926884,0.273526872631,0.272583773893,0
4000,0.273526872631,0.275422870334,0.274473234348,0
4000,0.275422870334,0.277332010465,0.276375791917,0
4000,0.277332010465,0.279254384124,0.278291537385,0
4000,0.279254384124,0.28119008304,0.280220562167,0
4000,0.28119008304,0.28313919958,0.282162958309,0
4000,0.28313919958,0.28510182675,0.284118818498,0
4000,0.28510182675,0.287078058202,0.286088236063,0
4000,0.287078058202,0.289067988237,0.288071304978,0
4000,0.289067988237,0.291071711807,0.290068119869,0
4000,0.291071711807,0.293089324525,0.292078776021,0
4000,0.293089324525,0.295120922667,0.294103369375,0
4000,0.295120922667,0.297166603174,0.296141996539,0
4000,0.297166603174,0.299226463661,0.298194754793,0
4000,0.299226463661,0.301300602419,0.300261742086,0
4000,0.301300602419,0.303389118419,0.302343057051,0
4000,0.303389118419,0.305492111322,0.304438799002,0
4000,0.305492111322,0.307609681474,0.306549067943,0
4000,0.307609681474,0.309741929922,0.308673964568,0
4000,0.309741929922,0.311888958409,0.310813590274,0
4000,0.311888958409,0.314050869388,0.312968047156,0
4000,0.314050869388,0.316227766017,0.31513743802,0
4000,0.316227766017,0.318419752173,0.317321866384,0
4000,0.318419752173,0.320626932451,0.319521436481,0
4000,0.320626932451,0.322849412171,0.32173625327,0
4000,0.322849412171,0.325087297385,0.323966422435,0
4000,0.325087297385,0.327340694879,0.326212050394,0
4000,0.327340694879,0.329609712177,0.328473244303,0
4000,0.329609712177,0.331894457553,0.330750112059,0
4000,0.331894457553,0.334195040026,0.333042762309,0
4000,0.334195040026,0.336511569375,0.335351304451,0
4000,0.336511569375,0.338844156139,0.337675848642,0
4000,0.338844156139,0.341192911622,0.340016505804,0
4000,0.341192911622,0.3435579479,0.342373387626,0
4000,0.3435579479,0.345939377826,0.344746606573,0
4000,0.345939377826,0.348337315036,0.347136275888,0
4000,0.348337315036,0.350751873953,0.349542509599,0
4000,0.350751873953,0.353183169792,0.351965422525,0
4000,0.353183169792,0.355631318569,0.354405130281,0
4000,0.355631318569,0.358096437103,0.356861749283,0
4000,0.358096437103,0.360578643022,0.359335396755,0
4000,0.360578643022,0.36307805477,0.361826190732,0
4000,0.36307805477,0.365594791613,0.364334250068,0
4000,0.365594791613,0.368128973643,0.366859694441,0
4000,0.368128973643,0.370680721783,0.369402644358,0
4000,0.370680721783,0.373250157796,0.371963221162,0
4000,0.373250157796,0.375837404288,0.374541547036,0
4000,0.375837404288,0.378442584717,0.377137745011,0
4000,0.378442584717,0.381065823394,0.379751938971,0
4000,0.381065823394,0.383707245492,0.382384253658,0
4000,0.383707245492,0.386366977054,0.385034814679,0
4000,0.386366977054,0.389045144994,0.38770374851,0
4000,0.389045144994,0.391741877108,0.390391182508,0
4000,0.391741877108,0.394457302075,0.393097244907,0
4000,0.394457302075,0.397191549469,0.395822064836,0
4000,0.397191549469,0.399944749761,0.398565772313,0
4000,0.399944749761,0.402717034325,0.401328498263,0
4000,0.402717034325,0.405508535448,0.404110374513,0
4000,0.405508535448,0.408319386333,0.406911533809,0
4000,0.408319386333,0.411149721105,0.409732109814,0
4000,0.411149721105,0.41399967482,0.412572237117,0
4000,0.41399967482,0.41686938347,0.415432051242,0
4000,0.41686938347,0.419758983991,0.418311688651,0
4000,0.419758983991,0.422668614266,0.421211286754,0
4000,0.422668614266,0.425598413134,0.42413098391,0
4000,0.425598413134,0.428548520397,0.427070919441,0
4000,0.428548520397,0.431519076828,0.430031233631,0
4000,0.431519076828,0.434510224172,0.433012067738,0
4000,0.434510224172,0.437522105158,0.436013564,0
4000,0.437522105158,0.440554863507,0.439035865641,0
4000,0.440554863507,0.443608643931,0.442079116876,0
4000,0.443608643931,0.446683592151,0.44514346292,0
4000,0.446683592151,0.449779854893,0.448229049997,0
4000,0.449779854893,0.452897579904,0.451336025341,0
4000,0.452897579904,0.456036915951,0.45446453721,0
4000,0.456036915951,0.459198012837,0.457614734886,0
4000,0.459198012837,0.462381021399,0.46078676869,0
4000,0.462381021399,0.465586093523,0.463980789982,0
4000,0.465586093523,0.468813382145,0.467196951172,0
4000,0.468813382145,0.472063041264,0.470435405726,0
4000,0.472063041264,0.475335225943,0.473696308175,0
4000,0.475335225943,0.478630092323,0.476979814119,0
4000,0.478630092323,0.481947797625,0.48028608024,0
4000,0.481947797625,0.485288500162,0.483615264302,0
4000,0.485288500162,0.488652359343,0.486967525166,0
4000,0.488652359343,0.492039535681,0.490343022792,0
4000,0.492039535681,0.495450190805,0.49374191825,0
4000,0.495450190805,0.49888448746,0.497164373725,0
4000,0.49888448746,0.502342589522,0.500610552529,0
4000,0.502342589522,0.505824662003,0.504080619103,0
4000,0.505824662003,0.509330871057,0.507574739029,0
4000,0.509330871057,0.512861383991,0.511093079037,0
4000,0.512861383991,0.516416369272,0.514635807014,0
4000,0.516416369272,0.519995996534,0.518203092007,0
4000,0.519995996534,0.523600436586,0.521795104239,0
4000,0.523600436586,0.527229861423,0.52541201511,0
4000,0.527229861423,0.530884444231,0.52905399721,0
4000,0.530884444231,0.534564359397,0.532721224323,0
4000,0.534564359397,0.538269782516,0.53641387144,0
4000,0.538269782516,0.542000890402,0.540132114765,0
4000,0.542000890402,0.545757861091,0.54387613172,0
4000,0.545757861091,0.549540873858,0.547646100962,0
4000,0.549540873858,0.553350109216,0.551442202382,0
4000,0.553350109216,0.557185748932,0.55526461712,0
4000,0.557185748932,0.561047976032,0.559113527571,0
4000,0.561047976032,0.564936974812,0.562989117394,0
4000,0.564936974812,0.568852930844,0.566891571523,0
4000,0.568852930844,0.572796030986,0.570821076172,0
4000,0.572796030986,0.576766463392,0.574777818846,0
4000,0.576766463392,0.580764417521,0.578761988349,0
4000,0.580764417521,0.584790084144,0.582773774796,0
4000,0.584790084144,0.588843655356,0.586813369619,0
4000,0.588843655356,0.59292532458,0.590880965575,0
4000,0.59292532458,0.597035286584,0.594976756759,0
4000,0.597035286584,0.601173737483,0.599100938611,0
4000,0.601173737483,0.605340874754,0.603253707927,0
4000,0.605340874754,0.60953689724,0.607435262864,0
4000,0.60953689724,0.613762005165,0.611645802955,0
4000,0.613762005165,0.618016400138,0.615885529115,0
4000,0.618016400138,0.622300285169,0.620154643654,0
4000,0.622300285169,0.626613864672,0.624453350281,0
4000,0.626613864672,0.63095734448,0.628781854118,0
4000,0.63095734448,0.635330931852,0.633140361711,0
4000,0.635330931852,0.639734835483,0.637529081035,0
4000,0.639734835483,0.644169265515,0.641948221508,0
4000,0.644169265515,0.648634433548,0.646397994,0
4000,0.648634433548,0.653130552647,0.65087861084,0
4000,0.653130552647,0.657657837355,0.655390285833,0
4000,0.657657837355,0.662216503702,0.659933234264,0
4000,0.662216503702,0.666806769214,0.664507672908,0
4000,0.666806769214,0.671428852926,0.669113820046,0
4000,0.671428852926,0.676082975392,0.673751895471,0
4000,0.676082975392,0.680769358694,0.678422120498,0
4000,0.680769358694,0.685488226453,0.683124717979,0
4000,0.685488226453,0.69023980384,0.687859912309,0
4000,0.69023980384,0.695024317589,0.692627929437,0
4000,0.695024317589,0.699841996002,0.697428996882,0
4000,0.699841996002,0.704693068967,0.702263343736,0
4000,0.704693068967,0.709577767963,0.707131200681,0
4000,0.709577767963,0.714496326076,0.712032799999,0
4000,0.714496326076,0.719448978004,0.71696837558,0
4000,0.719448978004,0.724435960075,0.721938162937,0
4000,0.724435960075,0.729457510255,0.726942399214,0
4000,0.729457510255,0.734513868157,0.7319813232,0
4000,0.734513868157,0.739605275058,0.737055175338,0
4000,0.739605275058,0.744731973906,0.742164197739,0
4000,0.744731973906,0.749894209332,0.747308634191,0
4000,0.749894209332,0.755092227665,0.752488730174,0
4000,0.755092227665,0.76032627694,0.757704732866,0
4000,0.76032627694,0.765596606911,0.762956891162,0
4000,0.765596606911,0.770903469064,0.768245455679,0
4000,0.770903469064,0.776247116629,0.773570678775,0
4000,0.776247116629,0.781627804588,0.778932814554,0
4000,0.781627804588,0.787045789695,0.784332118882,0
4000,0.787045789695,0.79250133048,0.7897688494,0
4000,0.79250133048,0.797994687268,0.795243265533,0
4000,0.797994687268,0.803526122186,0.800755628507,0
4000,0.803526122186,0.809095899178,0.806306201355,0
4000,0.809095899178,0.814704284021,0.811895248936,0
4000,0.814704284021,0.82035154433,0.817523037944,0
4000,0.82035154433,0.826037949577,0.823189836921,0
4000,0.826037949577,0.831763771103,0.828895916273,0
4000,0.831763771103,0.837529282127,0.834641548277,0
4000,0.837529282127,0.843334757764,0.8404270071,0
4000,0.843334757764,0.849180475036,0.846252568807,0
4000,0.849180475036,0.855066712885,0.852118511379,0
4000,0.855066712885,0.860993752185,0.858025114723,0
4000,0.860993752185,0.866961875758,0.863972660684,0
4000,0.866961875758,0.872971368388,0.869961433065,0
4000,0.872971368388,0.879022516831,0.875991717633,0
4000,0.879022516831,0.885115609831,0.882063802137,0
4000,0.885115609831,0.891250938134,0.888177976319,0
4000,0.891250938134,0.897428794501,0.894334531933,0
4000,0.897428794501,0.903649473722,0.900533762751,0
4000,0.903649473722,0.909913272632,0.906775964584,0
4000,0.909913272632,0.916220490122,0.913061435293,0
4000,0.916220490122,0.922571427155,0.919390474804,0
4000,0.922571427155,0.92896638678,0.925763385121,0
4000,0.92896638678,0.935405674148,0.932180470342,0
4000,0.935405674148,0.941889596523,0.938642036672,0
4000,0.941889596523,0.948418463301,0.945148392441,0
4000,0.948418463301,0.954992586021,0.951699848113,0
4000,0.954992586021,0.961612278384,0.958296716306,0
4000,0.961612278384,0.968277856261,0.964939311806,0
4000,0.968277856261,0.974989637717,0.971627951577,0
4000,0.974989637717,0.98174794302,0.978362954785,0
4000,0.98174794302,0.988553094657,0.985144642804,0
4000,0.988553094657,0.995405417352,0.991973339239,0
4000,0.995405417352,1.00230523808,0.998849369937,0
4000,1.00230523808,1.00925288608,1.005773063,0
4000,1.00925288608,1.01624869287,1.01274474881,0
4000,1.01624869287,1.02329299228,1.01976476004,0
4000,1.02329299228,1.03038612044,1.02683343167,0
4000,1.03038612044,1.03752841582,1.03395110098,0
4000,1.03752841582,1.04472021922,1.04111810762,0
4000,1.04472021922,1.05196187382,1.04833479358,0
4000,1.05196187382,1.05925372518,1.05560150322,0
4000,1.05925372518,1.06659612123,1.06291858328,0
4000,1.06659612123,1.07398941234,1.07028638291,0
4000,1.07398941234,1.0814339513,1.07770525369,0
4000,1.0814339513,1.08893009333,1.08517554963,0
4000,1.08893009333,1.09647819614,1.09269762719,0
4000,1.09647819614,1.1040786199,1.1002718453,0
4000,1.1040786199,1.11173172728,1.10789856537,0
4000,1.11173172728,1.11943788347,1.11557815135,0
4000,1.11943788347,1.12719745618,1.12331096967,0
4000,1.12719745618,1.13501081567,1.13109738933,0
4000,1.13501081567,1.14287833479,1.13893778188,0
4000,1.14287833479,1.15080038894,1.14683252142,0
4000,1.15080038894,1.15877735616,1.15478198469,0
4000,1.15877735616,1.16680961706,1.162786551,0
4000,1.16680961706,1.17489755494,1.17084660232,0
4000,1.17489755494,1.18304155573,1.17896252324,0
4000,1.18304155573,1.19124200803,1.18713470104,0
4000,1.19124200803,1.19949930315,1.19536352567,0
4000,1.19949930315,1.20781383511,1.20364938979,0
4000,1.20781383511,1.21618600065,1.21199268877,0
4000,1.21618600065,1.22461619927,1.22039382074,0
4000,1.22461619927,1.23310483323,1.22885318658,0
4000,1.23310483323,1.24165230759,1.23737118994,0
4000,1.24165230759,1.25025903022,1.24594823727,0
4000,1.25025903022,1.25892541179,1.25458473786,0
4000,1.25892541179,1.26765186586,1.26328110381,0
4000,1.26765186586,1.27643880881,1.27203775009,0
4000,1.27643880881,1.28528665994,1.28085509454,0
4000,1.28528665994,1.29419584145,1.2897335579,0
4000,1.29419584145,1.30316677845,1.29867356383,0
4000,1.30316677845,1.31219989902,1.30767553892,0
4000,1.31219989902,1.32129563419,1.31673991272,0
4000,1.32129563419,1.33045441798,1.32586711776,0
4000,1.33045441798,1.33967668743,1.33505758956,0
4000,1.33967668743,1.34896288259,1.34431176667,0
4000,1.34896288259,1.35831344659,1.35363009067,0
4000,1.35831344659,1.3677288256,1.36301300621,0
4000,1.3677288256,1.37720946889,1.37246096101,0
4000,1.37720946889,1.38675582887,1.3819744059,0
4000,1.38675582887,1.39636836106,1.39155379484,0
4000,1.39636836106,1.40604752413,1.40119958494,0
4000,1.40604752413,1.41579377996,1.41091223646,0
4000,1.41579377996,1.4256075936,1.42069221286,0
4000,1.4256075936,1.43548943335,1.43053998082,0
4000,1.43548943335,1.44543977075,1.44045601025,0
4000,1.44543977075,1.45545908058,1.4504407743,0
4000,1.45545908058,1.46554784096,1.46049474944,0
4000,1.46554784096,1.47570653328,1.4706184154,0
4000,1.47570653328,1.48593564229,1.48081225527,0
4000,1.48593564229,1.49623565609,1.49107675545,0
4000,1.49623565609,1.50660706619,1.50141240575,0
4000,1.50660706619,1.51705036746,1.51181969936,0
4000,1.51705036746,1.52756605824,1.52229913288,0
4000,1.52756605824,1.5381546403,1.53285120636,0
4000,1.5381546403,1.54881661891,1.54347642332,0
4000,1.54881661891,1.55955250283,1.55417529077,0
4000,1.55955250283,1.57036280433,1.56494831922,0
4000,1.57036280433,1.58124803927,1.57579602274,0
4000,1.58124803927,1.59220872705,1.58671891895,0
4000,1.59220872705,1.60324539069,1.59771752906,0
4000,1.60324539069,1.61435855683,1.60879237789,0
4000,1.61435855683,1.62554875575,1.6199439939,0
4000,1.62554875575,1.63681652143,1.63117290923,0
4000,1.63681652143,1.64816239153,1.64247965967,0
4000,1.64816239153,1.65958690744,1.65386478477,0
4000,1.65958690744,1.67109061431,1.66532882779,0
4000,1.67109061431,1.68267406107,1.67687233575,0
4000,1.68267406107,1.69433780045,1.68849585949,0
4000,1.69433780045,1.706082389,1.70019995364,0
4000,1.706082389,1.71790838716,1.7119851767,0
4000,1.71790838716,1.72981635922,1.72385209103,0
4000,1.72981635922,1.74180687339,1.73580126287,0
4000,1.74180687339,1.75388050184,1.74783326242,0
4000,1.75388050184,1.76603782069,1.7599486638,0
4000,1.76603782069,1.77827941004,1.77214804514,0
4000,1.77827941004,1.79060585404,1.78443198854,0
4000,1.79060585404,1.80301774086,1.79680108017,0
4000,1.80301774086,1.81551566277,1.80925591025,0
4000,1.81551566277,1.82810021614,1.82179707309,0
4000,1.82810021614,1.84077200147,1.83442516712,0
4000,1.84077200147,1.85353162341,1.84714079491,0
4000,1.85353162341,1.86637969083,1.85994456322,0
4000,1.86637969083,1.8793168168,1.87283708302,0
4000,1.8793168168,1.89234361864,1.88581896949,0
4000,1.89234361864,1.90546071796,1.8988908421,0
4000,1.90546071796,1.91866874067,1.9120533246,0
4000,1.91866874067,1.93196831702,1.92530704508,0
4000,1.93196831702,1.94536008162,1.93865263595,0
4000,1.94536008162,1.95884467351,1.95209073404,0
4000,1.95884467351,1.97242273611,1.96562198058,0
4000,1.97242273611,1.98609491736,1.97924702124,0
4000,1.98609491736,1.99986186963,1.99296650616,0
4000,1.99986186963,2.01372424986,2.00678109002,0
4000,2.01372424986,2.02768271952,2.02069143199,0
4000,2.02768271952,2.04173794467,2.03469819585,0
4000,2.04173794467,2.05589059598,2.04880204996,0
4000,2.05589059598,2.07014134879,2.06300366731,0
4000,2.07014134879,2.0844908831,2.07730372557,0
4000,2.0844908831,2.09893988362,2.0917029071,0
4000,2.09893988362,2.11348903984,2.10620189899,0
4000,2.11348903984,2.12813904598,2.12080139309,0
4000,2.12813904598,2.14289060112,2.13550208605,0
4000,2.14289060112,2.15774440915,2.15030467934,0
4000,2.15774440915,2.17270117886,2.16520987931,0
4000,2.17270117886,2.18776162395,2.18021839719,0
4000,2.18776162395,2.20292646305,2.19533094914,0
4000,2.20292646305,2.2181964198,2.2105482563,0
4000,2.2181964198,2.23357222283,2.22587104479,0
4000,2.23357222283,2.24905460584,2.24130004578,0
4000,2.24905460584,2.26464430759,2.2568359955,0
4000,2.26464430759,2.280342072,2.27247963527,0
4000,2.280342072,2.29614864811,2.28823171158,0
4000,2.29614864811,2.31206479018,2.30409297606,0
4000,2.31206479018,2.32809125767,2.32006418557,0
4000,2.32809125767,2.34422881532,2.33614610222,0
4000,2.34422881532,2.36047823318,2.35233949339,0
4000,2.36047823318,2.37684028662,2.36864513178,0
4000,2.37684028662,2.39331575641,2.38506379547,0
4000,2.39331575641,2.40990542869,2.40159626789,0
4000,2.40990542869,2.42661009508,2.41824333793,0
4000,2.42661009508,2.44343055269,2.43500579995,0
4000,2.44343055269,2.46036760415,2.45188445381,0
4000,2.46036760415,2.47742205763,2.46888010491,0
4000,2.47742205763,2.49459472694,2.48599356423,0
4000,2.49459472694,2.51188643151,2.50322564838,0
4000,2.51188643151,2.52929799645,2.52057717964,0
4000,2.52929799645,2.54683025259,2.53804898596,0
4000,2.54683025259,2.56448403652,2.55564190106,0
4000,2.56448403652,2.58226019063,2.57335676443,0
4000,2.58226019063,2.60015956317,2.59119442135,0
4000,2.60015956317,2.61818300822,2.60915572301,0
4000,2.61818300822,2.63633138583,2.62724152647,0
4000,2.63633138583,2.65460556198,2.64545269472,0
4000,2.65460556198,2.67300640866,2.66379009677,0
4000,2.67300640866,2.69153480393,2.68225460761,0
4000,2.69153480393,2.71019163189,2.70084710832,0
4000,2.71019163189,2.72897778281,2.7195684861,0
4000,2.72897778281,2.7478941531,2.73841963426,0
4000,2.7478941531,2.76694164541,2.75740145235,0
4000,2.76694164541,2.78612116863,2.77651484611,0
4000,2.78612116863,2.80543363795,2.79576072758,0
4000,2.80543363795,2.82487997492,2.81514001513,0
4000,2.82487997492,2.84446110745,2.83465363349,0
4000,2.84446110745,2.86417796991,2.85430251379,0
4000,2.86417796991,2.88403150313,2.87408759362,0
4000,2.88403150313,2.90402265446,2.89400981707,0
4000,2.90402265446,2.92415237784,2.91407013477,0
4000,2.92415237784,2.9444216338,2.93426950396,0
4000,2.9444216338,2.96483138952,2.95460888848,0
4000,2.96483138952,2.98538261892,2.97508925888,0
4000,2.98538261892,3.00607630263,2.99571159243,0
4000,3.00607630263,3.0269134281,3.01647687316,0
4000,3.0269134281,3.04789498963,3.03738609195,0
4000,3.04789498963,3.06902198839,3.05844024651,0
4000,3.06902198839,3.09029543251,3.0796403415,0
4000,3.09029543251,3.11171633711,3.10098738853,0
4000,3.11171633711,3.13328572432,3.12248240622,0
4000,3.13328572432,3.15500462337,3.14412642026,0
4000,3.15500462337,3.17687407065,3.16592046343,0
4000,3.17687407065,3.19889510969,3.1878655757,0
4000,3.19889510969,3.22106879128,3.20996280421,0
4000,3.22106879128,3.24339617349,3.2322132034,0
4000,3.24339617349,3.26587832172,3.25461783498,0
4000,3.26587832172,3.28851630876,3.27717776805,0
4000,3.28851630876,3.31131121483,3.29989407911,0
4000,3.31131121483,3.33426412763,3.32276785211,0
4000,3.33426412763,3.35737614243,3.34580017853,0
4000,3.35737614243,3.38064836206,3.36899215741,0
4000,3.38064836206,3.40408189701,3.39234489541,0
4000,3.40408189701,3.42767786546,3.41585950686,0
4000,3.42767786546,3.45143739336,3.43953711381,0
4000,3.45143739336,3.47536161443,3.46337884608,0
4000,3.47536161443,3.49945167028,3.48738584135,0
4000,3.49945167028,3.52370871042,3.51155924516,0
4000,3.52370871042,3.54813389234,3.535900211,0
4000,3.54813389234,3.57272838152,3.56040990036,0
4000,3.57272838152,3.59749335156,3.58508948277,0
4000,3.59749335156,3.62242998417,3.60994013586,0
4000,3.62242998417,3.64753946926,3.63496304546,0
4000,3.64753946926,3.67282300498,3.66015940558,0
4000,3.67282300498,3.6982817978,3.68553041852,0
4000,3.6982817978,3.72391706255,3.71107729493,0
4000,3.72391706255,3.74973002245,3.73680125382,0
4000,3.74973002245,3.77572190925,3.76270352268,0
4000,3.77572190925,3.80189396321,3.78878533748,0
4000,3.80189396321,3.82824743317,3.81504794279,0
4000,3.82824743317,3.85478357666,3.84149259179,0
4000,3.85478357666,3.88150365991,3.86812054633,0
4000,3.88150365991,3.90840895792,3.89493307704,0
4000,3.90840895792,3.93550075456,3.92193146333,0
4000,3.93550075456,3.96278034255,3.94911699349,0
4000,3.96278034255,3.99024902362,3.97649096475,0
4000,3.99024902362,4.01790810849,4.00405468331,0
4000,4.01790810849,4.04575891697,4.03180946443,0
4000,4.04575891697,4.07380277804,4.05975663252,0
4000,4.07380277804,4.10204102987,4.08789752111,0
4000,4.10204102987,4.1304750199,4.11623347303,0
4000,4.1304750199,4.15910610494,4.14476584038,0
4000,4.15910610494,4.18793565118,4.17349598465,0
4000,4.18793565118,4.21696503429,4.20242527677,0
4000,4.21696503429,4.24619563946,4.23155509717,0
4000,4.24619563946,4.27562886152,4.26088683583,0
4000,4.27562886152,4.30526610492,4.29042189239,0
4000,4.30526610492,4.33510878388,4.32016167618,0
4000,4.33510878388,4.3651583224,4.35010760631,0
4000,4.3651583224,4.39541615438,4.3802611117,0
4000,4.39541615438,4.42588372363,4.41062363121,0
4000,4.42588372363,4.45656248398,4.44119661366,0
4000,4.45656248398,4.48745389933,4.47198151789,0
4000,4.48745389933,4.51855944375,4.50297981288,0
4000,4.51855944375,4.5498806015,4.53419297779,0
4000,4.5498806015,4.58141886715,4.56562250202,0
4000,4.58141886715,4.6131757456,4.59726988531,0
4000,4.6131757456,4.64515275223,4.62913663778,0
4000,4.64515275223,4.67735141287,4.66122428002,0
4000,4.67735141287,4.70977326397,4.69353434317,0
4000,4.70977326397,4.7424198526,4.72606836898,0
4000,4.7424198526,4.77529273658,4.75882790989,0
4000,4.77529273658,4.8083934845,4.79181452908,0
4000,4.8083934845,4.84172367584,4.8250298006,0
4000,4.84172367584,4.87528490103,4.85847530937,0
4000,4.87528490103,4.90907876153,4.89215265134,0
4000,4.90907876153,4.94310686987,4.9260634335,0
4000,4.94310686987,4.97737084979,4.96020927396,0
4000,4.97737084979,5.01187233627,4.99459180208,0
4000,5.01187233627,5.04661297564,5.0292126585,0
4000,5.04661297564,5.08159442561,5.06407349524,0
4000,5.08159442561,5.1168183554,5.09917597575,0
4000,5.1168183554,5.15228644582,5.13452177503,0
4000,5.15228644582,5.18800038929,5.17011257969,0
4000,5.18800038929,5.22396188999,5.20595008802,0
4000,5.22396188999,5.26017266391,5.24203601008,0
4000,5.26017266391,5.29663443892,5.27837206782,0
4000,5.29663443892,5.33334895488,5.31495999507,0
4000,5.33334895488,5.3703179637,5.35180153771,0
4000,5.3703179637,5.40754322946,5.38889845373,0
4000,5.40754322946,5.44502652842,5.42625251329,0
4000,5.44502652842,5.48276964921,5.46386549882,0
4000,5.48276964921,5.52077439281,5.50173920511,0
4000,5.52077439281,5.5590425727,5.53987543939,0
4000,5.5590425727,5.59757601495,5.57827602141,0
4000,5.59757601495,5.63637655826,5.61694278356,0
4000,5.63637655826,5.67544605409,5.65587757089,0
4000,5.67544605409,5.71478636672,5.69508224128,0
4000,5.71478636672,5.75439937337,5.73455866546,0
4000,5.75439937337,5.79428696427,5.77430872714,0
4000,5.79428696427,5.83445104274,5.81433432308,0
4000,5.83445104274,5.8748935253,5.85463736321,0
4000,5.8748935253,5.91561634175,5.89521977065,0
4000,5.91561634175,5.95662143529,5.93608348191,0
4000,5.95662143529,5.99791076256,5.97723044689,0
4000,5.99791076256,6.03948629376,6.018662629,0
4000,6.03948629376,6.08135001279,6.06038200527,0
4000,6.08135001279,6.12350391725,6.10239056645,0
4000,6.12350391725,6.16595001861,6.14469031706,0
4000,6.16595001861,6.2086903423,6.18728327553,0
4000,6.2086903423,6.25172692776,6.23017147429,0
4000,6.25172692776,6.29506182857,6.27335695984,0
4000,6.29506182857,6.33869711257,6.31684179288,0
4000,6.33869711257,6.38263486191,6.36062804837,0
4000,6.38263486191,6.42687717317,6.40471781569,0
4000,6.42687717317,6.47142615749,6.44911319868,0
4000,6.47142615749,6.51628394061,6.49381631576,0
4000,6.51628394061,6.56145266303,6.53882930005,0
4000,6.56145266303,6.60693448008,6.58415429943,0
4000,6.60693448008,6.65273156202,6.62979347671,0
4000,6.65273156202,6.69884609417,6.67574900964,0
4000,6.69884609417,6.74528027698,6.72202309112,0
4000,6.74528027698,6.79203632617,6.7686179292,0
4000,6.79203632617,6.83911647281,6.81553574727,0
4000,6.83911647281,6.88652296344,6.86277878411,0
4000,6.88652296344,6.93425806017,6.91034929405,0
4000,6.93425806017,6.98232404077,6.95824954701,0
4000,6.98232404077,7.03072319884,7.00648182865,0
4000,7.03072319884,7.07945784384,7.05504844051,0
4000,7.07945784384,7.12853030127,7.10395170003,0
4000,7.12853030127,7.17794291271,7.15319394075,0
4000,7.17794291271,7.22769803602,7.20277751238,0
4000,7.22769803602,7.27779804537,7.25270478091,0
4000,7.27779804537,7.32824533139,7.30297812873,0
4000,7.32824533139,7.37904230129,7.35359995475,0
4000,7.37904230129,7.43019137897,7.40457267451,0
4000,7.43019137897,7.48169500511,7.45589872028,0
4000,7.48169500511,7.53355563734,7.5075805412,0
4000,7.53355563734,7.58577575029,7.55962060339,0
4000,7.58577575029,7.63835783578,7.61202139006,0
4000,7.63835783578,7.69130440287,7.66478540163,0
4000,7.69130440287,7.74461797803,7.71791515585,0
4000,7.74461797803,7.79830110523,7.77141318794,0
4000,7.79830110523,7.8523563461,7.82528205067,0
4000,7.8523563461,7.90678628,7.87952431451,0
4000,7.90678628,7.96159350417,7.93414256777,0
4000,7.96159350417,8.01678063388,7.98913941667,0
4000,8.01678063388,8.07235030249,8.04451748552,0
4000,8.07235030249,8.12830516164,8.1002794168,0
4000,8.12830516164,8.18464788135,8.15642787133,0
4000,8.18464788135,8.24138115013,8.21296552835,0
4000,8.24138115013,8.29850767514,8.26989508568,0
4000,8.29850767514,8.35603018231,8.32721925985,0
4000,8.35603018231,8.41395141645,8.38494078622,0
4000,8.41395141645,8.47227414141,8.44306241909,0
4000,8.47227414141,8.53100114018,8.50158693187,0
4000,8.53100114018,8.59013521505,8.5605171172,0
4000,8.59013521505,8.64967918776,8.61985578706,0
4000,8.64967918776,8.70963589956,8.67960577292,0
4000,8.70963589956,8.77000821144,8.73976992591,0
4000,8.77000821144,8.83079900419,8.80035111687,0
4000,8.83079900419,8.89201117858,8.86135223659,0
4000,8.89201117858,8.9536476555,8.92277619588,0
4000,8.9536476555,9.01571137606,8.98462592571,0
4000,9.01571137606,9.07820530178,9.04690437738,0
4000,9.07820530178,9.1411324147,9.10961452266,0
4000,9.1411324147,9.20449571753,9.1727593539,0
4000,9.20449571753,9.26829823379,9.2363418842,0
4000,9.26829823379,9.33254300797,9.30036514754,0
4000,9.33254300797,9.39723310565,9.36483219894,0
4000,9.39723310565,9.46237161366,9.4297461146,0
4000,9.46237161366,9.52796164024,9.49510999202,0
4000,9.52796164024,9.59400631516,9.5609269502,0
4000,9.59400631516,9.6605087899,9.62720012973,0
4000,9.6605087899,9.72747223777,9.693932693,0
4000,9.72747223777,9.79489985409,9.7611278243,0
4000,9.79489985409,9.86279485631,9.82878873,0
4000,9.86279485631,9.93116048421,9.89691863869,0
4000,9.93116048421,10,9.96552080135,0
4200,0.01,0.0100693166885,0.0100345984915,0
4200,0.0100693166885,0.0101391138574,0.0101041550053,0
4200,0.0101391138574,0.0102093948371,0.0101741936618,0
4200,0.0102093948371,0.0102801629813,0.0102447178031,0
4200,0.0102801629813,0.0103514216668,0.0103157307944,0
4200,0.0103514216668,0.0104231742939,0.0103872360242,0
4200,0.0104231742939,0.0104954242865,0.0104592369046,0
4200,0.0104954242865,0.0105681750921,0.0105317368713,0
4200,0.0105681750921,0.0106414301822,0.0106047393837,0
4200,0.0106414301822,0.0107151930524,0.0106782479254,0
4200,0.0107151930524,0.0107894672223,0.0107522660039,0
4200,0.0107894672223,0.0108642562362,0.0108267971513,0
4200,0.0108642562362,0.0109395636627,0.0109018449239,0
4200,0.0109395636627,0.0110153930954,0.0109774129027,0
4200,0.0110153930954,0.0110917481526,0.0110535046938,0
4200,0.0110917481526,0.0111686324778,0.011130123928,0
4200,0.0111686324778,0.0112460497397,0.0112072742614,0
4200,0.0112460497397,0.0113240036324,0.0112849593753,0
4200,0.0113240036324,0.0114024978756,0.0113631829767,0
4200,0.0114024978756,0.011481536215,0.0114419487982,0
4200,0.011481536215,0.0115611224219,0.0115212605983,0
4200,0.0115611224219,0.0116412602941,0.0116011221615,0
4200,0.0116412602941,0.0117219536555,0.0116815372986,0
4200,0.0117219536555,0.0118032063565,0.0117625098468,0
4200,0.0118032063565,0.0118850222744,0.01184404367,0
4200,0.0118850222744,0.0119674053131,0.0119261426586,0
4200,0.0119674053131,0.0120503594037,0.0120088107301,0
4200,0.0120503594037,0.0121338885046,0.0120920518294,0
4200,0.0121338885046,0.0122179966016,0.0121758699285,0
4200,0.0122179966016,0.0123026877081,0.0122602690268,0
4200,0.0123026877081,0.0123879658653,0.0123452531517,0
4200,0.0123879658653,0.0124738351424,0.0124308263584,0
4200,0.0124738351424,0.0125602996369,0.0125169927303,0
4200,0.0125602996369,0.0126473634747,0.0126037563789,0
4200,0.0126473634747,0.0127350308102,0.0126911214445,0
4200,0.0127350308102,0.0128233058266,0.0127790920957,0
4200,0.0128233058266,0.0129121927361,0.0128676725303,0
4200,0.0129121927361,0.0130016957803,0.0129568669752,0
4200,0.0130016957803,0.01309181923,0.0130466796864,0
4200,0.01309181923,0.0131825673856,0.0131371149496,0
4200,0.0131825673856,0.0132739445773,0.0132281770801,0
4200,0.0132739445773,0.0133659551655,0.0133198704231,0
4200,0.0133659551655,0.0134586035406,0.0134121993541,0
4200,0.0134586035406,0.0135518941235,0.0135051682786,0
4200,0.0135518941235,0.0136458313659,0.0135987816328,0
4200,0.0136458313659,0.0137404197501,0.0136930438839,0
4200,0.0137404197501,0.0138356637897,0.0137879595297,0
4200,0.0138356637897,0.0139315680295,0.0138835330993,0
4200,0.0139315680295,0.0140281370456,0.0139797691532,0
4200,0.0140281370456,0.0141253754462,0.0140766722836,0
4200,0.0141253754462,0.0142232878712,0.0141742471144,0
4200,0.0142232878712,0.0143218789927,0.0142724983016,0
4200,0.0143218789927,0.0144211535152,0.0143714305336,0
4200,0.0144211535152,0.0145211161759,0.0144710485309,0
4200,0.0145211161759,0.0146217717446,0.0145713570473,0
4200,0.0146217717446,0.0147231250243,0.0146723608691,0
4200,0.0147231250243,0.0148251808515,0.0147740648159,0
4200,0.0148251808515,0.0149279440958,0.0148764737408,0
4200,0.0149279440958,0.0150314196609,0.0149795925304,0
4200,0.0150314196609,0.0151356124844,0.0150834261054,0
4200,0.0151356124844,0.015240527538,0.0151879794203,0
4200,0.015240527538,0.015346169828,0.0152932574642,0
4200,0.015346169828,0.0154525443954,0.0153992652606,0
4200,0.0154525443954,0.0155596563161,0.0155060078679,0
4200,0.0155596563161,0.0156675107011,0.0156134903797,0
4200,0.0156675107011,0.015776112697,0.0157217179246,0
4200,0.015776112697,0.015885467486,0.0158306956671,0
4200,0.015885467486,0.0159955802861,0.0159404288071,0
4200,0.0159955802861,0.0161064563518,0.016050922581,0
4200,0.0161064563518,0.0162181009736,0.0161621822611,0
4200,0.0162181009736,0.0163305194789,0.0162742131564,0
4200,0.0163305194789,0.0164437172321,0.0163870206128,0
4200,0.0164437172321,0.0165576996347,0.0165006100132,0
4200,0.0165576996347,0.0166724721255,0.0166149867777,0
4200,0.0166724721255,0.0167880401812,0.016730156364,0
4200,0.0167880401812,0.0169044093164,0.0168461242677,0
4200,0.0169044093164,0.0170215850839,0.0169628960226,0
4200,0.0170215850839,0.0171395730751,0.0170804772006,0
4200,0.0171395730751,0.0172583789199,0.0171988734124,0
4200,0.0172583789199,0.0173780082875,0.0173180903075,0
4200,0.0173780082875,0.0174984668862,0.0174381335747,0
4200,0.0174984668862,0.0176197604641,0.017559008942,0
4200,0.0176197604641,0.0177418948089,0.0176807221773,0
4200,0.0177418948089,0.0178648757485,0.0178032790885,0
4200,0.0178648757485,0.0179887091513,0.0179266855237,0
4200,0.0179887091513,0.0181134009262,0.0180509473713,0
4200,0.0181134009262,0.0182389570232,0.018176070561,0
4200,0.0182389570232,0.0183653834335,0.0183020610631,0
4200,0.0183653834335,0.0184926861898,0.0184289248897,0
4200,0.0184926861898,0.0186208713666,0.0185566680943,0
4200,0.0186208713666,0.0187499450807,0.0186852967726,0
4200,0.0187499450807,0.018879913491,0.0188148170622,0
4200,0.018879913491,0.0190107827992,0.0189452351436,0
4200,0.0190107827992,0.0191425592502,0.0190765572399,0
4200,0.0191425592502,0.0192752491319,0.0192087896175,0
4200,0.0192752491319,0.0194088587759,0.0193419385862,0
4200,0.0194088587759,0.0195433945578,0.0194760104994,0
4200,0.0195433945578,0.0196788628971,0.0196110117548,0
4200,0.0196788628971,0.0198152702581,0.0197469487941,0
4200,0.0198152702581,0.0199526231497,0.019883828104,0
4200,0.0199526231497,0.0200909281261,0.0200216562159,0
4200,0.0200909281261,0.0202301917868,0.0201604397066,0
4200,0.0202301917868,0.0203704207771,0.0203001851986,0
4200,0.0203704207771,0.0205116217883,0.02044089936,0
4200,0.0205116217883,0.0206538015581,0.0205825889054,0
4200,0.0206538015581,0.020796966871,0.0207252605958,0
4200,0.020796966871,0.0209411245585,0.0208689212391,0
4200,0.0209411245585,0.0210862814993,0.0210135776905,0
4200,0.0210862814993,0.02123244462,0.0211592368524,0
4200,0.02123244462,0.021379620895,0.0213059056754,0
4200,0.021379620895,0.0215278173472,0.0214535911582,0
4200,0.0215278173472,0.0216770410482,0.0216023003477,0
4200,0.0216770410482,0.0218272991184,0.0217520403402,0
4200,0.0218272991184,0.0219785987278,0.0219028182807,0
4200,0.0219785987278,0.0221309470961,0.0220546413639,0
4200,0.0221309470961,0.0222843514927,0.0222075168345,0
4200,0.0222843514927,0.0224388192378,0.0223614519872,0
4200,0.0224388192378,0.0225943577022,0.0225164541674,0
4200,0.0225943577022,0.0227509743077,0.0226725307715,0
4200,0.0227509743077,0.0229086765277,0.0228296892468,0
4200,0.0229086765277,0.0230674718872,0.0229879370926,0
4200,0.0230674718872,0.0232273679636,0.0231472818602,0
4200,0.0232273679636,0.0233883723866,0.0233077311528,0
4200,0.0233883723866,0.023550492839,0.0234692926269,0
4200,0.023550492839,0.0237137370566,0.0236319739915,0
4200,0.0237137370566,0.0238781128291,0.0237957830096,0
4200,0.0238781128291,0.0240436280001,0.0239607274975,0
4200,0.0240436280001,0.0242102904674,0.0241268153259,0
4200,0.0242102904674,0.0243781081837,0.0242940544202,0
4200,0.0243781081837,0.0245470891569,0.0244624527605,0
4200,0.0245470891569,0.0247172414502,0.0246320183824,0
4200,0.0247172414502,0.0248885731828,0.0248027593769,0
4200,0.0248885731828,0.0250610925303,0.0249746838915,0
4200,0.0250610925303,0.0252348077248,0.02514780013,0
4200,0.0252348077248,0.0254097270555,0.0253221163528,0
4200,0.0254097270555,0.0255858588691,0.025497640878,0
4200,0.0255858588691,0.02576321157,0.0256743820811,0
4200,0.02576321157,0.0259417936212,0.0258523483956,0
4200,0.0259417936212,0.026121613544,0.0260315483137,0
4200,0.026121613544,0.026302679919,0.0262119903864,0
4200,0.026302679919,0.0264850013861,0.0263936832237,0
4200,0.0264850013861,0.0266685866452,0.0265766354955,0
4200,0.0266685866452,0.0268534444566,0.026760855932,0
4200,0.0268534444566,0.0270395836411,0.0269463533235,0
4200,0.0270395836411,0.0272270130808,0.0271331365215,0
4200,0.0272270130808,0.0274157417193,0.0273212144388,0
4200,0.0274157417193,0.0276057785622,0.0275105960499,0
4200,0.0276057785622,0.0277971326776,0.0277012903916,0
4200,0.0277971326776,0.0279898131963,0.0278933065634,0
4200,0.0279898131963,0.0281838293126,0.0280866537277,0
4200,0.0281838293126,0.0283791902844,0.0282813411105,0
4200,0.0283791902844,0.0285759054337,0.0284773780017,0
4200,0.0285759054337,0.0287739841474,0.0286747737558,0
4200,0.0287739841474,0.028973435877,0.0288735377919,0
4200,0.028973435877,0.02917427014,0.0290736795944,0
4200,0.02917427014,0.0293764965196,0.0292752087137,0
4200,0.0293764965196,0.0295801246655,0.0294781347661,0
4200,0.0295801246655,0.0297851642943,0.0296824674346,0
4200,0.0297851642943,0.0299916251899,0.0298882164696,0
4200,0.0299916251899,0.030199517204,0.0300953916887,0
4200,0.030199517204,0.0304088502568,0.0303040029779,0
4200,0.0304088502568,0.0306196343369,0.0305140602914,0
4200,0.0306196343369,0.0308318795025,0.0307255736527,0
4200,0.0308318795025,0.0310455958813,0.0309385531545,0
4200,0.0310455958813,0.0312607936712,0.0311530089597,0
4200,0.0312607936712,0.031477483141,0.0313689513016,0
4200,0.031477483141,0.0316956746304,0.0315863904842,0
4200,0.0316956746304,0.031915378551,0.0318053368833,0
4200,0.031915378551,0.0321366053864,0.0320258009463,0
4200,0.0321366053864,0.032359365693,0.0322477931932,0
4200,0.032359365693,0.0325836701002,0.0324713242168,0
4200,0.0325836701002,0.0328095293113,0.0326964046834,0
4200,0.0328095293113,0.0330369541037,0.0329230453333,0
4200,0.0330369541037,0.0332659553294,0.0331512569812,0
4200,0.0332659553294,0.0334965439158,0.0333810505166,0
4200,0.0334965439158,0.0337287308659,0.0336124369047,0
4200,0.0337287308659,0.033962527259,0.0338454271866,0
4200,0.033962527259,0.0341979442514,0.03408003248,0
4200,0.0341979442514,0.0344349930763,0.0343162639796,0
4200,0.0344349930763,0.0346736850453,0.0345541329578,0
4200,0.0346736850453,0.0349140315479,0.0347936507649,0
4200,0.0349140315479,0.0351560440528,0.0350348288302,0
4200,0.0351560440528,0.0353997341083,0.0352776786619,0
4200,0.0353997341083,0.0356451133426,0.0355222118482,0
4200,0.0356451133426,0.0358921934645,0.0357684400576,0
4200,0.0358921934645,0.036140986264,0.0360163750395,0
4200,0.036140986264,0.0363915036127,0.0362660286245,0
4200,0.0363915036127,0.0366437574648,0.0365174127255,0
4200,0.0366437574648,0.036897759857,0.0367705393378,0
4200,0.036897759857,0.0371535229097,0.03702542054,0
4200,0.0371535229097,0.0374110588272,0.0372820684943,0
4200,0.0374110588272,0.0376703798984,0.0375404954472,0
4200,0.0376703798984,0.0379314984974,0.0378007137302,0
4200,0.0379314984974,0.038194427084,0.0380627357601,0
4200,0.038194427084,0.0384591782045,0.03832657404,0
4200,0.0384591782045,0.0387257644922,0.0385922411595,0
4200,0.0387257644922,0.0389941986677,0.0388597497954,0
4200,0.0389941986677,0.03926449354,0.0391291127127,0
4200,0.03926449354,0.0395366620068,0.0394003427645,0
4200,0.0395366620068,0.0398107170553,0.0396734528932,0
4200,0.0398107170553,0.0400866717627,0.0399484561308,0
4200,0.0400866717627,0.0403645392968,0.0402253655999,0
4200,0.0403645392968,0.0406443329165,0.0405041945136,0
4200,0.0406443329165,0.040926065973,0.0407849561771,0
4200,0.040926065973,0.0412097519097,0.0410676639875,0
4200,0.0412097519097,0.0414954042634,0.0413523314348,0
4200,0.0414954042634,0.0417830366647,0.0416389721025,0
4200,0.0417830366647,0.0420726628384,0.0419275996685,0
4200,0.0420726628384,0.042364296605,0.0422182279051,0
4200,0.042364296605,0.0426579518802,0.0425108706805,0
4200,0.0426579518802,0.0429536426765,0.0428055419586,0
4200,0.0429536426765,0.0432513831035,0.0431022558005,0
4200,0.0432513831035,0.0435511873686,0.0434010263645,0
4200,0.0435511873686,0.0438530697775,0.0437018679071,0
4200,0.0438530697775,0.0441570447353,0.0440047947836,0
4200,0.0441570447353,0.0444631267469,0.0443098214489,0
4200,0.0444631267469,0.0447713304176,0.0446169624581,0
4200,0.0447713304176,0.0450816704541,0.044926232467,0
4200,0.0450816704541,0.045394161665,0.0452376462332,0
4200,0.045394161665,0.0457088189615,0.0455512186166,0
4200,0.0457088189615,0.0460256573581,0.0458669645798,0
4200,0.0460256573581,0.0463446919736,0.0461848991895,0
4200,0.0463446919736,0.0466659380314,0.0465050376167,0
4200,0.0466659380314,0.0469894108605,0.0468273951374,0
4200,0.0469894108605,0.0473151258961,0.0471519871336,0
4200,0.0473151258961,0.0476430986805,0.0474788290942,0
4200,0.0476430986805,0.0479733448637,0.0478079366149,0
4200,0.0479733448637,0.048305880204,0.0481393254,0
4200,0.048305880204,0.0486407205691,0.0484730112624,0
4200,0.0486407205691,0.0489778819368,0.0488090101248,0
4200,0.0489778819368,0.0493173803955,0.0491473380199,0
4200,0.0493173803955,0.049659232145,0.049488011092,0
4200,0.049659232145,0.0500034534977,0.0498310455971,0
4200,0.0500034534977,0.0503500608788,0.0501764579037,0
4200,0.0503500608788,0.0506990708275,0.050524264494,0
4200,0.0506990708275,0.0510504999975,0.0508744819645,0
4200,0.0510504999975,0.0514043651582,0.0512271270265,0
4200,0.0514043651582,0.0517606831951,0.0515822165072,0
4200,0.0517606831951,0.0521194711105,0.0519397673507,0
4200,0.0521194711105,0.052480746025,0.0522997966182,0
4200,0.052480746025,0.0528445251775,0.0526623214894,0
4200,0.0528445251775,0.0532108259267,0.0530273592629,0
4200,0.0532108259267,0.0535796657513,0.0533949273574,0
4200,0.0535796657513,0.0539510622515,0.0537650433122,0
4200,0.0539510622515,0.0543250331492,0.0541377247883,0
4200,0.0543250331492,0.0547015962894,0.0545129895689,0
4200,0.0547015962894,0.0550807696405,0.0548908555607,0
4200,0.0550807696405,0.0554625712958,0.0552713407944,0
4200,0.0554625712958,0.0558470194737,0.0556544634258,0
4200,0.0558470194737,0.056234132519,0.0560402417364,0
4200,0.056234132519,0.0566239289038,0.0564286941345,0
4200,0.0566239289038,0.0570164272281,0.056819839156,0
4200,0.0570164272281,0.0574116462207,0.0572136954652,0
4200,0.0574116462207,0.0578096047406,0.057610281856,0
4200,0.0578096047406,0.0582103217771,0.0580096172523,0
4200,0.0582103217771,0.0586138164514,0.0584117207093,0
4200,0.0586138164514,0.0590201080172,0.0588166114143,0
4200,0.0590201080172,0.0594292158616,0.0592243086876,0
4200,0.0594292158616,0.059841159506,0.0596348319834,0
4200,0.059841159506,0.0602559586074,0.0600482008908,0
4200,0.0602559586074,0.0606736329589,0.0604644351345,0
4200,0.0606736329589,0.0610942024906,0.0608835545761,0
4200,0.0610942024906,0.061517687271,0.061305579215,0
4200,0.061517687271,0.0619441075077,0.0617305291889,0
4200,0.0619441075077,0.0623734835482,0.0621584247753,0
4200,0.0623734835482,0.0628058358813,0.0625892863921,0
4200,0.0628058358813,0.0632411851376,0.0630231345991,0
4200,0.0632411851376,0.0636795520908,0.0634599900981,0
4200,0.0636795520908,0.0641209576585,0.0638998737348,0
4200,0.0641209576585,0.0645654229035,0.0643428064992,0
4200,0.0645654229035,0.0650129690343,0.0647888095269,0
4200,0.0650129690343,0.0654636174067,0.0652379040998,0
4200,0.0654636174067,0.0659173895244,0.0656901116476,0
4200,0.0659173895244,0.0663743070402,0.0661454537484,0
4200,0.0663743070402,0.0668343917569,0.0666039521298,0
4200,0.0668343917569,0.0672976656284,0.0670656286702,0
4200,0.0672976656284,0.0677641507611,0.0675305053995,0
4200,0.0677641507611,0.0682338694142,0.0679986045003,0
4200,0.0682338694142,0.0687068440014,0.0684699483091,0
4200,0.0687068440014,0.0691830970919,0.0689445593171,0
4200,0.0691830970919,0.0696626514111,0.0694224601714,0
4200,0.0696626514111,0.070145529842,0.0699036736762,0
4200,0.070145529842,0.0706317554263,0.0703882227936,0
4200,0.0706317554263,0.0711213513653,0.0708761306451,0
4200,0.0711213513653,0.0716143410213,0.0713674205122,0
4200,0.0716143410213,0.0721107479183,0.071862115838,0
4200,0.0721107479183,0.0726105957435,0.072360240228,0
4200,0.0726105957435,0.0731139083483,0.0728618174513,0
4200,0.0731139083483,0.0736207097495,0.0733668714418,0
4200,0.0736207097495,0.0741310241301,0.0738754262994,0
4200,0.0741310241301,0.074644875841,0.0743875062908,0
4200,0.074644875841,0.0751622894018,0.0749031358511,0
4200,0.0751622894018,0.0756832895021,0.0754223395848,0
4200,0.0756832895021,0.0762079010025,0.0759451422668,0
4200,0.0762079010025,0.0767361489362,0.0764715688439,0
4200,0.0767361489362,0.0772680585096,0.0770016444357,0
4200,0.0772680585096,0.077803655104,0.077535394336,0
4200,0.077803655104,0.0783429642766,0.0780728440138,0
4200,0.0783429642766,0.0788860117619,0.0786140191148,0
4200,0.0788860117619,0.0794328234724,0.0791589454624,0
4200,0.0794328234724,0.0799834255007,0.079707649059,0
4200,0.0799834255007,0.0805378441199,0.0802601560873,0
4200,0.0805378441199,0.0810961057854,0.0808164929113,0
4200,0.0810961057854,0.0816582371359,0.0813766860779,0
4200,0.0816582371359,0.0822242649947,0.081940762318,0
4200,0.0822242649947,0.0827942163712,0.0825087485479,0
4200,0.0827942163712,0.083368118462,0.0830806718702,0
4200,0.083368118462,0.0839459986519,0.0836565595756,0
4200,0.0839459986519,0.084527884516,0.0842364391438,0
4200,0.084527884516,0.0851138038202,0.0848203382452,0
4200,0.0851138038202,0.085703784523,0.0854082847419,0
4200,0.085703784523,0.0862978547767,0.0860003066889,0
4200,0.0862978547767,0.0868960429286,0.086596432336,0
4200,0.0868960429286,0.0874983775227,0.0871966901287,0
4200,0.0874983775227,0.0881048873008,0.0878011087097,0
4200,0.0881048873008,0.0887156012038,0.08840971692,0
4200,0.0887156012038,0.0893305483733,0.089022543801,0
4200,0.0893305483733,0.089949758153,0.089639618595,0
4200,0.089949758153,0.0905732600898,0.0902609707471,0
4200,0.0905732600898,0.0912010839356,0.0908866299066,0
4200,0.0912010839356,0.0918332596484,0.0915166259281,0
4200,0.0918332596484,0.0924698173938,0.0921509888735,0
4200,0.0924698173938,0.0931107875468,0.0927897490127,0
4200,0.0931107875468,0.0937562006926,0.0934329368257,0
4200,0.0937562006926,0.0944060876286,0.0940805830037,0
4200,0.0944060876286,0.0950604793656,0.0947327184504,0
4200,0.0950604793656,0.0957194071295,0.0953893742842,0
4200,0.0957194071295,0.0963829023624,0.0960505818387,0
4200,0.0963829023624,0.0970509967245,0.096716372665,0
4200,0.0970509967245,0.0977237220956,0.0973867785329,0
4200,0.0977237220956,0.0984011105761,0.0980618314322,0
4200,0.0984011105761,0.0990831944893,0.0987415635747,0
4200,0.0990831944893,0.0997700063823,0.0994260073953,0
4200,0.0997700063823,0.100461579028,0.100115195554,0
4200,0.100461579028,0.101157945426,0.100809160936,0
4200,0.101157945426,0.101859138805,0.101507936657,0
4200,0.101859138805,0.102565192625,0.10221155606,0
4200,0.102565192625,0.103276140576,0.102920052719,0
4200,0.103276140576,0.103992016583,0.103633460443,0
4200,0.103992016583,0.104712854805,0.104351813273,0
4200,0.104712854805,0.105438689639,0.105075145487,0
4200,0.105438689639,0.10616955572,0.1058034916,0
4200,0.10616955572,0.106905487922,0.106536886367,0
4200,0.106905487922,0.107646521363,0.107275364784,0
4200,0.107646521363,0.108392691402,0.108018962088,0
4200,0.108392691402,0.109144033645,0.108767713763,0
4200,0.109144033645,0.109900583943,0.109521655537,0
4200,0.109900583943,0.110662378398,0.110280823385,0
4200,0.110662378398,0.111429453359,0.111045253533,0
4200,0.111429453359,0.11220184543,0.111814982458,0
4200,0.11220184543,0.112979591467,0.112590046889,0
4200,0.112979591467,0.113762728582,0.113370483811,0
4200,0.113762728582,0.114551294145,0.114156330462,0
4200,0.114551294145,0.115345325782,0.114947624342,0
4200,0.115345325782,0.116144861384,0.115744403209,0
4200,0.116144861384,0.116949939102,0.116546705084,0
4200,0.116949939102,0.117760597352,0.117354568249,0
4200,0.117760597352,0.118576874817,0.118168031254,0
4200,0.118576874817,0.119398810446,0.118987132916,0
4200,0.119398810446,0.120226443462,0.119811912319,0
4200,0.120226443462,0.121059813355,0.12064240882,0
4200,0.121059813355,0.121898959892,0.121478662047,0
4200,0.121898959892,0.122743923116,0.122320711905,0
4200,0.122743923116,0.123594743344,0.123168598574,0
4200,0.123594743344,0.124451461177,0.124022362512,0
4200,0.124451461177,0.125314117494,0.124882044459,0
4200,0.125314117494,0.126182753459,0.125747685437,0
4200,0.126182753459,0.127057410521,0.126619326751,0
4200,0.127057410521,0.127938130416,0.127497009994,0
4200,0.127938130416,0.128824955169,0.128380777047,0
4200,0.128824955169,0.129717927098,0.129270670081,0
4200,0.129717927098,0.130617088813,0.130166731558,0
4200,0.130617088813,0.131522483219,0.131069004237,0
4200,0.131522483219,0.132434153519,0.131977531171,0
4200,0.132434153519,0.133352143216,0.132892355713,0
4200,0.133352143216,0.134276496114,0.133813521515,0
4200,0.134276496114,0.135207256319,0.134741072534,0
4200,0.135207256319,0.136144468247,0.13567505303,0
4200,0.136144468247,0.137088176616,0.136615507569,0
4200,0.137088176616,0.13803842646,0.137562481028,0
4200,0.13803842646,0.138995263121,0.138516018592,0
4200,0.138995263121,0.139958732257,0.139476165764,0
4200,0.139958732257,0.140928879842,0.140442968358,0
4200,0.140928879842,0.141905752169,0.141416472507,0
4200,0.141905752169,0.142889395851,0.142396724665,0
4200,0.142889395851,0.143879857826,0.143383771606,0
4200,0.143879857826,0.144877185354,0.144377660429,0
4200,0.144877185354,0.145881426028,0.145378438561,0
4200,0.145881426028,0.146892627764,0.146386153755,0
4200,0.146892627764,0.147910838817,0.147400854097,0
4200,0.147910838817,0.148936107771,0.148422588006,0
4200,0.148936107771,0.14996848355,0.149451404237,0
4200,0.14996848355,0.151008015416,0.15048735188,0
4200,0.151008015416,0.152054752973,0.15153048037,0
4200,0.152054752973,0.153108746168,0.152580839481,0
4200,0.153108746168,0.154170045295,0.153638479333,0
4200,0.154170045295,0.155238700996,0.154703450395,0
4200,0.155238700996,0.156314764264,0.155775803483,0
4200,0.156314764264,0.157398286447,0.156855589768,0
4200,0.157398286447,0.158489319246,0.157942860774,0
4200,0.158489319246,0.159587914724,0.159037668382,0
4200,0.159587914724,0.160694125301,0.160140064834,0
4200,0.160694125301,0.161808003764,0.161250102734,0
4200,0.161808003764,0.162929603264,0.162367835048,0
4200,0.162929603264,0.16405897732,0.163493315113,0
4200,0.16405897732,0.165196179823,0.164626596633,0
4200,0.165196179823,0.166341265037,0.165767733685,0
4200,0.166341265037,0.167494287603,0.166916780721,0
4200,0.167494287603,0.168655302539,0.168073792571,0
4200,0.168655302539,0.169824365246,0.169238824444,0
4200,0.169824365246,0.171001531509,0.170411931932,0
4200,0.171001531509,0.172186857499,0.171593171012,0
4200,0.172186857499,0.173380399775,0.172782598051,0
4200,0.173380399775,0.174582215292,0.173980269804,0
4200,0.174582215292,0.175792361396,0.175186243421,0
4200,0.175792361396,0.177010895832,0.176400576448,0
4200,0.177010895832,0.178237876745,0.177623326829,0
4200,0.178237876745,0.179473362683,0.178854552911,0
4200,0.179473362683,0.180717412601,0.180094313444,0
4200,0.180717412601,0.181970085861,0.181342667587,0
4200,0.181970085861,0.183231442237,0.182599674907,0
4200,0.183231442237,0.184501541918,0.183865395386,0
4200,0.184501541918,0.185780445509,0.185139889421,0
4200,0.185780445509,0.187068214037,0.186423217825,0
4200,0.187068214037,0.188364908949,0.187715441838,0
4200,0.188364908949,0.189670592121,0.189016623119,0
4200,0.189670592121,0.190985325857,0.190326823758,0
4200,0.190985325857,0.192309172891,0.191646106274,0
4200,0.192309172891,0.193642196395,0.192974533619,0
4200,0.193642196395,0.194984459976,0.194312169183,0
4200,0.194984459976,0.196336027684,0.195659076793,0
4200,0.196336027684,0.197696964011,0.197015320722,0
4200,0.197696964011,0.199067333899,0.198380965684,0
4200,0.199067333899,0.200447202737,0.199756076844,0
4200,0.200447202737,0.201836636368,0.20114071982,0
4200,0.201836636368,0.203235701094,0.202534960682,0
4200,0.203235701094,0.204644463672,0.203938865961,0
4200,0.204644463672,0.206062991327,0.205352502646,0
4200,0.206062991327,0.207491351745,0.206775938192,0
4200,0.207491351745,0.208929613085,0.208209240522,0
4200,0.208929613085,0.210377843977,0.209652478029,0
4200,0.210377843977,0.211836113525,0.211105719581,0
4200,0.211836113525,0.213304491315,0.212569034522,0
4200,0.213304491315,0.214783047413,0.214042492677,0
4200,0.214783047413,0.216271852373,0.215526164357,0
4200,0.216271852373,0.217770977235,0.217020120357,0
4200,0.217770977235,0.219280493535,0.218524431965,0
4200,0.219280493535,0.220800473302,0.220039170964,0
4200,0.220800473302,0.222330989065,0.221564409631,0
4200,0.222330989065,0.223872113857,0.223100220748,0
4200,0.223872113857,0.225423921215,0.224646677599,0
4200,0.225423921215,0.226986485188,0.226203853977,0
4200,0.226986485188,0.228559880338,0.227771824186,0
4200,0.228559880338,0.230144181741,0.229350663045,0
4200,0.230144181741,0.231739464997,0.230940445892,0
4200,0.231739464997,0.233345806228,0.232541248587,0
4200,0.233345806228,0.234963282085,0.234153147517,0
4200,0.234963282085,0.236591969749,0.235776219596,0
4200,0.236591969749,0.238231946936,0.237410542273,0
4200,0.238231946936,0.239883291902,0.239056193534,0
4200,0.239883291902,0.241546083444,0.240713251905,0
4200,0.241546083444,0.243220400907,0.242381796455,0
4200,0.243220400907,0.244906324184,0.244061906804,0
4200,0.244906324184,0.246603933723,0.245753663122,0
4200,0.246603933723,0.24831331053,0.247457146133,0
4200,0.24831331053,0.25003453617,0.249172437125,0
4200,0.25003453617,0.251767692776,0.250899617947,0
4200,0.251767692776,0.25351286305,0.252638771013,0
4200,0.25351286305,0.255270130266,0.254389979313,0
4200,0.255270130266,0.257039578277,0.256153326409,0
4200,0.257039578277,0.258821291515,0.257928896443,0
4200,0.258821291515,0.260615355,0.25971677414,0
4200,0.260615355,0.262421854338,0.261517044814,0
4200,0.262421854338,0.264240875732,0.263329794368,0
4200,0.264240875732,0.26607250598,0.265155109301,0
4200,0.26607250598,0.267916832482,0.266993076713,0
4200,0.267916832482,0.269773943244,0.268843784306,0
4200,0.269773943244,0.271643926884,0.270707320392,0
4200,0.271643926884,0.273526872631,0.272583773893,0
4200,0.273526872631,0.275422870334,0.274473234348,0
4200,0.275422870334,0.277332010465,0.276375791917,0
4200,0.277332010465,0.279254384124,0.278291537385,0
4200,0.279254384124,0.28119008304,0.280220562167,0
4200,0.28119008304,0.28313919958,0.282162958309,0
4200,0.28313919958,0.28510182675,0.284118818498,0
4200,0.28510182675,0.287078058202,0.286088236063,0
4200,0.287078058202,0.289067988237,0.288071304978,0
4200,0.289067988237,0.291071711807,0.290068119869,0
4200,0.291071711807,0.293089324525,0.292078776021,0
4200,0.293089324525,0.295120922667,0.294103369375,0
4200,0.295120922667,0.297166603174,0.296141996539,0
4200,0.297166603174,0.299226463661,0.298194754793,0
4200,0.299226463661,0.301300602419,0.300261742086,0
4200,0.301300602419,0.303389118419,0.302343057051,0
4200,0.303389118419,0.305492111322,0.304438799002,0
4200,0.305492111322,0.307609681474,0.306549067943,0
4200,0.307609681474,0.309741929922,0.308673964568,0
4200,0.309741929922,0.311888958409,0.310813590274,0
4200,0.311888958409,0.314050869388,0.312968047156,0
4200,0.314050869388,0.316227766017,0.31513743802,0
4200,0.316227766017,0.318419752173,0.317321866384,0
4200,0.318419752173,0.320626932451,0.319521436481,0
4200,0.320626932451,0.322849412171,0.32173625327,0
4200,0.322849412171,0.325087297385,0.323966422435,0
4200,0.325087297385,0.327340694879,0.326212050394,0
4200,0.327340694879,0.329609712177,0.328473244303,0
4200,0.329609712177,0.331894457553,0.330750112059,0
4200,0.331894457553,0.334195040026,0.333042762309,0
4200,0.334195040026,0.336511569375,0.335351304451,0
4200,0.336511569375,0.338844156139,0.337675848642,0
4200,0.338844156139,0.341192911622,0.340016505804,0
4200,0.341192911622,0.3435579479,0.342373387626,0
4200,0.3435579479,0.345939377826,0.344746606573,0
4200,0.345939377826,0.348337315036,0.347136275888,0
4200,0.348337315036,0.350751873953,0.349542509599,0
4200,0.350751873953,0.353183169792,0.351965422525,0
4200,0.353183169792,0.355631318569,0.354405130281,0
4200,0.355631318569,0.358096437103,0.356861749283,0
4200,0.358096437103,0.360578643022,0.359335396755,0
4200,0.360578643022,0.36307805477,0.361826190732,0
4200,0.36307805477,0.365594791613,0.364334250068,0
4200,0.365594791613,0.368128973643,0.366859694441,0
4200,0.368128973643,0.370680721783,0.369402644358,0
4200,0.370680721783,0.373250157796,0.371963221162,0
4200,0.373250157796,0.375837404288,0.374541547036,0
4200,0.375837404288,0.378442584717,0.377137745011,0
4200,0.378442584717,0.381065823394,0.379751938971,0
4200,0.381065823394,0.383707245492,0.382384253658,0
4200,0.383707245492,0.386366977054,0.385034814679,0
4200,0.386366977054,0.389045144994,0.38770374851,0
4200,0.389045144994,0.391741877108,0.390391182508,0
4200,0.391741877108,0.394457302075,0.393097244907,0
4200,0.394457302075,0.397191549469,0.395822064836,0
4200,0.397191549469,0.399944749761,0.398565772313,0
4200,0.399944749761,0.402717034325,0.401328498263,0
4200,0.402717034325,0.405508535448,0.404110374513,0
4200,0.405508535448,0.408319386333,0.406911533809,0
4200,0.408319386333,0.411149721105,0.409732109814,0
4200,0.411149721105,0.41399967482,0.412572237117,0
4200,0.41399967482,0.41686938347,0.415432051242,0
4200,0.41686938347,0.419758983991,0.418311688651,0
4200,0.419758983991,0.422668614266,0.421211286754,0
4200,0.422668614266,0.425598413134,0.42413098391,0
4200,0.425598413134,0.428548520397,0.427070919441,0
4200,0.428548520397,0.431519076828,0.430031233631,0
4200,0.431519076828,0.434510224172,0.433012067738,0
4200,0.434510224172,0.437522105158,0.436013564,0
4200,0.437522105158,0.440554863507,0.439035865641,0
4200,0.440554863507,0.443608643931,0.442079116876,0
4200,0.443608643931,0.446683592151,0.44514346292,0
4200,0.446683592151,0.449779854893,0.448229049997,0
4200,0.449779854893,0.452897579904,0.451336025341,0
4200,0.452897579904,0.456036915951,0.45446453721,0
4200,0.456036915951,0.459198012837,0.457614734886,0
4200,0.459198012837,0.462381021399,0.46078676869,0
4200,0.462381021399,0.465586093523,0.463980789982,0
4200,0.465586093523,0.468813382145,0.467196951172,0
4200,0.468813382145,0.472063041264,0.470435405726,0
4200,0.472063041264,0.475335225943,0.473696308175,0
4200,0.475335225943,0.478630092323,0.476979814119,0
4200,0.478630092323,0.481947797625,0.48028608024,0
4200,0.481947797625,0.485288500162,0.483615264302,0
4200,0.485288500162,0.488652359343,0.486967525166,0
4200,0.488652359343,0.492039535681,0.490343022792,0
4200,0.492039535681,0.495450190805,0.49374191825,0
4200,0.495450190805,0.49888448746,0.497164373725,0
4200,0.49888448746,0.502342589522,0.500610552529,0
4200,0.502342589522,0.505824662003,0.504080619103,0
4200,0.505824662003,0.509330871057,0.507574739029,0
4200,0.509330871057,0.512861383991,0.511093079037,0
4200,0.512861383991,0.516416369272,0.514635807014,0
4200,0.516416369272,0.519995996534,0.518203092007,0
4200,0.519995996534,0.523600436586,0.521795104239,0
4200,0.523600436586,0.527229861423,0.52541201511,0
4200,0.527229861423,0.530884444231,0.52905399721,0
4200,0.530884444231,0.534564359397,0.532721224323,0
4200,0.534564359397,0.538269782516,0.53641387144,0
4200,0.538269782516,0.542000890402,0.540132114765,0
4200,0.542000890402,0.545757861091,0.54387613172,0
4200,0.545757861091,0.549540873858,0.547646100962,0
4200,0.549540873858,0.553350109216,0.551442202382,0
4200,0.553350109216,0.557185748932,0.55526461712,0
4200,0.557185748932,0.561047976032,0.559113527571,0
4200,0.561047976032,0.564936974812,0.562989117394,0
4200,0.564936974812,0.568852930844,0.566891571523,0
4200,0.568852930844,0.572796030986,0.570821076172,0
4200,0.572796030986,0.576766463392,0.574777818846,0
4200,0.576766463392,0.580764417521,0.578761988349,0
4200,0.580764417521,0.584790084144,0.582773774796,0
4200,0.584790084144,0.588843655356,0.586813369619,0
4200,0.588843655356,0.59292532458,0.590880965575,0
4200,0.59292532458,0.597035286584,0.594976756759,0
4200,0.597035286584,0.601173737483,0.599100938611,0
4200,0.601173737483,0.605340874754,0.603253707927,0
4200,0.605340874754,0.60953689724,0.607435262864,0
4200,0.60953689724,0.613762005165,0.611645802955,0
4200,0.613762005165,0.618016400138,0.615885529115,0
4200,0.618016400138,0.622300285169,0.620154643654,0
4200,0.622300285169,0.626613864672,0.624453350281,0
4200,0.626613864672,0.63095734448,0.628781854118,0
4200,0.63095734448,0.635330931852,0.633140361711,0
4200,0.635330931852,0.639734835483,0.637529081035,0
4200,0.639734835483,0.644169265515,0.641948221508,0
4200,0.644169265515,0.648634433548,0.646397994,0
4200,0.648634433548,0.653130552647,0.65087861084,0
4200,0.653130552647,0.657657837355,0.655390285833,0
4200,0.657657837355,0.662216503702,0.659933234264,0
4200,0.662216503702,0.666806769214,0.664507672908,0
4200,0.666806769214,0.671428852926,0.669113820046,0
4200,0.671428852926,0.676082975392,0.673751895471,0
4200,0.676082975392,0.680769358694,0.678422120498,0
4200,0.680769358694,0.685488226453,0.683124717979,0
4200,0.685488226453,0.69023980384,0.687859912309,0
4200,0.69023980384,0.695024317589,0.692627929437,0
4200,0.695024317589,0.699841996002,0.697428996882,0
4200,0.699841996002,0.704693068967,0.702263343736,0
4200,0.704693068967,0.709577767963,0.707131200681,0
4200,0.709577767963,0.714496326076,0.712032799999,0
4200,0.714496326076,0.719448978004,0.71696837558,0
4200,0.719448978004,0.724435960075,0.721938162937,0
4200,0.724435960075,0.729457510255,0.726942399214,0
4200,0.729457510255,0.734513868157,0.7319813232,0
4200,0.734513868157,0.739605275058,0.737055175338,0
4200,0.739605275058,0.744731973906,0.742164197739,0
4200,0.744731973906,0.749894209332,0.747308634191,0
4200,0.749894209332,0.755092227665,0.752488730174,0
4200,0.755092227665,0.76032627694,0.757704732866,0
4200,0.76032627694,0.765596606911,0.762956891162,0
4200,0.765596606911,0.770903469064,0.768245455679,0
4200,0.770903469064,0.776247116629,0.773570678775,0
4200,0.776247116629,0.781627804588,0.778932814554,0
4200,0.781627804588,0.787045789695,0.784332118882,0
4200,0.787045789695,0.79250133048,0.7897688494,0
4200,0.79250133048,0.797994687268,0.795243265533,0
4200,0.797994687268,0.803526122186,0.800755628507,0
4200,0.803526122186,0.809095899178,0.806306201355,0
4200,0.809095899178,0.814704284021,0.811895248936,0
4200,0.814704284021,0.82035154433,0.817523037944,0
4200,0.82035154433,0.826037949577,0.823189836921,0
4200,0.826037949577,0.831763771103,0.828895916273,0
4200,0.831763771103,0.837529282127,0.834641548277,0
4200,0.837529282127,0.843334757764,0.8404270071,0
4200,0.843334757764,0.849180475036,0.846252568807,0
4200,0.849180475036,0.855066712885,0.852118511379,0
4200,0.855066712885,0.860993752185,0.858025114723,0
4200,0.860993752185,0.866961875758,0.863972660684,0
4200,0.866961875758,0.872971368388,0.869961433065,0
4200,0.872971368388,0.879022516831,0.875991717633,0
4200,0.879022516831,0.885115609831,0.882063802137,0
4200,0.885115609831,0.891250938134,0.888177976319,0
4200,0.891250938134,0.897428794501,0.894334531933,0
4200,0.897428794501,0.903649473722,0.900533762751,0
4200,0.903649473722,0.909913272632,0.906775964584,0
4200,0.909913272632,0.916220490122,0.913061435293,0
4200,0.916220490122,0.922571427155,0.919390474804,0
4200,0.922571427155,0.92896638678,0.925763385121,0
4200,0.92896638678,0.935405674148,0.932180470342,0
4200,0.935405674148,0.941889596523,0.938642036672,0
4200,0.941889596523,0.948418463301,0.945148392441,0
4200,0.948418463301,0.954992586021,0.951699848113,0
4200,0.954992586021,0.961612278384,0.958296716306,0
4200,0.961612278384,0.968277856261,0.964939311806,0
4200,0.968277856261,0.974989637717,0.971627951577,0
4200,0.974989637717,0.98174794302,0.978362954785,0
4200,0.98174794302,0.988553094657,0.985144642804,0
4200,0.988553094657,0.995405417352,0.991973339239,0
4200,0.995405417352,1.00230523808,0.998849369937,0
4200,1.00230523808,1.00925288608,1.005773063,0
4200,1.00925288608,1.01624869287,1.01274474881,0
4200,1.01624869287,1.02329299228,1.01976476004,0
4200,1.02329299228,1.03038612044,1.02683343167,0
4200,1.03038612044,1.03752841582,1.03395110098,0
4200,1.03752841582,1.04472021922,1.04111810762,0
4200,1.04472021922,1.05196187382,1.04833479358,0
4200,1.05196187382,1.05925372518,1.05560150322,0
4200,1.05925372518,1.06659612123,1.06291858328,0
4200,1.06659612123,1.07398941234,1.07028638291,0
4200,1.07398941234,1.0814339513,1.07770525369,0
4200,1.0814339513,1.08893009333,1.08517554963,0
4200,1.08893009333,1.09647819614,1.09269762719,0
4200,1.09647819614,1.1040786199,1.1002718453,0
4200,1.1040786199,1.11173172728,1.10789856537,0
4200,1.11173172728,1.11943788347,1.11557815135,0
4200,1.11943788347,1.12719745618,1.12331096967,0
4200,1.12719745618,1.13501081567,1.13109738933,0
4200,1.13501081567,1.14287833479,1.13893778188,0
4200,1.14287833479,1.15080038894,1.14683252142,0
4200,1.15080038894,1.15877735616,1.15478198469,0
4200,1.15877735616,1.16680961706,1.162786551,0
4200,1.16680961706,1.17489755494,1.17084660232,0
4200,1.17489755494,1.18304155573,1.17896252324,0
4200,1.18304155573,1.19124200803,1.18713470104,0
4200,1.19124200803,1.19949930315,1.19536352567,0
4200,1.19949930315,1.20781383511,1.20364938979,0
4200,1.20781383511,1.21618600065,1.21199268877,0
4200,1.21618600065,1.22461619927,1.22039382074,0
4200,1.22461619927,1.23310483323,1.22885318658,0
4200,1.23310483323,1.24165230759,1.23737118994,0
4200,1.24165230759,1.25025903022,1.24594823727,0
4200,1.25025903022,1.25892541179,1.25458473786,0
4200,1.25892541179,1.26765186586,1.26328110381,0
4200,1.26765186586,1.27643880881,1.27203775009,0
4200,1.27643880881,1.28528665994,1.28085509454,0
4200,1.28528665994,1.29419584145,1.2897335579,0
4200,1.29419584145,1.30316677845,1.29867356383,0
4200,1.30316677845,1.31219989902,1.30767553892,0
4200,1.31219989902,1.32129563419,1.31673991272,0
4200,1.32129563419,1.33045441798,1.32586711776,0
4200,1.33045441798,1.33967668743,1.33505758956,0
4200,1.33967668743,1.34896288259,1.34431176667,0
4200,1.34896288259,1.35831344659,1.35363009067,0
4200,1.35831344659,1.3677288256,1.36301300621,0
4200,1.3677288256,1.37720946889,1.37246096101,0
4200,1.37720946889,1.38675582887,1.3819744059,0
4200,1.38675582887,1.39636836106,1.39155379484,0
4200,1.39636836106,1.40604752413,1.40119958494,0
4200,1.40604752413,1.41579377996,1.41091223646,0
4200,1.41579377996,1.4256075936,1.42069221286,0
4200,1.4256075936,1.43548943335,1.43053998082,0
4200,1.43548943335,1.44543977075,1.44045601025,0
4200,1.44543977075,1.45545908058,1.4504407743,0
4200,1.45545908058,1.46554784096,1.46049474944,0
4200,1.46554784096,1.47570653328,1.4706184154,0
4200,1.47570653328,1.48593564229,1.48081225527,0
4200,1.48593564229,1.49623565609,1.49107675545,0
4200,1.49623565609,1.50660706619,1.50141240575,0
4200,1.50660706619,1.51705036746,1.51181969936,0
4200,1.51705036746,1.52756605824,1.52229913288,0
4200,1.52756605824,1.5381546403,1.53285120636,0
4200,1.5381546403,1.54881661891,1.54347642332,0
4200,1.54881661891,1.55955250283,1.55417529077,0
4200,1.55955250283,1.57036280433,1.56494831922,0
4200,1.57036280433,1.58124803927,1.57579602274,0
4200,1.58124803927,1.59220872705,1.58671891895,0
4200,1.59220872705,1.60324539069,1.59771752906,0
4200,1.60324539069,1.61435855683,1.60879237789,0
4200,1.61435855683,1.62554875575,1.6199439939,0
4200,1.62554875575,1.63681652143,1.63117290923,0
4200,1.63681652143,1.64816239153,1.64247965967,0
4200,1.64816239153,1.65958690744,1.65386478477,0
4200,1.65958690744,1.67109061431,1.66532882779,0
4200,1.67109061431,1.68267406107,1.67687233575,0
4200,1.68267406107,1.69433780045,1.68849585949,0
4200,1.69433780045,1.706082389,1.70019995364,0
4200,1.706082389,1.71790838716,1.7119851767,0
4200,1.71790838716,1.72981635922,1.72385209103,0
4200,1.72981635922,1.74180687339,1.73580126287,0
4200,1.74180687339,1.75388050184,1.74783326242,0
4200,1.75388050184,1.76603782069,1.7599486638,0
4200,1.76603782069,1.77827941004,1.77214804514,0
4200,1.77827941004,1.79060585404,1.78443198854,0
4200,1.79060585404,1.80301774086,1.79680108017,0
4200,1.80301774086,1.81551566277,1.80925591025,0
4200,1.81551566277,1.82810021614,1.82179707309,0
4200,1.82810021614,1.84077200147,1.83442516712,0
4200,1.84077200147,1.85353162341,1.84714079491,0
4200,1.85353162341,1.86637969083,1.85994456322,0
4200,1.86637969083,1.8793168168,1.87283708302,0
4200,1.8793168168,1.89234361864,1.88581896949,0
4200,1.89234361864,1.90546071796,1.8988908421,0
4200,1.90546071796,1.91866874067,1.9120533246,0
4200,1.91866874067,1.93196831702,1.92530704508,0
4200,1.93196831702,1.94536008162,1.93865263595,0
4200,1.94536008162,1.95884467351,1.95209073404,0
4200,1.95884467351,1.97242273611,1.96562198058,0
4200,1.97242273611,1.98609491736,1.97924702124,0
4200,1.98609491736,1.99986186963,1.99296650616,0
4200,1.99986186963,2.01372424986,2.00678109002,0
4200,2.01372424986,2.02768271952,2.02069143199,0
4200,2.02768271952,2.04173794467,2.03469819585,0
4200,2.04173794467,2.05589059598,2.04880204996,0
4200,2.05589059598,2.07014134879,2.06300366731,0
4200,2.07014134879,2.0844908831,2.07730372557,0
4200,2.0844908831,2.09893988362,2.0917029071,0
4200,2.09893988362,2.11348903984,2.10620189899,0
4200,2.11348903984,2.12813904598,2.12080139309,0
4200,2.12813904598,2.14289060112,2.13550208605,0
4200,2.14289060112,2.15774440915,2.15030467934,0
4200,2.15774440915,2.17270117886,2.16520987931,0
4200,2.17270117886,2.18776162395,2.18021839719,0
4200,2.18776162395,2.20292646305,2.19533094914,0
4200,2.20292646305,2.2181964198,2.2105482563,0
4200,2.2181964198,2.23357222283,2.22587104479,0
4200,2.23357222283,2.24905460584,2.24130004578,0
4200,2.24905460584,2.26464430759,2.2568359955,0
4200,2.26464430759,2.280342072,2.27247963527,0
4200,2.280342072,2.29614864811,2.28823171158,0
4200,2.29614864811,2.31206479018,2.30409297606,0
4200,2.31206479018,2.32809125767,2.32006418557,0
4200,2.32809125767,2.34422881532,2.33614610222,0
4200,2.34422881532,2.36047823318,2.35233949339,0
4200,2.36047823318,2.37684028662,2.36864513178,0
4200,2.37684028662,2.39331575641,2.38506379547,0
4200,2.39331575641,2.40990542869,2.40159626789,0
4200,2.40990542869,2.42661009508,2.41824333793,0
4200,2.42661009508,2.44343055269,2.43500579995,0
4200,2.44343055269,2.46036760415,2.45188445381,0
4200,2.46036760415,2.47742205763,2.46888010491,0
4200,2.47742205763,2.49459472694,2.48599356423,0
4200,2.49459472694,2.51188643151,2.50322564838,0
4200,2.51188643151,2.52929799645,2.52057717964,0
4200,2.52929799645,2.54683025259,2.53804898596,0
4200,2.54683025259,2.56448403652,2.55564190106,0
4200,2.56448403652,2.58226019063,2.57335676443,0
4200,2.58226019063,2.60015956317,2.59119442135,0
4200,2.60015956317,2.61818300822,2.60915572301,0
4200,2.61818300822,2.63633138583,2.62724152647,0
4200,2.63633138583,2.65460556198,2.64545269472,0
4200,2.65460556198,2.67300640866,2.66379009677,0
4200,2.67300640866,2.69153480393,2.68225460761,0
4200,2.69153480393,2.71019163189,2.70084710832,0
4200,2.71019163189,2.72897778281,2.7195684861,0
4200,2.72897778281,2.7478941531,2.73841963426,0
4200,2.7478941531,2.76694164541,2.75740145235,0
4200,2.76694164541,2.78612116863,2.77651484611,0
4200,2.78612116863,2.80543363795,2.79576072758,0
4200,2.80543363795,2.82487997492,2.81514001513,0
4200,2.82487997492,2.84446110745,2.83465363349,0
4200,2.84446110745,2.86417796991,2.85430251379,0
4200,2.86417796991,2.88403150313,2.87408759362,0
4200,2.88403150313,2.90402265446,2.89400981707,0
4200,2.90402265446,2.92415237784,2.91407013477,0
4200,2.92415237784,2.9444216338,2.93426950396,0
4200,2.9444216338,2.96483138952,2.95460888848,0
4200,2.96483138952,2.98538261892,2.97508925888,0
4200,2.98538261892,3.00607630263,2.99571159243,0
4200,3.00607630263,3.0269134281,3.01647687316,0
4200,3.0269134281,3.04789498963,3.03738609195,0
4200,3.04789498963,3.06902198839,3.05844024651,0
4200,3.06902198839,3.09029543251,3.0796403415,0
4200,3.09029543251,3.11171633711,3.10098738853,0
4200,3.11171633711,3.13328572432,3.12248240622,0
4200,3.13328572432,3.15500462337,3.14412642026,0
4200,3.15500462337,3.17687407065,3.16592046343,0
4200,3.17687407065,3.19889510969,3.1878655757,0
4200,3.19889510969,3.22106879128,3.20996280421,0
4200,3.22106879128,3.24339617349,3.2322132034,0
4200,3.24339617349,3.26587832172,3.25461783498,0
4200,3.26587832172,3.28851630876,3.27717776805,0
4200,3.28851630876,3.31131121483,3.29989407911,0
4200,3.31131121483,3.33426412763,3.32276785211,0
4200,3.33426412763,3.35737614243,3.34580017853,0
4200,3.35737614243,3.38064836206,3.36899215741,0
4200,3.38064836206,3.40408189701,3.39234489541,0
4200,3.40408189701,3.42767786546,3.41585950686,0
4200,3.42767786546,3.45143739336,3.43953711381,0
4200,3.45143739336,3.47536161443,3.46337884608,0
4200,3.47536161443,3.49945167028,3.48738584135,0
4200,3.49945167028,3.52370871042,3.51155924516,0
4200,3.52370871042,3.54813389234,3.535900211,0
4200,3.54813389234,3.57272838152,3.56040990036,0
4200,3.57272838152,3.59749335156,3.58508948277,0
4200,3.59749335156,3.62242998417,3.60994013586,0
4200,3.62242998417,3.64753946926,3.63496304546,0
4200,3.64753946926,3.67282300498,3.66015940558,0
4200,3.67282300498,3.6982817978,3.68553041852,0
4200,3.6982817978,3.72391706255,3.71107729493,0
4200,3.72391706255,3.74973002245,3.73680125382,0
4200,3.74973002245,3.77572190925,3.76270352268,0
4200,3.77572190925,3.80189396321,3.78878533748,0
4200,3.80189396321,3.82824743317,3.81504794279,0
4200,3.82824743317,3.85478357666,3.84149259179,0
4200,3.85478357666,3.88150365991,3.86812054633,0
4200,3.88150365991,3.90840895792,3.89493307704,0
4200,3.90840895792,3.93550075456,3.92193146333,0
4200,3.93550075456,3.96278034255,3.94911699349,0
4200,3.96278034255,3.99024902362,3.97649096475,0
4200,3.99024902362,4.01790810849,4.00405468331,0
4200,4.01790810849,4.04575891697,4.03180946443,0
4200,4.04575891697,4.07380277804,4.05975663252,0
4200,4.07380277804,4.10204102987,4.08789752111,0
4200,4.10204102987,4.1304750199,4.11623347303,0
4200,4.1304750199,4.15910610494,4.14476584038,0
4200,4.15910610494,4.18793565118,4.17349598465,0
4200,4.18793565118,4.21696503429,4.20242527677,0
4200,4.21696503429,4.24619563946,4.23155509717,0
4200,4.24619563946,4.27562886152,4.26088683583,0
4200,4.27562886152,4.30526610492,4.29042189239,0
4200,4.30526610492,4.33510878388,4.32016167618,0
4200,4.33510878388,4.3651583224,4.35010760631,0
4200,4.3651583224,4.39541615438,4.3802611117,0
4200,4.39541615438,4.42588372363,4.41062363121,0
4200,4.42588372363,4.45656248398,4.44119661366,0
4200,4.45656248398,4.48745389933,4.47198151789,0
4200,4.48745389933,4.51855944375,4.50297981288,0
4200,4.51855944375,4.5498806015,4.53419297779,0
4200,4.5498806015,4.58141886715,4.56562250202,0
4200,4.58141886715,4.6131757456,4.59726988531,0
4200,4.6131757456,4.64515275223,4.62913663778,0
4200,4.64515275223,4.67735141287,4.66122428002,0
4200,4.67735141287,4.70977326397,4.69353434317,0
4200,4.70977326397,4.7424198526,4.72606836898,0
4200,4.7424198526,4.77529273658,4.75882790989,0
4200,4.77529273658,4.8083934845,4.79181452908,0
4200,4.8083934845,4.84172367584,4.8250298006,0
4200,4.84172367584,4.87528490103,4.85847530937,0
4200,4.87528490103,4.90907876153,4.89215265134,0
4200,4.90907876153,4.94310686987,4.9260634335,0
4200,4.94310686987,4.97737084979,4.96020927396,0
4200,4.97737084979,5.01187233627,4.99459180208,0
4200,5.01187233627,5.04661297564,5.0292126585,0
4200,5.04661297564,5.08159442561,5.06407349524,0
4200,5.08159442561,5.1168183554,5.09917597575,0
4200,5.1168183554,5.15228644582,5.13452177503,0
4200,5.15228644582,5.18800038929,5.17011257969,0
4200,5.18800038929,5.22396188999,5.20595008802,0
4200,5.22396188999,5.26017266391,5.24203601008,0
4200,5.26017266391,5.29663443892,5.27837206782,0
4200,5.29663443892,5.33334895488,5.31495999507,0
4200,5.33334895488,5.3703179637,5.35180153771,0
4200,5.3703179637,5.40754322946,5.38889845373,0
4200,5.40754322946,5.44502652842,5.42625251329,0
4200,5.44502652842,5.48276964921,5.46386549882,0
4200,5.48276964921,5.52077439281,5.50173920511,0
4200,5.52077439281,5.5590425727,5.53987543939,0
4200,5.5590425727,5.59757601495,5.57827602141,0
4200,5.59757601495,5.63637655826,5.61694278356,0
4200,5.63637655826,5.67544605409,5.65587757089,0
4200,5.67544605409,5.71478636672,5.69508224128,0
4200,5.71478636672,5.75439937337,5.73455866546,0
4200,5.75439937337,5.79428696427,5.77430872714,0
4200,5.79428696427,5.83445104274,5.81433432308,0
4200,5.83445104274,5.8748935253,5.85463736321,0
4200,5.8748935253,5.91561634175,5.89521977065,0
4200,5.91561634175,5.95662143529,5.93608348191,0
4200,5.95662143529,5.99791076256,5.97723044689,0
4200,5.99791076256,6.03948629376,6.018662629,0
4200,6.03948629376,6.08135001279,6.06038200527,0
4200,6.08135001279,6.12350391725,6.10239056645,0
4200,6.12350391725,6.16595001861,6.14469031706,0
4200,6.16595001861,6.2086903423,6.18728327553,0
4200,6.2086903423,6.25172692776,6.23017147429,0
4200,6.25172692776,6.29506182857,6.27335695984,0
4200,6.29506182857,6.33869711257,6.31684179288,0
4200,6.33869711257,6.38263486191,6.36062804837,0
4200,6.38263486191,6.42687717317,6.40471781569,0
4200,6.42687717317,6.47142615749,6.44911319868,0
4200,6.47142615749,6.51628394061,6.49381631576,0
4200,6.51628394061,6.56145266303,6.53882930005,0
4200,6.56145266303,6.60693448008,6.58415429943,0
4200,6.60693448008,6.65273156202,6.62979347671,0
4200,6.65273156202,6.69884609417,6.67574900964,0
4200,6.69884609417,6.74528027698,6.72202309112,0
4200,6.74528027698,6.79203632617,6.7686179292,0
4200,6.79203632617,6.83911647281,6.81553574727,0
4200,6.83911647281,6.88652296344,6.86277878411,0
4200,6.88652296344,6.93425806017,6.91034929405,0
4200,6.93425806017,6.98232404077,6.95824954701,0
4200,6.98232404077,7.03072319884,7.00648182865,0
4200,7.03072319884,7.07945784384,7.05504844051,0
4200,7.07945784384,7.12853030127,7.10395170003,0
4200,7.12853030127,7.17794291271,7.15319394075,0
4200,7.17794291271,7.22769803602,7.20277751238,0
4200,7.22769803602,7.27779804537,7.25270478091,0
4200,7.27779804537,7.32824533139,7.30297812873,0
4200,7.32824533139,7.37904230129,7.35359995475,0
4200,7.37904230129,7.43019137897,7.40457267451,0
4200,7.43019137897,7.48169500511,7.45589872028,0
4200,7.48169500511,7.53355563734,7.5075805412,0
4200,7.53355563734,7.58577575029,7.55962060339,0
4200,7.58577575029,7.63835783578,7.61202139006,0
4200,7.63835783578,7.69130440287,7.66478540163,0
4200,7.69130440287,7.74461797803,7.71791515585,0
4200,7.74461797803,7.79830110523,7.77141318794,0
4200,7.79830110523,7.8523563461,7.82528205067,0
4200,7.8523563461,7.90678628,7.87952431451,0
4200,7.90678628,7.96159350417,7.93414256777,0
4200,7.96159350417,8.01678063388,7.98913941667,0
4200,8.01678063388,8.07235030249,8.04451748552,0
4200,8.07235030249,8.12830516164,8.1002794168,0
4200,8.12830516164,8.18464788135,8.15642787133,0
4200,8.18464788135,8.24138115013,8.21296552835,0
4200,8.24138115013,8.29850767514,8.26989508568,0
4200,8.29850767514,8.35603018231,8.32721925985,0
4200,8.35603018231,8.41395141645,8.38494078622,0
4200,8.41395141645,8.47227414141,8.44306241909,0
4200,8.47227414141,8.53100114018,8.50158693187,0
4200,8.53100114018,8.59013521505,8.5605171172,0
4200,8.59013521505,8.64967918776,8.61985578706,0
4200,8.64967918776,8.70963589956,8.67960577292,0
4200,8.70963589956,8.77000821144,8.73976992591,0
4200,8.77000821144,8.83079900419,8.80035111687,0
4200,8.83079900419,8.89201117858,8.86135223659,0
4200,8.89201117858,8.9536476555,8.92277619588,0
4200,8.9536476555,9.01571137606,8.98462592571,0
4200,9.01571137606,9.07820530178,9.04690437738,0
4200,9.07820530178,9.1411324147,9.10961452266,0
4200,9.1411324147,9.20449571753,9.1727593539,0
4200,9.20449571753,9.26829823379,9.2363418842,0
4200,9.26829823379,9.33254300797,9.30036514754,0
4200,9.33254300797,9.39723310565,9.36483219894,0
4200,9.39723310565,9.46237161366,9.4297461146,0
4200,9.46237161366,9.52796164024,9.49510999202,0
4200,9.52796164024,9.59400631516,9.5609269502,0
4200,9.59400631516,9.6605087899,9.62720012973,0
4200,9.6605087899,9.72747223777,9.693932693,0
4200,9.72747223777,9.79489985409,9.7611278243,0
4200,9.79489985409,9.86279485631,9.82878873,0
4200,9.86279485631,9.93116048421,9.89691863869,0
4200,9.93116048421,10,9.96552080135,0
4400,0.01,0.0100693166885,0.0100345984915,0
4400,0.0100693166885,0.0101391138574,0.0101041550053,0
4400,0.0101391138574,0.0102093948371,0.0101741936618,0
4400,0.0102093948371,0.0102801629813,0.0102447178031,0
4400,0.0102801629813,0.0103514216668,0.0103157307944,0
4400,0.0103514216668,0.0104231742939,0.0103872360242,0
4400,0.0104231742939,0.0104954242865,0.0104592369046,0
4400,0.0104954242865,0.0105681750921,0.0105317368713,0
4400,0.0105681750921,0.0106414301822,0.0106047393837,0
4400,0.0106414301822,0.0107151930524,0.0106782479254,0
4400,0.0107151930524,0.0107894672223,0.0107522660039,0
4400,0.0107894672223,0.0108642562362,0.0108267971513,0
4400,0.0108642562362,0.0109395636627,0.0109018449239,0
4400,0.0109395636627,0.0110153930954,0.0109774129027,0
4400,0.0110153930954,0.0110917481526,0.0110535046938,0
4400,0.0110917481526,0.0111686324778,0.011130123928,0
4400,0.0111686324778,0.0112460497397,0.0112072742614,0
4400,0.0112460497397,0.0113240036324,0.0112849593753,0
4400,0.0113240036324,0.0114024978756,0.0113631829767,0
4400,0.0114024978756,0.011481536215,0.0114419487982,0
4400,0.011481536215,0.0115611224219,0.0115212605983,0
4400,0.0115611224219,0.0116412602941,0.0116011221615,0
4400,0.0116412602941,0.0117219536555,0.0116815372986,0
4400,0.0117219536555,0.0118032063565,0.0117625098468,0
4400,0.0118032063565,0.0118850222744,0.01184404367,0
4400,0.0118850222744,0.0119674053131,0.0119261426586,0
4400,0.0119674053131,0.0120503594037,0.0120088107301,0
4400,0.0120503594037,0.0121338885046,0.0120920518294,0
4400,0.0121338885046,0.0122179966016,0.0121758699285,0
4400,0.0122179966016,0.0123026877081,0.0122602690268,0
4400,0.0123026877081,0.0123879658653,0.0123452531517,0
4400,0.0123879658653,0.0124738351424,0.0124308263584,0
4400,0.0124738351424,0.0125602996369,0.0125169927303,0
4400,0.0125602996369,0.0126473634747,0.0126037563789,0
4400,0.0126473634747,0.0127350308102,0.0126911214445,0
4400,0.0127350308102,0.0128233058266,0.0127790920957,0
4400,0.0128233058266,0.0129121927361,0.0128676725303,0
4400,0.0129121927361,0.0130016957803,0.0129568669752,0
4400,0.0130016957803,0.01309181923,0.0130466796864,0
4400,0.01309181923,0.0131825673856,0.0131371149496,0
4400,0.0131825673856,0.0132739445773,0.0132281770801,0
4400,0.0132739445773,0.0133659551655,0.0133198704231,0
4400,0.0133659551655,0.0134586035406,0.0134121993541,0
4400,0.0134586035406,0.0135518941235,0.0135051682786,0
4400,0.0135518941235,0.0136458313659,0.0135987816328,0
4400,0.0136458313659,0.0137404197501,0.0136930438839,0
4400,0.0137404197501,0.0138356637897,0.0137879595297,0
4400,0.0138356637897,0.0139315680295,0.0138835330993,0
4400,0.0139315680295,0.0140281370456,0.0139797691532,0
4400,0.0140281370456,0.0141253754462,0.0140766722836,0
4400,0.0141253754462,0.0142232878712,0.0141742471144,0
4400,0.0142232878712,0.0143218789927,0.0142724983016,0
4400,0.0143218789927,0.0144211535152,0.0143714305336,0
4400,0.0144211535152,0.0145211161759,0.0144710485309,0
4400,0.0145211161759,0.0146217717446,0.0145713570473,0
4400,0.0146217717446,0.0147231250243,0.0146723608691,0
4400,0.0147231250243,0.0148251808515,0.0147740648159,0
4400,0.0148251808515,0.0149279440958,0.0148764737408,0
4400,0.0149279440958,0.0150314196609,0.0149795925304,0
4400,0.0150314196609,0.0151356124844,0.0150834261054,0
4400,0.0151356124844,0.015240527538,0.0151879794203,0
4400,0.015240527538,0.015346169828,0.0152932574642,0
4400,0.015346169828,0.0154525443954,0.0153992652606,0
4400,0.0154525443954,0.0155596563161,0.0155060078679,0
4400,0.0155596563161,0.0156675107011,0.0156134903797,0
4400,0.0156675107011,0.015776112697,0.0157217179246,0
4400,0.015776112697,0.015885467486,0.0158306956671,0
4400,0.015885467486,0.0159955802861,0.0159404288071,0
4400,0.0159955802861,0.0161064563518,0.016050922581,0
4400,0.0161064563518,0.0162181009736,0.0161621822611,0
4400,0.0162181009736,0.0163305194789,0.0162742131564,0
4400,0.0163305194789,0.0164437172321,0.0163870206128,0
4400,0.0164437172321,0.0165576996347,0.0165006100132,0
4400,0.0165576996347,0.0166724721255,0.0166149867777,0
4400,0.0166724721255,0.0167880401812,0.016730156364,0
4400,0.0167880401812,0.0169044093164,0.0168461242677,0
4400,0.0169044093164,0.0170215850839,0.0169628960226,0
4400,0.0170215850839,0.0171395730751,0.0170804772006,0
4400,0.0171395730751,0.0172583789199,0.0171988734124,0
4400,0.0172583789199,0.0173780082875,0.0173180903075,0
4400,0.0173780082875,0.0174984668862,0.0174381335747,0
4400,0.0174984668862,0.0176197604641,0.017559008942,0
4400,0.0176197604641,0.0177418948089,0.0176807221773,0
4400,0.0177418948089,0.0178648757485,0.0178032790885,0
4400,0.0178648757485,0.0179887091513,0.0179266855237,0
4400,0.0179887091513,0.0181134009262,0.0180509473713,0
4400,0.0181134009262,0.0182389570232,0.018176070561,0
4400,0.0182389570232,0.0183653834335,0.0183020610631,0
4400,0.0183653834335,0.0184926861898,0.0184289248897,0
4400,0.0184926861898,0.0186208713666,0.0185566680943,0
4400,0.0186208713666,0.0187499450807,0.0186852967726,0
4400,0.0187499450807,0.018879913491,0.0188148170622,0
4400,0.018879913491,0.0190107827992,0.0189452351436,0
4400,0.0190107827992,0.0191425592502,0.0190765572399,0
4400,0.0191425592502,0.0192752491319,0.0192087896175,0
4400,0.0192752491319,0.0194088587759,0.0193419385862,0
4400,0.0194088587759,0.0195433945578,0.0194760104994,0
4400,0.0195433945578,0.0196788628971,0.0196110117548,0
4400,0.0196788628971,0.0198152702581,0.0197469487941,0
4400,0.0198152702581,0.0199526231497,0.019883828104,0
4400,0.0199526231497,0.0200909281261,0.0200216562159,0
4400,0.0200909281261,0.0202301917868,0.0201604397066,0
4400,0.0202301917868,0.0203704207771,0.0203001851986,0
4400,0.0203704207771,0.0205116217883,0.02044089936,0
4400,0.0205116217883,0.0206538015581,0.0205825889054,0
4400,0.0206538015581,0.020796966871,0.0207252605958,0
4400,0.020796966871,0.0209411245585,0.0208689212391,0
4400,0.0209411245585,0.0210862814993,0.0210135776905,0
4400,0.0210862814993,0.02123244462,0.0211592368524,0
4400,0.02123244462,0.021379620895,0.0213059056754,0
4400,0.021379620895,0.0215278173472,0.0214535911582,0
4400,0.0215278173472,0.0216770410482,0.0216023003477,0
4400,0.0216770410482,0.0218272991184,0.0217520403402,0
4400,0.0218272991184,0.0219785987278,0.0219028182807,0
4400,0.0219785987278,0.0221309470961,0.0220546413639,0
4400,0.0221309470961,0.0222843514927,0.0222075168345,0
4400,0.0222843514927,0.0224388192378,0.0223614519872,0
4400,0.0224388192378,0.0225943577022,0.0225164541674,0
4400,0.0225943577022,0.0227509743077,0.0226725307715,0
4400,0.0227509743077,0.0229086765277,0.0228296892468,0
4400,0.0229086765277,0.0230674718872,0.0229879370926,0
4400,0.0230674718872,0.0232273679636,0.0231472818602,0
4400,0.0232273679636,0.0233883723866,0.0233077311528,0
4400,0.0233883723866,0.023550492839,0.0234692926269,0
4400,0.023550492839,0.0237137370566,0.0236319739915,0
4400,0.0237137370566,0.0238781128291,0.0237957830096,0
4400,0.0238781128291,0.0240436280001,0.0239607274975,0
4400,0.0240436280001,0.0242102904674,0.0241268153259,0
4400,0.0242102904674,0.0243781081837,0.0242940544202,0
4400,0.0243781081837,0.0245470891569,0.0244624527605,0
4400,0.0245470891569,0.0247172414502,0.0246320183824,0
4400,0.0247172414502,0.0248885731828,0.0248027593769,0
4400,0.0248885731828,0.0250610925303,0.0249746838915,0
4400,0.0250610925303,0.0252348077248,0.02514780013,0
4400,0.0252348077248,0.0254097270555,0.0253221163528,0
4400,0.0254097270555,0.0255858588691,0.025497640878,0
4400,0.0255858588691,0.02576321157,0.0256743820811,0
4400,0.02576321157,0.0259417936212,0.0258523483956,0
4400,0.0259417936212,0.026121613544,0.0260315483137,0
4400,0.026121613544,0.026302679919,0.0262119903864,0
4400,0.026302679919,0.0264850013861,0.0263936832237,0
4400,0.0264850013861,0.0266685866452,0.0265766354955,0
4400,0.0266685866452,0.0268534444566,0.026760855932,0
4400,0.0268534444566,0.0270395836411,0.0269463533235,0
4400,0.0270395836411,0.0272270130808,0.0271331365215,0
4400,0.0272270130808,0.0274157417193,0.0273212144388,0
4400,0.0274157417193,0.0276057785622,0.0275105960499,0
4400,0.0276057785622,0.0277971326776,0.0277012903916,0
4400,0.0277971326776,0.0279898131963,0.0278933065634,0
4400,0.0279898131963,0.0281838293126,0.0280866537277,0
4400,0.0281838293126,0.0283791902844,0.0282813411105,0
4400,0.0283791902844,0.0285759054337,0.0284773780017,0
4400,0.0285759054337,0.0287739841474,0.0286747737558,0
4400,0.0287739841474,0.028973435877,0.0288735377919,0
4400,0.028973435877,0.02917427014,0.0290736795944,0
4400,0.02917427014,0.0293764965196,0.0292752087137,0
4400,0.0293764965196,0.0295801246655,0.0294781347661,0
4400,0.0295801246655,0.0297851642943,0.0296824674346,0
4400,0.0297851642943,0.0299916251899,0.0298882164696,0
4400,0.0299916251899,0.030199517204,0.0300953916887,0
4400,0.030199517204,0.0304088502568,0.0303040029779,0
4400,0.0304088502568,0.0306196343369,0.0305140602914,0
4400,0.0306196343369,0.0308318795025,0.0307255736527,0
4400,0.0308318795025,0.0310455958813,0.0309385531545,0
4400,0.0310455958813,0.0312607936712,0.0311530089597,0
4400,0.0312607936712,0.031477483141,0.0313689513016,0
4400,0.031477483141,0.0316956746304,0.0315863904842,0
4400,0.0316956746304,0.031915378551,0.0318053368833,0
4400,0.031915378551,0.0321366053864,0.0320258009463,0
4400,0.0321366053864,0.032359365693,0.0322477931932,0
4400,0.032359365693,0.0325836701002,0.0324713242168,0
4400,0.0325836701002,0.0328095293113,0.0326964046834,0
4400,0.0328095293113,0.0330369541037,0.0329230453333,0
4400,0.0330369541037,0.0332659553294,0.0331512569812,0
4400,0.0332659553294,0.0334965439158,0.0333810505166,0
4400,0.0334965439158,0.0337287308659,0.0336124369047,0
4400,0.0337287308659,0.033962527259,0.0338454271866,0
4400,0.033962527259,0.0341979442514,0.03408003248,0
4400,0.0341979442514,0.0344349930763,0.0343162639796,0
4400,0.0344349930763,0.0346736850453,0.0345541329578,0
4400,0.0346736850453,0.0349140315479,0.0347936507649,0
4400,0.0349140315479,0.0351560440528,0.0350348288302,0
4400,0.0351560440528,0.0353997341083,0.0352776786619,0
4400,0.0353997341083,0.0356451133426,0.0355222118482,0
4400,0.0356451133426,0.0358921934645,0.0357684400576,0
4400,0.0358921934645,0.036140986264,0.0360163750395,0
4400,0.036140986264,0.0363915036127,0.0362660286245,0
4400,0.0363915036127,0.0366437574648,0.0365174127255,0
4400,0.0366437574648,0.036897759857,0.0367705393378,0
4400,0.036897759857,0.0371535229097,0.03702542054,0
4400,0.0371535229097,0.0374110588272,0.0372820684943,0
4400,0.0374110588272,0.0376703798984,0.0375404954472,0
4400,0.0376703798984,0.0379314984974,0.0378007137302,0
4400,0.0379314984974,0.038194427084,0.0380627357601,0
4400,0.038194427084,0.0384591782045,0.03832657404,0
4400,0.0384591782045,0.0387257644922,0.0385922411595,0
4400,0.0387257644922,0.0389941986677,0.0388597497954,0
4400,0.0389941986677,0.03926449354,0.0391291127127,0
4400,0.03926449354,0.0395366620068,0.0394003427645,0
4400,0.0395366620068,0.0398107170553,0.0396734528932,0
4400,0.0398107170553,0.0400866717627,0.0399484561308,0
4400,0.0400866717627,0.0403645392968,0.0402253655999,0
4400,0.0403645392968,0.0406443329165,0.0405041945136,0
4400,0.0406443329165,0.040926065973,0.0407849561771,0
4400,0.040926065973,0.0412097519097,0.0410676639875,0
4400,0.0412097519097,0.0414954042634,0.0413523314348,0
4400,0.0414954042634,0.0417830366647,0.0416389721025,0
4400,0.0417830366647,0.0420726628384,0.0419275996685,0
4400,0.0420726628384,0.042364296605,0.0422182279051,0
4400,0.042364296605,0.0426579518802,0.0425108706805,0
4400,0.0426579518802,0.0429536426765,0.0428055419586,0
4400,0.0429536426765,0.0432513831035,0.0431022558005,0
4400,0.0432513831035,0.0435511873686,0.0434010263645,0
4400,0.0435511873686,0.0438530697775,0.0437018679071,0
4400,0.0438530697775,0.0441570447353,0.0440047947836,0
4400,0.0441570447353,0.0444631267469,0.0443098214489,0
4400,0.0444631267469,0.0447713304176,0.0446169624581,0
4400,0.0447713304176,0.0450816704541,0.044926232467,0
4400,0.0450816704541,0.045394161665,0.0452376462332,0
4400,0.045394161665,0.0457088189615,0.0455512186166,0
4400,0.0457088189615,0.0460256573581,0.0458669645798,0
4400,0.0460256573581,0.0463446919736,0.0461848991895,0
4400,0.0463446919736,0.0466659380314,0.0465050376167,0
4400,0.0466659380314,0.0469894108605,0.0468273951374,0
4400,0.0469894108605,0.0473151258961,0.0471519871336,0
4400,0.0473151258961,0.0476430986805,0.0474788290942,0
4400,0.0476430986805,0.0479733448637,0.0478079366149,0
4400,0.0479733448637,0.048305880204,0.0481393254,0
4400,0.048305880204,0.0486407205691,0.0484730112624,0
4400,0.0486407205691,0.0489778819368,0.0488090101248,0
4400,0.0489778819368,0.0493173803955,0.0491473380199,0
4400,0.0493173803955,0.049659232145,0.049488011092,0
4400,0.049659232145,0.0500034534977,0.0498310455971,0
4400,0.0500034534977,0.0503500608788,0.0501764579037,0
4400,0.0503500608788,0.0506990708275,0.050524264494,0
4400,0.0506990708275,0.0510504999975,0.0508744819645,0
4400,0.0510504999975,0.0514043651582,0.0512271270265,0
4400,0.0514043651582,0.0517606831951,0.0515822165072,0
4400,0.0517606831951,0.0521194711105,0.0519397673507,0
4400,0.0521194711105,0.052480746025,0.0522997966182,0
4400,0.052480746025,0.0528445251775,0.0526623214894,0
4400,0.0528445251775,0.0532108259267,0.0530273592629,0
4400,0.0532108259267,0.0535796657513,0.0533949273574,0
4400,0.0535796657513,0.0539510622515,0.0537650433122,0
4400,0.0539510622515,0.0543250331492,0.0541377247883,0
4400,0.0543250331492,0.0547015962894,0.0545129895689,0
4400,0.0547015962894,0.0550807696405,0.0548908555607,0
4400,0.0550807696405,0.0554625712958,0.0552713407944,0
4400,0.0554625712958,0.0558470194737,0.0556544634258,0
4400,0.0558470194737,0.056234132519,0.0560402417364,0
4400,0.056234132519,0.0566239289038,0.0564286941345,0
4400,0.0566239289038,0.0570164272281,0.056819839156,0
4400,0.0570164272281,0.0574116462207,0.0572136954652,0
4400,0.0574116462207,0.0578096047406,0.057610281856,0
4400,0.0578096047406,0.0582103217771,0.0580096172523,0
4400,0.0582103217771,0.0586138164514,0.0584117207093,0
4400,0.0586138164514,0.0590201080172,0.0588166114143,0
4400,0.0590201080172,0.0594292158616,0.0592243086876,0
4400,0.0594292158616,0.059841159506,0.0596348319834,0
4400,0.059841159506,0.0602559586074,0.0600482008908,0
4400,0.0602559586074,0.0606736329589,0.0604644351345,0
4400,0.0606736329589,0.0610942024906,0.0608835545761,0
4400,0.0610942024906,0.061517687271,0.061305579215,0
4400,0.061517687271,0.0619441075077,0.0617305291889,0
4400,0.0619441075077,0.0623734835482,0.0621584247753,0
4400,0.0623734835482,0.0628058358813,0.0625892863921,0
4400,0.0628058358813,0.0632411851376,0.0630231345991,0
4400,0.0632411851376,0.0636795520908,0.0634599900981,0
4400,0.0636795520908,0.0641209576585,0.0638998737348,0
4400,0.0641209576585,0.0645654229035,0.0643428064992,0
4400,0.0645654229035,0.0650129690343,0.0647888095269,0
4400,0.0650129690343,0.0654636174067,0.0652379040998,0
4400,0.0654636174067,0.0659173895244,0.0656901116476,0
4400,0.0659173895244,0.0663743070402,0.0661454537484,0
4400,0.0663743070402,0.0668343917569,0.0666039521298,0
4400,0.0668343917569,0.0672976656284,0.0670656286702,0
4400,0.0672976656284,0.0677641507611,0.0675305053995,0
4400,0.0677641507611,0.0682338694142,0.0679986045003,0
4400,0.0682338694142,0.0687068440014,0.0684699483091,0
4400,0.0687068440014,0.0691830970919,0.0689445593171,0
4400,0.0691830970919,0.0696626514111,0.0694224601714,0
4400,0.0696626514111,0.070145529842,0.0699036736762,0
4400,0.070145529842,0.0706317554263,0.0703882227936,0
4400,0.0706317554263,0.0711213513653,0.0708761306451,0
4400,0.0711213513653,0.0716143410213,0.0713674205122,0
4400,0.0716143410213,0.0721107479183,0.071862115838,0
4400,0.0721107479183,0.0726105957435,0.072360240228,0
4400,0.0726105957435,0.0731139083483,0.0728618174513,0
4400,0.0731139083483,0.0736207097495,0.0733668714418,0
4400,0.0736207097495,0.0741310241301,0.0738754262994,0
4400,0.0741310241301,0.074644875841,0.0743875062908,0
4400,0.074644875841,0.0751622894018,0.0749031358511,0
4400,0.0751622894018,0.0756832895021,0.0754223395848,0
4400,0.0756832895021,0.0762079010025,0.0759451422668,0
4400,0.0762079010025,0.0767361489362,0.0764715688439,0
4400,0.0767361489362,0.0772680585096,0.0770016444357,0
4400,0.0772680585096,0.077803655104,0.077535394336,0
4400,0.077803655104,0.0783429642766,0.0780728440138,0
4400,0.0783429642766,0.0788860117619,0.0786140191148,0
4400,0.0788860117619,0.0794328234724,0.0791589454624,0
4400,0.0794328234724,0.0799834255007,0.079707649059,0
4400,0.0799834255007,0.0805378441199,0.0802601560873,0
4400,0.0805378441199,0.0810961057854,0.0808164929113,0
4400,0.0810961057854,0.0816582371359,0.0813766860779,0
4400,0.0816582371359,0.0822242649947,0.081940762318,0
4400,0.0822242649947,0.0827942163712,0.0825087485479,0
4400,0.0827942163712,0.083368118462,0.0830806718702,0
4400,0.083368118462,0.0839459986519,0.0836565595756,0
4400,0.0839459986519,0.084527884516,0.0842364391438,0
4400,0.084527884516,0.0851138038202,0.0848203382452,0
4400,0.0851138038202,0.085703784523,0.0854082847419,0
4400,0.085703784523,0.0862978547767,0.0860003066889,0
4400,0.0862978547767,0.0868960429286,0.086596432336,0
4400,0.0868960429286,0.0874983775227,0.0871966901287,0
4400,0.0874983775227,0.0881048873008,0.0878011087097,0
4400,0.0881048873008,0.0887156012038,0.08840971692,0
4400,0.0887156012038,0.0893305483733,0.089022543801,0
4400,0.0893305483733,0.089949758153,0.089639618595,0
4400,0.089949758153,0.0905732600898,0.0902609707471,0
4400,0.0905732600898,0.0912010839356,0.0908866299066,0
4400,0.0912010839356,0.0918332596484,0.0915166259281,0
4400,0.0918332596484,0.0924698173938,0.0921509888735,0
4400,0.0924698173938,0.0931107875468,0.0927897490127,0
4400,0.0931107875468,0.0937562006926,0.0934329368257,0
4400,0.0937562006926,0.0944060876286,0.0940805830037,0
4400,0.0944060876286,0.0950604793656,0.0947327184504,0
4400,0.0950604793656,0.0957194071295,0.0953893742842,0
4400,0.0957194071295,0.0963829023624,0.0960505818387,0
4400,0.0963829023624,0.0970509967245,0.096716372665,0
4400,0.0970509967245,0.0977237220956,0.0973867785329,0
4400,0.0977237220956,0.0984011105761,0.0980618314322,0
4400,0.0984011105761,0.0990831944893,0.0987415635747,0
4400,0.0990831944893,0.0997700063823,0.0994260073953,0
4400,0.0997700063823,0.100461579028,0.100115195554,0
4400,0.100461579028,0.101157945426,0.100809160936,0
4400,0.101157945426,0.101859138805,0.101507936657,0
4400,0.101859138805,0.102565192625,0.10221155606,0
4400,0.102565192625,0.103276140576,0.102920052719,0
4400,0.103276140576,0.103992016583,0.103633460443,0
4400,0.103992016583,0.104712854805,0.104351813273,0
4400,0.104712854805,0.105438689639,0.105075145487,0
4400,0.105438689639,0.10616955572,0.1058034916,0
4400,0.10616955572,0.106905487922,0.106536886367,0
4400,0.106905487922,0.107646521363,0.107275364784,0
4400,0.107646521363,0.108392691402,0.108018962088,0
4400,0.108392691402,0.109144033645,0.108767713763,0
4400,0.109144033645,0.109900583943,0.109521655537,0
4400,0.109900583943,0.110662378398,0.110280823385,0
4400,0.110662378398,0.111429453359,0.111045253533,0
4400,0.111429453359,0.11220184543,0.111814982458,0
4400,0.11220184543,0.112979591467,0.112590046889,0
4400,0.112979591467,0.113762728582,0.113370483811,0
4400,0.113762728582,0.114551294145,0.114156330462,0
4400,0.114551294145,0.115345325782,0.114947624342,0
4400,0.115345325782,0.116144861384,0.115744403209,0
4400,0.116144861384,0.116949939102,0.116546705084,0
4400,0.116949939102,0.117760597352,0.117354568249,0
4400,0.117760597352,0.118576874817,0.118168031254,0
4400,0.118576874817,0.119398810446,0.118987132916,0
4400,0.119398810446,0.120226443462,0.119811912319,0
4400,0.120226443462,0.121059813355,0.12064240882,0
4400,0.121059813355,0.121898959892,0.121478662047,0
4400,0.121898959892,0.122743923116,0.122320711905,0
4400,0.122743923116,0.123594743344,0.123168598574,0
4400,0.123594743344,0.124451461177,0.124022362512,0
4400,0.124451461177,0.125314117494,0.124882044459,0
4400,0.125314117494,0.126182753459,0.125747685437,0
4400,0.126182753459,0.127057410521,0.126619326751,0
4400,0.127057410521,0.127938130416,0.127497009994,0
4400,0.127938130416,0.128824955169,0.128380777047,0
4400,0.128824955169,0.129717927098,0.129270670081,0
4400,0.129717927098,0.130617088813,0.130166731558,0
4400,0.130617088813,0.131522483219,0.131069004237,0
4400,0.131522483219,0.132434153519,0.131977531171,0
4400,0.132434153519,0.133352143216,0.132892355713,0
4400,0.133352143216,0.134276496114,0.133813521515,0
4400,0.134276496114,0.135207256319,0.134741072534,0
4400,0.135207256319,0.136144468247,0.13567505303,0
4400,0.136144468247,0.137088176616,0.136615507569,0
4400,0.137088176616,0.13803842646,0.137562481028,0
4400,0.13803842646,0.138995263121,0.138516018592,0
4400,0.138995263121,0.139958732257,0.139476165764,0
4400,0.139958732257,0.140928879842,0.140442968358,0
4400,0.140928879842,0.141905752169,0.141416472507,0
4400,0.141905752169,0.142889395851,0.142396724665,0
4400,0.142889395851,0.143879857826,0.143383771606,0
4400,0.143879857826,0.144877185354,0.144377660429,0
4400,0.144877185354,0.145881426028,0.145378438561,0
4400,0.145881426028,0.146892627764,0.146386153755,0
4400,0.146892627764,0.147910838817,0.147400854097,0
4400,0.147910838817,0.148936107771,0.148422588006,0
4400,0.148936107771,0.14996848355,0.149451404237,0
4400,0.14996848355,0.151008015416,0.15048735188,0
4400,0.151008015416,0.152054752973,0.15153048037,0
4400,0.152054752973,0.153108746168,0.152580839481,0
4400,0.153108746168,0.154170045295,0.153638479333,0
4400,0.154170045295,0.155238700996,0.154703450395,0
4400,0.155238700996,0.156314764264,0.155775803483,0
4400,0.156314764264,0.157398286447,0.156855589768,0
4400,0.157398286447,0.158489319246,0.157942860774,0
4400,0.158489319246,0.159587914724,0.159037668382,0
4400,0.159587914724,0.160694125301,0.160140064834,0
4400,0.160694125301,0.161808003764,0.161250102734,0
4400,0.161808003764,0.162929603264,0.162367835048,0
4400,0.162929603264,0.16405897732,0.163493315113,0
4400,0.16405897732,0.165196179823,0.164626596633,0
4400,0.165196179823,0.166341265037,0.165767733685,0
4400,0.166341265037,0.167494287603,0.166916780721,0
4400,0.167494287603,0.168655302539,0.168073792571,0
4400,0.168655302539,0.169824365246,0.169238824444,0
4400,0.169824365246,0.171001531509,0.170411931932,0
4400,0.171001531509,0.172186857499,0.171593171012,0
4400,0.172186857499,0.173380399775,0.172782598051,0
4400,0.173380399775,0.174582215292,0.173980269804,0
4400,0.174582215292,0.175792361396,0.175186243421,0
4400,0.175792361396,0.177010895832,0.176400576448,0
4400,0.177010895832,0.178237876745,0.177623326829,0
4400,0.178237876745,0.179473362683,0.178854552911,0
4400,0.179473362683,0.180717412601,0.180094313444,0
4400,0.180717412601,0.181970085861,0.181342667587,0
4400,0.181970085861,0.183231442237,0.182599674907,0
4400,0.183231442237,0.184501541918,0.183865395386,0
4400,0.184501541918,0.185780445509,0.185139889421,0
4400,0.185780445509,0.187068214037,0.186423217825,0
4400,0.187068214037,0.188364908949,0.187715441838,0
4400,0.188364908949,0.189670592121,0.189016623119,0
4400,0.189670592121,0.190985325857,0.190326823758,0
4400,0.190985325857,0.192309172891,0.191646106274,0
4400,0.192309172891,0.193642196395,0.192974533619,0
4400,0.193642196395,0.194984459976,0.194312169183,0
4400,0.194984459976,0.196336027684,0.195659076793,0
4400,0.196336027684,0.197696964011,0.197015320722,0
4400,0.197696964011,0.199067333899,0.198380965684,0
4400,0.199067333899,0.200447202737,0.199756076844,0
4400,0.200447202737,0.201836636368,0.20114071982,0
4400,0.201836636368,0.203235701094,0.202534960682,0
4400,0.203235701094,0.204644463672,0.203938865961,0
4400,0.204644463672,0.206062991327,0.205352502646,0
4400,0.206062991327,0.207491351745,0.206775938192,0
4400,0.207491351745,0.208929613085,0.208209240522,0
4400,0.208929613085,0.210377843977,0.209652478029,0
4400,0.210377843977,0.211836113525,0.211105719581,0
4400,0.211836113525,0.213304491315,0.212569034522,0
4400,0.213304491315,0.214783047413,0.214042492677,0
4400,0.214783047413,0.216271852373,0.215526164357,0
4400,0.216271852373,0.217770977235,0.217020120357,0
4400,0.217770977235,0.219280493535,0.218524431965,0
4400,0.219280493535,0.220800473302,0.220039170964,0
4400,0.220800473302,0.222330989065,0.221564409631,0
4400,0.222330989065,0.223872113857,0.223100220748,0
4400,0.223872113857,0.225423921215,0.224646677599,0
4400,0.225423921215,0.226986485188,0.226203853977,0
4400,0.226986485188,0.228559880338,0.227771824186,0
4400,0.228559880338,0.230144181741,0.229350663045,0
4400,0.230144181741,0.231739464997,0.230940445892,0
4400,0.231739464997,0.233345806228,0.232541248587,0
4400,0.233345806228,0.234963282085,0.234153147517,0
4400,0.234963282085,0.236591969749,0.235776219596,0
4400,0.236591969749,0.238231946936,0.237410542273,0
4400,0.238231946936,0.239883291902,0.239056193534,0
4400,0.239883291902,0.241546083444,0.240713251905,0
4400,0.241546083444,0.243220400907,0.242381796455,0
4400,0.243220400907,0.244906324184,0.244061906804,0
4400,0.244906324184,0.246603933723,0.245753663122,0
4400,0.246603933723,0.24831331053,0.247457146133,0
4400,0.24831331053,0.25003453617,0.249172437125,0
4400,0.25003453617,0.251767692776,0.250899617947,0
4400,0.251767692776,0.25351286305,0.252638771013,0
4400,0.25351286305,0.255270130266,0.254389979313,0
4400,0.255270130266,0.257039578277,0.256153326409,0
4400,0.257039578277,0.258821291515,0.257928896443,0
4400,0.258821291515,0.260615355,0.25971677414,0
4400,0.260615355,0.262421854338,0.261517044814,0
4400,0.262421854338,0.264240875732,0.263329794368,0
4400,0.264240875732,0.26607250598,0.265155109301,0
4400,0.26607250598,0.267916832482,0.266993076713,0
4400,0.267916832482,0.269773943244,0.268843784306,0
4400,0.269773943244,0.271643926884,0.270707320392,0
4400,0.271643926884,0.273526872631,0.272583773893,0
4400,0.273526872631,0.275422870334,0.274473234348,0
4400,0.275422870334,0.277332010465,0.276375791917,0
4400,0.277332010465,0.279254384124,0.278291537385,0
4400,0.279254384124,0.28119008304,0.280220562167,0
4400,0.28119008304,0.28313919958,0.282162958309,0
4400,0.28313919958,0.28510182675,0.284118818498,0
4400,0.28510182675,0.287078058202,0.286088236063,0
4400,0.287078058202,0.289067988237,0.288071304978,0
4400,0.289067988237,0.291071711807,0.290068119869,0
4400,0.291071711807,0.293089324525,0.292078776021,0
4400,0.293089324525,0.295120922667,0.294103369375,0
4400,0.295120922667,0.297166603174,0.296141996539,0
4400,0.297166603174,0.299226463661,0.298194754793,0
4400,0.299226463661,0.301300602419,0.300261742086,0
4400,0.301300602419,0.303389118419,0.302343057051,0
4400,0.303389118419,0.305492111322,0.304438799002,0
4400,0.305492111322,0.307609681474,0.306549067943,0
4400,0.307609681474,0.309741929922,0.308673964568,0
4400,0.309741929922,0.311888958409,0.310813590274,0
4400,0.311888958409,0.314050869388,0.312968047156,0
4400,0.314050869388,0.316227766017,0.31513743802,0
4400,0.316227766017,0.318419752173,0.317321866384,0
4400,0.318419752173,0.320626932451,0.319521436481,0
4400,0.320626932451,0.322849412171,0.32173625327,0
4400,0.322849412171,0.325087297385,0.323966422435,0
4400,0.325087297385,0.327340694879,0.326212050394,0
4400,0.327340694879,0.329609712177,0.328473244303,0
4400,0.329609712177,0.331894457553,0.330750112059,0
4400,0.331894457553,0.334195040026,0.333042762309,0
4400,0.334195040026,0.336511569375,0.335351304451,0
4400,0.336511569375,0.338844156139,0.337675848642,0
4400,0.338844156139,0.341192911622,0.340016505804,0
4400,0.341192911622,0.3435579479,0.342373387626,0
4400,0.3435579479,0.345939377826,0.344746606573,0
4400,0.345939377826,0.348337315036,0.347136275888,0
4400,0.348337315036,0.350751873953,0.349542509599,0
4400,0.350751873953,0.353183169792,0.351965422525,0
4400,0.353183169792,0.355631318569,0.354405130281,0
4400,0.355631318569,0.358096437103,0.356861749283,0
4400,0.358096437103,0.360578643022,0.359335396755,0
4400,0.360578643022,0.36307805477,0.361826190732,0
4400,0.36307805477,0.365594791613,0.364334250068,0
4400,0.365594791613,0.368128973643,0.366859694441,0
4400,0.368128973643,0.370680721783,0.369402644358,0
4400,0.370680721783,0.373250157796,0.371963221162,0
4400,0.373250157796,0.375837404288,0.374541547036,0
4400,0.375837404288,0.378442584717,0.377137745011,0
4400,0.378442584717,0.381065823394,0.379751938971,0
4400,0.381065823394,0.383707245492,0.382384253658,0
4400,0.383707245492,0.386366977054,0.385034814679,0
4400,0.386366977054,0.389045144994,0.38770374851,0
4400,0.389045144994,0.391741877108,0.390391182508,0
4400,0.391741877108,0.394457302075,0.393097244907,0
4400,0.394457302075,0.397191549469,0.395822064836,0
4400,0.397191549469,0.399944749761,0.398565772313,0
4400,0.399944749761,0.402717034325,0.401328498263,0
4400,0.402717034325,0.405508535448,0.404110374513,0
4400,0.405508535448,0.408319386333,0.406911533809,0
4400,0.408319386333,0.411149721105,0.409732109814,0
4400,0.411149721105,0.41399967482,0.412572237117,0
4400,0.41399967482,0.41686938347,0.415432051242,0
4400,0.41686938347,0.419758983991,0.418311688651,0
4400,0.419758983991,0.422668614266,0.421211286754,0
4400,0.422668614266,0.425598413134,0.42413098391,0
4400,0.425598413134,0.428548520397,0.427070919441,0
4400,0.428548520397,0.431519076828,0.430031233631,0
4400,0.431519076828,0.434510224172,0.433012067738,0
4400,0.434510224172,0.437522105158,0.436013564,0
4400,0.437522105158,0.440554863507,0.439035865641,0
4400,0.440554863507,0.443608643931,0.442079116876,0
4400,0.443608643931,0.446683592151,0.44514346292,0
4400,0.446683592151,0.449779854893,0.448229049997,0
4400,0.449779854893,0.452897579904,0.451336025341,0
4400,0.452897579904,0.456036915951,0.45446453721,0
4400,0.456036915951,0.459198012837,0.457614734886,0
4400,0.459198012837,0.462381021399,0.46078676869,0
4400,0.462381021399,0.465586093523,0.463980789982,0
4400,0.465586093523,0.468813382145,0.467196951172,0
4400,0.468813382145,0.472063041264,0.470435405726,0
4400,0.472063041264,0.475335225943,0.473696308175,0
4400,0.475335225943,0.478630092323,0.476979814119,0
4400,0.478630092323,0.481947797625,0.48028608024,0
4400,0.481947797625,0.485288500162,0.483615264302,0
4400,0.485288500162,0.488652359343,0.486967525166,0
4400,0.488652359343,0.492039535681,0.490343022792,0
4400,0.492039535681,0.495450190805,0.49374191825,0
4400,0.495450190805,0.49888448746,0.497164373725,0
4400,0.49888448746,0.502342589522,0.500610552529,0
4400,0.502342589522,0.505824662003,0.504080619103,0
4400,0.505824662003,0.509330871057,0.507574739029,0
4400,0.509330871057,0.512861383991,0.511093079037,0
4400,0.512861383991,0.516416369272,0.514635807014,0
4400,0.516416369272,0.519995996534,0.518203092007,0
4400,0.519995996534,0.523600436586,0.521795104239,0
4400,0.523600436586,0.527229861423,0.52541201511,0
4400,0.527229861423,0.530884444231,0.52905399721,0
4400,0.530884444231,0.534564359397,0.532721224323,0
4400,0.534564359397,0.538269782516,0.53641387144,0
4400,0.538269782516,0.542000890402,0.540132114765,0
4400,0.542000890402,0.545757861091,0.54387613172,0
4400,0.545757861091,0.549540873858,0.547646100962,0
4400,0.549540873858,0.553350109216,0.551442202382,0
4400,0.553350109216,0.557185748932,0.55526461712,0
4400,0.557185748932,0.561047976032,0.559113527571,0
4400,0.561047976032,0.564936974812,0.562989117394,0
4400,0.564936974812,0.568852930844,0.566891571523,0
4400,0.568852930844,0.572796030986,0.570821076172,0
4400,0.572796030986,0.576766463392,0.574777818846,0
4400,0.576766463392,0.580764417521,0.578761988349,0
4400,0.580764417521,0.584790084144,0.582773774796,0
4400,0.584790084144,0.588843655356,0.586813369619,0
4400,0.588843655356,0.59292532458,0.590880965575,0
4400,0.59292532458,0.597035286584,0.594976756759,0
4400,0.597035286584,0.601173737483,0.599100938611,0
4400,0.601173737483,0.605340874754,0.603253707927,0
4400,0.605340874754,0.60953689724,0.607435262864,0
4400,0.60953689724,0.613762005165,0.611645802955,0
4400,0.613762005165,0.618016400138,0.615885529115,0
4400,0.618016400138,0.622300285169,0.620154643654,0
4400,0.622300285169,0.626613864672,0.624453350281,0
4400,0.626613864672,0.63095734448,0.628781854118,0
4400,0.63095734448,0.635330931852,0.633140361711,0
4400,0.635330931852,0.639734835483,0.637529081035,0
4400,0.639734835483,0.644169265515,0.641948221508,0
4400,0.644169265515,0.648634433548,0.646397994,0
4400,0.648634433548,0.653130552647,0.65087861084,0
4400,0.653130552647,0.657657837355,0.655390285833,0
4400,0.657657837355,0.662216503702,0.659933234264,0
4400,0.662216503702,0.666806769214,0.664507672908,0
4400,0.666806769214,0.671428852926,0.669113820046,0
4400,0.671428852926,0.676082975392,0.673751895471,0
4400,0.676082975392,0.680769358694,0.678422120498,0
4400,0.680769358694,0.685488226453,0.683124717979,0
4400,0.685488226453,0.69023980384,0.687859912309,0
4400,0.69023980384,0.695024317589,0.692627929437,0
4400,0.695024317589,0.699841996002,0.697428996882,0
4400,0.699841996002,0.704693068967,0.702263343736,0
4400,0.704693068967,0.709577767963,0.707131200681,0
4400,0.709577767963,0.714496326076,0.712032799999,0
4400,0.714496326076,0.719448978004,0.71696837558,0
4400,0.719448978004,0.724435960075,0.721938162937,0
4400,0.724435960075,0.729457510255,0.726942399214,0
4400,0.729457510255,0.734513868157,0.7319813232,0
4400,0.734513868157,0.739605275058,0.737055175338,0
4400,0.739605275058,0.744731973906,0.742164197739,0
4400,0.744731973906,0.749894209332,0.747308634191,0
4400,0.749894209332,0.755092227665,0.752488730174,0
4400,0.755092227665,0.76032627694,0.757704732866,0
4400,0.76032627694,0.765596606911,0.762956891162,0
4400,0.765596606911,0.770903469064,0.768245455679,0
4400,0.770903469064,0.776247116629,0.773570678775,0
4400,0.776247116629,0.781627804588,0.778932814554,0
4400,0.781627804588,0.787045789695,0.784332118882,0
4400,0.787045789695,0.79250133048,0.7897688494,0
4400,0.79250133048,0.797994687268,0.795243265533,0
4400,0.797994687268,0.803526122186,0.800755628507,0
4400,0.803526122186,0.809095899178,0.806306201355,0
4400,0.809095899178,0.814704284021,0.811895248936,0
4400,0.814704284021,0.82035154433,0.817523037944,0
4400,0.82035154433,0.826037949577,0.823189836921,0
4400,0.826037949577,0.831763771103,0.828895916273,0
4400,0.831763771103,0.837529282127,0.834641548277,0
4400,0.837529282127,0.843334757764,0.8404270071,0
4400,0.843334757764,0.849180475036,0.846252568807,0
4400,0.849180475036,0.855066712885,0.852118511379,0
4400,0.855066712885,0.860993752185,0.858025114723,0
4400,0.860993752185,0.866961875758,0.863972660684,0
4400,0.866961875758,0.872971368388,0.869961433065,0
4400,0.872971368388,0.879022516831,0.875991717633,0
4400,0.879022516831,0.885115609831,0.882063802137,0
4400,0.885115609831,0.891250938134,0.888177976319,0
4400,0.891250938134,0.897428794501,0.894334531933,0
4400,0.897428794501,0.903649473722,0.900533762751,0
4400,0.903649473722,0.909913272632,0.906775964584,0
4400,0.909913272632,0.916220490122,0.913061435293,0
4400,0.916220490122,0.922571427155,0.919390474804,0
4400,0.922571427155,0.92896638678,0.925763385121,0
4400,0.92896638678,0.935405674148,0.932180470342,0
4400,0.935405674148,0.941889596523,0.938642036672,0
4400,0.941889596523,0.948418463301,0.945148392441,0
4400,0.948418463301,0.954992586021,0.951699848113,0
4400,0.954992586021,0.961612278384,0.958296716306,0
4400,0.961612278384,0.968277856261,0.964939311806,0
4400,0.968277856261,0.974989637717,0.971627951577,0
4400,0.974989637717,0.98174794302,0.978362954785,0
4400,0.98174794302,0.988553094657,0.985144642804,0
4400,0.988553094657,0.995405417352,0.991973339239,0
4400,0.995405417352,1.00230523808,0.998849369937,0
4400,1.00230523808,1.00925288608,1.005773063,0
4400,1.00925288608,1.01624869287,1.01274474881,0
4400,1.01624869287,1.02329299228,1.01976476004,0
4400,1.02329299228,1.03038612044,1.02683343167,0
4400,1.03038612044,1.03752841582,1.03395110098,0
4400,1.03752841582,1.04472021922,1.04111810762,0
4400,1.04472021922,1.05196187382,1.04833479358,0
4400,1.05196187382,1.05925372518,1.05560150322,0
4400,1.05925372518,1.06659612123,1.06291858328,0
4400,1.06659612123,1.07398941234,1.07028638291,0
4400,1.07398941234,1.0814339513,1.07770525369,0
4400,1.0814339513,1.08893009333,1.08517554963,0
4400,1.08893009333,1.09647819614,1.09269762719,0
4400,1.09647819614,1.1040786199,1.1002718453,0
4400,1.1040786199,1.11173172728,1.10789856537,0
4400,1.11173172728,1.11943788347,1.11557815135,0
4400,1.11943788347,1.12719745618,1.12331096967,0
4400,1.12719745618,1.13501081567,1.13109738933,0
4400,1.13501081567,1.14287833479,1.13893778188,0
4400,1.14287833479,1.15080038894,1.14683252142,0
4400,1.15080038894,1.15877735616,1.15478198469,0
4400,1.15877735616,1.16680961706,1.162786551,0
4400,1.16680961706,1.17489755494,1.17084660232,0
4400,1.17489755494,1.18304155573,1.17896252324,0
4400,1.18304155573,1.19124200803,1.18713470104,0
4400,1.19124200803,1.19949930315,1.19536352567,0
4400,1.19949930315,1.20781383511,1.20364938979,0
4400,1.20781383511,1.21618600065,1.21199268877,0
4400,1.21618600065,1.22461619927,1.22039382074,0
4400,1.22461619927,1.23310483323,1.22885318658,0
4400,1.23310483323,1.24165230759,1.23737118994,0
4400,1.24165230759,1.25025903022,1.24594823727,0
4400,1.25025903022,1.25892541179,1.25458473786,0
4400,1.25892541179,1.26765186586,1.26328110381,0
4400,1.26765186586,1.27643880881,1.27203775009,0
4400,1.27643880881,1.28528665994,1.28085509454,0
4400,1.28528665994,1.29419584145,1.2897335579,0
4400,1.29419584145,1.30316677845,1.29867356383,0
4400,1.30316677845,1.31219989902,1.30767553892,0
4400,1.31219989902,1.32129563419,1.31673991272,0
4400,1.32129563419,1.33045441798,1.32586711776,0
4400,1.33045441798,1.33967668743,1.33505758956,0
4400,1.33967668743,1.34896288259,1.34431176667,0
4400,1.34896288259,1.35831344659,1.35363009067,0
4400,1.35831344659,1.3677288256,1.36301300621,0
4400,1.3677288256,1.37720946889,1.37246096101,0
4400,1.37720946889,1.38675582887,1.3819744059,0
4400,1.38675582887,1.39636836106,1.39155379484,0
4400,1.39636836106,1.40604752413,1.40119958494,0
4400,1.40604752413,1.41579377996,1.41091223646,0
4400,1.41579377996,1.4256075936,1.42069221286,0
4400,1.4256075936,1.43548943335,1.43053998082,0
4400,1.43548943335,1.44543977075,1.44045601025,0
4400,1.44543977075,1.45545908058,1.4504407743,0
4400,1.45545908058,1.46554784096,1.46049474944,0
4400,1.46554784096,1.47570653328,1.4706184154,0
4400,1.47570653328,1.48593564229,1.48081225527,0
4400,1.48593564229,1.49623565609,1.49107675545,0
4400,1.49623565609,1.50660706619,1.50141240575,0
4400,1.50660706619,1.51705036746,1.51181969936,0
4400,1.51705036746,1.52756605824,1.52229913288,0
4400,1.52756605824,1.5381546403,1.53285120636,0
4400,1.5381546403,1.54881661891,1.54347642332,0
4400,1.54881661891,1.55955250283,1.55417529077,0
4400,1.55955250283,1.57036280433,1.56494831922,0
4400,1.57036280433,1.58124803927,1.57579602274,0
4400,1.58124803927,1.59220872705,1.58671891895,0
4400,1.59220872705,1.60324539069,1.59771752906,0
4400,1.60324539069,1.61435855683,1.60879237789,0
4400,1.61435855683,1.62554875575,1.6199439939,0
4400,1.62554875575,1.63681652143,1.63117290923,0
4400,1.63681652143,1.64816239153,1.64247965967,0
4400,1.64816239153,1.65958690744,1.65386478477,0
4400,1.65958690744,1.67109061431,1.66532882779,0
4400,1.67109061431,1.68267406107,1.67687233575,0
4400,1.68267406107,1.69433780045,1.68849585949,0
4400,1.69433780045,1.706082389,1.70019995364,0
4400,1.706082389,1.71790838716,1.7119851767,0
4400,1.71790838716,1.72981635922,1.72385209103,0
4400,1.72981635922,1.74180687339,1.73580126287,0
4400,1.74180687339,1.75388050184,1.74783326242,0
4400,1.75388050184,1.76603782069,1.7599486638,0
4400,1.76603782069,1.77827941004,1.77214804514,0
4400,1.77827941004,1.79060585404,1.78443198854,0
4400,1.79060585404,1.80301774086,1.79680108017,0
4400,1.80301774086,1.81551566277,1.80925591025,0
4400,1.81551566277,1.82810021614,1.82179707309,0
4400,1.82810021614,1.84077200147,1.83442516712,0
4400,1.84077200147,1.85353162341,1.84714079491,0
4400,1.85353162341,1.86637969083,1.85994456322,0
4400,1.86637969083,1.8793168168,1.87283708302,0
4400,1.8793168168,1.89234361864,1.88581896949,0
4400,1.89234361864,1.90546071796,1.8988908421,0
4400,1.90546071796,1.91866874067,1.9120533246,0
4400,1.91866874067,1.93196831702,1.92530704508,0
4400,1.93196831702,1.94536008162,1.93865263595,0
4400,1.94536008162,1.95884467351,1.95209073404,0
4400,1.95884467351,1.97242273611,1.96562198058,0
4400,1.97242273611,1.98609491736,1.97924702124,0
4400,1.98609491736,1.99986186963,1.99296650616,0
4400,1.99986186963,2.01372424986,2.00678109002,0
4400,2.01372424986,2.02768271952,2.02069143199,0
4400,2.02768271952,2.04173794467,2.03469819585,0
4400,2.04173794467,2.05589059598,2.04880204996,0
4400,2.05589059598,2.07014134879,2.06300366731,0
4400,2.07014134879,2.0844908831,2.07730372557,0
4400,2.0844908831,2.09893988362,2.0917029071,0
4400,2.09893988362,2.11348903984,2.10620189899,0
4400,2.11348903984,2.12813904598,2.12080139309,0
4400,2.12813904598,2.14289060112,2.13550208605,0
4400,2.14289060112,2.15774440915,2.15030467934,0
4400,2.15774440915,2.17270117886,2.16520987931,0
4400,2.17270117886,2.18776162395,2.18021839719,0
4400,2.18776162395,2.20292646305,2.19533094914,0
4400,2.20292646305,2.2181964198,2.2105482563,0
4400,2.2181964198,2.23357222283,2.22587104479,0
4400,2.23357222283,2.24905460584,2.24130004578,0
4400,2.24905460584,2.26464430759,2.2568359955,0
4400,2.26464430759,2.280342072,2.27247963527,0
4400,2.280342072,2.29614864811,2.28823171158,0
4400,2.29614864811,2.31206479018,2.30409297606,0
4400,2.31206479018,2.32809125767,2.32006418557,0
4400,2.32809125767,2.34422881532,2.33614610222,0
4400,2.34422881532,2.36047823318,2.35233949339,0
4400,2.36047823318,2.37684028662,2.36864513178,0
4400,2.37684028662,2.39331575641,2.38506379547,0
4400,2.39331575641,2.40990542869,2.40159626789,0
4400,2.40990542869,2.42661009508,2.41824333793,0
4400,2.42661009508,2.44343055269,2.43500579995,0
4400,2.44343055269,2.46036760415,2.45188445381,0
4400,2.46036760415,2.47742205763,2.46888010491,0
4400,2.47742205763,2.49459472694,2.48599356423,0
4400,2.49459472694,2.51188643151,2.50322564838,0
4400,2.51188643151,2.52929799645,2.52057717964,0
4400,2.52929799645,2.54683025259,2.53804898596,0
4400,2.54683025259,2.56448403652,2.55564190106,0
4400,2.56448403652,2.58226019063,2.57335676443,0
4400,2.58226019063,2.60015956317,2.59119442135,0
4400,2.60015956317,2.61818300822,2.60915572301,0
4400,2.61818300822,2.63633138583,2.62724152647,0
4400,2.63633138583,2.65460556198,2.64545269472,0
4400,2.65460556198,2.67300640866,2.66379009677,0
4400,2.67300640866,2.69153480393,2.68225460761,0
4400,2.69153480393,2.71019163189,2.70084710832,0
4400,2.71019163189,2.72897778281,2.7195684861,0
4400,2.72897778281,2.7478941531,2.73841963426,0
4400,2.7478941531,2.76694164541,2.75740145235,0
4400,2.76694164541,2.78612116863,2.77651484611,0
4400,2.78612116863,2.80543363795,2.79576072758,0
4400,2.80543363795,2.82487997492,2.81514001513,0
4400,2.82487997492,2.84446110745,2.83465363349,0
4400,2.84446110745,2.86417796991,2.85430251379,0
4400,2.86417796991,2.88403150313,2.87408759362,0
4400,2.88403150313,2.90402265446,2.89400981707,0
4400,2.90402265446,2.92415237784,2.91407013477,0
4400,2.92415237784,2.9444216338,2.93426950396,0
4400,2.9444216338,2.96483138952,2.95460888848,0
4400,2.96483138952,2.98538261892,2.97508925888,0
4400,2.98538261892,3.00607630263,2.99571159243,0
4400,3.00607630263,3.0269134281,3.01647687316,0
4400,3.0269134281,3.04789498963,3.03738609195,0
4400,3.04789498963,3.06902198839,3.05844024651,0
4400,3.06902198839,3.09029543251,3.0796403415,0
4400,3.09029543251,3.11171633711,3.10098738853,0
4400,3.11171633711,3.13328572432,3.12248240622,0
4400,3.13328572432,3.15500462337,3.14412642026,0
4400,3.15500462337,3.17687407065,3.16592046343,0
4400,3.17687407065,3.19889510969,3.1878655757,0
4400,3.19889510969,3.22106879128,3.20996280421,0
4400,3.22106879128,3.24339617349,3.2322132034,0
4400,3.24339617349,3.26587832172,3.25461783498,0
4400,3.26587832172,3.28851630876,3.27717776805,0
4400,3.28851630876,3.31131121483,3.29989407911,0
4400,3.31131121483,3.33426412763,3.32276785211,0
4400,3.33426412763,3.35737614243,3.34580017853,0
4400,3.35737614243,3.38064836206,3.36899215741,0
4400,3.38064836206,3.40408189701,3.39234489541,0
4400,3.40408189701,3.42767786546,3.41585950686,0
4400,3.42767786546,3.45143739336,3.43953711381,0
4400,3.45143739336,3.47536161443,3.46337884608,0
4400,3.47536161443,3.49945167028,3.48738584135,0
4400,3.49945167028,3.52370871042,3.51155924516,0
4400,3.52370871042,3.54813389234,3.535900211,0
4400,3.54813389234,3.57272838152,3.56040990036,0
4400,3.57272838152,3.59749335156,3.58508948277,0
4400,3.59749335156,3.62242998417,3.60994013586,0
4400,3.62242998417,3.64753946926,3.63496304546,0
4400,3.64753946926,3.67282300498,3.66015940558,0
4400,3.67282300498,3.6982817978,3.68553041852,0
4400,3.6982817978,3.72391706255,3.71107729493,0
4400,3.72391706255,3.74973002245,3.73680125382,0
4400,3.74973002245,3.77572190925,3.76270352268,0
4400,3.77572190925,3.80189396321,3.78878533748,0
4400,3.80189396321,3.82824743317,3.81504794279,0
4400,3.82824743317,3.85478357666,3.84149259179,0
4400,3.85478357666,3.88150365991,3.86812054633,0
4400,3.88150365991,3.90840895792,3.89493307704,0
4400,3.90840895792,3.93550075456,3.92193146333,0
4400,3.93550075456,3.96278034255,3.94911699349,0
4400,3.96278034255,3.99024902362,3.97649096475,0
4400,3.99024902362,4.01790810849,4.00405468331,0
4400,4.01790810849,4.04575891697,4.03180946443,0
4400,4.04575891697,4.07380277804,4.05975663252,0
4400,4.07380277804,4.10204102987,4.08789752111,0
4400,4.10204102987,4.1304750199,4.11623347303,0
4400,4.1304750199,4.15910610494,4.14476584038,0
4400,4.15910610494,4.18793565118,4.17349598465,0
4400,4.18793565118,4.21696503429,4.20242527677,0
4400,4.21696503429,4.24619563946,4.23155509717,0
4400,4.24619563946,4.27562886152,4.26088683583,0
4400,4.27562886152,4.30526610492,4.29042189239,0
4400,4.30526610492,4.33510878388,4.32016167618,0
4400,4.33510878388,4.3651583224,4.35010760631,0
4400,4.3651583224,4.39541615438,4.3802611117,0
4400,4.39541615438,4.42588372363,4.41062363121,0
4400,4.42588372363,4.45656248398,4.44119661366,0
4400,4.45656248398,4.48745389933,4.47198151789,0
4400,4.48745389933,4.51855944375,4.50297981288,0
4400,4.51855944375,4.5498806015,4.53419297779,0
4400,4.5498806015,4.58141886715,4.56562250202,0
4400,4.58141886715,4.6131757456,4.59726988531,0
4400,4.6131757456,4.64515275223,4.62913663778,0
4400,4.64515275223,4.67735141287,4.66122428002,0
4400,4.67735141287,4.70977326397,4.69353434317,0
4400,4.70977326397,4.7424198526,4.72606836898,0
4400,4.7424198526,4.77529273658,4.75882790989,0
4400,4.77529273658,4.8083934845,4.79181452908,0
4400,4.8083934845,4.84172367584,4.8250298006,0
4400,4.84172367584,4.87528490103,4.85847530937,0
4400,4.87528490103,4.90907876153,4.89215265134,0
4400,4.90907876153,4.94310686987,4.9260634335,0
4400,4.94310686987,4.97737084979,4.96020927396,0
4400,4.97737084979,5.01187233627,4.99459180208,0
4400,5.01187233627,5.04661297564,5.0292126585,0
4400,5.04661297564,5.08159442561,5.06407349524,0
4400,5.08159442561,5.1168183554,5.09917597575,0
4400,5.1168183554,5.15228644582,5.13452177503,0
4400,5.15228644582,5.18800038929,5.17011257969,0
4400,5.18800038929,5.22396188999,5.20595008802,0
4400,5.22396188999,5.26017266391,5.24203601008,0
4400,5.26017266391,5.29663443892,5.27837206782,0
4400,5.29663443892,5.33334895488,5.31495999507,0
4400,5.33334895488,5.3703179637,5.35180153771,0
4400,5.3703179637,5.40754322946,5.38889845373,0
4400,5.40754322946,5.44502652842,5.42625251329,0
4400,5.44502652842,5.48276964921,5.46386549882,0
4400,5.48276964921,5.52077439281,5.50173920511,0
4400,5.52077439281,5.5590425727,5.53987543939,0
4400,5.5590425727,5.59757601495,5.57827602141,0
4400,5.59757601495,5.63637655826,5.61694278356,0
4400,5.63637655826,5.67544605409,5.65587757089,0
4400,5.67544605409,5.71478636672,5.69508224128,0
4400,5.71478636672,5.75439937337,5.73455866546,0
4400,5.75439937337,5.79428696427,5.77430872714,0
4400,5.79428696427,5.83445104274,5.81433432308,0
4400,5.83445104274,5.8748935253,5.85463736321,0
4400,5.8748935253,5.91561634175,5.89521977065,0
4400,5.91561634175,5.95662143529,5.93608348191,0
4400,5.95662143529,5.99791076256,5.97723044689,0
4400,5.99791076256,6.03948629376,6.018662629,0
4400,6.03948629376,6.08135001279,6.06038200527,0
4400,6.08135001279,6.12350391725,6.10239056645,0
4400,6.12350391725,6.16595001861,6.14469031706,0
4400,6.16595001861,6.2086903423,6.18728327553,0
4400,6.2086903423,6.25172692776,6.23017147429,0
4400,6.25172692776,6.29506182857,6.27335695984,0
4400,6.29506182857,6.33869711257,6.31684179288,0
4400,6.33869711257,6.38263486191,6.36062804837,0
4400,6.38263486191,6.42687717317,6.40471781569,0
4400,6.42687717317,6.47142615749,6.44911319868,0
4400,6.47142615749,6.51628394061,6.49381631576,0
4400,6.51628394061,6.56145266303,6.53882930005,0
4400,6.56145266303,6.60693448008,6.58415429943,0
4400,6.60693448008,6.65273156202,6.62979347671,0
4400,6.65273156202,6.69884609417,6.67574900964,0
4400,6.69884609417,6.74528027698,6.72202309112,0
4400,6.74528027698,6.79203632617,6.7686179292,0
4400,6.79203632617,6.83911647281,6.81553574727,0
4400,6.83911647281,6.88652296344,6.86277878411,0
4400,6.88652296344,6.93425806017,6.91034929405,0
4400,6.93425806017,6.98232404077,6.95824954701,0
4400,6.98232404077,7.03072319884,7.00648182865,0
4400,7.03072319884,7.07945784384,7.05504844051,0
4400,7.07945784384,7.12853030127,7.10395170003,0
4400,7.12853030127,7.17794291271,7.15319394075,0
4400,7.17794291271,7.22769803602,7.20277751238,0
4400,7.22769803602,7.27779804537,7.25270478091,0
4400,7.27779804537,7.32824533139,7.30297812873,0
4400,7.32824533139,7.37904230129,7.35359995475,0
4400,7.37904230129,7.43019137897,7.40457267451,0
4400,7.43019137897,7.48169500511,7.45589872028,0
4400,7.48169500511,7.53355563734,7.5075805412,0
4400,7.53355563734,7.58577575029,7.55962060339,0
4400,7.58577575029,7.63835783578,7.61202139006,0
4400,7.63835783578,7.69130440287,7.66478540163,0
4400,7.69130440287,7.74461797803,7.71791515585,0
4400,7.74461797803,7.79830110523,7.77141318794,0
4400,7.79830110523,7.8523563461,7.82528205067,0
4400,7.8523563461,7.90678628,7.87952431451,0
4400,7.90678628,7.96159350417,7.93414256777,0
4400,7.96159350417,8.01678063388,7.98913941667,0
4400,8.01678063388,8.07235030249,8.04451748552,0
4400,8.07235030249,8.12830516164,8.1002794168,0
4400,8.12830516164,8.18464788135,8.15642787133,0
4400,8.18464788135,8.24138115013,8.21296552835,0
4400,8.24138115013,8.29850767514,8.26989508568,0
4400,8.29850767514,8.35603018231,8.32721925985,0
4400,8.35603018231,8.41395141645,8.38494078622,0
4400,8.41395141645,8.47227414141,8.44306241909,0
4400,8.47227414141,8.53100114018,8.50158693187,0
4400,8.53100114018,8.59013521505,8.5605171172,0
4400,8.59013521505,8.64967918776,8.61985578706,0
4400,8.64967918776,8.70963589956,8.67960577292,0
4400,8.70963589956,8.77000821144,8.73976992591,0
4400,8.77000821144,8.83079900419,8.80035111687,0
4400,8.83079900419,8.89201117858,8.86135223659,0
4400,8.89201117858,8.9536476555,8.92277619588,0
4400,8.9536476555,9.01571137606,8.98462592571,0
4400,9.01571137606,9.07820530178,9.04690437738,0
4400,9.07820530178,9.1411324147,9.10961452266,0
4400,9.1411324147,9.20449571753,9.1727593539,0
4400,9.20449571753,9.26829823379,9.2363418842,0
4400,9.26829823379,9.33254300797,9.30036514754,0
4400,9.33254300797,9.39723310565,9.36483219894,0
4400,9.39723310565,9.46237161366,9.4297461146,0
4400,9.46237161366,9.52796164024,9.49510999202,0
4400,9.52796164024,9.59400631516,9.5609269502,0
4400,9.59400631516,9.6605087899,9.62720012973,0
4400,9.6605087899,9.72747223777,9.693932693,0
4400,9.72747223777,9.79489985409,9.7611278243,0
4400,9.79489985409,9.86279485631,9.82878873,0
4400,9.86279485631,9.93116048421,9.89691863869,0
4400,9.93116048421,10,9.96552080135,0
4600,0.01,0.0100693166885,0.0100345984915,0
4600,0.0100693166885,0.0101391138574,0.0101041550053,0
4600,0.0101391138574,0.0102093948371,0.0101741936618,0
4600,0.0102093948371,0.0102801629813,0.0102447178031,0
4600,0.0102801629813,0.0103514216668,0.0103157307944,0
4600,0.0103514216668,0.0104231742939,0.0103872360242,0
4600,0.0104231742939,0.0104954242865,0.0104592369046,0
4600,0.0104954242865,0.0105681750921,0.0105317368713,0
4600,0.0105681750921,0.0106414301822,0.0106047393837,0
4600,0.0106414301822,0.0107151930524,0.0106782479254,0
4600,0.0107151930524,0.0107894672223,0.0107522660039,0
4600,0.0107894672223,0.0108642562362,0.0108267971513,0
4600,0.0108642562362,0.0109395636627,0.0109018449239,0
4600,0.0109395636627,0.0110153930954,0.0109774129027,0
4600,0.0110153930954,0.0110917481526,0.0110535046938,0
4600,0.0110917481526,0.0111686324778,0.011130123928,0
4600,0.0111686324778,0.0112460497397,0.0112072742614,0
4600,0.0112460497397,0.0113240036324,0.0112849593753,0
4600,0.0113240036324,0.0114024978756,0.0113631829767,0
4600,0.0114024978756,0.011481536215,0.0114419487982,0
4600,0.011481536215,0.0115611224219,0.0115212605983,0
4600,0.0115611224219,0.0116412602941,0.0116011221615,0
4600,0.0116412602941,0.0117219536555,0.0116815372986,0
4600,0.0117219536555,0.0118032063565,0.0117625098468,0
4600,0.0118032063565,0.0118850222744,0.01184404367,0
4600,0.0118850222744,0.0119674053131,0.0119261426586,0
4600,0.0119674053131,0.0120503594037,0.0120088107301,0
4600,0.0120503594037,0.0121338885046,0.0120920518294,0
4600,0.0121338885046,0.0122179966016,0.0121758699285,0
4600,0.0122179966016,0.0123026877081,0.0122602690268,0
4600,0.0123026877081,0.0123879658653,0.0123452531517,0
4600,0.0123879658653,0.0124738351424,0.0124308263584,0
4600,0.0124738351424,0.0125602996369,0.0125169927303,0
4600,0.0125602996369,0.0126473634747,0.0126037563789,0
4600,0.0126473634747,0.0127350308102,0.0126911214445,0
4600,0.0127350308102,0.0128233058266,0.0127790920957,0
4600,0.0128233058266,0.0129121927361,0.0128676725303,0
4600,0.0129121927361,0.0130016957803,0.0129568669752,0
4600,0.0130016957803,0.01309181923,0.0130466796864,0
4600,0.01309181923,0.0131825673856,0.0131371149496,0
4600,0.0131825673856,0.0132739445773,0.0132281770801,0
4600,0.0132739445773,0.0133659551655,0.0133198704231,0
4600,0.0133659551655,0.0134586035406,0.0134121993541,0
4600,0.0134586035406,0.0135518941235,0.0135051682786,0
4600,0.0135518941235,0.0136458313659,0.0135987816328,0
4600,0.0136458313659,0.0137404197501,0.0136930438839,0
4600,0.0137404197501,0.0138356637897,0.0137879595297,0
4600,0.0138356637897,0.0139315680295,0.0138835330993,0
4600,0.0139315680295,0.0140281370456,0.0139797691532,0
4600,0.0140281370456,0.0141253754462,0.0140766722836,0
4600,0.0141253754462,0.0142232878712,0.0141742471144,0
4600,0.0142232878712,0.0143218789927,0.0142724983016,0
4600,0.0143218789927,0.0144211535152,0.0143714305336,0
4600,0.0144211535152,0.0145211161759,0.0144710485309,0
4600,0.0145211161759,0.0146217717446,0.0145713570473,0
4600,0.0146217717446,0.0147231250243,0.0146723608691,0
4600,0.0147231250243,0.0148251808515,0.0147740648159,0
4600,0.0148251808515,0.0149279440958,0.0148764737408,0
4600,0.0149279440958,0.0150314196609,0.0149795925304,0
4600,0.0150314196609,0.0151356124844,0.0150834261054,0
4600,0.0151356124844,0.015240527538,0.0151879794203,0
4600,0.015240527538,0.015346169828,0.0152932574642,0
4600,0.015346169828,0.0154525443954,0.0153992652606,0
4600,0.0154525443954,0.0155596563161,0.0155060078679,0
4600,0.0155596563161,0.0156675107011,0.0156134903797,0
4600,0.0156675107011,0.015776112697,0.0157217179246,0
4600,0.015776112697,0.015885467486,0.0158306956671,0
4600,0.015885467486,0.0159955802861,0.0159404288071,0
4600,0.0159955802861,0.0161064563518,0.016050922581,0
4600,0.0161064563518,0.0162181009736,0.0161621822611,0
4600,0.0162181009736,0.0163305194789,0.0162742131564,0
4600,0.0163305194789,0.0164437172321,0.0163870206128,0
4600,0.0164437172321,0.0165576996347,0.0165006100132,0
4600,0.0165576996347,0.0166724721255,0.0166149867777,0
4600,0.0166724721255,0.0167880401812,0.016730156364,0
4600,0.0167880401812,0.0169044093164,0.0168461242677,0
4600,0.0169044093164,0.0170215850839,0.0169628960226,0
4600,0.0170215850839,0.0171395730751,0.0170804772006,0
4600,0.0171395730751,0.0172583789199,0.0171988734124,0
4600,0.0172583789199,0.0173780082875,0.0173180903075,0
4600,0.0173780082875,0.0174984668862,0.0174381335747,0
4600,0.0174984668862,0.0176197604641,0.017559008942,0
4600,0.0176197604641,0.0177418948089,0.0176807221773,0
4600,0.0177418948089,0.0178648757485,0.0178032790885,0
4600,0.0178648757485,0.0179887091513,0.0179266855237,0
4600,0.0179887091513,0.0181134009262,0.0180509473713,0
4600,0.0181134009262,0.0182389570232,0.018176070561,0
4600,0.0182389570232,0.0183653834335,0.0183020610631,0
4600,0.0183653834335,0.0184926861898,0.0184289248897,0
4600,0.0184926861898,0.0186208713666,0.0185566680943,0
4600,0.0186208713666,0.0187499450807,0.0186852967726,0
4600,0.0187499450807,0.018879913491,0.0188148170622,0
4600,0.018879913491,0.0190107827992,0.0189452351436,0
4600,0.0190107827992,0.0191425592502,0.0190765572399,0
4600,0.0191425592502,0.0192752491319,0.0192087896175,0
4600,0.0192752491319,0.0194088587759,0.0193419385862,0
4600,0.0194088587759,0.0195433945578,0.0194760104994,0
4600,0.0195433945578,0.0196788628971,0.0196110117548,0
4600,0.0196788628971,0.0198152702581,0.0197469487941,0
4600,0.0198152702581,0.0199526231497,0.019883828104,0
4600,0.0199526231497,0.0200909281261,0.0200216562159,0
4600,0.0200909281261,0.0202301917868,0.0201604397066,0
4600,0.0202301917868,0.0203704207771,0.0203001851986,0
4600,0.0203704207771,0.0205116217883,0.02044089936,0
4600,0.0205116217883,0.0206538015581,0.0205825889054,0
4600,0.0206538015581,0.020796966871,0.0207252605958,0
4600,0.020796966871,0.0209411245585,0.0208689212391,0
4600,0.0209411245585,0.0210862814993,0.0210135776905,0
4600,0.0210862814993,0.02123244462,0.0211592368524,0
4600,0.02123244462,0.021379620895,0.0213059056754,0
4600,0.021379620895,0.0215278173472,0.0214535911582,0
4600,0.0215278173472,0.0216770410482,0.0216023003477,0
4600,0.0216770410482,0.0218272991184,0.0217520403402,0
4600,0.0218272991184,0.0219785987278,0.0219028182807,0
4600,0.0219785987278,0.0221309470961,0.0220546413639,0
4600,0.0221309470961,0.0222843514927,0.0222075168345,0
4600,0.0222843514927,0.0224388192378,0.0223614519872,0
4600,0.0224388192378,0.0225943577022,0.0225164541674,0
4600,0.0225943577022,0.0227509743077,0.0226725307715,0
4600,0.0227509743077,0.0229086765277,0.0228296892468,0
4600,0.0229086765277,0.0230674718872,0.0229879370926,0
4600,0.0230674718872,0.0232273679636,0.0231472818602,0
4600,0.0232273679636,0.0233883723866,0.0233077311528,0
4600,0.0233883723866,0.023550492839,0.0234692926269,0
4600,0.023550492839,0.0237137370566,0.0236319739915,0
4600,0.0237137370566,0.0238781128291,0.0237957830096,0
4600,0.0238781128291,0.0240436280001,0.0239607274975,0
4600,0.0240436280001,0.0242102904674,0.0241268153259,0
4600,0.0242102904674,0.0243781081837,0.0242940544202,0
4600,0.0243781081837,0.0245470891569,0.0244624527605,0
4600,0.0245470891569,0.0247172414502,0.0246320183824,0
4600,0.0247172414502,0.0248885731828,0.0248027593769,0
4600,0.0248885731828,0.0250610925303,0.0249746838915,0
4600,0.0250610925303,0.0252348077248,0.02514780013,0
4600,0.0252348077248,0.0254097270555,0.0253221163528,0
4600,0.0254097270555,0.0255858588691,0.025497640878,0
4600,0.0255858588691,0.02576321157,0.0256743820811,0
4600,0.02576321157,0.0259417936212,0.0258523483956,0
4600,0.0259417936212,0.026121613544,0.0260315483137,0
4600,0.026121613544,0.026302679919,0.0262119903864,0
4600,0.026302679919,0.0264850013861,0.0263936832237,0
4600,0.0264850013861,0.0266685866452,0.0265766354955,0
4600,0.0266685866452,0.0268534444566,0.026760855932,0
4600,0.0268534444566,0.0270395836411,0.0269463533235,0
4600,0.0270395836411,0.0272270130808,0.0271331365215,0
4600,0.0272270130808,0.0274157417193,0.0273212144388,0
4600,0.0274157417193,0.0276057785622,0.0275105960499,0
4600,0.0276057785622,0.0277971326776,0.0277012903916,0
4600,0.0277971326776,0.0279898131963,0.0278933065634,0
4600,0.0279898131963,0.0281838293126,0.0280866537277,0
4600,0.0281838293126,0.0283791902844,0.0282813411105,0
4600,0.0283791902844,0.0285759054337,0.0284773780017,0
4600,0.0285759054337,0.0287739841474,0.0286747737558,0
4600,0.0287739841474,0.028973435877,0.0288735377919,0
4600,0.028973435877,0.02917427014,0.0290736795944,0
4600,0.02917427014,0.0293764965196,0.0292752087137,0
4600,0.0293764965196,0.0295801246655,0.0294781347661,0
4600,0.0295801246655,0.0297851642943,0.0296824674346,0
4600,0.0297851642943,0.0299916251899,0.0298882164696,0
4600,0.0299916251899,0.030199517204,0.0300953916887,0
4600,0.030199517204,0.0304088502568,0.0303040029779,0
4600,0.0304088502568,0.0306196343369,0.0305140602914,0
4600,0.0306196343369,0.0308318795025,0.0307255736527,0
4600,0.0308318795025,0.0310455958813,0.0309385531545,0
4600,0.0310455958813,0.0312607936712,0.0311530089597,0
4600,0.0312607936712,0.031477483141,0.0313689513016,0
4600,0.031477483141,0.0316956746304,0.0315863904842,0
4600,0.0316956746304,0.031915378551,0.0318053368833,0
4600,0.031915378551,0.0321366053864,0.0320258009463,0
4600,0.0321366053864,0.032359365693,0.0322477931932,0
4600,0.032359365693,0.0325836701002,0.0324713242168,0
4600,0.0325836701002,0.0328095293113,0.0326964046834,0
4600,0.0328095293113,0.0330369541037,0.0329230453333,0
4600,0.0330369541037,0.0332659553294,0.0331512569812,0
4600,0.0332659553294,0.0334965439158,0.0333810505166,0
4600,0.0334965439158,0.0337287308659,0.0336124369047,0
4600,0.0337287308659,0.033962527259,0.0338454271866,0
4600,0.033962527259,0.0341979442514,0.03408003248,0
4600,0.0341979442514,0.0344349930763,0.0343162639796,0
4600,0.0344349930763,0.0346736850453,0.0345541329578,0
4600,0.0346736850453,0.0349140315479,0.0347936507649,0
4600,0.0349140315479,0.0351560440528,0.0350348288302,0
4600,0.0351560440528,0.0353997341083,0.0352776786619,0
4600,0.0353997341083,0.0356451133426,0.0355222118482,0
4600,0.0356451133426,0.0358921934645,0.0357684400576,0
4600,0.0358921934645,0.036140986264,0.0360163750395,0
4600,0.036140986264,0.0363915036127,0.0362660286245,0
4600,0.0363915036127,0.0366437574648,0.0365174127255,0
4600,0.0366437574648,0.036897759857,0.0367705393378,0
4600,0.036897759857,0.0371535229097,0.03702542054,0
4600,0.0371535229097,0.0374110588272,0.0372820684943,0
4600,0.0374110588272,0.0376703798984,0.0375404954472,0
4600,0.0376703798984,0.0379314984974,0.0378007137302,0
4600,0.0379314984974,0.038194427084,0.0380627357601,0
4600,0.038194427084,0.0384591782045,0.03832657404,0
4600,0.0384591782045,0.0387257644922,0.0385922411595,0
4600,0.0387257644922,0.0389941986677,0.0388597497954,0
4600,0.0389941986677,0.03926449354,0.0391291127127,0
4600,0.03926449354,0.0395366620068,0.0394003427645,0
4600,0.0395366620068,0.0398107170553,0.0396734528932,0
4600,0.0398107170553,0.0400866717627,0.0399484561308,0
4600,0.0400866717627,0.0403645392968,0.0402253655999,0
4600,0.0403645392968,0.0406443329165,0.0405041945136,0
4600,0.0406443329165,0.040926065973,0.0407849561771,0
4600,0.040926065973,0.0412097519097,0.0410676639875,0
4600,0.0412097519097,0.0414954042634,0.0413523314348,0
4600,0.0414954042634,0.0417830366647,0.0416389721025,0
4600,0.0417830366647,0.0420726628384,0.0419275996685,0
4600,0.0420726628384,0.042364296605,0.0422182279051,0
4600,0.042364296605,0.0426579518802,0.0425108706805,0
4600,0.0426579518802,0.0429536426765,0.0428055419586,0
4600,0.0429536426765,0.0432513831035,0.0431022558005,0
4600,0.0432513831035,0.0435511873686,0.0434010263645,0
4600,0.0435511873686,0.0438530697775,0.0437018679071,0
4600,0.0438530697775,0.0441570447353,0.0440047947836,0
4600,0.0441570447353,0.0444631267469,0.0443098214489,0
4600,0.0444631267469,0.0447713304176,0.0446169624581,0
4600,0.0447713304176,0.0450816704541,0.044926232467,0
4600,0.0450816704541,0.045394161665,0.0452376462332,0
4600,0.045394161665,0.0457088189615,0.0455512186166,0
4600,0.0457088189615,0.0460256573581,0.0458669645798,0
4600,0.0460256573581,0.0463446919736,0.0461848991895,0
4600,0.0463446919736,0.0466659380314,0.0465050376167,0
4600,0.0466659380314,0.0469894108605,0.0468273951374,0
4600,0.0469894108605,0.0473151258961,0.0471519871336,0
4600,0.0473151258961,0.0476430986805,0.0474788290942,0
4600,0.0476430986805,0.0479733448637,0.0478079366149,0
4600,0.0479733448637,0.048305880204,0.0481393254,0
4600,0.048305880204,0.0486407205691,0.0484730112624,0
4600,0.0486407205691,0.0489778819368,0.0488090101248,0
4600,0.0489778819368,0.0493173803955,0.0491473380199,0
4600,0.0493173803955,0.049659232145,0.049488011092,0
4600,0.049659232145,0.0500034534977,0.0498310455971,0
4600,0.0500034534977,0.0503500608788,0.0501764579037,0
4600,0.0503500608788,0.0506990708275,0.050524264494,0
4600,0.0506990708275,0.0510504999975,0.0508744819645,0
4600,0.0510504999975,0.0514043651582,0.0512271270265,0
4600,0.0514043651582,0.0517606831951,0.0515822165072,0
4600,0.0517606831951,0.0521194711105,0.0519397673507,0
4600,0.0521194711105,0.052480746025,0.0522997966182,0
4600,0.052480746025,0.0528445251775,0.0526623214894,0
4600,0.0528445251775,0.0532108259267,0.0530273592629,0
4600,0.0532108259267,0.0535796657513,0.0533949273574,0
4600,0.0535796657513,0.0539510622515,0.0537650433122,0
4600,0.0539510622515,0.0543250331492,0.0541377247883,0
4600,0.0543250331492,0.0547015962894,0.0545129895689,0
4600,0.0547015962894,0.0550807696405,0.0548908555607,0
4600,0.0550807696405,0.0554625712958,0.0552713407944,0
4600,0.0554625712958,0.0558470194737,0.0556544634258,0
4600,0.0558470194737,0.056234132519,0.0560402417364,0
4600,0.056234132519,0.0566239289038,0.0564286941345,0
4600,0.0566239289038,0.0570164272281,0.056819839156,0
4600,0.0570164272281,0.0574116462207,0.0572136954652,0
4600,0.0574116462207,0.0578096047406,0.057610281856,0
4600,0.0578096047406,0.0582103217771,0.0580096172523,0
4600,0.0582103217771,0.0586138164514,0.0584117207093,0
4600,0.0586138164514,0.0590201080172,0.0588166114143,0
4600,0.0590201080172,0.0594292158616,0.0592243086876,0
4600,0.0594292158616,0.059841159506,0.0596348319834,0
4600,0.059841159506,0.0602559586074,0.0600482008908,0
4600,0.0602559586074,0.0606736329589,0.0604644351345,0
4600,0.0606736329589,0.0610942024906,0.0608835545761,0
4600,0.0610942024906,0.061517687271,0.061305579215,0
4600,0.061517687271,0.0619441075077,0.0617305291889,0
4600,0.0619441075077,0.0623734835482,0.0621584247753,0
4600,0.0623734835482,0.0628058358813,0.0625892863921,0
4600,0.0628058358813,0.0632411851376,0.0630231345991,0
4600,0.0632411851376,0.0636795520908,0.0634599900981,0
4600,0.0636795520908,0.0641209576585,0.0638998737348,0
4600,0.0641209576585,0.0645654229035,0.0643428064992,0
4600,0.0645654229035,0.0650129690343,0.0647888095269,0
4600,0.0650129690343,0.0654636174067,0.0652379040998,0
4600,0.0654636174067,0.0659173895244,0.0656901116476,0
4600,0.0659173895244,0.0663743070402,0.0661454537484,0
4600,0.0663743070402,0.0668343917569,0.0666039521298,0
4600,0.0668343917569,0.0672976656284,0.0670656286702,0
4600,0.0672976656284,0.0677641507611,0.0675305053995,0
4600,0.0677641507611,0.0682338694142,0.0679986045003,0
4600,0.0682338694142,0.0687068440014,0.0684699483091,0
4600,0.0687068440014,0.0691830970919,0.0689445593171,0
4600,0.0691830970919,0.0696626514111,0.0694224601714,0
4600,0.0696626514111,0.070145529842,0.0699036736762,0
4600,0.070145529842,0.0706317554263,0.0703882227936,0
4600,0.0706317554263,0.0711213513653,0.0708761306451,0
4600,0.0711213513653,0.0716143410213,0.0713674205122,0
4600,0.0716143410213,0.0721107479183,0.071862115838,0
4600,0.0721107479183,0.0726105957435,0.072360240228,0
4600,0.0726105957435,0.0731139083483,0.0728618174513,0
4600,0.0731139083483,0.0736207097495,0.0733668714418,0
4600,0.0736207097495,0.0741310241301,0.0738754262994,0
4600,0.0741310241301,0.074644875841,0.0743875062908,0
4600,0.074644875841,0.0751622894018,0.0749031358511,0
4600,0.0751622894018,0.0756832895021,0.0754223395848,0
4600,0.0756832895021,0.0762079010025,0.0759451422668,0
4600,0.0762079010025,0.0767361489362,0.0764715688439,0
4600,0.0767361489362,0.0772680585096,0.0770016444357,0
4600,0.0772680585096,0.077803655104,0.077535394336,0
4600,0.077803655104,0.0783429642766,0.0780728440138,0
4600,0.0783429642766,0.0788860117619,0.0786140191148,0
4600,0.0788860117619,0.0794328234724,0.0791589454624,0
4600,0.0794328234724,0.0799834255007,0.079707649059,0
4600,0.0799834255007,0.0805378441199,0.0802601560873,0
4600,0.0805378441199,0.0810961057854,0.0808164929113,0
4600,0.0810961057854,0.0816582371359,0.0813766860779,0
4600,0.0816582371359,0.0822242649947,0.081940762318,0
4600,0.0822242649947,0.0827942163712,0.0825087485479,0
4600,0.0827942163712,0.083368118462,0.0830806718702,0
4600,0.083368118462,0.0839459986519,0.0836565595756,0
4600,0.0839459986519,0.084527884516,0.0842364391438,0
4600,0.084527884516,0.0851138038202,0.0848203382452,0
4600,0.0851138038202,0.085703784523,0.0854082847419,0
4600,0.085703784523,0.0862978547767,0.0860003066889,0
4600,0.0862978547767,0.0868960429286,0.086596432336,0
4600,0.0868960429286,0.0874983775227,0.0871966901287,0
4600,0.0874983775227,0.0881048873008,0.0878011087097,0
4600,0.0881048873008,0.0887156012038,0.08840971692,0
4600,0.0887156012038,0.0893305483733,0.089022543801,0
4600,0.0893305483733,0.089949758153,0.089639618595,0
4600,0.089949758153,0.0905732600898,0.0902609707471,0
4600,0.0905732600898,0.0912010839356,0.0908866299066,0
4600,0.0912010839356,0.0918332596484,0.0915166259281,0
4600,0.0918332596484,0.0924698173938,0.0921509888735,0
4600,0.0924698173938,0.0931107875468,0.0927897490127,0
4600,0.0931107875468,0.0937562006926,0.0934329368257,0
4600,0.0937562006926,0.0944060876286,0.0940805830037,0
4600,0.0944060876286,0.0950604793656,0.0947327184504,0
4600,0.0950604793656,0.0957194071295,0.0953893742842,0
4600,0.0957194071295,0.0963829023624,0.0960505818387,0
4600,0.0963829023624,0.0970509967245,0.096716372665,0
4600,0.0970509967245,0.0977237220956,0.0973867785329,0
4600,0.0977237220956,0.0984011105761,0.0980618314322,0
4600,0.0984011105761,0.0990831944893,0.0987415635747,0
4600,0.0990831944893,0.0997700063823,0.0994260073953,0
4600,0.0997700063823,0.100461579028,0.100115195554,0
4600,0.100461579028,0.101157945426,0.100809160936,0
4600,0.101157945426,0.101859138805,0.101507936657,0
4600,0.101859138805,0.102565192625,0.10221155606,0
4600,0.102565192625,0.103276140576,0.102920052719,0
4600,0.103276140576,0.103992016583,0.103633460443,0
4600,0.103992016583,0.104712854805,0.104351813273,0
4600,0.104712854805,0.105438689639,0.105075145487,0
4600,0.105438689639,0.10616955572,0.1058034916,0
4600,0.10616955572,0.106905487922,0.106536886367,0
4600,0.106905487922,0.107646521363,0.107275364784,0
4600,0.107646521363,0.108392691402,0.108018962088,0
4600,0.108392691402,0.109144033645,0.108767713763,0
4600,0.109144033645,0.109900583943,0.109521655537,0
4600,0.109900583943,0.110662378398,0.110280823385,0
4600,0.110662378398,0.111429453359,0.111045253533,0
4600,0.111429453359,0.11220184543,0.111814982458,0
4600,0.11220184543,0.112979591467,0.112590046889,0
4600,0.112979591467,0.113762728582,0.113370483811,0
4600,0.113762728582,0.114551294145,0.114156330462,0
4600,0.114551294145,0.115345325782,0.114947624342,0
4600,0.115345325782,0.116144861384,0.115744403209,0
4600,0.116144861384,0.116949939102,0.116546705084,0
4600,0.116949939102,0.117760597352,0.117354568249,0
4600,0.117760597352,0.118576874817,0.118168031254,0
4600,0.118576874817,0.119398810446,0.118987132916,0
4600,0.119398810446,0.120226443462,0.119811912319,0
4600,0.120226443462,0.121059813355,0.12064240882,0
4600,0.121059813355,0.121898959892,0.121478662047,0
4600,0.121898959892,0.122743923116,0.122320711905,0
4600,0.122743923116,0.123594743344,0.123168598574,0
4600,0.123594743344,0.124451461177,0.124022362512,0
4600,0.124451461177,0.125314117494,0.124882044459,0
4600,0.125314117494,0.126182753459,0.125747685437,0
4600,0.126182753459,0.127057410521,0.126619326751,0
4600,0.127057410521,0.127938130416,0.127497009994,0
4600,0.127938130416,0.128824955169,0.128380777047,0
4600,0.128824955169,0.129717927098,0.129270670081,0
4600,0.129717927098,0.130617088813,0.130166731558,0
4600,0.130617088813,0.131522483219,0.131069004237,0
4600,0.131522483219,0.132434153519,0.131977531171,0
4600,0.132434153519,0.133352143216,0.132892355713,0
4600,0.133352143216,0.134276496114,0.133813521515,0
4600,0.134276496114,0.135207256319,0.134741072534,0
4600,0.135207256319,0.136144468247,0.13567505303,0
4600,0.136144468247,0.137088176616,0.136615507569,0
4600,0.137088176616,0.13803842646,0.137562481028,0
4600,0.13803842646,0.138995263121,0.138516018592,0
4600,0.138995263121,0.139958732257,0.139476165764,0
4600,0.139958732257,0.140928879842,0.140442968358,0
4600,0.140928879842,0.141905752169,0.141416472507,0
4600,0.141905752169,0.142889395851,0.142396724665,0
4600,0.142889395851,0.143879857826,0.143383771606,0
4600,0.143879857826,0.144877185354,0.144377660429,0
4600,0.144877185354,0.145881426028,0.145378438561,0
4600,0.145881426028,0.146892627764,0.146386153755,0
4600,0.146892627764,0.147910838817,0.147400854097,0
4600,0.147910838817,0.148936107771,0.148422588006,0
4600,0.148936107771,0.14996848355,0.149451404237,0
4600,0.14996848355,0.151008015416,0.15048735188,0
4600,0.151008015416,0.152054752973,0.15153048037,0
4600,0.152054752973,0.153108746168,0.152580839481,0
4600,0.153108746168,0.154170045295,0.153638479333,0
4600,0.154170045295,0.155238700996,0.154703450395,0
4600,0.155238700996,0.156314764264,0.155775803483,0
4600,0.156314764264,0.157398286447,0.156855589768,0
4600,0.157398286447,0.158489319246,0.157942860774,0
4600,0.158489319246,0.159587914724,0.159037668382,0
4600,0.159587914724,0.160694125301,0.160140064834,0
4600,0.160694125301,0.161808003764,0.161250102734,0
4600,0.161808003764,0.162929603264,0.162367835048,0
4600,0.162929603264,0.16405897732,0.163493315113,0
4600,0.16405897732,0.165196179823,0.164626596633,0
4600,0.165196179823,0.166341265037,0.165767733685,0
4600,0.166341265037,0.167494287603,0.166916780721,0
4600,0.167494287603,0.168655302539,0.168073792571,0
4600,0.168655302539,0.169824365246,0.169238824444,0
4600,0.169824365246,0.171001531509,0.170411931932,0
4600,0.171001531509,0.172186857499,0.171593171012,0
4600,0.172186857499,0.173380399775,0.172782598051,0
4600,0.173380399775,0.174582215292,0.173980269804,0
4600,0.174582215292,0.175792361396,0.175186243421,0
4600,0.175792361396,0.177010895832,0.176400576448,0
4600,0.177010895832,0.178237876745,0.177623326829,0
4600,0.178237876745,0.179473362683,0.178854552911,0
4600,0.179473362683,0.180717412601,0.180094313444,0
4600,0.180717412601,0.181970085861,0.181342667587,0
4600,0.181970085861,0.183231442237,0.182599674907,0
4600,0.183231442237,0.184501541918,0.183865395386,0
4600,0.184501541918,0.185780445509,0.185139889421,0
4600,0.185780445509,0.187068214037,0.186423217825,0
4600,0.187068214037,0.188364908949,0.187715441838,0
4600,0.188364908949,0.189670592121,0.189016623119,0
4600,0.189670592121,0.190985325857,0.190326823758,0
4600,0.190985325857,0.192309172891,0.191646106274,0
4600,0.192309172891,0.193642196395,0.192974533619,0
4600,0.193642196395,0.194984459976,0.194312169183,0
4600,0.194984459976,0.196336027684,0.195659076793,0
4600,0.196336027684,0.197696964011,0.197015320722,0
4600,0.197696964011,0.199067333899,0.198380965684,0
4600,0.199067333899,0.200447202737,0.199756076844,0
4600,0.200447202737,0.201836636368,0.20114071982,0
4600,0.201836636368,0.203235701094,0.202534960682,0
4600,0.203235701094,0.204644463672,0.203938865961,0
4600,0.204644463672,0.206062991327,0.205352502646,0
4600,0.206062991327,0.207491351745,0.206775938192,0
4600,0.207491351745,0.208929613085,0.208209240522,0
4600,0.208929613085,0.210377843977,0.209652478029,0
4600,0.210377843977,0.211836113525,0.211105719581,0
4600,0.211836113525,0.213304491315,0.212569034522,0
4600,0.213304491315,0.214783047413,0.214042492677,0
4600,0.214783047413,0.216271852373,0.215526164357,0
4600,0.216271852373,0.217770977235,0.217020120357,0
4600,0.217770977235,0.219280493535,0.218524431965,0
4600,0.219280493535,0.220800473302,0.220039170964,0
4600,0.220800473302,0.222330989065,0.221564409631,0
4600,0.222330989065,0.223872113857,0.223100220748,0
4600,0.223872113857,0.225423921215,0.224646677599,0
4600,0.225423921215,0.226986485188,0.226203853977,0
4600,0.226986485188,0.228559880338,0.227771824186,0
4600,0.228559880338,0.230144181741,0.229350663045,0
4600,0.230144181741,0.231739464997,0.230940445892,0
4600,0.231739464997,0.233345806228,0.232541248587,0
4600,0.233345806228,0.234963282085,0.234153147517,0
4600,0.234963282085,0.236591969749,0.235776219596,0
4600,0.236591969749,0.238231946936,0.237410542273,0
4600,0.238231946936,0.239883291902,0.239056193534,0
4600,0.239883291902,0.241546083444,0.240713251905,0
4600,0.241546083444,0.243220400907,0.242381796455,0
4600,0.243220400907,0.244906324184,0.244061906804,0
4600,0.244906324184,0.246603933723,0.245753663122,0
4600,0.246603933723,0.24831331053,0.247457146133,0
4600,0.24831331053,0.25003453617,0.249172437125,0
4600,0.25003453617,0.251767692776,0.250899617947,0
4600,0.251767692776,0.25351286305,0.252638771013,0
4600,0.25351286305,0.255270130266,0.254389979313,0
4600,0.255270130266,0.257039578277,0.256153326409,0
4600,0.257039578277,0.258821291515,0.257928896443,0
4600,0.258821291515,0.260615355,0.25971677414,0
4600,0.260615355,0.262421854338,0.261517044814,0
4600,0.262421854338,0.264240875732,0.263329794368,0
4600,0.264240875732,0.26607250598,0.265155109301,0
4600,0.26607250598,0.267916832482,0.266993076713,0
4600,0.267916832482,0.269773943244,0.268843784306,0
4600,0.269773943244,0.271643926884,0.270707320392,0
4600,0.271643926884,0.273526872631,0.272583773893,0
4600,0.273526872631,0.275422870334,0.274473234348,0
4600,0.275422870334,0.277332010465,0.276375791917,0
4600,0.277332010465,0.279254384124,0.278291537385,0
4600,0.279254384124,0.28119008304,0.280220562167,0
4600,0.28119008304,0.28313919958,0.282162958309,0
4600,0.28313919958,0.28510182675,0.284118818498,0
4600,0.28510182675,0.287078058202,0.286088236063,0
4600,0.287078058202,0.289067988237,0.288071304978,0
4600,0.289067988237,0.291071711807,0.290068119869,0
4600,0.291071711807,0.293089324525,0.292078776021,0
4600,0.293089324525,0.295120922667,0.294103369375,0
4600,0.295120922667,0.297166603174,0.296141996539,0
4600,0.297166603174,0.299226463661,0.298194754793,0
4600,0.299226463661,0.301300602419,0.300261742086,0
4600,0.301300602419,0.303389118419,0.302343057051,0
4600,0.303389118419,0.305492111322,0.304438799002,0
4600,0.305492111322,0.307609681474,0.306549067943,0
4600,0.307609681474,0.309741929922,0.308673964568,0
4600,0.309741929922,0.311888958409,0.310813590274,0
4600,0.311888958409,0.314050869388,0.312968047156,0
4600,0.314050869388,0.316227766017,0.31513743802,0
4600,0.316227766017,0.318419752173,0.317321866384,0
4600,0.318419752173,0.320626932451,0.319521436481,0
4600,0.320626932451,0.322849412171,0.32173625327,0
4600,0.322849412171,0.325087297385,0.323966422435,0
4600,0.325087297385,0.327340694879,0.326212050394,0
4600,0.327340694879,0.329609712177,0.328473244303,0
4600,0.329609712177,0.331894457553,0.330750112059,0
4600,0.331894457553,0.334195040026,0.333042762309,0
4600,0.334195040026,0.336511569375,0.335351304451,0
4600,0.336511569375,0.338844156139,0.337675848642,0
4600,0.338844156139,0.341192911622,0.340016505804,0
4600,0.341192911622,0.3435579479,0.342373387626,0
4600,0.3435579479,0.345939377826,0.344746606573,0
4600,0.345939377826,0.348337315036,0.347136275888,0
4600,0.348337315036,0.350751873953,0.349542509599,0
4600,0.350751873953,0.353183169792,0.351965422525,0
4600,0.353183169792,0.355631318569,0.354405130281,0
4600,0.355631318569,0.358096437103,0.356861749283,0
4600,0.358096437103,0.360578643022,0.359335396755,0
4600,0.360578643022,0.36307805477,0.361826190732,0
4600,0.36307805477,0.365594791613,0.364334250068,0
4600,0.365594791613,0.368128973643,0.366859694441,0
4600,0.368128973643,0.370680721783,0.369402644358,0
4600,0.370680721783,0.373250157796,0.371963221162,0
4600,0.373250157796,0.375837404288,0.374541547036,0
4600,0.375837404288,0.378442584717,0.377137745011,0
4600,0.378442584717,0.381065823394,0.379751938971,0
4600,0.381065823394,0.383707245492,0.382384253658,0
4600,0.383707245492,0.386366977054,0.385034814679,0
4600,0.386366977054,0.389045144994,0.38770374851,0
4600,0.389045144994,0.391741877108,0.390391182508,0
4600,0.391741877108,0.394457302075,0.393097244907,0
4600,0.394457302075,0.397191549469,0.395822064836,0
4600,0.397191549469,0.399944749761,0.398565772313,0
4600,0.399944749761,0.402717034325,0.401328498263,0
4600,0.402717034325,0.405508535448,0.404110374513,0
4600,0.405508535448,0.408319386333,0.406911533809,0
4600,0.408319386333,0.411149721105,0.409732109814,0
4600,0.411149721105,0.41399967482,0.412572237117,0
4600,0.41399967482,0.41686938347,0.415432051242,0
4600,0.41686938347,0.419758983991,0.418311688651,0
4600,0.419758983991,0.422668614266,0.421211286754,0
4600,0.422668614266,0.425598413134,0.42413098391,0
4600,0.425598413134,0.428548520397,0.427070919441,0
4600,0.428548520397,0.431519076828,0.430031233631,0
4600,0.431519076828,0.434510224172,0.433012067738,0
4600,0.434510224172,0.437522105158,0.436013564,0
4600,0.437522105158,0.440554863507,0.439035865641,0
4600,0.440554863507,0.443608643931,0.442079116876,0
4600,0.443608643931,0.446683592151,0.44514346292,0
4600,0.446683592151,0.449779854893,0.448229049997,0
4600,0.449779854893,0.452897579904,0.451336025341,0
4600,0.452897579904,0.456036915951,0.45446453721,0
4600,0.456036915951,0.459198012837,0.457614734886,0
4600,0.459198012837,0.462381021399,0.46078676869,0
4600,0.462381021399,0.465586093523,0.463980789982,0
4600,0.465586093523,0.468813382145,0.467196951172,0
4600,0.468813382145,0.472063041264,0.470435405726,0
4600,0.472063041264,0.475335225943,0.473696308175,0
4600,0.475335225943,0.478630092323,0.476979814119,0
4600,0.478630092323,0.481947797625,0.48028608024,0
4600,0.481947797625,0.485288500162,0.483615264302,0
4600,0.485288500162,0.488652359343,0.486967525166,0
4600,0.488652359343,0.492039535681,0.490343022792,0
4600,0.492039535681,0.495450190805,0.49374191825,0
4600,0.495450190805,0.49888448746,0.497164373725,0
4600,0.49888448746,0.502342589522,0.500610552529,0
4600,0.502342589522,0.505824662003,0.504080619103,0
4600,0.505824662003,0.509330871057,0.507574739029,0
4600,0.509330871057,0.512861383991,0.511093079037,0
4600,0.512861383991,0.516416369272,0.514635807014,0
4600,0.516416369272,0.519995996534,0.518203092007,0
4600,0.519995996534,0.523600436586,0.521795104239,0
4600,0.523600436586,0.527229861423,0.52541201511,0
4600,0.527229861423,0.530884444231,0.52905399721,0
4600,0.530884444231,0.534564359397,0.532721224323,0
4600,0.534564359397,0.538269782516,0.53641387144,0
4600,0.538269782516,0.542000890402,0.540132114765,0
4600,0.542000890402,0.545757861091,0.54387613172,0
4600,0.545757861091,0.549540873858,0.547646100962,0
4600,0.549540873858,0.553350109216,0.551442202382,0
4600,0.553350109216,0.557185748932,0.55526461712,0
4600,0.557185748932,0.561047976032,0.559113527571,0
4600,0.561047976032,0.564936974812,0.562989117394,0
4600,0.564936974812,0.568852930844,0.566891571523,0
4600,0.568852930844,0.572796030986,0.570821076172,0
4600,0.572796030986,0.576766463392,0.574777818846,0
4600,0.576766463392,0.580764417521,0.578761988349,0
4600,0.580764417521,0.584790084144,0.582773774796,0
4600,0.584790084144,0.588843655356,0.586813369619,0
4600,0.588843655356,0.59292532458,0.590880965575,0
4600,0.59292532458,0.597035286584,0.594976756759,0
4600,0.597035286584,0.601173737483,0.599100938611,0
4600,0.601173737483,0.605340874754,0.603253707927,0
4600,0.605340874754,0.60953689724,0.607435262864,0
4600,0.60953689724,0.613762005165,0.611645802955,0
4600,0.613762005165,0.618016400138,0.615885529115,0
4600,0.618016400138,0.622300285169,0.620154643654,0
4600,0.622300285169,0.626613864672,0.624453350281,0
4600,0.626613864672,0.63095734448,0.628781854118,0
4600,0.63095734448,0.635330931852,0.633140361711,0
4600,0.635330931852,0.639734835483,0.637529081035,0
4600,0.639734835483,0.644169265515,0.641948221508,0
4600,0.644169265515,0.648634433548,0.646397994,0
4600,0.648634433548,0.653130552647,0.65087861084,0
4600,0.653130552647,0.657657837355,0.655390285833,0
4600,0.657657837355,0.662216503702,0.659933234264,0
4600,0.662216503702,0.666806769214,0.664507672908,0
4600,0.666806769214,0.671428852926,0.669113820046,0
4600,0.671428852926,0.676082975392,0.673751895471,0
4600,0.676082975392,0.680769358694,0.678422120498,0
4600,0.680769358694,0.685488226453,0.683124717979,0
4600,0.685488226453,0.69023980384,0.687859912309,0
4600,0.69023980384,0.695024317589,0.692627929437,0
4600,0.695024317589,0.699841996002,0.697428996882,0
4600,0.699841996002,0.704693068967,0.702263343736,0
4600,0.704693068967,0.709577767963,0.707131200681,0
4600,0.709577767963,0.714496326076,0.712032799999,0
4600,0.714496326076,0.719448978004,0.71696837558,0
4600,0.719448978004,0.724435960075,0.721938162937,0
4600,0.724435960075,0.729457510255,0.726942399214,0
4600,0.729457510255,0.734513868157,0.7319813232,0
4600,0.734513868157,0.739605275058,0.737055175338,0
4600,0.739605275058,0.744731973906,0.742164197739,0
4600,0.744731973906,0.749894209332,0.747308634191,0
4600,0.749894209332,0.755092227665,0.752488730174,0
4600,0.755092227665,0.76032627694,0.757704732866,0
4600,0.76032627694,0.765596606911,0.762956891162,0
4600,0.765596606911,0.770903469064,0.768245455679,0
4600,0.770903469064,0.776247116629,0.773570678775,0
4600,0.776247116629,0.781627804588,0.778932814554,0
4600,0.781627804588,0.787045789695,0.784332118882,0
4600,0.787045789695,0.79250133048,0.7897688494,0
4600,0.79250133048,0.797994687268,0.795243265533,0
4600,0.797994687268,0.803526122186,0.800755628507,0
4600,0.803526122186,0.809095899178,0.806306201355,0
4600,0.809095899178,0.814704284021,0.811895248936,0
4600,0.814704284021,0.82035154433,0.817523037944,0
4600,0.82035154433,0.826037949577,0.823189836921,0
4600,0.826037949577,0.831763771103,0.828895916273,0
4600,0.831763771103,0.837529282127,0.834641548277,0
4600,0.837529282127,0.843334757764,0.8404270071,0
4600,0.843334757764,0.849180475036,0.846252568807,0
4600,0.849180475036,0.855066712885,0.852118511379,0
4600,0.855066712885,0.860993752185,0.858025114723,0
4600,0.860993752185,0.866961875758,0.863972660684,0
4600,0.866961875758,0.872971368388,0.869961433065,0
4600,0.872971368388,0.879022516831,0.875991717633,0
4600,0.879022516831,0.885115609831,0.882063802137,0
4600,0.885115609831,0.891250938134,0.888177976319,0
4600,0.891250938134,0.897428794501,0.894334531933,0
4600,0.897428794501,0.903649473722,0.900533762751,0
4600,0.903649473722,0.909913272632,0.906775964584,0
4600,0.909913272632,0.916220490122,0.913061435293,0
4600,0.916220490122,0.922571427155,0.919390474804,0
4600,0.922571427155,0.92896638678,0.925763385121,0
4600,0.92896638678,0.935405674148,0.932180470342,0
4600,0.935405674148,0.941889596523,0.938642036672,0
4600,0.941889596523,0.948418463301,0.945148392441,0
4600,0.948418463301,0.954992586021,0.951699848113,0
4600,0.954992586021,0.961612278384,0.958296716306,0
4600,0.961612278384,0.968277856261,0.964939311806,0
4600,0.968277856261,0.974989637717,0.971627951577,0
4600,0.974989637717,0.98174794302,0.978362954785,0
4600,0.98174794302,0.988553094657,0.985144642804,0
4600,0.988553094657,0.995405417352,0.991973339239,0
4600,0.995405417352,1.00230523808,0.998849369937,0
4600,1.00230523808,1.00925288608,1.005773063,0
4600,1.00925288608,1.01624869287,1.01274474881,0
4600,1.01624869287,1.02329299228,1.01976476004,0
4600,1.02329299228,1.03038612044,1.02683343167,0
4600,1.03038612044,1.03752841582,1.03395110098,0
4600,1.03752841582,1.04472021922,1.04111810762,0
4600,1.04472021922,1.05196187382,1.04833479358,0
4600,1.05196187382,1.05925372518,1.05560150322,0
4600,1.05925372518,1.06659612123,1.06291858328,0
4600,1.06659612123,1.07398941234,1.07028638291,0
4600,1.07398941234,1.0814339513,1.07770525369,0
4600,1.0814339513,1.08893009333,1.08517554963,0
4600,1.08893009333,1.09647819614,1.09269762719,0
4600,1.09647819614,1.1040786199,1.1002718453,0
4600,1.1040786199,1.11173172728,1.10789856537,0
4600,1.11173172728,1.11943788347,1.11557815135,0
4600,1.11943788347,1.12719745618,1.12331096967,0
4600,1.12719745618,1.13501081567,1.13109738933,0
4600,1.13501081567,1.14287833479,1.13893778188,0
4600,1.14287833479,1.15080038894,1.14683252142,0
4600,1.15080038894,1.15877735616,1.15478198469,0
4600,1.15877735616,1.16680961706,1.162786551,0
4600,1.16680961706,1.17489755494,1.17084660232,0
4600,1.17489755494,1.18304155573,1.17896252324,0
4600,1.18304155573,1.19124200803,1.18713470104,0
4600,1.19124200803,1.19949930315,1.19536352567,0
4600,1.19949930315,1.20781383511,1.20364938979,0
4600,1.20781383511,1.21618600065,1.21199268877,0
4600,1.21618600065,1.22461619927,1.22039382074,0
4600,1.22461619927,1.23310483323,1.22885318658,0
4600,1.23310483323,1.24165230759,1.23737118994,0
4600,1.24165230759,1.25025903022,1.24594823727,0
4600,1.25025903022,1.25892541179,1.25458473786,0
4600,1.25892541179,1.26765186586,1.26328110381,0
4600,1.26765186586,1.27643880881,1.27203775009,0
4600,1.27643880881,1.28528665994,1.28085509454,0
4600,1.28528665994,1.29419584145,1.2897335579,0
4600,1.29419584145,1.30316677845,1.29867356383,0
4600,1.30316677845,1.31219989902,1.30767553892,0
4600,1.31219989902,1.32129563419,1.31673991272,0
4600,1.32129563419,1.33045441798,1.32586711776,0
4600,1.33045441798,1.33967668743,1.33505758956,0
4600,1.33967668743,1.34896288259,1.34431176667,0
4600,1.34896288259,1.35831344659,1.35363009067,0
4600,1.35831344659,1.3677288256,1.36301300621,0
4600,1.3677288256,1.37720946889,1.37246096101,0
4600,1.37720946889,1.38675582887,1.3819744059,0
4600,1.38675582887,1.39636836106,1.39155379484,0
4600,1.39636836106,1.40604752413,1.40119958494,0
4600,1.40604752413,1.41579377996,1.41091223646,0
4600,1.41579377996,1.4256075936,1.42069221286,0
4600,1.4256075936,1.43548943335,1.43053998082,0
4600,1.43548943335,1.44543977075,1.44045601025,0
4600,1.44543977075,1.45545908058,1.4504407743,0
4600,1.45545908058,1.46554784096,1.46049474944,0
4600,1.46554784096,1.47570653328,1.4706184154,0
4600,1.47570653328,1.48593564229,1.48081225527,0
4600,1.48593564229,1.49623565609,1.49107675545,0
4600,1.49623565609,1.50660706619,1.50141240575,0
4600,1.50660706619,1.51705036746,1.51181969936,0
4600,1.51705036746,1.52756605824,1.52229913288,0
4600,1.52756605824,1.5381546403,1.53285120636,0
4600,1.5381546403,1.54881661891,1.54347642332,0
4600,1.54881661891,1.55955250283,1.55417529077,0
4600,1.55955250283,1.57036280433,1.56494831922,0
4600,1.57036280433,1.58124803927,1.57579602274,0
4600,1.58124803927,1.59220872705,1.58671891895,0
4600,1.59220872705,1.60324539069,1.59771752906,0
4600,1.60324539069,1.61435855683,1.60879237789,0
4600,1.61435855683,1.62554875575,1.6199439939,0
4600,1.62554875575,1.63681652143,1.63117290923,0
4600,1.63681652143,1.64816239153,1.64247965967,0
4600,1.64816239153,1.65958690744,1.65386478477,0
4600,1.65958690744,1.67109061431,1.66532882779,0
4600,1.67109061431,1.68267406107,1.67687233575,0
4600,1.68267406107,1.69433780045,1.68849585949,0
4600,1.69433780045,1.706082389,1.70019995364,0
4600,1.706082389,1.71790838716,1.7119851767,0
4600,1.71790838716,1.72981635922,1.72385209103,0
4600,1.72981635922,1.74180687339,1.73580126287,0
4600,1.74180687339,1.75388050184,1.74783326242,0
4600,1.75388050184,1.76603782069,1.7599486638,0
4600,1.76603782069,1.77827941004,1.77214804514,0
4600,1.77827941004,1.79060585404,1.78443198854,0
4600,1.79060585404,1.80301774086,1.79680108017,0
4600,1.80301774086,1.81551566277,1.80925591025,0
4600,1.81551566277,1.82810021614,1.82179707309,0
4600,1.82810021614,1.84077200147,1.83442516712,0
4600,1.84077200147,1.85353162341,1.84714079491,0
4600,1.85353162341,1.86637969083,1.85994456322,0
4600,1.86637969083,1.8793168168,1.87283708302,0
4600,1.8793168168,1.89234361864,1.88581896949,0
4600,1.89234361864,1.90546071796,1.8988908421,0
4600,1.90546071796,1.91866874067,1.9120533246,0
4600,1.91866874067,1.93196831702,1.92530704508,0
4600,1.93196831702,1.94536008162,1.93865263595,0
4600,1.94536008162,1.95884467351,1.95209073404,0
4600,1.95884467351,1.97242273611,1.96562198058,0
4600,1.97242273611,1.98609491736,1.97924702124,0
4600,1.98609491736,1.99986186963,1.99296650616,0
4600,1.99986186963,2.01372424986,2.00678109002,0
4600,2.01372424986,2.02768271952,2.02069143199,0
4600,2.02768271952,2.04173794467,2.03469819585,0
4600,2.04173794467,2.05589059598,2.04880204996,0
4600,2.05589059598,2.07014134879,2.06300366731,0
4600,2.07014134879,2.0844908831,2.07730372557,0
4600,2.0844908831,2.09893988362,2.0917029071,0
4600,2.09893988362,2.11348903984,2.10620189899,0
4600,2.11348903984,2.12813904598,2.12080139309,0
4600,2.12813904598,2.14289060112,2.13550208605,0
4600,2.14289060112,2.15774440915,2.15030467934,0
4600,2.15774440915,2.17270117886,2.16520987931,0
4600,2.17270117886,2.18776162395,2.18021839719,0
4600,2.18776162395,2.20292646305,2.19533094914,0
4600,2.20292646305,2.2181964198,2.2105482563,0
4600,2.2181964198,2.23357222283,2.22587104479,0
4600,2.23357222283,2.24905460584,2.24130004578,0
4600,2.24905460584,2.26464430759,2.2568359955,0
4600,2.26464430759,2.280342072,2.27247963527,0
4600,2.280342072,2.29614864811,2.28823171158,0
4600,2.29614864811,2.31206479018,2.30409297606,0
4600,2.31206479018,2.32809125767,2.32006418557,0
4600,2.32809125767,2.34422881532,2.33614610222,0
4600,2.34422881532,2.36047823318,2.35233949339,0
4600,2.36047823318,2.37684028662,2.36864513178,0
4600,2.37684028662,2.39331575641,2.38506379547,0
4600,2.39331575641,2.40990542869,2.40159626789,0
4600,2.40990542869,2.42661009508,2.41824333793,0
4600,2.42661009508,2.44343055269,2.43500579995,0
4600,2.44343055269,2.46036760415,2.45188445381,0
4600,2.46036760415,2.47742205763,2.46888010491,0
4600,2.47742205763,2.49459472694,2.48599356423,0
4600,2.49459472694,2.51188643151,2.50322564838,0
4600,2.51188643151,2.52929799645,2.52057717964,0
4600,2.52929799645,2.54683025259,2.53804898596,0
4600,2.54683025259,2.56448403652,2.55564190106,0
4600,2.56448403652,2.58226019063,2.57335676443,0
4600,2.58226019063,2.60015956317,2.59119442135,0
4600,2.60015956317,2.61818300822,2.60915572301,0
4600,2.61818300822,2.63633138583,2.62724152647,0
4600,2.63633138583,2.65460556198,2.64545269472,0
4600,2.65460556198,2.67300640866,2.66379009677,0
4600,2.67300640866,2.69153480393,2.68225460761,0
4600,2.69153480393,2.71019163189,2.70084710832,0
4600,2.71019163189,2.72897778281,2.7195684861,0
4600,2.72897778281,2.7478941531,2.73841963426,0
4600,2.7478941531,2.76694164541,2.75740145235,0
4600,2.76694164541,2.78612116863,2.77651484611,0
4600,2.78612116863,2.80543363795,2.79576072758,0
4600,2.80543363795,2.82487997492,2.81514001513,0
4600,2.82487997492,2.84446110745,2.83465363349,0
4600,2.84446110745,2.86417796991,2.85430251379,0
4600,2.86417796991,2.88403150313,2.87408759362,0
4600,2.88403150313,2.90402265446,2.89400981707,0
4600,2.90402265446,2.92415237784,2.91407013477,0
4600,2.92415237784,2.9444216338,2.93426950396,0
4600,2.9444216338,2.96483138952,2.95460888848,0
4600,2.96483138952,2.98538261892,2.97508925888,0
4600,2.98538261892,3.00607630263,2.99571159243,0
4600,3.00607630263,3.0269134281,3.01647687316,0
4600,3.0269134281,3.04789498963,3.03738609195,0
4600,3.04789498963,3.06902198839,3.05844024651,0
4600,3.06902198839,3.09029543251,3.0796403415,0
4600,3.09029543251,3.11171633711,3.10098738853,0
4600,3.11171633711,3.13328572432,3.12248240622,0
4600,3.13328572432,3.15500462337,3.14412642026,0
4600,3.15500462337,3.17687407065,3.16592046343,0
4600,3.17687407065,3.19889510969,3.1878655757,0
4600,3.19889510969,3.22106879128,3.20996280421,0
4600,3.22106879128,3.24339617349,3.2322132034,0
4600,3.24339617349,3.26587832172,3.25461783498,0
4600,3.26587832172,3.28851630876,3.27717776805,0
4600,3.28851630876,3.31131121483,3.29989407911,0
4600,3.31131121483,3.33426412763,3.32276785211,0
4600,3.33426412763,3.35737614243,3.34580017853,0
4600,3.35737614243,3.38064836206,3.36899215741,0
4600,3.38064836206,3.40408189701,3.39234489541,0
4600,3.40408189701,3.42767786546,3.41585950686,0
4600,3.42767786546,3.45143739336,3.43953711381,0
4600,3.45143739336,3.47536161443,3.46337884608,0
4600,3.47536161443,3.49945167028,3.48738584135,0
4600,3.49945167028,3.52370871042,3.51155924516,0
4600,3.52370871042,3.54813389234,3.535900211,0
4600,3.54813389234,3.57272838152,3.56040990036,0
4600,3.57272838152,3.59749335156,3.58508948277,0
4600,3.59749335156,3.62242998417,3.60994013586,0
4600,3.62242998417,3.64753946926,3.63496304546,0
4600,3.64753946926,3.67282300498,3.66015940558,0
4600,3.67282300498,3.6982817978,3.68553041852,0
4600,3.6982817978,3.72391706255,3.71107729493,0
4600,3.72391706255,3.74973002245,3.73680125382,0
4600,3.74973002245,3.77572190925,3.76270352268,0
4600,3.77572190925,3.80189396321,3.78878533748,0
4600,3.80189396321,3.82824743317,3.81504794279,0
4600,3.82824743317,3.85478357666,3.84149259179,0
4600,3.85478357666,3.88150365991,3.86812054633,0
4600,3.88150365991,3.90840895792,3.89493307704,0
4600,3.90840895792,3.93550075456,3.92193146333,0
4600,3.93550075456,3.96278034255,3.94911699349,0
4600,3.96278034255,3.99024902362,3.97649096475,0
4600,3.99024902362,4.01790810849,4.00405468331,0
4600,4.01790810849,4.04575891697,4.03180946443,0
4600,4.04575891697,4.07380277804,4.05975663252,0
4600,4.07380277804,4.10204102987,4.08789752111,0
4600,4.10204102987,4.1304750199,4.11623347303,0
4600,4.1304750199,4.15910610494,4.14476584038,0
4600,4.15910610494,4.18793565118,4.17349598465,0
4600,4.18793565118,4.21696503429,4.20242527677,0
4600,4.21696503429,4.24619563946,4.23155509717,0
4600,4.24619563946,4.27562886152,4.26088683583,0
4600,4.27562886152,4.30526610492,4.29042189239,0
4600,4.30526610492,4.33510878388,4.32016167618,0
4600,4.33510878388,4.3651583224,4.35010760631,0
4600,4.3651583224,4.39541615438,4.3802611117,0
4600,4.39541615438,4.42588372363,4.41062363121,0
4600,4.42588372363,4.45656248398,4.44119661366,0
4600,4.45656248398,4.48745389933,4.47198151789,0
4600,4.48745389933,4.51855944375,4.50297981288,0
4600,4.51855944375,4.5498806015,4.53419297779,0
4600,4.5498806015,4.58141886715,4.56562250202,0
4600,4.58141886715,4.6131757456,4.59726988531,0
4600,4.6131757456,4.64515275223,4.62913663778,0
4600,4.64515275223,4.67735141287,4.66122428002,0
4600,4.67735141287,4.70977326397,4.69353434317,0
4600,4.70977326397,4.7424198526,4.72606836898,0
4600,4.7424198526,4.77529273658,4.75882790989,0
4600,4.77529273658,4.8083934845,4.79181452908,0
4600,4.8083934845,4.84172367584,4.8250298006,0
4600,4.84172367584,4.87528490103,4.85847530937,0
4600,4.87528490103,4.90907876153,4.89215265134,0
4600,4.90907876153,4.94310686987,4.9260634335,0
4600,4.94310686987,4.97737084979,4.96020927396,0
4600,4.97737084979,5.01187233627,4.99459180208,0
4600,5.01187233627,5.04661297564,5.0292126585,0
4600,5.04661297564,5.08159442561,5.06407349524,0
4600,5.08159442561,5.1168183554,5.09917597575,0
4600,5.1168183554,5.15228644582,5.13452177503,0
4600,5.15228644582,5.18800038929,5.17011257969,0
4600,5.18800038929,5.22396188999,5.20595008802,0
4600,5.22396188999,5.26017266391,5.24203601008,0
4600,5.26017266391,5.29663443892,5.27837206782,0
4600,5.29663443892,5.33334895488,5.31495999507,0
4600,5.33334895488,5.3703179637,5.35180153771,0
4600,5.3703179637,5.40754322946,5.38889845373,0
4600,5.40754322946,5.44502652842,5.42625251329,0
4600,5.44502652842,5.48276964921,5.46386549882,0
4600,5.48276964921,5.52077439281,5.50173920511,0
4600,5.52077439281,5.5590425727,5.53987543939,0
4600,5.5590425727,5.59757601495,5.57827602141,0
4600,5.59757601495,5.63637655826,5.61694278356,0
4600,5.63637655826,5.67544605409,5.65587757089,0
4600,5.67544605409,5.71478636672,5.69508224128,0
4600,5.71478636672,5.75439937337,5.73455866546,0
4600,5.75439937337,5.79428696427,5.77430872714,0
4600,5.79428696427,5.83445104274,5.81433432308,0
4600,5.83445104274,5.8748935253,5.85463736321,0
4600,5.8748935253,5.91561634175,5.89521977065,0
4600,5.91561634175,5.95662143529,5.93608348191,0
4600,5.95662143529,5.99791076256,5.97723044689,0
4600,5.99791076256,6.03948629376,6.018662629,0
4600,6.03948629376,6.08135001279,6.06038200527,0
4600,6.08135001279,6.12350391725,6.10239056645,0
4600,6.12350391725,6.16595001861,6.14469031706,0
4600,6.16595001861,6.2086903423,6.18728327553,0
4600,6.2086903423,6.25172692776,6.23017147429,0
4600,6.25172692776,6.29506182857,6.27335695984,0
4600,6.29506182857,6.33869711257,6.31684179288,0
4600,6.33869711257,6.38263486191,6.36062804837,0
4600,6.38263486191,6.42687717317,6.40471781569,0
4600,6.42687717317,6.47142615749,6.44911319868,0
4600,6.47142615749,6.51628394061,6.49381631576,0
4600,6.51628394061,6.56145266303,6.53882930005,0
4600,6.56145266303,6.60693448008,6.58415429943,0
4600,6.60693448008,6.65273156202,6.62979347671,0
4600,6.65273156202,6.69884609417,6.67574900964,0
4600,6.69884609417,6.74528027698,6.72202309112,0
4600,6.74528027698,6.79203632617,6.7686179292,0
4600,6.79203632617,6.83911647281,6.81553574727,0
4600,6.83911647281,6.88652296344,6.86277878411,0
4600,6.88652296344,6.93425806017,6.91034929405,0
4600,6.93425806017,6.98232404077,6.95824954701,0
4600,6.98232404077,7.03072319884,7.00648182865,0
4600,7.03072319884,7.07945784384,7.05504844051,0
4600,7.07945784384,7.12853030127,7.10395170003,0
4600,7.12853030127,7.17794291271,7.15319394075,0
4600,7.17794291271,7.22769803602,7.20277751238,0
4600,7.22769803602,7.27779804537,7.25270478091,0
4600,7.27779804537,7.32824533139,7.30297812873,0
4600,7.32824533139,7.37904230129,7.35359995475,0
4600,7.37904230129,7.43019137897,7.40457267451,0
4600,7.43019137897,7.48169500511,7.45589872028,0
4600,7.48169500511,7.53355563734,7.5075805412,0
4600,7.53355563734,7.58577575029,7.55962060339,0
4600,7.58577575029,7.63835783578,7.61202139006,0
4600,7.63835783578,7.69130440287,7.66478540163,0
4600,7.69130440287,7.74461797803,7.71791515585,0
4600,7.74461797803,7.79830110523,7.77141318794,0
4600,7.79830110523,7.8523563461,7.82528205067,0
4600,7.8523563461,7.90678628,7.87952431451,0
4600,7.90678628,7.96159350417,7.93414256777,0
4600,7.96159350417,8.01678063388,7.98913941667,0
4600,8.01678063388,8.07235030249,8.04451748552,0
4600,8.07235030249,8.12830516164,8.1002794168,0
4600,8.12830516164,8.18464788135,8.15642787133,0
4600,8.18464788135,8.24138115013,8.21296552835,0
4600,8.24138115013,8.29850767514,8.26989508568,0
4600,8.29850767514,8.35603018231,8.32721925985,0
4600,8.35603018231,8.41395141645,8.38494078622,0
4600,8.41395141645,8.47227414141,8.44306241909,0
4600,8.47227414141,8.53100114018,8.50158693187,0
4600,8.53100114018,8.59013521505,8.5605171172,0
4600,8.59013521505,8.64967918776,8.61985578706,0
4600,8.64967918776,8.70963589956,8.67960577292,0
4600,8.70963589956,8.77000821144,8.73976992591,0
4600,8.77000821144,8.83079900419,8.80035111687,0
4600,8.83079900419,8.89201117858,8.86135223659,0
4600,8.89201117858,8.9536476555,8.92277619588,0
4600,8.9536476555,9.01571137606,8.98462592571,0
4600,9.01571137606,9.07820530178,9.04690437738,0
4600,9.07820530178,9.1411324147,9.10961452266,0
4600,9.1411324147,9.20449571753,9.1727593539,0
4600,9.20449571753,9.26829823379,9.2363418842,0
4600,9.26829823379,9.33254300797,9.30036514754,0
4600,9.33254300797,9.39723310565,9.36483219894,0
4600,9.39723310565,9.46237161366,9.4297461146,0
4600,9.46237161366,9.52796164024,9.49510999202,0
4600,9.52796164024,9.59400631516,9.5609269502,0
4600,9.59400631516,9.6605087899,9.62720012973,0
4600,9.6605087899,9.72747223777,9.693932693,0
4600,9.72747223777,9.79489985409,9.7611278243,0
4600,9.79489985409,9.86279485631,9.82878873,0
4600,9.86279485631,9.93116048421,9.89691863869,0
4600,9.93116048421,10,9.96552080135,0
4800,0.01,0.0100693166885,0.0100345984915,0
4800,0.0100693166885,0.0101391138574,0.0101041550053,0
4800,0.0101391138574,0.0102093948371,0.0101741936618,0
4800,0.0102093948371,0.0102801629813,0.0102447178031,0
4800,0.0102801629813,0.0103514216668,0.0103157307944,0
4800,0.0103514216668,0.0104231742939,0.0103872360242,0
4800,0.0104231742939,0.0104954242865,0.0104592369046,0
4800,0.0104954242865,0.0105681750921,0.0105317368713,0
4800,0.0105681750921,0.0106414301822,0.0106047393837,0
4800,0.0106414301822,0.0107151930524,0.0106782479254,0
4800,0.0107151930524,0.0107894672223,0.0107522660039,0
4800,0.0107894672223,0.0108642562362,0.0108267971513,0
4800,0.0108642562362,0.0109395636627,0.0109018449239,0
4800,0.0109395636627,0.0110153930954,0.0109774129027,0
4800,0.0110153930954,0.0110917481526,0.0110535046938,0
4800,0.0110917481526,0.0111686324778,0.011130123928,0
4800,0.0111686324778,0.0112460497397,0.0112072742614,0
4800,0.0112460497397,0.0113240036324,0.0112849593753,0
4800,0.0113240036324,0.0114024978756,0.0113631829767,0
4800,0.0114024978756,0.011481536215,0.0114419487982,0
4800,0.011481536215,0.0115611224219,0.0115212605983,0
4800,0.0115611224219,0.0116412602941,0.0116011221615,0
4800,0.0116412602941,0.0117219536555,0.0116815372986,0
4800,0.0117219536555,0.0118032063565,0.0117625098468,0
4800,0.0118032063565,0.0118850222744,0.01184404367,0
4800,0.0118850222744,0.0119674053131,0.0119261426586,0
4800,0.0119674053131,0.0120503594037,0.0120088107301,0
4800,0.0120503594037,0.0121338885046,0.0120920518294,0
4800,0.0121338885046,0.0122179966016,0.0121758699285,0
4800,0.0122179966016,0.0123026877081,0.0122602690268,0
4800,0.0123026877081,0.0123879658653,0.0123452531517,0
4800,0.0123879658653,0.0124738351424,0.0124308263584,0
4800,0.0124738351424,0.0125602996369,0.0125169927303,0
4800,0.0125602996369,0.0126473634747,0.0126037563789,0
4800,0.0126473634747,0.0127350308102,0.0126911214445,0
4800,0.0127350308102,0.0128233058266,0.0127790920957,0
4800,0.0128233058266,0.0129121927361,0.0128676725303,0
4800,0.0129121927361,0.0130016957803,0.0129568669752,0
4800,0.0130016957803,0.01309181923,0.0130466796864,0
4800,0.01309181923,0.0131825673856,0.0131371149496,0
4800,0.0131825673856,0.0132739445773,0.0132281770801,0
4800,0.0132739445773,0.0133659551655,0.0133198704231,0
4800,0.0133659551655,0.0134586035406,0.0134121993541,0
4800,0.0134586035406,0.0135518941235,0.0135051682786,0
4800,0.0135518941235,0.0136458313659,0.0135987816328,0
4800,0.0136458313659,0.0137404197501,0.0136930438839,0
4800,0.0137404197501,0.0138356637897,0.0137879595297,0
4800,0.0138356637897,0.0139315680295,0.0138835330993,0
4800,0.0139315680295,0.0140281370456,0.0139797691532,0
4800,0.0140281370456,0.0141253754462,0.0140766722836,0
4800,0.0141253754462,0.0142232878712,0.0141742471144,0
4800,0.0142232878712,0.0143218789927,0.0142724983016,0
4800,0.0143218789927,0.0144211535152,0.0143714305336,0
4800,0.0144211535152,0.0145211161759,0.0144710485309,0
4800,0.0145211161759,0.0146217717446,0.0145713570473,0
4800,0.0146217717446,0.0147231250243,0.0146723608691,0
4800,0.0147231250243,0.0148251808515,0.0147740648159,0
4800,0.0148251808515,0.0149279440958,0.0148764737408,0
4800,0.0149279440958,0.0150314196609,0.0149795925304,0
4800,0.0150314196609,0.0151356124844,0.0150834261054,0
4800,0.0151356124844,0.015240527538,0.0151879794203,0
4800,0.015240527538,0.015346169828,0.0152932574642,0
4800,0.015346169828,0.0154525443954,0.0153992652606,0
4800,0.0154525443954,0.0155596563161,0.0155060078679,0
4800,0.0155596563161,0.0156675107011,0.0156134903797,0
4800,0.0156675107011,0.015776112697,0.0157217179246,0
4800,0.015776112697,0.015885467486,0.0158306956671,0
4800,0.015885467486,0.0159955802861,0.0159404288071,0
4800,0.0159955802861,0.0161064563518,0.016050922581,0
4800,0.0161064563518,0.0162181009736,0.0161621822611,0
4800,0.0162181009736,0.0163305194789,0.0162742131564,0
4800,0.0163305194789,0.0164437172321,0.0163870206128,0
4800,0.0164437172321,0.0165576996347,0.0165006100132,0
4800,0.0165576996347,0.0166724721255,0.0166149867777,0
4800,0.0166724721255,0.0167880401812,0.016730156364,0
4800,0.0167880401812,0.0169044093164,0.0168461242677,0
4800,0.0169044093164,0.0170215850839,0.0169628960226,0
4800,0.0170215850839,0.0171395730751,0.0170804772006,0
4800,0.0171395730751,0.0172583789199,0.0171988734124,0
4800,0.0172583789199,0.0173780082875,0.0173180903075,0
4800,0.0173780082875,0.0174984668862,0.0174381335747,0
4800,0.0174984668862,0.0176197604641,0.017559008942,0
4800,0.0176197604641,0.0177418948089,0.0176807221773,0
4800,0.0177418948089,0.0178648757485,0.0178032790885,0
4800,0.0178648757485,0.0179887091513,0.0179266855237,0
4800,0.0179887091513,0.0181134009262,0.0180509473713,0
4800,0.0181134009262,0.0182389570232,0.018176070561,0
4800,0.0182389570232,0.0183653834335,0.0183020610631,0
4800,0.0183653834335,0.0184926861898,0.0184289248897,0
4800,0.0184926861898,0.0186208713666,0.0185566680943,0
4800,0.0186208713666,0.0187499450807,0.0186852967726,0
4800,0.0187499450807,0.018879913491,0.0188148170622,0
4800,0.018879913491,0.0190107827992,0.0189452351436,0
4800,0.0190107827992,0.0191425592502,0.0190765572399,0
4800,0.0191425592502,0.0192752491319,0.0192087896175,0
4800,0.0192752491319,0.0194088587759,0.0193419385862,0
4800,0.0194088587759,0.0195433945578,0.0194760104994,0
4800,0.0195433945578,0.0196788628971,0.0196110117548,0
4800,0.0196788628971,0.0198152702581,0.0197469487941,0
4800,0.0198152702581,0.0199526231497,0.019883828104,0
4800,0.0199526231497,0.0200909281261,0.0200216562159,0
4800,0.0200909281261,0.0202301917868,0.0201604397066,0
4800,0.0202301917868,0.0203704207771,0.0203001851986,0
4800,0.0203704207771,0.0205116217883,0.02044089936,0
4800,0.0205116217883,0.0206538015581,0.0205825889054,0
4800,0.0206538015581,0.020796966871,0.0207252605958,0
4800,0.020796966871,0.0209411245585,0.0208689212391,0
4800,0.0209411245585,0.0210862814993,0.0210135776905,0
4800,0.0210862814993,0.02123244462,0.0211592368524,0
4800,0.02123244462,0.021379620895,0.0213059056754,0
4800,0.021379620895,0.0215278173472,0.0214535911582,0
4800,0.0215278173472,0.0216770410482,0.0216023003477,0
4800,0.0216770410482,0.0218272991184,0.0217520403402,0
4800,0.0218272991184,0.0219785987278,0.0219028182807,0
4800,0.0219785987278,0.0221309470961,0.0220546413639,0
4800,0.0221309470961,0.0222843514927,0.0222075168345,0
4800,0.0222843514927,0.0224388192378,0.0223614519872,0
4800,0.0224388192378,0.0225943577022,0.0225164541674,0
4800,0.0225943577022,0.0227509743077,0.0226725307715,0
4800,0.0227509743077,0.0229086765277,0.0228296892468,0
4800,0.0229086765277,0.0230674718872,0.0229879370926,0
4800,0.0230674718872,0.0232273679636,0.0231472818602,0
4800,0.0232273679636,0.0233883723866,0.0233077311528,0
4800,0.0233883723866,0.023550492839,0.0234692926269,0
4800,0.023550492839,0.0237137370566,0.0236319739915,0
4800,0.0237137370566,0.0238781128291,0.0237957830096,0
4800,0.0238781128291,0.0240436280001,0.0239607274975,0
4800,0.0240436280001,0.0242102904674,0.0241268153259,0
4800,0.0242102904674,0.0243781081837,0.0242940544202,0
4800,0.0243781081837,0.0245470891569,0.0244624527605,0
4800,0.0245470891569,0.0247172414502,0.0246320183824,0
4800,0.0247172414502,0.0248885731828,0.0248027593769,0
4800,0.0248885731828,0.0250610925303,0.0249746838915,0
4800,0.0250610925303,0.0252348077248,0.02514780013,0
4800,0.0252348077248,0.0254097270555,0.0253221163528,0
4800,0.0254097270555,0.0255858588691,0.025497640878,0
4800,0.0255858588691,0.02576321157,0.0256743820811,0
4800,0.02576321157,0.0259417936212,0.0258523483956,0
4800,0.0259417936212,0.026121613544,0.0260315483137,0
4800,0.026121613544,0.026302679919,0.0262119903864,0
4800,0.026302679919,0.0264850013861,0.0263936832237,0
4800,0.0264850013861,0.0266685866452,0.0265766354955,0
4800,0.0266685866452,0.0268534444566,0.026760855932,0
4800,0.0268534444566,0.0270395836411,0.0269463533235,0
4800,0.0270395836411,0.0272270130808,0.0271331365215,0
4800,0.0272270130808,0.0274157417193,0.0273212144388,0
4800,0.0274157417193,0.0276057785622,0.0275105960499,0
4800,0.0276057785622,0.0277971326776,0.0277012903916,0
4800,0.0277971326776,0.0279898131963,0.0278933065634,0
4800,0.0279898131963,0.0281838293126,0.0280866537277,0
4800,0.0281838293126,0.0283791902844,0.0282813411105,0
4800,0.0283791902844,0.0285759054337,0.0284773780017,0
4800,0.0285759054337,0.0287739841474,0.0286747737558,0
4800,0.0287739841474,0.028973435877,0.0288735377919,0
4800,0.028973435877,0.02917427014,0.0290736795944,0
4800,0.02917427014,0.0293764965196,0.0292752087137,0
4800,0.0293764965196,0.0295801246655,0.0294781347661,0
4800,0.0295801246655,0.0297851642943,0.0296824674346,0
4800,0.0297851642943,0.0299916251899,0.0298882164696,0
4800,0.0299916251899,0.030199517204,0.0300953916887,0
4800,0.030199517204,0.0304088502568,0.0303040029779,0
4800,0.0304088502568,0.0306196343369,0.0305140602914,0
4800,0.0306196343369,0.0308318795025,0.0307255736527,0
4800,0.0308318795025,0.0310455958813,0.0309385531545,0
4800,0.0310455958813,0.0312607936712,0.0311530089597,0
4800,0.0312607936712,0.031477483141,0.0313689513016,0
4800,0.031477483141,0.0316956746304,0.0315863904842,0
4800,0.0316956746304,0.031915378551,0.0318053368833,0
4800,0.031915378551,0.0321366053864,0.0320258009463,0
4800,0.0321366053864,0.032359365693,0.0322477931932,0
4800,0.032359365693,0.0325836701002,0.0324713242168,0
4800,0.0325836701002,0.0328095293113,0.0326964046834,0
4800,0.0328095293113,0.0330369541037,0.0329230453333,0
4800,0.0330369541037,0.0332659553294,0.0331512569812,0
4800,0.0332659553294,0.0334965439158,0.0333810505166,0
4800,0.0334965439158,0.0337287308659,0.0336124369047,0
4800,0.0337287308659,0.033962527259,0.0338454271866,0
4800,0.033962527259,0.0341979442514,0.03408003248,0
4800,0.0341979442514,0.0344349930763,0.0343162639796,0
4800,0.0344349930763,0.0346736850453,0.0345541329578,0
4800,0.0346736850453,0.0349140315479,0.0347936507649,0
4800,0.0349140315479,0.0351560440528,0.0350348288302,0
4800,0.0351560440528,0.0353997341083,0.0352776786619,0
4800,0.0353997341083,0.0356451133426,0.0355222118482,0
4800,0.0356451133426,0.0358921934645,0.0357684400576,0
4800,0.0358921934645,0.036140986264,0.0360163750395,0
4800,0.036140986264,0.0363915036127,0.0362660286245,0
4800,0.0363915036127,0.0366437574648,0.0365174127255,0
4800,0.0366437574648,0.036897759857,0.0367705393378,0
4800,0.036897759857,0.0371535229097,0.03702542054,0
4800,0.0371535229097,0.0374110588272,0.0372820684943,0
4800,0.0374110588272,0.0376703798984,0.0375404954472,0
4800,0.0376703798984,0.0379314984974,0.0378007137302,0
4800,0.0379314984974,0.038194427084,0.0380627357601,0
4800,0.038194427084,0.0384591782045,0.03832657404,0
4800,0.0384591782045,0.0387257644922,0.0385922411595,0
4800,0.0387257644922,0.0389941986677,0.0388597497954,0
4800,0.0389941986677,0.03926449354,0.0391291127127,0
4800,0.03926449354,0.0395366620068,0.0394003427645,0
4800,0.0395366620068,0.0398107170553,0.0396734528932,0
4800,0.0398107170553,0.0400866717627,0.0399484561308,0
4800,0.0400866717627,0.0403645392968,0.0402253655999,0
4800,0.0403645392968,0.0406443329165,0.0405041945136,0
4800,0.0406443329165,0.040926065973,0.0407849561771,0
4800,0.040926065973,0.0412097519097,0.0410676639875,0
4800,0.0412097519097,0.0414954042634,0.0413523314348,0
4800,0.0414954042634,0.0417830366647,0.0416389721025,0
4800,0.0417830366647,0.0420726628384,0.0419275996685,0
4800,0.0420726628384,0.042364296605,0.0422182279051,0
4800,0.042364296605,0.0426579518802,0.0425108706805,0
4800,0.0426579518802,0.0429536426765,0.0428055419586,0
4800,0.0429536426765,0.0432513831035,0.0431022558005,0
4800,0.0432513831035,0.0435511873686,0.0434010263645,0
4800,0.0435511873686,0.0438530697775,0.0437018679071,0
4800,0.0438530697775,0.0441570447353,0.0440047947836,0
4800,0.0441570447353,0.0444631267469,0.0443098214489,0
4800,0.0444631267469,0.0447713304176,0.0446169624581,0
4800,0.0447713304176,0.0450816704541,0.044926232467,0
4800,0.0450816704541,0.045394161665,0.0452376462332,0
4800,0.045394161665,0.0457088189615,0.0455512186166,0
4800,0.0457088189615,0.0460256573581,0.0458669645798,0
4800,0.0460256573581,0.0463446919736,0.0461848991895,0
4800,0.0463446919736,0.0466659380314,0.0465050376167,0
4800,0.0466659380314,0.0469894108605,0.0468273951374,0
4800,0.0469894108605,0.0473151258961,0.0471519871336,0
4800,0.0473151258961,0.0476430986805,0.0474788290942,0
4800,0.0476430986805,0.0479733448637,0.0478079366149,0
4800,0.0479733448637,0.048305880204,0.0481393254,0
4800,0.048305880204,0.0486407205691,0.0484730112624,0
4800,0.0486407205691,0.0489778819368,0.0488090101248,0
4800,0.0489778819368,0.0493173803955,0.0491473380199,0
4800,0.0493173803955,0.049659232145,0.049488011092,0
4800,0.049659232145,0.0500034534977,0.0498310455971,0
4800,0.0500034534977,0.0503500608788,0.0501764579037,0
4800,0.0503500608788,0.0506990708275,0.050524264494,0
4800,0.0506990708275,0.0510504999975,0.0508744819645,0
4800,0.0510504999975,0.0514043651582,0.0512271270265,0
4800,0.0514043651582,0.0517606831951,0.0515822165072,0
4800,0.0517606831951,0.0521194711105,0.0519397673507,0
4800,0.0521194711105,0.052480746025,0.0522997966182,0
4800,0.052480746025,0.0528445251775,0.0526623214894,0
4800,0.0528445251775,0.0532108259267,0.0530273592629,0
4800,0.0532108259267,0.0535796657513,0.0533949273574,0
4800,0.0535796657513,0.0539510622515,0.0537650433122,0
4800,0.0539510622515,0.0543250331492,0.0541377247883,0
4800,0.0543250331492,0.0547015962894,0.0545129895689,0
4800,0.0547015962894,0.0550807696405,0.0548908555607,0
4800,0.0550807696405,0.0554625712958,0.0552713407944,0
4800,0.0554625712958,0.0558470194737,0.0556544634258,0
4800,0.0558470194737,0.056234132519,0.0560402417364,0
4800,0.056234132519,0.0566239289038,0.0564286941345,0
4800,0.0566239289038,0.0570164272281,0.056819839156,0
4800,0.0570164272281,0.0574116462207,0.0572136954652,0
4800,0.0574116462207,0.0578096047406,0.057610281856,0
4800,0.0578096047406,0.0582103217771,0.0580096172523,0
4800,0.0582103217771,0.0586138164514,0.0584117207093,0
4800,0.0586138164514,0.0590201080172,0.0588166114143,0
4800,0.0590201080172,0.0594292158616,0.0592243086876,0
4800,0.0594292158616,0.059841159506,0.0596348319834,0
4800,0.059841159506,0.0602559586074,0.0600482008908,0
4800,0.0602559586074,0.0606736329589,0.0604644351345,0
4800,0.0606736329589,0.0610942024906,0.0608835545761,0
4800,0.0610942024906,0.061517687271,0.061305579215,0
4800,0.061517687271,0.0619441075077,0.0617305291889,0
4800,0.0619441075077,0.0623734835482,0.0621584247753,0
4800,0.0623734835482,0.0628058358813,0.0625892863921,0
4800,0.0628058358813,0.0632411851376,0.0630231345991,0
4800,0.0632411851376,0.0636795520908,0.0634599900981,0
4800,0.0636795520908,0.0641209576585,0.0638998737348,0
4800,0.0641209576585,0.0645654229035,0.0643428064992,0
4800,0.0645654229035,0.0650129690343,0.0647888095269,0
4800,0.0650129690343,0.0654636174067,0.0652379040998,0
4800,0.0654636174067,0.0659173895244,0.0656901116476,0
4800,0.0659173895244,0.0663743070402,0.0661454537484,0
4800,0.0663743070402,0.0668343917569,0.0666039521298,0
4800,0.0668343917569,0.0672976656284,0.0670656286702,0
4800,0.0672976656284,0.0677641507611,0.0675305053995,0
4800,0.0677641507611,0.0682338694142,0.0679986045003,0
4800,0.0682338694142,0.0687068440014,0.0684699483091,0
4800,0.0687068440014,0.0691830970919,0.0689445593171,0
4800,0.0691830970919,0.0696626514111,0.0694224601714,0
4800,0.0696626514111,0.070145529842,0.0699036736762,0
4800,0.070145529842,0.0706317554263,0.0703882227936,0
4800,0.0706317554263,0.0711213513653,0.0708761306451,0
4800,0.0711213513653,0.0716143410213,0.0713674205122,0
4800,0.0716143410213,0.0721107479183,0.071862115838,0
4800,0.0721107479183,0.0726105957435,0.072360240228,0
4800,0.0726105957435,0.0731139083483,0.0728618174513,0
4800,0.0731139083483,0.0736207097495,0.0733668714418,0
4800,0.0736207097495,0.0741310241301,0.0738754262994,0
4800,0.0741310241301,0.074644875841,0.0743875062908,0
4800,0.074644875841,0.0751622894018,0.0749031358511,0
4800,0.0751622894018,0.0756832895021,0.0754223395848,0
4800,0.0756832895021,0.0762079010025,0.0759451422668,0
4800,0.0762079010025,0.0767361489362,0.0764715688439,0
4800,0.0767361489362,0.0772680585096,0.0770016444357,0
4800,0.0772680585096,0.077803655104,0.077535394336,0
4800,0.077803655104,0.0783429642766,0.0780728440138,0
4800,0.0783429642766,0.0788860117619,0.0786140191148,0
4800,0.0788860117619,0.0794328234724,0.0791589454624,0
4800,0.0794328234724,0.0799834255007,0.079707649059,0
4800,0.0799834255007,0.0805378441199,0.0802601560873,0
4800,0.0805378441199,0.0810961057854,0.0808164929113,0
4800,0.0810961057854,0.0816582371359,0.0813766860779,0
4800,0.0816582371359,0.0822242649947,0.081940762318,0
4800,0.0822242649947,0.0827942163712,0.0825087485479,0
4800,0.0827942163712,0.083368118462,0.0830806718702,0
4800,0.083368118462,0.0839459986519,0.0836565595756,0
4800,0.0839459986519,0.084527884516,0.0842364391438,0
4800,0.084527884516,0.0851138038202,0.0848203382452,0
4800,0.0851138038202,0.085703784523,0.0854082847419,0
4800,0.085703784523,0.0862978547767,0.0860003066889,0
4800,0.0862978547767,0.0868960429286,0.086596432336,0
4800,0.0868960429286,0.0874983775227,0.0871966901287,9.72501958134
4800,0.0874983775227,0.0881048873008,0.0878011087097,0
4800,0.0881048873008,0.0887156012038,0.08840971692,0
4800,0.0887156012038,0.0893305483733,0.089022543801,0
4800,0.0893305483733,0.089949758153,0.089639618595,0
4800,0.089949758153,0.0905732600898,0.0902609707471,0
4800,0.0905732600898,0.0912010839356,0.0908866299066,0
4800,0.0912010839356,0.0918332596484,0.0915166259281,0
4800,0.0918332596484,0.0924698173938,0.0921509888735,13.9374481028
4800,0.0924698173938,0.0931107875468,0.0927897490127,0
4800,0.0931107875468,0.0937562006926,0.0934329368257,0
4800,0.0937562006926,0.0944060876286,0.0940805830037,0
4800,0.0944060876286,0.0950604793656,0.0947327184504,0
4800,0.0950604793656,0.0957194071295,0.0953893742842,0
4800,0.0957194071295,0.0963829023624,0.0960505818387,0
4800,0.0963829023624,0.0970509967245,0.096716372665,0
4800,0.0970509967245,0.0977237220956,0.0973867785329,0
4800,0.0977237220956,0.0984011105761,0.0980618314322,0
4800,0.0984011105761,0.0990831944893,0.0987415635747,0
4800,0.0990831944893,0.0997700063823,0.0994260073953,0
4800,0.0997700063823,0.100461579028,0.100115195554,0
4800,0.100461579028,0.101157945426,0.100809160936,0
4800,0.101157945426,0.101859138805,0.101507936657,0
4800,0.101859138805,0.102565192625,0.10221155606,0
4800,0.102565192625,0.103276140576,0.102920052719,0
4800,0.103276140576,0.103992016583,0.103633460443,0
4800,0.103992016583,0.104712854805,0.104351813273,0
4800,0.104712854805,0.105438689639,0.105075145487,0
4800,0.105438689639,0.10616955572,0.1058034916,0
4800,0.10616955572,0.106905487922,0.106536886367,0
4800,0.106905487922,0.107646521363,0.107275364784,0
4800,0.107646521363,0.108392691402,0.108018962088,0
4800,0.108392691402,0.109144033645,0.108767713763,0
4800,0.109144033645,0.109900583943,0.109521655537,0
4800,0.109900583943,0.110662378398,0.110280823385,0
4800,0.110662378398,0.111429453359,0.111045253533,0
4800,0.111429453359,0.11220184543,0.111814982458,0
4800,0.11220184543,0.112979591467,0.112590046889,0
4800,0.112979591467,0.113762728582,0.113370483811,0
4800,0.113762728582,0.114551294145,0.114156330462,0
4800,0.114551294145,0.115345325782,0.114947624342,0
4800,0.115345325782,0.116144861384,0.115744403209,0
4800,0.116144861384,0.116949939102,0.116546705084,0
4800,0.116949939102,0.117760597352,0.117354568249,0
4800,0.117760597352,0.118576874817,0.118168031254,0
4800,0.118576874817,0.119398810446,0.118987132916,0
4800,0.119398810446,0.120226443462,0.119811912319,0
4800,0.120226443462,0.121059813355,0.12064240882,0
4800,0.121059813355,0.121898959892,0.121478662047,0
4800,0.121898959892,0.122743923116,0.122320711905,0
4800,0.122743923116,0.123594743344,0.123168598574,0
4800,0.123594743344,0.124451461177,0.124022362512,0
4800,0.124451461177,0.125314117494,0.124882044459,0
4800,0.125314117494,0.126182753459,0.125747685437,0
4800,0.126182753459,0.127057410521,0.126619326751,0
4800,0.127057410521,0.127938130416,0.127497009994,0
4800,0.127938130416,0.128824955169,0.128380777047,0
4800,0.128824955169,0.129717927098,0.129270670081,0
4800,0.129717927098,0.130617088813,0.130166731558,0
4800,0.130617088813,0.131522483219,0.131069004237,0
4800,0.131522483219,0.132434153519,0.131977531171,0
4800,0.132434153519,0.133352143216,0.132892355713,0
4800,0.133352143216,0.134276496114,0.133813521515,0
4800,0.134276496114,0.135207256319,0.134741072534,0
4800,0.135207256319,0.136144468247,0.13567505303,0
4800,0.136144468247,0.137088176616,0.136615507569,0
4800,0.137088176616,0.13803842646,0.137562481028,0
4800,0.13803842646,0.138995263121,0.138516018592,0
4800,0.138995263121,0.139958732257,0.139476165764,0
4800,0.139958732257,0.140928879842,0.140442968358,0
4800,0.140928879842,0.141905752169,0.141416472507,0
4800,0.141905752169,0.142889395851,0.142396724665,0
4800,0.142889395851,0.143879857826,0.143383771606,0
4800,0.143879857826,0.144877185354,0.144377660429,0
4800,0.144877185354,0.145881426028,0.145378438561,0
4800,0.145881426028,0.146892627764,0.146386153755,0
4800,0.146892627764,0.147910838817,0.147400854097,0
4800,0.147910838817,0.148936107771,0.148422588006,0
4800,0.148936107771,0.14996848355,0.149451404237,0
4800,0.14996848355,0.151008015416,0.15048735188,0
4800,0.151008015416,0.152054752973,0.15153048037,0
4800,0.152054752973,0.153108746168,0.152580839481,0
4800,0.153108746168,0.154170045295,0.153638479333,0
4800,0.154170045295,0.155238700996,0.154703450395,0
4800,0.155238700996,0.156314764264,0.155775803483,0
4800,0.156314764264,0.157398286447,0.156855589768,0
4800,0.157398286447,0.158489319246,0.157942860774,0
4800,0.158489319246,0.159587914724,0.159037668382,0
4800,0.159587914724,0.160694125301,0.160140064834,0
4800,0.160694125301,0.161808003764,0.161250102734,0
4800,0.161808003764,0.162929603264,0.162367835048,0
4800,0.162929603264,0.16405897732,0.163493315113,0
4800,0.16405897732,0.165196179823,0.164626596633,0
4800,0.165196179823,0.166341265037,0.165767733685,0
4800,0.166341265037,0.167494287603,0.166916780721,0
4800,0.167494287603,0.168655302539,0.168073792571,0
4800,0.168655302539,0.169824365246,0.169238824444,0
4800,0.169824365246,0.171001531509,0.170411931932,0
4800,0.171001531509,0.172186857499,0.171593171012,0
4800,0.172186857499,0.173380399775,0.172782598051,0
4800,0.173380399775,0.174582215292,0.173980269804,0
4800,0.174582215292,0.175792361396,0.175186243421,0
4800,0.175792361396,0.177010895832,0.176400576448,0
4800,0.177010895832,0.178237876745,0.177623326829,0
4800,0.178237876745,0.179473362683,0.178854552911,0
4800,0.179473362683,0.180717412601,0.180094313444,0
4800,0.180717412601,0.181970085861,0.181342667587,0
4800,0.181970085861,0.183231442237,0.182599674907,0
4800,0.183231442237,0.184501541918,0.183865395386,0
4800,0.184501541918,0.185780445509,0.185139889421,0
4800,0.185780445509,0.187068214037,0.186423217825,0
4800,0.187068214037,0.188364908949,0.187715441838,0
4800,0.188364908949,0.189670592121,0.189016623119,0
4800,0.189670592121,0.190985325857,0.190326823758,0
4800,0.190985325857,0.192309172891,0.191646106274,0
4800,0.192309172891,0.193642196395,0.192974533619,0
4800,0.193642196395,0.194984459976,0.194312169183,0
4800,0.194984459976,0.196336027684,0.195659076793,0
4800,0.196336027684,0.197696964011,0.197015320722,0
4800,0.197696964011,0.199067333899,0.198380965684,0
4800,0.199067333899,0.200447202737,0.199756076844,0
4800,0.200447202737,0.201836636368,0.20114071982,0
4800,0.201836636368,0.203235701094,0.202534960682,0
4800,0.203235701094,0.204644463672,0.203938865961,0
4800,0.204644463672,0.206062991327,0.205352502646,0
4800,0.206062991327,0.207491351745,0.206775938192,0
4800,0.207491351745,0.208929613085,0.208209240522,0
4800,0.208929613085,0.210377843977,0.209652478029,0
4800,0.210377843977,0.211836113525,0.211105719581,0
4800,0.211836113525,0.213304491315,0.212569034522,0
4800,0.213304491315,0.214783047413,0.214042492677,0
4800,0.214783047413,0.216271852373,0.215526164357,0
4800,0.216271852373,0.217770977235,0.217020120357,0
4800,0.217770977235,0.219280493535,0.218524431965,0
4800,0.219280493535,0.220800473302,0.220039170964,0
4800,0.220800473302,0.222330989065,0.221564409631,0
4800,0.222330989065,0.223872113857,0.223100220748,0
4800,0.223872113857,0.225423921215,0.224646677599,0
4800,0.225423921215,0.226986485188,0.226203853977,0
4800,0.226986485188,0.228559880338,0.227771824186,0
4800,0.228559880338,0.230144181741,0.229350663045,0
4800,0.230144181741,0.231739464997,0.230940445892,0
4800,0.231739464997,0.233345806228,0.232541248587,0
4800,0.233345806228,0.234963282085,0.234153147517,0
4800,0.234963282085,0.236591969749,0.235776219596,0
4800,0.236591969749,0.238231946936,0.237410542273,0
4800,0.238231946936,0.239883291902,0.239056193534,0
4800,0.239883291902,0.241546083444,0.240713251905,0
4800,0.241546083444,0.243220400907,0.242381796455,0
4800,0.243220400907,0.244906324184,0.244061906804,0
4800,0.244906324184,0.246603933723,0.245753663122,0
4800,0.246603933723,0.24831331053,0.247457146133,0
4800,0.24831331053,0.25003453617,0.249172437125,0
4800,0.25003453617,0.251767692776,0.250899617947,0
4800,0.251767692776,0.25351286305,0.252638771013,0
4800,0.25351286305,0.255270130266,0.254389979313,0
4800,0.255270130266,0.257039578277,0.256153326409,0
4800,0.257039578277,0.258821291515,0.257928896443,0
4800,0.258821291515,0.260615355,0.25971677414,0
4800,0.260615355,0.262421854338,0.261517044814,0
4800,0.262421854338,0.264240875732,0.263329794368,0
4800,0.264240875732,0.26607250598,0.265155109301,0
4800,0.26607250598,0.267916832482,0.266993076713,0
4800,0.267916832482,0.269773943244,0.268843784306,0
4800,0.269773943244,0.271643926884,0.270707320392,0
4800,0.271643926884,0.273526872631,0.272583773893,0
4800,0.273526872631,0.275422870334,0.274473234348,0
4800,0.275422870334,0.277332010465,0.276375791917,0
4800,0.277332010465,0.279254384124,0.278291537385,0
4800,0.279254384124,0.28119008304,0.280220562167,0
4800,0.28119008304,0.28313919958,0.282162958309,0
4800,0.28313919958,0.28510182675,0.284118818498,0
4800,0.28510182675,0.287078058202,0.286088236063,0
4800,0.287078058202,0.289067988237,0.288071304978,0
4800,0.289067988237,0.291071711807,0.290068119869,0
4800,0.291071711807,0.293089324525,0.292078776021,0
4800,0.293089324525,0.295120922667,0.294103369375,0
4800,0.295120922667,0.297166603174,0.296141996539,0
4800,0.297166603174,0.299226463661,0.298194754793,0
4800,0.299226463661,0.301300602419,0.300261742086,0
4800,0.301300602419,0.303389118419,0.302343057051,0
4800,0.303389118419,0.305492111322,0.304438799002,0
4800,0.305492111322,0.307609681474,0.306549067943,0
4800,0.307609681474,0.309741929922,0.308673964568,0
4800,0.309741929922,0.311888958409,0.310813590274,0
4800,0.311888958409,0.314050869388,0.312968047156,0
4800,0.314050869388,0.316227766017,0.31513743802,0
4800,0.316227766017,0.318419752173,0.317321866384,0
4800,0.318419752173,0.320626932451,0.319521436481,0
4800,0.320626932451,0.322849412171,0.32173625327,0
4800,0.322849412171,0.325087297385,0.323966422435,0
4800,0.325087297385,0.327340694879,0.326212050394,0
4800,0.327340694879,0.329609712177,0.328473244303,0
4800,0.329609712177,0.331894457553,0.330750112059,56.2156411955
4800,0.331894457553,0.334195040026,0.333042762309,0
4800,0.334195040026,0.336511569375,0.335351304451,0
4800,0.336511569375,0.338844156139,0.337675848642,0
4800,0.338844156139,0.341192911622,0.340016505804,0
4800,0.341192911622,0.3435579479,0.342373387626,0
4800,0.3435579479,0.345939377826,0.344746606573,0
4800,0.345939377826,0.348337315036,0.347136275888,0
4800,0.348337315036,0.350751873953,0.349542509599,0
4800,0.350751873953,0.353183169792,0.351965422525,0
4800,0.353183169792,0.355631318569,0.354405130281,0
4800,0.355631318569,0.358096437103,0.356861749283,0
4800,0.358096437103,0.360578643022,0.359335396755,0
4800,0.360578643022,0.36307805477,0.361826190732,0
4800,0.36307805477,0.365594791613,0.364334250068,0
4800,0.365594791613,0.368128973643,0.366859694441,0
4800,0.368128973643,0.370680721783,0.369402644358,0
4800,0.370680721783,0.373250157796,0.371963221162,0
4800,0.373250157796,0.375837404288,0.374541547036,0
4800,0.375837404288,0.378442584717,0.377137745011,0
4800,0.378442584717,0.381065823394,0.379751938971,0
4800,0.381065823394,0.383707245492,0.382384253658,0
4800,0.383707245492,0.386366977054,0.385034814679,0
4800,0.386366977054,0.389045144994,0.38770374851,0
4800,0.389045144994,0.391741877108,0.390391182508,0
4800,0.391741877108,0.394457302075,0.393097244907,0
4800,0.394457302075,0.397191549469,0.395822064836,0
4800,0.397191549469,0.399944749761,0.398565772313,0
4800,0.399944749761,0.402717034325,0.401328498263,0
4800,0.402717034325,0.405508535448,0.404110374513,0
4800,0.405508535448,0.408319386333,0.406911533809,0
4800,0.408319386333,0.411149721105,0.409732109814,0
4800,0.411149721105,0.41399967482,0.412572237117,0
4800,0.41399967482,0.41686938347,0.415432051242,0
4800,0.41686938347,0.419758983991,0.418311688651,0
4800,0.419758983991,0.422668614266,0.421211286754,0
4800,0.422668614266,0.425598413134,0.42413098391,0
4800,0.425598413134,0.428548520397,0.427070919441,0
4800,0.428548520397,0.431519076828,0.430031233631,0
4800,0.431519076828,0.434510224172,0.433012067738,0
4800,0.434510224172,0.437522105158,0.436013564,0
4800,0.437522105158,0.440554863507,0.439035865641,0
4800,0.440554863507,0.443608643931,0.442079116876,0
4800,0.443608643931,0.446683592151,0.44514346292,0
4800,0.446683592151,0.449779854893,0.448229049997,0
4800,0.449779854893,0.452897579904,0.451336025341,0
4800,0.452897579904,0.456036915951,0.45446453721,0
4800,0.456036915951,0.459198012837,0.457614734886,0
4800,0.459198012837,0.462381021399,0.46078676869,0
4800,0.462381021399,0.465586093523,0.463980789982,0
4800,0.465586093523,0.468813382145,0.467196951172,0
4800,0.468813382145,0.472063041264,0.470435405726,0
4800,0.472063041264,0.475335225943,0.473696308175,0
4800,0.475335225943,0.478630092323,0.476979814119,0
4800,0.478630092323,0.481947797625,0.48028608024,0
4800,0.481947797625,0.485288500162,0.483615264302,0
4800,0.485288500162,0.488652359343,0.486967525166,0
4800,0.488652359343,0.492039535681,0.490343022792,0
4800,0.492039535681,0.495450190805,0.49374191825,0
4800,0.495450190805,0.49888448746,0.497164373725,0
4800,0.49888448746,0.502342589522,0.500610552529,0
4800,0.502342589522,0.505824662003,0.504080619103,0
4800,0.505824662003,0.509330871057,0.507574739029,0
4800,0.509330871057,0.512861383991,0.511093079037,0
4800,0.512861383991,0.516416369272,0.514635807014,0
4800,0.516416369272,0.519995996534,0.518203092007,0
4800,0.519995996534,0.523600436586,0.521795104239,0
4800,0.523600436586,0.527229861423,0.52541201511,0
4800,0.527229861423,0.530884444231,0.52905399721,0
4800,0.530884444231,0.534564359397,0.532721224323,0
4800,0.534564359397,0.538269782516,0.53641387144,0
4800,0.538269782516,0.542000890402,0.540132114765,0
4800,0.542000890402,0.545757861091,0.54387613172,0
4800,0.545757861091,0.549540873858,0.547646100962,0
4800,0.549540873858,0.553350109216,0.551442202382,0
4800,0.553350109216,0.557185748932,0.55526461712,0
4800,0.557185748932,0.561047976032,0.559113527571,0
4800,0.561047976032,0.564936974812,0.562989117394,0
4800,0.564936974812,0.568852930844,0.566891571523,0
4800,0.568852930844,0.572796030986,0.570821076172,0
4800,0.572796030986,0.576766463392,0.574777818846,0
4800,0.576766463392,0.580764417521,0.578761988349,0
4800,0.580764417521,0.584790084144,0.582773774796,0
4800,0.584790084144,0.588843655356,0.586813369619,0
4800,0.588843655356,0.59292532458,0.590880965575,0
4800,0.59292532458,0.597035286584,0.594976756759,0
4800,0.597035286584,0.601173737483,0.599100938611,0
4800,0.601173737483,0.605340874754,0.603253707927,0
4800,0.605340874754,0.60953689724,0.607435262864,0
4800,0.60953689724,0.613762005165,0.611645802955,0
4800,0.613762005165,0.618016400138,0.615885529115,0
4800,0.618016400138,0.622300285169,0.620154643654,0
4800,0.622300285169,0.626613864672,0.624453350281,0
4800,0.626613864672,0.63095734448,0.628781854118,0
4800,0.63095734448,0.635330931852,0.633140361711,0
4800,0.635330931852,0.639734835483,0.637529081035,0
4800,0.639734835483,0.644169265515,0.641948221508,0
4800,0.644169265515,0.648634433548,0.646397994,0
4800,0.648634433548,0.653130552647,0.65087861084,0
4800,0.653130552647,0.657657837355,0.655390285833,0
4800,0.657657837355,0.662216503702,0.659933234264,0
4800,0.662216503702,0.666806769214,0.664507672908,0
4800,0.666806769214,0.671428852926,0.669113820046,0
4800,0.671428852926,0.676082975392,0.673751895471,0
4800,0.676082975392,0.680769358694,0.678422120498,0
4800,0.680769358694,0.685488226453,0.683124717979,0
4800,0.685488226453,0.69023980384,0.687859912309,0
4800,0.69023980384,0.695024317589,0.692627929437,0
4800,0.695024317589,0.699841996002,0.697428996882,0
4800,0.699841996002,0.704693068967,0.702263343736,0
4800,0.704693068967,0.709577767963,0.707131200681,0
4800,0.709577767963,0.714496326076,0.712032799999,0
4800,0.714496326076,0.719448978004,0.71696837558,0
4800,0.719448978004,0.724435960075,0.721938162937,0
4800,0.724435960075,0.729457510255,0.726942399214,0
4800,0.729457510255,0.734513868157,0.7319813232,0
4800,0.734513868157,0.739605275058,0.737055175338,0
4800,0.739605275058,0.744731973906,0.742164197739,0
4800,0.744731973906,0.749894209332,0.747308634191,0
4800,0.749894209332,0.755092227665,0.752488730174,0
4800,0.755092227665,0.76032627694,0.757704732866,0
4800,0.76032627694,0.765596606911,0.762956891162,0
4800,0.765596606911,0.770903469064,0.768245455679,0
4800,0.770903469064,0.776247116629,0.773570678775,0
4800,0.776247116629,0.781627804588,0.778932814554,0
4800,0.781627804588,0.787045789695,0.784332118882,0
4800,0.787045789695,0.79250133048,0.7897688494,0
4800,0.79250133048,0.797994687268,0.795243265533,0
4800,0.797994687268,0.803526122186,0.800755628507,0
4800,0.803526122186,0.809095899178,0.806306201355,0
4800,0.809095899178,0.814704284021,0.811895248936,0
4800,0.814704284021,0.82035154433,0.817523037944,0
4800,0.82035154433,0.826037949577,0.823189836921,0
4800,0.826037949577,0.831763771103,0.828895916273,0
4800,0.831763771103,0.837529282127,0.834641548277,0
4800,0.837529282127,0.843334757764,0.8404270071,0
4800,0.843334757764,0.849180475036,0.846252568807,0
4800,0.849180475036,0.855066712885,0.852118511379,0
4800,0.855066712885,0.860993752185,0.858025114723,0
4800,0.860993752185,0.866961875758,0.863972660684,0
4800,0.866961875758,0.872971368388,0.869961433065,0
4800,0.872971368388,0.879022516831,0.875991717633,0
4800,0.879022516831,0.885115609831,0.882063802137,0
4800,0.885115609831,0.891250938134,0.888177976319,0
4800,0.891250938134,0.897428794501,0.894334531933,0
4800,0.897428794501,0.903649473722,0.900533762751,0
4800,0.903649473722,0.909913272632,0.906775964584,0
4800,0.909913272632,0.916220490122,0.913061435293,0
4800,0.916220490122,0.922571427155,0.919390474804,0
4800,0.922571427155,0.92896638678,0.925763385121,0
4800,0.92896638678,0.935405674148,0.932180470342,0
4800,0.935405674148,0.941889596523,0.938642036672,0
4800,0.941889596523,0.948418463301,0.945148392441,0
4800,0.948418463301,0.954992586021,0.951699848113,0
4800,0.954992586021,0.961612278384,0.958296716306,0
4800,0.961612278384,0.968277856261,0.964939311806,0
4800,0.968277856261,0.974989637717,0.971627951577,0
4800,0.974989637717,0.98174794302,0.978362954785,0
4800,0.98174794302,0.988553094657,0.985144642804,0
4800,0.988553094657,0.995405417352,0.991973339239,0
4800,0.995405417352,1.00230523808,0.998849369937,18.915546225
4800,1.00230523808,1.00925288608,1.005773063,0
4800,1.00925288608,1.01624869287,1.01274474881,0
4800,1.01624869287,1.02329299228,1.01976476004,0
4800,1.02329299228,1.03038612044,1.02683343167,0
4800,1.03038612044,1.03752841582,1.03395110098,0
4800,1.03752841582,1.04472021922,1.04111810762,0
4800,1.04472021922,1.05196187382,1.04833479358,0
4800,1.05196187382,1.05925372518,1.05560150322,0
4800,1.05925372518,1.06659612123,1.06291858328,0
4800,1.06659612123,1.07398941234,1.07028638291,0
4800,1.07398941234,1.0814339513,1.07770525369,0
4800,1.0814339513,1.08893009333,1.08517554963,0
4800,1.08893009333,1.09647819614,1.09269762719,0
4800,1.09647819614,1.1040786199,1.1002718453,0
4800,1.1040786199,1.11173172728,1.10789856537,0
4800,1.11173172728,1.11943788347,1.11557815135,0
4800,1.11943788347,1.12719745618,1.12331096967,0
4800,1.12719745618,1.13501081567,1.13109738933,0
4800,1.13501081567,1.14287833479,1.13893778188,0
4800,1.14287833479,1.15080038894,1.14683252142,0
4800,1.15080038894,1.15877735616,1.15478198469,0
4800,1.15877735616,1.16680961706,1.162786551,0
4800,1.16680961706,1.17489755494,1.17084660232,0
4800,1.17489755494,1.18304155573,1.17896252324,0
4800,1.18304155573,1.19124200803,1.18713470104,0
4800,1.19124200803,1.19949930315,1.19536352567,0
4800,1.19949930315,1.20781383511,1.20364938979,0
4800,1.20781383511,1.21618600065,1.21199268877,0
4800,1.21618600065,1.22461619927,1.22039382074,0
4800,1.22461619927,1.23310483323,1.22885318658,0
4800,1.23310483323,1.24165230759,1.23737118994,0
4800,1.24165230759,1.25025903022,1.24594823727,0
4800,1.25025903022,1.25892541179,1.25458473786,0
4800,1.25892541179,1.26765186586,1.26328110381,0
4800,1.26765186586,1.27643880881,1.27203775009,0
4800,1.27643880881,1.28528665994,1.28085509454,0
4800,1.28528665994,1.29419584145,1.2897335579,0
4800,1.29419584145,1.30316677845,1.29867356383,0
4800,1.30316677845,1.31219989902,1.30767553892,0
4800,1.31219989902,1.32129563419,1.31673991272,0
4800,1.32129563419,1.33045441798,1.32586711776,0
4800,1.33045441798,1.33967668743,1.33505758956,0
4800,1.33967668743,1.34896288259,1.34431176667,0
4800,1.34896288259,1.35831344659,1.35363009067,0
4800,1.35831344659,1.3677288256,1.36301300621,0
4800,1.3677288256,1.37720946889,1.37246096101,0
4800,1.37720946889,1.38675582887,1.3819744059,0
4800,1.38675582887,1.39636836106,1.39155379484,0
4800,1.39636836106,1.40604752413,1.40119958494,0
4800,1.40604752413,1.41579377996,1.41091223646,0
4800,1.41579377996,1.4256075936,1.42069221286,0
4800,1.4256075936,1.43548943335,1.43053998082,0
4800,1.43548943335,1.44543977075,1.44045601025,0
4800,1.44543977075,1.45545908058,1.4504407743,0
4800,1.45545908058,1.46554784096,1.46049474944,0
4800,1.46554784096,1.47570653328,1.4706184154,0
4800,1.47570653328,1.48593564229,1.48081225527,0
4800,1.48593564229,1.49623565609,1.49107675545,0
4800,1.49623565609,1.50660706619,1.50141240575,0
4800,1.50660706619,1.51705036746,1.51181969936,0
4800,1.51705036746,1.52756605824,1.52229913288,0
4800,1.52756605824,1.5381546403,1.53285120636,0
4800,1.5381546403,1.54881661891,1.54347642332,0
4800,1.54881661891,1.55955250283,1.55417529077,0
4800,1.55955250283,1.57036280433,1.56494831922,0
4800,1.57036280433,1.58124803927,1.57579602274,0
4800,1.58124803927,1.59220872705,1.58671891895,0
4800,1.59220872705,1.60324539069,1.59771752906,0
4800,1.60324539069,1.61435855683,1.60879237789,0
4800,1.61435855683,1.62554875575,1.6199439939,0
4800,1.62554875575,1.63681652143,1.63117290923,0
4800,1.63681652143,1.64816239153,1.64247965967,0
4800,1.64816239153,1.65958690744,1.65386478477,0
4800,1.65958690744,1.67109061431,1.66532882779,0
4800,1.67109061431,1.68267406107,1.67687233575,0
4800,1.68267406107,1.69433780045,1.68849585949,0
4800,1.69433780045,1.706082389,1.70019995364,0
4800,1.706082389,1.71790838716,1.7119851767,0
4800,1.71790838716,1.72981635922,1.72385209103,0
4800,1.72981635922,1.74180687339,1.73580126287,0
4800,1.74180687339,1.75388050184,1.74783326242,0
4800,1.75388050184,1.76603782069,1.7599486638,0
4800,1.76603782069,1.77827941004,1.77214804514,0
4800,1.77827941004,1.79060585404,1.78443198854,0
4800,1.79060585404,1.80301774086,1.79680108017,0
4800,1.80301774086,1.81551566277,1.80925591025,0
4800,1.81551566277,1.82810021614,1.82179707309,0
4800,1.82810021614,1.84077200147,1.83442516712,0
4800,1.84077200147,1.85353162341,1.84714079491,0
4800,1.85353162341,1.86637969083,1.85994456322,0
4800,1.86637969083,1.8793168168,1.87283708302,0
4800,1.8793168168,1.89234361864,1.88581896949,0
4800,1.89234361864,1.90546071796,1.8988908421,0
4800,1.90546071796,1.91866874067,1.9120533246,0
4800,1.91866874067,1.93196831702,1.92530704508,0
4800,1.93196831702,1.94536008162,1.93865263595,0
4800,1.94536008162,1.95884467351,1.95209073404,0
4800,1.95884467351,1.97242273611,1.96562198058,0
4800,1.97242273611,1.98609491736,1.97924702124,0
4800,1.98609491736,1.99986186963,1.99296650616,0
4800,1.99986186963,2.01372424986,2.00678109002,0
4800,2.01372424986,2.02768271952,2.02069143199,0
4800,2.02768271952,2.04173794467,2.03469819585,0
4800,2.04173794467,2.05589059598,2.04880204996,0
4800,2.05589059598,2.07014134879,2.06300366731,0
4800,2.07014134879,2.0844908831,2.07730372557,0
4800,2.0844908831,2.09893988362,2.0917029071,0
4800,2.09893988362,2.11348903984,2.10620189899,0
4800,2.11348903984,2.12813904598,2.12080139309,0
4800,2.12813904598,2.14289060112,2.13550208605,0
4800,2.14289060112,2.15774440915,2.15030467934,0
4800,2.15774440915,2.17270117886,2.16520987931,0
4800,2.17270117886,2.18776162395,2.18021839719,0
4800,2.18776162395,2.20292646305,2.19533094914,0
4800,2.20292646305,2.2181964198,2.2105482563,0
4800,2.2181964198,2.23357222283,2.22587104479,0
4800,2.23357222283,2.24905460584,2.24130004578,0
4800,2.24905460584,2.26464430759,2.2568359955,0
4800,2.26464430759,2.280342072,2.27247963527,0
4800,2.280342072,2.29614864811,2.28823171158,0
4800,2.29614864811,2.31206479018,2.30409297606,0
4800,2.31206479018,2.32809125767,2.32006418557,0
4800,2.32809125767,2.34422881532,2.33614610222,0
4800,2.34422881532,2.36047823318,2.35233949339,0
4800,2.36047823318,2.37684028662,2.36864513178,0
4800,2.37684028662,2.39331575641,2.38506379547,0
4800,2.39331575641,2.40990542869,2.40159626789,0
4800,2.40990542869,2.42661009508,2.41824333793,0
4800,2.42661009508,2.44343055269,2.43500579995,0
4800,2.44343055269,2.46036760415,2.45188445381,0
4800,2.46036760415,2.47742205763,2.46888010491,0
4800,2.47742205763,2.49459472694,2.48599356423,0
4800,2.49459472694,2.51188643151,2.50322564838,0
4800,2.51188643151,2.52929799645,2.52057717964,0
4800,2.52929799645,2.54683025259,2.53804898596,0
4800,2.54683025259,2.56448403652,2.55564190106,0
4800,2.56448403652,2.58226019063,2.57335676443,0
4800,2.58226019063,2.60015956317,2.59119442135,0
4800,2.60015956317,2.61818300822,2.60915572301,0
4800,2.61818300822,2.63633138583,2.62724152647,0
4800,2.63633138583,2.65460556198,2.64545269472,0
4800,2.65460556198,2.67300640866,2.66379009677,0
4800,2.67300640866,2.69153480393,2.68225460761,0
4800,2.69153480393,2.71019163189,2.70084710832,0
4800,2.71019163189,2.72897778281,2.7195684861,0
4800,2.72897778281,2.7478941531,2.73841963426,0
4800,2.7478941531,2.76694164541,2.75740145235,0
4800,2.76694164541,2.78612116863,2.77651484611,0
4800,2.78612116863,2.80543363795,2.79576072758,0
4800,2.80543363795,2.82487997492,2.81514001513,0
4800,2.82487997492,2.84446110745,2.83465363349,0
4800,2.84446110745,2.86417796991,2.85430251379,0
4800,2.86417796991,2.88403150313,2.87408759362,0
4800,2.88403150313,2.90402265446,2.89400981707,0
4800,2.90402265446,2.92415237784,2.91407013477,0
4800,2.92415237784,2.9444216338,2.93426950396,0
4800,2.9444216338,2.96483138952,2.95460888848,0
4800,2.96483138952,2.98538261892,2.97508925888,0
4800,2.98538261892,3.00607630263,2.99571159243,0
4800,3.00607630263,3.0269134281,3.01647687316,0
4800,3.0269134281,3.04789498963,3.03738609195,0
4800,3.04789498963,3.06902198839,3.05844024651,0
4800,3.06902198839,3.09029543251,3.0796403415,0
4800,3.09029543251,3.11171633711,3.10098738853,0
4800,3.11171633711,3.13328572432,3.12248240622,0
4800,3.13328572432,3.15500462337,3.14412642026,0
4800,3.15500462337,3.17687407065,3.16592046343,0
4800,3.17687407065,3.19889510969,3.1878655757,0
4800,3.19889510969,3.22106879128,3.20996280421,0
4800,3.22106879128,3.24339617349,3.2322132034,0
4800,3.24339617349,3.26587832172,3.25461783498,0
4800,3.26587832172,3.28851630876,3.27717776805,0
4800,3.28851630876,3.31131121483,3.29989407911,0
4800,3.31131121483,3.33426412763,3.32276785211,0
4800,3.33426412763,3.35737614243,3.34580017853,0
4800,3.35737614243,3.38064836206,3.36899215741,0
4800,3.38064836206,3.40408189701,3.39234489541,0
4800,3.40408189701,3.42767786546,3.41585950686,0
4800,3.42767786546,3.45143739336,3.43953711381,0
4800,3.45143739336,3.47536161443,3.46337884608,0
4800,3.47536161443,3.49945167028,3.48738584135,0
4800,3.49945167028,3.52370871042,3.51155924516,0
4800,3.52370871042,3.54813389234,3.535900211,0
4800,3.54813389234,3.57272838152,3.56040990036,0
4800,3.57272838152,3.59749335156,3.58508948277,0
4800,3.59749335156,3.62242998417,3.60994013586,0
4800,3.62242998417,3.64753946926,3.63496304546,0
4800,3.64753946926,3.67282300498,3.66015940558,0
4800,3.67282300498,3.6982817978,3.68553041852,0
4800,3.6982817978,3.72391706255,3.71107729493,0
4800,3.72391706255,3.74973002245,3.73680125382,0
4800,3.74973002245,3.77572190925,3.76270352268,0
4800,3.77572190925,3.80189396321,3.78878533748,0
4800,3.80189396321,3.82824743317,3.81504794279,0
4800,3.82824743317,3.85478357666,3.84149259179,0
4800,3.85478357666,3.88150365991,3.86812054633,0
4800,3.88150365991,3.90840895792,3.89493307704,0
4800,3.90840895792,3.93550075456,3.92193146333,0
4800,3.93550075456,3.96278034255,3.94911699349,0
4800,3.96278034255,3.99024902362,3.97649096475,0
4800,3.99024902362,4.01790810849,4.00405468331,0
4800,4.01790810849,4.04575891697,4.03180946443,0
4800,4.04575891697,4.07380277804,4.05975663252,0
4800,4.07380277804,4.10204102987,4.08789752111,0
4800,4.10204102987,4.1304750199,4.11623347303,0
4800,4.1304750199,4.15910610494,4.14476584038,0
4800,4.15910610494,4.18793565118,4.17349598465,0
4800,4.18793565118,4.21696503429,4.20242527677,0
4800,4.21696503429,4.24619563946,4.23155509717,0
4800,4.24619563946,4.27562886152,4.26088683583,0
4800,4.27562886152,4.30526610492,4.29042189239,0
4800,4.30526610492,4.33510878388,4.32016167618,0
4800,4.33510878388,4.3651583224,4.35010760631,0
4800,4.3651583224,4.39541615438,4.3802611117,0
4800,4.39541615438,4.42588372363,4.41062363121,0
4800,4.42588372363,4.45656248398,4.44119661366,0
4800,4.45656248398,4.48745389933,4.47198151789,0
4800,4.48745389933,4.51855944375,4.50297981288,0
4800,4.51855944375,4.5498806015,4.53419297779,0
4800,4.5498806015,4.58141886715,4.56562250202,0
4800,4.58141886715,4.6131757456,4.59726988531,0
4800,4.6131757456,4.64515275223,4.62913663778,0
4800,4.64515275223,4.67735141287,4.66122428002,0
4800,4.67735141287,4.70977326397,4.69353434317,0
4800,4.70977326397,4.7424198526,4.72606836898,0
4800,4.7424198526,4.77529273658,4.75882790989,0
4800,4.77529273658,4.8083934845,4.79181452908,0
4800,4.8083934845,4.84172367584,4.8250298006,0
4800,4.84172367584,4.87528490103,4.85847530937,0
4800,4.87528490103,4.90907876153,4.89215265134,0
4800,4.90907876153,4.94310686987,4.9260634335,0
4800,4.94310686987,4.97737084979,4.96020927396,0
4800,4.97737084979,5.01187233627,4.99459180208,0
4800,5.01187233627,5.04661297564,5.0292126585,0
4800,5.04661297564,5.08159442561,5.06407349524,0
4800,5.08159442561,5.1168183554,5.09917597575,0
4800,5.1168183554,5.15228644582,5.13452177503,0
4800,5.15228644582,5.18800038929,5.17011257969,0
4800,5.18800038929,5.22396188999,5.20595008802,0
4800,5.22396188999,5.26017266391,5.24203601008,0
4800,5.26017266391,5.29663443892,5.27837206782,0
4800,5.29663443892,5.33334895488,5.31495999507,0
4800,5.33334895488,5.3703179637,5.35180153771,0
4800,5.3703179637,5.40754322946,5.38889845373,0
4800,5.40754322946,5.44502652842,5.42625251329,0
4800,5.44502652842,5.48276964921,5.46386549882,0
4800,5.48276964921,5.52077439281,5.50173920511,0
4800,5.52077439281,5.5590425727,5.53987543939,0
4800,5.5590425727,5.59757601495,5.57827602141,0
4800,5.59757601495,5.63637655826,5.61694278356,0
4800,5.63637655826,5.67544605409,5.65587757089,0
4800,5.67544605409,5.71478636672,5.69508224128,0
4800,5.71478636672,5.75439937337,5.73455866546,0
4800,5.75439937337,5.79428696427,5.77430872714,0
4800,5.79428696427,5.83445104274,5.81433432308,0
4800,5.83445104274,5.8748935253,5.85463736321,0
4800,5.8748935253,5.91561634175,5.89521977065,0
4800,5.91561634175,5.95662143529,5.93608348191,0
4800,5.95662143529,5.99791076256,5.97723044689,0
4800,5.99791076256,6.03948629376,6.018662629,0
4800,6.03948629376,6.08135001279,6.06038200527,0
4800,6.08135001279,6.12350391725,6.10239056645,0
4800,6.12350391725,6.16595001861,6.14469031706,0
4800,6.16595001861,6.2086903423,6.18728327553,0
4800,6.2086903423,6.25172692776,6.23017147429,0
4800,6.25172692776,6.29506182857,6.27335695984,0
4800,6.29506182857,6.33869711257,6.31684179288,0
4800,6.33869711257,6.38263486191,6.36062804837,0
4800,6.38263486191,6.42687717317,6.40471781569,0
4800,6.42687717317,6.47142615749,6.44911319868,0
4800,6.47142615749,6.51628394061,6.49381631576,0
4800,6.51628394061,6.56145266303,6.53882930005,0
4800,6.56145266303,6.60693448008,6.58415429943,0
4800,6.60693448008,6.65273156202,6.62979347671,0
4800,6.65273156202,6.69884609417,6.67574900964,0
4800,6.69884609417,6.74528027698,6.72202309112,0
4800,6.74528027698,6.79203632617,6.7686179292,0
4800,6.79203632617,6.83911647281,6.81553574727,0
4800,6.83911647281,6.88652296344,6.86277878411,0
4800,6.88652296344,6.93425806017,6.91034929405,0
4800,6.93425806017,6.98232404077,6.95824954701,0
4800,6.98232404077,7.03072319884,7.00648182865,0
4800,7.03072319884,7.07945784384,7.05504844051,0
4800,7.07945784384,7.12853030127,7.10395170003,0
4800,7.12853030127,7.17794291271,7.15319394075,0
4800,7.17794291271,7.22769803602,7.20277751238,0
4800,7.22769803602,7.27779804537,7.25270478091,0
4800,7.27779804537,7.32824533139,7.30297812873,0
4800,7.32824533139,7.37904230129,7.35359995475,0
4800,7.37904230129,7.43019137897,7.40457267451,0
4800,7.43019137897,7.48169500511,7.45589872028,0
4800,7.48169500511,7.53355563734,7.5075805412,0
4800,7.53355563734,7.58577575029,7.55962060339,0
4800,7.58577575029,7.63835783578,7.61202139006,0
4800,7.63835783578,7.69130440287,7.66478540163,0
4800,7.69130440287,7.74461797803,7.71791515585,0
4800,7.74461797803,7.79830110523,7.77141318794,0
4800,7.79830110523,7.8523563461,7.82528205067,0
4800,7.8523563461,7.90678628,7.87952431451,0
4800,7.90678628,7.96159350417,7.93414256777,0
4800,7.96159350417,8.01678063388,7.98913941667,0
4800,8.01678063388,8.07235030249,8.04451748552,0
4800,8.07235030249,8.12830516164,8.1002794168,0
4800,8.12830516164,8.18464788135,8.15642787133,0
4800,8.18464788135,8.24138115013,8.21296552835,0
4800,8.24138115013,8.29850767514,8.26989508568,0
4800,8.29850767514,8.35603018231,8.32721925985,0
4800,8.35603018231,8.41395141645,8.38494078622,0
4800,8.41395141645,8.47227414141,8.44306241909,0
4800,8.47227414141,8.53100114018,8.50158693187,0
4800,8.53100114018,8.59013521505,8.5605171172,0
4800,8.59013521505,8.64967918776,8.61985578706,0
4800,8.64967918776,8.70963589956,8.67960577292,0
4800,8.70963589956,8.77000821144,8.73976992591,0
4800,8.77000821144,8.83079900419,8.80035111687,0
4800,8.83079900419,8.89201117858,8.86135223659,0
4800,8.89201117858,8.9536476555,8.92277619588,0
4800,8.9536476555,9.01571137606,8.98462592571,0
4800,9.01571137606,9.07820530178,9.04690437738,0
4800,9.07820530178,9.1411324147,9.10961452266,0
4800,9.1411324147,9.20449571753,9.1727593539,0
4800,9.20449571753,9.26829823379,9.2363418842,0
4800,9.26829823379,9.33254300797,9.30036514754,0
4800,9.33254300797,9.39723310565,9.36483219894,0
4800,9.39723310565,9.46237161366,9.4297461146,0
4800,9.46237161366,9.52796164024,9.49510999202,0
4800,9.52796164024,9.59400631516,9.5609269502,0
4800,9.59400631516,9.6605087899,9.62720012973,0
4800,9.6605087899,9.72747223777,9.693932693,0
4800,9.72747223777,9.79489985409,9.7611278243,0
4800,9.79489985409,9.86279485631,9.82878873,0
4800,9.86279485631,9.93116048421,9.89691863869,0
4800,9.93116048421,10,9.96552080135,0
5000,0.01,0.0100693166885,0.0100345984915,0
5000,0.0100693166885,0.0101391138574,0.0101041550053,0
5000,0.0101391138574,0.0102093948371,0.0101741936618,0
5000,0.0102093948371,0.0102801629813,0.0102447178031,0
5000,0.0102801629813,0.0103514216668,0.0103157307944,0
5000,0.0103514216668,0.0104231742939,0.0103872360242,0
5000,0.0104231742939,0.0104954242865,0.0104592369046,0
5000,0.0104954242865,0.0105681750921,0.0105317368713,0
5000,0.0105681750921,0.0106414301822,0.0106047393837,0
5000,0.0106414301822,0.0107151930524,0.0106782479254,0
5000,0.0107151930524,0.0107894672223,0.0107522660039,0
5000,0.0107894672223,0.0108642562362,0.0108267971513,0
5000,0.0108642562362,0.0109395636627,0.0109018449239,0
5000,0.0109395636627,0.0110153930954,0.0109774129027,0
5000,0.0110153930954,0.0110917481526,0.0110535046938,0
5000,0.0110917481526,0.0111686324778,0.011130123928,0
5000,0.0111686324778,0.0112460497397,0.0112072742614,0
5000,0.0112460497397,0.0113240036324,0.0112849593753,0
5000,0.0113240036324,0.0114024978756,0.0113631829767,0
5000,0.0114024978756,0.011481536215,0.0114419487982,0
5000,0.011481536215,0.0115611224219,0.0115212605983,0
5000,0.0115611224219,0.0116412602941,0.0116011221615,0
5000,0.0116412602941,0.0117219536555,0.0116815372986,0
5000,0.0117219536555,0.0118032063565,0.0117625098468,0
5000,0.0118032063565,0.0118850222744,0.01184404367,0
5000,0.0118850222744,0.0119674053131,0.0119261426586,0
5000,0.0119674053131,0.0120503594037,0.0120088107301,0
5000,0.0120503594037,0.0121338885046,0.0120920518294,0
5000,0.0121338885046,0.0122179966016,0.0121758699285,0
5000,0.0122179966016,0.0123026877081,0.0122602690268,0
5000,0.0123026877081,0.0123879658653,0.0123452531517,0
5000,0.0123879658653,0.0124738351424,0.0124308263584,0
5000,0.0124738351424,0.0125602996369,0.0125169927303,0
5000,0.0125602996369,0.0126473634747,0.0126037563789,0
5000,0.0126473634747,0.0127350308102,0.0126911214445,0
5000,0.0127350308102,0.0128233058266,0.0127790920957,0
5000,0.0128233058266,0.0129121927361,0.0128676725303,0
5000,0.0129121927361,0.0130016957803,0.0129568669752,0
5000,0.0130016957803,0.01309181923,0.0130466796864,0
5000,0.01309181923,0.0131825673856,0.0131371149496,0
5000,0.0131825673856,0.0132739445773,0.0132281770801,0
5000,0.0132739445773,0.0133659551655,0.0133198704231,0
5000,0.0133659551655,0.0134586035406,0.0134121993541,0
5000,0.0134586035406,0.0135518941235,0.0135051682786,0
5000,0.0135518941235,0.0136458313659,0.0135987816328,0
5000,0.0136458313659,0.0137404197501,0.0136930438839,0
5000,0.0137404197501,0.0138356637897,0.0137879595297,0
5000,0.0138356637897,0.0139315680295,0.0138835330993,0
5000,0.0139315680295,0.0140281370456,0.0139797691532,0
5000,0.0140281370456,0.0141253754462,0.0140766722836,0
5000,0.0141253754462,0.0142232878712,0.0141742471144,0
5000,0.0142232878712,0.0143218789927,0.0142724983016,0
5000,0.0143218789927,0.0144211535152,0.0143714305336,0
5000,0.0144211535152,0.0145211161759,0.0144710485309,0
5000,0.0145211161759,0.0146217717446,0.0145713570473,0
5000,0.0146217717446,0.0147231250243,0.0146723608691,0
5000,0.0147231250243,0.0148251808515,0.0147740648159,0
5000,0.0148251808515,0.0149279440958,0.0148764737408,0
5000,0.0149279440958,0.0150314196609,0.0149795925304,0
5000,0.0150314196609,0.0151356124844,0.0150834261054,0
5000,0.0151356124844,0.015240527538,0.0151879794203,0
5000,0.015240527538,0.015346169828,0.0152932574642,0
5000,0.015346169828,0.0154525443954,0.0153992652606,0
5000,0.0154525443954,0.0155596563161,0.0155060078679,0
5000,0.0155596563161,0.0156675107011,0.0156134903797,0
5000,0.0156675107011,0.015776112697,0.0157217179246,0
5000,0.015776112697,0.015885467486,0.0158306956671,0
5000,0.015885467486,0.0159955802861,0.0159404288071,0
5000,0.0159955802861,0.0161064563518,0.016050922581,0
5000,0.0161064563518,0.0162181009736,0.0161621822611,0
5000,0.0162181009736,0.0163305194789,0.0162742131564,0
5000,0.0163305194789,0.0164437172321,0.0163870206128,0
5000,0.0164437172321,0.0165576996347,0.0165006100132,0
5000,0.0165576996347,0.0166724721255,0.0166149867777,0
5000,0.0166724721255,0.0167880401812,0.016730156364,0
5000,0.0167880401812,0.0169044093164,0.0168461242677,0
5000,0.0169044093164,0.0170215850839,0.0169628960226,0
5000,0.0170215850839,0.0171395730751,0.0170804772006,0
5000,0.0171395730751,0.0172583789199,0.0171988734124,0
5000,0.0172583789199,0.0173780082875,0.0173180903075,0
5000,0.0173780082875,0.0174984668862,0.0174381335747,0
5000,0.0174984668862,0.0176197604641,0.017559008942,0
5000,0.0176197604641,0.0177418948089,0.0176807221773,0
5000,0.0177418948089,0.0178648757485,0.0178032790885,0
5000,0.0178648757485,0.0179887091513,0.0179266855237,0
5000,0.0179887091513,0.0181134009262,0.0180509473713,0
5000,0.0181134009262,0.0182389570232,0.018176070561,0
5000,0.0182389570232,0.0183653834335,0.0183020610631,0
5000,0.0183653834335,0.0184926861898,0.0184289248897,0
5000,0.0184926861898,0.0186208713666,0.0185566680943,0
5000,0.0186208713666,0.0187499450807,0.0186852967726,0
5000,0.0187499450807,0.018879913491,0.0188148170622,0
5000,0.018879913491,0.0190107827992,0.0189452351436,0
5000,0.0190107827992,0.0191425592502,0.0190765572399,0
5000,0.0191425592502,0.0192752491319,0.0192087896175,0
5000,0.0192752491319,0.0194088587759,0.0193419385862,0
5000,0.0194088587759,0.0195433945578,0.0194760104994,0
5000,0.0195433945578,0.0196788628971,0.0196110117548,0
5000,0.0196788628971,0.0198152702581,0.0197469487941,0
5000,0.0198152702581,0.0199526231497,0.019883828104,0
5000,0.0199526231497,0.0200909281261,0.0200216562159,0
5000,0.0200909281261,0.0202301917868,0.0201604397066,0
5000,0.0202301917868,0.0203704207771,0.0203001851986,0
5000,0.0203704207771,0.0205116217883,0.02044089936,0
5000,0.0205116217883,0.0206538015581,0.0205825889054,0
5000,0.0206538015581,0.020796966871,0.0207252605958,0
5000,0.020796966871,0.0209411245585,0.0208689212391,0
5000,0.0209411245585,0.0210862814993,0.0210135776905,0
5000,0.0210862814993,0.02123244462,0.0211592368524,0
5000,0.02123244462,0.021379620895,0.0213059056754,0
5000,0.021379620895,0.0215278173472,0.0214535911582,0
5000,0.0215278173472,0.0216770410482,0.0216023003477,0
5000,0.0216770410482,0.0218272991184,0.0217520403402,0
5000,0.0218272991184,0.0219785987278,0.0219028182807,0
5000,0.0219785987278,0.0221309470961,0.0220546413639,0
5000,0.0221309470961,0.0222843514927,0.0222075168345,0
5000,0.0222843514927,0.0224388192378,0.0223614519872,0
5000,0.0224388192378,0.0225943577022,0.0225164541674,0
5000,0.0225943577022,0.0227509743077,0.0226725307715,0
5000,0.0227509743077,0.0229086765277,0.0228296892468,0
5000,0.0229086765277,0.0230674718872,0.0229879370926,0
5000,0.0230674718872,0.0232273679636,0.0231472818602,0
5000,0.0232273679636,0.0233883723866,0.0233077311528,0
5000,0.0233883723866,0.023550492839,0.0234692926269,0
5000,0.023550492839,0.0237137370566,0.0236319739915,0
5000,0.0237137370566,0.0238781128291,0.0237957830096,0
5000,0.0238781128291,0.0240436280001,0.0239607274975,0
5000,0.0240436280001,0.0242102904674,0.0241268153259,0
5000,0.0242102904674,0.0243781081837,0.0242940544202,0
5000,0.0243781081837,0.0245470891569,0.0244624527605,0
5000,0.0245470891569,0.0247172414502,0.0246320183824,0
5000,0.0247172414502,0.0248885731828,0.0248027593769,0
5000,0.0248885731828,0.0250610925303,0.0249746838915,0
5000,0.0250610925303,0.0252348077248,0.02514780013,0
5000,0.0252348077248,0.0254097270555,0.0253221163528,0
5000,0.0254097270555,0.0255858588691,0.025497640878,0
5000,0.0255858588691,0.02576321157,0.0256743820811,0
5000,0.02576321157,0.0259417936212,0.0258523483956,0
5000,0.0259417936212,0.026121613544,0.0260315483137,0
5000,0.026121613544,0.026302679919,0.0262119903864,0
5000,0.026302679919,0.0264850013861,0.0263936832237,0
5000,0.0264850013861,0.0266685866452,0.0265766354955,0
5000,0.0266685866452,0.0268534444566,0.026760855932,0
5000,0.0268534444566,0.0270395836411,0.0269463533235,0
5000,0.0270395836411,0.0272270130808,0.0271331365215,0
5000,0.0272270130808,0.0274157417193,0.0273212144388,0
5000,0.0274157417193,0.0276057785622,0.0275105960499,0
5000,0.0276057785622,0.0277971326776,0.0277012903916,0
5000,0.0277971326776,0.0279898131963,0.0278933065634,0
5000,0.0279898131963,0.0281838293126,0.0280866537277,0
5000,0.0281838293126,0.0283791902844,0.0282813411105,0
5000,0.0283791902844,0.0285759054337,0.0284773780017,0
5000,0.0285759054337,0.0287739841474,0.0286747737558,0
5000,0.0287739841474,0.028973435877,0.0288735377919,0
5000,0.028973435877,0.02917427014,0.0290736795944,0
5000,0.02917427014,0.0293764965196,0.0292752087137,0
5000,0.0293764965196,0.0295801246655,0.0294781347661,0
5000,0.0295801246655,0.0297851642943,0.0296824674346,0
5000,0.0297851642943,0.0299916251899,0.0298882164696,0
5000,0.0299916251899,0.030199517204,0.0300953916887,0
5000,0.030199517204,0.0304088502568,0.0303040029779,0
5000,0.0304088502568,0.0306196343369,0.0305140602914,0
5000,0.0306196343369,0.0308318795025,0.0307255736527,0
5000,0.0308318795025,0.0310455958813,0.0309385531545,0
5000,0.0310455958813,0.0312607936712,0.0311530089597,0
5000,0.0312607936712,0.031477483141,0.0313689513016,0
5000,0.031477483141,0.0316956746304,0.0315863904842,0
5000,0.0316956746304,0.031915378551,0.0318053368833,0
5000,0.031915378551,0.0321366053864,0.0320258009463,0
5000,0.0321366053864,0.032359365693,0.0322477931932,0
5000,0.032359365693,0.0325836701002,0.0324713242168,0
5000,0.0325836701002,0.0328095293113,0.0326964046834,0
5000,0.0328095293113,0.0330369541037,0.0329230453333,0
5000,0.0330369541037,0.0332659553294,0.0331512569812,0
5000,0.0332659553294,0.0334965439158,0.0333810505166,0
5000,0.0334965439158,0.0337287308659,0.0336124369047,0
5000,0.0337287308659,0.033962527259,0.0338454271866,0
5000,0.033962527259,0.0341979442514,0.03408003248,0
5000,0.0341979442514,0.0344349930763,0.0343162639796,0
5000,0.0344349930763,0.0346736850453,0.0345541329578,0
5000,0.0346736850453,0.0349140315479,0.0347936507649,0
5000,0.0349140315479,0.0351560440528,0.0350348288302,0
5000,0.0351560440528,0.0353997341083,0.0352776786619,0
5000,0.0353997341083,0.0356451133426,0.0355222118482,0
5000,0.0356451133426,0.0358921934645,0.0357684400576,0
5000,0.0358921934645,0.036140986264,0.0360163750395,0
5000,0.036140986264,0.0363915036127,0.0362660286245,0
5000,0.0363915036127,0.0366437574648,0.0365174127255,0
5000,0.0366437574648,0.036897759857,0.0367705393378,0
5000,0.036897759857,0.0371535229097,0.03702542054,0
5000,0.0371535229097,0.0374110588272,0.0372820684943,0
5000,0.0374110588272,0.0376703798984,0.0375404954472,0
5000,0.0376703798984,0.0379314984974,0.0378007137302,0
5000,0.0379314984974,0.038194427084,0.0380627357601,0
5000,0.038194427084,0.0384591782045,0.03832657404,0
5000,0.0384591782045,0.0387257644922,0.0385922411595,0
5000,0.0387257644922,0.0389941986677,0.0388597497954,0
5000,0.0389941986677,0.03926449354,0.0391291127127,0
5000,0.03926449354,0.0395366620068,0.0394003427645,0
5000,0.0395366620068,0.0398107170553,0.0396734528932,0
5000,0.0398107170553,0.0400866717627,0.0399484561308,0
5000,0.0400866717627,0.0403645392968,0.0402253655999,0
5000,0.0403645392968,0.0406443329165,0.0405041945136,0
5000,0.0406443329165,0.040926065973,0.0407849561771,0
5000,0.040926065973,0.0412097519097,0.0410676639875,0
5000,0.0412097519097,0.0414954042634,0.0413523314348,0
5000,0.0414954042634,0.0417830366647,0.0416389721025,0
5000,0.0417830366647,0.0420726628384,0.0419275996685,0
5000,0.0420726628384,0.042364296605,0.0422182279051,0
5000,0.042364296605,0.0426579518802,0.0425108706805,0
5000,0.0426579518802,0.0429536426765,0.0428055419586,0
5000,0.0429536426765,0.0432513831035,0.0431022558005,0
5000,0.0432513831035,0.0435511873686,0.0434010263645,0
5000,0.0435511873686,0.0438530697775,0.0437018679071,0
5000,0.0438530697775,0.0441570447353,0.0440047947836,0
5000,0.0441570447353,0.0444631267469,0.0443098214489,0
5000,0.0444631267469,0.0447713304176,0.0446169624581,0
5000,0.0447713304176,0.0450816704541,0.044926232467,0
5000,0.0450816704541,0.045394161665,0.0452376462332,0
5000,0.045394161665,0.0457088189615,0.0455512186166,0
5000,0.0457088189615,0.0460256573581,0.0458669645798,0
5000,0.0460256573581,0.0463446919736,0.0461848991895,0
5000,0.0463446919736,0.0466659380314,0.0465050376167,0
5000,0.0466659380314,0.0469894108605,0.0468273951374,0
5000,0.0469894108605,0.0473151258961,0.0471519871336,0
5000,0.0473151258961,0.0476430986805,0.0474788290942,0
5000,0.0476430986805,0.0479733448637,0.0478079366149,0
5000,0.0479733448637,0.048305880204,0.0481393254,0
5000,0.048305880204,0.0486407205691,0.0484730112624,0
5000,0.0486407205691,0.0489778819368,0.0488090101248,0
5000,0.0489778819368,0.0493173803955,0.0491473380199,0
5000,0.0493173803955,0.049659232145,0.049488011092,0
5000,0.049659232145,0.0500034534977,0.0498310455971,0
5000,0.0500034534977,0.0503500608788,0.0501764579037,0
5000,0.0503500608788,0.0506990708275,0.050524264494,0
5000,0.0506990708275,0.0510504999975,0.0508744819645,0
5000,0.0510504999975,0.0514043651582,0.0512271270265,0
5000,0.0514043651582,0.0517606831951,0.0515822165072,0
5000,0.0517606831951,0.0521194711105,0.0519397673507,0
5000,0.0521194711105,0.052480746025,0.0522997966182,0
5000,0.052480746025,0.0528445251775,0.0526623214894,0
5000,0.0528445251775,0.0532108259267,0.0530273592629,0
5000,0.0532108259267,0.0535796657513,0.0533949273574,0
5000,0.0535796657513,0.0539510622515,0.0537650433122,0
5000,0.0539510622515,0.0543250331492,0.0541377247883,0
5000,0.0543250331492,0.0547015962894,0.0545129895689,0
5000,0.0547015962894,0.0550807696405,0.0548908555607,0
5000,0.0550807696405,0.0554625712958,0.0552713407944,0
5000,0.0554625712958,0.0558470194737,0.0556544634258,0
5000,0.0558470194737,0.056234132519,0.0560402417364,0
5000,0.056234132519,0.0566239289038,0.0564286941345,0
5000,0.0566239289038,0.0570164272281,0.056819839156,0
5000,0.0570164272281,0.0574116462207,0.0572136954652,0
5000,0.0574116462207,0.0578096047406,0.057610281856,0
5000,0.0578096047406,0.0582103217771,0.0580096172523,0
5000,0.0582103217771,0.0586138164514,0.0584117207093,0
5000,0.0586138164514,0.0590201080172,0.0588166114143,0
5000,0.0590201080172,0.0594292158616,0.0592243086876,0
5000,0.0594292158616,0.059841159506,0.0596348319834,0
5000,0.059841159506,0.0602559586074,0.0600482008908,0
5000,0.0602559586074,0.0606736329589,0.0604644351345,0
5000,0.0606736329589,0.0610942024906,0.0608835545761,0
5000,0.0610942024906,0.061517687271,0.061305579215,0
5000,0.061517687271,0.0619441075077,0.0617305291889,0
5000,0.0619441075077,0.0623734835482,0.0621584247753,0
5000,0.0623734835482,0.0628058358813,0.0625892863921,0
5000,0.0628058358813,0.0632411851376,0.0630231345991,0
5000,0.0632411851376,0.0636795520908,0.0634599900981,0
5000,0.0636795520908,0.0641209576585,0.0638998737348,0
5000,0.0641209576585,0.0645654229035,0.0643428064992,0
5000,0.0645654229035,0.0650129690343,0.0647888095269,0
5000,0.0650129690343,0.0654636174067,0.0652379040998,0
5000,0.0654636174067,0.0659173895244,0.0656901116476,0
5000,0.0659173895244,0.0663743070402,0.0661454537484,0
5000,0.0663743070402,0.0668343917569,0.0666039521298,0
5000,0.0668343917569,0.0672976656284,0.0670656286702,0
5000,0.0672976656284,0.0677641507611,0.0675305053995,0
5000,0.0677641507611,0.0682338694142,0.0679986045003,0
5000,0.0682338694142,0.0687068440014,0.0684699483091,0
5000,0.0687068440014,0.0691830970919,0.0689445593171,0
5000,0.0691830970919,0.0696626514111,0.0694224601714,0
5000,0.0696626514111,0.070145529842,0.0699036736762,0
5000,0.070145529842,0.0706317554263,0.0703882227936,0
5000,0.0706317554263,0.0711213513653,0.0708761306451,0
5000,0.0711213513653,0.0716143410213,0.0713674205122,0
5000,0.0716143410213,0.0721107479183,0.071862115838,0
5000,0.0721107479183,0.0726105957435,0.072360240228,0
5000,0.0726105957435,0.0731139083483,0.0728618174513,0
5000,0.0731139083483,0.0736207097495,0.0733668714418,0
5000,0.0736207097495,0.0741310241301,0.0738754262994,0
5000,0.0741310241301,0.074644875841,0.0743875062908,0
5000,0.074644875841,0.0751622894018,0.0749031358511,0
5000,0.0751622894018,0.0756832895021,0.0754223395848,0
5000,0.0756832895021,0.0762079010025,0.0759451422668,0
5000,0.0762079010025,0.0767361489362,0.0764715688439,0
5000,0.0767361489362,0.0772680585096,0.0770016444357,0
5000,0.0772680585096,0.077803655104,0.077535394336,0
5000,0.077803655104,0.0783429642766,0.0780728440138,0
5000,0.0783429642766,0.0788860117619,0.0786140191148,0
5000,0.0788860117619,0.0794328234724,0.0791589454624,0
5000,0.0794328234724,0.0799834255007,0.079707649059,0
5000,0.0799834255007,0.0805378441199,0.0802601560873,0
5000,0.0805378441199,0.0810961057854,0.0808164929113,0
5000,0.0810961057854,0.0816582371359,0.0813766860779,0
5000,0.0816582371359,0.0822242649947,0.081940762318,0
5000,0.0822242649947,0.0827942163712,0.0825087485479,0
5000,0.0827942163712,0.083368118462,0.0830806718702,0
5000,0.083368118462,0.0839459986519,0.0836565595756,0
5000,0.0839459986519,0.084527884516,0.0842364391438,0
5000,0.084527884516,0.0851138038202,0.0848203382452,0
5000,0.0851138038202,0.085703784523,0.0854082847419,0
5000,0.085703784523,0.0862978547767,0.0860003066889,0
5000,0.0862978547767,0.0868960429286,0.086596432336,0
5000,0.0868960429286,0.0874983775227,0.0871966901287,0
5000,0.0874983775227,0.0881048873008,0.0878011087097,0
5000,0.0881048873008,0.0887156012038,0.08840971692,0
5000,0.0887156012038,0.0893305483733,0.089022543801,0
5000,0.0893305483733,0.089949758153,0.089639618595,0
5000,0.089949758153,0.0905732600898,0.0902609707471,0
5000,0.0905732600898,0.0912010839356,0.0908866299066,0
5000,0.0912010839356,0.0918332596484,0.0915166259281,0
5000,0.0918332596484,0.0924698173938,0.0921509888735,0
5000,0.0924698173938,0.0931107875468,0.0927897490127,0
5000,0.0931107875468,0.0937562006926,0.0934329368257,0
5000,0.0937562006926,0.0944060876286,0.0940805830037,0
5000,0.0944060876286,0.0950604793656,0.0947327184504,0
5000,0.0950604793656,0.0957194071295,0.0953893742842,0
5000,0.0957194071295,0.0963829023624,0.0960505818387,0
5000,0.0963829023624,0.0970509967245,0.096716372665,0
5000,0.0970509967245,0.0977237220956,0.0973867785329,0
5000,0.0977237220956,0.0984011105761,0.0980618314322,0
5000,0.0984011105761,0.0990831944893,0.0987415635747,0
5000,0.0990831944893,0.0997700063823,0.0994260073953,0
5000,0.0997700063823,0.100461579028,0.100115195554,0
5000,0.100461579028,0.101157945426,0.100809160936,0
5000,0.101157945426,0.101859138805,0.101507936657,0
5000,0.101859138805,0.102565192625,0.10221155606,0
5000,0.102565192625,0.103276140576,0.102920052719,0
5000,0.103276140576,0.103992016583,0.103633460443,0
5000,0.103992016583,0.104712854805,0.104351813273,0
5000,0.104712854805,0.105438689639,0.105075145487,0
5000,0.105438689639,0.10616955572,0.1058034916,0
5000,0.10616955572,0.106905487922,0.106536886367,0
5000,0.106905487922,0.107646521363,0.107275364784,0
5000,0.107646521363,0.108392691402,0.108018962088,0
5000,0.108392691402,0.109144033645,0.108767713763,0
5000,0.109144033645,0.109900583943,0.109521655537,0
5000,0.109900583943,0.110662378398,0.110280823385,0
5000,0.110662378398,0.111429453359,0.111045253533,0
5000,0.111429453359,0.11220184543,0.111814982458,0
5000,0.11220184543,0.112979591467,0.112590046889,0
5000,0.112979591467,0.113762728582,0.113370483811,0
5000,0.113762728582,0.114551294145,0.114156330462,0
5000,0.114551294145,0.115345325782,0.114947624342,0
5000,0.115345325782,0.116144861384,0.115744403209,0
5000,0.116144861384,0.116949939102,0.116546705084,0
5000,0.116949939102,0.117760597352,0.117354568249,0
5000,0.117760597352,0.118576874817,0.118168031254,0
5000,0.118576874817,0.119398810446,0.118987132916,0
5000,0.119398810446,0.120226443462,0.119811912319,0
5000,0.120226443462,0.121059813355,0.12064240882,0
5000,0.121059813355,0.121898959892,0.121478662047,0
5000,0.121898959892,0.122743923116,0.122320711905,0
5000,0.122743923116,0.123594743344,0.123168598574,0
5000,0.123594743344,0.124451461177,0.124022362512,0
5000,0.124451461177,0.125314117494,0.124882044459,0
5000,0.125314117494,0.126182753459,0.125747685437,0
5000,0.126182753459,0.127057410521,0.126619326751,0
5000,0.127057410521,0.127938130416,0.127497009994,0
5000,0.127938130416,0.128824955169,0.128380777047,0
5000,0.128824955169,0.129717927098,0.129270670081,0
5000,0.129717927098,0.130617088813,0.130166731558,0
5000,0.130617088813,0.131522483219,0.131069004237,0
5000,0.131522483219,0.132434153519,0.131977531171,0
5000,0.132434153519,0.133352143216,0.132892355713,0
5000,0.133352143216,0.134276496114,0.133813521515,0
5000,0.134276496114,0.135207256319,0.134741072534,0
5000,0.135207256319,0.136144468247,0.13567505303,0
5000,0.136144468247,0.137088176616,0.136615507569,0
5000,0.137088176616,0.13803842646,0.137562481028,0
5000,0.13803842646,0.138995263121,0.138516018592,0
5000,0.138995263121,0.139958732257,0.139476165764,0
5000,0.139958732257,0.140928879842,0.140442968358,0
5000,0.140928879842,0.141905752169,0.141416472507,0
5000,0.141905752169,0.142889395851,0.142396724665,0
5000,0.142889395851,0.143879857826,0.143383771606,0
5000,0.143879857826,0.144877185354,0.144377660429,0
5000,0.144877185354,0.145881426028,0.145378438561,0
5000,0.145881426028,0.146892627764,0.146386153755,0
5000,0.146892627764,0.147910838817,0.147400854097,0
5000,0.147910838817,0.148936107771,0.148422588006,0
5000,0.148936107771,0.14996848355,0.149451404237,0
5000,0.14996848355,0.151008015416,0.15048735188,0
5000,0.151008015416,0.152054752973,0.15153048037,0
5000,0.152054752973,0.153108746168,0.152580839481,0
5000,0.153108746168,0.154170045295,0.153638479333,0
5000,0.154170045295,0.155238700996,0.154703450395,0
5000,0.155238700996,0.156314764264,0.155775803483,0
5000,0.156314764264,0.157398286447,0.156855589768,0
5000,0.157398286447,0.158489319246,0.157942860774,0
5000,0.158489319246,0.159587914724,0.159037668382,0
5000,0.159587914724,0.160694125301,0.160140064834,0
5000,0.160694125301,0.161808003764,0.161250102734,0
5000,0.161808003764,0.162929603264,0.162367835048,0
5000,0.162929603264,0.16405897732,0.163493315113,0
5000,0.16405897732,0.165196179823,0.164626596633,0
5000,0.165196179823,0.166341265037,0.165767733685,0
5000,0.166341265037,0.167494287603,0.166916780721,0
5000,0.167494287603,0.168655302539,0.168073792571,0
5000,0.168655302539,0.169824365246,0.169238824444,0
5000,0.169824365246,0.171001531509,0.170411931932,0
5000,0.171001531509,0.172186857499,0.171593171012,0
5000,0.172186857499,0.173380399775,0.172782598051,0
5000,0.173380399775,0.174582215292,0.173980269804,0
5000,0.174582215292,0.175792361396,0.175186243421,0
5000,0.175792361396,0.177010895832,0.176400576448,0
5000,0.177010895832,0.178237876745,0.177623326829,0
5000,0.178237876745,0.179473362683,0.178854552911,0
5000,0.179473362683,0.180717412601,0.180094313444,0
5000,0.180717412601,0.181970085861,0.181342667587,0
5000,0.181970085861,0.183231442237,0.182599674907,0
5000,0.183231442237,0.184501541918,0.183865395386,0
5000,0.184501541918,0.185780445509,0.185139889421,0
5000,0.185780445509,0.187068214037,0.186423217825,0
5000,0.187068214037,0.188364908949,0.187715441838,0
5000,0.188364908949,0.189670592121,0.189016623119,0
5000,0.189670592121,0.190985325857,0.190326823758,0
5000,0.190985325857,0.192309172891,0.191646106274,0
5000,0.192309172891,0.193642196395,0.192974533619,0
5000,0.193642196395,0.194984459976,0.194312169183,0
5000,0.194984459976,0.196336027684,0.195659076793,0
5000,0.196336027684,0.197696964011,0.197015320722,0
5000,0.197696964011,0.199067333899,0.198380965684,0
5000,0.199067333899,0.200447202737,0.199756076844,0
5000,0.200447202737,0.201836636368,0.20114071982,0
5000,0.201836636368,0.203235701094,0.202534960682,0
5000,0.203235701094,0.204644463672,0.203938865961,0
5000,0.204644463672,0.206062991327,0.205352502646,0
5000,0.206062991327,0.207491351745,0.206775938192,0
5000,0.207491351745,0.208929613085,0.208209240522,0
5000,0.208929613085,0.210377843977,0.209652478029,0
5000,0.210377843977,0.211836113525,0.211105719581,0
5000,0.211836113525,0.213304491315,0.212569034522,0
5000,0.213304491315,0.214783047413,0.214042492677,0
5000,0.214783047413,0.216271852373,0.215526164357,0
5000,0.216271852373,0.217770977235,0.217020120357,0
5000,0.217770977235,0.219280493535,0.218524431965,0
5000,0.219280493535,0.220800473302,0.220039170964,0
5000,0.220800473302,0.222330989065,0.221564409631,0
5000,0.222330989065,0.223872113857,0.223100220748,0
5000,0.223872113857,0.225423921215,0.224646677599,0
5000,0.225423921215,0.226986485188,0.226203853977,0
5000,0.226986485188,0.228559880338,0.227771824186,0
5000,0.228559880338,0.230144181741,0.229350663045,0
5000,0.230144181741,0.231739464997,0.230940445892,0
5000,0.231739464997,0.233345806228,0.232541248587,0
5000,0.233345806228,0.234963282085,0.234153147517,0
5000,0.234963282085,0.236591969749,0.235776219596,0
5000,0.236591969749,0.238231946936,0.237410542273,0
5000,0.238231946936,0.239883291902,0.239056193534,0
5000,0.239883291902,0.241546083444,0.240713251905,0
5000,0.241546083444,0.243220400907,0.242381796455,0
5000,0.243220400907,0.244906324184,0.244061906804,0
5000,0.244906324184,0.246603933723,0.245753663122,0
5000,0.246603933723,0.24831331053,0.247457146133,0
5000,0.24831331053,0.25003453617,0.249172437125,0
5000,0.25003453617,0.251767692776,0.250899617947,0
5000,0.251767692776,0.25351286305,0.252638771013,0
5000,0.25351286305,0.255270130266,0.254389979313,0
5000,0.255270130266,0.257039578277,0.256153326409,0
5000,0.257039578277,0.258821291515,0.257928896443,0
5000,0.258821291515,0.260615355,0.25971677414,0
5000,0.260615355,0.262421854338,0.261517044814,0
5000,0.262421854338,0.264240875732,0.263329794368,0
5000,0.264240875732,0.26607250598,0.265155109301,0
5000,0.26607250598,0.267916832482,0.266993076713,0
5000,0.267916832482,0.269773943244,0.268843784306,0
5000,0.269773943244,0.271643926884,0.270707320392,0
5000,0.271643926884,0.273526872631,0.272583773893,0
5000,0.273526872631,0.275422870334,0.274473234348,0
5000,0.275422870334,0.277332010465,0.276375791917,0
5000,0.277332010465,0.279254384124,0.278291537385,0
5000,0.279254384124,0.28119008304,0.280220562167,0
5000,0.28119008304,0.28313919958,0.282162958309,0
5000,0.28313919958,0.28510182675,0.284118818498,0
5000,0.28510182675,0.287078058202,0.286088236063,0
5000,0.287078058202,0.289067988237,0.288071304978,0
5000,0.289067988237,0.291071711807,0.290068119869,0
5000,0.291071711807,0.293089324525,0.292078776021,0
5000,0.293089324525,0.295120922667,0.294103369375,0
5000,0.295120922667,0.297166603174,0.296141996539,0
5000,0.297166603174,0.299226463661,0.298194754793,0
5000,0.299226463661,0.301300602419,0.300261742086,0
5000,0.301300602419,0.303389118419,0.302343057051,0
5000,0.303389118419,0.305492111322,0.304438799002,0
5000,0.305492111322,0.307609681474,0.306549067943,0
5000,0.307609681474,0.309741929922,0.308673964568,0
5000,0.309741929922,0.311888958409,0.310813590274,0
5000,0.311888958409,0.314050869388,0.312968047156,0
5000,0.314050869388,0.316227766017,0.31513743802,0
5000,0.316227766017,0.318419752173,0.317321866384,0
5000,0.318419752173,0.320626932451,0.319521436481,0
5000,0.320626932451,0.322849412171,0.32173625327,0
5000,0.322849412171,0.325087297385,0.323966422435,0
5000,0.325087297385,0.327340694879,0.326212050394,0
5000,0.327340694879,0.329609712177,0.328473244303,0
5000,0.329609712177,0.331894457553,0.330750112059,0
5000,0.331894457553,0.334195040026,0.333042762309,0
5000,0.334195040026,0.336511569375,0.335351304451,0
5000,0.336511569375,0.338844156139,0.337675848642,0
5000,0.338844156139,0.341192911622,0.340016505804,0
5000,0.341192911622,0.3435579479,0.342373387626,0
5000,0.3435579479,0.345939377826,0.344746606573,0
5000,0.345939377826,0.348337315036,0.347136275888,0
5000,0.348337315036,0.350751873953,0.349542509599,0
5000,0.350751873953,0.353183169792,0.351965422525,0
5000,0.353183169792,0.355631318569,0.354405130281,0
5000,0.355631318569,0.358096437103,0.356861749283,0
5000,0.358096437103,0.360578643022,0.359335396755,0
5000,0.360578643022,0.36307805477,0.361826190732,0
5000,0.36307805477,0.365594791613,0.364334250068,0
5000,0.365594791613,0.368128973643,0.366859694441,0
5000,0.368128973643,0.370680721783,0.369402644358,0
5000,0.370680721783,0.373250157796,0.371963221162,0
5000,0.373250157796,0.375837404288,0.374541547036,0
5000,0.375837404288,0.378442584717,0.377137745011,0
5000,0.378442584717,0.381065823394,0.379751938971,0
5000,0.381065823394,0.383707245492,0.382384253658,0
5000,0.383707245492,0.386366977054,0.385034814679,0
5000,0.386366977054,0.389045144994,0.38770374851,0
5000,0.389045144994,0.391741877108,0.390391182508,0
5000,0.391741877108,0.394457302075,0.393097244907,0
5000,0.394457302075,0.397191549469,0.395822064836,0
5000,0.397191549469,0.399944749761,0.398565772313,0
5000,0.399944749761,0.402717034325,0.401328498263,0
5000,0.402717034325,0.405508535448,0.404110374513,0
5000,0.405508535448,0.408319386333,0.406911533809,0
5000,0.408319386333,0.411149721105,0.409732109814,0
5000,0.411149721105,0.41399967482,0.412572237117,0
5000,0.41399967482,0.41686938347,0.415432051242,0
5000,0.41686938347,0.419758983991,0.418311688651,0
5000,0.419758983991,0.422668614266,0.421211286754,0
5000,0.422668614266,0.425598413134,0.42413098391,0
5000,0.425598413134,0.428548520397,0.427070919441,0
5000,0.428548520397,0.431519076828,0.430031233631,0
5000,0.431519076828,0.434510224172,0.433012067738,0
5000,0.434510224172,0.437522105158,0.436013564,0
5000,0.437522105158,0.440554863507,0.439035865641,0
5000,0.440554863507,0.443608643931,0.442079116876,0
5000,0.443608643931,0.446683592151,0.44514346292,0
5000,0.446683592151,0.449779854893,0.448229049997,0
5000,0.449779854893,0.452897579904,0.451336025341,0
5000,0.452897579904,0.456036915951,0.45446453721,0
5000,0.456036915951,0.459198012837,0.457614734886,0
5000,0.459198012837,0.462381021399,0.46078676869,0
5000,0.462381021399,0.465586093523,0.463980789982,0
5000,0.465586093523,0.468813382145,0.467196951172,0
5000,0.468813382145,0.472063041264,0.470435405726,0
5000,0.472063041264,0.475335225943,0.473696308175,0
5000,0.475335225943,0.478630092323,0.476979814119,0
5000,0.478630092323,0.481947797625,0.48028608024,0
5000,0.481947797625,0.485288500162,0.483615264302,0
5000,0.485288500162,0.488652359343,0.486967525166,0
5000,0.488652359343,0.492039535681,0.490343022792,0
5000,0.492039535681,0.495450190805,0.49374191825,0
5000,0.495450190805,0.49888448746,0.497164373725,0
5000,0.49888448746,0.502342589522,0.500610552529,0
5000,0.502342589522,0.505824662003,0.504080619103,0
5000,0.505824662003,0.509330871057,0.507574739029,0
5000,0.509330871057,0.512861383991,0.511093079037,0
5000,0.512861383991,0.516416369272,0.514635807014,0
5000,0.516416369272,0.519995996534,0.518203092007,0
5000,0.519995996534,0.523600436586,0.521795104239,0
5000,0.523600436586,0.527229861423,0.52541201511,0
5000,0.527229861423,0.530884444231,0.52905399721,0
5000,0.530884444231,0.534564359397,0.532721224323,0
5000,0.534564359397,0.538269782516,0.53641387144,0
5000,0.538269782516,0.542000890402,0.540132114765,0
5000,0.542000890402,0.545757861091,0.54387613172,0
5000,0.545757861091,0.549540873858,0.547646100962,0
5000,0.549540873858,0.553350109216,0.551442202382,0
5000,0.553350109216,0.557185748932,0.55526461712,0
5000,0.557185748932,0.561047976032,0.559113527571,0
5000,0.561047976032,0.564936974812,0.562989117394,0
5000,0.564936974812,0.568852930844,0.566891571523,0
5000,0.568852930844,0.572796030986,0.570821076172,0
5000,0.572796030986,0.576766463392,0.574777818846,0
5000,0.576766463392,0.580764417521,0.578761988349,0
5000,0.580764417521,0.584790084144,0.582773774796,0
5000,0.584790084144,0.588843655356,0.586813369619,0
5000,0.588843655356,0.59292532458,0.590880965575,0
5000,0.59292532458,0.597035286584,0.594976756759,0
5000,0.597035286584,0.601173737483,0.599100938611,0
5000,0.601173737483,0.605340874754,0.603253707927,0
5000,0.605340874754,0.60953689724,0.607435262864,0
5000,0.60953689724,0.613762005165,0.611645802955,0
5000,0.613762005165,0.618016400138,0.615885529115,0
5000,0.618016400138,0.622300285169,0.620154643654,0
5000,0.622300285169,0.626613864672,0.624453350281,0
5000,0.626613864672,0.63095734448,0.628781854118,0
5000,0.63095734448,0.635330931852,0.633140361711,0
5000,0.635330931852,0.639734835483,0.637529081035,0
5000,0.639734835483,0.644169265515,0.641948221508,0
5000,0.644169265515,0.648634433548,0.646397994,0
5000,0.648634433548,0.653130552647,0.65087861084,0
5000,0.653130552647,0.657657837355,0.655390285833,0
5000,0.657657837355,0.662216503702,0.659933234264,0
5000,0.662216503702,0.666806769214,0.664507672908,0
5000,0.666806769214,0.671428852926,0.669113820046,0
5000,0.671428852926,0.676082975392,0.673751895471,0
5000,0.676082975392,0.680769358694,0.678422120498,0
5000,0.680769358694,0.685488226453,0.683124717979,0
5000,0.685488226453,0.69023980384,0.687859912309,0
5000,0.69023980384,0.695024317589,0.692627929437,0
5000,0.695024317589,0.699841996002,0.697428996882,0
5000,0.699841996002,0.704693068967,0.702263343736,0
5000,0.704693068967,0.709577767963,0.707131200681,0
5000,0.709577767963,0.714496326076,0.712032799999,0
5000,0.714496326076,0.719448978004,0.71696837558,0
5000,0.719448978004,0.724435960075,0.721938162937,0
5000,0.724435960075,0.729457510255,0.726942399214,0
5000,0.729457510255,0.734513868157,0.7319813232,0
5000,0.734513868157,0.739605275058,0.737055175338,0
5000,0.739605275058,0.744731973906,0.742164197739,0
5000,0.744731973906,0.749894209332,0.747308634191,0
5000,0.749894209332,0.755092227665,0.752488730174,0
5000,0.755092227665,0.76032627694,0.757704732866,0
5000,0.76032627694,0.765596606911,0.762956891162,0
5000,0.765596606911,0.770903469064,0.768245455679,0
5000,0.770903469064,0.776247116629,0.773570678775,0
5000,0.776247116629,0.781627804588,0.778932814554,0
5000,0.781627804588,0.787045789695,0.784332118882,0
5000,0.787045789695,0.79250133048,0.7897688494,0
5000,0.79250133048,0.797994687268,0.795243265533,0
5000,0.797994687268,0.803526122186,0.800755628507,0
5000,0.803526122186,0.809095899178,0.806306201355,0
5000,0.809095899178,0.814704284021,0.811895248936,0
5000,0.814704284021,0.82035154433,0.817523037944,0
5000,0.82035154433,0.826037949577,0.823189836921,0
5000,0.826037949577,0.831763771103,0.828895916273,0
5000,0.831763771103,0.837529282127,0.834641548277,0
5000,0.837529282127,0.843334757764,0.8404270071,0
5000,0.843334757764,0.849180475036,0.846252568807,0
5000,0.849180475036,0.855066712885,0.852118511379,0
5000,0.855066712885,0.860993752185,0.858025114723,0
5000,0.860993752185,0.866961875758,0.863972660684,0
5000,0.866961875758,0.872971368388,0.869961433065,0
5000,0.872971368388,0.879022516831,0.875991717633,0
5000,0.879022516831,0.885115609831,0.882063802137,0
5000,0.885115609831,0.891250938134,0.888177976319,0
5000,0.891250938134,0.897428794501,0.894334531933,0
5000,0.897428794501,0.903649473722,0.900533762751,0
5000,0.903649473722,0.909913272632,0.906775964584,0
5000,0.909913272632,0.916220490122,0.913061435293,0
5000,0.916220490122,0.922571427155,0.919390474804,0
5000,0.922571427155,0.92896638678,0.925763385121,0
5000,0.92896638678,0.935405674148,0.932180470342,0
5000,0.935405674148,0.941889596523,0.938642036672,0
5000,0.941889596523,0.948418463301,0.945148392441,0
5000,0.948418463301,0.954992586021,0.951699848113,0
5000,0.954992586021,0.961612278384,0.958296716306,0
5000,0.961612278384,0.968277856261,0.964939311806,0
5000,0.968277856261,0.974989637717,0.971627951577,0
5000,0.974989637717,0.98174794302,0.978362954785,0
5000,0.98174794302,0.988553094657,0.985144642804,0
5000,0.988553094657,0.995405417352,0.991973339239,0
5000,0.995405417352,1.00230523808,0.998849369937,0
5000,1.00230523808,1.00925288608,1.005773063,0
5000,1.00925288608,1.01624869287,1.01274474881,0
5000,1.01624869287,1.02329299228,1.01976476004,0
5000,1.02329299228,1.03038612044,1.02683343167,0
5000,1.03038612044,1.03752841582,1.03395110098,0
5000,1.03752841582,1.04472021922,1.04111810762,0
5000,1.04472021922,1.05196187382,1.04833479358,0
5000,1.05196187382,1.05925372518,1.05560150322,0
5000,1.05925372518,1.06659612123,1.06291858328,0
5000,1.06659612123,1.07398941234,1.07028638291,0
5000,1.07398941234,1.0814339513,1.07770525369,0
5000,1.0814339513,1.08893009333,1.08517554963,0
5000,1.08893009333,1.09647819614,1.09269762719,0
5000,1.09647819614,1.1040786199,1.1002718453,0
5000,1.1040786199,1.11173172728,1.10789856537,0
5000,1.11173172728,1.11943788347,1.11557815135,0
5000,1.11943788347,1.12719745618,1.12331096967,0
5000,1.12719745618,1.13501081567,1.13109738933,0
5000,1.13501081567,1.14287833479,1.13893778188,0
5000,1.14287833479,1.15080038894,1.14683252142,0
5000,1.15080038894,1.15877735616,1.15478198469,0
5000,1.15877735616,1.16680961706,1.162786551,0
5000,1.16680961706,1.17489755494,1.17084660232,0
5000,1.17489755494,1.18304155573,1.17896252324,0
5000,1.18304155573,1.19124200803,1.18713470104,0
5000,1.19124200803,1.19949930315,1.19536352567,0
5000,1.19949930315,1.20781383511,1.20364938979,0
5000,1.20781383511,1.21618600065,1.21199268877,0
5000,1.21618600065,1.22461619927,1.22039382074,0
5000,1.22461619927,1.23310483323,1.22885318658,0
5000,1.23310483323,1.24165230759,1.23737118994,0
5000,1.24165230759,1.25025903022,1.24594823727,0
5000,1.25025903022,1.25892541179,1.25458473786,0
5000,1.25892541179,1.26765186586,1.26328110381,0
5000,1.26765186586,1.27643880881,1.27203775009,0
5000,1.27643880881,1.28528665994,1.28085509454,0
5000,1.28528665994,1.29419584145,1.2897335579,0
5000,1.29419584145,1.30316677845,1.29867356383,0
5000,1.30316677845,1.31219989902,1.30767553892,0
5000,1.31219989902,1.32129563419,1.31673991272,0
5000,1.32129563419,1.33045441798,1.32586711776,0
5000,1.33045441798,1.33967668743,1.33505758956,0
5000,1.33967668743,1.34896288259,1.34431176667,0
5000,1.34896288259,1.35831344659,1.35363009067,0
5000,1.35831344659,1.3677288256,1.36301300621,0
5000,1.3677288256,1.37720946889,1.37246096101,0
5000,1.37720946889,1.38675582887,1.3819744059,0
5000,1.38675582887,1.39636836106,1.39155379484,0
5000,1.39636836106,1.40604752413,1.40119958494,0
5000,1.40604752413,1.41579377996,1.41091223646,0
5000,1.41579377996,1.4256075936,1.42069221286,0
5000,1.4256075936,1.43548943335,1.43053998082,0
5000,1.43548943335,1.44543977075,1.44045601025,0
5000,1.44543977075,1.45545908058,1.4504407743,0
5000,1.45545908058,1.46554784096,1.46049474944,0
5000,1.46554784096,1.47570653328,1.4706184154,0
5000,1.47570653328,1.48593564229,1.48081225527,0
5000,1.48593564229,1.49623565609,1.49107675545,0
5000,1.49623565609,1.50660706619,1.50141240575,0
5000,1.50660706619,1.51705036746,1.51181969936,0
5000,1.51705036746,1.52756605824,1.52229913288,0
5000,1.52756605824,1.5381546403,1.53285120636,0
5000,1.5381546403,1.54881661891,1.54347642332,0
5000,1.54881661891,1.55955250283,1.55417529077,0
5000,1.55955250283,1.57036280433,1.56494831922,0
5000,1.57036280433,1.58124803927,1.57579602274,0
5000,1.58124803927,1.59220872705,1.58671891895,0
5000,1.59220872705,1.60324539069,1.59771752906,0
5000,1.60324539069,1.61435855683,1.60879237789,0
5000,1.61435855683,1.62554875575,1.6199439939,0
5000,1.62554875575,1.63681652143,1.63117290923,0
5000,1.63681652143,1.64816239153,1.64247965967,0
5000,1.64816239153,1.65958690744,1.65386478477,0
5000,1.65958690744,1.67109061431,1.66532882779,0
5000,1.67109061431,1.68267406107,1.67687233575,0
5000,1.68267406107,1.69433780045,1.68849585949,0
5000,1.69433780045,1.706082389,1.70019995364,0
5000,1.706082389,1.71790838716,1.7119851767,0
5000,1.71790838716,1.72981635922,1.72385209103,0
5000,1.72981635922,1.74180687339,1.73580126287,0
5000,1.74180687339,1.75388050184,1.74783326242,0
5000,1.75388050184,1.76603782069,1.7599486638,0
5000,1.76603782069,1.77827941004,1.77214804514,0
5000,1.77827941004,1.79060585404,1.78443198854,0
5000,1.79060585404,1.80301774086,1.79680108017,0
5000,1.80301774086,1.81551566277,1.80925591025,0
5000,1.81551566277,1.82810021614,1.82179707309,0
5000,1.82810021614,1.84077200147,1.83442516712,0
5000,1.84077200147,1.85353162341,1.84714079491,0
5000,1.85353162341,1.86637969083,1.85994456322,0
5000,1.86637969083,1.8793168168,1.87283708302,0
5000,1.8793168168,1.89234361864,1.88581896949,0
5000,1.89234361864,1.90546071796,1.8988908421,0
5000,1.90546071796,1.91866874067,1.9120533246,0
5000,1.91866874067,1.93196831702,1.92530704508,0
5000,1.93196831702,1.94536008162,1.93865263595,0
5000,1.94536008162,1.95884467351,1.95209073404,0
5000,1.95884467351,1.97242273611,1.96562198058,0
5000,1.97242273611,1.98609491736,1.97924702124,0
5000,1.98609491736,1.99986186963,1.99296650616,0
5000,1.99986186963,2.01372424986,2.00678109002,0
5000,2.01372424986,2.02768271952,2.02069143199,0
5000,2.02768271952,2.04173794467,2.03469819585,0
5000,2.04173794467,2.05589059598,2.04880204996,0
5000,2.05589059598,2.07014134879,2.06300366731,0
5000,2.07014134879,2.0844908831,2.07730372557,0
5000,2.0844908831,2.09893988362,2.0917029071,0
5000,2.09893988362,2.11348903984,2.10620189899,0
5000,2.11348903984,2.12813904598,2.12080139309,0
5000,2.12813904598,2.14289060112,2.13550208605,0
5000,2.14289060112,2.15774440915,2.15030467934,0
5000,2.15774440915,2.17270117886,2.16520987931,0
5000,2.17270117886,2.18776162395,2.18021839719,0
5000,2.18776162395,2.20292646305,2.19533094914,0
5000,2.20292646305,2.2181964198,2.2105482563,0
5000,2.2181964198,2.23357222283,2.22587104479,0
5000,2.23357222283,2.24905460584,2.24130004578,0
5000,2.24905460584,2.26464430759,2.2568359955,0
5000,2.26464430759,2.280342072,2.27247963527,0
5000,2.280342072,2.29614864811,2.28823171158,0
5000,2.29614864811,2.31206479018,2.30409297606,0
5000,2.31206479018,2.32809125767,2.32006418557,0
5000,2.32809125767,2.34422881532,2.33614610222,0
5000,2.34422881532,2.36047823318,2.35233949339,0
5000,2.36047823318,2.37684028662,2.36864513178,0
5000,2.37684028662,2.39331575641,2.38506379547,0
5000,2.39331575641,2.40990542869,2.40159626789,0
5000,2.40990542869,2.42661009508,2.41824333793,0
5000,2.42661009508,2.44343055269,2.43500579995,0
5000,2.44343055269,2.46036760415,2.45188445381,0
5000,2.46036760415,2.47742205763,2.46888010491,0
5000,2.47742205763,2.49459472694,2.48599356423,0
5000,2.49459472694,2.51188643151,2.50322564838,0
5000,2.51188643151,2.52929799645,2.52057717964,0
5000,2.52929799645,2.54683025259,2.53804898596,0
5000,2.54683025259,2.56448403652,2.55564190106,0
5000,2.56448403652,2.58226019063,2.57335676443,0
5000,2.58226019063,2.60015956317,2.59119442135,0
5000,2.60015956317,2.61818300822,2.60915572301,0
5000,2.61818300822,2.63633138583,2.62724152647,0
5000,2.63633138583,2.65460556198,2.64545269472,0
5000,2.65460556198,2.67300640866,2.66379009677,0
5000,2.67300640866,2.69153480393,2.68225460761,0
5000,2.69153480393,2.71019163189,2.70084710832,0
5000,2.71019163189,2.72897778281,2.7195684861,0
5000,2.72897778281,2.7478941531,2.73841963426,0
5000,2.7478941531,2.76694164541,2.75740145235,0
5000,2.76694164541,2.78612116863,2.77651484611,0
5000,2.78612116863,2.80543363795,2.79576072758,0
5000,2.80543363795,2.82487997492,2.81514001513,0
5000,2.82487997492,2.84446110745,2.83465363349,0
5000,2.84446110745,2.86417796991,2.85430251379,0
5000,2.86417796991,2.88403150313,2.87408759362,0
5000,2.88403150313,2.90402265446,2.89400981707,0
5000,2.90402265446,2.92415237784,2.91407013477,0
5000,2.92415237784,2.9444216338,2.93426950396,0
5000,2.9444216338,2.96483138952,2.95460888848,0
5000,2.96483138952,2.98538261892,2.97508925888,0
5000,2.98538261892,3.00607630263,2.99571159243,0
5000,3.00607630263,3.0269134281,3.01647687316,0
5000,3.0269134281,3.04789498963,3.03738609195,0
5000,3.04789498963,3.06902198839,3.05844024651,0
5000,3.06902198839,3.09029543251,3.0796403415,0
5000,3.09029543251,3.11171633711,3.10098738853,0
5000,3.11171633711,3.13328572432,3.12248240622,0
5000,3.13328572432,3.15500462337,3.14412642026,0
5000,3.15500462337,3.17687407065,3.16592046343,0
5000,3.17687407065,3.19889510969,3.1878655757,0
5000,3.19889510969,3.22106879128,3.20996280421,0
5000,3.22106879128,3.24339617349,3.2322132034,0
5000,3.24339617349,3.26587832172,3.25461783498,0
5000,3.26587832172,3.28851630876,3.27717776805,0
5000,3.28851630876,3.31131121483,3.29989407911,0
5000,3.31131121483,3.33426412763,3.32276785211,0
5000,3.33426412763,3.35737614243,3.34580017853,0
5000,3.35737614243,3.38064836206,3.36899215741,0
5000,3.38064836206,3.40408189701,3.39234489541,0
5000,3.40408189701,3.42767786546,3.41585950686,0
5000,3.42767786546,3.45143739336,3.43953711381,0
5000,3.45143739336,3.47536161443,3.46337884608,0
5000,3.47536161443,3.49945167028,3.48738584135,0
5000,3.49945167028,3.52370871042,3.51155924516,0
5000,3.52370871042,3.54813389234,3.535900211,0
5000,3.54813389234,3.57272838152,3.56040990036,0
5000,3.57272838152,3.59749335156,3.58508948277,0
5000,3.59749335156,3.62242998417,3.60994013586,0
5000,3.62242998417,3.64753946926,3.63496304546,0
5000,3.64753946926,3.67282300498,3.66015940558,0
5000,3.67282300498,3.6982817978,3.68553041852,0
5000,3.6982817978,3.72391706255,3.71107729493,0
5000,3.72391706255,3.74973002245,3.73680125382,0
5000,3.74973002245,3.77572190925,3.76270352268,0
5000,3.77572190925,3.80189396321,3.78878533748,0
5000,3.80189396321,3.82824743317,3.81504794279,0
5000,3.82824743317,3.85478357666,3.84149259179,0
5000,3.85478357666,3.88150365991,3.86812054633,0
5000,3.88150365991,3.90840895792,3.89493307704,0
5000,3.90840895792,3.93550075456,3.92193146333,0
5000,3.93550075456,3.96278034255,3.94911699349,0
5000,3.96278034255,3.99024902362,3.97649096475,0
5000,3.99024902362,4.01790810849,4.00405468331,0
5000,4.01790810849,4.04575891697,4.03180946443,0
5000,4.04575891697,4.07380277804,4.05975663252,0
5000,4.07380277804,4.10204102987,4.08789752111,0
5000,4.10204102987,4.1304750199,4.11623347303,0
5000,4.1304750199,4.15910610494,4.14476584038,0
5000,4.15910610494,4.18793565118,4.17349598465,0
5000,4.18793565118,4.21696503429,4.20242527677,0
5000,4.21696503429,4.24619563946,4.23155509717,0
5000,4.24619563946,4.27562886152,4.26088683583,0
5000,4.27562886152,4.30526610492,4.29042189239,0
5000,4.30526610492,4.33510878388,4.32016167618,0
5000,4.33510878388,4.3651583224,4.35010760631,0
5000,4.3651583224,4.39541615438,4.3802611117,0
5000,4.39541615438,4.42588372363,4.41062363121,0
5000,4.42588372363,4.45656248398,4.44119661366,0
5000,4.45656248398,4.48745389933,4.47198151789,0
5000,4.48745389933,4.51855944375,4.50297981288,0
5000,4.51855944375,4.5498806015,4.53419297779,0
5000,4.5498806015,4.58141886715,4.56562250202,0
5000,4.58141886715,4.6131757456,4.59726988531,0
5000,4.6131757456,4.64515275223,4.62913663778,0
5000,4.64515275223,4.67735141287,4.66122428002,0
5000,4.67735141287,4.70977326397,4.69353434317,0
5000,4.70977326397,4.7424198526,4.72606836898,0
5000,4.7424198526,4.77529273658,4.75882790989,0
5000,4.77529273658,4.8083934845,4.79181452908,0
5000,4.8083934845,4.84172367584,4.8250298006,0
5000,4.84172367584,4.87528490103,4.85847530937,0
5000,4.87528490103,4.90907876153,4.89215265134,0
5000,4.90907876153,4.94310686987,4.9260634335,0
5000,4.94310686987,4.97737084979,4.96020927396,0
5000,4.97737084979,5.01187233627,4.99459180208,0
5000,5.01187233627,5.04661297564,5.0292126585,0
5000,5.04661297564,5.08159442561,5.06407349524,0
5000,5.08159442561,5.1168183554,5.09917597575,0
5000,5.1168183554,5.15228644582,5.13452177503,0
5000,5.15228644582,5.18800038929,5.17011257969,0
5000,5.18800038929,5.22396188999,5.20595008802,0
5000,5.22396188999,5.26017266391,5.24203601008,0
5000,5.26017266391,5.29663443892,5.27837206782,0
5000,5.29663443892,5.33334895488,5.31495999507,0
5000,5.33334895488,5.3703179637,5.35180153771,0
5000,5.3703179637,5.40754322946,5.38889845373,0
5000,5.40754322946,5.44502652842,5.42625251329,0
5000,5.44502652842,5.48276964921,5.46386549882,0
5000,5.48276964921,5.52077439281,5.50173920511,0
5000,5.52077439281,5.5590425727,5.53987543939,0
5000,5.5590425727,5.59757601495,5.57827602141,0
5000,5.59757601495,5.63637655826,5.61694278356,0
5000,5.63637655826,5.67544605409,5.65587757089,0
5000,5.67544605409,5.71478636672,5.69508224128,0
5000,5.71478636672,5.75439937337,5.73455866546,0
5000,5.75439937337,5.79428696427,5.77430872714,0
5000,5.79428696427,5.83445104274,5.81433432308,0
5000,5.83445104274,5.8748935253,5.85463736321,0
5000,5.8748935253,5.91561634175,5.89521977065,0
5000,5.91561634175,5.95662143529,5.93608348191,0
5000,5.95662143529,5.99791076256,5.97723044689,0
5000,5.99791076256,6.03948629376,6.018662629,0
5000,6.03948629376,6.08135001279,6.06038200527,0
5000,6.08135001279,6.12350391725,6.10239056645,0
5000,6.12350391725,6.16595001861,6.14469031706,0
5000,6.16595001861,6.2086903423,6.18728327553,0
5000,6.2086903423,6.25172692776,6.23017147429,0
5000,6.25172692776,6.29506182857,6.27335695984,0
5000,6.29506182857,6.33869711257,6.31684179288,0
5000,6.33869711257,6.38263486191,6.36062804837,0
5000,6.38263486191,6.42687717317,6.40471781569,0
5000,6.42687717317,6.47142615749,6.44911319868,0
5000,6.47142615749,6.51628394061,6.49381631576,0
5000,6.51628394061,6.56145266303,6.53882930005,0
5000,6.56145266303,6.60693448008,6.58415429943,0
5000,6.60693448008,6.65273156202,6.62979347671,0
5000,6.65273156202,6.69884609417,6.67574900964,0
5000,6.69884609417,6.74528027698,6.72202309112,0
5000,6.74528027698,6.79203632617,6.7686179292,0
5000,6.79203632617,6.83911647281,6.81553574727,0
5000,6.83911647281,6.88652296344,6.86277878411,0
5000,6.88652296344,6.93425806017,6.91034929405,0
5000,6.93425806017,6.98232404077,6.95824954701,0
5000,6.98232404077,7.03072319884,7.00648182865,0
5000,7.03072319884,7.07945784384,7.05504844051,0
5000,7.07945784384,7.12853030127,7.10395170003,0
5000,7.12853030127,7.17794291271,7.15319394075,0
5000,7.17794291271,7.22769803602,7.20277751238,0
5000,7.22769803602,7.27779804537,7.25270478091,0
5000,7.27779804537,7.32824533139,7.30297812873,0
5000,7.32824533139,7.37904230129,7.35359995475,0
5000,7.37904230129,7.43019137897,7.40457267451,0
5000,7.43019137897,7.48169500511,7.45589872028,0
5000,7.48169500511,7.53355563734,7.5075805412,0
5000,7.53355563734,7.58577575029,7.55962060339,0
5000,7.58577575029,7.63835783578,7.61202139006,0
5000,7.63835783578,7.69130440287,7.66478540163,0
5000,7.69130440287,7.74461797803,7.71791515585,0
5000,7.74461797803,7.79830110523,7.77141318794,0
5000,7.79830110523,7.8523563461,7.82528205067,0
5000,7.8523563461,7.90678628,7.87952431451,0
5000,7.90678628,7.96159350417,7.93414256777,0
5000,7.96159350417,8.01678063388,7.98913941667,0
5000,8.01678063388,8.07235030249,8.04451748552,0
5000,8.07235030249,8.12830516164,8.1002794168,0
5000,8.12830516164,8.18464788135,8.15642787133,0
5000,8.18464788135,8.24138115013,8.21296552835,0
5000,8.24138115013,8.29850767514,8.26989508568,0
5000,8.29850767514,8.35603018231,8.32721925985,0
5000,8.35603018231,8.41395141645,8.38494078622,0
5000,8.41395141645,8.47227414141,8.44306241909,0
5000,8.47227414141,8.53100114018,8.50158693187,0
5000,8.53100114018,8.59013521505,8.5605171172,0
5000,8.59013521505,8.64967918776,8.61985578706,0
5000,8.64967918776,8.70963589956,8.67960577292,0
5000,8.70963589956,8.77000821144,8.73976992591,0
5000,8.77000821144,8.83079900419,8.80035111687,0
5000,8.83079900419,8.89201117858,8.86135223659,0
5000,8.89201117858,8.9536476555,8.92277619588,0
5000,8.9536476555,9.01571137606,8.98462592571,0
5000,9.01571137606,9.07820530178,9.04690437738,0
5000,9.07820530178,9.1411324147,9.10961452266,0
5000,9.1411324147,9.20449571753,9.1727593539,0
5000,9.20449571753,9.26829823379,9.2363418842,0
5000,9.26829823379,9.33254300797,9.30036514754,0
5000,9.33254300797,9.39723310565,9.36483219894,0
5000,9.39723310565,9.46237161366,9.4297461146,0
5000,9.46237161366,9.52796164024,9.49510999202,0
5000,9.52796164024,9.59400631516,9.5609269502,0
5000,9.59400631516,9.6605087899,9.62720012973,0
5000,9.6605087899,9.72747223777,9.693932693,0
5000,9.72747223777,9.79489985409,9.7611278243,0
5000,9.79489985409,9.86279485631,9.82878873,0
5000,9.86279485631,9.93116048421,9.89691863869,0
5000,9.93116048421,10,9.96552080135,0
5200,0.01,0.0100693166885,0.0100345984915,0
5200,0.0100693166885,0.0101391138574,0.0101041550053,0
5200,0.0101391138574,0.0102093948371,0.0101741936618,0
5200,0.0102093948371,0.0102801629813,0.0102447178031,0
5200,0.0102801629813,0.0103514216668,0.0103157307944,0
5200,0.0103514216668,0.0104231742939,0.0103872360242,0
5200,0.0104231742939,0.0104954242865,0.0104592369046,0
5200,0.0104954242865,0.0105681750921,0.0105317368713,0
5200,0.0105681750921,0.0106414301822,0.0106047393837,0
5200,0.0106414301822,0.0107151930524,0.0106782479254,0
5200,0.0107151930524,0.0107894672223,0.0107522660039,0
5200,0.0107894672223,0.0108642562362,0.0108267971513,0
5200,0.0108642562362,0.0109395636627,0.0109018449239,0
5200,0.0109395636627,0.0110153930954,0.0109774129027,0
5200,0.0110153930954,0.0110917481526,0.0110535046938,0
5200,0.0110917481526,0.0111686324778,0.011130123928,0
5200,0.0111686324778,0.0112460497397,0.0112072742614,0
5200,0.0112460497397,0.0113240036324,0.0112849593753,0
5200,0.0113240036324,0.0114024978756,0.0113631829767,0
5200,0.0114024978756,0.011481536215,0.0114419487982,0
5200,0.011481536215,0.0115611224219,0.0115212605983,0
5200,0.0115611224219,0.0116412602941,0.0116011221615,0
5200,0.0116412602941,0.0117219536555,0.0116815372986,0
5200,0.0117219536555,0.0118032063565,0.0117625098468,0
5200,0.0118032063565,0.0118850222744,0.01184404367,0
5200,0.0118850222744,0.0119674053131,0.0119261426586,0
5200,0.0119674053131,0.0120503594037,0.0120088107301,0
5200,0.0120503594037,0.0121338885046,0.0120920518294,0
5200,0.0121338885046,0.0122179966016,0.0121758699285,0
5200,0.0122179966016,0.0123026877081,0.0122602690268,0
5200,0.0123026877081,0.0123879658653,0.0123452531517,0
5200,0.0123879658653,0.0124738351424,0.0124308263584,0
5200,0.0124738351424,0.0125602996369,0.0125169927303,0
5200,0.0125602996369,0.0126473634747,0.0126037563789,0
5200,0.0126473634747,0.0127350308102,0.0126911214445,0
5200,0.0127350308102,0.0128233058266,0.0127790920957,0
5200,0.0128233058266,0.0129121927361,0.0128676725303,0
5200,0.0129121927361,0.0130016957803,0.0129568669752,0
5200,0.0130016957803,0.01309181923,0.0130466796864,0
5200,0.01309181923,0.0131825673856,0.0131371149496,0
5200,0.0131825673856,0.0132739445773,0.0132281770801,0
5200,0.0132739445773,0.0133659551655,0.0133198704231,0
5200,0.0133659551655,0.0134586035406,0.0134121993541,0
5200,0.0134586035406,0.0135518941235,0.0135051682786,0
5200,0.0135518941235,0.0136458313659,0.0135987816328,0
5200,0.0136458313659,0.0137404197501,0.0136930438839,0
5200,0.0137404197501,0.0138356637897,0.0137879595297,0
5200,0.0138356637897,0.0139315680295,0.0138835330993,0
5200,0.0139315680295,0.0140281370456,0.0139797691532,0
5200,0.0140281370456,0.0141253754462,0.0140766722836,0
5200,0.0141253754462,0.0142232878712,0.0141742471144,0
5200,0.0142232878712,0.0143218789927,0.0142724983016,0
5200,0.0143218789927,0.0144211535152,0.0143714305336,0
5200,0.0144211535152,0.0145211161759,0.0144710485309,0
5200,0.0145211161759,0.0146217717446,0.0145713570473,0
5200,0.0146217717446,0.0147231250243,0.0146723608691,0
5200,0.0147231250243,0.0148251808515,0.0147740648159,0
5200,0.0148251808515,0.0149279440958,0.0148764737408,0
5200,0.0149279440958,0.0150314196609,0.0149795925304,0
5200,0.0150314196609,0.0151356124844,0.0150834261054,0
5200,0.0151356124844,0.015240527538,0.0151879794203,0
5200,0.015240527538,0.015346169828,0.0152932574642,0
5200,0.015346169828,0.0154525443954,0.0153992652606,0
5200,0.0154525443954,0.0155596563161,0.0155060078679,0
5200,0.0155596563161,0.0156675107011,0.0156134903797,0
5200,0.0156675107011,0.015776112697,0.0157217179246,0
5200,0.015776112697,0.015885467486,0.0158306956671,0
5200,0.015885467486,0.0159955802861,0.0159404288071,0
5200,0.0159955802861,0.0161064563518,0.016050922581,0
5200,0.0161064563518,0.0162181009736,0.0161621822611,0
5200,0.0162181009736,0.0163305194789,0.0162742131564,0
5200,0.0163305194789,0.0164437172321,0.0163870206128,0
5200,0.0164437172321,0.0165576996347,0.0165006100132,0
5200,0.0165576996347,0.0166724721255,0.0166149867777,0
5200,0.0166724721255,0.0167880401812,0.016730156364,0
5200,0.0167880401812,0.0169044093164,0.0168461242677,0
5200,0.0169044093164,0.0170215850839,0.0169628960226,0
5200,0.0170215850839,0.0171395730751,0.0170804772006,0
5200,0.0171395730751,0.0172583789199,0.0171988734124,0
5200,0.0172583789199,0.0173780082875,0.0173180903075,0
5200,0.0173780082875,0.0174984668862,0.0174381335747,0
5200,0.0174984668862,0.0176197604641,0.017559008942,0
5200,0.0176197604641,0.0177418948089,0.0176807221773,0
5200,0.0177418948089,0.0178648757485,0.0178032790885,0
5200,0.0178648757485,0.0179887091513,0.0179266855237,0
5200,0.0179887091513,0.0181134009262,0.0180509473713,0
5200,0.0181134009262,0.0182389570232,0.018176070561,0
5200,0.0182389570232,0.0183653834335,0.0183020610631,0
5200,0.0183653834335,0.0184926861898,0.0184289248897,0
5200,0.0184926861898,0.0186208713666,0.0185566680943,0
5200,0.0186208713666,0.0187499450807,0.0186852967726,0
5200,0.0187499450807,0.018879913491,0.0188148170622,0
5200,0.018879913491,0.0190107827992,0.0189452351436,0
5200,0.0190107827992,0.0191425592502,0.0190765572399,0
5200,0.0191425592502,0.0192752491319,0.0192087896175,0
5200,0.0192752491319,0.0194088587759,0.0193419385862,0
5200,0.0194088587759,0.0195433945578,0.0194760104994,0
5200,0.0195433945578,0.0196788628971,0.0196110117548,0
5200,0.0196788628971,0.0198152702581,0.0197469487941,0
5200,0.0198152702581,0.0199526231497,0.019883828104,0
5200,0.0199526231497,0.0200909281261,0.0200216562159,0
5200,0.0200909281261,0.0202301917868,0.0201604397066,0
5200,0.0202301917868,0.0203704207771,0.0203001851986,0
5200,0.0203704207771,0.0205116217883,0.02044089936,0
5200,0.0205116217883,0.0206538015581,0.0205825889054,0
5200,0.0206538015581,0.020796966871,0.0207252605958,0
5200,0.020796966871,0.0209411245585,0.0208689212391,0
5200,0.0209411245585,0.0210862814993,0.0210135776905,0
5200,0.0210862814993,0.02123244462,0.0211592368524,0
5200,0.02123244462,0.021379620895,0.0213059056754,0
5200,0.021379620895,0.0215278173472,0.0214535911582,0
5200,0.0215278173472,0.0216770410482,0.0216023003477,0
5200,0.0216770410482,0.0218272991184,0.0217520403402,0
5200,0.0218272991184,0.0219785987278,0.0219028182807,0
5200,0.0219785987278,0.0221309470961,0.0220546413639,0
5200,0.0221309470961,0.0222843514927,0.0222075168345,0
5200,0.0222843514927,0.0224388192378,0.0223614519872,0
5200,0.0224388192378,0.0225943577022,0.0225164541674,0
5200,0.0225943577022,0.0227509743077,0.0226725307715,0
5200,0.0227509743077,0.0229086765277,0.0228296892468,0
5200,0.0229086765277,0.0230674718872,0.0229879370926,0
5200,0.0230674718872,0.0232273679636,0.0231472818602,0
5200,0.0232273679636,0.0233883723866,0.0233077311528,0
5200,0.0233883723866,0.023550492839,0.0234692926269,0
5200,0.023550492839,0.0237137370566,0.0236319739915,0
5200,0.0237137370566,0.0238781128291,0.0237957830096,0
5200,0.0238781128291,0.0240436280001,0.0239607274975,0
5200,0.0240436280001,0.0242102904674,0.0241268153259,0
5200,0.0242102904674,0.0243781081837,0.0242940544202,0
5200,0.0243781081837,0.0245470891569,0.0244624527605,0
5200,0.0245470891569,0.0247172414502,0.0246320183824,0
5200,0.0247172414502,0.0248885731828,0.0248027593769,0
5200,0.0248885731828,0.0250610925303,0.0249746838915,0
5200,0.0250610925303,0.0252348077248,0.02514780013,0
5200,0.0252348077248,0.0254097270555,0.0253221163528,0
5200,0.0254097270555,0.0255858588691,0.025497640878,0
5200,0.0255858588691,0.02576321157,0.0256743820811,0
5200,0.02576321157,0.0259417936212,0.0258523483956,0
5200,0.0259417936212,0.026121613544,0.0260315483137,0
5200,0.026121613544,0.026302679919,0.0262119903864,0
5200,0.026302679919,0.0264850013861,0.0263936832237,0
5200,0.0264850013861,0.0266685866452,0.0265766354955,0
5200,0.0266685866452,0.0268534444566,0.026760855932,0
5200,0.0268534444566,0.0270395836411,0.0269463533235,0
5200,0.0270395836411,0.0272270130808,0.0271331365215,0
5200,0.0272270130808,0.0274157417193,0.0273212144388,0
5200,0.0274157417193,0.0276057785622,0.0275105960499,0
5200,0.0276057785622,0.0277971326776,0.0277012903916,0
5200,0.0277971326776,0.0279898131963,0.0278933065634,0
5200,0.0279898131963,0.0281838293126,0.0280866537277,0
5200,0.0281838293126,0.0283791902844,0.0282813411105,0
5200,0.0283791902844,0.0285759054337,0.0284773780017,0
5200,0.0285759054337,0.0287739841474,0.0286747737558,0
5200,0.0287739841474,0.028973435877,0.0288735377919,0
5200,0.028973435877,0.02917427014,0.0290736795944,0
5200,0.02917427014,0.0293764965196,0.0292752087137,0
5200,0.0293764965196,0.0295801246655,0.0294781347661,0
5200,0.0295801246655,0.0297851642943,0.0296824674346,0
5200,0.0297851642943,0.0299916251899,0.0298882164696,0
5200,0.0299916251899,0.030199517204,0.0300953916887,0
5200,0.030199517204,0.0304088502568,0.0303040029779,0
5200,0.0304088502568,0.0306196343369,0.0305140602914,0
5200,0.0306196343369,0.0308318795025,0.0307255736527,0
5200,0.0308318795025,0.0310455958813,0.0309385531545,0
5200,0.0310455958813,0.0312607936712,0.0311530089597,0
5200,0.0312607936712,0.031477483141,0.0313689513016,0
5200,0.031477483141,0.0316956746304,0.0315863904842,0
5200,0.0316956746304,0.031915378551,0.0318053368833,0
5200,0.031915378551,0.0321366053864,0.0320258009463,0
5200,0.0321366053864,0.032359365693,0.0322477931932,0
5200,0.032359365693,0.0325836701002,0.0324713242168,0
5200,0.0325836701002,0.0328095293113,0.0326964046834,0
5200,0.0328095293113,0.0330369541037,0.0329230453333,0
5200,0.0330369541037,0.0332659553294,0.0331512569812,0
5200,0.0332659553294,0.0334965439158,0.0333810505166,0
5200,0.0334965439158,0.0337287308659,0.0336124369047,0
5200,0.0337287308659,0.033962527259,0.0338454271866,0
5200,0.033962527259,0.0341979442514,0.03408003248,0
5200,0.0341979442514,0.0344349930763,0.0343162639796,0
5200,0.0344349930763,0.0346736850453,0.0345541329578,0
5200,0.0346736850453,0.0349140315479,0.0347936507649,0
5200,0.0349140315479,0.0351560440528,0.0350348288302,0
5200,0.0351560440528,0.0353997341083,0.0352776786619,0
5200,0.0353997341083,0.0356451133426,0.0355222118482,0
5200,0.0356451133426,0.0358921934645,0.0357684400576,0
5200,0.0358921934645,0.036140986264,0.0360163750395,0
5200,0.036140986264,0.0363915036127,0.0362660286245,0
5200,0.0363915036127,0.0366437574648,0.0365174127255,0
5200,0.0366437574648,0.036897759857,0.0367705393378,0
5200,0.036897759857,0.0371535229097,0.03702542054,0
5200,0.0371535229097,0.0374110588272,0.0372820684943,0
5200,0.0374110588272,0.0376703798984,0.0375404954472,0
5200,0.0376703798984,0.0379314984974,0.0378007137302,0
5200,0.0379314984974,0.038194427084,0.0380627357601,0
5200,0.038194427084,0.0384591782045,0.03832657404,0
5200,0.0384591782045,0.0387257644922,0.0385922411595,0
5200,0.0387257644922,0.0389941986677,0.0388597497954,0
5200,0.0389941986677,0.03926449354,0.0391291127127,0
5200,0.03926449354,0.0395366620068,0.0394003427645,0
5200,0.0395366620068,0.0398107170553,0.0396734528932,0
5200,0.0398107170553,0.0400866717627,0.0399484561308,0
5200,0.0400866717627,0.0403645392968,0.0402253655999,0
5200,0.0403645392968,0.0406443329165,0.0405041945136,0
5200,0.0406443329165,0.040926065973,0.0407849561771,0
5200,0.040926065973,0.0412097519097,0.0410676639875,0
5200,0.0412097519097,0.0414954042634,0.0413523314348,0
5200,0.0414954042634,0.0417830366647,0.0416389721025,0
5200,0.0417830366647,0.0420726628384,0.0419275996685,0
5200,0.0420726628384,0.042364296605,0.0422182279051,0
5200,0.042364296605,0.0426579518802,0.0425108706805,0
5200,0.0426579518802,0.0429536426765,0.0428055419586,0
5200,0.0429536426765,0.0432513831035,0.0431022558005,0
5200,0.0432513831035,0.0435511873686,0.0434010263645,0
5200,0.0435511873686,0.0438530697775,0.0437018679071,0
5200,0.0438530697775,0.0441570447353,0.0440047947836,0
5200,0.0441570447353,0.0444631267469,0.0443098214489,0
5200,0.0444631267469,0.0447713304176,0.0446169624581,0
5200,0.0447713304176,0.0450816704541,0.044926232467,0
5200,0.0450816704541,0.045394161665,0.0452376462332,0
5200,0.045394161665,0.0457088189615,0.0455512186166,0
5200,0.0457088189615,0.0460256573581,0.0458669645798,0
5200,0.0460256573581,0.0463446919736,0.0461848991895,0
5200,0.0463446919736,0.0466659380314,0.0465050376167,0
5200,0.0466659380314,0.0469894108605,0.0468273951374,0
5200,0.0469894108605,0.0473151258961,0.0471519871336,0
5200,0.0473151258961,0.0476430986805,0.0474788290942,0
5200,0.0476430986805,0.0479733448637,0.0478079366149,0
5200,0.0479733448637,0.048305880204,0.0481393254,0
5200,0.048305880204,0.0486407205691,0.0484730112624,0
5200,0.0486407205691,0.0489778819368,0.0488090101248,0
5200,0.0489778819368,0.0493173803955,0.0491473380199,0
5200,0.0493173803955,0.049659232145,0.049488011092,0
5200,0.049659232145,0.0500034534977,0.0498310455971,0
5200,0.0500034534977,0.0503500608788,0.0501764579037,0
5200,0.0503500608788,0.0506990708275,0.050524264494,0
5200,0.0506990708275,0.0510504999975,0.0508744819645,0
5200,0.0510504999975,0.0514043651582,0.0512271270265,0
5200,0.0514043651582,0.0517606831951,0.0515822165072,0
5200,0.0517606831951,0.0521194711105,0.0519397673507,0
5200,0.0521194711105,0.052480746025,0.0522997966182,0
5200,0.052480746025,0.0528445251775,0.0526623214894,0
5200,0.0528445251775,0.0532108259267,0.0530273592629,0
5200,0.0532108259267,0.0535796657513,0.0533949273574,0
5200,0.0535796657513,0.0539510622515,0.0537650433122,0
5200,0.0539510622515,0.0543250331492,0.0541377247883,0
5200,0.0543250331492,0.0547015962894,0.0545129895689,0
5200,0.0547015962894,0.0550807696405,0.0548908555607,0
5200,0.0550807696405,0.0554625712958,0.0552713407944,0
5200,0.0554625712958,0.0558470194737,0.0556544634258,0
5200,0.0558470194737,0.056234132519,0.0560402417364,0
5200,0.056234132519,0.0566239289038,0.0564286941345,0
5200,0.0566239289038,0.0570164272281,0.056819839156,0
5200,0.0570164272281,0.0574116462207,0.0572136954652,0
5200,0.0574116462207,0.0578096047406,0.057610281856,0
5200,0.0578096047406,0.0582103217771,0.0580096172523,0
5200,0.0582103217771,0.0586138164514,0.0584117207093,0
5200,0.0586138164514,0.0590201080172,0.0588166114143,0
5200,0.0590201080172,0.0594292158616,0.0592243086876,0
5200,0.0594292158616,0.059841159506,0.0596348319834,0
5200,0.059841159506,0.0602559586074,0.0600482008908,0
5200,0.0602559586074,0.0606736329589,0.0604644351345,0
5200,0.0606736329589,0.0610942024906,0.0608835545761,0
5200,0.0610942024906,0.061517687271,0.061305579215,0
5200,0.061517687271,0.0619441075077,0.0617305291889,0
5200,0.0619441075077,0.0623734835482,0.0621584247753,0
5200,0.0623734835482,0.0628058358813,0.0625892863921,0
5200,0.0628058358813,0.0632411851376,0.0630231345991,0
5200,0.0632411851376,0.0636795520908,0.0634599900981,0
5200,0.0636795520908,0.0641209576585,0.0638998737348,0
5200,0.0641209576585,0.0645654229035,0.0643428064992,0
5200,0.0645654229035,0.0650129690343,0.0647888095269,0
5200,0.0650129690343,0.0654636174067,0.0652379040998,0
5200,0.0654636174067,0.0659173895244,0.0656901116476,0
5200,0.0659173895244,0.0663743070402,0.0661454537484,0
5200,0.0663743070402,0.0668343917569,0.0666039521298,0
5200,0.0668343917569,0.0672976656284,0.0670656286702,0
5200,0.0672976656284,0.0677641507611,0.0675305053995,0
5200,0.0677641507611,0.0682338694142,0.0679986045003,0
5200,0.0682338694142,0.0687068440014,0.0684699483091,0
5200,0.0687068440014,0.0691830970919,0.0689445593171,0
5200,0.0691830970919,0.0696626514111,0.0694224601714,0
5200,0.0696626514111,0.070145529842,0.0699036736762,0
5200,0.070145529842,0.0706317554263,0.0703882227936,0
5200,0.0706317554263,0.0711213513653,0.0708761306451,0
5200,0.0711213513653,0.0716143410213,0.0713674205122,0
5200,0.0716143410213,0.0721107479183,0.071862115838,0
5200,0.0721107479183,0.0726105957435,0.072360240228,0
5200,0.0726105957435,0.0731139083483,0.0728618174513,0
5200,0.0731139083483,0.0736207097495,0.0733668714418,0
5200,0.0736207097495,0.0741310241301,0.0738754262994,0
5200,0.0741310241301,0.074644875841,0.0743875062908,0
5200,0.074644875841,0.0751622894018,0.0749031358511,0
5200,0.0751622894018,0.0756832895021,0.0754223395848,0
5200,0.0756832895021,0.0762079010025,0.0759451422668,0
5200,0.0762079010025,0.0767361489362,0.0764715688439,0
5200,0.0767361489362,0.0772680585096,0.0770016444357,0
5200,0.0772680585096,0.077803655104,0.077535394336,0
5200,0.077803655104,0.0783429642766,0.0780728440138,0
5200,0.0783429642766,0.0788860117619,0.0786140191148,0
5200,0.0788860117619,0.0794328234724,0.0791589454624,0
5200,0.0794328234724,0.0799834255007,0.079707649059,0
5200,0.0799834255007,0.0805378441199,0.0802601560873,0
5200,0.0805378441199,0.0810961057854,0.0808164929113,0
5200,0.0810961057854,0.0816582371359,0.0813766860779,0
5200,0.0816582371359,0.0822242649947,0.081940762318,0
5200,0.0822242649947,0.0827942163712,0.0825087485479,0
5200,0.0827942163712,0.083368118462,0.0830806718702,0
5200,0.083368118462,0.0839459986519,0.0836565595756,0
5200,0.0839459986519,0.084527884516,0.0842364391438,0
5200,0.084527884516,0.0851138038202,0.0848203382452,0
5200,0.0851138038202,0.085703784523,0.0854082847419,0
5200,0.085703784523,0.0862978547767,0.0860003066889,0
5200,0.0862978547767,0.0868960429286,0.086596432336,0
5200,0.0868960429286,0.0874983775227,0.0871966901287,0
5200,0.0874983775227,0.0881048873008,0.0878011087097,0
5200,0.0881048873008,0.0887156012038,0.08840971692,0
5200,0.0887156012038,0.0893305483733,0.089022543801,0
5200,0.0893305483733,0.089949758153,0.089639618595,0
5200,0.089949758153,0.0905732600898,0.0902609707471,0
5200,0.0905732600898,0.0912010839356,0.0908866299066,0
5200,0.0912010839356,0.0918332596484,0.0915166259281,0
5200,0.0918332596484,0.0924698173938,0.0921509888735,0
5200,0.0924698173938,0.0931107875468,0.0927897490127,0
5200,0.0931107875468,0.0937562006926,0.0934329368257,0
5200,0.0937562006926,0.0944060876286,0.0940805830037,0
5200,0.0944060876286,0.0950604793656,0.0947327184504,0
5200,0.0950604793656,0.0957194071295,0.0953893742842,0
5200,0.0957194071295,0.0963829023624,0.0960505818387,0
5200,0.0963829023624,0.0970509967245,0.096716372665,0
5200,0.0970509967245,0.0977237220956,0.0973867785329,0
5200,0.0977237220956,0.0984011105761,0.0980618314322,0
5200,0.0984011105761,0.0990831944893,0.0987415635747,0
5200,0.0990831944893,0.0997700063823,0.0994260073953,0
5200,0.0997700063823,0.100461579028,0.100115195554,0
5200,0.100461579028,0.101157945426,0.100809160936,0
5200,0.101157945426,0.101859138805,0.101507936657,0
5200,0.101859138805,0.102565192625,0.10221155606,0
5200,0.102565192625,0.103276140576,0.102920052719,0
5200,0.103276140576,0.103992016583,0.103633460443,0
5200,0.103992016583,0.104712854805,0.104351813273,0
5200,0.104712854805,0.105438689639,0.105075145487,0
5200,0.105438689639,0.10616955572,0.1058034916,0
5200,0.10616955572,0.106905487922,0.106536886367,0
5200,0.106905487922,0.107646521363,0.107275364784,0
5200,0.107646521363,0.108392691402,0.108018962088,0
5200,0.108392691402,0.109144033645,0.108767713763,0
5200,0.109144033645,0.109900583943,0.109521655537,0
5200,0.109900583943,0.110662378398,0.110280823385,0
5200,0.110662378398,0.111429453359,0.111045253533,0
5200,0.111429453359,0.11220184543,0.111814982458,0
5200,0.11220184543,0.112979591467,0.112590046889,0
5200,0.112979591467,0.113762728582,0.113370483811,0
5200,0.113762728582,0.114551294145,0.114156330462,0
5200,0.114551294145,0.115345325782,0.114947624342,0
5200,0.115345325782,0.116144861384,0.115744403209,0
5200,0.116144861384,0.116949939102,0.116546705084,0
5200,0.116949939102,0.117760597352,0.117354568249,0
5200,0.117760597352,0.118576874817,0.118168031254,0
5200,0.118576874817,0.119398810446,0.118987132916,0
5200,0.119398810446,0.120226443462,0.119811912319,0
5200,0.120226443462,0.121059813355,0.12064240882,0
5200,0.121059813355,0.121898959892,0.121478662047,0
5200,0.121898959892,0.122743923116,0.122320711905,0
5200,0.122743923116,0.123594743344,0.123168598574,0
5200,0.123594743344,0.124451461177,0.124022362512,0
5200,0.124451461177,0.125314117494,0.124882044459,0
5200,0.125314117494,0.126182753459,0.125747685437,0
5200,0.126182753459,0.127057410521,0.126619326751,0
5200,0.127057410521,0.127938130416,0.127497009994,0
5200,0.127938130416,0.128824955169,0.128380777047,0
5200,0.128824955169,0.129717927098,0.129270670081,0
5200,0.129717927098,0.130617088813,0.130166731558,0
5200,0.130617088813,0.131522483219,0.131069004237,0
5200,0.131522483219,0.132434153519,0.131977531171,0
5200,0.132434153519,0.133352143216,0.132892355713,0
5200,0.133352143216,0.134276496114,0.133813521515,0
5200,0.134276496114,0.135207256319,0.134741072534,0
5200,0.135207256319,0.136144468247,0.13567505303,0
5200,0.136144468247,0.137088176616,0.136615507569,0
5200,0.137088176616,0.13803842646,0.137562481028,0
5200,0.13803842646,0.138995263121,0.138516018592,0
5200,0.138995263121,0.139958732257,0.139476165764,0
5200,0.139958732257,0.140928879842,0.140442968358,0
5200,0.140928879842,0.141905752169,0.141416472507,0
5200,0.141905752169,0.142889395851,0.142396724665,0
5200,0.142889395851,0.143879857826,0.143383771606,0
5200,0.143879857826,0.144877185354,0.144377660429,0
5200,0.144877185354,0.145881426028,0.145378438561,0
5200,0.145881426028,0.146892627764,0.146386153755,0
5200,0.146892627764,0.147910838817,0.147400854097,0
5200,0.147910838817,0.148936107771,0.148422588006,0
5200,0.148936107771,0.14996848355,0.149451404237,0
5200,0.14996848355,0.151008015416,0.15048735188,0
5200,0.151008015416,0.152054752973,0.15153048037,0
5200,0.152054752973,0.153108746168,0.152580839481,0
5200,0.153108746168,0.154170045295,0.153638479333,0
5200,0.154170045295,0.155238700996,0.154703450395,0
5200,0.155238700996,0.156314764264,0.155775803483,0
5200,0.156314764264,0.157398286447,0.156855589768,0
5200,0.157398286447,0.158489319246,0.157942860774,0
5200,0.158489319246,0.159587914724,0.159037668382,0
5200,0.159587914724,0.160694125301,0.160140064834,0
5200,0.160694125301,0.161808003764,0.161250102734,0
5200,0.161808003764,0.162929603264,0.162367835048,0
5200,0.162929603264,0.16405897732,0.163493315113,0
5200,0.16405897732,0.165196179823,0.164626596633,0
5200,0.165196179823,0.166341265037,0.165767733685,0
5200,0.166341265037,0.167494287603,0.166916780721,0
5200,0.167494287603,0.168655302539,0.168073792571,0
5200,0.168655302539,0.169824365246,0.169238824444,0
5200,0.169824365246,0.171001531509,0.170411931932,0
5200,0.171001531509,0.172186857499,0.171593171012,0
5200,0.172186857499,0.173380399775,0.172782598051,0
5200,0.173380399775,0.174582215292,0.173980269804,0
5200,0.174582215292,0.175792361396,0.175186243421,0
5200,0.175792361396,0.177010895832,0.176400576448,0
5200,0.177010895832,0.178237876745,0.177623326829,0
5200,0.178237876745,0.179473362683,0.178854552911,0
5200,0.179473362683,0.180717412601,0.180094313444,0
5200,0.180717412601,0.181970085861,0.181342667587,0
5200,0.181970085861,0.183231442237,0.182599674907,0
5200,0.183231442237,0.184501541918,0.183865395386,0
5200,0.184501541918,0.185780445509,0.185139889421,0
5200,0.185780445509,0.187068214037,0.186423217825,0
5200,0.187068214037,0.188364908949,0.187715441838,0
5200,0.188364908949,0.189670592121,0.189016623119,0
5200,0.189670592121,0.190985325857,0.190326823758,0
5200,0.190985325857,0.192309172891,0.191646106274,0
5200,0.192309172891,0.193642196395,0.192974533619,0
5200,0.193642196395,0.194984459976,0.194312169183,0
5200,0.194984459976,0.196336027684,0.195659076793,0
5200,0.196336027684,0.197696964011,0.197015320722,0
5200,0.197696964011,0.199067333899,0.198380965684,0
5200,0.199067333899,0.200447202737,0.199756076844,0
5200,0.200447202737,0.201836636368,0.20114071982,0
5200,0.201836636368,0.203235701094,0.202534960682,0
5200,0.203235701094,0.204644463672,0.203938865961,0
5200,0.204644463672,0.206062991327,0.205352502646,0
5200,0.206062991327,0.207491351745,0.206775938192,0
5200,0.207491351745,0.208929613085,0.208209240522,0
5200,0.208929613085,0.210377843977,0.209652478029,0
5200,0.210377843977,0.211836113525,0.211105719581,0
5200,0.211836113525,0.213304491315,0.212569034522,0
5200,0.213304491315,0.214783047413,0.214042492677,0
5200,0.214783047413,0.216271852373,0.215526164357,0
5200,0.216271852373,0.217770977235,0.217020120357,0
5200,0.217770977235,0.219280493535,0.218524431965,0
5200,0.219280493535,0.220800473302,0.220039170964,0
5200,0.220800473302,0.222330989065,0.221564409631,0
5200,0.222330989065,0.223872113857,0.223100220748,0
5200,0.223872113857,0.225423921215,0.224646677599,0
5200,0.225423921215,0.226986485188,0.226203853977,0
5200,0.226986485188,0.228559880338,0.227771824186,0
5200,0.228559880338,0.230144181741,0.229350663045,0
5200,0.230144181741,0.231739464997,0.230940445892,0
5200,0.231739464997,0.233345806228,0.232541248587,0
5200,0.233345806228,0.234963282085,0.234153147517,0
5200,0.234963282085,0.236591969749,0.235776219596,0
5200,0.236591969749,0.238231946936,0.237410542273,0
5200,0.238231946936,0.239883291902,0.239056193534,0
5200,0.239883291902,0.241546083444,0.240713251905,0
5200,0.241546083444,0.243220400907,0.242381796455,0
5200,0.243220400907,0.244906324184,0.244061906804,0
5200,0.244906324184,0.246603933723,0.245753663122,0
5200,0.246603933723,0.24831331053,0.247457146133,0
5200,0.24831331053,0.25003453617,0.249172437125,0
5200,0.25003453617,0.251767692776,0.250899617947,0
5200,0.251767692776,0.25351286305,0.252638771013,0
5200,0.25351286305,0.255270130266,0.254389979313,0
5200,0.255270130266,0.257039578277,0.256153326409,0
5200,0.257039578277,0.258821291515,0.257928896443,0
5200,0.258821291515,0.260615355,0.25971677414,0
5200,0.260615355,0.262421854338,0.261517044814,0
5200,0.262421854338,0.264240875732,0.263329794368,0
5200,0.264240875732,0.26607250598,0.265155109301,0
5200,0.26607250598,0.267916832482,0.266993076713,0
5200,0.267916832482,0.269773943244,0.268843784306,0
5200,0.269773943244,0.271643926884,0.270707320392,0
5200,0.271643926884,0.273526872631,0.272583773893,0
5200,0.273526872631,0.275422870334,0.274473234348,0
5200,0.275422870334,0.277332010465,0.276375791917,0
5200,0.277332010465,0.279254384124,0.278291537385,0
5200,0.279254384124,0.28119008304,0.280220562167,0
5200,0.28119008304,0.28313919958,0.282162958309,0
5200,0.28313919958,0.28510182675,0.284118818498,0
5200,0.28510182675,0.287078058202,0.286088236063,0
5200,0.287078058202,0.289067988237,0.288071304978,0
5200,0.289067988237,0.291071711807,0.290068119869,0
5200,0.291071711807,0.293089324525,0.292078776021,0
5200,0.293089324525,0.295120922667,0.294103369375,0
5200,0.295120922667,0.297166603174,0.296141996539,0
5200,0.297166603174,0.299226463661,0.298194754793,0
5200,0.299226463661,0.301300602419,0.300261742086,0
5200,0.301300602419,0.303389118419,0.302343057051,0
5200,0.303389118419,0.305492111322,0.304438799002,0
5200,0.305492111322,0.307609681474,0.306549067943,0
5200,0.307609681474,0.309741929922,0.308673964568,0
5200,0.309741929922,0.311888958409,0.310813590274,0
5200,0.311888958409,0.314050869388,0.312968047156,0
5200,0.314050869388,0.316227766017,0.31513743802,0
5200,0.316227766017,0.318419752173,0.317321866384,0
5200,0.318419752173,0.320626932451,0.319521436481,0
5200,0.320626932451,0.322849412171,0.32173625327,0
5200,0.322849412171,0.325087297385,0.323966422435,0
5200,0.325087297385,0.327340694879,0.326212050394,0
5200,0.327340694879,0.329609712177,0.328473244303,0
5200,0.329609712177,0.331894457553,0.330750112059,0
5200,0.331894457553,0.334195040026,0.333042762309,0
5200,0.334195040026,0.336511569375,0.335351304451,0
5200,0.336511569375,0.338844156139,0.337675848642,0
5200,0.338844156139,0.341192911622,0.340016505804,0
5200,0.341192911622,0.3435579479,0.342373387626,0
5200,0.3435579479,0.345939377826,0.344746606573,0
5200,0.345939377826,0.348337315036,0.347136275888,0
5200,0.348337315036,0.350751873953,0.349542509599,0
5200,0.350751873953,0.353183169792,0.351965422525,0
5200,0.353183169792,0.355631318569,0.354405130281,0
5200,0.355631318569,0.358096437103,0.356861749283,0
5200,0.358096437103,0.360578643022,0.359335396755,0
5200,0.360578643022,0.36307805477,0.361826190732,0
5200,0.36307805477,0.365594791613,0.364334250068,0
5200,0.365594791613,0.368128973643,0.366859694441,0
5200,0.368128973643,0.370680721783,0.369402644358,0
5200,0.370680721783,0.373250157796,0.371963221162,0
5200,0.373250157796,0.375837404288,0.374541547036,0
5200,0.375837404288,0.378442584717,0.377137745011,0
5200,0.378442584717,0.381065823394,0.379751938971,0
5200,0.381065823394,0.383707245492,0.382384253658,0
5200,0.383707245492,0.386366977054,0.385034814679,0
5200,0.386366977054,0.389045144994,0.38770374851,0
5200,0.389045144994,0.391741877108,0.390391182508,0
5200,0.391741877108,0.394457302075,0.393097244907,0
5200,0.394457302075,0.397191549469,0.395822064836,0
5200,0.397191549469,0.399944749761,0.398565772313,0
5200,0.399944749761,0.402717034325,0.401328498263,0
5200,0.402717034325,0.405508535448,0.404110374513,0
5200,0.405508535448,0.408319386333,0.406911533809,0
5200,0.408319386333,0.411149721105,0.409732109814,0
5200,0.411149721105,0.41399967482,0.412572237117,0
5200,0.41399967482,0.41686938347,0.415432051242,0
5200,0.41686938347,0.419758983991,0.418311688651,0
5200,0.419758983991,0.422668614266,0.421211286754,0
5200,0.422668614266,0.425598413134,0.42413098391,0
5200,0.425598413134,0.428548520397,0.427070919441,0
5200,0.428548520397,0.431519076828,0.430031233631,0
5200,0.431519076828,0.434510224172,0.433012067738,0
5200,0.434510224172,0.437522105158,0.436013564,0
5200,0.437522105158,0.440554863507,0.439035865641,0
5200,0.440554863507,0.443608643931,0.442079116876,0
5200,0.443608643931,0.446683592151,0.44514346292,0
5200,0.446683592151,0.449779854893,0.448229049997,0
5200,0.449779854893,0.452897579904,0.451336025341,0
5200,0.452897579904,0.456036915951,0.45446453721,0
5200,0.456036915951,0.459198012837,0.457614734886,0
5200,0.459198012837,0.462381021399,0.46078676869,0
5200,0.462381021399,0.465586093523,0.463980789982,0
5200,0.465586093523,0.468813382145,0.467196951172,0
5200,0.468813382145,0.472063041264,0.470435405726,0
5200,0.472063041264,0.475335225943,0.473696308175,0
5200,0.475335225943,0.478630092323,0.476979814119,0
5200,0.478630092323,0.481947797625,0.48028608024,0
5200,0.481947797625,0.485288500162,0.483615264302,0
5200,0.485288500162,0.488652359343,0.486967525166,0
5200,0.488652359343,0.492039535681,0.490343022792,0
5200,0.492039535681,0.495450190805,0.49374191825,0
5200,0.495450190805,0.49888448746,0.497164373725,0
5200,0.49888448746,0.502342589522,0.500610552529,0
5200,0.502342589522,0.505824662003,0.504080619103,0
5200,0.505824662003,0.509330871057,0.507574739029,0
5200,0.509330871057,0.512861383991,0.511093079037,0
5200,0.512861383991,0.516416369272,0.514635807014,0
5200,0.516416369272,0.519995996534,0.518203092007,0
5200,0.519995996534,0.523600436586,0.521795104239,0
5200,0.523600436586,0.527229861423,0.52541201511,0
5200,0.527229861423,0.530884444231,0.52905399721,0
5200,0.530884444231,0.534564359397,0.532721224323,0
5200,0.534564359397,0.538269782516,0.53641387144,0
5200,0.538269782516,0.542000890402,0.540132114765,0
5200,0.542000890402,0.545757861091,0.54387613172,0
5200,0.545757861091,0.549540873858,0.547646100962,0
5200,0.549540873858,0.553350109216,0.551442202382,0
5200,0.553350109216,0.557185748932,0.55526461712,0
5200,0.557185748932,0.561047976032,0.559113527571,0
5200,0.561047976032,0.564936974812,0.562989117394,0
5200,0.564936974812,0.568852930844,0.566891571523,0
5200,0.568852930844,0.572796030986,0.570821076172,0
5200,0.572796030986,0.576766463392,0.574777818846,0
5200,0.576766463392,0.580764417521,0.578761988349,0
5200,0.580764417521,0.584790084144,0.582773774796,0
5200,0.584790084144,0.588843655356,0.586813369619,0
5200,0.588843655356,0.59292532458,0.590880965575,0
5200,0.59292532458,0.597035286584,0.594976756759,0
5200,0.597035286584,0.601173737483,0.599100938611,0
5200,0.601173737483,0.605340874754,0.603253707927,0
5200,0.605340874754,0.60953689724,0.607435262864,0
5200,0.60953689724,0.613762005165,0.611645802955,0
5200,0.613762005165,0.618016400138,0.615885529115,0
5200,0.618016400138,0.622300285169,0.620154643654,0
5200,0.622300285169,0.626613864672,0.624453350281,0
5200,0.626613864672,0.63095734448,0.628781854118,0
5200,0.63095734448,0.635330931852,0.633140361711,0
5200,0.635330931852,0.639734835483,0.637529081035,0
5200,0.639734835483,0.644169265515,0.641948221508,0
5200,0.644169265515,0.648634433548,0.646397994,0
5200,0.648634433548,0.653130552647,0.65087861084,0
5200,0.653130552647,0.657657837355,0.655390285833,0
5200,0.657657837355,0.662216503702,0.659933234264,0
5200,0.662216503702,0.666806769214,0.664507672908,0
5200,0.666806769214,0.671428852926,0.669113820046,0
5200,0.671428852926,0.676082975392,0.673751895471,0
5200,0.676082975392,0.680769358694,0.678422120498,0
5200,0.680769358694,0.685488226453,0.683124717979,0
5200,0.685488226453,0.69023980384,0.687859912309,0
5200,0.69023980384,0.695024317589,0.692627929437,0
5200,0.695024317589,0.699841996002,0.697428996882,0
5200,0.699841996002,0.704693068967,0.702263343736,0
5200,0.704693068967,0.709577767963,0.707131200681,0
5200,0.709577767963,0.714496326076,0.712032799999,0
5200,0.714496326076,0.719448978004,0.71696837558,0
5200,0.719448978004,0.724435960075,0.721938162937,0
5200,0.724435960075,0.729457510255,0.726942399214,0
5200,0.729457510255,0.734513868157,0.7319813232,0
5200,0.734513868157,0.739605275058,0.737055175338,0
5200,0.739605275058,0.744731973906,0.742164197739,0
5200,0.744731973906,0.749894209332,0.747308634191,0
5200,0.749894209332,0.755092227665,0.752488730174,0
5200,0.755092227665,0.76032627694,0.757704732866,0
5200,0.76032627694,0.765596606911,0.762956891162,0
5200,0.765596606911,0.770903469064,0.768245455679,0
5200,0.770903469064,0.776247116629,0.773570678775,0
5200,0.776247116629,0.781627804588,0.778932814554,0
5200,0.781627804588,0.787045789695,0.784332118882,0
5200,0.787045789695,0.79250133048,0.7897688494,0
5200,0.79250133048,0.797994687268,0.795243265533,0
5200,0.797994687268,0.803526122186,0.800755628507,0
5200,0.803526122186,0.809095899178,0.806306201355,0
5200,0.809095899178,0.814704284021,0.811895248936,0
5200,0.814704284021,0.82035154433,0.817523037944,0
5200,0.82035154433,0.826037949577,0.823189836921,0
5200,0.826037949577,0.831763771103,0.828895916273,0
5200,0.831763771103,0.837529282127,0.834641548277,0
5200,0.837529282127,0.843334757764,0.8404270071,0
5200,0.843334757764,0.849180475036,0.846252568807,0
5200,0.849180475036,0.855066712885,0.852118511379,0
5200,0.855066712885,0.860993752185,0.858025114723,0
5200,0.860993752185,0.866961875758,0.863972660684,0
5200,0.866961875758,0.872971368388,0.869961433065,0
5200,0.872971368388,0.879022516831,0.875991717633,0
5200,0.879022516831,0.885115609831,0.882063802137,0
5200,0.885115609831,0.891250938134,0.888177976319,0
5200,0.891250938134,0.897428794501,0.894334531933,0
5200,0.897428794501,0.903649473722,0.900533762751,0
5200,0.903649473722,0.909913272632,0.906775964584,0
5200,0.909913272632,0.916220490122,0.913061435293,0
5200,0.916220490122,0.922571427155,0.919390474804,0
5200,0.922571427155,0.92896638678,0.925763385121,0
5200,0.92896638678,0.935405674148,0.932180470342,0
5200,0.935405674148,0.941889596523,0.938642036672,0
5200,0.941889596523,0.948418463301,0.945148392441,0
5200,0.948418463301,0.954992586021,0.951699848113,0
5200,0.954992586021,0.961612278384,0.958296716306,0
5200,0.961612278384,0.968277856261,0.964939311806,0
5200,0.968277856261,0.974989637717,0.971627951577,0
5200,0.974989637717,0.98174794302,0.978362954785,0
5200,0.98174794302,0.988553094657,0.985144642804,0
5200,0.988553094657,0.995405417352,0.991973339239,0
5200,0.995405417352,1.00230523808,0.998849369937,0
5200,1.00230523808,1.00925288608,1.005773063,0
5200,1.00925288608,1.01624869287,1.01274474881,0
5200,1.01624869287,1.02329299228,1.01976476004,0
5200,1.02329299228,1.03038612044,1.02683343167,0
5200,1.03038612044,1.03752841582,1.03395110098,0
5200,1.03752841582,1.04472021922,1.04111810762,0
5200,1.04472021922,1.05196187382,1.04833479358,0
5200,1.05196187382,1.05925372518,1.05560150322,0
5200,1.05925372518,1.06659612123,1.06291858328,0
5200,1.06659612123,1.07398941234,1.07028638291,0
5200,1.07398941234,1.0814339513,1.07770525369,0
5200,1.0814339513,1.08893009333,1.08517554963,0
5200,1.08893009333,1.09647819614,1.09269762719,0
5200,1.09647819614,1.1040786199,1.1002718453,0
5200,1.1040786199,1.11173172728,1.10789856537,0
5200,1.11173172728,1.11943788347,1.11557815135,0
5200,1.11943788347,1.12719745618,1.12331096967,0
5200,1.12719745618,1.13501081567,1.13109738933,0
5200,1.13501081567,1.14287833479,1.13893778188,0
5200,1.14287833479,1.15080038894,1.14683252142,0
5200,1.15080038894,1.15877735616,1.15478198469,0
5200,1.15877735616,1.16680961706,1.162786551,0
5200,1.16680961706,1.17489755494,1.17084660232,0
5200,1.17489755494,1.18304155573,1.17896252324,0
5200,1.18304155573,1.19124200803,1.18713470104,0
5200,1.19124200803,1.19949930315,1.19536352567,0
5200,1.19949930315,1.20781383511,1.20364938979,0
5200,1.20781383511,1.21618600065,1.21199268877,0
5200,1.21618600065,1.22461619927,1.22039382074,0
5200,1.22461619927,1.23310483323,1.22885318658,0
5200,1.23310483323,1.24165230759,1.23737118994,0
5200,1.24165230759,1.25025903022,1.24594823727,0
5200,1.25025903022,1.25892541179,1.25458473786,0
5200,1.25892541179,1.26765186586,1.26328110381,0
5200,1.26765186586,1.27643880881,1.27203775009,0
5200,1.27643880881,1.28528665994,1.28085509454,0
5200,1.28528665994,1.29419584145,1.2897335579,0
5200,1.29419584145,1.30316677845,1.29867356383,0
5200,1.30316677845,1.31219989902,1.30767553892,0
5200,1.31219989902,1.32129563419,1.31673991272,0
5200,1.32129563419,1.33045441798,1.32586711776,0
5200,1.33045441798,1.33967668743,1.33505758956,0
5200,1.33967668743,1.34896288259,1.34431176667,0
5200,1.34896288259,1.35831344659,1.35363009067,0
5200,1.35831344659,1.3677288256,1.36301300621,0
5200,1.3677288256,1.37720946889,1.37246096101,0
5200,1.37720946889,1.38675582887,1.3819744059,0
5200,1.38675582887,1.39636836106,1.39155379484,0
5200,1.39636836106,1.40604752413,1.40119958494,0
5200,1.40604752413,1.41579377996,1.41091223646,0
5200,1.41579377996,1.4256075936,1.42069221286,0
5200,1.4256075936,1.43548943335,1.43053998082,0
5200,1.43548943335,1.44543977075,1.44045601025,0
5200,1.44543977075,1.45545908058,1.4504407743,0
5200,1.45545908058,1.46554784096,1.46049474944,0
5200,1.46554784096,1.47570653328,1.4706184154,0
5200,1.47570653328,1.48593564229,1.48081225527,0
5200,1.48593564229,1.49623565609,1.49107675545,0
5200,1.49623565609,1.50660706619,1.50141240575,0
5200,1.50660706619,1.51705036746,1.51181969936,0
5200,1.51705036746,1.52756605824,1.52229913288,0
5200,1.52756605824,1.5381546403,1.53285120636,0
5200,1.5381546403,1.54881661891,1.54347642332,0
5200,1.54881661891,1.55955250283,1.55417529077,0
5200,1.55955250283,1.57036280433,1.56494831922,0
5200,1.57036280433,1.58124803927,1.57579602274,0
5200,1.58124803927,1.59220872705,1.58671891895,0
5200,1.59220872705,1.60324539069,1.59771752906,0
5200,1.60324539069,1.61435855683,1.60879237789,0
5200,1.61435855683,1.62554875575,1.6199439939,0
5200,1.62554875575,1.63681652143,1.63117290923,0
5200,1.63681652143,1.64816239153,1.64247965967,0
5200,1.64816239153,1.65958690744,1.65386478477,0
5200,1.65958690744,1.67109061431,1.66532882779,0
5200,1.67109061431,1.68267406107,1.67687233575,0
5200,1.68267406107,1.69433780045,1.68849585949,0
5200,1.69433780045,1.706082389,1.70019995364,0
5200,1.706082389,1.71790838716,1.7119851767,0
5200,1.71790838716,1.72981635922,1.72385209103,0
5200,1.72981635922,1.74180687339,1.73580126287,0
5200,1.74180687339,1.75388050184,1.74783326242,0
5200,1.75388050184,1.76603782069,1.7599486638,0
5200,1.76603782069,1.77827941004,1.77214804514,0
5200,1.77827941004,1.79060585404,1.78443198854,0
5200,1.79060585404,1.80301774086,1.79680108017,0
5200,1.80301774086,1.81551566277,1.80925591025,0
5200,1.81551566277,1.82810021614,1.82179707309,0
5200,1.82810021614,1.84077200147,1.83442516712,0
5200,1.84077200147,1.85353162341,1.84714079491,0
5200,1.85353162341,1.86637969083,1.85994456322,0
5200,1.86637969083,1.8793168168,1.87283708302,0
5200,1.8793168168,1.89234361864,1.88581896949,0
5200,1.89234361864,1.90546071796,1.8988908421,0
5200,1.90546071796,1.91866874067,1.9120533246,0
5200,1.91866874067,1.93196831702,1.92530704508,0
5200,1.93196831702,1.94536008162,1.93865263595,0
5200,1.94536008162,1.95884467351,1.95209073404,0
5200,1.95884467351,1.97242273611,1.96562198058,0
5200,1.97242273611,1.98609491736,1.97924702124,0
5200,1.98609491736,1.99986186963,1.99296650616,0
5200,1.99986186963,2.01372424986,2.00678109002,0
5200,2.01372424986,2.02768271952,2.02069143199,0
5200,2.02768271952,2.04173794467,2.03469819585,0
5200,2.04173794467,2.05589059598,2.04880204996,0
5200,2.05589059598,2.07014134879,2.06300366731,0
5200,2.07014134879,2.0844908831,2.07730372557,0
5200,2.0844908831,2.09893988362,2.0917029071,0
5200,2.09893988362,2.11348903984,2.10620189899,0
5200,2.11348903984,2.12813904598,2.12080139309,0
5200,2.12813904598,2.14289060112,2.13550208605,0
5200,2.14289060112,2.15774440915,2.15030467934,0
5200,2.15774440915,2.17270117886,2.16520987931,0
5200,2.17270117886,2.18776162395,2.18021839719,0
5200,2.18776162395,2.20292646305,2.19533094914,0
5200,2.20292646305,2.2181964198,2.2105482563,0
5200,2.2181964198,2.23357222283,2.22587104479,0
5200,2.23357222283,2.24905460584,2.24130004578,0
5200,2.24905460584,2.26464430759,2.2568359955,0
5200,2.26464430759,2.280342072,2.27247963527,0
5200,2.280342072,2.29614864811,2.28823171158,0
5200,2.29614864811,2.31206479018,2.30409297606,0
5200,2.31206479018,2.32809125767,2.32006418557,0
5200,2.32809125767,2.34422881532,2.33614610222,0
5200,2.34422881532,2.36047823318,2.35233949339,0
5200,2.36047823318,2.37684028662,2.36864513178,0
5200,2.37684028662,2.39331575641,2.38506379547,0
5200,2.39331575641,2.40990542869,2.40159626789,0
5200,2.40990542869,2.42661009508,2.41824333793,0
5200,2.42661009508,2.44343055269,2.43500579995,0
5200,2.44343055269,2.46036760415,2.45188445381,0
5200,2.46036760415,2.47742205763,2.46888010491,0
5200,2.47742205763,2.49459472694,2.48599356423,0
5200,2.49459472694,2.51188643151,2.50322564838,0
5200,2.51188643151,2.52929799645,2.52057717964,0
5200,2.52929799645,2.54683025259,2.53804898596,0
5200,2.54683025259,2.56448403652,2.55564190106,0
5200,2.56448403652,2.58226019063,2.57335676443,0
5200,2.58226019063,2.60015956317,2.59119442135,0
5200,2.60015956317,2.61818300822,2.60915572301,0
5200,2.61818300822,2.63633138583,2.62724152647,0
5200,2.63633138583,2.65460556198,2.64545269472,0
5200,2.65460556198,2.67300640866,2.66379009677,0
5200,2.67300640866,2.69153480393,2.68225460761,0
5200,2.69153480393,2.71019163189,2.70084710832,0
5200,2.71019163189,2.72897778281,2.7195684861,0
5200,2.72897778281,2.7478941531,2.73841963426,0
5200,2.7478941531,2.76694164541,2.75740145235,0
5200,2.76694164541,2.78612116863,2.77651484611,0
5200,2.78612116863,2.80543363795,2.79576072758,0
5200,2.80543363795,2.82487997492,2.81514001513,0
5200,2.82487997492,2.84446110745,2.83465363349,0
5200,2.84446110745,2.86417796991,2.85430251379,0
5200,2.86417796991,2.88403150313,2.87408759362,0
5200,2.88403150313,2.90402265446,2.89400981707,0
5200,2.90402265446,2.92415237784,2.91407013477,0
5200,2.92415237784,2.9444216338,2.93426950396,0
5200,2.9444216338,2.96483138952,2.95460888848,0
5200,2.96483138952,2.98538261892,2.97508925888,0
5200,2.98538261892,3.00607630263,2.99571159243,0
5200,3.00607630263,3.0269134281,3.01647687316,0
5200,3.0269134281,3.04789498963,3.03738609195,0
5200,3.04789498963,3.06902198839,3.05844024651,0
5200,3.06902198839,3.09029543251,3.0796403415,0
5200,3.09029543251,3.11171633711,3.10098738853,0
5200,3.11171633711,3.13328572432,3.12248240622,0
5200,3.13328572432,3.15500462337,3.14412642026,0
5200,3.15500462337,3.17687407065,3.16592046343,0
5200,3.17687407065,3.19889510969,3.1878655757,0
5200,3.19889510969,3.22106879128,3.20996280421,0
5200,3.22106879128,3.24339617349,3.2322132034,0
5200,3.24339617349,3.26587832172,3.25461783498,0
5200,3.26587832172,3.28851630876,3.27717776805,0
5200,3.28851630876,3.31131121483,3.29989407911,0
5200,3.31131121483,3.33426412763,3.32276785211,0
5200,3.33426412763,3.35737614243,3.34580017853,0
5200,3.35737614243,3.38064836206,3.36899215741,0
5200,3.38064836206,3.40408189701,3.39234489541,0
5200,3.40408189701,3.42767786546,3.41585950686,0
5200,3.42767786546,3.45143739336,3.43953711381,0
5200,3.45143739336,3.47536161443,3.46337884608,0
5200,3.47536161443,3.49945167028,3.48738584135,0
5200,3.49945167028,3.52370871042,3.51155924516,0
5200,3.52370871042,3.54813389234,3.535900211,0
5200,3.54813389234,3.57272838152,3.56040990036,0
5200,3.57272838152,3.59749335156,3.58508948277,0
5200,3.59749335156,3.62242998417,3.60994013586,0
5200,3.62242998417,3.64753946926,3.63496304546,0
5200,3.64753946926,3.67282300498,3.66015940558,0
5200,3.67282300498,3.6982817978,3.68553041852,0
5200,3.6982817978,3.72391706255,3.71107729493,0
5200,3.72391706255,3.74973002245,3.73680125382,0
5200,3.74973002245,3.77572190925,3.76270352268,0
5200,3.77572190925,3.80189396321,3.78878533748,0
5200,3.80189396321,3.82824743317,3.81504794279,0
5200,3.82824743317,3.85478357666,3.84149259179,0
5200,3.85478357666,3.88150365991,3.86812054633,0
5200,3.88150365991,3.90840895792,3.89493307704,0
5200,3.90840895792,3.93550075456,3.92193146333,0
5200,3.93550075456,3.96278034255,3.94911699349,0
5200,3.96278034255,3.99024902362,3.97649096475,0
5200,3.99024902362,4.01790810849,4.00405468331,0
5200,4.01790810849,4.04575891697,4.03180946443,0
5200,4.04575891697,4.07380277804,4.05975663252,0
5200,4.07380277804,4.10204102987,4.08789752111,0
5200,4.10204102987,4.1304750199,4.11623347303,0
5200,4.1304750199,4.15910610494,4.14476584038,0
5200,4.15910610494,4.18793565118,4.17349598465,0
5200,4.18793565118,4.21696503429,4.20242527677,0
5200,4.21696503429,4.24619563946,4.23155509717,0
5200,4.24619563946,4.27562886152,4.26088683583,0
5200,4.27562886152,4.30526610492,4.29042189239,0
5200,4.30526610492,4.33510878388,4.32016167618,0
5200,4.33510878388,4.3651583224,4.35010760631,0
5200,4.3651583224,4.39541615438,4.3802611117,0
5200,4.39541615438,4.42588372363,4.41062363121,0
5200,4.42588372363,4.45656248398,4.44119661366,0
5200,4.45656248398,4.48745389933,4.47198151789,0
5200,4.48745389933,4.51855944375,4.50297981288,0
5200,4.51855944375,4.5498806015,4.53419297779,0
5200,4.5498806015,4.58141886715,4.56562250202,0
5200,4.58141886715,4.6131757456,4.59726988531,0
5200,4.6131757456,4.64515275223,4.62913663778,0
5200,4.64515275223,4.67735141287,4.66122428002,0
5200,4.67735141287,4.70977326397,4.69353434317,0
5200,4.70977326397,4.7424198526,4.72606836898,0
5200,4.7424198526,4.77529273658,4.75882790989,0
5200,4.77529273658,4.8083934845,4.79181452908,0
5200,4.8083934845,4.84172367584,4.8250298006,0
5200,4.84172367584,4.87528490103,4.85847530937,0
5200,4.87528490103,4.90907876153,4.89215265134,0
5200,4.90907876153,4.94310686987,4.9260634335,0
5200,4.94310686987,4.97737084979,4.96020927396,0
5200,4.97737084979,5.01187233627,4.99459180208,0
5200,5.01187233627,5.04661297564,5.0292126585,0
5200,5.04661297564,5.08159442561,5.06407349524,0
5200,5.08159442561,5.1168183554,5.09917597575,0
5200,5.1168183554,5.15228644582,5.13452177503,0
5200,5.15228644582,5.18800038929,5.17011257969,0
5200,5.18800038929,5.22396188999,5.20595008802,0
5200,5.22396188999,5.26017266391,5.24203601008,0
5200,5.26017266391,5.29663443892,5.27837206782,0
5200,5.29663443892,5.33334895488,5.31495999507,0
5200,5.33334895488,5.3703179637,5.35180153771,0
5200,5.3703179637,5.40754322946,5.38889845373,0
5200,5.40754322946,5.44502652842,5.42625251329,0
5200,5.44502652842,5.48276964921,5.46386549882,0
5200,5.48276964921,5.52077439281,5.50173920511,0
5200,5.52077439281,5.5590425727,5.53987543939,0
5200,5.5590425727,5.59757601495,5.57827602141,0
5200,5.59757601495,5.63637655826,5.61694278356,0
5200,5.63637655826,5.67544605409,5.65587757089,0
5200,5.67544605409,5.71478636672,5.69508224128,0
5200,5.71478636672,5.75439937337,5.73455866546,0
5200,5.75439937337,5.79428696427,5.77430872714,0
5200,5.79428696427,5.83445104274,5.81433432308,0
5200,5.83445104274,5.8748935253,5.85463736321,0
5200,5.8748935253,5.91561634175,5.89521977065,0
5200,5.91561634175,5.95662143529,5.93608348191,0
5200,5.95662143529,5.99791076256,5.97723044689,0
5200,5.99791076256,6.03948629376,6.018662629,0
5200,6.03948629376,6.08135001279,6.06038200527,0
5200,6.08135001279,6.12350391725,6.10239056645,0
5200,6.12350391725,6.16595001861,6.14469031706,0
5200,6.16595001861,6.2086903423,6.18728327553,0
5200,6.2086903423,6.25172692776,6.23017147429,0
5200,6.25172692776,6.29506182857,6.27335695984,0
5200,6.29506182857,6.33869711257,6.31684179288,0
5200,6.33869711257,6.38263486191,6.36062804837,0
5200,6.38263486191,6.42687717317,6.40471781569,0
5200,6.42687717317,6.47142615749,6.44911319868,0
5200,6.47142615749,6.51628394061,6.49381631576,0
5200,6.51628394061,6.56145266303,6.53882930005,0
5200,6.56145266303,6.60693448008,6.58415429943,0
5200,6.60693448008,6.65273156202,6.62979347671,0
5200,6.65273156202,6.69884609417,6.67574900964,0
5200,6.69884609417,6.74528027698,6.72202309112,0
5200,6.74528027698,6.79203632617,6.7686179292,0
5200,6.79203632617,6.83911647281,6.81553574727,0
5200,6.83911647281,6.88652296344,6.86277878411,0
5200,6.88652296344,6.93425806017,6.91034929405,0
5200,6.93425806017,6.98232404077,6.95824954701,0
5200,6.98232404077,7.03072319884,7.00648182865,0
5200,7.03072319884,7.07945784384,7.05504844051,0
5200,7.07945784384,7.12853030127,7.10395170003,0
5200,7.12853030127,7.17794291271,7.15319394075,0
5200,7.17794291271,7.22769803602,7.20277751238,0
5200,7.22769803602,7.27779804537,7.25270478091,0
5200,7.27779804537,7.32824533139,7.30297812873,0
5200,7.32824533139,7.37904230129,7.35359995475,0
5200,7.37904230129,7.43019137897,7.40457267451,0
5200,7.43019137897,7.48169500511,7.45589872028,0
5200,7.48169500511,7.53355563734,7.5075805412,0
5200,7.53355563734,7.58577575029,7.55962060339,0
5200,7.58577575029,7.63835783578,7.61202139006,0
5200,7.63835783578,7.69130440287,7.66478540163,0
5200,7.69130440287,7.74461797803,7.71791515585,0
5200,7.74461797803,7.79830110523,7.77141318794,0
5200,7.79830110523,7.8523563461,7.82528205067,0
5200,7.8523563461,7.90678628,7.87952431451,0
5200,7.90678628,7.96159350417,7.93414256777,0
5200,7.96159350417,8.01678063388,7.98913941667,0
5200,8.01678063388,8.07235030249,8.04451748552,0
5200,8.07235030249,8.12830516164,8.1002794168,0
5200,8.12830516164,8.18464788135,8.15642787133,0
5200,8.18464788135,8.24138115013,8.21296552835,0
5200,8.24138115013,8.29850767514,8.26989508568,0
5200,8.29850767514,8.35603018231,8.32721925985,0
5200,8.35603018231,8.41395141645,8.38494078622,0
5200,8.41395141645,8.47227414141,8.44306241909,0
5200,8.47227414141,8.53100114018,8.50158693187,0
5200,8.53100114018,8.59013521505,8.5605171172,0
5200,8.59013521505,8.64967918776,8.61985578706,0
5200,8.64967918776,8.70963589956,8.67960577292,0
5200,8.70963589956,8.77000821144,8.73976992591,0
5200,8.77000821144,8.83079900419,8.80035111687,0
5200,8.83079900419,8.89201117858,8.86135223659,0
5200,8.89201117858,8.9536476555,8.92277619588,0
5200,8.9536476555,9.01571137606,8.98462592571,0
5200,9.01571137606,9.07820530178,9.04690437738,0
5200,9.07820530178,9.1411324147,9.10961452266,0
5200,9.1411324147,9.20449571753,9.1727593539,0
5200,9.20449571753,9.26829823379,9.2363418842,0
5200,9.26829823379,9.33254300797,9.30036514754,0
5200,9.33254300797,9.39723310565,9.36483219894,0
5200,9.39723310565,9.46237161366,9.4297461146,0
5200,9.46237161366,9.52796164024,9.49510999202,0
5200,9.52796164024,9.59400631516,9.5609269502,0
5200,9.59400631516,9.6605087899,9.62720012973,0
5200,9.6605087899,9.72747223777,9.693932693,0
5200,9.72747223777,9.79489985409,9.7611278243,0
5200,9.79489985409,9.86279485631,9.82878873,0
5200,9.86279485631,9.93116048421,9.89691863869,0
5200,9.93116048421,10,9.96552080135,0
5400,0.01,0.0100693166885,0.0100345984915,0
5400,0.0100693166885,0.0101391138574,0.0101041550053,0
5400,0.0101391138574,0.0102093948371,0.0101741936618,0
5400,0.0102093948371,0.0102801629813,0.0102447178031,0
5400,0.0102801629813,0.0103514216668,0.0103157307944,0
5400,0.0103514216668,0.0104231742939,0.0103872360242,0
5400,0.0104231742939,0.0104954242865,0.0104592369046,0
5400,0.0104954242865,0.0105681750921,0.0105317368713,0
5400,0.0105681750921,0.0106414301822,0.0106047393837,0
5400,0.0106414301822,0.0107151930524,0.0106782479254,0
5400,0.0107151930524,0.0107894672223,0.0107522660039,0
5400,0.0107894672223,0.0108642562362,0.0108267971513,0
5400,0.0108642562362,0.0109395636627,0.0109018449239,0
5400,0.0109395636627,0.0110153930954,0.0109774129027,0
5400,0.0110153930954,0.0110917481526,0.0110535046938,0
5400,0.0110917481526,0.0111686324778,0.011130123928,0
5400,0.0111686324778,0.0112460497397,0.0112072742614,0
5400,0.0112460497397,0.0113240036324,0.0112849593753,0
5400,0.0113240036324,0.0114024978756,0.0113631829767,0
5400,0.0114024978756,0.011481536215,0.0114419487982,0
5400,0.011481536215,0.0115611224219,0.0115212605983,0
5400,0.0115611224219,0.0116412602941,0.0116011221615,0
5400,0.0116412602941,0.0117219536555,0.0116815372986,0
5400,0.0117219536555,0.0118032063565,0.0117625098468,0
5400,0.0118032063565,0.0118850222744,0.01184404367,0
5400,0.0118850222744,0.0119674053131,0.0119261426586,0
5400,0.0119674053131,0.0120503594037,0.0120088107301,0
5400,0.0120503594037,0.0121338885046,0.0120920518294,0
5400,0.0121338885046,0.0122179966016,0.0121758699285,0
5400,0.0122179966016,0.0123026877081,0.0122602690268,0
5400,0.0123026877081,0.0123879658653,0.0123452531517,0
5400,0.0123879658653,0.0124738351424,0.0124308263584,0
5400,0.0124738351424,0.0125602996369,0.0125169927303,0
5400,0.0125602996369,0.0126473634747,0.0126037563789,0
5400,0.0126473634747,0.0127350308102,0.0126911214445,0
5400,0.0127350308102,0.0128233058266,0.0127790920957,0
5400,0.0128233058266,0.0129121927361,0.0128676725303,0
5400,0.0129121927361,0.0130016957803,0.0129568669752,0
5400,0.0130016957803,0.01309181923,0.0130466796864,0
5400,0.01309181923,0.0131825673856,0.0131371149496,0
5400,0.0131825673856,0.0132739445773,0.0132281770801,0
5400,0.0132739445773,0.0133659551655,0.0133198704231,0
5400,0.0133659551655,0.0134586035406,0.0134121993541,0
5400,0.0134586035406,0.0135518941235,0.0135051682786,0
5400,0.0135518941235,0.0136458313659,0.0135987816328,0
5400,0.0136458313659,0.0137404197501,0.0136930438839,0
5400,0.0137404197501,0.0138356637897,0.0137879595297,0
5400,0.0138356637897,0.0139315680295,0.0138835330993,0
5400,0.0139315680295,0.0140281370456,0.0139797691532,0
5400,0.0140281370456,0.0141253754462,0.0140766722836,0
5400,0.0141253754462,0.0142232878712,0.0141742471144,0
5400,0.0142232878712,0.0143218789927,0.0142724983016,0
5400,0.0143218789927,0.0144211535152,0.0143714305336,0
5400,0.0144211535152,0.0145211161759,0.0144710485309,0
5400,0.0145211161759,0.0146217717446,0.0145713570473,0
5400,0.0146217717446,0.0147231250243,0.0146723608691,0
5400,0.0147231250243,0.0148251808515,0.0147740648159,0
5400,0.0148251808515,0.0149279440958,0.0148764737408,0
5400,0.0149279440958,0.0150314196609,0.0149795925304,0
5400,0.0150314196609,0.0151356124844,0.0150834261054,0
5400,0.0151356124844,0.015240527538,0.0151879794203,0
5400,0.015240527538,0.015346169828,0.0152932574642,0
5400,0.015346169828,0.0154525443954,0.0153992652606,0
5400,0.0154525443954,0.0155596563161,0.0155060078679,0
5400,0.0155596563161,0.0156675107011,0.0156134903797,0
5400,0.0156675107011,0.015776112697,0.0157217179246,0
5400,0.015776112697,0.015885467486,0.0158306956671,0
5400,0.015885467486,0.0159955802861,0.0159404288071,0
5400,0.0159955802861,0.0161064563518,0.016050922581,0
5400,0.0161064563518,0.0162181009736,0.0161621822611,0
5400,0.0162181009736,0.0163305194789,0.0162742131564,0
5400,0.0163305194789,0.0164437172321,0.0163870206128,0
5400,0.0164437172321,0.0165576996347,0.0165006100132,0
5400,0.0165576996347,0.0166724721255,0.0166149867777,0
5400,0.0166724721255,0.0167880401812,0.016730156364,0
5400,0.0167880401812,0.0169044093164,0.0168461242677,0
5400,0.0169044093164,0.0170215850839,0.0169628960226,0
5400,0.0170215850839,0.0171395730751,0.0170804772006,0
5400,0.0171395730751,0.0172583789199,0.0171988734124,0
5400,0.0172583789199,0.0173780082875,0.0173180903075,0
5400,0.0173780082875,0.0174984668862,0.0174381335747,0
5400,0.0174984668862,0.0176197604641,0.017559008942,0
5400,0.0176197604641,0.0177418948089,0.0176807221773,0
5400,0.0177418948089,0.0178648757485,0.0178032790885,0
5400,0.0178648757485,0.0179887091513,0.0179266855237,0
5400,0.0179887091513,0.0181134009262,0.0180509473713,0
5400,0.0181134009262,0.0182389570232,0.018176070561,0
5400,0.0182389570232,0.0183653834335,0.0183020610631,0
5400,0.0183653834335,0.0184926861898,0.0184289248897,0
5400,0.0184926861898,0.0186208713666,0.0185566680943,0
5400,0.0186208713666,0.0187499450807,0.0186852967726,0
5400,0.0187499450807,0.018879913491,0.0188148170622,0
5400,0.018879913491,0.0190107827992,0.0189452351436,0
5400,0.0190107827992,0.0191425592502,0.0190765572399,0
5400,0.0191425592502,0.0192752491319,0.0192087896175,0
5400,0.0192752491319,0.0194088587759,0.0193419385862,0
5400,0.0194088587759,0.0195433945578,0.0194760104994,0
5400,0.0195433945578,0.0196788628971,0.0196110117548,0
5400,0.0196788628971,0.0198152702581,0.0197469487941,0
5400,0.0198152702581,0.0199526231497,0.019883828104,0
5400,0.0199526231497,0.0200909281261,0.0200216562159,0
5400,0.0200909281261,0.0202301917868,0.0201604397066,0
5400,0.0202301917868,0.0203704207771,0.0203001851986,0
5400,0.0203704207771,0.0205116217883,0.02044089936,0
5400,0.0205116217883,0.0206538015581,0.0205825889054,0
5400,0.0206538015581,0.020796966871,0.0207252605958,0
5400,0.020796966871,0.0209411245585,0.0208689212391,0
5400,0.0209411245585,0.0210862814993,0.0210135776905,0
5400,0.0210862814993,0.02123244462,0.0211592368524,0
5400,0.02123244462,0.021379620895,0.0213059056754,0
5400,0.021379620895,0.0215278173472,0.0214535911582,0
5400,0.0215278173472,0.0216770410482,0.0216023003477,0
5400,0.0216770410482,0.0218272991184,0.0217520403402,0
5400,0.0218272991184,0.0219785987278,0.0219028182807,0
5400,0.0219785987278,0.0221309470961,0.0220546413639,0
5400,0.0221309470961,0.0222843514927,0.0222075168345,0
5400,0.0222843514927,0.0224388192378,0.0223614519872,0
5400,0.0224388192378,0.0225943577022,0.0225164541674,0
5400,0.0225943577022,0.0227509743077,0.0226725307715,0
5400,0.0227509743077,0.0229086765277,0.0228296892468,0
5400,0.0229086765277,0.0230674718872,0.0229879370926,0
5400,0.0230674718872,0.0232273679636,0.0231472818602,0
5400,0.0232273679636,0.0233883723866,0.0233077311528,0
5400,0.0233883723866,0.023550492839,0.0234692926269,0
5400,0.023550492839,0.0237137370566,0.0236319739915,0
5400,0.0237137370566,0.0238781128291,0.0237957830096,0
5400,0.0238781128291,0.0240436280001,0.0239607274975,0
5400,0.0240436280001,0.0242102904674,0.0241268153259,0
5400,0.0242102904674,0.0243781081837,0.0242940544202,0
5400,0.0243781081837,0.0245470891569,0.0244624527605,0
5400,0.0245470891569,0.0247172414502,0.0246320183824,0
5400,0.0247172414502,0.0248885731828,0.0248027593769,0
5400,0.0248885731828,0.0250610925303,0.0249746838915,0
5400,0.0250610925303,0.0252348077248,0.02514780013,0
5400,0.0252348077248,0.0254097270555,0.0253221163528,0
5400,0.0254097270555,0.0255858588691,0.025497640878,0
5400,0.0255858588691,0.02576321157,0.0256743820811,0
5400,0.02576321157,0.0259417936212,0.0258523483956,0
5400,0.0259417936212,0.026121613544,0.0260315483137,0
5400,0.026121613544,0.026302679919,0.0262119903864,0
5400,0.026302679919,0.0264850013861,0.0263936832237,0
5400,0.0264850013861,0.0266685866452,0.0265766354955,0
5400,0.0266685866452,0.0268534444566,0.026760855932,0
5400,0.0268534444566,0.0270395836411,0.0269463533235,0
5400,0.0270395836411,0.0272270130808,0.0271331365215,0
5400,0.0272270130808,0.0274157417193,0.0273212144388,0
5400,0.0274157417193,0.0276057785622,0.0275105960499,0
5400,0.0276057785622,0.0277971326776,0.0277012903916,0
5400,0.0277971326776,0.0279898131963,0.0278933065634,0
5400,0.0279898131963,0.0281838293126,0.0280866537277,0
5400,0.0281838293126,0.0283791902844,0.0282813411105,0
5400,0.0283791902844,0.0285759054337,0.0284773780017,0
5400,0.0285759054337,0.0287739841474,0.0286747737558,0
5400,0.0287739841474,0.028973435877,0.0288735377919,0
5400,0.028973435877,0.02917427014,0.0290736795944,0
5400,0.02917427014,0.0293764965196,0.0292752087137,0
5400,0.0293764965196,0.0295801246655,0.0294781347661,0
5400,0.0295801246655,0.0297851642943,0.0296824674346,0
5400,0.0297851642943,0.0299916251899,0.0298882164696,0
5400,0.0299916251899,0.030199517204,0.0300953916887,0
5400,0.030199517204,0.0304088502568,0.0303040029779,0
5400,0.0304088502568,0.0306196343369,0.0305140602914,0
5400,0.0306196343369,0.0308318795025,0.0307255736527,0
5400,0.0308318795025,0.0310455958813,0.0309385531545,0
5400,0.0310455958813,0.0312607936712,0.0311530089597,0
5400,0.0312607936712,0.031477483141,0.0313689513016,0
5400,0.031477483141,0.0316956746304,0.0315863904842,0
5400,0.0316956746304,0.031915378551,0.0318053368833,0
5400,0.031915378551,0.0321366053864,0.0320258009463,0
5400,0.0321366053864,0.032359365693,0.0322477931932,0
5400,0.032359365693,0.0325836701002,0.0324713242168,0
5400,0.0325836701002,0.0328095293113,0.0326964046834,0
5400,0.0328095293113,0.0330369541037,0.0329230453333,0
5400,0.0330369541037,0.0332659553294,0.0331512569812,0
5400,0.0332659553294,0.0334965439158,0.0333810505166,0
5400,0.0334965439158,0.0337287308659,0.0336124369047,0
5400,0.0337287308659,0.033962527259,0.0338454271866,0
5400,0.033962527259,0.0341979442514,0.03408003248,0
5400,0.0341979442514,0.0344349930763,0.0343162639796,0
5400,0.0344349930763,0.0346736850453,0.0345541329578,0
5400,0.0346736850453,0.0349140315479,0.0347936507649,0
5400,0.0349140315479,0.0351560440528,0.0350348288302,0
5400,0.0351560440528,0.0353997341083,0.0352776786619,0
5400,0.0353997341083,0.0356451133426,0.0355222118482,0
5400,0.0356451133426,0.0358921934645,0.0357684400576,0
5400,0.0358921934645,0.036140986264,0.0360163750395,0
5400,0.036140986264,0.0363915036127,0.0362660286245,0
5400,0.0363915036127,0.0366437574648,0.0365174127255,0
5400,0.0366437574648,0.036897759857,0.0367705393378,0
5400,0.036897759857,0.0371535229097,0.03702542054,0
5400,0.0371535229097,0.0374110588272,0.0372820684943,0
5400,0.0374110588272,0.0376703798984,0.0375404954472,0
5400,0.0376703798984,0.0379314984974,0.0378007137302,0
5400,0.0379314984974,0.038194427084,0.0380627357601,0
5400,0.038194427084,0.0384591782045,0.03832657404,0
5400,0.0384591782045,0.0387257644922,0.0385922411595,0
5400,0.0387257644922,0.0389941986677,0.0388597497954,0
5400,0.0389941986677,0.03926449354,0.0391291127127,0
5400,0.03926449354,0.0395366620068,0.0394003427645,0
5400,0.0395366620068,0.0398107170553,0.0396734528932,0
5400,0.0398107170553,0.0400866717627,0.0399484561308,0
5400,0.0400866717627,0.0403645392968,0.0402253655999,0
5400,0.0403645392968,0.0406443329165,0.0405041945136,0
5400,0.0406443329165,0.040926065973,0.0407849561771,0
5400,0.040926065973,0.0412097519097,0.0410676639875,0
5400,0.0412097519097,0.0414954042634,0.0413523314348,0
5400,0.0414954042634,0.0417830366647,0.0416389721025,0
5400,0.0417830366647,0.0420726628384,0.0419275996685,0
5400,0.0420726628384,0.042364296605,0.0422182279051,0
5400,0.042364296605,0.0426579518802,0.0425108706805,0
5400,0.0426579518802,0.0429536426765,0.0428055419586,0
5400,0.0429536426765,0.0432513831035,0.0431022558005,0
5400,0.0432513831035,0.0435511873686,0.0434010263645,0
5400,0.0435511873686,0.0438530697775,0.0437018679071,0
5400,0.0438530697775,0.0441570447353,0.0440047947836,0
5400,0.0441570447353,0.0444631267469,0.0443098214489,0
5400,0.0444631267469,0.0447713304176,0.0446169624581,0
5400,0.0447713304176,0.0450816704541,0.044926232467,0
5400,0.0450816704541,0.045394161665,0.0452376462332,0
5400,0.045394161665,0.0457088189615,0.0455512186166,0
5400,0.0457088189615,0.0460256573581,0.0458669645798,0
5400,0.0460256573581,0.0463446919736,0.0461848991895,0
5400,0.0463446919736,0.0466659380314,0.0465050376167,0
5400,0.0466659380314,0.0469894108605,0.0468273951374,0
5400,0.0469894108605,0.0473151258961,0.0471519871336,0
5400,0.0473151258961,0.0476430986805,0.0474788290942,0
5400,0.0476430986805,0.0479733448637,0.0478079366149,0
5400,0.0479733448637,0.048305880204,0.0481393254,0
5400,0.048305880204,0.0486407205691,0.0484730112624,0
5400,0.0486407205691,0.0489778819368,0.0488090101248,0
5400,0.0489778819368,0.0493173803955,0.0491473380199,0
5400,0.0493173803955,0.049659232145,0.049488011092,0
5400,0.049659232145,0.0500034534977,0.0498310455971,0
5400,0.0500034534977,0.0503500608788,0.0501764579037,0
5400,0.0503500608788,0.0506990708275,0.050524264494,0
5400,0.0506990708275,0.0510504999975,0.0508744819645,0
5400,0.0510504999975,0.0514043651582,0.0512271270265,0
5400,0.0514043651582,0.0517606831951,0.0515822165072,0
5400,0.0517606831951,0.0521194711105,0.0519397673507,0
5400,0.0521194711105,0.052480746025,0.0522997966182,0
5400,0.052480746025,0.0528445251775,0.0526623214894,0
5400,0.0528445251775,0.0532108259267,0.0530273592629,0
5400,0.0532108259267,0.0535796657513,0.0533949273574,0
5400,0.0535796657513,0.0539510622515,0.0537650433122,0
5400,0.0539510622515,0.0543250331492,0.0541377247883,0
5400,0.0543250331492,0.0547015962894,0.0545129895689,0
5400,0.0547015962894,0.0550807696405,0.0548908555607,0
5400,0.0550807696405,0.0554625712958,0.0552713407944,0
5400,0.0554625712958,0.0558470194737,0.0556544634258,0
5400,0.0558470194737,0.056234132519,0.0560402417364,0
5400,0.056234132519,0.0566239289038,0.0564286941345,0
5400,0.0566239289038,0.0570164272281,0.056819839156,0
5400,0.0570164272281,0.0574116462207,0.0572136954652,0
5400,0.0574116462207,0.0578096047406,0.057610281856,0
5400,0.0578096047406,0.0582103217771,0.0580096172523,0
5400,0.0582103217771,0.0586138164514,0.0584117207093,0
5400,0.0586138164514,0.0590201080172,0.0588166114143,0
5400,0.0590201080172,0.0594292158616,0.0592243086876,0
5400,0.0594292158616,0.059841159506,0.0596348319834,0
5400,0.059841159506,0.0602559586074,0.0600482008908,0
5400,0.0602559586074,0.0606736329589,0.0604644351345,0
5400,0.0606736329589,0.0610942024906,0.0608835545761,0
5400,0.0610942024906,0.061517687271,0.061305579215,0
5400,0.061517687271,0.0619441075077,0.0617305291889,0
5400,0.0619441075077,0.0623734835482,0.0621584247753,0
5400,0.0623734835482,0.0628058358813,0.0625892863921,0
5400,0.0628058358813,0.0632411851376,0.0630231345991,0
5400,0.0632411851376,0.0636795520908,0.0634599900981,0
5400,0.0636795520908,0.0641209576585,0.0638998737348,0
5400,0.0641209576585,0.0645654229035,0.0643428064992,0
5400,0.0645654229035,0.0650129690343,0.0647888095269,0
5400,0.0650129690343,0.0654636174067,0.0652379040998,0
5400,0.0654636174067,0.0659173895244,0.0656901116476,0
5400,0.0659173895244,0.0663743070402,0.0661454537484,0
5400,0.0663743070402,0.0668343917569,0.0666039521298,0
5400,0.0668343917569,0.0672976656284,0.0670656286702,0
5400,0.0672976656284,0.0677641507611,0.0675305053995,0
5400,0.0677641507611,0.0682338694142,0.0679986045003,0
5400,0.0682338694142,0.0687068440014,0.0684699483091,0
5400,0.0687068440014,0.0691830970919,0.0689445593171,0
5400,0.0691830970919,0.0696626514111,0.0694224601714,0
5400,0.0696626514111,0.070145529842,0.0699036736762,0
5400,0.070145529842,0.0706317554263,0.0703882227936,0
5400,0.0706317554263,0.0711213513653,0.0708761306451,0
5400,0.0711213513653,0.0716143410213,0.0713674205122,0
5400,0.0716143410213,0.0721107479183,0.071862115838,0
5400,0.0721107479183,0.0726105957435,0.072360240228,0
5400,0.0726105957435,0.0731139083483,0.0728618174513,0
5400,0.0731139083483,0.0736207097495,0.0733668714418,0
5400,0.0736207097495,0.0741310241301,0.0738754262994,0
5400,0.0741310241301,0.074644875841,0.0743875062908,0
5400,0.074644875841,0.0751622894018,0.0749031358511,0
5400,0.0751622894018,0.0756832895021,0.0754223395848,0
5400,0.0756832895021,0.0762079010025,0.0759451422668,0
5400,0.0762079010025,0.0767361489362,0.0764715688439,0
5400,0.0767361489362,0.0772680585096,0.0770016444357,0
5400,0.0772680585096,0.077803655104,0.077535394336,0
5400,0.077803655104,0.0783429642766,0.0780728440138,0
5400,0.0783429642766,0.0788860117619,0.0786140191148,0
5400,0.0788860117619,0.0794328234724,0.0791589454624,0
5400,0.0794328234724,0.0799834255007,0.079707649059,0
5400,0.0799834255007,0.0805378441199,0.0802601560873,0
5400,0.0805378441199,0.0810961057854,0.0808164929113,0
5400,0.0810961057854,0.0816582371359,0.0813766860779,0
5400,0.0816582371359,0.0822242649947,0.081940762318,0
5400,0.0822242649947,0.0827942163712,0.0825087485479,0
5400,0.0827942163712,0.083368118462,0.0830806718702,0
5400,0.083368118462,0.0839459986519,0.0836565595756,0
5400,0.0839459986519,0.084527884516,0.0842364391438,0
5400,0.084527884516,0.0851138038202,0.0848203382452,0
5400,0.0851138038202,0.085703784523,0.0854082847419,0
5400,0.085703784523,0.0862978547767,0.0860003066889,0
5400,0.0862978547767,0.0868960429286,0.086596432336,0
5400,0.0868960429286,0.0874983775227,0.0871966901287,0
5400,0.0874983775227,0.0881048873008,0.0878011087097,0
5400,0.0881048873008,0.0887156012038,0.08840971692,0
5400,0.0887156012038,0.0893305483733,0.089022543801,0
5400,0.0893305483733,0.089949758153,0.089639618595,0
5400,0.089949758153,0.0905732600898,0.0902609707471,0
5400,0.0905732600898,0.0912010839356,0.0908866299066,0
5400,0.0912010839356,0.0918332596484,0.0915166259281,0
5400,0.0918332596484,0.0924698173938,0.0921509888735,0
5400,0.0924698173938,0.0931107875468,0.0927897490127,0
5400,0.0931107875468,0.0937562006926,0.0934329368257,0
5400,0.0937562006926,0.0944060876286,0.0940805830037,0
5400,0.0944060876286,0.0950604793656,0.0947327184504,0
5400,0.0950604793656,0.0957194071295,0.0953893742842,0
5400,0.0957194071295,0.0963829023624,0.0960505818387,0
5400,0.0963829023624,0.0970509967245,0.096716372665,0
5400,0.0970509967245,0.0977237220956,0.0973867785329,0
5400,0.0977237220956,0.0984011105761,0.0980618314322,0
5400,0.0984011105761,0.0990831944893,0.0987415635747,0
5400,0.0990831944893,0.0997700063823,0.0994260073953,0
5400,0.0997700063823,0.100461579028,0.100115195554,0
5400,0.100461579028,0.101157945426,0.100809160936,0
5400,0.101157945426,0.101859138805,0.101507936657,0
5400,0.101859138805,0.102565192625,0.10221155606,0
5400,0.102565192625,0.103276140576,0.102920052719,0
5400,0.103276140576,0.103992016583,0.103633460443,0
5400,0.103992016583,0.104712854805,0.104351813273,0
5400,0.104712854805,0.105438689639,0.105075145487,0
5400,0.105438689639,0.10616955572,0.1058034916,0
5400,0.10616955572,0.106905487922,0.106536886367,0
5400,0.106905487922,0.107646521363,0.107275364784,0
5400,0.107646521363,0.108392691402,0.108018962088,0
5400,0.108392691402,0.109144033645,0.108767713763,0
5400,0.109144033645,0.109900583943,0.109521655537,0
5400,0.109900583943,0.110662378398,0.110280823385,0
5400,0.110662378398,0.111429453359,0.111045253533,0
5400,0.111429453359,0.11220184543,0.111814982458,0
5400,0.11220184543,0.112979591467,0.112590046889,0
5400,0.112979591467,0.113762728582,0.113370483811,0
5400,0.113762728582,0.114551294145,0.114156330462,0
5400,0.114551294145,0.115345325782,0.114947624342,0
5400,0.115345325782,0.116144861384,0.115744403209,0
5400,0.116144861384,0.116949939102,0.116546705084,0
5400,0.116949939102,0.117760597352,0.117354568249,0
5400,0.117760597352,0.118576874817,0.118168031254,0
5400,0.118576874817,0.119398810446,0.118987132916,0
5400,0.119398810446,0.120226443462,0.119811912319,0
5400,0.120226443462,0.121059813355,0.12064240882,0
5400,0.121059813355,0.121898959892,0.121478662047,0
5400,0.121898959892,0.122743923116,0.122320711905,0
5400,0.122743923116,0.123594743344,0.123168598574,0
5400,0.123594743344,0.124451461177,0.124022362512,0
5400,0.124451461177,0.125314117494,0.124882044459,0
5400,0.125314117494,0.126182753459,0.125747685437,0
5400,0.126182753459,0.127057410521,0.126619326751,0
5400,0.127057410521,0.127938130416,0.127497009994,0
5400,0.127938130416,0.128824955169,0.128380777047,0
5400,0.128824955169,0.129717927098,0.129270670081,0
5400,0.129717927098,0.130617088813,0.130166731558,0
5400,0.130617088813,0.131522483219,0.131069004237,0
5400,0.131522483219,0.132434153519,0.131977531171,0
5400,0.132434153519,0.133352143216,0.132892355713,0
5400,0.133352143216,0.134276496114,0.133813521515,0
5400,0.134276496114,0.135207256319,0.134741072534,0
5400,0.135207256319,0.136144468247,0.13567505303,0
5400,0.136144468247,0.137088176616,0.136615507569,0
5400,0.137088176616,0.13803842646,0.137562481028,0
5400,0.13803842646,0.138995263121,0.138516018592,0
5400,0.138995263121,0.139958732257,0.139476165764,0
5400,0.139958732257,0.140928879842,0.140442968358,0
5400,0.140928879842,0.141905752169,0.141416472507,0
5400,0.141905752169,0.142889395851,0.142396724665,0
5400,0.142889395851,0.143879857826,0.143383771606,0
5400,0.143879857826,0.144877185354,0.144377660429,0
5400,0.144877185354,0.145881426028,0.145378438561,0
5400,0.145881426028,0.146892627764,0.146386153755,0
5400,0.146892627764,0.147910838817,0.147400854097,0
5400,0.147910838817,0.148936107771,0.148422588006,0
5400,0.148936107771,0.14996848355,0.149451404237,0
5400,0.14996848355,0.151008015416,0.15048735188,0
5400,0.151008015416,0.152054752973,0.15153048037,0
5400,0.152054752973,0.153108746168,0.152580839481,0
5400,0.153108746168,0.154170045295,0.153638479333,0
5400,0.154170045295,0.155238700996,0.154703450395,0
5400,0.155238700996,0.156314764264,0.155775803483,0
5400,0.156314764264,0.157398286447,0.156855589768,0
5400,0.157398286447,0.158489319246,0.157942860774,0
5400,0.158489319246,0.159587914724,0.159037668382,0
5400,0.159587914724,0.160694125301,0.160140064834,0
5400,0.160694125301,0.161808003764,0.161250102734,0
5400,0.161808003764,0.162929603264,0.162367835048,0
5400,0.162929603264,0.16405897732,0.163493315113,0
5400,0.16405897732,0.165196179823,0.164626596633,0
5400,0.165196179823,0.166341265037,0.165767733685,0
5400,0.166341265037,0.167494287603,0.166916780721,0
5400,0.167494287603,0.168655302539,0.168073792571,0
5400,0.168655302539,0.169824365246,0.169238824444,0
5400,0.169824365246,0.171001531509,0.170411931932,0
5400,0.171001531509,0.172186857499,0.171593171012,0
5400,0.172186857499,0.173380399775,0.172782598051,0
5400,0.173380399775,0.174582215292,0.173980269804,0
5400,0.174582215292,0.175792361396,0.175186243421,0
5400,0.175792361396,0.177010895832,0.176400576448,0
5400,0.177010895832,0.178237876745,0.177623326829,0
5400,0.178237876745,0.179473362683,0.178854552911,0
5400,0.179473362683,0.180717412601,0.180094313444,0
5400,0.180717412601,0.181970085861,0.181342667587,0
5400,0.181970085861,0.183231442237,0.182599674907,0
5400,0.183231442237,0.184501541918,0.183865395386,0
5400,0.184501541918,0.185780445509,0.185139889421,0
5400,0.185780445509,0.187068214037,0.186423217825,0
5400,0.187068214037,0.188364908949,0.187715441838,0
5400,0.188364908949,0.189670592121,0.189016623119,0
5400,0.189670592121,0.190985325857,0.190326823758,0
5400,0.190985325857,0.192309172891,0.191646106274,0
5400,0.192309172891,0.193642196395,0.192974533619,0
5400,0.193642196395,0.194984459976,0.194312169183,0
5400,0.194984459976,0.196336027684,0.195659076793,0
5400,0.196336027684,0.197696964011,0.197015320722,0
5400,0.197696964011,0.199067333899,0.198380965684,0
5400,0.199067333899,0.200447202737,0.199756076844,0
5400,0.200447202737,0.201836636368,0.20114071982,0
5400,0.201836636368,0.203235701094,0.202534960682,0
5400,0.203235701094,0.204644463672,0.203938865961,0
5400,0.204644463672,0.206062991327,0.205352502646,0
5400,0.206062991327,0.207491351745,0.206775938192,0
5400,0.207491351745,0.208929613085,0.208209240522,0
5400,0.208929613085,0.210377843977,0.209652478029,0
5400,0.210377843977,0.211836113525,0.211105719581,0
5400,0.211836113525,0.213304491315,0.212569034522,0
5400,0.213304491315,0.214783047413,0.214042492677,0
5400,0.214783047413,0.216271852373,0.215526164357,0
5400,0.216271852373,0.217770977235,0.217020120357,0
5400,0.217770977235,0.219280493535,0.218524431965,0
5400,0.219280493535,0.220800473302,0.220039170964,0
5400,0.220800473302,0.222330989065,0.221564409631,0
5400,0.222330989065,0.223872113857,0.223100220748,0
5400,0.223872113857,0.225423921215,0.224646677599,0
5400,0.225423921215,0.226986485188,0.226203853977,0
5400,0.226986485188,0.228559880338,0.227771824186,0
5400,0.228559880338,0.230144181741,0.229350663045,0
5400,0.230144181741,0.231739464997,0.230940445892,0
5400,0.231739464997,0.233345806228,0.232541248587,0
5400,0.233345806228,0.234963282085,0.234153147517,0
5400,0.234963282085,0.236591969749,0.235776219596,0
5400,0.236591969749,0.238231946936,0.237410542273,0
5400,0.238231946936,0.239883291902,0.239056193534,0
5400,0.239883291902,0.241546083444,0.240713251905,0
5400,0.241546083444,0.243220400907,0.242381796455,0
5400,0.243220400907,0.244906324184,0.244061906804,0
5400,0.244906324184,0.246603933723,0.245753663122,0
5400,0.246603933723,0.24831331053,0.247457146133,0
5400,0.24831331053,0.25003453617,0.249172437125,0
5400,0.25003453617,0.251767692776,0.250899617947,0
5400,0.251767692776,0.25351286305,0.252638771013,0
5400,0.25351286305,0.255270130266,0.254389979313,0
5400,0.255270130266,0.257039578277,0.256153326409,0
5400,0.257039578277,0.258821291515,0.257928896443,0
5400,0.258821291515,0.260615355,0.25971677414,0
5400,0.260615355,0.262421854338,0.261517044814,0
5400,0.262421854338,0.264240875732,0.263329794368,0
5400,0.264240875732,0.26607250598,0.265155109301,0
5400,0.26607250598,0.267916832482,0.266993076713,0
5400,0.267916832482,0.269773943244,0.268843784306,0
5400,0.269773943244,0.271643926884,0.270707320392,0
5400,0.271643926884,0.273526872631,0.272583773893,0
5400,0.273526872631,0.275422870334,0.274473234348,0
5400,0.275422870334,0.277332010465,0.276375791917,0
5400,0.277332010465,0.279254384124,0.278291537385,0
5400,0.279254384124,0.28119008304,0.280220562167,0
5400,0.28119008304,0.28313919958,0.282162958309,0
5400,0.28313919958,0.28510182675,0.284118818498,0
5400,0.28510182675,0.287078058202,0.286088236063,0
5400,0.287078058202,0.289067988237,0.288071304978,0
5400,0.289067988237,0.291071711807,0.290068119869,0
5400,0.291071711807,0.293089324525,0.292078776021,0
5400,0.293089324525,0.295120922667,0.294103369375,0
5400,0.295120922667,0.297166603174,0.296141996539,0
5400,0.297166603174,0.299226463661,0.298194754793,0
5400,0.299226463661,0.301300602419,0.300261742086,0
5400,0.301300602419,0.303389118419,0.302343057051,0
5400,0.303389118419,0.305492111322,0.304438799002,0
5400,0.305492111322,0.307609681474,0.306549067943,0
5400,0.307609681474,0.309741929922,0.308673964568,0
5400,0.309741929922,0.311888958409,0.310813590274,0
5400,0.311888958409,0.314050869388,0.312968047156,0
5400,0.314050869388,0.316227766017,0.31513743802,0
5400,0.316227766017,0.318419752173,0.317321866384,0
5400,0.318419752173,0.320626932451,0.319521436481,0
5400,0.320626932451,0.322849412171,0.32173625327,0
5400,0.322849412171,0.325087297385,0.323966422435,0
5400,0.325087297385,0.327340694879,0.326212050394,0
5400,0.327340694879,0.329609712177,0.328473244303,0
5400,0.329609712177,0.331894457553,0.330750112059,0
5400,0.331894457553,0.334195040026,0.333042762309,0
5400,0.334195040026,0.336511569375,0.335351304451,0
5400,0.336511569375,0.338844156139,0.337675848642,0
5400,0.338844156139,0.341192911622,0.340016505804,0
5400,0.341192911622,0.3435579479,0.342373387626,0
5400,0.3435579479,0.345939377826,0.344746606573,0
5400,0.345939377826,0.348337315036,0.347136275888,0
5400,0.348337315036,0.350751873953,0.349542509599,0
5400,0.350751873953,0.353183169792,0.351965422525,0
5400,0.353183169792,0.355631318569,0.354405130281,0
5400,0.355631318569,0.358096437103,0.356861749283,0
5400,0.358096437103,0.360578643022,0.359335396755,0
5400,0.360578643022,0.36307805477,0.361826190732,0
5400,0.36307805477,0.365594791613,0.364334250068,0
5400,0.365594791613,0.368128973643,0.366859694441,0
5400,0.368128973643,0.370680721783,0.369402644358,0
5400,0.370680721783,0.373250157796,0.371963221162,0
5400,0.373250157796,0.375837404288,0.374541547036,0
5400,0.375837404288,0.378442584717,0.377137745011,0
5400,0.378442584717,0.381065823394,0.379751938971,0
5400,0.381065823394,0.383707245492,0.382384253658,0
5400,0.383707245492,0.386366977054,0.385034814679,0
5400,0.386366977054,0.389045144994,0.38770374851,0
5400,0.389045144994,0.391741877108,0.390391182508,0
5400,0.391741877108,0.394457302075,0.393097244907,0
5400,0.394457302075,0.397191549469,0.395822064836,0
5400,0.397191549469,0.399944749761,0.398565772313,0
5400,0.399944749761,0.402717034325,0.401328498263,0
5400,0.402717034325,0.405508535448,0.404110374513,0
5400,0.405508535448,0.408319386333,0.406911533809,0
5400,0.408319386333,0.411149721105,0.409732109814,0
5400,0.411149721105,0.41399967482,0.412572237117,0
5400,0.41399967482,0.41686938347,0.415432051242,0
5400,0.41686938347,0.419758983991,0.418311688651,0
5400,0.419758983991,0.422668614266,0.421211286754,0
5400,0.422668614266,0.425598413134,0.42413098391,0
5400,0.425598413134,0.428548520397,0.427070919441,0
5400,0.428548520397,0.431519076828,0.430031233631,0
5400,0.431519076828,0.434510224172,0.433012067738,0
5400,0.434510224172,0.437522105158,0.436013564,0
5400,0.437522105158,0.440554863507,0.439035865641,0
5400,0.440554863507,0.443608643931,0.442079116876,0
5400,0.443608643931,0.446683592151,0.44514346292,0
5400,0.446683592151,0.449779854893,0.448229049997,0
5400,0.449779854893,0.452897579904,0.451336025341,0
5400,0.452897579904,0.456036915951,0.45446453721,0
5400,0.456036915951,0.459198012837,0.457614734886,0
5400,0.459198012837,0.462381021399,0.46078676869,0
5400,0.462381021399,0.465586093523,0.463980789982,0
5400,0.465586093523,0.468813382145,0.467196951172,0
5400,0.468813382145,0.472063041264,0.470435405726,0
5400,0.472063041264,0.475335225943,0.473696308175,0
5400,0.475335225943,0.478630092323,0.476979814119,0
5400,0.478630092323,0.481947797625,0.48028608024,0
5400,0.481947797625,0.485288500162,0.483615264302,0
5400,0.485288500162,0.488652359343,0.486967525166,0
5400,0.488652359343,0.492039535681,0.490343022792,0
5400,0.492039535681,0.495450190805,0.49374191825,0
5400,0.495450190805,0.49888448746,0.497164373725,0
5400,0.49888448746,0.502342589522,0.500610552529,0
5400,0.502342589522,0.505824662003,0.504080619103,0
5400,0.505824662003,0.509330871057,0.507574739029,0
5400,0.509330871057,0.512861383991,0.511093079037,0
5400,0.512861383991,0.516416369272,0.514635807014,0
5400,0.516416369272,0.519995996534,0.518203092007,0
5400,0.519995996534,0.523600436586,0.521795104239,0
5400,0.523600436586,0.527229861423,0.52541201511,0
5400,0.527229861423,0.530884444231,0.52905399721,0
5400,0.530884444231,0.534564359397,0.532721224323,0
5400,0.534564359397,0.538269782516,0.53641387144,0
5400,0.538269782516,0.542000890402,0.540132114765,0
5400,0.542000890402,0.545757861091,0.54387613172,0
5400,0.545757861091,0.549540873858,0.547646100962,0
5400,0.549540873858,0.553350109216,0.551442202382,0
5400,0.553350109216,0.557185748932,0.55526461712,0
5400,0.557185748932,0.561047976032,0.559113527571,0
5400,0.561047976032,0.564936974812,0.562989117394,0
5400,0.564936974812,0.568852930844,0.566891571523,0
5400,0.568852930844,0.572796030986,0.570821076172,0
5400,0.572796030986,0.576766463392,0.574777818846,0
5400,0.576766463392,0.580764417521,0.578761988349,0
5400,0.580764417521,0.584790084144,0.582773774796,0
5400,0.584790084144,0.588843655356,0.586813369619,0
5400,0.588843655356,0.59292532458,0.590880965575,0
5400,0.59292532458,0.597035286584,0.594976756759,0
5400,0.597035286584,0.601173737483,0.599100938611,0
5400,0.601173737483,0.605340874754,0.603253707927,0
5400,0.605340874754,0.60953689724,0.607435262864,0
5400,0.60953689724,0.613762005165,0.611645802955,0
5400,0.613762005165,0.618016400138,0.615885529115,0
5400,0.618016400138,0.622300285169,0.620154643654,0
5400,0.622300285169,0.626613864672,0.624453350281,0
5400,0.626613864672,0.63095734448,0.628781854118,0
5400,0.63095734448,0.635330931852,0.633140361711,0
5400,0.635330931852,0.639734835483,0.637529081035,0
5400,0.639734835483,0.644169265515,0.641948221508,0
5400,0.644169265515,0.648634433548,0.646397994,0
5400,0.648634433548,0.653130552647,0.65087861084,0
5400,0.653130552647,0.657657837355,0.655390285833,0
5400,0.657657837355,0.662216503702,0.659933234264,0
5400,0.662216503702,0.666806769214,0.664507672908,0
5400,0.666806769214,0.671428852926,0.669113820046,0
5400,0.671428852926,0.676082975392,0.673751895471,0
5400,0.676082975392,0.680769358694,0.678422120498,0
5400,0.680769358694,0.685488226453,0.683124717979,0
5400,0.685488226453,0.69023980384,0.687859912309,0
5400,0.69023980384,0.695024317589,0.692627929437,0
5400,0.695024317589,0.699841996002,0.697428996882,0
5400,0.699841996002,0.704693068967,0.702263343736,0
5400,0.704693068967,0.709577767963,0.707131200681,0
5400,0.709577767963,0.714496326076,0.712032799999,0
5400,0.714496326076,0.719448978004,0.71696837558,0
5400,0.719448978004,0.724435960075,0.721938162937,0
5400,0.724435960075,0.729457510255,0.726942399214,0
5400,0.729457510255,0.734513868157,0.7319813232,0
5400,0.734513868157,0.739605275058,0.737055175338,0
5400,0.739605275058,0.744731973906,0.742164197739,0
5400,0.744731973906,0.749894209332,0.747308634191,0
5400,0.749894209332,0.755092227665,0.752488730174,0
5400,0.755092227665,0.76032627694,0.757704732866,0
5400,0.76032627694,0.765596606911,0.762956891162,0
5400,0.765596606911,0.770903469064,0.768245455679,0
5400,0.770903469064,0.776247116629,0.773570678775,0
5400,0.776247116629,0.781627804588,0.778932814554,0
5400,0.781627804588,0.787045789695,0.784332118882,0
5400,0.787045789695,0.79250133048,0.7897688494,0
5400,0.79250133048,0.797994687268,0.795243265533,0
5400,0.797994687268,0.803526122186,0.800755628507,0
5400,0.803526122186,0.809095899178,0.806306201355,0
5400,0.809095899178,0.814704284021,0.811895248936,0
5400,0.814704284021,0.82035154433,0.817523037944,0
5400,0.82035154433,0.826037949577,0.823189836921,0
5400,0.826037949577,0.831763771103,0.828895916273,0
5400,0.831763771103,0.837529282127,0.834641548277,0
5400,0.837529282127,0.843334757764,0.8404270071,0
5400,0.843334757764,0.849180475036,0.846252568807,0
5400,0.849180475036,0.855066712885,0.852118511379,0
5400,0.855066712885,0.860993752185,0.858025114723,0
5400,0.860993752185,0.866961875758,0.863972660684,0
5400,0.866961875758,0.872971368388,0.869961433065,0
5400,0.872971368388,0.879022516831,0.875991717633,0
5400,0.879022516831,0.885115609831,0.882063802137,0
5400,0.885115609831,0.891250938134,0.888177976319,0
5400,0.891250938134,0.897428794501,0.894334531933,0
5400,0.897428794501,0.903649473722,0.900533762751,0
5400,0.903649473722,0.909913272632,0.906775964584,0
5400,0.909913272632,0.916220490122,0.913061435293,0
5400,0.916220490122,0.922571427155,0.919390474804,0
5400,0.922571427155,0.92896638678,0.925763385121,0
5400,0.92896638678,0.935405674148,0.932180470342,0
5400,0.935405674148,0.941889596523,0.938642036672,0
5400,0.941889596523,0.948418463301,0.945148392441,0
5400,0.948418463301,0.954992586021,0.951699848113,0
5400,0.954992586021,0.961612278384,0.958296716306,0
5400,0.961612278384,0.968277856261,0.964939311806,0
5400,0.968277856261,0.974989637717,0.971627951577,0
5400,0.974989637717,0.98174794302,0.978362954785,0
5400,0.98174794302,0.988553094657,0.985144642804,0
5400,0.988553094657,0.995405417352,0.991973339239,0
5400,0.995405417352,1.00230523808,0.998849369937,0
5400,1.00230523808,1.00925288608,1.005773063,0
5400,1.00925288608,1.01624869287,1.01274474881,0
5400,1.01624869287,1.02329299228,1.01976476004,0
5400,1.02329299228,1.03038612044,1.02683343167,0
5400,1.03038612044,1.03752841582,1.03395110098,0
5400,1.03752841582,1.04472021922,1.04111810762,0
5400,1.04472021922,1.05196187382,1.04833479358,0
5400,1.05196187382,1.05925372518,1.05560150322,0
5400,1.05925372518,1.06659612123,1.06291858328,0
5400,1.06659612123,1.07398941234,1.07028638291,0
5400,1.07398941234,1.0814339513,1.07770525369,0
5400,1.0814339513,1.08893009333,1.08517554963,0
5400,1.08893009333,1.09647819614,1.09269762719,0
5400,1.09647819614,1.1040786199,1.1002718453,0
5400,1.1040786199,1.11173172728,1.10789856537,0
5400,1.11173172728,1.11943788347,1.11557815135,0
5400,1.11943788347,1.12719745618,1.12331096967,0
5400,1.12719745618,1.13501081567,1.13109738933,0
5400,1.13501081567,1.14287833479,1.13893778188,0
5400,1.14287833479,1.15080038894,1.14683252142,0
5400,1.15080038894,1.15877735616,1.15478198469,0
5400,1.15877735616,1.16680961706,1.162786551,0
5400,1.16680961706,1.17489755494,1.17084660232,0
5400,1.17489755494,1.18304155573,1.17896252324,0
5400,1.18304155573,1.19124200803,1.18713470104,0
5400,1.19124200803,1.19949930315,1.19536352567,0
5400,1.19949930315,1.20781383511,1.20364938979,0
5400,1.20781383511,1.21618600065,1.21199268877,0
5400,1.21618600065,1.22461619927,1.22039382074,0
5400,1.22461619927,1.23310483323,1.22885318658,0
5400,1.23310483323,1.24165230759,1.23737118994,0
5400,1.24165230759,1.25025903022,1.24594823727,0
5400,1.25025903022,1.25892541179,1.25458473786,0
5400,1.25892541179,1.26765186586,1.26328110381,0
5400,1.26765186586,1.27643880881,1.27203775009,0
5400,1.27643880881,1.28528665994,1.28085509454,0
5400,1.28528665994,1.29419584145,1.2897335579,0
5400,1.29419584145,1.30316677845,1.29867356383,0
5400,1.30316677845,1.31219989902,1.30767553892,0
5400,1.31219989902,1.32129563419,1.31673991272,0
5400,1.32129563419,1.33045441798,1.32586711776,0
5400,1.33045441798,1.33967668743,1.33505758956,0
5400,1.33967668743,1.34896288259,1.34431176667,0
5400,1.34896288259,1.35831344659,1.35363009067,0
5400,1.35831344659,1.3677288256,1.36301300621,0
5400,1.3677288256,1.37720946889,1.37246096101,0
5400,1.37720946889,1.38675582887,1.3819744059,0
5400,1.38675582887,1.39636836106,1.39155379484,0
5400,1.39636836106,1.40604752413,1.40119958494,0
5400,1.40604752413,1.41579377996,1.41091223646,0
5400,1.41579377996,1.4256075936,1.42069221286,0
5400,1.4256075936,1.43548943335,1.43053998082,0
5400,1.43548943335,1.44543977075,1.44045601025,0
5400,1.44543977075,1.45545908058,1.4504407743,0
5400,1.45545908058,1.46554784096,1.46049474944,0
5400,1.46554784096,1.47570653328,1.4706184154,0
5400,1.47570653328,1.48593564229,1.48081225527,0
5400,1.48593564229,1.49623565609,1.49107675545,0
5400,1.49623565609,1.50660706619,1.50141240575,0
5400,1.50660706619,1.51705036746,1.51181969936,0
5400,1.51705036746,1.52756605824,1.52229913288,0
5400,1.52756605824,1.5381546403,1.53285120636,0
5400,1.5381546403,1.54881661891,1.54347642332,0
5400,1.54881661891,1.55955250283,1.55417529077,0
5400,1.55955250283,1.57036280433,1.56494831922,0
5400,1.57036280433,1.58124803927,1.57579602274,0
5400,1.58124803927,1.59220872705,1.58671891895,0
5400,1.59220872705,1.60324539069,1.59771752906,0
5400,1.60324539069,1.61435855683,1.60879237789,0
5400,1.61435855683,1.62554875575,1.6199439939,0
5400,1.62554875575,1.63681652143,1.63117290923,0
5400,1.63681652143,1.64816239153,1.64247965967,0
5400,1.64816239153,1.65958690744,1.65386478477,0
5400,1.65958690744,1.67109061431,1.66532882779,0
5400,1.67109061431,1.68267406107,1.67687233575,0
5400,1.68267406107,1.69433780045,1.68849585949,0
5400,1.69433780045,1.706082389,1.70019995364,0
5400,1.706082389,1.71790838716,1.7119851767,0
5400,1.71790838716,1.72981635922,1.72385209103,0
5400,1.72981635922,1.74180687339,1.73580126287,0
5400,1.74180687339,1.75388050184,1.74783326242,0
5400,1.75388050184,1.76603782069,1.7599486638,0
5400,1.76603782069,1.77827941004,1.77214804514,0
5400,1.77827941004,1.79060585404,1.78443198854,0
5400,1.79060585404,1.80301774086,1.79680108017,0
5400,1.80301774086,1.81551566277,1.80925591025,0
5400,1.81551566277,1.82810021614,1.82179707309,0
5400,1.82810021614,1.84077200147,1.83442516712,0
5400,1.84077200147,1.85353162341,1.84714079491,0
5400,1.85353162341,1.86637969083,1.85994456322,0
5400,1.86637969083,1.8793168168,1.87283708302,0
5400,1.8793168168,1.89234361864,1.88581896949,0
5400,1.89234361864,1.90546071796,1.8988908421,0
5400,1.90546071796,1.91866874067,1.9120533246,0
5400,1.91866874067,1.93196831702,1.92530704508,0
5400,1.93196831702,1.94536008162,1.93865263595,0
5400,1.94536008162,1.95884467351,1.95209073404,0
5400,1.95884467351,1.97242273611,1.96562198058,0
5400,1.97242273611,1.98609491736,1.97924702124,0
5400,1.98609491736,1.99986186963,1.99296650616,0
5400,1.99986186963,2.01372424986,2.00678109002,0
5400,2.01372424986,2.02768271952,2.02069143199,0
5400,2.02768271952,2.04173794467,2.03469819585,0
5400,2.04173794467,2.05589059598,2.04880204996,0
5400,2.05589059598,2.07014134879,2.06300366731,0
5400,2.07014134879,2.0844908831,2.07730372557,0
5400,2.0844908831,2.09893988362,2.0917029071,0
5400,2.09893988362,2.11348903984,2.10620189899,0
5400,2.11348903984,2.12813904598,2.12080139309,0
5400,2.12813904598,2.14289060112,2.13550208605,0
5400,2.14289060112,2.15774440915,2.15030467934,0
5400,2.15774440915,2.17270117886,2.16520987931,0
5400,2.17270117886,2.18776162395,2.18021839719,0
5400,2.18776162395,2.20292646305,2.19533094914,0
5400,2.20292646305,2.2181964198,2.2105482563,0
5400,2.2181964198,2.23357222283,2.22587104479,0
5400,2.23357222283,2.24905460584,2.24130004578,0
5400,2.24905460584,2.26464430759,2.2568359955,0
5400,2.26464430759,2.280342072,2.27247963527,0
5400,2.280342072,2.29614864811,2.28823171158,0
5400,2.29614864811,2.31206479018,2.30409297606,0
5400,2.31206479018,2.32809125767,2.32006418557,0
5400,2.32809125767,2.34422881532,2.33614610222,0
5400,2.34422881532,2.36047823318,2.35233949339,0
5400,2.36047823318,2.37684028662,2.36864513178,0
5400,2.37684028662,2.39331575641,2.38506379547,0
5400,2.39331575641,2.40990542869,2.40159626789,0
5400,2.40990542869,2.42661009508,2.41824333793,0
5400,2.42661009508,2.44343055269,2.43500579995,0
5400,2.44343055269,2.46036760415,2.45188445381,0
5400,2.46036760415,2.47742205763,2.46888010491,0
5400,2.47742205763,2.49459472694,2.48599356423,0
5400,2.49459472694,2.51188643151,2.50322564838,0
5400,2.51188643151,2.52929799645,2.52057717964,0
5400,2.52929799645,2.54683025259,2.53804898596,0
5400,2.54683025259,2.56448403652,2.55564190106,0
5400,2.56448403652,2.58226019063,2.57335676443,0
5400,2.58226019063,2.60015956317,2.59119442135,0
5400,2.60015956317,2.61818300822,2.60915572301,0
5400,2.61818300822,2.63633138583,2.62724152647,0
5400,2.63633138583,2.65460556198,2.64545269472,0
5400,2.65460556198,2.67300640866,2.66379009677,0
5400,2.67300640866,2.69153480393,2.68225460761,0
5400,2.69153480393,2.71019163189,2.70084710832,0
5400,2.71019163189,2.72897778281,2.7195684861,0
5400,2.72897778281,2.7478941531,2.73841963426,0
5400,2.7478941531,2.76694164541,2.75740145235,0
5400,2.76694164541,2.78612116863,2.77651484611,0
5400,2.78612116863,2.80543363795,2.79576072758,0
5400,2.80543363795,2.82487997492,2.81514001513,0
5400,2.82487997492,2.84446110745,2.83465363349,0
5400,2.84446110745,2.86417796991,2.85430251379,0
5400,2.86417796991,2.88403150313,2.87408759362,0
5400,2.88403150313,2.90402265446,2.89400981707,0
5400,2.90402265446,2.92415237784,2.91407013477,0
5400,2.92415237784,2.9444216338,2.93426950396,0
5400,2.9444216338,2.96483138952,2.95460888848,0
5400,2.96483138952,2.98538261892,2.97508925888,0
5400,2.98538261892,3.00607630263,2.99571159243,0
5400,3.00607630263,3.0269134281,3.01647687316,0
5400,3.0269134281,3.04789498963,3.03738609195,0
5400,3.04789498963,3.06902198839,3.05844024651,0
5400,3.06902198839,3.09029543251,3.0796403415,0
5400,3.09029543251,3.11171633711,3.10098738853,0
5400,3.11171633711,3.13328572432,3.12248240622,0
5400,3.13328572432,3.15500462337,3.14412642026,0
5400,3.15500462337,3.17687407065,3.16592046343,0
5400,3.17687407065,3.19889510969,3.1878655757,0
5400,3.19889510969,3.22106879128,3.20996280421,0
5400,3.22106879128,3.24339617349,3.2322132034,0
5400,3.24339617349,3.26587832172,3.25461783498,0
5400,3.26587832172,3.28851630876,3.27717776805,0
5400,3.28851630876,3.31131121483,3.29989407911,0
5400,3.31131121483,3.33426412763,3.32276785211,0
5400,3.33426412763,3.35737614243,3.34580017853,0
5400,3.35737614243,3.38064836206,3.36899215741,0
5400,3.38064836206,3.40408189701,3.39234489541,0
5400,3.40408189701,3.42767786546,3.41585950686,0
5400,3.42767786546,3.45143739336,3.43953711381,0
5400,3.45143739336,3.47536161443,3.46337884608,0
5400,3.47536161443,3.49945167028,3.48738584135,0
5400,3.49945167028,3.52370871042,3.51155924516,0
5400,3.52370871042,3.54813389234,3.535900211,0
5400,3.54813389234,3.57272838152,3.56040990036,0
5400,3.57272838152,3.59749335156,3.58508948277,0
5400,3.59749335156,3.62242998417,3.60994013586,0
5400,3.62242998417,3.64753946926,3.63496304546,0
5400,3.64753946926,3.67282300498,3.66015940558,0
5400,3.67282300498,3.6982817978,3.68553041852,0
5400,3.6982817978,3.72391706255,3.71107729493,0
5400,3.72391706255,3.74973002245,3.73680125382,0
5400,3.74973002245,3.77572190925,3.76270352268,0
5400,3.77572190925,3.80189396321,3.78878533748,0
5400,3.80189396321,3.82824743317,3.81504794279,0
5400,3.82824743317,3.85478357666,3.84149259179,0
5400,3.85478357666,3.88150365991,3.86812054633,0
5400,3.88150365991,3.90840895792,3.89493307704,0
5400,3.90840895792,3.93550075456,3.92193146333,0
5400,3.93550075456,3.96278034255,3.94911699349,0
5400,3.96278034255,3.99024902362,3.97649096475,0
5400,3.99024902362,4.01790810849,4.00405468331,0
5400,4.01790810849,4.04575891697,4.03180946443,0
5400,4.04575891697,4.07380277804,4.05975663252,0
5400,4.07380277804,4.10204102987,4.08789752111,0
5400,4.10204102987,4.1304750199,4.11623347303,0
5400,4.1304750199,4.15910610494,4.14476584038,0
5400,4.15910610494,4.18793565118,4.17349598465,0
5400,4.18793565118,4.21696503429,4.20242527677,0
5400,4.21696503429,4.24619563946,4.23155509717,0
5400,4.24619563946,4.27562886152,4.26088683583,0
5400,4.27562886152,4.30526610492,4.29042189239,0
5400,4.30526610492,4.33510878388,4.32016167618,0
5400,4.33510878388,4.3651583224,4.35010760631,0
5400,4.3651583224,4.39541615438,4.3802611117,0
5400,4.39541615438,4.42588372363,4.41062363121,0
5400,4.42588372363,4.45656248398,4.44119661366,0
5400,4.45656248398,4.48745389933,4.47198151789,0
5400,4.48745389933,4.51855944375,4.50297981288,0
5400,4.51855944375,4.5498806015,4.53419297779,0
5400,4.5498806015,4.58141886715,4.56562250202,0
5400,4.58141886715,4.6131757456,4.59726988531,0
5400,4.6131757456,4.64515275223,4.62913663778,0
5400,4.64515275223,4.67735141287,4.66122428002,0
5400,4.67735141287,4.70977326397,4.69353434317,0
5400,4.70977326397,4.7424198526,4.72606836898,0
5400,4.7424198526,4.77529273658,4.75882790989,0
5400,4.77529273658,4.8083934845,4.79181452908,0
5400,4.8083934845,4.84172367584,4.8250298006,0
5400,4.84172367584,4.87528490103,4.85847530937,0
5400,4.87528490103,4.90907876153,4.89215265134,0
5400,4.90907876153,4.94310686987,4.9260634335,0
5400,4.94310686987,4.97737084979,4.96020927396,0
5400,4.97737084979,5.01187233627,4.99459180208,0
5400,5.01187233627,5.04661297564,5.0292126585,0
5400,5.04661297564,5.08159442561,5.06407349524,0
5400,5.08159442561,5.1168183554,5.09917597575,0
5400,5.1168183554,5.15228644582,5.13452177503,0
5400,5.15228644582,5.18800038929,5.17011257969,0
5400,5.18800038929,5.22396188999,5.20595008802,0
5400,5.22396188999,5.26017266391,5.24203601008,0
5400,5.26017266391,5.29663443892,5.27837206782,0
5400,5.29663443892,5.33334895488,5.31495999507,0
5400,5.33334895488,5.3703179637,5.35180153771,0
5400,5.3703179637,5.40754322946,5.38889845373,0
5400,5.40754322946,5.44502652842,5.42625251329,0
5400,5.44502652842,5.48276964921,5.46386549882,0
5400,5.48276964921,5.52077439281,5.50173920511,0
5400,5.52077439281,5.5590425727,5.53987543939,0
5400,5.5590425727,5.59757601495,5.57827602141,0
5400,5.59757601495,5.63637655826,5.61694278356,0
5400,5.63637655826,5.67544605409,5.65587757089,0
5400,5.67544605409,5.71478636672,5.69508224128,0
5400,5.71478636672,5.75439937337,5.73455866546,0
5400,5.75439937337,5.79428696427,5.77430872714,0
5400,5.79428696427,5.83445104274,5.81433432308,0
5400,5.83445104274,5.8748935253,5.85463736321,0
5400,5.8748935253,5.91561634175,5.89521977065,0
5400,5.91561634175,5.95662143529,5.93608348191,0
5400,5.95662143529,5.99791076256,5.97723044689,0
5400,5.99791076256,6.03948629376,6.018662629,0
5400,6.03948629376,6.08135001279,6.06038200527,0
5400,6.08135001279,6.12350391725,6.10239056645,0
5400,6.12350391725,6.16595001861,6.14469031706,0
5400,6.16595001861,6.2086903423,6.18728327553,0
5400,6.2086903423,6.25172692776,6.23017147429,0
5400,6.25172692776,6.29506182857,6.27335695984,0
5400,6.29506182857,6.33869711257,6.31684179288,0
5400,6.33869711257,6.38263486191,6.36062804837,0
5400,6.38263486191,6.42687717317,6.40471781569,0
5400,6.42687717317,6.47142615749,6.44911319868,0
5400,6.47142615749,6.51628394061,6.49381631576,0
5400,6.51628394061,6.56145266303,6.53882930005,0
5400,6.56145266303,6.60693448008,6.58415429943,0
5400,6.60693448008,6.65273156202,6.62979347671,0
5400,6.65273156202,6.69884609417,6.67574900964,0
5400,6.69884609417,6.74528027698,6.72202309112,0
5400,6.74528027698,6.79203632617,6.7686179292,0
5400,6.79203632617,6.83911647281,6.81553574727,0
5400,6.83911647281,6.88652296344,6.86277878411,0
5400,6.88652296344,6.93425806017,6.91034929405,0
5400,6.93425806017,6.98232404077,6.95824954701,0
5400,6.98232404077,7.03072319884,7.00648182865,0
5400,7.03072319884,7.07945784384,7.05504844051,0
5400,7.07945784384,7.12853030127,7.10395170003,0
5400,7.12853030127,7.17794291271,7.15319394075,0
5400,7.17794291271,7.22769803602,7.20277751238,0
5400,7.22769803602,7.27779804537,7.25270478091,0
5400,7.27779804537,7.32824533139,7.30297812873,0
5400,7.32824533139,7.37904230129,7.35359995475,0
5400,7.37904230129,7.43019137897,7.40457267451,0
5400,7.43019137897,7.48169500511,7.45589872028,0
5400,7.48169500511,7.53355563734,7.5075805412,0
5400,7.53355563734,7.58577575029,7.55962060339,0
5400,7.58577575029,7.63835783578,7.61202139006,0
5400,7.63835783578,7.69130440287,7.66478540163,0
5400,7.69130440287,7.74461797803,7.71791515585,0
5400,7.74461797803,7.79830110523,7.77141318794,0
5400,7.79830110523,7.8523563461,7.82528205067,0
5400,7.8523563461,7.90678628,7.87952431451,0
5400,7.90678628,7.96159350417,7.93414256777,0
5400,7.96159350417,8.01678063388,7.98913941667,0
5400,8.01678063388,8.07235030249,8.04451748552,0
5400,8.07235030249,8.12830516164,8.1002794168,0
5400,8.12830516164,8.18464788135,8.15642787133,0
5400,8.18464788135,8.24138115013,8.21296552835,0
5400,8.24138115013,8.29850767514,8.26989508568,0
5400,8.29850767514,8.35603018231,8.32721925985,0
5400,8.35603018231,8.41395141645,8.38494078622,0
5400,8.41395141645,8.47227414141,8.44306241909,0
5400,8.47227414141,8.53100114018,8.50158693187,0
5400,8.53100114018,8.59013521505,8.5605171172,0
5400,8.59013521505,8.64967918776,8.61985578706,0
5400,8.64967918776,8.70963589956,8.67960577292,0
5400,8.70963589956,8.77000821144,8.73976992591,0
5400,8.77000821144,8.83079900419,8.80035111687,0
5400,8.83079900419,8.89201117858,8.86135223659,0
5400,8.89201117858,8.9536476555,8.92277619588,0
5400,8.9536476555,9.01571137606,8.98462592571,0
5400,9.01571137606,9.07820530178,9.04690437738,0
5400,9.07820530178,9.1411324147,9.10961452266,0
5400,9.1411324147,9.20449571753,9.1727593539,0
5400,9.20449571753,9.26829823379,9.2363418842,0
5400,9.26829823379,9.33254300797,9.30036514754,0
5400,9.33254300797,9.39723310565,9.36483219894,0
5400,9.39723310565,9.46237161366,9.4297461146,0
5400,9.46237161366,9.52796164024,9.49510999202,0
5400,9.52796164024,9.59400631516,9.5609269502,0
5400,9.59400631516,9.6605087899,9.62720012973,0
5400,9.6605087899,9.72747223777,9.693932693,0
5400,9.72747223777,9.79489985409,9.7611278243,0
5400,9.79489985409,9.86279485631,9.82878873,0
5400,9.86279485631,9.93116048421,9.89691863869,0
5400,9.93116048421,10,9.96552080135,0
5600,0.01,0.0100693166885,0.0100345984915,0
5600,0.0100693166885,0.0101391138574,0.0101041550053,0
5600,0.0101391138574,0.0102093948371,0.0101741936618,0
5600,0.0102093948371,0.0102801629813,0.0102447178031,0
5600,0.0102801629813,0.0103514216668,0.0103157307944,0
5600,0.0103514216668,0.0104231742939,0.0103872360242,0
5600,0.0104231742939,0.0104954242865,0.0104592369046,0
5600,0.0104954242865,0.0105681750921,0.0105317368713,0
5600,0.0105681750921,0.0106414301822,0.0106047393837,0
5600,0.0106414301822,0.0107151930524,0.0106782479254,0
5600,0.0107151930524,0.0107894672223,0.0107522660039,0
5600,0.0107894672223,0.0108642562362,0.0108267971513,0
5600,0.0108642562362,0.0109395636627,0.0109018449239,0
5600,0.0109395636627,0.0110153930954,0.0109774129027,0
5600,0.0110153930954,0.0110917481526,0.0110535046938,0
5600,0.0110917481526,0.0111686324778,0.011130123928,0
5600,0.0111686324778,0.0112460497397,0.0112072742614,0
5600,0.0112460497397,0.0113240036324,0.0112849593753,0
5600,0.0113240036324,0.0114024978756,0.0113631829767,0
5600,0.0114024978756,0.011481536215,0.0114419487982,0
5600,0.011481536215,0.0115611224219,0.0115212605983,0
5600,0.0115611224219,0.0116412602941,0.0116011221615,0
5600,0.0116412602941,0.0117219536555,0.0116815372986,0
5600,0.0117219536555,0.0118032063565,0.0117625098468,0
5600,0.0118032063565,0.0118850222744,0.01184404367,0
5600,0.0118850222744,0.0119674053131,0.0119261426586,0
5600,0.0119674053131,0.0120503594037,0.0120088107301,0
5600,0.0120503594037,0.0121338885046,0.0120920518294,0
5600,0.0121338885046,0.0122179966016,0.0121758699285,0
5600,0.0122179966016,0.0123026877081,0.0122602690268,0
5600,0.0123026877081,0.0123879658653,0.0123452531517,0
5600,0.0123879658653,0.0124738351424,0.0124308263584,0
5600,0.0124738351424,0.0125602996369,0.0125169927303,0
5600,0.0125602996369,0.0126473634747,0.0126037563789,0
5600,0.0126473634747,0.0127350308102,0.0126911214445,0
5600,0.0127350308102,0.0128233058266,0.0127790920957,0
5600,0.0128233058266,0.0129121927361,0.0128676725303,0
5600,0.0129121927361,0.0130016957803,0.0129568669752,0
5600,0.0130016957803,0.01309181923,0.0130466796864,0
5600,0.01309181923,0.0131825673856,0.0131371149496,0
5600,0.0131825673856,0.0132739445773,0.0132281770801,0
5600,0.0132739445773,0.0133659551655,0.0133198704231,0
5600,0.0133659551655,0.0134586035406,0.0134121993541,0
5600,0.0134586035406,0.0135518941235,0.0135051682786,0
5600,0.0135518941235,0.0136458313659,0.0135987816328,0
5600,0.0136458313659,0.0137404197501,0.0136930438839,0
5600,0.0137404197501,0.0138356637897,0.0137879595297,0
5600,0.0138356637897,0.0139315680295,0.0138835330993,0
5600,0.0139315680295,0.0140281370456,0.0139797691532,0
5600,0.0140281370456,0.0141253754462,0.0140766722836,0
5600,0.0141253754462,0.0142232878712,0.0141742471144,0
5600,0.0142232878712,0.0143218789927,0.0142724983016,0
5600,0.0143218789927,0.0144211535152,0.0143714305336,0
5600,0.0144211535152,0.0145211161759,0.0144710485309,0
5600,0.0145211161759,0.0146217717446,0.0145713570473,0
5600,0.0146217717446,0.0147231250243,0.0146723608691,0
5600,0.0147231250243,0.0148251808515,0.0147740648159,0
5600,0.0148251808515,0.0149279440958,0.0148764737408,0
5600,0.0149279440958,0.0150314196609,0.0149795925304,0
5600,0.0150314196609,0.0151356124844,0.0150834261054,0
5600,0.0151356124844,0.015240527538,0.0151879794203,0
5600,0.015240527538,0.015346169828,0.0152932574642,0
5600,0.015346169828,0.0154525443954,0.0153992652606,0
5600,0.0154525443954,0.0155596563161,0.0155060078679,0
5600,0.0155596563161,0.0156675107011,0.0156134903797,0
5600,0.0156675107011,0.015776112697,0.0157217179246,0
5600,0.015776112697,0.015885467486,0.0158306956671,0
5600,0.015885467486,0.0159955802861,0.0159404288071,0
5600,0.0159955802861,0.0161064563518,0.016050922581,0
5600,0.0161064563518,0.0162181009736,0.0161621822611,0
5600,0.0162181009736,0.0163305194789,0.0162742131564,0
5600,0.0163305194789,0.0164437172321,0.0163870206128,0
5600,0.0164437172321,0.0165576996347,0.0165006100132,0
5600,0.0165576996347,0.0166724721255,0.0166149867777,0
5600,0.0166724721255,0.0167880401812,0.016730156364,0
5600,0.0167880401812,0.0169044093164,0.0168461242677,0
5600,0.0169044093164,0.0170215850839,0.0169628960226,0
5600,0.0170215850839,0.0171395730751,0.0170804772006,0
5600,0.0171395730751,0.0172583789199,0.0171988734124,0
5600,0.0172583789199,0.0173780082875,0.0173180903075,0
5600,0.0173780082875,0.0174984668862,0.0174381335747,0
5600,0.0174984668862,0.0176197604641,0.017559008942,0
5600,0.0176197604641,0.0177418948089,0.0176807221773,0
5600,0.0177418948089,0.0178648757485,0.0178032790885,0
5600,0.0178648757485,0.0179887091513,0.0179266855237,0
5600,0.0179887091513,0.0181134009262,0.0180509473713,0
5600,0.0181134009262,0.0182389570232,0.018176070561,0
5600,0.0182389570232,0.0183653834335,0.0183020610631,0
5600,0.0183653834335,0.0184926861898,0.0184289248897,0
5600,0.0184926861898,0.0186208713666,0.0185566680943,0
5600,0.0186208713666,0.0187499450807,0.0186852967726,0
5600,0.0187499450807,0.018879913491,0.0188148170622,0
5600,0.018879913491,0.0190107827992,0.0189452351436,0
5600,0.0190107827992,0.0191425592502,0.0190765572399,0
5600,0.0191425592502,0.0192752491319,0.0192087896175,0
5600,0.0192752491319,0.0194088587759,0.0193419385862,0
5600,0.0194088587759,0.0195433945578,0.0194760104994,0
5600,0.0195433945578,0.0196788628971,0.0196110117548,0
5600,0.0196788628971,0.0198152702581,0.0197469487941,0
5600,0.0198152702581,0.0199526231497,0.019883828104,0
5600,0.0199526231497,0.0200909281261,0.0200216562159,0
5600,0.0200909281261,0.0202301917868,0.0201604397066,0
5600,0.0202301917868,0.0203704207771,0.0203001851986,0
5600,0.0203704207771,0.0205116217883,0.02044089936,0
5600,0.0205116217883,0.0206538015581,0.0205825889054,0
5600,0.0206538015581,0.020796966871,0.0207252605958,0
5600,0.020796966871,0.0209411245585,0.0208689212391,0
5600,0.0209411245585,0.0210862814993,0.0210135776905,0
5600,0.0210862814993,0.02123244462,0.0211592368524,0
5600,0.02123244462,0.021379620895,0.0213059056754,0
5600,0.021379620895,0.0215278173472,0.0214535911582,0
5600,0.0215278173472,0.0216770410482,0.0216023003477,0
5600,0.0216770410482,0.0218272991184,0.0217520403402,0
5600,0.0218272991184,0.0219785987278,0.0219028182807,0
5600,0.0219785987278,0.0221309470961,0.0220546413639,0
5600,0.0221309470961,0.0222843514927,0.0222075168345,0
5600,0.0222843514927,0.0224388192378,0.0223614519872,0
5600,0.0224388192378,0.0225943577022,0.0225164541674,0
5600,0.0225943577022,0.0227509743077,0.0226725307715,0
5600,0.0227509743077,0.0229086765277,0.0228296892468,0
5600,0.0229086765277,0.0230674718872,0.0229879370926,0
5600,0.0230674718872,0.0232273679636,0.0231472818602,0
5600,0.0232273679636,0.0233883723866,0.0233077311528,0
5600,0.0233883723866,0.023550492839,0.0234692926269,0
5600,0.023550492839,0.0237137370566,0.0236319739915,0
5600,0.0237137370566,0.0238781128291,0.0237957830096,0
5600,0.0238781128291,0.0240436280001,0.0239607274975,0
5600,0.0240436280001,0.0242102904674,0.0241268153259,0
5600,0.0242102904674,0.0243781081837,0.0242940544202,0
5600,0.0243781081837,0.0245470891569,0.0244624527605,0
5600,0.0245470891569,0.0247172414502,0.0246320183824,0
5600,0.0247172414502,0.0248885731828,0.0248027593769,0
5600,0.0248885731828,0.0250610925303,0.0249746838915,0
5600,0.0250610925303,0.0252348077248,0.02514780013,0
5600,0.0252348077248,0.0254097270555,0.0253221163528,0
5600,0.0254097270555,0.0255858588691,0.025497640878,0
5600,0.0255858588691,0.02576321157,0.0256743820811,0
5600,0.02576321157,0.0259417936212,0.0258523483956,0
5600,0.0259417936212,0.026121613544,0.0260315483137,0
5600,0.026121613544,0.026302679919,0.0262119903864,0
5600,0.026302679919,0.0264850013861,0.0263936832237,0
5600,0.0264850013861,0.0266685866452,0.0265766354955,0
5600,0.0266685866452,0.0268534444566,0.026760855932,0
5600,0.0268534444566,0.0270395836411,0.0269463533235,0
5600,0.0270395836411,0.0272270130808,0.0271331365215,0
5600,0.0272270130808,0.0274157417193,0.0273212144388,0
5600,0.0274157417193,0.0276057785622,0.0275105960499,0
5600,0.0276057785622,0.0277971326776,0.0277012903916,0
5600,0.0277971326776,0.0279898131963,0.0278933065634,0
5600,0.0279898131963,0.0281838293126,0.0280866537277,0
5600,0.0281838293126,0.0283791902844,0.0282813411105,0
5600,0.0283791902844,0.0285759054337,0.0284773780017,0
5600,0.0285759054337,0.0287739841474,0.0286747737558,0
5600,0.0287739841474,0.028973435877,0.0288735377919,0
5600,0.028973435877,0.02917427014,0.0290736795944,0
5600,0.02917427014,0.0293764965196,0.0292752087137,0
5600,0.0293764965196,0.0295801246655,0.0294781347661,0
5600,0.0295801246655,0.0297851642943,0.0296824674346,0
5600,0.0297851642943,0.0299916251899,0.0298882164696,0
5600,0.0299916251899,0.030199517204,0.0300953916887,0
5600,0.030199517204,0.0304088502568,0.0303040029779,0
5600,0.0304088502568,0.0306196343369,0.0305140602914,0
5600,0.0306196343369,0.0308318795025,0.0307255736527,0
5600,0.0308318795025,0.0310455958813,0.0309385531545,0
5600,0.0310455958813,0.0312607936712,0.0311530089597,0
5600,0.0312607936712,0.031477483141,0.0313689513016,0
5600,0.031477483141,0.0316956746304,0.0315863904842,0
5600,0.0316956746304,0.031915378551,0.0318053368833,0
5600,0.031915378551,0.0321366053864,0.0320258009463,0
5600,0.0321366053864,0.032359365693,0.0322477931932,0
5600,0.032359365693,0.0325836701002,0.0324713242168,0
5600,0.0325836701002,0.0328095293113,0.0326964046834,0
5600,0.0328095293113,0.0330369541037,0.0329230453333,0
5600,0.0330369541037,0.0332659553294,0.0331512569812,0
5600,0.0332659553294,0.0334965439158,0.0333810505166,0
5600,0.0334965439158,0.0337287308659,0.0336124369047,0
5600,0.0337287308659,0.033962527259,0.0338454271866,0
5600,0.033962527259,0.0341979442514,0.03408003248,0
5600,0.0341979442514,0.0344349930763,0.0343162639796,0
5600,0.0344349930763,0.0346736850453,0.0345541329578,0
5600,0.0346736850453,0.0349140315479,0.0347936507649,0
5600,0.0349140315479,0.0351560440528,0.0350348288302,0
5600,0.0351560440528,0.0353997341083,0.0352776786619,0
5600,0.0353997341083,0.0356451133426,0.0355222118482,0
5600,0.0356451133426,0.0358921934645,0.0357684400576,0
5600,0.0358921934645,0.036140986264,0.0360163750395,0
5600,0.036140986264,0.0363915036127,0.0362660286245,0
5600,0.0363915036127,0.0366437574648,0.0365174127255,0
5600,0.0366437574648,0.036897759857,0.0367705393378,0
5600,0.036897759857,0.0371535229097,0.03702542054,0
5600,0.0371535229097,0.0374110588272,0.0372820684943,0
5600,0.0374110588272,0.0376703798984,0.0375404954472,0
5600,0.0376703798984,0.0379314984974,0.0378007137302,0
5600,0.0379314984974,0.038194427084,0.0380627357601,0
5600,0.038194427084,0.0384591782045,0.03832657404,0
5600,0.0384591782045,0.0387257644922,0.0385922411595,0
5600,0.0387257644922,0.0389941986677,0.0388597497954,0
5600,0.0389941986677,0.03926449354,0.0391291127127,0
5600,0.03926449354,0.0395366620068,0.0394003427645,0
5600,0.0395366620068,0.0398107170553,0.0396734528932,0
5600,0.0398107170553,0.0400866717627,0.0399484561308,0
5600,0.0400866717627,0.0403645392968,0.0402253655999,0
5600,0.0403645392968,0.0406443329165,0.0405041945136,0
5600,0.0406443329165,0.040926065973,0.0407849561771,0
5600,0.040926065973,0.0412097519097,0.0410676639875,0
5600,0.0412097519097,0.0414954042634,0.0413523314348,0
5600,0.0414954042634,0.0417830366647,0.0416389721025,0
5600,0.0417830366647,0.0420726628384,0.0419275996685,0
5600,0.0420726628384,0.042364296605,0.0422182279051,0
5600,0.042364296605,0.0426579518802,0.0425108706805,0
5600,0.0426579518802,0.0429536426765,0.0428055419586,0
5600,0.0429536426765,0.0432513831035,0.0431022558005,0
5600,0.0432513831035,0.0435511873686,0.0434010263645,0
5600,0.0435511873686,0.0438530697775,0.0437018679071,0
5600,0.0438530697775,0.0441570447353,0.0440047947836,0
5600,0.0441570447353,0.0444631267469,0.0443098214489,0
5600,0.0444631267469,0.0447713304176,0.0446169624581,0
5600,0.0447713304176,0.0450816704541,0.044926232467,0
5600,0.0450816704541,0.045394161665,0.0452376462332,0
5600,0.045394161665,0.0457088189615,0.0455512186166,0
5600,0.0457088189615,0.0460256573581,0.0458669645798,0
5600,0.0460256573581,0.0463446919736,0.0461848991895,0
5600,0.0463446919736,0.0466659380314,0.0465050376167,0
5600,0.0466659380314,0.0469894108605,0.0468273951374,0
5600,0.0469894108605,0.0473151258961,0.0471519871336,0
5600,0.0473151258961,0.0476430986805,0.0474788290942,0
5600,0.0476430986805,0.0479733448637,0.0478079366149,0
5600,0.0479733448637,0.048305880204,0.0481393254,0
5600,0.048305880204,0.0486407205691,0.0484730112624,0
5600,0.0486407205691,0.0489778819368,0.0488090101248,0
5600,0.0489778819368,0.0493173803955,0.0491473380199,0
5600,0.0493173803955,0.049659232145,0.049488011092,0
5600,0.049659232145,0.0500034534977,0.0498310455971,0
5600,0.0500034534977,0.0503500608788,0.0501764579037,0
5600,0.0503500608788,0.0506990708275,0.050524264494,0
5600,0.0506990708275,0.0510504999975,0.0508744819645,0
5600,0.0510504999975,0.0514043651582,0.0512271270265,0
5600,0.0514043651582,0.0517606831951,0.0515822165072,0
5600,0.0517606831951,0.0521194711105,0.0519397673507,0
5600,0.0521194711105,0.052480746025,0.0522997966182,0
5600,0.052480746025,0.0528445251775,0.0526623214894,0
5600,0.0528445251775,0.0532108259267,0.0530273592629,0
5600,0.0532108259267,0.0535796657513,0.0533949273574,0
5600,0.0535796657513,0.0539510622515,0.0537650433122,0
5600,0.0539510622515,0.0543250331492,0.0541377247883,0
5600,0.0543250331492,0.0547015962894,0.0545129895689,0
5600,0.0547015962894,0.0550807696405,0.0548908555607,0
5600,0.0550807696405,0.0554625712958,0.0552713407944,0
5600,0.0554625712958,0.0558470194737,0.0556544634258,0
5600,0.0558470194737,0.056234132519,0.0560402417364,0
5600,0.056234132519,0.0566239289038,0.0564286941345,0
5600,0.0566239289038,0.0570164272281,0.056819839156,0
5600,0.0570164272281,0.0574116462207,0.0572136954652,0
5600,0.0574116462207,0.0578096047406,0.057610281856,0
5600,0.0578096047406,0.0582103217771,0.0580096172523,0
5600,0.0582103217771,0.0586138164514,0.0584117207093,0
5600,0.0586138164514,0.0590201080172,0.0588166114143,0
5600,0.0590201080172,0.0594292158616,0.0592243086876,0
5600,0.0594292158616,0.059841159506,0.0596348319834,0
5600,0.059841159506,0.0602559586074,0.0600482008908,0
5600,0.0602559586074,0.0606736329589,0.0604644351345,0
5600,0.0606736329589,0.0610942024906,0.0608835545761,0
5600,0.0610942024906,0.061517687271,0.061305579215,0
5600,0.061517687271,0.0619441075077,0.0617305291889,0
5600,0.0619441075077,0.0623734835482,0.0621584247753,0
5600,0.0623734835482,0.0628058358813,0.0625892863921,0
5600,0.0628058358813,0.0632411851376,0.0630231345991,0
5600,0.0632411851376,0.0636795520908,0.0634599900981,0
5600,0.0636795520908,0.0641209576585,0.0638998737348,0
5600,0.0641209576585,0.0645654229035,0.0643428064992,0
5600,0.0645654229035,0.0650129690343,0.0647888095269,0
5600,0.0650129690343,0.0654636174067,0.0652379040998,0
5600,0.0654636174067,0.0659173895244,0.0656901116476,0
5600,0.0659173895244,0.0663743070402,0.0661454537484,0
5600,0.0663743070402,0.0668343917569,0.0666039521298,0
5600,0.0668343917569,0.0672976656284,0.0670656286702,0
5600,0.0672976656284,0.0677641507611,0.0675305053995,0
5600,0.0677641507611,0.0682338694142,0.0679986045003,0
5600,0.0682338694142,0.0687068440014,0.0684699483091,0
5600,0.0687068440014,0.0691830970919,0.0689445593171,0
5600,0.0691830970919,0.0696626514111,0.0694224601714,0
5600,0.0696626514111,0.070145529842,0.0699036736762,0
5600,0.070145529842,0.0706317554263,0.0703882227936,0
5600,0.0706317554263,0.0711213513653,0.0708761306451,0
5600,0.0711213513653,0.0716143410213,0.0713674205122,0
5600,0.0716143410213,0.0721107479183,0.071862115838,0
5600,0.0721107479183,0.0726105957435,0.072360240228,0
5600,0.0726105957435,0.0731139083483,0.0728618174513,0
5600,0.0731139083483,0.0736207097495,0.0733668714418,0
5600,0.0736207097495,0.0741310241301,0.0738754262994,0
5600,0.0741310241301,0.074644875841,0.0743875062908,0
5600,0.074644875841,0.0751622894018,0.0749031358511,0
5600,0.0751622894018,0.0756832895021,0.0754223395848,0
5600,0.0756832895021,0.0762079010025,0.0759451422668,0
5600,0.0762079010025,0.0767361489362,0.0764715688439,0
5600,0.0767361489362,0.0772680585096,0.0770016444357,0
5600,0.0772680585096,0.077803655104,0.077535394336,0
5600,0.077803655104,0.0783429642766,0.0780728440138,0
5600,0.0783429642766,0.0788860117619,0.0786140191148,0
5600,0.0788860117619,0.0794328234724,0.0791589454624,0
5600,0.0794328234724,0.0799834255007,0.079707649059,0
5600,0.0799834255007,0.0805378441199,0.0802601560873,0
5600,0.0805378441199,0.0810961057854,0.0808164929113,0
5600,0.0810961057854,0.0816582371359,0.0813766860779,0
5600,0.0816582371359,0.0822242649947,0.081940762318,0
5600,0.0822242649947,0.0827942163712,0.0825087485479,0
5600,0.0827942163712,0.083368118462,0.0830806718702,0
5600,0.083368118462,0.0839459986519,0.0836565595756,0
5600,0.0839459986519,0.084527884516,0.0842364391438,0
5600,0.084527884516,0.0851138038202,0.0848203382452,0
5600,0.0851138038202,0.085703784523,0.0854082847419,0
5600,0.085703784523,0.0862978547767,0.0860003066889,0
5600,0.0862978547767,0.0868960429286,0.086596432336,0
5600,0.0868960429286,0.0874983775227,0.0871966901287,0
5600,0.0874983775227,0.0881048873008,0.0878011087097,0
5600,0.0881048873008,0.0887156012038,0.08840971692,0
5600,0.0887156012038,0.0893305483733,0.089022543801,0
5600,0.0893305483733,0.089949758153,0.089639618595,0
5600,0.089949758153,0.0905732600898,0.0902609707471,0
5600,0.0905732600898,0.0912010839356,0.0908866299066,0
5600,0.0912010839356,0.0918332596484,0.0915166259281,0
5600,0.0918332596484,0.0924698173938,0.0921509888735,0
5600,0.0924698173938,0.0931107875468,0.0927897490127,0
5600,0.0931107875468,0.0937562006926,0.0934329368257,0
5600,0.0937562006926,0.0944060876286,0.0940805830037,0
5600,0.0944060876286,0.0950604793656,0.0947327184504,0
5600,0.0950604793656,0.0957194071295,0.0953893742842,0
5600,0.0957194071295,0.0963829023624,0.0960505818387,0
5600,0.0963829023624,0.0970509967245,0.096716372665,0
5600,0.0970509967245,0.0977237220956,0.0973867785329,0
5600,0.0977237220956,0.0984011105761,0.0980618314322,0
5600,0.0984011105761,0.0990831944893,0.0987415635747,0
5600,0.0990831944893,0.0997700063823,0.0994260073953,0
5600,0.0997700063823,0.100461579028,0.100115195554,0
5600,0.100461579028,0.101157945426,0.100809160936,0
5600,0.101157945426,0.101859138805,0.101507936657,0
5600,0.101859138805,0.102565192625,0.10221155606,0
5600,0.102565192625,0.103276140576,0.102920052719,0
5600,0.103276140576,0.103992016583,0.103633460443,0
5600,0.103992016583,0.104712854805,0.104351813273,0
5600,0.104712854805,0.105438689639,0.105075145487,0
5600,0.105438689639,0.10616955572,0.1058034916,0
5600,0.10616955572,0.106905487922,0.106536886367,0
5600,0.106905487922,0.107646521363,0.107275364784,0
5600,0.107646521363,0.108392691402,0.108018962088,0
5600,0.108392691402,0.109144033645,0.108767713763,0
5600,0.109144033645,0.109900583943,0.109521655537,0
5600,0.109900583943,0.110662378398,0.110280823385,0
5600,0.110662378398,0.111429453359,0.111045253533,0
5600,0.111429453359,0.11220184543,0.111814982458,0
5600,0.11220184543,0.112979591467,0.112590046889,0
5600,0.112979591467,0.113762728582,0.113370483811,0
5600,0.113762728582,0.114551294145,0.114156330462,0
5600,0.114551294145,0.115345325782,0.114947624342,0
5600,0.115345325782,0.116144861384,0.115744403209,0
5600,0.116144861384,0.116949939102,0.116546705084,0
5600,0.116949939102,0.117760597352,0.117354568249,0
5600,0.117760597352,0.118576874817,0.118168031254,0
5600,0.118576874817,0.119398810446,0.118987132916,0
5600,0.119398810446,0.120226443462,0.119811912319,0
5600,0.120226443462,0.121059813355,0.12064240882,0
5600,0.121059813355,0.121898959892,0.121478662047,0
5600,0.121898959892,0.122743923116,0.122320711905,0
5600,0.122743923116,0.123594743344,0.123168598574,0
5600,0.123594743344,0.124451461177,0.124022362512,0
5600,0.124451461177,0.125314117494,0.124882044459,0
5600,0.125314117494,0.126182753459,0.125747685437,0
5600,0.126182753459,0.127057410521,0.126619326751,0
5600,0.127057410521,0.127938130416,0.127497009994,0
5600,0.127938130416,0.128824955169,0.128380777047,0
5600,0.128824955169,0.129717927098,0.129270670081,0
5600,0.129717927098,0.130617088813,0.130166731558,0
5600,0.130617088813,0.131522483219,0.131069004237,0
5600,0.131522483219,0.132434153519,0.131977531171,0
5600,0.132434153519,0.133352143216,0.132892355713,0
5600,0.133352143216,0.134276496114,0.133813521515,0
5600,0.134276496114,0.135207256319,0.134741072534,0
5600,0.135207256319,0.136144468247,0.13567505303,0
5600,0.136144468247,0.137088176616,0.136615507569,0
5600,0.137088176616,0.13803842646,0.137562481028,0
5600,0.13803842646,0.138995263121,0.138516018592,0
5600,0.138995263121,0.139958732257,0.139476165764,0
5600,0.139958732257,0.140928879842,0.140442968358,0
5600,0.140928879842,0.141905752169,0.141416472507,0
5600,0.141905752169,0.142889395851,0.142396724665,0
5600,0.142889395851,0.143879857826,0.143383771606,0
5600,0.143879857826,0.144877185354,0.144377660429,0
5600,0.144877185354,0.145881426028,0.145378438561,0
5600,0.145881426028,0.146892627764,0.146386153755,0
5600,0.146892627764,0.147910838817,0.147400854097,0
5600,0.147910838817,0.148936107771,0.148422588006,0
5600,0.148936107771,0.14996848355,0.149451404237,0
5600,0.14996848355,0.151008015416,0.15048735188,0
5600,0.151008015416,0.152054752973,0.15153048037,0
5600,0.152054752973,0.153108746168,0.152580839481,0
5600,0.153108746168,0.154170045295,0.153638479333,0
5600,0.154170045295,0.155238700996,0.154703450395,0
5600,0.155238700996,0.156314764264,0.155775803483,0
5600,0.156314764264,0.157398286447,0.156855589768,0
5600,0.157398286447,0.158489319246,0.157942860774,0
5600,0.158489319246,0.159587914724,0.159037668382,0
5600,0.159587914724,0.160694125301,0.160140064834,0
5600,0.160694125301,0.161808003764,0.161250102734,0
5600,0.161808003764,0.162929603264,0.162367835048,0
5600,0.162929603264,0.16405897732,0.163493315113,0
5600,0.16405897732,0.165196179823,0.164626596633,0
5600,0.165196179823,0.166341265037,0.165767733685,0
5600,0.166341265037,0.167494287603,0.166916780721,0
5600,0.167494287603,0.168655302539,0.168073792571,0
5600,0.168655302539,0.169824365246,0.169238824444,0
5600,0.169824365246,0.171001531509,0.170411931932,0
5600,0.171001531509,0.172186857499,0.171593171012,0
5600,0.172186857499,0.173380399775,0.172782598051,0
5600,0.173380399775,0.174582215292,0.173980269804,0
5600,0.174582215292,0.175792361396,0.175186243421,0
5600,0.175792361396,0.177010895832,0.176400576448,0
5600,0.177010895832,0.178237876745,0.177623326829,0
5600,0.178237876745,0.179473362683,0.178854552911,0
5600,0.179473362683,0.180717412601,0.180094313444,0
5600,0.180717412601,0.181970085861,0.181342667587,0
5600,0.181970085861,0.183231442237,0.182599674907,0
5600,0.183231442237,0.184501541918,0.183865395386,0
5600,0.184501541918,0.185780445509,0.185139889421,0
5600,0.185780445509,0.187068214037,0.186423217825,0
5600,0.187068214037,0.188364908949,0.187715441838,0
5600,0.188364908949,0.189670592121,0.189016623119,0
5600,0.189670592121,0.190985325857,0.190326823758,0
5600,0.190985325857,0.192309172891,0.191646106274,0
5600,0.192309172891,0.193642196395,0.192974533619,0
5600,0.193642196395,0.194984459976,0.194312169183,0
5600,0.194984459976,0.196336027684,0.195659076793,0
5600,0.196336027684,0.197696964011,0.197015320722,0
5600,0.197696964011,0.199067333899,0.198380965684,0
5600,0.199067333899,0.200447202737,0.199756076844,0
5600,0.200447202737,0.201836636368,0.20114071982,0
5600,0.201836636368,0.203235701094,0.202534960682,0
5600,0.203235701094,0.204644463672,0.203938865961,0
5600,0.204644463672,0.206062991327,0.205352502646,0
5600,0.206062991327,0.207491351745,0.206775938192,0
5600,0.207491351745,0.208929613085,0.208209240522,0
5600,0.208929613085,0.210377843977,0.209652478029,0
5600,0.210377843977,0.211836113525,0.211105719581,0
5600,0.211836113525,0.213304491315,0.212569034522,0
5600,0.213304491315,0.214783047413,0.214042492677,0
5600,0.214783047413,0.216271852373,0.215526164357,0
5600,0.216271852373,0.217770977235,0.217020120357,0
5600,0.217770977235,0.219280493535,0.218524431965,0
5600,0.219280493535,0.220800473302,0.220039170964,0
5600,0.220800473302,0.222330989065,0.221564409631,0
5600,0.222330989065,0.223872113857,0.223100220748,0
5600,0.223872113857,0.225423921215,0.224646677599,0
5600,0.225423921215,0.226986485188,0.226203853977,0
5600,0.226986485188,0.228559880338,0.227771824186,0
5600,0.228559880338,0.230144181741,0.229350663045,0
5600,0.230144181741,0.231739464997,0.230940445892,0
5600,0.231739464997,0.233345806228,0.232541248587,0
5600,0.233345806228,0.234963282085,0.234153147517,0
5600,0.234963282085,0.236591969749,0.235776219596,0
5600,0.236591969749,0.238231946936,0.237410542273,0
5600,0.238231946936,0.239883291902,0.239056193534,0
5600,0.239883291902,0.241546083444,0.240713251905,0
5600,0.241546083444,0.243220400907,0.242381796455,0
5600,0.243220400907,0.244906324184,0.244061906804,0
5600,0.244906324184,0.246603933723,0.245753663122,0
5600,0.246603933723,0.24831331053,0.247457146133,0
5600,0.24831331053,0.25003453617,0.249172437125,0
5600,0.25003453617,0.251767692776,0.250899617947,0
5600,0.251767692776,0.25351286305,0.252638771013,0
5600,0.25351286305,0.255270130266,0.254389979313,0
5600,0.255270130266,0.257039578277,0.256153326409,0
5600,0.257039578277,0.258821291515,0.257928896443,0
5600,0.258821291515,0.260615355,0.25971677414,0
5600,0.260615355,0.262421854338,0.261517044814,0
5600,0.262421854338,0.264240875732,0.263329794368,0
5600,0.264240875732,0.26607250598,0.265155109301,0
5600,0.26607250598,0.267916832482,0.266993076713,0
5600,0.267916832482,0.269773943244,0.268843784306,0
5600,0.269773943244,0.271643926884,0.270707320392,0
5600,0.271643926884,0.273526872631,0.272583773893,0
5600,0.273526872631,0.275422870334,0.274473234348,0
5600,0.275422870334,0.277332010465,0.276375791917,0
5600,0.277332010465,0.279254384124,0.278291537385,0
5600,0.279254384124,0.28119008304,0.280220562167,0
5600,0.28119008304,0.28313919958,0.282162958309,0
5600,0.28313919958,0.28510182675,0.284118818498,0
5600,0.28510182675,0.287078058202,0.286088236063,0
5600,0.287078058202,0.289067988237,0.288071304978,0
5600,0.289067988237,0.291071711807,0.290068119869,0
5600,0.291071711807,0.293089324525,0.292078776021,0
5600,0.293089324525,0.295120922667,0.294103369375,0
5600,0.295120922667,0.297166603174,0.296141996539,0
5600,0.297166603174,0.299226463661,0.298194754793,0
5600,0.299226463661,0.301300602419,0.300261742086,0
5600,0.301300602419,0.303389118419,0.302343057051,0
5600,0.303389118419,0.305492111322,0.304438799002,0
5600,0.305492111322,0.307609681474,0.306549067943,0
5600,0.307609681474,0.309741929922,0.308673964568,0
5600,0.309741929922,0.311888958409,0.310813590274,0
5600,0.311888958409,0.314050869388,0.312968047156,0
5600,0.314050869388,0.316227766017,0.31513743802,0
5600,0.316227766017,0.318419752173,0.317321866384,0
5600,0.318419752173,0.320626932451,0.319521436481,0
5600,0.320626932451,0.322849412171,0.32173625327,0
5600,0.322849412171,0.325087297385,0.323966422435,0
5600,0.325087297385,0.327340694879,0.326212050394,0
5600,0.327340694879,0.329609712177,0.328473244303,0
5600,0.329609712177,0.331894457553,0.330750112059,0
5600,0.331894457553,0.334195040026,0.333042762309,0
5600,0.334195040026,0.336511569375,0.335351304451,0
5600,0.336511569375,0.338844156139,0.337675848642,0
5600,0.338844156139,0.341192911622,0.340016505804,0
5600,0.341192911622,0.3435579479,0.342373387626,0
5600,0.3435579479,0.345939377826,0.344746606573,0
5600,0.345939377826,0.348337315036,0.347136275888,0
5600,0.348337315036,0.350751873953,0.349542509599,0
5600,0.350751873953,0.353183169792,0.351965422525,0
5600,0.353183169792,0.355631318569,0.354405130281,0
5600,0.355631318569,0.358096437103,0.356861749283,0
5600,0.358096437103,0.360578643022,0.359335396755,0
5600,0.360578643022,0.36307805477,0.361826190732,0
5600,0.36307805477,0.365594791613,0.364334250068,0
5600,0.365594791613,0.368128973643,0.366859694441,0
5600,0.368128973643,0.370680721783,0.369402644358,0
5600,0.370680721783,0.373250157796,0.371963221162,0
5600,0.373250157796,0.375837404288,0.374541547036,0
5600,0.375837404288,0.378442584717,0.377137745011,0
5600,0.378442584717,0.381065823394,0.379751938971,0
5600,0.381065823394,0.383707245492,0.382384253658,0
5600,0.383707245492,0.386366977054,0.385034814679,0
5600,0.386366977054,0.389045144994,0.38770374851,0
5600,0.389045144994,0.391741877108,0.390391182508,0
5600,0.391741877108,0.394457302075,0.393097244907,0
5600,0.394457302075,0.397191549469,0.395822064836,0
5600,0.397191549469,0.399944749761,0.398565772313,0
5600,0.399944749761,0.402717034325,0.401328498263,0
5600,0.402717034325,0.405508535448,0.404110374513,0
5600,0.405508535448,0.408319386333,0.406911533809,0
5600,0.408319386333,0.411149721105,0.409732109814,0
5600,0.411149721105,0.41399967482,0.412572237117,0
5600,0.41399967482,0.41686938347,0.415432051242,0
5600,0.41686938347,0.419758983991,0.418311688651,0
5600,0.419758983991,0.422668614266,0.421211286754,0
5600,0.422668614266,0.425598413134,0.42413098391,0
5600,0.425598413134,0.428548520397,0.427070919441,0
5600,0.428548520397,0.431519076828,0.430031233631,0
5600,0.431519076828,0.434510224172,0.433012067738,0
5600,0.434510224172,0.437522105158,0.436013564,0
5600,0.437522105158,0.440554863507,0.439035865641,0
5600,0.440554863507,0.443608643931,0.442079116876,0
5600,0.443608643931,0.446683592151,0.44514346292,0
5600,0.446683592151,0.449779854893,0.448229049997,0
5600,0.449779854893,0.452897579904,0.451336025341,0
5600,0.452897579904,0.456036915951,0.45446453721,0
5600,0.456036915951,0.459198012837,0.457614734886,0
5600,0.459198012837,0.462381021399,0.46078676869,0
5600,0.462381021399,0.465586093523,0.463980789982,0
5600,0.465586093523,0.468813382145,0.467196951172,0
5600,0.468813382145,0.472063041264,0.470435405726,0
5600,0.472063041264,0.475335225943,0.473696308175,0
5600,0.475335225943,0.478630092323,0.476979814119,0
5600,0.478630092323,0.481947797625,0.48028608024,0
5600,0.481947797625,0.485288500162,0.483615264302,0
5600,0.485288500162,0.488652359343,0.486967525166,0
5600,0.488652359343,0.492039535681,0.490343022792,0
5600,0.492039535681,0.495450190805,0.49374191825,0
5600,0.495450190805,0.49888448746,0.497164373725,0
5600,0.49888448746,0.502342589522,0.500610552529,0
5600,0.502342589522,0.505824662003,0.504080619103,0
5600,0.505824662003,0.509330871057,0.507574739029,0
5600,0.509330871057,0.512861383991,0.511093079037,0
5600,0.512861383991,0.516416369272,0.514635807014,0
5600,0.516416369272,0.519995996534,0.518203092007,0
5600,0.519995996534,0.523600436586,0.521795104239,0
5600,0.523600436586,0.527229861423,0.52541201511,0
5600,0.527229861423,0.530884444231,0.52905399721,0
5600,0.530884444231,0.534564359397,0.532721224323,0
5600,0.534564359397,0.538269782516,0.53641387144,0
5600,0.538269782516,0.542000890402,0.540132114765,0
5600,0.542000890402,0.545757861091,0.54387613172,0
5600,0.545757861091,0.549540873858,0.547646100962,0
5600,0.549540873858,0.553350109216,0.551442202382,0
5600,0.553350109216,0.557185748932,0.55526461712,0
5600,0.557185748932,0.561047976032,0.559113527571,0
5600,0.561047976032,0.564936974812,0.562989117394,0
5600,0.564936974812,0.568852930844,0.566891571523,0
5600,0.568852930844,0.572796030986,0.570821076172,0
5600,0.572796030986,0.576766463392,0.574777818846,0
5600,0.576766463392,0.580764417521,0.578761988349,0
5600,0.580764417521,0.584790084144,0.582773774796,0
5600,0.584790084144,0.588843655356,0.586813369619,0
5600,0.588843655356,0.59292532458,0.590880965575,0
5600,0.59292532458,0.597035286584,0.594976756759,0
5600,0.597035286584,0.601173737483,0.599100938611,0
5600,0.601173737483,0.605340874754,0.603253707927,0
5600,0.605340874754,0.60953689724,0.607435262864,0
5600,0.60953689724,0.613762005165,0.611645802955,0
5600,0.613762005165,0.618016400138,0.615885529115,0
5600,0.618016400138,0.622300285169,0.620154643654,0
5600,0.622300285169,0.626613864672,0.624453350281,0
5600,0.626613864672,0.63095734448,0.628781854118,0
5600,0.63095734448,0.635330931852,0.633140361711,0
5600,0.635330931852,0.639734835483,0.637529081035,0
5600,0.639734835483,0.644169265515,0.641948221508,0
5600,0.644169265515,0.648634433548,0.646397994,0
5600,0.648634433548,0.653130552647,0.65087861084,0
5600,0.653130552647,0.657657837355,0.655390285833,0
5600,0.657657837355,0.662216503702,0.659933234264,0
5600,0.662216503702,0.666806769214,0.664507672908,0
5600,0.666806769214,0.671428852926,0.669113820046,0
5600,0.671428852926,0.676082975392,0.673751895471,0
5600,0.676082975392,0.680769358694,0.678422120498,0
5600,0.680769358694,0.685488226453,0.683124717979,0
5600,0.685488226453,0.69023980384,0.687859912309,0
5600,0.69023980384,0.695024317589,0.692627929437,0
5600,0.695024317589,0.699841996002,0.697428996882,0
5600,0.699841996002,0.704693068967,0.702263343736,0
5600,0.704693068967,0.709577767963,0.707131200681,0
5600,0.709577767963,0.714496326076,0.712032799999,0
5600,0.714496326076,0.719448978004,0.71696837558,0
5600,0.719448978004,0.724435960075,0.721938162937,0
5600,0.724435960075,0.729457510255,0.726942399214,0
5600,0.729457510255,0.734513868157,0.7319813232,0
5600,0.734513868157,0.739605275058,0.737055175338,0
5600,0.739605275058,0.744731973906,0.742164197739,0
5600,0.744731973906,0.749894209332,0.747308634191,0
5600,0.749894209332,0.755092227665,0.752488730174,0
5600,0.755092227665,0.76032627694,0.757704732866,0
5600,0.76032627694,0.765596606911,0.762956891162,0
5600,0.765596606911,0.770903469064,0.768245455679,0
5600,0.770903469064,0.776247116629,0.773570678775,0
5600,0.776247116629,0.781627804588,0.778932814554,0
5600,0.781627804588,0.787045789695,0.784332118882,0
5600,0.787045789695,0.79250133048,0.7897688494,0
5600,0.79250133048,0.797994687268,0.795243265533,0
5600,0.797994687268,0.803526122186,0.800755628507,0
5600,0.803526122186,0.809095899178,0.806306201355,0
5600,0.809095899178,0.814704284021,0.811895248936,0
5600,0.814704284021,0.82035154433,0.817523037944,0
5600,0.82035154433,0.826037949577,0.823189836921,0
5600,0.826037949577,0.831763771103,0.828895916273,0
5600,0.831763771103,0.837529282127,0.834641548277,0
5600,0.837529282127,0.843334757764,0.8404270071,0
5600,0.843334757764,0.849180475036,0.846252568807,0
5600,0.849180475036,0.855066712885,0.852118511379,0
5600,0.855066712885,0.860993752185,0.858025114723,0
5600,0.860993752185,0.866961875758,0.863972660684,0
5600,0.866961875758,0.872971368388,0.869961433065,0
5600,0.872971368388,0.879022516831,0.875991717633,0
5600,0.879022516831,0.885115609831,0.882063802137,0
5600,0.885115609831,0.891250938134,0.888177976319,0
5600,0.891250938134,0.897428794501,0.894334531933,0
5600,0.897428794501,0.903649473722,0.900533762751,0
5600,0.903649473722,0.909913272632,0.906775964584,0
5600,0.909913272632,0.916220490122,0.913061435293,0
5600,0.916220490122,0.922571427155,0.919390474804,0
5600,0.922571427155,0.92896638678,0.925763385121,0
5600,0.92896638678,0.935405674148,0.932180470342,0
5600,0.935405674148,0.941889596523,0.938642036672,0
5600,0.941889596523,0.948418463301,0.945148392441,0
5600,0.948418463301,0.954992586021,0.951699848113,0
5600,0.954992586021,0.961612278384,0.958296716306,0
5600,0.961612278384,0.968277856261,0.964939311806,0
5600,0.968277856261,0.974989637717,0.971627951577,0
5600,0.974989637717,0.98174794302,0.978362954785,0
5600,0.98174794302,0.988553094657,0.985144642804,0
5600,0.988553094657,0.995405417352,0.991973339239,0
5600,0.995405417352,1.00230523808,0.998849369937,0
5600,1.00230523808,1.00925288608,1.005773063,0
5600,1.00925288608,1.01624869287,1.01274474881,0
5600,1.01624869287,1.02329299228,1.01976476004,0
5600,1.02329299228,1.03038612044,1.02683343167,0
5600,1.03038612044,1.03752841582,1.03395110098,0
5600,1.03752841582,1.04472021922,1.04111810762,0
5600,1.04472021922,1.05196187382,1.04833479358,0
5600,1.05196187382,1.05925372518,1.05560150322,0
5600,1.05925372518,1.06659612123,1.06291858328,0
5600,1.06659612123,1.07398941234,1.07028638291,0
5600,1.07398941234,1.0814339513,1.07770525369,0
5600,1.0814339513,1.08893009333,1.08517554963,0
5600,1.08893009333,1.09647819614,1.09269762719,0
5600,1.09647819614,1.1040786199,1.1002718453,0
5600,1.1040786199,1.11173172728,1.10789856537,0
5600,1.11173172728,1.11943788347,1.11557815135,0
5600,1.11943788347,1.12719745618,1.12331096967,0
5600,1.12719745618,1.13501081567,1.13109738933,0
5600,1.13501081567,1.14287833479,1.13893778188,0
5600,1.14287833479,1.15080038894,1.14683252142,0
5600,1.15080038894,1.15877735616,1.15478198469,0
5600,1.15877735616,1.16680961706,1.162786551,0
5600,1.16680961706,1.17489755494,1.17084660232,0
5600,1.17489755494,1.18304155573,1.17896252324,0
5600,1.18304155573,1.19124200803,1.18713470104,0
5600,1.19124200803,1.19949930315,1.19536352567,0
5600,1.19949930315,1.20781383511,1.20364938979,0
5600,1.20781383511,1.21618600065,1.21199268877,0
5600,1.21618600065,1.22461619927,1.22039382074,0
5600,1.22461619927,1.23310483323,1.22885318658,0
5600,1.23310483323,1.24165230759,1.23737118994,0
5600,1.24165230759,1.25025903022,1.24594823727,0
5600,1.25025903022,1.25892541179,1.25458473786,0
5600,1.25892541179,1.26765186586,1.26328110381,0
5600,1.26765186586,1.27643880881,1.27203775009,0
5600,1.27643880881,1.28528665994,1.28085509454,0
5600,1.28528665994,1.29419584145,1.2897335579,0
5600,1.29419584145,1.30316677845,1.29867356383,0
5600,1.30316677845,1.31219989902,1.30767553892,0
5600,1.31219989902,1.32129563419,1.31673991272,0
5600,1.32129563419,1.33045441798,1.32586711776,0
5600,1.33045441798,1.33967668743,1.33505758956,0
5600,1.33967668743,1.34896288259,1.34431176667,0
5600,1.34896288259,1.35831344659,1.35363009067,0
5600,1.35831344659,1.3677288256,1.36301300621,0
5600,1.3677288256,1.37720946889,1.37246096101,0
5600,1.37720946889,1.38675582887,1.3819744059,0
5600,1.38675582887,1.39636836106,1.39155379484,0
5600,1.39636836106,1.40604752413,1.40119958494,0
5600,1.40604752413,1.41579377996,1.41091223646,0
5600,1.41579377996,1.4256075936,1.42069221286,0
5600,1.4256075936,1.43548943335,1.43053998082,0
5600,1.43548943335,1.44543977075,1.44045601025,0
5600,1.44543977075,1.45545908058,1.4504407743,0
5600,1.45545908058,1.46554784096,1.46049474944,0
5600,1.46554784096,1.47570653328,1.4706184154,0
5600,1.47570653328,1.48593564229,1.48081225527,0
5600,1.48593564229,1.49623565609,1.49107675545,0
5600,1.49623565609,1.50660706619,1.50141240575,0
5600,1.50660706619,1.51705036746,1.51181969936,0
5600,1.51705036746,1.52756605824,1.52229913288,0
5600,1.52756605824,1.5381546403,1.53285120636,0
5600,1.5381546403,1.54881661891,1.54347642332,0
5600,1.54881661891,1.55955250283,1.55417529077,0
5600,1.55955250283,1.57036280433,1.56494831922,0
5600,1.57036280433,1.58124803927,1.57579602274,0
5600,1.58124803927,1.59220872705,1.58671891895,0
5600,1.59220872705,1.60324539069,1.59771752906,0
5600,1.60324539069,1.61435855683,1.60879237789,0
5600,1.61435855683,1.62554875575,1.6199439939,0
5600,1.62554875575,1.63681652143,1.63117290923,0
5600,1.63681652143,1.64816239153,1.64247965967,0
5600,1.64816239153,1.65958690744,1.65386478477,0
5600,1.65958690744,1.67109061431,1.66532882779,0
5600,1.67109061431,1.68267406107,1.67687233575,0
5600,1.68267406107,1.69433780045,1.68849585949,0
5600,1.69433780045,1.706082389,1.70019995364,0
5600,1.706082389,1.71790838716,1.7119851767,0
5600,1.71790838716,1.72981635922,1.72385209103,0
5600,1.72981635922,1.74180687339,1.73580126287,0
5600,1.74180687339,1.75388050184,1.74783326242,0
5600,1.75388050184,1.76603782069,1.7599486638,0
5600,1.76603782069,1.77827941004,1.77214804514,0
5600,1.77827941004,1.79060585404,1.78443198854,0
5600,1.79060585404,1.80301774086,1.79680108017,0
5600,1.80301774086,1.81551566277,1.80925591025,0
5600,1.81551566277,1.82810021614,1.82179707309,0
5600,1.82810021614,1.84077200147,1.83442516712,0
5600,1.84077200147,1.85353162341,1.84714079491,0
5600,1.85353162341,1.86637969083,1.85994456322,0
5600,1.86637969083,1.8793168168,1.87283708302,0
5600,1.8793168168,1.89234361864,1.88581896949,0
5600,1.89234361864,1.90546071796,1.8988908421,0
5600,1.90546071796,1.91866874067,1.9120533246,0
5600,1.91866874067,1.93196831702,1.92530704508,0
5600,1.93196831702,1.94536008162,1.93865263595,0
5600,1.94536008162,1.95884467351,1.95209073404,0
5600,1.95884467351,1.97242273611,1.96562198058,0
5600,1.97242273611,1.98609491736,1.97924702124,0
5600,1.98609491736,1.99986186963,1.99296650616,0
5600,1.99986186963,2.01372424986,2.00678109002,0
5600,2.01372424986,2.02768271952,2.02069143199,0
5600,2.02768271952,2.04173794467,2.03469819585,0
5600,2.04173794467,2.05589059598,2.04880204996,0
5600,2.05589059598,2.07014134879,2.06300366731,0
5600,2.07014134879,2.0844908831,2.07730372557,0
5600,2.0844908831,2.09893988362,2.0917029071,0
5600,2.09893988362,2.11348903984,2.10620189899,0
5600,2.11348903984,2.12813904598,2.12080139309,0
5600,2.12813904598,2.14289060112,2.13550208605,0
5600,2.14289060112,2.15774440915,2.15030467934,0
5600,2.15774440915,2.17270117886,2.16520987931,0
5600,2.17270117886,2.18776162395,2.18021839719,0
5600,2.18776162395,2.20292646305,2.19533094914,0
5600,2.20292646305,2.2181964198,2.2105482563,0
5600,2.2181964198,2.23357222283,2.22587104479,0
5600,2.23357222283,2.24905460584,2.24130004578,0
5600,2.24905460584,2.26464430759,2.2568359955,0
5600,2.26464430759,2.280342072,2.27247963527,0
5600,2.280342072,2.29614864811,2.28823171158,0
5600,2.29614864811,2.31206479018,2.30409297606,0
5600,2.31206479018,2.32809125767,2.32006418557,0
5600,2.32809125767,2.34422881532,2.33614610222,0
5600,2.34422881532,2.36047823318,2.35233949339,0
5600,2.36047823318,2.37684028662,2.36864513178,0
5600,2.37684028662,2.39331575641,2.38506379547,0
5600,2.39331575641,2.40990542869,2.40159626789,0
5600,2.40990542869,2.42661009508,2.41824333793,0
5600,2.42661009508,2.44343055269,2.43500579995,0
5600,2.44343055269,2.46036760415,2.45188445381,0
5600,2.46036760415,2.47742205763,2.46888010491,0
5600,2.47742205763,2.49459472694,2.48599356423,0
5600,2.49459472694,2.51188643151,2.50322564838,0
5600,2.51188643151,2.52929799645,2.52057717964,0
5600,2.52929799645,2.54683025259,2.53804898596,0
5600,2.54683025259,2.56448403652,2.55564190106,0
5600,2.56448403652,2.58226019063,2.57335676443,0
5600,2.58226019063,2.60015956317,2.59119442135,0
5600,2.60015956317,2.61818300822,2.60915572301,0
5600,2.61818300822,2.63633138583,2.62724152647,0
5600,2.63633138583,2.65460556198,2.64545269472,0
5600,2.65460556198,2.67300640866,2.66379009677,0
5600,2.67300640866,2.69153480393,2.68225460761,0
5600,2.69153480393,2.71019163189,2.70084710832,0
5600,2.71019163189,2.72897778281,2.7195684861,0
5600,2.72897778281,2.7478941531,2.73841963426,0
5600,2.7478941531,2.76694164541,2.75740145235,0
5600,2.76694164541,2.78612116863,2.77651484611,0
5600,2.78612116863,2.80543363795,2.79576072758,0
5600,2.80543363795,2.82487997492,2.81514001513,0
5600,2.82487997492,2.84446110745,2.83465363349,0
5600,2.84446110745,2.86417796991,2.85430251379,0
5600,2.86417796991,2.88403150313,2.87408759362,0
5600,2.88403150313,2.90402265446,2.89400981707,0
5600,2.90402265446,2.92415237784,2.91407013477,0
5600,2.92415237784,2.9444216338,2.93426950396,0
5600,2.9444216338,2.96483138952,2.95460888848,0
5600,2.96483138952,2.98538261892,2.97508925888,0
5600,2.98538261892,3.00607630263,2.99571159243,0
5600,3.00607630263,3.0269134281,3.01647687316,0
5600,3.0269134281,3.04789498963,3.03738609195,0
5600,3.04789498963,3.06902198839,3.05844024651,0
5600,3.06902198839,3.09029543251,3.0796403415,0
5600,3.09029543251,3.11171633711,3.10098738853,0
5600,3.11171633711,3.13328572432,3.12248240622,0
5600,3.13328572432,3.15500462337,3.14412642026,0
5600,3.15500462337,3.17687407065,3.16592046343,0
5600,3.17687407065,3.19889510969,3.1878655757,0
5600,3.19889510969,3.22106879128,3.20996280421,0
5600,3.22106879128,3.24339617349,3.2322132034,0
5600,3.24339617349,3.26587832172,3.25461783498,0
5600,3.26587832172,3.28851630876,3.27717776805,0
5600,3.28851630876,3.31131121483,3.29989407911,0
5600,3.31131121483,3.33426412763,3.32276785211,0
5600,3.33426412763,3.35737614243,3.34580017853,0
5600,3.35737614243,3.38064836206,3.36899215741,0
5600,3.38064836206,3.40408189701,3.39234489541,0
5600,3.40408189701,3.42767786546,3.41585950686,0
5600,3.42767786546,3.45143739336,3.43953711381,0
5600,3.45143739336,3.47536161443,3.46337884608,0
5600,3.47536161443,3.49945167028,3.48738584135,0
5600,3.49945167028,3.52370871042,3.51155924516,0
5600,3.52370871042,3.54813389234,3.535900211,0
5600,3.54813389234,3.57272838152,3.56040990036,0
5600,3.57272838152,3.59749335156,3.58508948277,0
5600,3.59749335156,3.62242998417,3.60994013586,0
5600,3.62242998417,3.64753946926,3.63496304546,0
5600,3.64753946926,3.67282300498,3.66015940558,0
5600,3.67282300498,3.6982817978,3.68553041852,0
5600,3.6982817978,3.72391706255,3.71107729493,0
5600,3.72391706255,3.74973002245,3.73680125382,0
5600,3.74973002245,3.77572190925,3.76270352268,0
5600,3.77572190925,3.80189396321,3.78878533748,0
5600,3.80189396321,3.82824743317,3.81504794279,0
5600,3.82824743317,3.85478357666,3.84149259179,0
5600,3.85478357666,3.88150365991,3.86812054633,0
5600,3.88150365991,3.90840895792,3.89493307704,0
5600,3.90840895792,3.93550075456,3.92193146333,0
5600,3.93550075456,3.96278034255,3.94911699349,0
5600,3.96278034255,3.99024902362,3.97649096475,0
5600,3.99024902362,4.01790810849,4.00405468331,0
5600,4.01790810849,4.04575891697,4.03180946443,0
5600,4.04575891697,4.07380277804,4.05975663252,0
5600,4.07380277804,4.10204102987,4.08789752111,0
5600,4.10204102987,4.1304750199,4.11623347303,0
5600,4.1304750199,4.15910610494,4.14476584038,0
5600,4.15910610494,4.18793565118,4.17349598465,0
5600,4.18793565118,4.21696503429,4.20242527677,0
5600,4.21696503429,4.24619563946,4.23155509717,0
5600,4.24619563946,4.27562886152,4.26088683583,0
5600,4.27562886152,4.30526610492,4.29042189239,0
5600,4.30526610492,4.33510878388,4.32016167618,0
5600,4.33510878388,4.3651583224,4.35010760631,0
5600,4.3651583224,4.39541615438,4.3802611117,0
5600,4.39541615438,4.42588372363,4.41062363121,0
5600,4.42588372363,4.45656248398,4.44119661366,0
5600,4.45656248398,4.48745389933,4.47198151789,0
5600,4.48745389933,4.51855944375,4.50297981288,0
5600,4.51855944375,4.5498806015,4.53419297779,0
5600,4.5498806015,4.58141886715,4.56562250202,0
5600,4.58141886715,4.6131757456,4.59726988531,0
5600,4.6131757456,4.64515275223,4.62913663778,0
5600,4.64515275223,4.67735141287,4.66122428002,0
5600,4.67735141287,4.70977326397,4.69353434317,0
5600,4.70977326397,4.7424198526,4.72606836898,0
5600,4.7424198526,4.77529273658,4.75882790989,0
5600,4.77529273658,4.8083934845,4.79181452908,0
5600,4.8083934845,4.84172367584,4.8250298006,0
5600,4.84172367584,4.87528490103,4.85847530937,0
5600,4.87528490103,4.90907876153,4.89215265134,0
5600,4.90907876153,4.94310686987,4.9260634335,0
5600,4.94310686987,4.97737084979,4.96020927396,0
5600,4.97737084979,5.01187233627,4.99459180208,0
5600,5.01187233627,5.04661297564,5.0292126585,0
5600,5.04661297564,5.08159442561,5.06407349524,0
5600,5.08159442561,5.1168183554,5.09917597575,0
5600,5.1168183554,5.15228644582,5.13452177503,0
5600,5.15228644582,5.18800038929,5.17011257969,0
5600,5.18800038929,5.22396188999,5.20595008802,0
5600,5.22396188999,5.26017266391,5.24203601008,0
5600,5.26017266391,5.29663443892,5.27837206782,0
5600,5.29663443892,5.33334895488,5.31495999507,0
5600,5.33334895488,5.3703179637,5.35180153771,0
5600,5.3703179637,5.40754322946,5.38889845373,0
5600,5.40754322946,5.44502652842,5.42625251329,0
5600,5.44502652842,5.48276964921,5.46386549882,0
5600,5.48276964921,5.52077439281,5.50173920511,0
5600,5.52077439281,5.5590425727,5.53987543939,0
5600,5.5590425727,5.59757601495,5.57827602141,0
5600,5.59757601495,5.63637655826,5.61694278356,0
5600,5.63637655826,5.67544605409,5.65587757089,0
5600,5.67544605409,5.71478636672,5.69508224128,0
5600,5.71478636672,5.75439937337,5.73455866546,0
5600,5.75439937337,5.79428696427,5.77430872714,0
5600,5.79428696427,5.83445104274,5.81433432308,0
5600,5.83445104274,5.8748935253,5.85463736321,0
5600,5.8748935253,5.91561634175,5.89521977065,0
5600,5.91561634175,5.95662143529,5.93608348191,0
5600,5.95662143529,5.99791076256,5.97723044689,0
5600,5.99791076256,6.03948629376,6.018662629,0
5600,6.03948629376,6.08135001279,6.06038200527,0
5600,6.08135001279,6.12350391725,6.10239056645,0
5600,6.12350391725,6.16595001861,6.14469031706,0
5600,6.16595001861,6.2086903423,6.18728327553,0
5600,6.2086903423,6.25172692776,6.23017147429,0
5600,6.25172692776,6.29506182857,6.27335695984,0
5600,6.29506182857,6.33869711257,6.31684179288,0
5600,6.33869711257,6.38263486191,6.36062804837,0
5600,6.38263486191,6.42687717317,6.40471781569,0
5600,6.42687717317,6.47142615749,6.44911319868,0
5600,6.47142615749,6.51628394061,6.49381631576,0
5600,6.51628394061,6.56145266303,6.53882930005,0
5600,6.56145266303,6.60693448008,6.58415429943,0
5600,6.60693448008,6.65273156202,6.62979347671,0
5600,6.65273156202,6.69884609417,6.67574900964,0
5600,6.69884609417,6.74528027698,6.72202309112,0
5600,6.74528027698,6.79203632617,6.7686179292,0
5600,6.79203632617,6.83911647281,6.81553574727,0
5600,6.83911647281,6.88652296344,6.86277878411,0
5600,6.88652296344,6.93425806017,6.91034929405,0
5600,6.93425806017,6.98232404077,6.95824954701,0
5600,6.98232404077,7.03072319884,7.00648182865,0
5600,7.03072319884,7.07945784384,7.05504844051,0
5600,7.07945784384,7.12853030127,7.10395170003,0
5600,7.12853030127,7.17794291271,7.15319394075,0
5600,7.17794291271,7.22769803602,7.20277751238,0
5600,7.22769803602,7.27779804537,7.25270478091,0
5600,7.27779804537,7.32824533139,7.30297812873,0
5600,7.32824533139,7.37904230129,7.35359995475,0
5600,7.37904230129,7.43019137897,7.40457267451,0
5600,7.43019137897,7.48169500511,7.45589872028,0
5600,7.48169500511,7.53355563734,7.5075805412,0
5600,7.53355563734,7.58577575029,7.55962060339,0
5600,7.58577575029,7.63835783578,7.61202139006,0
5600,7.63835783578,7.69130440287,7.66478540163,0
5600,7.69130440287,7.74461797803,7.71791515585,0
5600,7.74461797803,7.79830110523,7.77141318794,0
5600,7.79830110523,7.8523563461,7.82528205067,0
5600,7.8523563461,7.90678628,7.87952431451,0
5600,7.90678628,7.96159350417,7.93414256777,0
5600,7.96159350417,8.01678063388,7.98913941667,0
5600,8.01678063388,8.07235030249,8.04451748552,0
5600,8.07235030249,8.12830516164,8.1002794168,0
5600,8.12830516164,8.18464788135,8.15642787133,0
5600,8.18464788135,8.24138115013,8.21296552835,0
5600,8.24138115013,8.29850767514,8.26989508568,0
5600,8.29850767514,8.35603018231,8.32721925985,0
5600,8.35603018231,8.41395141645,8.38494078622,0
5600,8.41395141645,8.47227414141,8.44306241909,0
5600,8.47227414141,8.53100114018,8.50158693187,0
5600,8.53100114018,8.59013521505,8.5605171172,0
5600,8.59013521505,8.64967918776,8.61985578706,0
5600,8.64967918776,8.70963589956,8.67960577292,0
5600,8.70963589956,8.77000821144,8.73976992591,0
5600,8.77000821144,8.83079900419,8.80035111687,0
5600,8.83079900419,8.89201117858,8.86135223659,0
5600,8.89201117858,8.9536476555,8.92277619588,0
5600,8.9536476555,9.01571137606,8.98462592571,0
5600,9.01571137606,9.07820530178,9.04690437738,0
5600,9.07820530178,9.1411324147,9.10961452266,0
5600,9.1411324147,9.20449571753,9.1727593539,0
5600,9.20449571753,9.26829823379,9.2363418842,0
5600,9.26829823379,9.33254300797,9.30036514754,0
5600,9.33254300797,9.39723310565,9.36483219894,0
5600,9.39723310565,9.46237161366,9.4297461146,0
5600,9.46237161366,9.52796164024,9.49510999202,0
5600,9.52796164024,9.59400631516,9.5609269502,0
5600,9.59400631516,9.6605087899,9.62720012973,0
5600,9.6605087899,9.72747223777,9.693932693,0
5600,9.72747223777,9.79489985409,9.7611278243,0
5600,9.79489985409,9.86279485631,9.82878873,0
5600,9.86279485631,9.93116048421,9.89691863869,0
5600,9.93116048421,10,9.96552080135,0
