           _________________________________________________________
          |                                                         |
          |       _/_/_/_/                                          |
          |      _/      _/                  _/_/_/_/_/_/           |
          |     _/      _/  _/      _/   _/      _/      _/_/_/_/_/ |
          |    _/_/_/_/    _/      _/   _/      _/      _/          |
          |   _/          _/_/_/_/_/   _/      _/       _/_/_/_/    |
          |  _/          _/      _/   _/      _/              _/    |
          | _/          _/      _/   _/      _/      _/_/_/_/_/     |
          |                                                         |
          |                                                         |
          |       Particle and Heavy Ion Transport code System      |
          |                      Version =  3.360                   |
          |                       developed by                      |
          |                                                         |
          |  Tatsuhiko SATO, Yosuke IWAMOTO, Shintaro HASHIMOTO,    |
          |    Tatsuhiko OGAWA, Takuya FURUTA, Shinichiro ABE,      |
          |    Takeshi KAI, Norihiro MATSUDA, Yusuke MATSUYA,       |
          |      Yuho HIRATA, Takuya SEKIKAWA, Seiki Ohnish,        |
          |                     Yao LAN (JAEA),                     |
          |  Hiroshi IWASE, Yasuhito SAKAKI, Kenta SUGIHARA (KEK),  |
          |           Nobuhiro SHIGYO (Kyushu University),          |
          |     Hunter RATLIFF (Haukeland University Hospital),     |
          |  Lembit SIHVER (University of Texas Rio Grande Valley), |
          |                  and Koji NIITA (RIST)                  |
          |                                                         |
          |                 Last Revised  2026-03-24                |
          |_________________________________________________________|

                        Starting Date = 2026-08-20
                        Starting Time = 20h 02m 56

>>> Input Echo >>>=============================================================

[ Parameters ]
 icntl    =           0     # (D=0) 3:ECH 5:NOR 6:SRC 7,8:GSH 11:DSH 12:DUMP
 maxcas   =        1000     # (D=10) number of particles per one batch
 maxbch   =          10     # (D=10) number of batches
 itetvol  =           0     # (D=0) =1 Volume calculation for tetrahedrons
 ntetelem =        2000     # (D=200) Number of tetra element allowed in sub-block
 maxbnk   =     1000000     # (D=10000) maximum bank memory length
 itetra   =           0     # (D=0) tetra data is read(=1)/write(=2) on binary
 negs     =           1     # (D=-1) =-1:original, =0:No, =1:EGS, =2:EGS(HE)
 ipegs    =           0     # [EGS](D=0) -1:PEGSonly, 0:Full, 1:PEGSrun+PHITS, 2:skipPEGS
 file(1)  = /home/clarence/Software/phits/phits # (D=PhitsPath) PHITS install folder name
 file(6)  = phits_MRCP_AF_source_Brain_photon_energy_10.0.out # (D=phits.out) general output file name

[ Source ]
  totfact =   1.0000        # (D=1.0) global factor
   s-type =  24             # tetra-mesh source
   tetreg =   6100          # tetra-mesh source region
       e0 =   10.000        # energy of beam [MeV/n]
     proj =  photon         # kind of incident particle         
      dir =   all           # z-direction of beam [isotropic]

[ Material ]
MAT[ 100 ] 
           H         -1.0400000E-01
           C         -2.3300000E-01
           N         -2.8000000E-02
           O         -6.2500000E-01
           Na        -1.0000000E-03
           P         -2.0000000E-03
           S         -3.0000000E-03
           Cl        -2.0000000E-03
           K         -2.0000000E-03
MAT[ 200 ] 
           H         -1.0400000E-01
           C         -2.3300000E-01
           N         -2.8000000E-02
           O         -6.2500000E-01
           Na        -1.0000000E-03
           P         -2.0000000E-03
           S         -3.0000000E-03
           Cl        -2.0000000E-03
           K         -2.0000000E-03
MAT[ 300 ] 
           H         -1.0500000E-01
           C         -2.5200000E-01
           N         -2.7000000E-02
           O         -6.0600000E-01
           Na        -1.0000000E-03
           P         -2.0000000E-03
           S         -3.0000000E-03
           Cl        -2.0000000E-03
           K         -2.0000000E-03
MAT[ 301 ] 
           H         -1.0500000E-01
           C         -2.5200000E-01
           N         -2.7000000E-02
           O         -6.0600000E-01
           Na        -1.0000000E-03
           P         -2.0000000E-03
           S         -3.0000000E-03
           Cl        -2.0000000E-03
           K         -2.0000000E-03
MAT[ 302 ] 
           H         -1.0500000E-01
           C         -2.5200000E-01
           N         -2.7000000E-02
           O         -6.0600000E-01
           Na        -1.0000000E-03
           P         -2.0000000E-03
           S         -3.0000000E-03
           Cl        -2.0000000E-03
           K         -2.0000000E-03
MAT[ 303 ] 
           H         -1.0500000E-01
           C         -2.5200000E-01
           N         -2.7000000E-02
           O         -6.0600000E-01
           Na        -1.0000000E-03
           P         -2.0000000E-03
           S         -3.0000000E-03
           Cl        -2.0000000E-03
           K         -2.0000000E-03
MAT[ 400 ] 
           H         -1.1200000E-01
           O         -8.8800000E-01
MAT[ 401 ] 
           H         -1.0500000E-01
           C         -2.5200000E-01
           N         -2.7000000E-02
           O         -6.0600000E-01
           Na        -1.0000000E-03
           P         -2.0000000E-03
           S         -3.0000000E-03
           Cl        -2.0000000E-03
           K         -2.0000000E-03
MAT[ 402 ] 
           H         -1.0500000E-01
           C         -2.5200000E-01
           N         -2.7000000E-02
           O         -6.0600000E-01
           Na        -1.0000000E-03
           P         -2.0000000E-03
           S         -3.0000000E-03
           Cl        -2.0000000E-03
           K         -2.0000000E-03
MAT[ 403 ] 
           H         -1.0500000E-01
           C         -2.5200000E-01
           N         -2.7000000E-02
           O         -6.0600000E-01
           Na        -1.0000000E-03
           P         -2.0000000E-03
           S         -3.0000000E-03
           Cl        -2.0000000E-03
           K         -2.0000000E-03
MAT[ 404 ] 
           H         -1.0500000E-01
           C         -2.5200000E-01
           N         -2.7000000E-02
           O         -6.0600000E-01
           Na        -1.0000000E-03
           P         -2.0000000E-03
           S         -3.0000000E-03
           Cl        -2.0000000E-03
           K         -2.0000000E-03
MAT[ 405 ] 
           H         -1.0500000E-01
           C         -2.5200000E-01
           N         -2.7000000E-02
           O         -6.0600000E-01
           Na        -1.0000000E-03
           P         -2.0000000E-03
           S         -3.0000000E-03
           Cl        -2.0000000E-03
           K         -2.0000000E-03
MAT[ 500 ] 
           H         -1.0200000E-01
           C         -1.4200000E-01
           N         -3.4000000E-02
           O         -7.1100000E-01
           Na        -1.0000000E-03
           P         -2.0000000E-03
           S         -3.0000000E-03
           Cl        -1.0000000E-03
           K         -4.0000000E-03
MAT[ 501 ] 
           H         -1.0200000E-01
           C         -1.4200000E-01
           N         -3.4000000E-02
           O         -7.1100000E-01
           Na        -1.0000000E-03
           P         -2.0000000E-03
           S         -3.0000000E-03
           Cl        -1.0000000E-03
           K         -4.0000000E-03
MAT[ 600 ] 
           H         -1.0200000E-01
           C         -1.4200000E-01
           N         -3.4000000E-02
           O         -7.1100000E-01
           Na        -1.0000000E-03
           P         -2.0000000E-03
           S         -3.0000000E-03
           Cl        -1.0000000E-03
           K         -4.0000000E-03
MAT[ 700 ] 
           H         -1.0500000E-01
           C         -2.5200000E-01
           N         -2.7000000E-02
           O         -6.0600000E-01
           Na        -1.0000000E-03
           P         -2.0000000E-03
           S         -3.0000000E-03
           Cl        -2.0000000E-03
           K         -2.0000000E-03
MAT[ 800 ] 
           H         -1.1200000E-01
           O         -8.8800000E-01
MAT[ 801 ] 
           H         -1.0500000E-01
           C         -2.5200000E-01
           N         -2.7000000E-02
           O         -6.0600000E-01
           Na        -1.0000000E-03
           P         -2.0000000E-03
           S         -3.0000000E-03
           Cl        -2.0000000E-03
           K         -2.0000000E-03
MAT[ 802 ] 
           H         -1.0500000E-01
           C         -2.5200000E-01
           N         -2.7000000E-02
           O         -6.0600000E-01
           Na        -1.0000000E-03
           P         -2.0000000E-03
           S         -3.0000000E-03
           Cl        -2.0000000E-03
           K         -2.0000000E-03
MAT[ 803 ] 
           H         -1.0500000E-01
           C         -2.5200000E-01
           N         -2.7000000E-02
           O         -6.0600000E-01
           Na        -1.0000000E-03
           P         -2.0000000E-03
           S         -3.0000000E-03
           Cl        -2.0000000E-03
           K         -2.0000000E-03
MAT[ 804 ] 
           H         -1.0500000E-01
           C         -2.5200000E-01
           N         -2.7000000E-02
           O         -6.0600000E-01
           Na        -1.0000000E-03
           P         -2.0000000E-03
           S         -3.0000000E-03
           Cl        -2.0000000E-03
           K         -2.0000000E-03
MAT[ 805 ] 
           H         -1.0500000E-01
           C         -2.5200000E-01
           N         -2.7000000E-02
           O         -6.0600000E-01
           Na        -1.0000000E-03
           P         -2.0000000E-03
           S         -3.0000000E-03
           Cl        -2.0000000E-03
           K         -2.0000000E-03
MAT[ 806 ] 
           H         -1.0500000E-01
           C         -2.5200000E-01
           N         -2.7000000E-02
           O         -6.0600000E-01
           Na        -1.0000000E-03
           P         -2.0000000E-03
           S         -3.0000000E-03
           Cl        -2.0000000E-03
           K         -2.0000000E-03
MAT[ 807 ] 
           H         -1.0500000E-01
           C         -2.5200000E-01
           N         -2.7000000E-02
           O         -6.0600000E-01
           Na        -1.0000000E-03
           P         -2.0000000E-03
           S         -3.0000000E-03
           Cl        -2.0000000E-03
           K         -2.0000000E-03
MAT[ 808 ] 
           H         -1.0500000E-01
           C         -2.5200000E-01
           N         -2.7000000E-02
           O         -6.0600000E-01
           Na        -1.0000000E-03
           P         -2.0000000E-03
           S         -3.0000000E-03
           Cl        -2.0000000E-03
           K         -2.0000000E-03
MAT[ 900 ] 
           H         -1.0200000E-01
           C         -1.1000000E-01
           N         -3.3000000E-02
           O         -7.4500000E-01
           Na        -1.0000000E-03
           P         -1.0000000E-03
           S         -2.0000000E-03
           Cl        -3.0000000E-03
           K         -2.0000000E-03
           Fe        -1.0000000E-03
MAT[ 910 ] 
           H         -1.0200000E-01
           C         -1.1000000E-01
           N         -3.3000000E-02
           O         -7.4500000E-01
           Na        -1.0000000E-03
           P         -1.0000000E-03
           S         -2.0000000E-03
           Cl        -3.0000000E-03
           K         -2.0000000E-03
           Fe        -1.0000000E-03
MAT[ 1000 ] 
           H         -1.0200000E-01
           C         -1.1000000E-01
           N         -3.3000000E-02
           O         -7.4500000E-01
           Na        -1.0000000E-03
           P         -1.0000000E-03
           S         -2.0000000E-03
           Cl        -3.0000000E-03
           K         -2.0000000E-03
           Fe        -1.0000000E-03
MAT[ 1010 ] 
           H         -1.0200000E-01
           C         -1.1000000E-01
           N         -3.3000000E-02
           O         -7.4500000E-01
           Na        -1.0000000E-03
           P         -1.0000000E-03
           S         -2.0000000E-03
           Cl        -3.0000000E-03
           K         -2.0000000E-03
           Fe        -1.0000000E-03
MAT[ 1100 ] 
           H         -1.0200000E-01
           C         -1.1000000E-01
           N         -3.3000000E-02
           O         -7.4500000E-01
           Na        -1.0000000E-03
           P         -1.0000000E-03
           S         -2.0000000E-03
           Cl        -3.0000000E-03
           K         -2.0000000E-03
           Fe        -1.0000000E-03
MAT[ 1110 ] 
           H         -1.0200000E-01
           C         -1.1000000E-01
           N         -3.3000000E-02
           O         -7.4500000E-01
           Na        -1.0000000E-03
           P         -1.0000000E-03
           S         -2.0000000E-03
           Cl        -3.0000000E-03
           K         -2.0000000E-03
           Fe        -1.0000000E-03
MAT[ 1200 ] 
           H         -1.0200000E-01
           C         -1.1000000E-01
           N         -3.3000000E-02
           O         -7.4500000E-01
           Na        -1.0000000E-03
           P         -1.0000000E-03
           S         -2.0000000E-03
           Cl        -3.0000000E-03
           K         -2.0000000E-03
           Fe        -1.0000000E-03
MAT[ 1210 ] 
           H         -1.0200000E-01
           C         -1.1000000E-01
           N         -3.3000000E-02
           O         -7.4500000E-01
           Na        -1.0000000E-03
           P         -1.0000000E-03
           S         -2.0000000E-03
           Cl        -3.0000000E-03
           K         -2.0000000E-03
           Fe        -1.0000000E-03
MAT[ 1300 ] 
           H         -3.6000000E-02
           C         -1.5900000E-01
           N         -4.2000000E-02
           O         -4.4800000E-01
           Na        -3.0000000E-03
           Mg        -2.0000000E-03
           P         -9.4000000E-02
           S         -3.0000000E-03
           Ca        -2.1300000E-01
MAT[ 1400 ] 
           H         -8.6000000E-02
           C         -3.9200000E-01
           N         -2.6000000E-02
           O         -3.9000000E-01
           Na        -1.0000000E-03
           Mg        -1.0000000E-03
           P         -3.1000000E-02
           S         -2.0000000E-03
           Cl        -1.0000000E-03
           K         -1.0000000E-03
           Ca        -6.9000000E-02
MAT[ 1500 ] 
           H         -1.1500000E-01
           C         -6.3700000E-01
           N         -7.0000000E-03
           O         -2.3800000E-01
           Na        -1.0000000E-03
           S         -1.0000000E-03
           Cl        -1.0000000E-03
MAT[ 1600 ] 
           H         -3.6000000E-02
           C         -1.5900000E-01
           N         -4.2000000E-02
           O         -4.4800000E-01
           Na        -3.0000000E-03
           Mg        -2.0000000E-03
           P         -9.4000000E-02
           S         -3.0000000E-03
           Ca        -2.1300000E-01
MAT[ 1700 ] 
           H         -9.5000000E-02
           C         -4.9800000E-01
           N         -1.7000000E-02
           O         -3.1100000E-01
           Na        -1.0000000E-03
           P         -2.3000000E-02
           S         -2.0000000E-03
           Cl        -1.0000000E-03
           Ca        -5.2000000E-02
MAT[ 1800 ] 
           H         -1.1500000E-01
           C         -6.3700000E-01
           N         -7.0000000E-03
           O         -2.3800000E-01
           Na        -1.0000000E-03
           S         -1.0000000E-03
           Cl        -1.0000000E-03
MAT[ 1900 ] 
           H         -3.6000000E-02
           C         -1.5900000E-01
           N         -4.2000000E-02
           O         -4.4800000E-01
           Na        -3.0000000E-03
           Mg        -2.0000000E-03
           P         -9.4000000E-02
           S         -3.0000000E-03
           Ca        -2.1300000E-01
MAT[ 2000 ] 
           H         -9.5000000E-02
           C         -4.9800000E-01
           N         -1.7000000E-02
           O         -3.1100000E-01
           Na        -1.0000000E-03
           P         -2.3000000E-02
           S         -2.0000000E-03
           Cl        -1.0000000E-03
           Ca        -5.2000000E-02
MAT[ 2100 ] 
           H         -1.1500000E-01
           C         -6.3700000E-01
           N         -7.0000000E-03
           O         -2.3800000E-01
           Na        -1.0000000E-03
           S         -1.0000000E-03
           Cl        -1.0000000E-03
MAT[ 2200 ] 
           H         -3.6000000E-02
           C         -1.5900000E-01
           N         -4.2000000E-02
           O         -4.4800000E-01
           Na        -3.0000000E-03
           Mg        -2.0000000E-03
           P         -9.4000000E-02
           S         -3.0000000E-03
           Ca        -2.1300000E-01
MAT[ 2300 ] 
           H         -9.5000000E-02
           C         -4.9800000E-01
           N         -1.7000000E-02
           O         -3.1100000E-01
           Na        -1.0000000E-03
           P         -2.3000000E-02
           S         -2.0000000E-03
           Cl        -1.0000000E-03
           Ca        -5.2000000E-02
MAT[ 2400 ] 
           H         -3.6000000E-02
           C         -1.5900000E-01
           N         -4.2000000E-02
           O         -4.4800000E-01
           Na        -3.0000000E-03
           Mg        -2.0000000E-03
           P         -9.4000000E-02
           S         -3.0000000E-03
           Ca        -2.1300000E-01
MAT[ 2500 ] 
           H         -8.5000000E-02
           C         -3.8800000E-01
           N         -2.6000000E-02
           O         -3.9200000E-01
           Na        -1.0000000E-03
           Mg        -1.0000000E-03
           P         -3.2000000E-02
           S         -2.0000000E-03
           Cl        -1.0000000E-03
           K         -1.0000000E-03
           Ca        -7.1000000E-02
MAT[ 2600 ] 
           H         -3.6000000E-02
           C         -1.5900000E-01
           N         -4.2000000E-02
           O         -4.4800000E-01
           Na        -3.0000000E-03
           Mg        -2.0000000E-03
           P         -9.4000000E-02
           S         -3.0000000E-03
           Ca        -2.1300000E-01
MAT[ 2700 ] 
           H         -7.9000000E-02
           C         -3.4500000E-01
           N         -2.9000000E-02
           O         -4.1300000E-01
           Na        -2.0000000E-03
           Mg        -1.0000000E-03
           P         -3.9000000E-02
           S         -2.0000000E-03
           Cl        -1.0000000E-03
           K         -1.0000000E-03
           Ca        -8.8000000E-02
MAT[ 2800 ] 
           H         -3.6000000E-02
           C         -1.5900000E-01
           N         -4.2000000E-02
           O         -4.4800000E-01
           Na        -3.0000000E-03
           Mg        -2.0000000E-03
           P         -9.4000000E-02
           S         -3.0000000E-03
           Ca        -2.1300000E-01
MAT[ 2900 ] 
           H         -1.0400000E-01
           C         -5.0100000E-01
           N         -1.9000000E-02
           O         -3.4200000E-01
           Na        -1.0000000E-03
           P         -9.0000000E-03
           S         -2.0000000E-03
           Cl        -1.0000000E-03
           K         -1.0000000E-03
           Ca        -2.0000000E-02
MAT[ 3000 ] 
           H         -1.1500000E-01
           C         -6.3700000E-01
           N         -7.0000000E-03
           O         -2.3800000E-01
           Na        -1.0000000E-03
           S         -1.0000000E-03
           Cl        -1.0000000E-03
MAT[ 3100 ] 
           H         -3.6000000E-02
           C         -1.5900000E-01
           N         -4.2000000E-02
           O         -4.4800000E-01
           Na        -3.0000000E-03
           Mg        -2.0000000E-03
           P         -9.4000000E-02
           S         -3.0000000E-03
           Ca        -2.1300000E-01
MAT[ 3200 ] 
           H         -9.5000000E-02
           C         -4.9800000E-01
           N         -1.7000000E-02
           O         -3.1100000E-01
           Na        -1.0000000E-03
           P         -2.3000000E-02
           S         -2.0000000E-03
           Cl        -1.0000000E-03
           Ca        -5.2000000E-02
MAT[ 3300 ] 
           H         -1.1500000E-01
           C         -6.3700000E-01
           N         -7.0000000E-03
           O         -2.3800000E-01
           Na        -1.0000000E-03
           S         -1.0000000E-03
           Cl        -1.0000000E-03
MAT[ 3400 ] 
           H         -3.6000000E-02
           C         -1.5900000E-01
           N         -4.2000000E-02
           O         -4.4800000E-01
           Na        -3.0000000E-03
           Mg        -2.0000000E-03
           P         -9.4000000E-02
           S         -3.0000000E-03
           Ca        -2.1300000E-01
MAT[ 3500 ] 
           H         -9.5000000E-02
           C         -4.9800000E-01
           N         -1.7000000E-02
           O         -3.1100000E-01
           Na        -1.0000000E-03
           P         -2.3000000E-02
           S         -2.0000000E-03
           Cl        -1.0000000E-03
           Ca        -5.2000000E-02
MAT[ 3600 ] 
           H         -1.1500000E-01
           C         -6.3700000E-01
           N         -7.0000000E-03
           O         -2.3800000E-01
           Na        -1.0000000E-03
           S         -1.0000000E-03
           Cl        -1.0000000E-03
MAT[ 3700 ] 
           H         -3.6000000E-02
           C         -1.5900000E-01
           N         -4.2000000E-02
           O         -4.4800000E-01
           Na        -3.0000000E-03
           Mg        -2.0000000E-03
           P         -9.4000000E-02
           S         -3.0000000E-03
           Ca        -2.1300000E-01
MAT[ 3800 ] 
           H         -9.5000000E-02
           C         -4.9800000E-01
           N         -1.7000000E-02
           O         -3.1100000E-01
           Na        -1.0000000E-03
           P         -2.3000000E-02
           S         -2.0000000E-03
           Cl        -1.0000000E-03
           Ca        -5.2000000E-02
MAT[ 3900 ] 
           H         -3.6000000E-02
           C         -1.5900000E-01
           N         -4.2000000E-02
           O         -4.4800000E-01
           Na        -3.0000000E-03
           Mg        -2.0000000E-03
           P         -9.4000000E-02
           S         -3.0000000E-03
           Ca        -2.1300000E-01
MAT[ 4000 ] 
           H         -8.6000000E-02
           C         -3.8300000E-01
           N         -2.7000000E-02
           O         -3.9800000E-01
           Na        -1.0000000E-03
           Mg        -1.0000000E-03
           P         -3.1000000E-02
           S         -2.0000000E-03
           Cl        -1.0000000E-03
           K         -1.0000000E-03
           Ca        -6.9000000E-02
MAT[ 4100 ] 
           H         -3.6000000E-02
           C         -1.5900000E-01
           N         -4.2000000E-02
           O         -4.4800000E-01
           Na        -3.0000000E-03
           Mg        -2.0000000E-03
           P         -9.4000000E-02
           S         -3.0000000E-03
           Ca        -2.1300000E-01
MAT[ 4200 ] 
           H         -9.6000000E-02
           C         -4.2200000E-01
           N         -2.5000000E-02
           O         -3.9400000E-01
           Na        -1.0000000E-03
           P         -1.8000000E-02
           S         -2.0000000E-03
           Cl        -1.0000000E-03
           K         -1.0000000E-03
           Ca        -3.9000000E-02
           Fe        -1.0000000E-03
MAT[ 4300 ] 
           H         -3.6000000E-02
           C         -1.5900000E-01
           N         -4.2000000E-02
           O         -4.4800000E-01
           Na        -3.0000000E-03
           Mg        -2.0000000E-03
           P         -9.4000000E-02
           S         -3.0000000E-03
           Ca        -2.1300000E-01
MAT[ 4400 ] 
           H         -9.8000000E-02
           C         -3.9400000E-01
           N         -2.9000000E-02
           O         -4.3100000E-01
           Na        -1.0000000E-03
           P         -1.3000000E-02
           S         -2.0000000E-03
           Cl        -2.0000000E-03
           K         -1.0000000E-03
           Ca        -2.8000000E-02
           Fe        -1.0000000E-03
MAT[ 4500 ] 
           H         -3.6000000E-02
           C         -1.5900000E-01
           N         -4.2000000E-02
           O         -4.4800000E-01
           Na        -3.0000000E-03
           Mg        -2.0000000E-03
           P         -9.4000000E-02
           S         -3.0000000E-03
           Ca        -2.1300000E-01
MAT[ 4600 ] 
           H         -9.3000000E-02
           C         -4.2600000E-01
           N         -2.4000000E-02
           O         -3.8200000E-01
           Na        -1.0000000E-03
           P         -2.2000000E-02
           S         -2.0000000E-03
           Cl        -1.0000000E-03
           K         -1.0000000E-03
           Ca        -4.8000000E-02
MAT[ 4700 ] 
           H         -3.6000000E-02
           C         -1.5900000E-01
           N         -4.2000000E-02
           O         -4.4800000E-01
           Na        -3.0000000E-03
           Mg        -2.0000000E-03
           P         -9.4000000E-02
           S         -3.0000000E-03
           Ca        -2.1300000E-01
MAT[ 4800 ] 
           H         -9.2000000E-02
           C         -3.7100000E-01
           N         -3.0000000E-02
           O         -4.3600000E-01
           Na        -1.0000000E-03
           P         -2.0000000E-02
           S         -2.0000000E-03
           Cl        -2.0000000E-03
           K         -1.0000000E-03
           Ca        -4.4000000E-02
           Fe        -1.0000000E-03
MAT[ 4900 ] 
           H         -3.6000000E-02
           C         -1.5900000E-01
           N         -4.2000000E-02
           O         -4.4800000E-01
           Na        -3.0000000E-03
           Mg        -2.0000000E-03
           P         -9.4000000E-02
           S         -3.0000000E-03
           Ca        -2.1300000E-01
MAT[ 5000 ] 
           H         -9.8000000E-02
           C         -3.9900000E-01
           N         -2.9000000E-02
           O         -4.3000000E-01
           Na        -1.0000000E-03
           P         -1.2000000E-02
           S         -2.0000000E-03
           Cl        -2.0000000E-03
           K         -1.0000000E-03
           Ca        -2.5000000E-02
           Fe        -1.0000000E-03
MAT[ 5100 ] 
           H         -3.6000000E-02
           C         -1.5900000E-01
           N         -4.2000000E-02
           O         -4.4800000E-01
           Na        -3.0000000E-03
           Mg        -2.0000000E-03
           P         -9.4000000E-02
           S         -3.0000000E-03
           Ca        -2.1300000E-01
MAT[ 5200 ] 
           H         -8.8000000E-02
           C         -3.5200000E-01
           N         -3.1000000E-02
           O         -4.4000000E-01
           Na        -1.0000000E-03
           Mg        -1.0000000E-03
           P         -2.6000000E-02
           S         -2.0000000E-03
           Cl        -1.0000000E-03
           K         -1.0000000E-03
           Ca        -5.7000000E-02
MAT[ 5300 ] 
           H         -3.6000000E-02
           C         -1.5900000E-01
           N         -4.2000000E-02
           O         -4.4800000E-01
           Na        -3.0000000E-03
           Mg        -2.0000000E-03
           P         -9.4000000E-02
           S         -3.0000000E-03
           Ca        -2.1300000E-01
MAT[ 5400 ] 
           H         -1.0200000E-01
           C         -4.1600000E-01
           N         -2.8000000E-02
           O         -4.2600000E-01
           Na        -1.0000000E-03
           P         -7.0000000E-03
           S         -2.0000000E-03
           Cl        -2.0000000E-03
           K         -1.0000000E-03
           Ca        -1.4000000E-02
           Fe        -1.0000000E-03
MAT[ 5500 ] 
           H         -3.6000000E-02
           C         -1.5900000E-01
           N         -4.2000000E-02
           O         -4.4800000E-01
           Na        -3.0000000E-03
           Mg        -2.0000000E-03
           P         -9.4000000E-02
           S         -3.0000000E-03
           Ca        -2.1300000E-01
MAT[ 5600 ] 
           H         -1.0000000E-01
           C         -4.0300000E-01
           N         -2.8000000E-02
           O         -4.2900000E-01
           Na        -1.0000000E-03
           P         -1.1000000E-02
           S         -2.0000000E-03
           Cl        -2.0000000E-03
           K         -1.0000000E-03
           Ca        -2.2000000E-02
           Fe        -1.0000000E-03
MAT[ 5700 ] 
           H         -9.6000000E-02
           C         -9.9000000E-02
           N         -2.2000000E-02
           O         -7.4400000E-01
           Na        -5.0000000E-03
           P         -2.2000000E-02
           S         -9.0000000E-03
           Cl        -3.0000000E-03
MAT[ 5800 ] 
           H         -9.6000000E-02
           C         -9.9000000E-02
           N         -2.2000000E-02
           O         -7.4400000E-01
           Na        -5.0000000E-03
           P         -2.2000000E-02
           S         -9.0000000E-03
           Cl        -3.0000000E-03
MAT[ 6100 ] 
           H         -1.0700000E-01
           C         -1.4400000E-01
           N         -2.2000000E-02
           O         -7.1300000E-01
           Na        -2.0000000E-03
           P         -4.0000000E-03
           S         -2.0000000E-03
           Cl        -3.0000000E-03
           K         -3.0000000E-03
MAT[ 6200 ] 
           H         -1.1400000E-01
           C         -5.8600000E-01
           N         -8.0000000E-03
           O         -2.8900000E-01
           Na        -1.0000000E-03
           S         -1.0000000E-03
           Cl        -1.0000000E-03
MAT[ 6300 ] 
           H         -1.0600000E-01
           C         -3.2700000E-01
           N         -3.0000000E-02
           O         -5.3200000E-01
           Na        -1.0000000E-03
           P         -1.0000000E-03
           S         -2.0000000E-03
           Cl        -1.0000000E-03
MAT[ 6400 ] 
           H         -1.1400000E-01
           C         -5.8600000E-01
           N         -8.0000000E-03
           O         -2.8900000E-01
           Na        -1.0000000E-03
           S         -1.0000000E-03
           Cl        -1.0000000E-03
MAT[ 6500 ] 
           H         -1.0600000E-01
           C         -3.2700000E-01
           N         -3.0000000E-02
           O         -5.3200000E-01
           Na        -1.0000000E-03
           P         -1.0000000E-03
           S         -2.0000000E-03
           Cl        -1.0000000E-03
MAT[ 6600 ] 
           H         -9.6000000E-02
           C         -1.9500000E-01
           N         -5.7000000E-02
           O         -6.4600000E-01
           Na        -1.0000000E-03
           P         -1.0000000E-03
           S         -3.0000000E-03
           Cl        -1.0000000E-03
MAT[ 6601 ] 
           H         -9.6000000E-02
           C         -1.9500000E-01
           N         -5.7000000E-02
           O         -6.4600000E-01
           Na        -1.0000000E-03
           P         -1.0000000E-03
           S         -3.0000000E-03
           Cl        -1.0000000E-03
MAT[ 6700 ] 
           H         -1.0100000E-01
           C         -1.2600000E-01
           N         -3.7000000E-02
           O         -7.3100000E-01
           Na        -1.0000000E-03
           P         -1.0000000E-03
           S         -2.0000000E-03
           Cl        -1.0000000E-03
MAT[ 6701 ] 
           H         -1.1200000E-01
           C         -3.0000000E-03
           N         -1.0000000E-03
           O         -8.8400000E-01
MAT[ 6702 ] 
           H         -1.1200000E-01
           C         -3.0000000E-03
           N         -1.0000000E-03
           O         -8.8400000E-01
MAT[ 6800 ] 
           H         -9.6000000E-02
           C         -1.9500000E-01
           N         -5.7000000E-02
           O         -6.4600000E-01
           Na        -1.0000000E-03
           P         -1.0000000E-03
           S         -3.0000000E-03
           Cl        -1.0000000E-03
MAT[ 6801 ] 
           H         -9.6000000E-02
           C         -1.9500000E-01
           N         -5.7000000E-02
           O         -6.4600000E-01
           Na        -1.0000000E-03
           P         -1.0000000E-03
           S         -3.0000000E-03
           Cl        -1.0000000E-03
MAT[ 6900 ] 
           H         -1.0100000E-01
           C         -1.2600000E-01
           N         -3.7000000E-02
           O         -7.3100000E-01
           Na        -1.0000000E-03
           P         -1.0000000E-03
           S         -2.0000000E-03
           Cl        -1.0000000E-03
MAT[ 6901 ] 
           H         -1.1200000E-01
           C         -3.0000000E-03
           N         -1.0000000E-03
           O         -8.8400000E-01
MAT[ 6902 ] 
           H         -1.1200000E-01
           C         -3.0000000E-03
           N         -1.0000000E-03
           O         -8.8400000E-01
MAT[ 7000 ] 
           H         -1.0500000E-01
           C         -2.5200000E-01
           N         -2.7000000E-02
           O         -6.0600000E-01
           Na        -1.0000000E-03
           P         -2.0000000E-03
           S         -3.0000000E-03
           Cl        -2.0000000E-03
           K         -2.0000000E-03
MAT[ 7100 ] 
           H         -1.0500000E-01
           C         -2.5600000E-01
           N         -2.7000000E-02
           O         -6.0200000E-01
           Na        -1.0000000E-03
           P         -2.0000000E-03
           S         -3.0000000E-03
           Cl        -2.0000000E-03
           K         -2.0000000E-03
MAT[ 7200 ] 
           H         -1.0600000E-01
           C         -1.1400000E-01
           N         -2.4000000E-02
           O         -7.5000000E-01
           Na        -1.0000000E-03
           P         -1.0000000E-03
           S         -1.0000000E-03
           Cl        -2.0000000E-03
           K         -1.0000000E-03
MAT[ 7201 ] 
           H         -1.0600000E-01
           C         -1.1400000E-01
           N         -2.4000000E-02
           O         -7.5000000E-01
           Na        -1.0000000E-03
           P         -1.0000000E-03
           S         -1.0000000E-03
           Cl        -2.0000000E-03
           K         -1.0000000E-03
MAT[ 7202 ] 
           H         -1.0600000E-01
           C         -1.1400000E-01
           N         -2.4000000E-02
           O         -7.5000000E-01
           Na        -1.0000000E-03
           P         -1.0000000E-03
           S         -1.0000000E-03
           Cl        -2.0000000E-03
           K         -1.0000000E-03
MAT[ 7203 ] 
           H         -1.0600000E-01
           C         -1.1400000E-01
           N         -2.4000000E-02
           O         -7.5000000E-01
           Na        -1.0000000E-03
           P         -1.0000000E-03
           S         -1.0000000E-03
           Cl        -2.0000000E-03
           K         -1.0000000E-03
MAT[ 7300 ] 
           H         -1.0000000E-01
           C         -2.2200000E-01
           N         -2.2000000E-02
           O         -6.4400000E-01
           Na        -1.0000000E-03
           P         -2.0000000E-03
           S         -3.0000000E-03
           Cl        -1.0000000E-03
           K         -4.0000000E-03
           Ca        -1.0000000E-03
MAT[ 7400 ] 
           H         -1.0500000E-01
           C         -1.1400000E-01
           N         -2.5000000E-02
           O         -7.5000000E-01
           Na        -1.0000000E-03
           P         -1.0000000E-03
           S         -1.0000000E-03
           Cl        -2.0000000E-03
           K         -1.0000000E-03
MAT[ 7401 ] 
           H         -1.0500000E-01
           C         -1.1400000E-01
           N         -2.5000000E-02
           O         -7.5000000E-01
           Na        -1.0000000E-03
           P         -1.0000000E-03
           S         -1.0000000E-03
           Cl        -2.0000000E-03
           K         -1.0000000E-03
MAT[ 7402 ] 
           H         -1.0500000E-01
           C         -1.1400000E-01
           N         -2.5000000E-02
           O         -7.5000000E-01
           Na        -1.0000000E-03
           P         -1.0000000E-03
           S         -1.0000000E-03
           Cl        -2.0000000E-03
           K         -1.0000000E-03
MAT[ 7403 ] 
           H         -1.0500000E-01
           C         -1.1400000E-01
           N         -2.5000000E-02
           O         -7.5000000E-01
           Na        -1.0000000E-03
           P         -1.0000000E-03
           S         -1.0000000E-03
           Cl        -2.0000000E-03
           K         -1.0000000E-03
MAT[ 7500 ] 
           H         -1.0000000E-01
           C         -2.2200000E-01
           N         -2.2000000E-02
           O         -6.4400000E-01
           Na        -1.0000000E-03
           P         -2.0000000E-03
           S         -3.0000000E-03
           Cl        -1.0000000E-03
           K         -4.0000000E-03
           Ca        -1.0000000E-03
MAT[ 7501 ] 
           H         -1.0000000E-01
           C         -2.2200000E-01
           N         -2.2000000E-02
           O         -6.4400000E-01
           Na        -1.0000000E-03
           P         -2.0000000E-03
           S         -3.0000000E-03
           Cl        -1.0000000E-03
           K         -4.0000000E-03
           Ca        -1.0000000E-03
MAT[ 7600 ] 
           H         -1.0500000E-01
           C         -1.1400000E-01
           N         -2.5000000E-02
           O         -7.5000000E-01
           Na        -1.0000000E-03
           P         -1.0000000E-03
           S         -1.0000000E-03
           Cl        -2.0000000E-03
           K         -1.0000000E-03
MAT[ 7601 ] 
           H         -1.0500000E-01
           C         -1.1400000E-01
           N         -2.5000000E-02
           O         -7.5000000E-01
           Na        -1.0000000E-03
           P         -1.0000000E-03
           S         -1.0000000E-03
           Cl        -2.0000000E-03
           K         -1.0000000E-03
MAT[ 7602 ] 
           H         -1.0500000E-01
           C         -1.1400000E-01
           N         -2.5000000E-02
           O         -7.5000000E-01
           Na        -1.0000000E-03
           P         -1.0000000E-03
           S         -1.0000000E-03
           Cl        -2.0000000E-03
           K         -1.0000000E-03
MAT[ 7700 ] 
           H         -1.0000000E-01
           C         -2.2200000E-01
           N         -2.2000000E-02
           O         -6.4400000E-01
           Na        -1.0000000E-03
           P         -2.0000000E-03
           S         -3.0000000E-03
           Cl        -1.0000000E-03
           K         -4.0000000E-03
           Ca        -1.0000000E-03
MAT[ 7800 ] 
           H         -1.0500000E-01
           C         -1.1400000E-01
           N         -2.5000000E-02
           O         -7.5000000E-01
           Na        -1.0000000E-03
           P         -1.0000000E-03
           S         -1.0000000E-03
           Cl        -2.0000000E-03
           K         -1.0000000E-03
MAT[ 7801 ] 
           H         -1.0500000E-01
           C         -1.1400000E-01
           N         -2.5000000E-02
           O         -7.5000000E-01
           Na        -1.0000000E-03
           P         -1.0000000E-03
           S         -1.0000000E-03
           Cl        -2.0000000E-03
           K         -1.0000000E-03
MAT[ 7802 ] 
           H         -1.0500000E-01
           C         -1.1400000E-01
           N         -2.5000000E-02
           O         -7.5000000E-01
           Na        -1.0000000E-03
           P         -1.0000000E-03
           S         -1.0000000E-03
           Cl        -2.0000000E-03
           K         -1.0000000E-03
MAT[ 7900 ] 
           H         -1.0000000E-01
           C         -2.2200000E-01
           N         -2.2000000E-02
           O         -6.4400000E-01
           Na        -1.0000000E-03
           P         -2.0000000E-03
           S         -3.0000000E-03
           Cl        -1.0000000E-03
           K         -4.0000000E-03
           Ca        -1.0000000E-03
MAT[ 8000 ] 
           H         -1.0500000E-01
           C         -1.1400000E-01
           N         -2.5000000E-02
           O         -7.5000000E-01
           Na        -1.0000000E-03
           P         -1.0000000E-03
           S         -1.0000000E-03
           Cl        -2.0000000E-03
           K         -1.0000000E-03
MAT[ 8001 ] 
           H         -1.0500000E-01
           C         -1.1400000E-01
           N         -2.5000000E-02
           O         -7.5000000E-01
           Na        -1.0000000E-03
           P         -1.0000000E-03
           S         -1.0000000E-03
           Cl        -2.0000000E-03
           K         -1.0000000E-03
MAT[ 8002 ] 
           H         -1.0500000E-01
           C         -1.1400000E-01
           N         -2.5000000E-02
           O         -7.5000000E-01
           Na        -1.0000000E-03
           P         -1.0000000E-03
           S         -1.0000000E-03
           Cl        -2.0000000E-03
           K         -1.0000000E-03
MAT[ 8100 ] 
           H         -1.0000000E-01
           C         -2.2200000E-01
           N         -2.2000000E-02
           O         -6.4400000E-01
           Na        -1.0000000E-03
           P         -2.0000000E-03
           S         -3.0000000E-03
           Cl        -1.0000000E-03
           K         -4.0000000E-03
           Ca        -1.0000000E-03
MAT[ 8200 ] 
           H         -1.0500000E-01
           C         -1.1400000E-01
           N         -2.5000000E-02
           O         -7.5000000E-01
           Na        -1.0000000E-03
           P         -1.0000000E-03
           S         -1.0000000E-03
           Cl        -2.0000000E-03
           K         -1.0000000E-03
MAT[ 8201 ] 
           H         -1.0500000E-01
           C         -1.1400000E-01
           N         -2.5000000E-02
           O         -7.5000000E-01
           Na        -1.0000000E-03
           P         -1.0000000E-03
           S         -1.0000000E-03
           Cl        -2.0000000E-03
           K         -1.0000000E-03
MAT[ 8202 ] 
           H         -1.0500000E-01
           C         -1.1400000E-01
           N         -2.5000000E-02
           O         -7.5000000E-01
           Na        -1.0000000E-03
           P         -1.0000000E-03
           S         -1.0000000E-03
           Cl        -2.0000000E-03
           K         -1.0000000E-03
MAT[ 8300 ] 
           H         -1.0000000E-01
           C         -2.2200000E-01
           N         -2.2000000E-02
           O         -6.4400000E-01
           Na        -1.0000000E-03
           P         -2.0000000E-03
           S         -3.0000000E-03
           Cl        -1.0000000E-03
           K         -4.0000000E-03
           Ca        -1.0000000E-03
MAT[ 8400 ] 
           H         -1.0500000E-01
           C         -1.1400000E-01
           N         -2.5000000E-02
           O         -7.5000000E-01
           Na        -1.0000000E-03
           P         -1.0000000E-03
           S         -1.0000000E-03
           Cl        -2.0000000E-03
           K         -1.0000000E-03
MAT[ 8401 ] 
           H         -1.0500000E-01
           C         -1.1400000E-01
           N         -2.5000000E-02
           O         -7.5000000E-01
           Na        -1.0000000E-03
           P         -1.0000000E-03
           S         -1.0000000E-03
           Cl        -2.0000000E-03
           K         -1.0000000E-03
MAT[ 8402 ] 
           H         -1.0500000E-01
           C         -1.1400000E-01
           N         -2.5000000E-02
           O         -7.5000000E-01
           Na        -1.0000000E-03
           P         -1.0000000E-03
           S         -1.0000000E-03
           Cl        -2.0000000E-03
           K         -1.0000000E-03
MAT[ 8500 ] 
           H         -1.0000000E-01
           C         -2.2200000E-01
           N         -2.2000000E-02
           O         -6.4400000E-01
           Na        -1.0000000E-03
           P         -2.0000000E-03
           S         -3.0000000E-03
           Cl        -1.0000000E-03
           K         -4.0000000E-03
           Ca        -1.0000000E-03
MAT[ 8600 ] 
           H         -1.0500000E-01
           C         -1.1400000E-01
           N         -2.5000000E-02
           O         -7.5000000E-01
           Na        -1.0000000E-03
           P         -1.0000000E-03
           S         -1.0000000E-03
           Cl        -2.0000000E-03
           K         -1.0000000E-03
MAT[ 8700 ] 
           H         -1.0400000E-01
           C         -1.3500000E-01
           N         -2.9000000E-02
           O         -7.2200000E-01
           Na        -1.0000000E-03
           P         -2.0000000E-03
           S         -2.0000000E-03
           Cl        -2.0000000E-03
           K         -3.0000000E-03
MAT[ 8800 ] 
           H         -1.0200000E-01
           C         -1.1000000E-01
           N         -3.3000000E-02
           O         -7.4500000E-01
           Na        -1.0000000E-03
           P         -1.0000000E-03
           S         -2.0000000E-03
           Cl        -3.0000000E-03
           K         -2.0000000E-03
           Fe        -1.0000000E-03
MAT[ 8900 ] 
           H         -1.0300000E-01
           C         -1.2700000E-01
           N         -3.0000000E-02
           O         -7.2900000E-01
           Na        -2.0000000E-03
           P         -2.0000000E-03
           S         -2.0000000E-03
           Cl        -2.0000000E-03
           K         -2.0000000E-03
           Ca        -1.0000000E-03
MAT[ 9000 ] 
           H         -1.0300000E-01
           C         -1.2700000E-01
           N         -3.0000000E-02
           O         -7.2900000E-01
           Na        -2.0000000E-03
           P         -2.0000000E-03
           S         -2.0000000E-03
           Cl        -2.0000000E-03
           K         -2.0000000E-03
           Ca        -1.0000000E-03
MAT[ 9100 ] 
           H         -1.0300000E-01
           C         -1.2700000E-01
           N         -3.0000000E-02
           O         -7.2900000E-01
           Na        -2.0000000E-03
           P         -2.0000000E-03
           S         -2.0000000E-03
           Cl        -2.0000000E-03
           K         -2.0000000E-03
           Ca        -1.0000000E-03
MAT[ 9200 ] 
           H         -1.0300000E-01
           C         -1.2700000E-01
           N         -3.0000000E-02
           O         -7.2900000E-01
           Na        -2.0000000E-03
           P         -2.0000000E-03
           S         -2.0000000E-03
           Cl        -2.0000000E-03
           K         -2.0000000E-03
           Ca        -1.0000000E-03
MAT[ 9300 ] 
           H         -1.0300000E-01
           C         -1.2700000E-01
           N         -3.0000000E-02
           O         -7.2900000E-01
           Na        -2.0000000E-03
           P         -2.0000000E-03
           S         -2.0000000E-03
           Cl        -2.0000000E-03
           K         -2.0000000E-03
           Ca        -1.0000000E-03
MAT[ 9400 ] 
           H         -1.0300000E-01
           C         -1.2700000E-01
           N         -3.0000000E-02
           O         -7.2900000E-01
           Na        -2.0000000E-03
           P         -2.0000000E-03
           S         -2.0000000E-03
           Cl        -2.0000000E-03
           K         -2.0000000E-03
           Ca        -1.0000000E-03
MAT[ 9500 ] 
           H         -1.0200000E-01
           C         -1.3200000E-01
           N         -3.1000000E-02
           O         -7.2300000E-01
           Na        -2.0000000E-03
           P         -2.0000000E-03
           S         -3.0000000E-03
           Cl        -2.0000000E-03
           K         -3.0000000E-03
MAT[ 9700 ] 
           H         -1.0200000E-01
           C         -1.0800000E-01
           N         -3.2000000E-02
           O         -7.4800000E-01
           Na        -1.0000000E-03
           P         -1.0000000E-03
           S         -2.0000000E-03
           Cl        -3.0000000E-03
           K         -2.0000000E-03
           Fe        -1.0000000E-03
MAT[ 9900 ] 
           H         -1.0200000E-01
           C         -1.0800000E-01
           N         -3.2000000E-02
           O         -7.4800000E-01
           Na        -1.0000000E-03
           P         -1.0000000E-03
           S         -2.0000000E-03
           Cl        -3.0000000E-03
           K         -2.0000000E-03
           Fe        -1.0000000E-03
MAT[ 10000 ] 
           H         -1.0800000E-01
           C         -4.5000000E-02
           N         -1.2000000E-02
           O         -8.2700000E-01
           Na        -3.0000000E-03
           S         -1.0000000E-03
           Cl        -4.0000000E-03
MAT[ 10100 ] 
           H         -1.0800000E-01
           C         -4.5000000E-02
           N         -1.2000000E-02
           O         -8.2700000E-01
           Na        -3.0000000E-03
           S         -1.0000000E-03
           Cl        -4.0000000E-03
MAT[ 10200 ] 
           H         -1.0800000E-01
           C         -4.5000000E-02
           N         -1.2000000E-02
           O         -8.2700000E-01
           Na        -3.0000000E-03
           S         -1.0000000E-03
           Cl        -4.0000000E-03
MAT[ 10300 ] 
           H         -1.0800000E-01
           C         -4.5000000E-02
           N         -1.2000000E-02
           O         -8.2700000E-01
           Na        -3.0000000E-03
           S         -1.0000000E-03
           Cl        -4.0000000E-03
MAT[ 10400 ] 
           H         -1.0800000E-01
           C         -4.5000000E-02
           N         -1.2000000E-02
           O         -8.2700000E-01
           Na        -3.0000000E-03
           S         -1.0000000E-03
           Cl        -4.0000000E-03
MAT[ 10500 ] 
           H         -1.0800000E-01
           C         -4.5000000E-02
           N         -1.2000000E-02
           O         -8.2700000E-01
           Na        -3.0000000E-03
           S         -1.0000000E-03
           Cl        -4.0000000E-03
MAT[ 10600 ] 
           H         -1.0200000E-01
           C         -1.4200000E-01
           N         -3.4000000E-02
           O         -7.1100000E-01
           Na        -1.0000000E-03
           P         -2.0000000E-03
           S         -3.0000000E-03
           Cl        -1.0000000E-03
           K         -4.0000000E-03
MAT[ 10700 ] 
           H         -1.0200000E-01
           C         -1.4200000E-01
           N         -3.4000000E-02
           O         -7.1100000E-01
           Na        -1.0000000E-03
           P         -2.0000000E-03
           S         -3.0000000E-03
           Cl        -1.0000000E-03
           K         -4.0000000E-03
MAT[ 10800 ] 
           H         -1.0200000E-01
           C         -1.4200000E-01
           N         -3.4000000E-02
           O         -7.1100000E-01
           Na        -1.0000000E-03
           P         -2.0000000E-03
           S         -3.0000000E-03
           Cl        -1.0000000E-03
           K         -4.0000000E-03
MAT[ 10900 ] 
           H         -1.0200000E-01
           C         -1.4200000E-01
           N         -3.4000000E-02
           O         -7.1100000E-01
           Na        -1.0000000E-03
           P         -2.0000000E-03
           S         -3.0000000E-03
           Cl        -1.0000000E-03
           K         -4.0000000E-03
MAT[ 11000 ] 
           H         -1.0500000E-01
           C         -2.2800000E-01
           N         -2.8000000E-02
           O         -6.2900000E-01
           Na        -1.0000000E-03
           P         -2.0000000E-03
           S         -3.0000000E-03
           Cl        -2.0000000E-03
           K         -2.0000000E-03
MAT[ 11001 ] 
           H         -1.0500000E-01
           C         -2.2800000E-01
           N         -2.8000000E-02
           O         -6.2900000E-01
           Na        -1.0000000E-03
           P         -2.0000000E-03
           S         -3.0000000E-03
           Cl        -2.0000000E-03
           K         -2.0000000E-03
MAT[ 11002 ] 
           H         -1.0500000E-01
           C         -2.2800000E-01
           N         -2.8000000E-02
           O         -6.2900000E-01
           Na        -1.0000000E-03
           P         -2.0000000E-03
           S         -3.0000000E-03
           Cl        -2.0000000E-03
           K         -2.0000000E-03
MAT[ 11003 ] 
           H         -1.0000000E-01
           C         -2.2200000E-01
           N         -2.2000000E-02
           O         -6.4400000E-01
           Na        -1.0000000E-03
           P         -2.0000000E-03
           S         -3.0000000E-03
           Cl        -1.0000000E-03
           K         -4.0000000E-03
           Ca        -1.0000000E-03
MAT[ 11100 ] 
           H         -1.0500000E-01
           C         -9.5000000E-02
           N         -2.5000000E-02
           O         -7.6500000E-01
           Na        -2.0000000E-03
           P         -2.0000000E-03
           S         -2.0000000E-03
           Cl        -2.0000000E-03
           K         -2.0000000E-03
MAT[ 11200 ] 
           H         -1.0500000E-01
           C         -9.5000000E-02
           N         -2.5000000E-02
           O         -7.6500000E-01
           Na        -2.0000000E-03
           P         -2.0000000E-03
           S         -2.0000000E-03
           Cl        -2.0000000E-03
           K         -2.0000000E-03
MAT[ 11300 ] 
           H         -1.0500000E-01
           C         -1.5900000E-01
           N         -2.4000000E-02
           O         -7.0300000E-01
           Na        -2.0000000E-03
           P         -2.0000000E-03
           S         -1.0000000E-03
           Cl        -2.0000000E-03
           K         -2.0000000E-03
MAT[ 11400 ] 
           H         -1.0500000E-01
           C         -2.5200000E-01
           N         -2.7000000E-02
           O         -6.0600000E-01
           Na        -1.0000000E-03
           P         -2.0000000E-03
           S         -3.0000000E-03
           Cl        -2.0000000E-03
           K         -2.0000000E-03
MAT[ 11600 ] 
           H         -1.1200000E-01
           C         -5.4500000E-01
           N         -1.0000000E-02
           O         -3.2900000E-01
           Na        -1.0000000E-03
           P         -1.0000000E-03
           S         -1.0000000E-03
           Cl        -1.0000000E-03
MAT[ 11700 ] 
           H         -1.1200000E-01
           C         -5.4500000E-01
           N         -1.0000000E-02
           O         -3.2900000E-01
           Na        -1.0000000E-03
           P         -1.0000000E-03
           S         -1.0000000E-03
           Cl        -1.0000000E-03
MAT[ 11800 ] 
           H         -1.1200000E-01
           C         -5.4500000E-01
           N         -1.0000000E-02
           O         -3.2900000E-01
           Na        -1.0000000E-03
           P         -1.0000000E-03
           S         -1.0000000E-03
           Cl        -1.0000000E-03
MAT[ 11900 ] 
           H         -1.1200000E-01
           C         -5.4500000E-01
           N         -1.0000000E-02
           O         -3.2900000E-01
           Na        -1.0000000E-03
           P         -1.0000000E-03
           S         -1.0000000E-03
           Cl        -1.0000000E-03
MAT[ 12000 ] 
           H         -1.0500000E-01
           C         -2.5200000E-01
           N         -2.7000000E-02
           O         -6.0600000E-01
           Na        -1.0000000E-03
           P         -2.0000000E-03
           S         -3.0000000E-03
           Cl        -2.0000000E-03
           K         -2.0000000E-03
MAT[ 12100 ] 
           H         -1.0500000E-01
           C         -2.5200000E-01
           N         -2.7000000E-02
           O         -6.0600000E-01
           Na        -1.0000000E-03
           P         -2.0000000E-03
           S         -3.0000000E-03
           Cl        -2.0000000E-03
           K         -2.0000000E-03
MAT[ 12200 ] 
           H         -1.0000000E-01
           C         -1.9900000E-01
           N         -4.2000000E-02
           O         -6.5000000E-01
           Na        -2.0000000E-03
           P         -1.0000000E-03
           S         -2.0000000E-03
           Cl        -3.0000000E-03
           K         -1.0000000E-03
MAT[ 12201 ] 
           H         -1.0000000E-01
           C         -1.9900000E-01
           N         -4.2000000E-02
           O         -6.5000000E-01
           Na        -2.0000000E-03
           P         -1.0000000E-03
           S         -2.0000000E-03
           Cl        -3.0000000E-03
           K         -1.0000000E-03
MAT[ 12300 ] 
           H         -1.0000000E-01
           C         -1.9900000E-01
           N         -4.2000000E-02
           O         -6.5000000E-01
           Na        -2.0000000E-03
           P         -1.0000000E-03
           S         -2.0000000E-03
           Cl        -3.0000000E-03
           K         -1.0000000E-03
MAT[ 12301 ] 
           H         -1.0000000E-01
           C         -1.9900000E-01
           N         -4.2000000E-02
           O         -6.5000000E-01
           Na        -2.0000000E-03
           P         -1.0000000E-03
           S         -2.0000000E-03
           Cl        -3.0000000E-03
           K         -1.0000000E-03
MAT[ 12400 ] 
           H         -1.0000000E-01
           C         -1.9900000E-01
           N         -4.2000000E-02
           O         -6.5000000E-01
           Na        -2.0000000E-03
           P         -1.0000000E-03
           S         -2.0000000E-03
           Cl        -3.0000000E-03
           K         -1.0000000E-03
MAT[ 12401 ] 
           H         -1.0000000E-01
           C         -1.9900000E-01
           N         -4.2000000E-02
           O         -6.5000000E-01
           Na        -2.0000000E-03
           P         -1.0000000E-03
           S         -2.0000000E-03
           Cl        -3.0000000E-03
           K         -1.0000000E-03
MAT[ 12500 ] 
           H         -1.0000000E-01
           C         -1.9900000E-01
           N         -4.2000000E-02
           O         -6.5000000E-01
           Na        -2.0000000E-03
           P         -1.0000000E-03
           S         -2.0000000E-03
           Cl        -3.0000000E-03
           K         -1.0000000E-03
MAT[ 12501 ] 
           H         -1.0000000E-01
           C         -1.9900000E-01
           N         -4.2000000E-02
           O         -6.5000000E-01
           Na        -2.0000000E-03
           P         -1.0000000E-03
           S         -2.0000000E-03
           Cl        -3.0000000E-03
           K         -1.0000000E-03
MAT[ 12600 ] 
           H         -1.0500000E-01
           C         -2.5200000E-01
           N         -2.7000000E-02
           O         -6.0600000E-01
           Na        -1.0000000E-03
           P         -2.0000000E-03
           S         -3.0000000E-03
           Cl        -2.0000000E-03
           K         -2.0000000E-03
MAT[ 12700 ] 
           H         -1.0300000E-01
           C         -1.1200000E-01
           N         -3.2000000E-02
           O         -7.4200000E-01
           Na        -1.0000000E-03
           P         -3.0000000E-03
           S         -2.0000000E-03
           Cl        -2.0000000E-03
           K         -3.0000000E-03
MAT[ 12800 ] 
           H         -2.3000000E-02
           C         -9.5000000E-02
           N         -2.9000000E-02
           O         -4.2600000E-01
           Mg        -7.0000000E-03
           P         -1.3500000E-01
           Ca        -2.8500000E-01
MAT[ 12801 ] 
           H         -1.0000000E-01
           C         -2.2200000E-01
           N         -2.2000000E-02
           O         -6.4400000E-01
           Na        -1.0000000E-03
           P         -2.0000000E-03
           S         -3.0000000E-03
           Cl        -1.0000000E-03
           K         -4.0000000E-03
           Ca        -1.0000000E-03
MAT[ 13100 ] 
           H         -1.0500000E-01
           C         -2.5200000E-01
           N         -2.7000000E-02
           O         -6.0600000E-01
           Na        -1.0000000E-03
           P         -2.0000000E-03
           S         -3.0000000E-03
           Cl        -2.0000000E-03
           K         -2.0000000E-03
MAT[ 13200 ] 
           H         -1.0400000E-01
           C         -1.1800000E-01
           N         -2.5000000E-02
           O         -7.4500000E-01
           Na        -2.0000000E-03
           P         -1.0000000E-03
           S         -1.0000000E-03
           Cl        -2.0000000E-03
           K         -1.0000000E-03
           I         -1.0000000E-03
MAT[ 13300 ] 
           H         -1.0200000E-01
           C         -1.4200000E-01
           N         -3.4000000E-02
           O         -7.1100000E-01
           Na        -1.0000000E-03
           P         -2.0000000E-03
           S         -3.0000000E-03
           Cl        -1.0000000E-03
           K         -4.0000000E-03
MAT[ 13301 ] 
           H         -1.0200000E-01
           C         -1.4200000E-01
           N         -3.4000000E-02
           O         -7.1100000E-01
           Na        -1.0000000E-03
           P         -2.0000000E-03
           S         -3.0000000E-03
           Cl        -1.0000000E-03
           K         -4.0000000E-03
MAT[ 13400 ] 
           H         -1.0500000E-01
           C         -2.5200000E-01
           N         -2.7000000E-02
           O         -6.0600000E-01
           Na        -1.0000000E-03
           P         -2.0000000E-03
           S         -3.0000000E-03
           Cl        -2.0000000E-03
           K         -2.0000000E-03
MAT[ 13500 ] 
           H         -1.0500000E-01
           C         -2.5200000E-01
           N         -2.7000000E-02
           O         -6.0600000E-01
           Na        -1.0000000E-03
           P         -2.0000000E-03
           S         -3.0000000E-03
           Cl        -2.0000000E-03
           K         -2.0000000E-03
MAT[ 13600 ] 
           H         -1.0500000E-01
           C         -2.5200000E-01
           N         -2.7000000E-02
           O         -6.0600000E-01
           Na        -1.0000000E-03
           P         -2.0000000E-03
           S         -3.0000000E-03
           Cl        -2.0000000E-03
           K         -2.0000000E-03
MAT[ 13700 ] 
           H         -1.0500000E-01
           C         -9.6000000E-02
           N         -2.6000000E-02
           O         -7.6100000E-01
           Na        -2.0000000E-03
           P         -2.0000000E-03
           S         -2.0000000E-03
           Cl        -3.0000000E-03
           K         -3.0000000E-03
MAT[ 13701 ] 
           H         -1.0500000E-01
           C         -9.6000000E-02
           N         -2.6000000E-02
           O         -7.6100000E-01
           Na        -2.0000000E-03
           P         -2.0000000E-03
           S         -2.0000000E-03
           Cl        -3.0000000E-03
           K         -3.0000000E-03
MAT[ 13800 ] 
           H         -1.0700000E-01
           C         -3.0000000E-03
           N         -1.0000000E-02
           O         -8.7300000E-01
           Na        -4.0000000E-03
           P         -1.0000000E-03
           K         -2.0000000E-03
MAT[ 13900 ] 
           H         -1.0600000E-01
           C         -3.1000000E-01
           N         -2.4000000E-02
           O         -5.5200000E-01
           Na        -1.0000000E-03
           P         -2.0000000E-03
           S         -2.0000000E-03
           Cl        -1.0000000E-03
           K         -2.0000000E-03
MAT[ 14000 ] 
           N         -8.0000000E-01
           O         -2.0000000E-01

[ Cell ]
 1           0                 -20  u=15000  lat=3 
                              tfile=../phantoms/MRCP-AF
 2           0                 -10  fill=15000
 3           0                 -20 10 
 4           0                 -90 20 
 5          -1                 90 
 100       100 -1.0350000E+00  -90  u=100  vol=6.5860223745 
 200       200 -1.0350000E+00  -90  u=200  vol=8.3560907999 
 300       300 -1.0310000E+00  -90  u=300  vol=0.0083071216 
 301       301 -1.0310000E+00  -90  u=301  vol=0.0335120084 
 302       302 -1.0310000E+00  -90  u=302  vol=0.0105656479 
 303       303 -1.0310000E+00  -90  u=303  vol=4.2430444590 
 400       400 -1.0000000E+00  -90  u=400  vol=0.1041581236 
 401       401 -1.0310000E+00  -90  u=401  vol=0.2792021263 
 402       402 -1.0310000E+00  -90  u=402  vol=0.0701327051 
 403       403 -1.0310000E+00  -90  u=403  vol=0.0351422639 
 404       404 -1.0310000E+00  -90  u=404  vol=0.0703011119 
 405       405 -1.0310000E+00  -90  u=405  vol=13.7539583151 
 500       500 -1.0500000E+00  -90  u=500  vol=0.0629945782 
 501       501 -1.0500000E+00  -90  u=501  vol=0.0153500757 
 600       600 -1.0500000E+00  -90  u=600  vol=0.0179283414 
 700       700 -1.0310000E+00  -90  u=700  vol=7.9545323172 
 800       800 -1.0000000E+00  -90  u=800  vol=0.0102339567 
 801       801 -1.0310000E+00  -90  u=801  vol=0.0122541229 
 802       802 -1.0310000E+00  -90  u=802  vol=0.0204685170 
 803       803 -1.0310000E+00  -90  u=803  vol=0.0514337142 
 804       804 -1.0310000E+00  -90  u=804  vol=0.0103305609 
 805       805 -1.0310000E+00  -90  u=805  vol=0.0207060184 
 806       806 -1.0310000E+00  -90  u=806  vol=0.0207663154 
 807       807 -1.0310000E+00  -90  u=807  vol=0.0208242128 
 808       808 -1.0310000E+00  -90  u=808  vol=1.1435583064 
 900       900 -1.0600000E+00  -90  u=900  vol=1.8010832928 
 910       910 -1.0600000E+00  -90  u=910  vol=2.8369693592 
 1000     1000 -1.0600000E+00  -90  u=1000  vol=111.1977623577 
 1010     1010 -1.0600000E+00  -90  u=1010  vol=226.2546205137 
 1100     1100 -1.0600000E+00  -90  u=1100  vol=43.6925492095 
 1110     1110 -1.0600000E+00  -90  u=1110  vol=131.5951465122 
 1200     1200 -1.0600000E+00  -90  u=1200  vol=75.3839855207 
 1210     1210 -1.0600000E+00  -90  u=1210  vol=335.5026942990 
 1300     1300 -1.9040000E+00  -90  u=1300  vol=59.7045298610 
 1400     1400 -1.1850000E+00  -90  u=1400  vol=90.9008314403 
 1500     1500 -9.8100000E-01  -90  u=1500  vol=20.9135931438 
 1600     1600 -1.9040000E+00  -90  u=1600  vol=54.2540047890 
 1700     1700 -1.1170000E+00  -90  u=1700  vol=44.9991958759 
 1800     1800 -9.8100000E-01  -90  u=1800  vol=20.8897262862 
 1900     1900 -1.9040000E+00  -90  u=1900  vol=82.3047587428 
 2000     2000 -1.1170000E+00  -90  u=2000  vol=77.7822417184 
 2100     2100 -9.8100000E-01  -90  u=2100  vol=34.7280333069 
 2200     2200 -1.9040000E+00  -90  u=2200  vol=55.2161493399 
 2300     2300 -1.1170000E+00  -90  u=2300  vol=62.0950986212 
 2400     2400 -1.9040000E+00  -90  u=2400  vol=17.2401524356 
 2500     2500 -1.1920000E+00  -90  u=2500  vol=32.5488427599 
 2600     2600 -1.9040000E+00  -90  u=2600  vol=214.1124068256 
 2700     2700 -1.2520000E+00  -90  u=2700  vol=312.5490939141 
 2800     2800 -1.9040000E+00  -90  u=2800  vol=128.2175847402 
 2900     2900 -1.0460000E+00  -90  u=2900  vol=222.5660326962 
 3000     3000 -9.8100000E-01  -90  u=3000  vol=40.2816890842 
 3100     3100 -1.9040000E+00  -90  u=3100  vol=126.5385580261 
 3200     3200 -1.1170000E+00  -90  u=3200  vol=148.9110962176 
 3300     3300 -9.8100000E-01  -90  u=3300  vol=57.8614950362 
 3400     3400 -1.9040000E+00  -90  u=3400  vol=286.1582063145 
 3500     3500 -1.1170000E+00  -90  u=3500  vol=500.0260957593 
 3600     3600 -9.8100000E-01  -90  u=3600  vol=90.6049209980 
 3700     3700 -1.9040000E+00  -90  u=3700  vol=91.1112116695 
 3800     3800 -1.1170000E+00  -90  u=3800  vol=230.4843909116 
 3900     3900 -1.9040000E+00  -90  u=3900  vol=23.8414390098 
 4000     4000 -1.1890000E+00  -90  u=4000  vol=28.1570706953 
 4100     4100 -1.9040000E+00  -90  u=4100  vol=137.8439435079 
 4200     4200 -1.1050000E+00  -90  u=4200  vol=412.3064093206 
 4300     4300 -1.9040000E+00  -90  u=4300  vol=86.3957078237 
 4400     4400 -1.0870000E+00  -90  u=4400  vol=255.1286935121 
 4500     4500 -1.9040000E+00  -90  u=4500  vol=63.8993676951 
 4600     4600 -1.1250000E+00  -90  u=4600  vol=85.9823456034 
 4700     4700 -1.9040000E+00  -90  u=4700  vol=37.6032017100 
 4800     4800 -1.1290000E+00  -90  u=4800  vol=66.9629936864 
 4900     4900 -1.9040000E+00  -90  u=4900  vol=108.1028359891 
 5000     5000 -1.0800000E+00  -90  u=5000  vol=251.7736060876 
 5100     5100 -1.9040000E+00  -90  u=5100  vol=82.0246439694 
 5200     5200 -1.1650000E+00  -90  u=5200  vol=227.4468467613 
 5300     5300 -1.9040000E+00  -90  u=5300  vol=42.1430979732 
 5400     5400 -1.0520000E+00  -90  u=5400  vol=147.1860118577 
 5500     5500 -1.9040000E+00  -90  u=5500  vol=0.8851345841 
 5600     5600 -1.0730000E+00  -90  u=5600  vol=47.8536445489 
 5700     5700 -1.0990000E+00  -90  u=5700  vol=38.1793209443 
 5800     5800 -1.0990000E+00  -90  u=5800  vol=63.1033339146 
 6100     6100 -1.0410000E+00  -90  u=6100  vol=1296.4150945482 
 6200     6200 -9.5200000E-01  -90  u=6200  vol=161.4110355230 
 6300     6300 -1.0210000E+00  -90  u=6300  vol=100.3834085430 
 6400     6400 -9.5200000E-01  -90  u=6400  vol=161.4110331302 
 6500     6500 -1.0210000E+00  -90  u=6500  vol=100.3834097851 
 6600     6600 -1.0600000E+00  -90  u=6600  vol=0.0366882055 
 6601     6601 -1.0600000E+00  -90  u=6601  vol=0.1785571388 
 6700     6700 -1.0870000E+00  -90  u=6700  vol=1.0120772916 
 6701     6701 -1.0140000E+00  -90  u=6701  vol=0.3000699335 
 6702     6702 -1.0190000E+00  -90  u=6702  vol=5.9379179177 
 6800     6800 -1.0600000E+00  -90  u=6800  vol=0.0366880338 
 6801     6801 -1.0600000E+00  -90  u=6801  vol=0.1785572283 
 6900     6900 -1.0870000E+00  -90  u=6900  vol=1.0120734173 
 6901     6901 -1.0140000E+00  -90  u=6901  vol=0.3000698431 
 6902     6902 -1.0190000E+00  -90  u=6902  vol=5.9379202648 
 7000     7000 -1.0310000E+00  -90  u=7000  vol=7.9545280582 
 7100     7100 -1.0300000E+00  -90  u=7100  vol=46.6019402504 
 7200     7200 -1.0360000E+00  -90  u=7200  vol=1.5067221763 
 7201     7201 -1.0360000E+00  -90  u=7201  vol=1.0074613751 
 7202     7202 -1.0360000E+00  -90  u=7202  vol=5.0735338880 
 7203     7203 -1.0360000E+00  -90  u=7203  vol=159.2780042791 
 7300     7300 -1.0400000E+00  -90  u=7300  vol=221.1538466847 
 7400     7400 -1.0360000E+00  -90  u=7400  vol=11.9123819746 
 7401     7401 -1.0360000E+00  -90  u=7401  vol=1.8548693174 
 7402     7402 -1.0360000E+00  -90  u=7402  vol=4.6631497662 
 7403     7403 -1.0360000E+00  -90  u=7403  vol=711.0634397526 
 7500     7500 -1.0400000E+00  -90  u=7500  vol=43.4872030633 
 7501     7501 -1.0400000E+00  -90  u=7501  vol=225.7435654475 
 7600     7600 -1.0360000E+00  -90  u=7600  vol=4.2961921805 
 7601     7601 -1.0360000E+00  -90  u=7601  vol=0.3107053241 
 7602     7602 -1.0360000E+00  -90  u=7602  vol=104.0385999917 
 7700     7700 -1.0400000E+00  -90  u=7700  vol=96.1605803001 
 7800     7800 -1.0360000E+00  -90  u=7800  vol=3.5522824398 
 7801     7801 -1.0360000E+00  -90  u=7801  vol=0.2570636562 
 7802     7802 -1.0360000E+00  -90  u=7802  vol=62.5940542125 
 7900     7900 -1.0400000E+00  -90  u=7900  vol=57.6874933954 
 8000     8000 -1.0360000E+00  -90  u=8000  vol=2.1196581297 
 8001     8001 -1.0360000E+00  -90  u=8001  vol=0.1544366129 
 8002     8002 -1.0360000E+00  -90  u=8002  vol=64.1196764868 
 8100     8100 -1.0400000E+00  -90  u=8100  vol=28.8509627843 
 8200     8200 -1.0360000E+00  -90  u=8200  vol=2.9158063003 
 8201     8201 -1.0360000E+00  -90  u=8201  vol=0.2119081769 
 8202     8202 -1.0360000E+00  -90  u=8202  vol=105.5216326024 
 8300     8300 -1.0400000E+00  -90  u=8300  vol=48.0798025283 
 8400     8400 -1.0360000E+00  -90  u=8400  vol=4.0753345157 
 8401     8401 -1.0360000E+00  -90  u=8401  vol=0.2952962613 
 8402     8402 -1.0360000E+00  -90  u=8402  vol=49.9622192369 
 8500     8500 -1.0400000E+00  -90  u=8500  vol=76.9163428909 
 8600     8600 -1.0360000E+00  -90  u=8600  vol=30.1811724260 
 8700     8700 -1.0510000E+00  -90  u=8700  vol=276.7744714246 
 8800     8800 -1.0600000E+00  -90  u=8800  vol=349.0566094032 
 8900     8900 -1.0520000E+00  -90  u=8900  vol=141.7215608431 
 9000     9000 -1.0520000E+00  -90  u=9000  vol=35.5904717952 
 9100     9100 -1.0520000E+00  -90  u=9100  vol=7.1238099011 
 9200     9200 -1.0520000E+00  -90  u=9200  vol=118.9607438480 
 9300     9300 -1.0520000E+00  -90  u=9300  vol=29.8857202069 
 9400     9400 -1.0520000E+00  -90  u=9400  vol=5.9809505288 
 9500     9500 -1.0600000E+00  -90  u=9500  vol=1707.5471717028 
 9700     9700 -4.1300000E-01  -90  u=9700  vol=1034.5172759536 
 9900     9900 -4.1300000E-01  -90  u=9900  vol=1265.1760523773 
 10000   10000 -1.0320000E+00  -90  u=10000  vol=12.3018124559 
 10100   10100 -1.0320000E+00  -90  u=10100  vol=12.3017854327 
 10200   10200 -1.0320000E+00  -90  u=10200  vol=4.2497026975 
 10300   10300 -1.0320000E+00  -90  u=10300  vol=100.4272608204 
 10400   10400 -1.0320000E+00  -90  u=10400  vol=8.4994733336 
 10500   10500 -1.0320000E+00  -90  u=10500  vol=8.4994145114 
 10600   10600 -1.0500000E+00  -90  u=10600  vol=423.8303897792 
 10700   10700 -1.0500000E+00  -90  u=10700  vol=7928.3989527459 
 10800   10800 -1.0500000E+00  -90  u=10800  vol=1409.3804654625 
 10900   10900 -1.0500000E+00  -90  u=10900  vol=7311.1885732320 
 11000   11000 -1.0360000E+00  -90  u=11000  vol=1.8060020783 
 11001   11001 -1.0360000E+00  -90  u=11001  vol=0.0971211088 
 11002   11002 -1.0360000E+00  -90  u=11002  vol=39.8133071633 
 11003   11003 -1.0400000E+00  -90  u=11003  vol=20.4230805314 
 11100   11100 -1.0510000E+00  -90  u=11100  vol=6.0116765888 
 11200   11200 -1.0510000E+00  -90  u=11200  vol=6.0116799129 
 11300   11300 -1.0430000E+00  -90  u=11300  vol=138.5921572385 
 11400   11400 -1.0310000E+00  -90  u=11400  vol=0.5965931999 
 11600   11600 -9.4600000E-01  -90  u=11600  vol=892.7482850254 
 11700   11700 -9.4600000E-01  -90  u=11700  vol=12170.5773588578 
 11800   11800 -9.4600000E-01  -90  u=11800  vol=2295.5491712662 
 11900   11900 -9.4600000E-01  -90  u=11900  vol=8240.9601803707 
 12000   12000 -1.0310000E+00  -90  u=12000  vol=34.8010504626 
 12100   12100 -1.0310000E+00  -90  u=12100  vol=34.8010461856 
 12200   12200 -1.0880000E+00  -90  u=12200  vol=142.9982338042 
 12201   12201 -1.0880000E+00  -90  u=12201  vol=5.8129446695 
 12300   12300 -1.0880000E+00  -90  u=12300  vol=801.0642952302 
 12301   12301 -1.0880000E+00  -90  u=12301  vol=29.7502497543 
 12400   12400 -1.0880000E+00  -90  u=12400  vol=350.1466951148 
 12401   12401 -1.0880000E+00  -90  u=12401  vol=14.3375641137 
 12500   12500 -1.0880000E+00  -90  u=12500  vol=849.8277560318 
 12501   12501 -1.0880000E+00  -90  u=12501  vol=32.1917548678 
 12600   12600 -1.0310000E+00  -90  u=12600  vol=18.5240603723 
 12700   12700 -1.0600000E+00  -90  u=12700  vol=176.7924476927 
 12800   12800 -2.6900000E+00  -90  u=12800  vol=15.0786029675 
 12801   12801 -1.0400000E+00  -90  u=12801  vol=0.0347003387 
 13100   13100 -1.0310000E+00  -90  u=13100  vol=19.8863155334 
 13200   13200 -1.0510000E+00  -90  u=13200  vol=18.5112339051 
 13300   13300 -1.0500000E+00  -90  u=13300  vol=19.9954181761 
 13301   13301 -1.0500000E+00  -90  u=13301  vol=38.4908239337 
 13400   13400 -1.0310000E+00  -90  u=13400  vol=2.9829436705 
 13500   13500 -1.0310000E+00  -90  u=13500  vol=7.4573697607 
 13600   13600 -1.0310000E+00  -90  u=13600  vol=7.4573700745 
 13700   13700 -1.0400000E+00  -90  u=13700  vol=37.9413970387 
 13701   13701 -1.0400000E+00  -90  u=13701  vol=1.2937248615 
 13800   13800 -1.0400000E+00  -90  u=13800  vol=192.3076907910 
 13900   13900 -1.0210000E+00  -90  u=13900  vol=80.3067272440 
 14000   14000 -1.0000000E-03  -90  u=14000  vol=36.0062617143 

[ Surface ]
 10            rpp  -3.7885400E+01  3.7885400E+01 -2.4563010E+01
                     2.4563010E+01 -9.8002360E+01  9.8002360E+01
 20            rpp  -3.8085400E+01  3.8085400E+01 -2.4763010E+01
                     2.4763010E+01 -9.8202360E+01  9.8202360E+01
 90            box  -1.0000000E+03 -1.0000000E+03 -1.0000000E+03
                     2.0000000E+03  0.0000000E+00  0.0000000E+00
                     0.0000000E+00  2.0000000E+03  0.0000000E+00
                     0.0000000E+00  0.0000000E+00  2.0000000E+03

[ Volume ]
    reg        vol
      1      1.000000    
      2      1.000000    
      3      1.000000    
      4      1.000000    
      5      1.000000    
    100      6.586022    
    200      8.356091    
    300     8.3071216E-03
    301     3.3512008E-02
    302     1.0565648E-02
    303      4.243044    
    400     0.1041581    
    401     0.2792021    
    402     7.0132705E-02
    403     3.5142264E-02
    404     7.0301112E-02
    405      13.75396    
    500     6.2994578E-02
    501     1.5350076E-02
    600     1.7928341E-02
    700      7.954532    
    800     1.0233957E-02
    801     1.2254123E-02
    802     2.0468517E-02
    803     5.1433714E-02
    804     1.0330561E-02
    805     2.0706018E-02
    806     2.0766315E-02
    807     2.0824213E-02
    808      1.143558    
    900      1.801083    
    910      2.836969    
   1000      111.1978    
   1010      226.2546    
   1100      43.69255    
   1110      131.5951    
   1200      75.38399    
   1210      335.5027    
   1300      59.70453    
   1400      90.90083    
   1500      20.91359    
   1600      54.25400    
   1700      44.99920    
   1800      20.88973    
   1900      82.30476    
   2000      77.78224    
   2100      34.72803    
   2200      55.21615    
   2300      62.09510    
   2400      17.24015    
   2500      32.54884    
   2600      214.1124    
   2700      312.5491    
   2800      128.2176    
   2900      222.5660    
   3000      40.28169    
   3100      126.5386    
   3200      148.9111    
   3300      57.86150    
   3400      286.1582    
   3500      500.0261    
   3600      90.60492    
   3700      91.11121    
   3800      230.4844    
   3900      23.84144    
   4000      28.15707    
   4100      137.8439    
   4200      412.3064    
   4300      86.39571    
   4400      255.1287    
   4500      63.89937    
   4600      85.98235    
   4700      37.60320    
   4800      66.96299    
   4900      108.1028    
   5000      251.7736    
   5100      82.02464    
   5200      227.4468    
   5300      42.14310    
   5400      147.1860    
   5500     0.8851346    
   5600      47.85364    
   5700      38.17932    
   5800      63.10333    
   6100      1296.415    
   6200      161.4110    
   6300      100.3834    
   6400      161.4110    
   6500      100.3834    
   6600     3.6688206E-02
   6601     0.1785571    
   6700      1.012077    
   6701     0.3000699    
   6702      5.937918    
   6800     3.6688034E-02
   6801     0.1785572    
   6900      1.012073    
   6901     0.3000698    
   6902      5.937920    
   7000      7.954528    
   7100      46.60194    
   7200      1.506722    
   7201      1.007461    
   7202      5.073534    
   7203      159.2780    
   7300      221.1538    
   7400      11.91238    
   7401      1.854869    
   7402      4.663150    
   7403      711.0634    
   7500      43.48720    
   7501      225.7436    
   7600      4.296192    
   7601     0.3107053    
   7602      104.0386    
   7700      96.16058    
   7800      3.552282    
   7801     0.2570637    
   7802      62.59405    
   7900      57.68749    
   8000      2.119658    
   8001     0.1544366    
   8002      64.11968    
   8100      28.85096    
   8200      2.915806    
   8201     0.2119082    
   8202      105.5216    
   8300      48.07980    
   8400      4.075335    
   8401     0.2952963    
   8402      49.96222    
   8500      76.91634    
   8600      30.18117    
   8700      276.7745    
   8800      349.0566    
   8900      141.7216    
   9000      35.59047    
   9100      7.123810    
   9200      118.9607    
   9300      29.88572    
   9400      5.980951    
   9500      1707.547    
   9700      1034.517    
   9900      1265.176    
  10000      12.30181    
  10100      12.30179    
  10200      4.249703    
  10300      100.4273    
  10400      8.499473    
  10500      8.499415    
  10600      423.8304    
  10700      7928.399    
  10800      1409.380    
  10900      7311.189    
  11000      1.806002    
  11001     9.7121109E-02
  11002      39.81331    
  11003      20.42308    
  11100      6.011677    
  11200      6.011680    
  11300      138.5922    
  11400     0.5965932    
  11600      892.7483    
  11700      12170.58    
  11800      2295.549    
  11900      8240.960    
  12000      34.80105    
  12100      34.80105    
  12200      142.9982    
  12201      5.812945    
  12300      801.0643    
  12301      29.75025    
  12400      350.1467    
  12401      14.33756    
  12500      849.8278    
  12501      32.19175    
  12600      18.52406    
  12700      176.7924    
  12800      15.07860    
  12801     3.4700339E-02
  13100      19.88632    
  13200      18.51123    
  13300      19.99542    
  13301      38.49082    
  13400      2.982944    
  13500      7.457370    
  13600      7.457370    
  13700      37.94140    
  13701      1.293725    
  13800      192.3077    
  13900      80.30673    
  14000      36.00626    

[ T-Deposit ]
    title = [t-deposit] in region mesh
     mesh =  reg            # mesh type is region-wise
      reg = all
   volume                   # combined, lattice or level structure 
   non     reg      vol     # reg definition
    1        1   1.0000E+00 # 1
    2        3   1.0000E+00 # 3
    3        4   1.0000E+00 # 4
    4      100   6.5860E+00 # 100
    5      200   8.3561E+00 # 200
    6      300   8.3071E-03 # 300
    7      301   3.3512E-02 # 301
    8      302   1.0566E-02 # 302
    9      303   4.2430E+00 # 303
   10      400   1.0416E-01 # 400
   11      401   2.7920E-01 # 401
   12      402   7.0133E-02 # 402
   13      403   3.5142E-02 # 403
   14      404   7.0301E-02 # 404
   15      405   1.3754E+01 # 405
   16      500   6.2995E-02 # 500
   17      501   1.5350E-02 # 501
   18      600   1.7928E-02 # 600
   19      700   7.9545E+00 # 700
   20      800   1.0234E-02 # 800
   21      801   1.2254E-02 # 801
   22      802   2.0469E-02 # 802
   23      803   5.1434E-02 # 803
   24      804   1.0331E-02 # 804
   25      805   2.0706E-02 # 805
   26      806   2.0766E-02 # 806
   27      807   2.0824E-02 # 807
   28      808   1.1436E+00 # 808
   29      900   1.8011E+00 # 900
   30      910   2.8370E+00 # 910
   31     1000   1.1120E+02 # 1000
   32     1010   2.2625E+02 # 1010
   33     1100   4.3693E+01 # 1100
   34     1110   1.3160E+02 # 1110
   35     1200   7.5384E+01 # 1200
   36     1210   3.3550E+02 # 1210
   37     1300   5.9705E+01 # 1300
   38     1400   9.0901E+01 # 1400
   39     1500   2.0914E+01 # 1500
   40     1600   5.4254E+01 # 1600
   41     1700   4.4999E+01 # 1700
   42     1800   2.0890E+01 # 1800
   43     1900   8.2305E+01 # 1900
   44     2000   7.7782E+01 # 2000
   45     2100   3.4728E+01 # 2100
   46     2200   5.5216E+01 # 2200
   47     2300   6.2095E+01 # 2300
   48     2400   1.7240E+01 # 2400
   49     2500   3.2549E+01 # 2500
   50     2600   2.1411E+02 # 2600
   51     2700   3.1255E+02 # 2700
   52     2800   1.2822E+02 # 2800
   53     2900   2.2257E+02 # 2900
   54     3000   4.0282E+01 # 3000
   55     3100   1.2654E+02 # 3100
   56     3200   1.4891E+02 # 3200
   57     3300   5.7861E+01 # 3300
   58     3400   2.8616E+02 # 3400
   59     3500   5.0003E+02 # 3500
   60     3600   9.0605E+01 # 3600
   61     3700   9.1111E+01 # 3700
   62     3800   2.3048E+02 # 3800
   63     3900   2.3841E+01 # 3900
   64     4000   2.8157E+01 # 4000
   65     4100   1.3784E+02 # 4100
   66     4200   4.1231E+02 # 4200
   67     4300   8.6396E+01 # 4300
   68     4400   2.5513E+02 # 4400
   69     4500   6.3899E+01 # 4500
   70     4600   8.5982E+01 # 4600
   71     4700   3.7603E+01 # 4700
   72     4800   6.6963E+01 # 4800
   73     4900   1.0810E+02 # 4900
   74     5000   2.5177E+02 # 5000
   75     5100   8.2025E+01 # 5100
   76     5200   2.2745E+02 # 5200
   77     5300   4.2143E+01 # 5300
   78     5400   1.4719E+02 # 5400
   79     5500   8.8513E-01 # 5500
   80     5600   4.7854E+01 # 5600
   81     5700   3.8179E+01 # 5700
   82     5800   6.3103E+01 # 5800
   83     6100   1.2964E+03 # 6100
   84     6200   1.6141E+02 # 6200
   85     6300   1.0038E+02 # 6300
   86     6400   1.6141E+02 # 6400
   87     6500   1.0038E+02 # 6500
   88     6600   3.6688E-02 # 6600
   89     6601   1.7856E-01 # 6601
   90     6700   1.0121E+00 # 6700
   91     6701   3.0007E-01 # 6701
   92     6702   5.9379E+00 # 6702
   93     6800   3.6688E-02 # 6800
   94     6801   1.7856E-01 # 6801
   95     6900   1.0121E+00 # 6900
   96     6901   3.0007E-01 # 6901
   97     6902   5.9379E+00 # 6902
   98     7000   7.9545E+00 # 7000
   99     7100   4.6602E+01 # 7100
  100     7200   1.5067E+00 # 7200
  101     7201   1.0075E+00 # 7201
  102     7202   5.0735E+00 # 7202
  103     7203   1.5928E+02 # 7203
  104     7300   2.2115E+02 # 7300
  105     7400   1.1912E+01 # 7400
  106     7401   1.8549E+00 # 7401
  107     7402   4.6631E+00 # 7402
  108     7403   7.1106E+02 # 7403
  109     7500   4.3487E+01 # 7500
  110     7501   2.2574E+02 # 7501
  111     7600   4.2962E+00 # 7600
  112     7601   3.1071E-01 # 7601
  113     7602   1.0404E+02 # 7602
  114     7700   9.6161E+01 # 7700
  115     7800   3.5523E+00 # 7800
  116     7801   2.5706E-01 # 7801
  117     7802   6.2594E+01 # 7802
  118     7900   5.7687E+01 # 7900
  119     8000   2.1197E+00 # 8000
  120     8001   1.5444E-01 # 8001
  121     8002   6.4120E+01 # 8002
  122     8100   2.8851E+01 # 8100
  123     8200   2.9158E+00 # 8200
  124     8201   2.1191E-01 # 8201
  125     8202   1.0552E+02 # 8202
  126     8300   4.8080E+01 # 8300
  127     8400   4.0753E+00 # 8400
  128     8401   2.9530E-01 # 8401
  129     8402   4.9962E+01 # 8402
  130     8500   7.6916E+01 # 8500
  131     8600   3.0181E+01 # 8600
  132     8700   2.7677E+02 # 8700
  133     8800   3.4906E+02 # 8800
  134     8900   1.4172E+02 # 8900
  135     9000   3.5590E+01 # 9000
  136     9100   7.1238E+00 # 9100
  137     9200   1.1896E+02 # 9200
  138     9300   2.9886E+01 # 9300
  139     9400   5.9810E+00 # 9400
  140     9500   1.7075E+03 # 9500
  141     9700   1.0345E+03 # 9700
  142     9900   1.2652E+03 # 9900
  143    10000   1.2302E+01 # 10000
  144    10100   1.2302E+01 # 10100
  145    10200   4.2497E+00 # 10200
  146    10300   1.0043E+02 # 10300
  147    10400   8.4995E+00 # 10400
  148    10500   8.4994E+00 # 10500
  149    10600   4.2383E+02 # 10600
  150    10700   7.9284E+03 # 10700
  151    10800   1.4094E+03 # 10800
  152    10900   7.3112E+03 # 10900
  153    11000   1.8060E+00 # 11000
  154    11001   9.7121E-02 # 11001
  155    11002   3.9813E+01 # 11002
  156    11003   2.0423E+01 # 11003
  157    11100   6.0117E+00 # 11100
  158    11200   6.0117E+00 # 11200
  159    11300   1.3859E+02 # 11300
  160    11400   5.9659E-01 # 11400
  161    11600   8.9275E+02 # 11600
  162    11700   1.2171E+04 # 11700
  163    11800   2.2955E+03 # 11800
  164    11900   8.2410E+03 # 11900
  165    12000   3.4801E+01 # 12000
  166    12100   3.4801E+01 # 12100
  167    12200   1.4300E+02 # 12200
  168    12201   5.8129E+00 # 12201
  169    12300   8.0106E+02 # 12300
  170    12301   2.9750E+01 # 12301
  171    12400   3.5015E+02 # 12400
  172    12401   1.4338E+01 # 12401
  173    12500   8.4983E+02 # 12500
  174    12501   3.2192E+01 # 12501
  175    12600   1.8524E+01 # 12600
  176    12700   1.7679E+02 # 12700
  177    12800   1.5079E+01 # 12800
  178    12801   3.4700E-02 # 12801
  179    13100   1.9886E+01 # 13100
  180    13200   1.8511E+01 # 13200
  181    13300   1.9995E+01 # 13300
  182    13301   3.8491E+01 # 13301
  183    13400   2.9829E+00 # 13400
  184    13500   7.4574E+00 # 13500
  185    13600   7.4574E+00 # 13600
  186    13700   3.7941E+01 # 13700
  187    13701   1.2937E+00 # 13701
  188    13800   1.9231E+02 # 13800
  189    13900   8.0307E+01 # 13900
  190    14000   3.6006E+01 # 14000
     unit =    0            # unit is [Gy/source]
   letmat =    0            # (D=0) mat ID for LET, 0:real mat, <0: electron for H2O
  dedxfnc =    0            # (D=0) user defined multiplier, 0(no), 1, 2
 material =  all            # (D=all) number of specific material
   output =  dose           # total deposit energy
  deposit =    0            # (D=0) 0-> total deposit dist, 1-> each process
     axis =   reg           # axis of output
     file = phits_deposit_MRCP_AF_source_Brain_photon_energy_10.0.out  # file name of output for the above axis
     part =  all      
# kf/name :  0        
   mother =  all            # (D=all) number of specific mother
#    used :        main (  %)        temp (  %)       total (  %)
#  memory :          99 (  0)           0 (  0)          99 (  0)

[ T-Track ]
    title = [t-track] in region mesh
     mesh =  reg            # mesh type is region-wise
      reg = 1400 1500 1700 1800 2000 2100 2300 2500 2700 2900 3000 3200
            3300 3500 3600 3800 4000 4200 4400 4600 4800 5000 5200 5400
            5600
   volume                   # combined, lattice or level structure 
   non     reg      vol     # reg definition
    1     1400   9.0901E+01 # 1400
    2     1500   2.0914E+01 # 1500
    3     1700   4.4999E+01 # 1700
    4     1800   2.0890E+01 # 1800
    5     2000   7.7782E+01 # 2000
    6     2100   3.4728E+01 # 2100
    7     2300   6.2095E+01 # 2300
    8     2500   3.2549E+01 # 2500
    9     2700   3.1255E+02 # 2700
   10     2900   2.2257E+02 # 2900
   11     3000   4.0282E+01 # 3000
   12     3200   1.4891E+02 # 3200
   13     3300   5.7861E+01 # 3300
   14     3500   5.0003E+02 # 3500
   15     3600   9.0605E+01 # 3600
   16     3800   2.3048E+02 # 3800
   17     4000   2.8157E+01 # 4000
   18     4200   4.1231E+02 # 4200
   19     4400   2.5513E+02 # 4400
   20     4600   8.5982E+01 # 4600
   21     4800   6.6963E+01 # 4800
   22     5000   2.5177E+02 # 5000
   23     5200   2.2745E+02 # 5200
   24     5400   1.4719E+02 # 5400
   25     5600   4.7854E+01 # 5600
   e-type =    3            # e-mesh is log given by emin, emax and ne
     emin =  1.0000000E-02  # minimum value of e-mesh points
     emax =   10.00000      # maximum value of e-mesh points
#    edel =  6.9077553E-02  # mesh width of e-mesh points
       ne =    100          # number of e-mesh points
#    data = ( e(i), i = 1, ne + 1 )
#           1.00000E-02  1.07152E-02  1.14815E-02  1.23027E-02  1.31826E-02
#           1.41254E-02  1.51356E-02  1.62181E-02  1.73780E-02  1.86209E-02
#           1.99526E-02  2.13796E-02  2.29087E-02  2.45471E-02  2.63027E-02
#           2.81838E-02  3.01995E-02  3.23594E-02  3.46737E-02  3.71535E-02
#           3.98107E-02  4.26580E-02  4.57088E-02  4.89779E-02  5.24807E-02
#           5.62341E-02  6.02560E-02  6.45654E-02  6.91831E-02  7.41310E-02
#           7.94328E-02  8.51138E-02  9.12011E-02  9.77237E-02  1.04713E-01
#           1.12202E-01  1.20226E-01  1.28825E-01  1.38038E-01  1.47911E-01
#           1.58489E-01  1.69824E-01  1.81970E-01  1.94984E-01  2.08930E-01
#           2.23872E-01  2.39883E-01  2.57040E-01  2.75423E-01  2.95121E-01
#           3.16228E-01  3.38844E-01  3.63078E-01  3.89045E-01  4.16869E-01
#           4.46684E-01  4.78630E-01  5.12861E-01  5.49541E-01  5.88844E-01
#           6.30957E-01  6.76083E-01  7.24436E-01  7.76247E-01  8.31764E-01
#           8.91251E-01  9.54993E-01  1.02329E+00  1.09648E+00  1.17490E+00
#           1.25893E+00  1.34896E+00  1.44544E+00  1.54882E+00  1.65959E+00
#           1.77828E+00  1.90546E+00  2.04174E+00  2.18776E+00  2.34423E+00
#           2.51189E+00  2.69153E+00  2.88403E+00  3.09030E+00  3.31131E+00
#           3.54813E+00  3.80189E+00  4.07380E+00  4.36516E+00  4.67735E+00
#           5.01187E+00  5.37032E+00  5.75440E+00  6.16595E+00  6.60693E+00
#           7.07946E+00  7.58578E+00  8.12831E+00  8.70964E+00  9.33254E+00
#           1.00000E+01
     unit =    1            # unit is [1/cm^2/source]
 material =  all            # (D=all) number of specific material
     axis =     eng            # axis of output
     file = phits_fluence_MRCP_AF_source_Brain_photon_energy_10.0.out  # file name of output for the above axis
     part =  photon   
# kf/name :  22       
#    used :        main (  %)        temp (  %)       total (  %)
#  memory :         131 (  0)           0 (  0)         131 (  0)

[END] of Input Echo <<<========================================================

<<< Report of real Geometry memory >>>
*           GG/CG memory =        2
*     total memory: mdas = 80000000
*                percent =     0.00 %

<<< Report of material memory for high energy>>>
*   high energy material =        1
*     total memory: mdas = 80000000
*                percent =     0.00 %

<<< Report of material memory for low energy>>>
*    low energy material = 14449700
*     total memory: mdas = 80000000
*                percent =    18.06 %

<<< Report of real tally memory >>>
*      real tally memory =      230
*     total memory: mdas = 80000000
*                percent =     0.00 %

<<< Report of temporary tally memory >>>
* temporary tally memory = 14449705
*     total memory: mdas = 80000000
*                percent =    18.06 %

<<< Report of total memory >>>
*      used total memory = 14449706
*     total memory: mdas = 80000000
*                percent =    18.06 %
*                ---------------------

-------------------------------------------------------------------------------
bat[       1] ncas =           1000.
 bitrseed = 0100001010011000001011101100011110011000110110100110010000000000
          cpu time =  26.550 s.

-------------------------------------------------------------------------------
bat[       2] ncas =           2000.
 bitrseed = 0101000011000111010110101100111000100101101011010111101101011101
          cpu time =  24.600 s.

-------------------------------------------------------------------------------
bat[       3] ncas =           3000.
 bitrseed = 0101100011011011110001100101110111100110110100101110100101001100
          cpu time =  23.844 s.

-------------------------------------------------------------------------------
bat[       4] ncas =           4000.
 bitrseed = 0111101111011110101110001110111000001110000010010001000010100001
          cpu time =  22.484 s.

-------------------------------------------------------------------------------
bat[       5] ncas =           5000.
 bitrseed = 1000101001001101001010000000111010011100000001000110000001000000
          cpu time =  22.350 s.

-------------------------------------------------------------------------------
bat[       6] ncas =           6000.
 bitrseed = 1101111111001101100001000101010101010011110110101000101010011110
          cpu time =  23.411 s.

-------------------------------------------------------------------------------
bat[       7] ncas =           7000.
 bitrseed = 1001000011100101101101101011000010001010100000111001111101111011
          cpu time =  22.130 s.

-------------------------------------------------------------------------------
bat[       8] ncas =           8000.
 bitrseed = 1001011010111010111011011110110001001010000110111001011110011110
          cpu time =  21.530 s.

-------------------------------------------------------------------------------
bat[       9] ncas =           9000.
 bitrseed = 1101001111101111111101001001110111010001010011111101010010001001
          cpu time =  16.272 s.

-------------------------------------------------------------------------------
bat[      10] ncas =          10000.
 bitrseed = 1011100001101001100100111110100001000001010100101110010000011100
          cpu time =  10.012 s.

===============================================================================

 Summary for the end of job

-------------------------------------------------------------------------------
 number of analyz call vs ncol
-------------------------------------------------------------------------------
     ncol          number
        1              1.   : start of calculation            
        2              1.   : end of calculation              
        3             10.   : end of a batch                  
        4          10000.   : source                          
        5              0.   : detection of geometry error/warn
        6              0.   : recovery from geometry warning  
        7              0.   : termination by geometry error   
        8              0.   : termination by weight cut-off   
        9              0.   : termination by time cut-off     
       10        1386016.   : geometry boundary crossing      
       11           7435.   : termination by energy cut-off   
       12          11480.   : termination by escape or leakage
       13           1989.   : reaction : (n,x) type           
       14         622014.   : reaction : (n,n'x) type         
       15              0.   : sequential transport for tally  

-------------------------------------------------------------------------------
 List of transport particles (not including source)
-------------------------------------------------------------------------------
     Name      kf-code        mass       charge   baryon
     positron      -11          0.5         1       0
     photon         22          0.0         0       0

-------------------------------------------------------------------------------
 prod. particles       number        weight        weight per source
-------------------------------------------------------------------------------
     photon              706.     7.0600000E+02     7.0600000E-02
     positron            353.     3.5300000E+02     3.5300000E-02

-------------------------------------------------------------------------------
 particle decays       number        weight        weight per source
-------------------------------------------------------------------------------
     positron            353.     3.5300000E+02     3.5300000E-02

-------------------------------------------------------------------------------
 stop. particles.    number        weight        weight per source
-------------------------------------------------------------------------------
     electron          16664.     1.6664000E+04     1.6664000E+00
     positron            353.     3.5300000E+02     3.5300000E-02
     photon                2.     2.0000000E+00     2.0000000E-04

-------------------------------------------------------------------------------
 leak. particles       number        weight        weight per source
-------------------------------------------------------------------------------
     photon            10897.     1.0897000E+04     1.0897000E+00
     electron            516.     5.1600000E+02     5.1600000E-02
     positron             67.     6.7000000E+01     6.7000000E-03

-------------------------------------------------------------------------------
 source: maxcas    maxbch      irskip   average weight          total source
-------------------------------------------------------------------------------
        1000          10           0    1.0000000E+00    1.0000000000000E+04

-------------------------------------------------------------------------------
 Geometry error summary
-------------------------------------------------------------------------------
 Number of lost particles     =     0 / nlost =       10
 Number of geometry recovering =     0
 Number of unrecovered errors =     0

-------------------------------------------------------------------------------
 initial random seed:
   bitrseed = 0100001010011000001011101100011110011000110110100110010000000000
 next initial random seed:
   bitrseed = 0111011010010100011001101100101001110100011011011011110011011010

-------------------------------------------------------------------------------
 job termination date : 2026/08/20
                 time :   20:06:24

-------------------------------------------------------------------------------
    CPU time and number of event called in PHITS
-------------------------------------------------------------------------------

                             sec
total cpu time =          396.84


                           count
      analysis =        2038944.  : data processing
         nevap =              0.  : evaporation
        dexgam =              0.  : de-excitation
         nreac =         624003.  : atomic and nuclear reactions
         dklos =            353.  : particle decay
         hydro =              0.  : nucleon-nucleon scattering
        n-data =              0.  : neutron data library
        h-data =              0.  : p, d, a data library
        p-data =              0.  : photon data library
        e-data =              0.  : electron data library
        p-egs5 =           6200.  : photon interaction with EGS5
        e-egs5 =         617450.  : electron interaction with EGS5
      e-tsmode =              0.  : electron track structure mode
    ion-tsmode =              0.  : ion track structure mode
     photonucl =              0.  : photo-nuclear reaction
 photonucl lib =              0.  : photo-nuclear reaction with library
       mu-reac =              0.  : muon-induced nuclear reaction
       mu-brem =              0.  : muon-induced bremsstrahlung
       mu-pprd =              0.  : muon-induced pair production
        mu-cap =              0.  : muon capture in nucleus
         elast =              0.  : elastic scattering
         ncasc =              0.  : nuclear reaction model

       bertini =              0.  : Bertini model
        isobar =              0.  : isobar model
           JAM =              0.  : JAM model
           QMD =              0.  : JQMD model
        JAMQMD =              0.  : JAMQMD model
          INCL =              0.  : INCL model
        INCELF =              0.  : INCELF model
     frag data =              0.  : user defined cross section
       SCINFUL =              0.  : SCINFUL mode

>>> Citation Request >>>=======================================================

 This execution uses model(s) that must be explicitly cited in addition to
 the PHITS original document: T.Sato et al., J.Nucl.Sci.Technol.61, 127-135 (2024).
 Please refer the following document(s) in your publication using this result

 The EGS5 code:
    H. Hirayama et al., SLAC-R-730 (2005) and KEK Report 2005-8 (2005)

 The KUROTAMA model:
    K. Iida, A. Kohama, and K. Oyamatsu, J. Phys. Soc. Japan 76, 044201 (2007).

 END 
