Skeletal ID,Energy Low (MeV),Energy High (MeV),Energy Center (MeV),Fluence (photons/m2/source),Relative Error
1400,0.01,0.0107151930524,0.0103514216668,0,0
1400,0.0107151930524,0.011481536215,0.0110917481526,0,0
1400,0.011481536215,0.0123026877081,0.0118850222744,0,0
1400,0.0123026877081,0.0131825673856,0.0127350308102,0,0
1400,0.0131825673856,0.0141253754462,0.0136458313659,0,0
1400,0.0141253754462,0.0151356124844,0.0146217717446,0,0
1400,0.0151356124844,0.0162181009736,0.0156675107011,0,0
1400,0.0162181009736,0.0173780082875,0.0167880401812,0,0
1400,0.0173780082875,0.0186208713666,0.0179887091513,0,0
1400,0.0186208713666,0.0199526231497,0.0192752491319,0,0
1400,0.0199526231497,0.021379620895,0.0206538015581,0,0
1400,0.021379620895,0.0229086765277,0.0221309470961,0,0
1400,0.0229086765277,0.0245470891569,0.0237137370566,0,0
1400,0.0245470891569,0.026302679919,0.0254097270555,0,0
1400,0.026302679919,0.0281838293126,0.0272270130808,0,0
1400,0.0281838293126,0.030199517204,0.02917427014,0,0
1400,0.030199517204,0.032359365693,0.0312607936712,0,0
1400,0.032359365693,0.0346736850453,0.0334965439158,0,0
1400,0.0346736850453,0.0371535229097,0.0358921934645,0,0
1400,0.0371535229097,0.0398107170553,0.0384591782045,0,0
1400,0.0398107170553,0.0426579518802,0.0412097519097,0,0
1400,0.0426579518802,0.0457088189615,0.0441570447353,0,0
1400,0.0457088189615,0.0489778819368,0.0473151258961,0,0
1400,0.0489778819368,0.052480746025,0.0506990708275,0,0
1400,0.052480746025,0.056234132519,0.0543250331492,0,0
1400,0.056234132519,0.0602559586074,0.0582103217771,0,0
1400,0.0602559586074,0.0645654229035,0.0623734835482,0,0
1400,0.0645654229035,0.0691830970919,0.0668343917569,0,0
1400,0.0691830970919,0.0741310241301,0.0716143410213,0,0
1400,0.0741310241301,0.0794328234724,0.0767361489362,0,0
1400,0.0794328234724,0.0851138038202,0.0822242649947,0,0
1400,0.0851138038202,0.0912010839356,0.0881048873008,0,0
1400,0.0912010839356,0.0977237220956,0.0944060876286,0,0
1400,0.0977237220956,0.104712854805,0.101157945426,0,0
1400,0.104712854805,0.11220184543,0.108392691402,0,0
1400,0.11220184543,0.120226443462,0.116144861384,0,0
1400,0.120226443462,0.128824955169,0.124451461177,0,0
1400,0.128824955169,0.13803842646,0.133352143216,0,0
1400,0.13803842646,0.147910838817,0.142889395851,0,0
1400,0.147910838817,0.158489319246,0.153108746168,0,0
1400,0.158489319246,0.169824365246,0.16405897732,0,0
1400,0.169824365246,0.181970085861,0.175792361396,0,0
1400,0.181970085861,0.194984459976,0.188364908949,0,0
1400,0.194984459976,0.208929613085,0.201836636368,0,0
1400,0.208929613085,0.223872113857,0.216271852373,0,0
1400,0.223872113857,0.239883291902,0.231739464997,0,0
1400,0.239883291902,0.257039578277,0.24831331053,0,0
1400,0.257039578277,0.275422870334,0.26607250598,0,0
1400,0.275422870334,0.295120922667,0.28510182675,0,0
1400,0.295120922667,0.316227766017,0.305492111322,0,0
1400,0.316227766017,0.338844156139,0.327340694879,0,0
1400,0.338844156139,0.36307805477,0.350751873953,0,0
1400,0.36307805477,0.389045144994,0.375837404288,0,0
1400,0.389045144994,0.41686938347,0.402717034325,0,0
1400,0.41686938347,0.446683592151,0.431519076828,0,0
1400,0.446683592151,0.478630092323,0.462381021399,0,0
1400,0.478630092323,0.512861383991,0.495450190805,0,0
1400,0.512861383991,0.549540873858,0.530884444231,0,0
1400,0.549540873858,0.588843655356,0.568852930844,0,0
1400,0.588843655356,0.63095734448,0.60953689724,0,0
1400,0.63095734448,0.676082975392,0.653130552647,0,0
1400,0.676082975392,0.724435960075,0.699841996002,0,0
1400,0.724435960075,0.776247116629,0.749894209332,0,0
1400,0.776247116629,0.831763771103,0.803526122186,0,0
1400,0.831763771103,0.891250938134,0.860993752185,0,0
1400,0.891250938134,0.954992586021,0.922571427155,0,0
1400,0.954992586021,1.02329299228,0.988553094657,0,0
1400,1.02329299228,1.09647819614,1.05925372518,0,0
1400,1.09647819614,1.17489755494,1.13501081567,0,0
1400,1.17489755494,1.25892541179,1.21618600065,0,0
1400,1.25892541179,1.34896288259,1.30316677845,0,0
1400,1.34896288259,1.44543977075,1.39636836106,0,0
1400,1.44543977075,1.54881661891,1.49623565609,0,0
1400,1.54881661891,1.65958690744,1.60324539069,0,0
1400,1.65958690744,1.77827941004,1.71790838716,0,0
1400,1.77827941004,1.90546071796,1.84077200147,0,0
1400,1.90546071796,2.04173794467,1.97242273611,0,0
1400,2.04173794467,2.18776162395,2.11348903984,0,0
1400,2.18776162395,2.34422881532,2.26464430759,0,0
1400,2.34422881532,2.51188643151,2.42661009508,0,0
1400,2.51188643151,2.69153480393,2.60015956317,0,0
1400,2.69153480393,2.88403150313,2.78612116863,0,0
1400,2.88403150313,3.09029543251,2.98538261892,0,0
1400,3.09029543251,3.31131121483,3.19889510969,0,0
1400,3.31131121483,3.54813389234,3.42767786546,0,0
1400,3.54813389234,3.80189396321,3.67282300498,0,0
1400,3.80189396321,4.07380277804,3.93550075456,0,0
1400,4.07380277804,4.3651583224,4.21696503429,0,0
1400,4.3651583224,4.67735141287,4.51855944375,0,0
1400,4.67735141287,5.01187233627,4.84172367584,0,0
1400,5.01187233627,5.3703179637,5.18800038929,0,0
1400,5.3703179637,5.75439937337,5.5590425727,0,0
1400,5.75439937337,6.16595001861,5.95662143529,0,0
1400,6.16595001861,6.60693448008,6.38263486191,0,0
1400,6.60693448008,7.07945784384,6.83911647281,0,0
1400,7.07945784384,7.58577575029,7.32824533139,0,0
1400,7.58577575029,8.12830516164,7.8523563461,0,0
1400,8.12830516164,8.70963589956,8.41395141645,0,0
1400,8.70963589956,9.33254300797,9.01571137606,0,0
1400,9.33254300797,10,9.6605087899,1.36670666712,0.54826847988
1500,0.01,0.0107151930524,0.0103514216668,0,0
1500,0.0107151930524,0.011481536215,0.0110917481526,0,0
1500,0.011481536215,0.0123026877081,0.0118850222744,0,0
1500,0.0123026877081,0.0131825673856,0.0127350308102,0,0
1500,0.0131825673856,0.0141253754462,0.0136458313659,0,0
1500,0.0141253754462,0.0151356124844,0.0146217717446,0,0
1500,0.0151356124844,0.0162181009736,0.0156675107011,0,0
1500,0.0162181009736,0.0173780082875,0.0167880401812,0,0
1500,0.0173780082875,0.0186208713666,0.0179887091513,0,0
1500,0.0186208713666,0.0199526231497,0.0192752491319,0,0
1500,0.0199526231497,0.021379620895,0.0206538015581,0,0
1500,0.021379620895,0.0229086765277,0.0221309470961,0,0
1500,0.0229086765277,0.0245470891569,0.0237137370566,0,0
1500,0.0245470891569,0.026302679919,0.0254097270555,0,0
1500,0.026302679919,0.0281838293126,0.0272270130808,0,0
1500,0.0281838293126,0.030199517204,0.02917427014,0,0
1500,0.030199517204,0.032359365693,0.0312607936712,0,0
1500,0.032359365693,0.0346736850453,0.0334965439158,0,0
1500,0.0346736850453,0.0371535229097,0.0358921934645,0,0
1500,0.0371535229097,0.0398107170553,0.0384591782045,0,0
1500,0.0398107170553,0.0426579518802,0.0412097519097,0,0
1500,0.0426579518802,0.0457088189615,0.0441570447353,0,0
1500,0.0457088189615,0.0489778819368,0.0473151258961,0,0
1500,0.0489778819368,0.052480746025,0.0506990708275,0,0
1500,0.052480746025,0.056234132519,0.0543250331492,0.258333149732,0.999499874937
1500,0.056234132519,0.0602559586074,0.0582103217771,0,0
1500,0.0602559586074,0.0645654229035,0.0623734835482,0,0
1500,0.0645654229035,0.0691830970919,0.0668343917569,0,0
1500,0.0691830970919,0.0741310241301,0.0716143410213,0.00853801651367,0.999499874937
1500,0.0741310241301,0.0794328234724,0.0767361489362,0,0
1500,0.0794328234724,0.0851138038202,0.0822242649947,0,0
1500,0.0851138038202,0.0912010839356,0.0881048873008,0,0
1500,0.0912010839356,0.0977237220956,0.0944060876286,0,0
1500,0.0977237220956,0.104712854805,0.101157945426,0,0
1500,0.104712854805,0.11220184543,0.108392691402,0,0
1500,0.11220184543,0.120226443462,0.116144861384,0,0
1500,0.120226443462,0.128824955169,0.124451461177,0,0
1500,0.128824955169,0.13803842646,0.133352143216,0,0
1500,0.13803842646,0.147910838817,0.142889395851,0,0
1500,0.147910838817,0.158489319246,0.153108746168,0,0
1500,0.158489319246,0.169824365246,0.16405897732,0,0
1500,0.169824365246,0.181970085861,0.175792361396,0,0
1500,0.181970085861,0.194984459976,0.188364908949,0,0
1500,0.194984459976,0.208929613085,0.201836636368,0,0
1500,0.208929613085,0.223872113857,0.216271852373,0,0
1500,0.223872113857,0.239883291902,0.231739464997,0,0
1500,0.239883291902,0.257039578277,0.24831331053,0,0
1500,0.257039578277,0.275422870334,0.26607250598,0,0
1500,0.275422870334,0.295120922667,0.28510182675,0,0
1500,0.295120922667,0.316227766017,0.305492111322,0,0
1500,0.316227766017,0.338844156139,0.327340694879,0,0
1500,0.338844156139,0.36307805477,0.350751873953,0,0
1500,0.36307805477,0.389045144994,0.375837404288,0,0
1500,0.389045144994,0.41686938347,0.402717034325,0,0
1500,0.41686938347,0.446683592151,0.431519076828,0,0
1500,0.446683592151,0.478630092323,0.462381021399,0,0
1500,0.478630092323,0.512861383991,0.495450190805,0,0
1500,0.512861383991,0.549540873858,0.530884444231,0,0
1500,0.549540873858,0.588843655356,0.568852930844,0,0
1500,0.588843655356,0.63095734448,0.60953689724,0,0
1500,0.63095734448,0.676082975392,0.653130552647,0,0
1500,0.676082975392,0.724435960075,0.699841996002,0,0
1500,0.724435960075,0.776247116629,0.749894209332,0,0
1500,0.776247116629,0.831763771103,0.803526122186,0,0
1500,0.831763771103,0.891250938134,0.860993752185,0,0
1500,0.891250938134,0.954992586021,0.922571427155,0,0
1500,0.954992586021,1.02329299228,0.988553094657,0,0
1500,1.02329299228,1.09647819614,1.05925372518,0,0
1500,1.09647819614,1.17489755494,1.13501081567,0,0
1500,1.17489755494,1.25892541179,1.21618600065,0,0
1500,1.25892541179,1.34896288259,1.30316677845,0,0
1500,1.34896288259,1.44543977075,1.39636836106,0,0
1500,1.44543977075,1.54881661891,1.49623565609,0,0
1500,1.54881661891,1.65958690744,1.60324539069,0,0
1500,1.65958690744,1.77827941004,1.71790838716,0,0
1500,1.77827941004,1.90546071796,1.84077200147,0,0
1500,1.90546071796,2.04173794467,1.97242273611,0,0
1500,2.04173794467,2.18776162395,2.11348903984,0,0
1500,2.18776162395,2.34422881532,2.26464430759,0,0
1500,2.34422881532,2.51188643151,2.42661009508,0,0
1500,2.51188643151,2.69153480393,2.60015956317,0,0
1500,2.69153480393,2.88403150313,2.78612116863,0,0
1500,2.88403150313,3.09029543251,2.98538261892,0,0
1500,3.09029543251,3.31131121483,3.19889510969,0,0
1500,3.31131121483,3.54813389234,3.42767786546,0,0
1500,3.54813389234,3.80189396321,3.67282300498,0,0
1500,3.80189396321,4.07380277804,3.93550075456,0,0
1500,4.07380277804,4.3651583224,4.21696503429,0,0
1500,4.3651583224,4.67735141287,4.51855944375,0,0
1500,4.67735141287,5.01187233627,4.84172367584,0,0
1500,5.01187233627,5.3703179637,5.18800038929,0,0
1500,5.3703179637,5.75439937337,5.5590425727,0,0
1500,5.75439937337,6.16595001861,5.95662143529,0,0
1500,6.16595001861,6.60693448008,6.38263486191,0,0
1500,6.60693448008,7.07945784384,6.83911647281,0,0
1500,7.07945784384,7.58577575029,7.32824533139,0,0
1500,7.58577575029,8.12830516164,7.8523563461,0,0
1500,8.12830516164,8.70963589956,8.41395141645,0,0
1500,8.70963589956,9.33254300797,9.01571137606,0,0
1500,9.33254300797,10,9.6605087899,0.153316210003,0.999499874937
1700,0.01,0.0107151930524,0.0103514216668,0,0
1700,0.0107151930524,0.011481536215,0.0110917481526,0,0
1700,0.011481536215,0.0123026877081,0.0118850222744,0,0
1700,0.0123026877081,0.0131825673856,0.0127350308102,0,0
1700,0.0131825673856,0.0141253754462,0.0136458313659,0,0
1700,0.0141253754462,0.0151356124844,0.0146217717446,0,0
1700,0.0151356124844,0.0162181009736,0.0156675107011,0,0
1700,0.0162181009736,0.0173780082875,0.0167880401812,0,0
1700,0.0173780082875,0.0186208713666,0.0179887091513,0,0
1700,0.0186208713666,0.0199526231497,0.0192752491319,0,0
1700,0.0199526231497,0.021379620895,0.0206538015581,0,0
1700,0.021379620895,0.0229086765277,0.0221309470961,0,0
1700,0.0229086765277,0.0245470891569,0.0237137370566,0,0
1700,0.0245470891569,0.026302679919,0.0254097270555,0,0
1700,0.026302679919,0.0281838293126,0.0272270130808,0,0
1700,0.0281838293126,0.030199517204,0.02917427014,0,0
1700,0.030199517204,0.032359365693,0.0312607936712,0,0
1700,0.032359365693,0.0346736850453,0.0334965439158,0,0
1700,0.0346736850453,0.0371535229097,0.0358921934645,0,0
1700,0.0371535229097,0.0398107170553,0.0384591782045,0,0
1700,0.0398107170553,0.0426579518802,0.0412097519097,0,0
1700,0.0426579518802,0.0457088189615,0.0441570447353,0,0
1700,0.0457088189615,0.0489778819368,0.0473151258961,0,0
1700,0.0489778819368,0.052480746025,0.0506990708275,0,0
1700,0.052480746025,0.056234132519,0.0543250331492,0,0
1700,0.056234132519,0.0602559586074,0.0582103217771,0,0
1700,0.0602559586074,0.0645654229035,0.0623734835482,0,0
1700,0.0645654229035,0.0691830970919,0.0668343917569,0,0
1700,0.0691830970919,0.0741310241301,0.0716143410213,0,0
1700,0.0741310241301,0.0794328234724,0.0767361489362,0,0
1700,0.0794328234724,0.0851138038202,0.0822242649947,0,0
1700,0.0851138038202,0.0912010839356,0.0881048873008,0,0
1700,0.0912010839356,0.0977237220956,0.0944060876286,0,0
1700,0.0977237220956,0.104712854805,0.101157945426,0,0
1700,0.104712854805,0.11220184543,0.108392691402,0,0
1700,0.11220184543,0.120226443462,0.116144861384,0,0
1700,0.120226443462,0.128824955169,0.124451461177,0,0
1700,0.128824955169,0.13803842646,0.133352143216,0,0
1700,0.13803842646,0.147910838817,0.142889395851,0,0
1700,0.147910838817,0.158489319246,0.153108746168,0,0
1700,0.158489319246,0.169824365246,0.16405897732,0,0
1700,0.169824365246,0.181970085861,0.175792361396,0,0
1700,0.181970085861,0.194984459976,0.188364908949,0,0
1700,0.194984459976,0.208929613085,0.201836636368,0,0
1700,0.208929613085,0.223872113857,0.216271852373,0,0
1700,0.223872113857,0.239883291902,0.231739464997,0,0
1700,0.239883291902,0.257039578277,0.24831331053,0,0
1700,0.257039578277,0.275422870334,0.26607250598,0,0
1700,0.275422870334,0.295120922667,0.28510182675,0,0
1700,0.295120922667,0.316227766017,0.305492111322,0,0
1700,0.316227766017,0.338844156139,0.327340694879,0,0
1700,0.338844156139,0.36307805477,0.350751873953,0,0
1700,0.36307805477,0.389045144994,0.375837404288,0,0
1700,0.389045144994,0.41686938347,0.402717034325,0,0
1700,0.41686938347,0.446683592151,0.431519076828,0,0
1700,0.446683592151,0.478630092323,0.462381021399,0,0
1700,0.478630092323,0.512861383991,0.495450190805,0,0
1700,0.512861383991,0.549540873858,0.530884444231,0,0
1700,0.549540873858,0.588843655356,0.568852930844,0,0
1700,0.588843655356,0.63095734448,0.60953689724,0,0
1700,0.63095734448,0.676082975392,0.653130552647,0,0
1700,0.676082975392,0.724435960075,0.699841996002,0,0
1700,0.724435960075,0.776247116629,0.749894209332,0,0
1700,0.776247116629,0.831763771103,0.803526122186,0,0
1700,0.831763771103,0.891250938134,0.860993752185,0,0
1700,0.891250938134,0.954992586021,0.922571427155,0,0
1700,0.954992586021,1.02329299228,0.988553094657,0,0
1700,1.02329299228,1.09647819614,1.05925372518,0,0
1700,1.09647819614,1.17489755494,1.13501081567,0,0
1700,1.17489755494,1.25892541179,1.21618600065,0,0
1700,1.25892541179,1.34896288259,1.30316677845,0,0
1700,1.34896288259,1.44543977075,1.39636836106,0,0
1700,1.44543977075,1.54881661891,1.49623565609,0,0
1700,1.54881661891,1.65958690744,1.60324539069,0,0
1700,1.65958690744,1.77827941004,1.71790838716,0,0
1700,1.77827941004,1.90546071796,1.84077200147,0,0
1700,1.90546071796,2.04173794467,1.97242273611,0,0
1700,2.04173794467,2.18776162395,2.11348903984,0,0
1700,2.18776162395,2.34422881532,2.26464430759,0,0
1700,2.34422881532,2.51188643151,2.42661009508,0,0
1700,2.51188643151,2.69153480393,2.60015956317,0,0
1700,2.69153480393,2.88403150313,2.78612116863,0,0
1700,2.88403150313,3.09029543251,2.98538261892,0,0
1700,3.09029543251,3.31131121483,3.19889510969,0,0
1700,3.31131121483,3.54813389234,3.42767786546,0,0
1700,3.54813389234,3.80189396321,3.67282300498,0,0
1700,3.80189396321,4.07380277804,3.93550075456,0,0
1700,4.07380277804,4.3651583224,4.21696503429,0,0
1700,4.3651583224,4.67735141287,4.51855944375,0,0
1700,4.67735141287,5.01187233627,4.84172367584,0,0
1700,5.01187233627,5.3703179637,5.18800038929,0,0
1700,5.3703179637,5.75439937337,5.5590425727,0,0
1700,5.75439937337,6.16595001861,5.95662143529,0,0
1700,6.16595001861,6.60693448008,6.38263486191,0,0
1700,6.60693448008,7.07945784384,6.83911647281,0,0
1700,7.07945784384,7.58577575029,7.32824533139,0,0
1700,7.58577575029,8.12830516164,7.8523563461,0,0
1700,8.12830516164,8.70963589956,8.41395141645,0,0
1700,8.70963589956,9.33254300797,9.01571137606,0,0
1700,9.33254300797,10,9.6605087899,0,0
1800,0.01,0.0107151930524,0.0103514216668,0,0
1800,0.0107151930524,0.011481536215,0.0110917481526,0,0
1800,0.011481536215,0.0123026877081,0.0118850222744,0,0
1800,0.0123026877081,0.0131825673856,0.0127350308102,0,0
1800,0.0131825673856,0.0141253754462,0.0136458313659,0,0
1800,0.0141253754462,0.0151356124844,0.0146217717446,0,0
1800,0.0151356124844,0.0162181009736,0.0156675107011,0,0
1800,0.0162181009736,0.0173780082875,0.0167880401812,0,0
1800,0.0173780082875,0.0186208713666,0.0179887091513,0,0
1800,0.0186208713666,0.0199526231497,0.0192752491319,0,0
1800,0.0199526231497,0.021379620895,0.0206538015581,0,0
1800,0.021379620895,0.0229086765277,0.0221309470961,0,0
1800,0.0229086765277,0.0245470891569,0.0237137370566,0,0
1800,0.0245470891569,0.026302679919,0.0254097270555,0,0
1800,0.026302679919,0.0281838293126,0.0272270130808,0,0
1800,0.0281838293126,0.030199517204,0.02917427014,0,0
1800,0.030199517204,0.032359365693,0.0312607936712,0,0
1800,0.032359365693,0.0346736850453,0.0334965439158,0,0
1800,0.0346736850453,0.0371535229097,0.0358921934645,0,0
1800,0.0371535229097,0.0398107170553,0.0384591782045,0,0
1800,0.0398107170553,0.0426579518802,0.0412097519097,0,0
1800,0.0426579518802,0.0457088189615,0.0441570447353,0,0
1800,0.0457088189615,0.0489778819368,0.0473151258961,0,0
1800,0.0489778819368,0.052480746025,0.0506990708275,0,0
1800,0.052480746025,0.056234132519,0.0543250331492,0.199092168967,0.999499874937
1800,0.056234132519,0.0602559586074,0.0582103217771,0,0
1800,0.0602559586074,0.0645654229035,0.0623734835482,0,0
1800,0.0645654229035,0.0691830970919,0.0668343917569,0,0
1800,0.0691830970919,0.0741310241301,0.0716143410213,0.388421400333,0.999499874937
1800,0.0741310241301,0.0794328234724,0.0767361489362,0,0
1800,0.0794328234724,0.0851138038202,0.0822242649947,0,0
1800,0.0851138038202,0.0912010839356,0.0881048873008,0,0
1800,0.0912010839356,0.0977237220956,0.0944060876286,0,0
1800,0.0977237220956,0.104712854805,0.101157945426,0,0
1800,0.104712854805,0.11220184543,0.108392691402,0,0
1800,0.11220184543,0.120226443462,0.116144861384,0,0
1800,0.120226443462,0.128824955169,0.124451461177,0,0
1800,0.128824955169,0.13803842646,0.133352143216,0,0
1800,0.13803842646,0.147910838817,0.142889395851,0,0
1800,0.147910838817,0.158489319246,0.153108746168,0,0
1800,0.158489319246,0.169824365246,0.16405897732,0,0
1800,0.169824365246,0.181970085861,0.175792361396,0,0
1800,0.181970085861,0.194984459976,0.188364908949,0,0
1800,0.194984459976,0.208929613085,0.201836636368,0,0
1800,0.208929613085,0.223872113857,0.216271852373,0,0
1800,0.223872113857,0.239883291902,0.231739464997,0,0
1800,0.239883291902,0.257039578277,0.24831331053,0,0
1800,0.257039578277,0.275422870334,0.26607250598,0,0
1800,0.275422870334,0.295120922667,0.28510182675,0,0
1800,0.295120922667,0.316227766017,0.305492111322,0,0
1800,0.316227766017,0.338844156139,0.327340694879,0,0
1800,0.338844156139,0.36307805477,0.350751873953,0,0
1800,0.36307805477,0.389045144994,0.375837404288,0,0
1800,0.389045144994,0.41686938347,0.402717034325,0,0
1800,0.41686938347,0.446683592151,0.431519076828,0,0
1800,0.446683592151,0.478630092323,0.462381021399,0,0
1800,0.478630092323,0.512861383991,0.495450190805,0,0
1800,0.512861383991,0.549540873858,0.530884444231,0,0
1800,0.549540873858,0.588843655356,0.568852930844,0,0
1800,0.588843655356,0.63095734448,0.60953689724,0,0
1800,0.63095734448,0.676082975392,0.653130552647,0,0
1800,0.676082975392,0.724435960075,0.699841996002,0,0
1800,0.724435960075,0.776247116629,0.749894209332,0,0
1800,0.776247116629,0.831763771103,0.803526122186,0,0
1800,0.831763771103,0.891250938134,0.860993752185,0,0
1800,0.891250938134,0.954992586021,0.922571427155,0,0
1800,0.954992586021,1.02329299228,0.988553094657,0,0
1800,1.02329299228,1.09647819614,1.05925372518,0,0
1800,1.09647819614,1.17489755494,1.13501081567,0,0
1800,1.17489755494,1.25892541179,1.21618600065,0,0
1800,1.25892541179,1.34896288259,1.30316677845,0,0
1800,1.34896288259,1.44543977075,1.39636836106,0,0
1800,1.44543977075,1.54881661891,1.49623565609,0,0
1800,1.54881661891,1.65958690744,1.60324539069,0,0
1800,1.65958690744,1.77827941004,1.71790838716,0,0
1800,1.77827941004,1.90546071796,1.84077200147,0,0
1800,1.90546071796,2.04173794467,1.97242273611,0,0
1800,2.04173794467,2.18776162395,2.11348903984,0,0
1800,2.18776162395,2.34422881532,2.26464430759,0,0
1800,2.34422881532,2.51188643151,2.42661009508,0,0
1800,2.51188643151,2.69153480393,2.60015956317,0,0
1800,2.69153480393,2.88403150313,2.78612116863,0,0
1800,2.88403150313,3.09029543251,2.98538261892,0,0
1800,3.09029543251,3.31131121483,3.19889510969,0,0
1800,3.31131121483,3.54813389234,3.42767786546,0,0
1800,3.54813389234,3.80189396321,3.67282300498,0,0
1800,3.80189396321,4.07380277804,3.93550075456,0,0
1800,4.07380277804,4.3651583224,4.21696503429,0,0
1800,4.3651583224,4.67735141287,4.51855944375,0,0
1800,4.67735141287,5.01187233627,4.84172367584,0,0
1800,5.01187233627,5.3703179637,5.18800038929,0,0
1800,5.3703179637,5.75439937337,5.5590425727,0,0
1800,5.75439937337,6.16595001861,5.95662143529,0.674380675519,0.999499874937
1800,6.16595001861,6.60693448008,6.38263486191,0,0
1800,6.60693448008,7.07945784384,6.83911647281,0,0
1800,7.07945784384,7.58577575029,7.32824533139,0,0
1800,7.58577575029,8.12830516164,7.8523563461,0,0
1800,8.12830516164,8.70963589956,8.41395141645,0,0
1800,8.70963589956,9.33254300797,9.01571137606,0,0
1800,9.33254300797,10,9.6605087899,0,0
2000,0.01,0.0107151930524,0.0103514216668,0,0
2000,0.0107151930524,0.011481536215,0.0110917481526,0,0
2000,0.011481536215,0.0123026877081,0.0118850222744,0,0
2000,0.0123026877081,0.0131825673856,0.0127350308102,0,0
2000,0.0131825673856,0.0141253754462,0.0136458313659,0,0
2000,0.0141253754462,0.0151356124844,0.0146217717446,0,0
2000,0.0151356124844,0.0162181009736,0.0156675107011,0,0
2000,0.0162181009736,0.0173780082875,0.0167880401812,0,0
2000,0.0173780082875,0.0186208713666,0.0179887091513,0,0
2000,0.0186208713666,0.0199526231497,0.0192752491319,0,0
2000,0.0199526231497,0.021379620895,0.0206538015581,0,0
2000,0.021379620895,0.0229086765277,0.0221309470961,0,0
2000,0.0229086765277,0.0245470891569,0.0237137370566,0,0
2000,0.0245470891569,0.026302679919,0.0254097270555,0,0
2000,0.026302679919,0.0281838293126,0.0272270130808,0,0
2000,0.0281838293126,0.030199517204,0.02917427014,0,0
2000,0.030199517204,0.032359365693,0.0312607936712,0,0
2000,0.032359365693,0.0346736850453,0.0334965439158,0,0
2000,0.0346736850453,0.0371535229097,0.0358921934645,0,0
2000,0.0371535229097,0.0398107170553,0.0384591782045,0,0
2000,0.0398107170553,0.0426579518802,0.0412097519097,0,0
2000,0.0426579518802,0.0457088189615,0.0441570447353,0,0
2000,0.0457088189615,0.0489778819368,0.0473151258961,0,0
2000,0.0489778819368,0.052480746025,0.0506990708275,0,0
2000,0.052480746025,0.056234132519,0.0543250331492,0,0
2000,0.056234132519,0.0602559586074,0.0582103217771,0,0
2000,0.0602559586074,0.0645654229035,0.0623734835482,0,0
2000,0.0645654229035,0.0691830970919,0.0668343917569,0,0
2000,0.0691830970919,0.0741310241301,0.0716143410213,0,0
2000,0.0741310241301,0.0794328234724,0.0767361489362,0,0
2000,0.0794328234724,0.0851138038202,0.0822242649947,0,0
2000,0.0851138038202,0.0912010839356,0.0881048873008,0,0
2000,0.0912010839356,0.0977237220956,0.0944060876286,0,0
2000,0.0977237220956,0.104712854805,0.101157945426,0,0
2000,0.104712854805,0.11220184543,0.108392691402,0,0
2000,0.11220184543,0.120226443462,0.116144861384,0,0
2000,0.120226443462,0.128824955169,0.124451461177,0,0
2000,0.128824955169,0.13803842646,0.133352143216,0,0
2000,0.13803842646,0.147910838817,0.142889395851,0,0
2000,0.147910838817,0.158489319246,0.153108746168,0,0
2000,0.158489319246,0.169824365246,0.16405897732,0,0
2000,0.169824365246,0.181970085861,0.175792361396,0,0
2000,0.181970085861,0.194984459976,0.188364908949,0,0
2000,0.194984459976,0.208929613085,0.201836636368,0,0
2000,0.208929613085,0.223872113857,0.216271852373,0,0
2000,0.223872113857,0.239883291902,0.231739464997,0,0
2000,0.239883291902,0.257039578277,0.24831331053,0,0
2000,0.257039578277,0.275422870334,0.26607250598,0,0
2000,0.275422870334,0.295120922667,0.28510182675,0,0
2000,0.295120922667,0.316227766017,0.305492111322,0,0
2000,0.316227766017,0.338844156139,0.327340694879,0,0
2000,0.338844156139,0.36307805477,0.350751873953,0,0
2000,0.36307805477,0.389045144994,0.375837404288,0,0
2000,0.389045144994,0.41686938347,0.402717034325,0,0
2000,0.41686938347,0.446683592151,0.431519076828,0,0
2000,0.446683592151,0.478630092323,0.462381021399,0,0
2000,0.478630092323,0.512861383991,0.495450190805,0,0
2000,0.512861383991,0.549540873858,0.530884444231,0,0
2000,0.549540873858,0.588843655356,0.568852930844,0,0
2000,0.588843655356,0.63095734448,0.60953689724,0,0
2000,0.63095734448,0.676082975392,0.653130552647,0,0
2000,0.676082975392,0.724435960075,0.699841996002,0,0
2000,0.724435960075,0.776247116629,0.749894209332,0,0
2000,0.776247116629,0.831763771103,0.803526122186,0,0
2000,0.831763771103,0.891250938134,0.860993752185,0,0
2000,0.891250938134,0.954992586021,0.922571427155,0,0
2000,0.954992586021,1.02329299228,0.988553094657,0,0
2000,1.02329299228,1.09647819614,1.05925372518,0,0
2000,1.09647819614,1.17489755494,1.13501081567,0,0
2000,1.17489755494,1.25892541179,1.21618600065,0,0
2000,1.25892541179,1.34896288259,1.30316677845,0,0
2000,1.34896288259,1.44543977075,1.39636836106,0,0
2000,1.44543977075,1.54881661891,1.49623565609,0,0
2000,1.54881661891,1.65958690744,1.60324539069,0,0
2000,1.65958690744,1.77827941004,1.71790838716,0,0
2000,1.77827941004,1.90546071796,1.84077200147,0,0
2000,1.90546071796,2.04173794467,1.97242273611,0,0
2000,2.04173794467,2.18776162395,2.11348903984,0,0
2000,2.18776162395,2.34422881532,2.26464430759,0,0
2000,2.34422881532,2.51188643151,2.42661009508,0,0
2000,2.51188643151,2.69153480393,2.60015956317,0,0
2000,2.69153480393,2.88403150313,2.78612116863,0,0
2000,2.88403150313,3.09029543251,2.98538261892,0,0
2000,3.09029543251,3.31131121483,3.19889510969,0,0
2000,3.31131121483,3.54813389234,3.42767786546,0,0
2000,3.54813389234,3.80189396321,3.67282300498,0,0
2000,3.80189396321,4.07380277804,3.93550075456,0,0
2000,4.07380277804,4.3651583224,4.21696503429,0,0
2000,4.3651583224,4.67735141287,4.51855944375,0,0
2000,4.67735141287,5.01187233627,4.84172367584,0,0
2000,5.01187233627,5.3703179637,5.18800038929,0,0
2000,5.3703179637,5.75439937337,5.5590425727,0,0
2000,5.75439937337,6.16595001861,5.95662143529,0,0
2000,6.16595001861,6.60693448008,6.38263486191,0,0
2000,6.60693448008,7.07945784384,6.83911647281,0,0
2000,7.07945784384,7.58577575029,7.32824533139,0,0
2000,7.58577575029,8.12830516164,7.8523563461,0,0
2000,8.12830516164,8.70963589956,8.41395141645,0,0
2000,8.70963589956,9.33254300797,9.01571137606,0,0
2000,9.33254300797,10,9.6605087899,0,0
2100,0.01,0.0107151930524,0.0103514216668,0,0
2100,0.0107151930524,0.011481536215,0.0110917481526,0,0
2100,0.011481536215,0.0123026877081,0.0118850222744,0,0
2100,0.0123026877081,0.0131825673856,0.0127350308102,0,0
2100,0.0131825673856,0.0141253754462,0.0136458313659,0,0
2100,0.0141253754462,0.0151356124844,0.0146217717446,0,0
2100,0.0151356124844,0.0162181009736,0.0156675107011,0,0
2100,0.0162181009736,0.0173780082875,0.0167880401812,0,0
2100,0.0173780082875,0.0186208713666,0.0179887091513,0,0
2100,0.0186208713666,0.0199526231497,0.0192752491319,0,0
2100,0.0199526231497,0.021379620895,0.0206538015581,0,0
2100,0.021379620895,0.0229086765277,0.0221309470961,0,0
2100,0.0229086765277,0.0245470891569,0.0237137370566,0,0
2100,0.0245470891569,0.026302679919,0.0254097270555,0,0
2100,0.026302679919,0.0281838293126,0.0272270130808,0,0
2100,0.0281838293126,0.030199517204,0.02917427014,0,0
2100,0.030199517204,0.032359365693,0.0312607936712,0,0
2100,0.032359365693,0.0346736850453,0.0334965439158,0,0
2100,0.0346736850453,0.0371535229097,0.0358921934645,0,0
2100,0.0371535229097,0.0398107170553,0.0384591782045,0,0
2100,0.0398107170553,0.0426579518802,0.0412097519097,0,0
2100,0.0426579518802,0.0457088189615,0.0441570447353,0,0
2100,0.0457088189615,0.0489778819368,0.0473151258961,0,0
2100,0.0489778819368,0.052480746025,0.0506990708275,0,0
2100,0.052480746025,0.056234132519,0.0543250331492,0,0
2100,0.056234132519,0.0602559586074,0.0582103217771,0,0
2100,0.0602559586074,0.0645654229035,0.0623734835482,0,0
2100,0.0645654229035,0.0691830970919,0.0668343917569,0,0
2100,0.0691830970919,0.0741310241301,0.0716143410213,0,0
2100,0.0741310241301,0.0794328234724,0.0767361489362,0,0
2100,0.0794328234724,0.0851138038202,0.0822242649947,0,0
2100,0.0851138038202,0.0912010839356,0.0881048873008,0,0
2100,0.0912010839356,0.0977237220956,0.0944060876286,0,0
2100,0.0977237220956,0.104712854805,0.101157945426,0,0
2100,0.104712854805,0.11220184543,0.108392691402,0,0
2100,0.11220184543,0.120226443462,0.116144861384,0,0
2100,0.120226443462,0.128824955169,0.124451461177,0,0
2100,0.128824955169,0.13803842646,0.133352143216,0,0
2100,0.13803842646,0.147910838817,0.142889395851,0,0
2100,0.147910838817,0.158489319246,0.153108746168,0,0
2100,0.158489319246,0.169824365246,0.16405897732,0,0
2100,0.169824365246,0.181970085861,0.175792361396,0,0
2100,0.181970085861,0.194984459976,0.188364908949,0,0
2100,0.194984459976,0.208929613085,0.201836636368,0,0
2100,0.208929613085,0.223872113857,0.216271852373,0,0
2100,0.223872113857,0.239883291902,0.231739464997,0,0
2100,0.239883291902,0.257039578277,0.24831331053,0,0
2100,0.257039578277,0.275422870334,0.26607250598,0,0
2100,0.275422870334,0.295120922667,0.28510182675,0,0
2100,0.295120922667,0.316227766017,0.305492111322,0,0
2100,0.316227766017,0.338844156139,0.327340694879,0,0
2100,0.338844156139,0.36307805477,0.350751873953,0,0
2100,0.36307805477,0.389045144994,0.375837404288,0,0
2100,0.389045144994,0.41686938347,0.402717034325,0,0
2100,0.41686938347,0.446683592151,0.431519076828,0,0
2100,0.446683592151,0.478630092323,0.462381021399,0,0
2100,0.478630092323,0.512861383991,0.495450190805,0,0
2100,0.512861383991,0.549540873858,0.530884444231,0,0
2100,0.549540873858,0.588843655356,0.568852930844,0,0
2100,0.588843655356,0.63095734448,0.60953689724,0,0
2100,0.63095734448,0.676082975392,0.653130552647,0,0
2100,0.676082975392,0.724435960075,0.699841996002,0,0
2100,0.724435960075,0.776247116629,0.749894209332,0,0
2100,0.776247116629,0.831763771103,0.803526122186,0,0
2100,0.831763771103,0.891250938134,0.860993752185,0,0
2100,0.891250938134,0.954992586021,0.922571427155,0,0
2100,0.954992586021,1.02329299228,0.988553094657,0,0
2100,1.02329299228,1.09647819614,1.05925372518,0,0
2100,1.09647819614,1.17489755494,1.13501081567,0,0
2100,1.17489755494,1.25892541179,1.21618600065,0,0
2100,1.25892541179,1.34896288259,1.30316677845,0,0
2100,1.34896288259,1.44543977075,1.39636836106,0,0
2100,1.44543977075,1.54881661891,1.49623565609,0,0
2100,1.54881661891,1.65958690744,1.60324539069,0,0
2100,1.65958690744,1.77827941004,1.71790838716,0,0
2100,1.77827941004,1.90546071796,1.84077200147,0,0
2100,1.90546071796,2.04173794467,1.97242273611,0,0
2100,2.04173794467,2.18776162395,2.11348903984,0,0
2100,2.18776162395,2.34422881532,2.26464430759,0,0
2100,2.34422881532,2.51188643151,2.42661009508,0,0
2100,2.51188643151,2.69153480393,2.60015956317,0,0
2100,2.69153480393,2.88403150313,2.78612116863,0,0
2100,2.88403150313,3.09029543251,2.98538261892,0,0
2100,3.09029543251,3.31131121483,3.19889510969,0,0
2100,3.31131121483,3.54813389234,3.42767786546,0,0
2100,3.54813389234,3.80189396321,3.67282300498,0,0
2100,3.80189396321,4.07380277804,3.93550075456,0,0
2100,4.07380277804,4.3651583224,4.21696503429,0,0
2100,4.3651583224,4.67735141287,4.51855944375,0,0
2100,4.67735141287,5.01187233627,4.84172367584,0,0
2100,5.01187233627,5.3703179637,5.18800038929,0,0
2100,5.3703179637,5.75439937337,5.5590425727,0,0
2100,5.75439937337,6.16595001861,5.95662143529,0,0
2100,6.16595001861,6.60693448008,6.38263486191,0,0
2100,6.60693448008,7.07945784384,6.83911647281,0,0
2100,7.07945784384,7.58577575029,7.32824533139,0,0
2100,7.58577575029,8.12830516164,7.8523563461,0,0
2100,8.12830516164,8.70963589956,8.41395141645,0,0
2100,8.70963589956,9.33254300797,9.01571137606,0,0
2100,9.33254300797,10,9.6605087899,0,0
2300,0.01,0.0107151930524,0.0103514216668,0,0
2300,0.0107151930524,0.011481536215,0.0110917481526,0,0
2300,0.011481536215,0.0123026877081,0.0118850222744,0,0
2300,0.0123026877081,0.0131825673856,0.0127350308102,0,0
2300,0.0131825673856,0.0141253754462,0.0136458313659,0,0
2300,0.0141253754462,0.0151356124844,0.0146217717446,0,0
2300,0.0151356124844,0.0162181009736,0.0156675107011,0,0
2300,0.0162181009736,0.0173780082875,0.0167880401812,0,0
2300,0.0173780082875,0.0186208713666,0.0179887091513,0,0
2300,0.0186208713666,0.0199526231497,0.0192752491319,0,0
2300,0.0199526231497,0.021379620895,0.0206538015581,0,0
2300,0.021379620895,0.0229086765277,0.0221309470961,0,0
2300,0.0229086765277,0.0245470891569,0.0237137370566,0,0
2300,0.0245470891569,0.026302679919,0.0254097270555,0,0
2300,0.026302679919,0.0281838293126,0.0272270130808,0,0
2300,0.0281838293126,0.030199517204,0.02917427014,0,0
2300,0.030199517204,0.032359365693,0.0312607936712,0,0
2300,0.032359365693,0.0346736850453,0.0334965439158,0,0
2300,0.0346736850453,0.0371535229097,0.0358921934645,0,0
2300,0.0371535229097,0.0398107170553,0.0384591782045,0,0
2300,0.0398107170553,0.0426579518802,0.0412097519097,0,0
2300,0.0426579518802,0.0457088189615,0.0441570447353,0,0
2300,0.0457088189615,0.0489778819368,0.0473151258961,0,0
2300,0.0489778819368,0.052480746025,0.0506990708275,0,0
2300,0.052480746025,0.056234132519,0.0543250331492,0,0
2300,0.056234132519,0.0602559586074,0.0582103217771,0,0
2300,0.0602559586074,0.0645654229035,0.0623734835482,0,0
2300,0.0645654229035,0.0691830970919,0.0668343917569,0,0
2300,0.0691830970919,0.0741310241301,0.0716143410213,0,0
2300,0.0741310241301,0.0794328234724,0.0767361489362,0,0
2300,0.0794328234724,0.0851138038202,0.0822242649947,0,0
2300,0.0851138038202,0.0912010839356,0.0881048873008,0,0
2300,0.0912010839356,0.0977237220956,0.0944060876286,0,0
2300,0.0977237220956,0.104712854805,0.101157945426,0,0
2300,0.104712854805,0.11220184543,0.108392691402,0,0
2300,0.11220184543,0.120226443462,0.116144861384,0,0
2300,0.120226443462,0.128824955169,0.124451461177,0,0
2300,0.128824955169,0.13803842646,0.133352143216,0,0
2300,0.13803842646,0.147910838817,0.142889395851,0,0
2300,0.147910838817,0.158489319246,0.153108746168,0,0
2300,0.158489319246,0.169824365246,0.16405897732,0,0
2300,0.169824365246,0.181970085861,0.175792361396,0,0
2300,0.181970085861,0.194984459976,0.188364908949,0,0
2300,0.194984459976,0.208929613085,0.201836636368,0,0
2300,0.208929613085,0.223872113857,0.216271852373,0,0
2300,0.223872113857,0.239883291902,0.231739464997,0,0
2300,0.239883291902,0.257039578277,0.24831331053,0,0
2300,0.257039578277,0.275422870334,0.26607250598,0,0
2300,0.275422870334,0.295120922667,0.28510182675,0,0
2300,0.295120922667,0.316227766017,0.305492111322,0,0
2300,0.316227766017,0.338844156139,0.327340694879,0,0
2300,0.338844156139,0.36307805477,0.350751873953,0,0
2300,0.36307805477,0.389045144994,0.375837404288,0,0
2300,0.389045144994,0.41686938347,0.402717034325,0,0
2300,0.41686938347,0.446683592151,0.431519076828,0,0
2300,0.446683592151,0.478630092323,0.462381021399,0,0
2300,0.478630092323,0.512861383991,0.495450190805,0,0
2300,0.512861383991,0.549540873858,0.530884444231,0,0
2300,0.549540873858,0.588843655356,0.568852930844,0,0
2300,0.588843655356,0.63095734448,0.60953689724,0,0
2300,0.63095734448,0.676082975392,0.653130552647,0,0
2300,0.676082975392,0.724435960075,0.699841996002,0,0
2300,0.724435960075,0.776247116629,0.749894209332,0,0
2300,0.776247116629,0.831763771103,0.803526122186,0,0
2300,0.831763771103,0.891250938134,0.860993752185,0,0
2300,0.891250938134,0.954992586021,0.922571427155,0,0
2300,0.954992586021,1.02329299228,0.988553094657,0,0
2300,1.02329299228,1.09647819614,1.05925372518,0,0
2300,1.09647819614,1.17489755494,1.13501081567,0,0
2300,1.17489755494,1.25892541179,1.21618600065,0,0
2300,1.25892541179,1.34896288259,1.30316677845,0,0
2300,1.34896288259,1.44543977075,1.39636836106,0,0
2300,1.44543977075,1.54881661891,1.49623565609,0,0
2300,1.54881661891,1.65958690744,1.60324539069,0,0
2300,1.65958690744,1.77827941004,1.71790838716,0,0
2300,1.77827941004,1.90546071796,1.84077200147,0,0
2300,1.90546071796,2.04173794467,1.97242273611,0,0
2300,2.04173794467,2.18776162395,2.11348903984,0,0
2300,2.18776162395,2.34422881532,2.26464430759,0,0
2300,2.34422881532,2.51188643151,2.42661009508,0,0
2300,2.51188643151,2.69153480393,2.60015956317,0,0
2300,2.69153480393,2.88403150313,2.78612116863,0,0
2300,2.88403150313,3.09029543251,2.98538261892,0,0
2300,3.09029543251,3.31131121483,3.19889510969,0,0
2300,3.31131121483,3.54813389234,3.42767786546,0,0
2300,3.54813389234,3.80189396321,3.67282300498,0,0
2300,3.80189396321,4.07380277804,3.93550075456,0,0
2300,4.07380277804,4.3651583224,4.21696503429,0,0
2300,4.3651583224,4.67735141287,4.51855944375,0,0
2300,4.67735141287,5.01187233627,4.84172367584,0,0
2300,5.01187233627,5.3703179637,5.18800038929,0,0
2300,5.3703179637,5.75439937337,5.5590425727,0,0
2300,5.75439937337,6.16595001861,5.95662143529,0,0
2300,6.16595001861,6.60693448008,6.38263486191,0,0
2300,6.60693448008,7.07945784384,6.83911647281,0,0
2300,7.07945784384,7.58577575029,7.32824533139,0,0
2300,7.58577575029,8.12830516164,7.8523563461,0,0
2300,8.12830516164,8.70963589956,8.41395141645,0,0
2300,8.70963589956,9.33254300797,9.01571137606,0,0
2300,9.33254300797,10,9.6605087899,0,0
2500,0.01,0.0107151930524,0.0103514216668,0,0
2500,0.0107151930524,0.011481536215,0.0110917481526,0,0
2500,0.011481536215,0.0123026877081,0.0118850222744,0,0
2500,0.0123026877081,0.0131825673856,0.0127350308102,0,0
2500,0.0131825673856,0.0141253754462,0.0136458313659,0,0
2500,0.0141253754462,0.0151356124844,0.0146217717446,0,0
2500,0.0151356124844,0.0162181009736,0.0156675107011,0,0
2500,0.0162181009736,0.0173780082875,0.0167880401812,0,0
2500,0.0173780082875,0.0186208713666,0.0179887091513,0,0
2500,0.0186208713666,0.0199526231497,0.0192752491319,0,0
2500,0.0199526231497,0.021379620895,0.0206538015581,0,0
2500,0.021379620895,0.0229086765277,0.0221309470961,0,0
2500,0.0229086765277,0.0245470891569,0.0237137370566,0,0
2500,0.0245470891569,0.026302679919,0.0254097270555,0,0
2500,0.026302679919,0.0281838293126,0.0272270130808,0,0
2500,0.0281838293126,0.030199517204,0.02917427014,0,0
2500,0.030199517204,0.032359365693,0.0312607936712,0,0
2500,0.032359365693,0.0346736850453,0.0334965439158,0,0
2500,0.0346736850453,0.0371535229097,0.0358921934645,0,0
2500,0.0371535229097,0.0398107170553,0.0384591782045,0,0
2500,0.0398107170553,0.0426579518802,0.0412097519097,0,0
2500,0.0426579518802,0.0457088189615,0.0441570447353,0,0
2500,0.0457088189615,0.0489778819368,0.0473151258961,0,0
2500,0.0489778819368,0.052480746025,0.0506990708275,0,0
2500,0.052480746025,0.056234132519,0.0543250331492,0,0
2500,0.056234132519,0.0602559586074,0.0582103217771,0,0
2500,0.0602559586074,0.0645654229035,0.0623734835482,0,0
2500,0.0645654229035,0.0691830970919,0.0668343917569,0,0
2500,0.0691830970919,0.0741310241301,0.0716143410213,0,0
2500,0.0741310241301,0.0794328234724,0.0767361489362,0,0
2500,0.0794328234724,0.0851138038202,0.0822242649947,0,0
2500,0.0851138038202,0.0912010839356,0.0881048873008,0,0
2500,0.0912010839356,0.0977237220956,0.0944060876286,0,0
2500,0.0977237220956,0.104712854805,0.101157945426,0,0
2500,0.104712854805,0.11220184543,0.108392691402,0,0
2500,0.11220184543,0.120226443462,0.116144861384,0,0
2500,0.120226443462,0.128824955169,0.124451461177,0,0
2500,0.128824955169,0.13803842646,0.133352143216,0.60908102261,0.999499874937
2500,0.13803842646,0.147910838817,0.142889395851,0,0
2500,0.147910838817,0.158489319246,0.153108746168,0,0
2500,0.158489319246,0.169824365246,0.16405897732,0,0
2500,0.169824365246,0.181970085861,0.175792361396,0,0
2500,0.181970085861,0.194984459976,0.188364908949,0,0
2500,0.194984459976,0.208929613085,0.201836636368,0,0
2500,0.208929613085,0.223872113857,0.216271852373,0,0
2500,0.223872113857,0.239883291902,0.231739464997,0,0
2500,0.239883291902,0.257039578277,0.24831331053,0,0
2500,0.257039578277,0.275422870334,0.26607250598,0,0
2500,0.275422870334,0.295120922667,0.28510182675,0,0
2500,0.295120922667,0.316227766017,0.305492111322,0,0
2500,0.316227766017,0.338844156139,0.327340694879,0,0
2500,0.338844156139,0.36307805477,0.350751873953,0,0
2500,0.36307805477,0.389045144994,0.375837404288,0,0
2500,0.389045144994,0.41686938347,0.402717034325,0,0
2500,0.41686938347,0.446683592151,0.431519076828,0,0
2500,0.446683592151,0.478630092323,0.462381021399,0,0
2500,0.478630092323,0.512861383991,0.495450190805,0,0
2500,0.512861383991,0.549540873858,0.530884444231,0,0
2500,0.549540873858,0.588843655356,0.568852930844,0,0
2500,0.588843655356,0.63095734448,0.60953689724,0,0
2500,0.63095734448,0.676082975392,0.653130552647,0,0
2500,0.676082975392,0.724435960075,0.699841996002,0,0
2500,0.724435960075,0.776247116629,0.749894209332,0,0
2500,0.776247116629,0.831763771103,0.803526122186,0,0
2500,0.831763771103,0.891250938134,0.860993752185,0,0
2500,0.891250938134,0.954992586021,0.922571427155,0,0
2500,0.954992586021,1.02329299228,0.988553094657,0,0
2500,1.02329299228,1.09647819614,1.05925372518,0,0
2500,1.09647819614,1.17489755494,1.13501081567,0,0
2500,1.17489755494,1.25892541179,1.21618600065,0,0
2500,1.25892541179,1.34896288259,1.30316677845,0,0
2500,1.34896288259,1.44543977075,1.39636836106,0,0
2500,1.44543977075,1.54881661891,1.49623565609,0,0
2500,1.54881661891,1.65958690744,1.60324539069,0,0
2500,1.65958690744,1.77827941004,1.71790838716,0,0
2500,1.77827941004,1.90546071796,1.84077200147,0,0
2500,1.90546071796,2.04173794467,1.97242273611,0,0
2500,2.04173794467,2.18776162395,2.11348903984,0,0
2500,2.18776162395,2.34422881532,2.26464430759,0,0
2500,2.34422881532,2.51188643151,2.42661009508,0,0
2500,2.51188643151,2.69153480393,2.60015956317,0,0
2500,2.69153480393,2.88403150313,2.78612116863,0,0
2500,2.88403150313,3.09029543251,2.98538261892,0,0
2500,3.09029543251,3.31131121483,3.19889510969,0,0
2500,3.31131121483,3.54813389234,3.42767786546,0,0
2500,3.54813389234,3.80189396321,3.67282300498,0,0
2500,3.80189396321,4.07380277804,3.93550075456,0,0
2500,4.07380277804,4.3651583224,4.21696503429,0,0
2500,4.3651583224,4.67735141287,4.51855944375,0,0
2500,4.67735141287,5.01187233627,4.84172367584,0,0
2500,5.01187233627,5.3703179637,5.18800038929,0,0
2500,5.3703179637,5.75439937337,5.5590425727,0,0
2500,5.75439937337,6.16595001861,5.95662143529,0,0
2500,6.16595001861,6.60693448008,6.38263486191,0,0
2500,6.60693448008,7.07945784384,6.83911647281,0,0
2500,7.07945784384,7.58577575029,7.32824533139,0,0
2500,7.58577575029,8.12830516164,7.8523563461,0,0
2500,8.12830516164,8.70963589956,8.41395141645,0,0
2500,8.70963589956,9.33254300797,9.01571137606,0,0
2500,9.33254300797,10,9.6605087899,0.589369616668,0.706400145521
2700,0.01,0.0107151930524,0.0103514216668,0,0
2700,0.0107151930524,0.011481536215,0.0110917481526,0,0
2700,0.011481536215,0.0123026877081,0.0118850222744,0,0
2700,0.0123026877081,0.0131825673856,0.0127350308102,0,0
2700,0.0131825673856,0.0141253754462,0.0136458313659,0,0
2700,0.0141253754462,0.0151356124844,0.0146217717446,0,0
2700,0.0151356124844,0.0162181009736,0.0156675107011,0,0
2700,0.0162181009736,0.0173780082875,0.0167880401812,0,0
2700,0.0173780082875,0.0186208713666,0.0179887091513,0,0
2700,0.0186208713666,0.0199526231497,0.0192752491319,0,0
2700,0.0199526231497,0.021379620895,0.0206538015581,0,0
2700,0.021379620895,0.0229086765277,0.0221309470961,0,0
2700,0.0229086765277,0.0245470891569,0.0237137370566,0,0
2700,0.0245470891569,0.026302679919,0.0254097270555,0,0
2700,0.026302679919,0.0281838293126,0.0272270130808,0.00330276065954,0.999499874937
2700,0.0281838293126,0.030199517204,0.02917427014,0,0
2700,0.030199517204,0.032359365693,0.0312607936712,0.0234427003024,0.999499874937
2700,0.032359365693,0.0346736850453,0.0334965439158,0.0147960367605,0.999499874937
2700,0.0346736850453,0.0371535229097,0.0358921934645,0.0319147347645,0.999499874937
2700,0.0371535229097,0.0398107170553,0.0384591782045,0.0632918888924,0.72154658305
2700,0.0398107170553,0.0426579518802,0.0412097519097,0,0
2700,0.0426579518802,0.0457088189615,0.0441570447353,0.038434854588,0.725329549316
2700,0.0457088189615,0.0489778819368,0.0473151258961,0.0500806911915,0.630702817849
2700,0.0489778819368,0.052480746025,0.0506990708275,0.0229717886995,0.710888879841
2700,0.052480746025,0.056234132519,0.0543250331492,0.0459564178961,0.768925979135
2700,0.056234132519,0.0602559586074,0.0582103217771,0.0143737426353,0.999499874937
2700,0.0602559586074,0.0645654229035,0.0623734835482,0,0
2700,0.0645654229035,0.0691830970919,0.0668343917569,0.112684210554,0.658995057786
2700,0.0691830970919,0.0741310241301,0.0716143410213,0.0486801736543,0.794574741272
2700,0.0741310241301,0.0794328234724,0.0767361489362,0.0135915101287,0.999499874937
2700,0.0794328234724,0.0851138038202,0.0822242649947,0.0606712335056,0.999499874937
2700,0.0851138038202,0.0912010839356,0.0881048873008,0.104300609687,0.511213363155
2700,0.0912010839356,0.0977237220956,0.0944060876286,0,0
2700,0.0977237220956,0.104712854805,0.101157945426,0.0764550771462,0.447871677774
2700,0.104712854805,0.11220184543,0.108392691402,0.112945297379,0.609940338215
2700,0.11220184543,0.120226443462,0.116144861384,0.0910416021518,0.816620992059
2700,0.120226443462,0.128824955169,0.124451461177,0.418391046077,0.467377892745
2700,0.128824955169,0.13803842646,0.133352143216,0.0383440474476,0.904536481944
2700,0.13803842646,0.147910838817,0.142889395851,0.00958837923368,0.715218283178
2700,0.147910838817,0.158489319246,0.153108746168,0.0245713600775,0.665378732815
2700,0.158489319246,0.169824365246,0.16405897732,0.112625038339,0.447717649497
2700,0.169824365246,0.181970085861,0.175792361396,0.072200983903,0.77601927918
2700,0.181970085861,0.194984459976,0.188364908949,0.105239585401,0.627092662778
2700,0.194984459976,0.208929613085,0.201836636368,0.181324941133,0.592933118384
2700,0.208929613085,0.223872113857,0.216271852373,0.335751263704,0.553681720304
2700,0.223872113857,0.239883291902,0.231739464997,0.058807187677,0.551533369226
2700,0.239883291902,0.257039578277,0.24831331053,0.0757644310165,0.606687920758
2700,0.257039578277,0.275422870334,0.26607250598,0.14402429413,0.465418230183
2700,0.275422870334,0.295120922667,0.28510182675,0.0944378428547,0.463282960449
2700,0.295120922667,0.316227766017,0.305492111322,0.0656955423405,0.603220965868
2700,0.316227766017,0.338844156139,0.327340694879,0.167840848184,0.512187750368
2700,0.338844156139,0.36307805477,0.350751873953,0.053688483994,0.498371113494
2700,0.36307805477,0.389045144994,0.375837404288,0.0508924328022,0.768494220304
2700,0.389045144994,0.41686938347,0.402717034325,0.129879035207,0.593207932159
2700,0.41686938347,0.446683592151,0.431519076828,0.0819227465261,0.627039913106
2700,0.446683592151,0.478630092323,0.462381021399,0.0527058001943,0.513799690564
2700,0.478630092323,0.512861383991,0.495450190805,1.1199977924,0.231636286194
2700,0.512861383991,0.549540873858,0.530884444231,0.0351440705228,0.999499874937
2700,0.549540873858,0.588843655356,0.568852930844,0.0459185270338,0.803891754851
2700,0.588843655356,0.63095734448,0.60953689724,0.0151382147845,0.999499874937
2700,0.63095734448,0.676082975392,0.653130552647,0,0
2700,0.676082975392,0.724435960075,0.699841996002,0.117610150595,0.999499874937
2700,0.724435960075,0.776247116629,0.749894209332,0.0370790182408,0.77852853906
2700,0.776247116629,0.831763771103,0.803526122186,0.0320739669609,0.999499874937
2700,0.831763771103,0.891250938134,0.860993752185,0.0265037911861,0.813773820105
2700,0.891250938134,0.954992586021,0.922571427155,0.027084756463,0.999499874937
2700,0.954992586021,1.02329299228,0.988553094657,0.0162826514013,0.883018327724
2700,1.02329299228,1.09647819614,1.05925372518,0.0302438409508,0.999499874937
2700,1.09647819614,1.17489755494,1.13501081567,0.0506390979827,0.999499874937
2700,1.17489755494,1.25892541179,1.21618600065,0.0517932367093,0.578896728081
2700,1.25892541179,1.34896288259,1.30316677845,0.0355423145969,0.681056673896
2700,1.34896288259,1.44543977075,1.39636836106,0,0
2700,1.44543977075,1.54881661891,1.49623565609,0.0249261212095,0.706518710108
2700,1.54881661891,1.65958690744,1.60324539069,0.00381981827855,0.999499874937
2700,1.65958690744,1.77827941004,1.71790838716,0.0733251442811,0.632493396853
2700,1.77827941004,1.90546071796,1.84077200147,0,0
2700,1.90546071796,2.04173794467,1.97242273611,0.00869977733896,0.999499874937
2700,2.04173794467,2.18776162395,2.11348903984,0.0044950403729,0.999499874937
2700,2.18776162395,2.34422881532,2.26464430759,0.142151495964,0.58705590695
2700,2.34422881532,2.51188643151,2.42661009508,0.0128992845263,0.633936812374
2700,2.51188643151,2.69153480393,2.60015956317,0.0296554837249,0.71083225415
2700,2.69153480393,2.88403150313,2.78612116863,0.0214001684972,0.999499874937
2700,2.88403150313,3.09029543251,2.98538261892,0,0
2700,3.09029543251,3.31131121483,3.19889510969,0.0209819941355,0.969581676253
2700,3.31131121483,3.54813389234,3.42767786546,0,0
2700,3.54813389234,3.80189396321,3.67282300498,0,0
2700,3.80189396321,4.07380277804,3.93550075456,0.0409311083902,0.706403023454
2700,4.07380277804,4.3651583224,4.21696503429,0.0589125387368,0.690367329131
2700,4.3651583224,4.67735141287,4.51855944375,0.1148128158,0.574532066146
2700,4.67735141287,5.01187233627,4.84172367584,0.0424100487183,0.708513259045
2700,5.01187233627,5.3703179637,5.18800038929,0.0154678077085,0.999499874937
2700,5.3703179637,5.75439937337,5.5590425727,0.0283148210867,0.999499874937
2700,5.75439937337,6.16595001861,5.95662143529,0.117982513217,0.540950910564
2700,6.16595001861,6.60693448008,6.38263486191,0.0301912312817,0.999499874937
2700,6.60693448008,7.07945784384,6.83911647281,0,0
2700,7.07945784384,7.58577575029,7.32824533139,0.00878720196732,0.999499874937
2700,7.58577575029,8.12830516164,7.8523563461,0.0142551730475,0.999499874937
2700,8.12830516164,8.70963589956,8.41395141645,0.0718404924105,0.527939239556
2700,8.70963589956,9.33254300797,9.01571137606,0.0229457020297,0.999499874937
2700,9.33254300797,10,9.6605087899,16.292048473,0.0273975431057
2900,0.01,0.0107151930524,0.0103514216668,0,0
2900,0.0107151930524,0.011481536215,0.0110917481526,0,0
2900,0.011481536215,0.0123026877081,0.0118850222744,0,0
2900,0.0123026877081,0.0131825673856,0.0127350308102,0,0
2900,0.0131825673856,0.0141253754462,0.0136458313659,0,0
2900,0.0141253754462,0.0151356124844,0.0146217717446,0,0
2900,0.0151356124844,0.0162181009736,0.0156675107011,0,0
2900,0.0162181009736,0.0173780082875,0.0167880401812,0,0
2900,0.0173780082875,0.0186208713666,0.0179887091513,0,0
2900,0.0186208713666,0.0199526231497,0.0192752491319,0,0
2900,0.0199526231497,0.021379620895,0.0206538015581,0,0
2900,0.021379620895,0.0229086765277,0.0221309470961,0,0
2900,0.0229086765277,0.0245470891569,0.0237137370566,0,0
2900,0.0245470891569,0.026302679919,0.0254097270555,0,0
2900,0.026302679919,0.0281838293126,0.0272270130808,0,0
2900,0.0281838293126,0.030199517204,0.02917427014,0,0
2900,0.030199517204,0.032359365693,0.0312607936712,0,0
2900,0.032359365693,0.0346736850453,0.0334965439158,0,0
2900,0.0346736850453,0.0371535229097,0.0358921934645,0,0
2900,0.0371535229097,0.0398107170553,0.0384591782045,0,0
2900,0.0398107170553,0.0426579518802,0.0412097519097,0,0
2900,0.0426579518802,0.0457088189615,0.0441570447353,0,0
2900,0.0457088189615,0.0489778819368,0.0473151258961,0,0
2900,0.0489778819368,0.052480746025,0.0506990708275,0,0
2900,0.052480746025,0.056234132519,0.0543250331492,0,0
2900,0.056234132519,0.0602559586074,0.0582103217771,0,0
2900,0.0602559586074,0.0645654229035,0.0623734835482,0,0
2900,0.0645654229035,0.0691830970919,0.0668343917569,0,0
2900,0.0691830970919,0.0741310241301,0.0716143410213,0,0
2900,0.0741310241301,0.0794328234724,0.0767361489362,0,0
2900,0.0794328234724,0.0851138038202,0.0822242649947,0,0
2900,0.0851138038202,0.0912010839356,0.0881048873008,0,0
2900,0.0912010839356,0.0977237220956,0.0944060876286,0,0
2900,0.0977237220956,0.104712854805,0.101157945426,0,0
2900,0.104712854805,0.11220184543,0.108392691402,0,0
2900,0.11220184543,0.120226443462,0.116144861384,0,0
2900,0.120226443462,0.128824955169,0.124451461177,0,0
2900,0.128824955169,0.13803842646,0.133352143216,0,0
2900,0.13803842646,0.147910838817,0.142889395851,0,0
2900,0.147910838817,0.158489319246,0.153108746168,0,0
2900,0.158489319246,0.169824365246,0.16405897732,0,0
2900,0.169824365246,0.181970085861,0.175792361396,0,0
2900,0.181970085861,0.194984459976,0.188364908949,0,0
2900,0.194984459976,0.208929613085,0.201836636368,0,0
2900,0.208929613085,0.223872113857,0.216271852373,0,0
2900,0.223872113857,0.239883291902,0.231739464997,0,0
2900,0.239883291902,0.257039578277,0.24831331053,0,0
2900,0.257039578277,0.275422870334,0.26607250598,0,0
2900,0.275422870334,0.295120922667,0.28510182675,0,0
2900,0.295120922667,0.316227766017,0.305492111322,0,0
2900,0.316227766017,0.338844156139,0.327340694879,0,0
2900,0.338844156139,0.36307805477,0.350751873953,0,0
2900,0.36307805477,0.389045144994,0.375837404288,0,0
2900,0.389045144994,0.41686938347,0.402717034325,0,0
2900,0.41686938347,0.446683592151,0.431519076828,0,0
2900,0.446683592151,0.478630092323,0.462381021399,0,0
2900,0.478630092323,0.512861383991,0.495450190805,0,0
2900,0.512861383991,0.549540873858,0.530884444231,0,0
2900,0.549540873858,0.588843655356,0.568852930844,0,0
2900,0.588843655356,0.63095734448,0.60953689724,0,0
2900,0.63095734448,0.676082975392,0.653130552647,0,0
2900,0.676082975392,0.724435960075,0.699841996002,0,0
2900,0.724435960075,0.776247116629,0.749894209332,0,0
2900,0.776247116629,0.831763771103,0.803526122186,0,0
2900,0.831763771103,0.891250938134,0.860993752185,0,0
2900,0.891250938134,0.954992586021,0.922571427155,0,0
2900,0.954992586021,1.02329299228,0.988553094657,0,0
2900,1.02329299228,1.09647819614,1.05925372518,0,0
2900,1.09647819614,1.17489755494,1.13501081567,0,0
2900,1.17489755494,1.25892541179,1.21618600065,0,0
2900,1.25892541179,1.34896288259,1.30316677845,0,0
2900,1.34896288259,1.44543977075,1.39636836106,0,0
2900,1.44543977075,1.54881661891,1.49623565609,0,0
2900,1.54881661891,1.65958690744,1.60324539069,0,0
2900,1.65958690744,1.77827941004,1.71790838716,0,0
2900,1.77827941004,1.90546071796,1.84077200147,0,0
2900,1.90546071796,2.04173794467,1.97242273611,0,0
2900,2.04173794467,2.18776162395,2.11348903984,0,0
2900,2.18776162395,2.34422881532,2.26464430759,0,0
2900,2.34422881532,2.51188643151,2.42661009508,0,0
2900,2.51188643151,2.69153480393,2.60015956317,0,0
2900,2.69153480393,2.88403150313,2.78612116863,0,0
2900,2.88403150313,3.09029543251,2.98538261892,0,0
2900,3.09029543251,3.31131121483,3.19889510969,0,0
2900,3.31131121483,3.54813389234,3.42767786546,0,0
2900,3.54813389234,3.80189396321,3.67282300498,0,0
2900,3.80189396321,4.07380277804,3.93550075456,0,0
2900,4.07380277804,4.3651583224,4.21696503429,0,0
2900,4.3651583224,4.67735141287,4.51855944375,0,0
2900,4.67735141287,5.01187233627,4.84172367584,0,0
2900,5.01187233627,5.3703179637,5.18800038929,0,0
2900,5.3703179637,5.75439937337,5.5590425727,0,0
2900,5.75439937337,6.16595001861,5.95662143529,0,0
2900,6.16595001861,6.60693448008,6.38263486191,0,0
2900,6.60693448008,7.07945784384,6.83911647281,0,0
2900,7.07945784384,7.58577575029,7.32824533139,0,0
2900,7.58577575029,8.12830516164,7.8523563461,0,0
2900,8.12830516164,8.70963589956,8.41395141645,0,0
2900,8.70963589956,9.33254300797,9.01571137606,0,0
2900,9.33254300797,10,9.6605087899,0,0
3000,0.01,0.0107151930524,0.0103514216668,0,0
3000,0.0107151930524,0.011481536215,0.0110917481526,0,0
3000,0.011481536215,0.0123026877081,0.0118850222744,0,0
3000,0.0123026877081,0.0131825673856,0.0127350308102,0,0
3000,0.0131825673856,0.0141253754462,0.0136458313659,0,0
3000,0.0141253754462,0.0151356124844,0.0146217717446,0,0
3000,0.0151356124844,0.0162181009736,0.0156675107011,0,0
3000,0.0162181009736,0.0173780082875,0.0167880401812,0,0
3000,0.0173780082875,0.0186208713666,0.0179887091513,0,0
3000,0.0186208713666,0.0199526231497,0.0192752491319,0,0
3000,0.0199526231497,0.021379620895,0.0206538015581,0,0
3000,0.021379620895,0.0229086765277,0.0221309470961,0,0
3000,0.0229086765277,0.0245470891569,0.0237137370566,0,0
3000,0.0245470891569,0.026302679919,0.0254097270555,0,0
3000,0.026302679919,0.0281838293126,0.0272270130808,0,0
3000,0.0281838293126,0.030199517204,0.02917427014,0,0
3000,0.030199517204,0.032359365693,0.0312607936712,0,0
3000,0.032359365693,0.0346736850453,0.0334965439158,0,0
3000,0.0346736850453,0.0371535229097,0.0358921934645,0,0
3000,0.0371535229097,0.0398107170553,0.0384591782045,0,0
3000,0.0398107170553,0.0426579518802,0.0412097519097,0,0
3000,0.0426579518802,0.0457088189615,0.0441570447353,0,0
3000,0.0457088189615,0.0489778819368,0.0473151258961,0,0
3000,0.0489778819368,0.052480746025,0.0506990708275,0,0
3000,0.052480746025,0.056234132519,0.0543250331492,0,0
3000,0.056234132519,0.0602559586074,0.0582103217771,0,0
3000,0.0602559586074,0.0645654229035,0.0623734835482,0,0
3000,0.0645654229035,0.0691830970919,0.0668343917569,0,0
3000,0.0691830970919,0.0741310241301,0.0716143410213,0,0
3000,0.0741310241301,0.0794328234724,0.0767361489362,0,0
3000,0.0794328234724,0.0851138038202,0.0822242649947,0,0
3000,0.0851138038202,0.0912010839356,0.0881048873008,0,0
3000,0.0912010839356,0.0977237220956,0.0944060876286,0,0
3000,0.0977237220956,0.104712854805,0.101157945426,0,0
3000,0.104712854805,0.11220184543,0.108392691402,0,0
3000,0.11220184543,0.120226443462,0.116144861384,0,0
3000,0.120226443462,0.128824955169,0.124451461177,0,0
3000,0.128824955169,0.13803842646,0.133352143216,0,0
3000,0.13803842646,0.147910838817,0.142889395851,0,0
3000,0.147910838817,0.158489319246,0.153108746168,0,0
3000,0.158489319246,0.169824365246,0.16405897732,0,0
3000,0.169824365246,0.181970085861,0.175792361396,0,0
3000,0.181970085861,0.194984459976,0.188364908949,0,0
3000,0.194984459976,0.208929613085,0.201836636368,0,0
3000,0.208929613085,0.223872113857,0.216271852373,0,0
3000,0.223872113857,0.239883291902,0.231739464997,0,0
3000,0.239883291902,0.257039578277,0.24831331053,0,0
3000,0.257039578277,0.275422870334,0.26607250598,0,0
3000,0.275422870334,0.295120922667,0.28510182675,0,0
3000,0.295120922667,0.316227766017,0.305492111322,0,0
3000,0.316227766017,0.338844156139,0.327340694879,0,0
3000,0.338844156139,0.36307805477,0.350751873953,0,0
3000,0.36307805477,0.389045144994,0.375837404288,0,0
3000,0.389045144994,0.41686938347,0.402717034325,0,0
3000,0.41686938347,0.446683592151,0.431519076828,0,0
3000,0.446683592151,0.478630092323,0.462381021399,0,0
3000,0.478630092323,0.512861383991,0.495450190805,0,0
3000,0.512861383991,0.549540873858,0.530884444231,0,0
3000,0.549540873858,0.588843655356,0.568852930844,0,0
3000,0.588843655356,0.63095734448,0.60953689724,0,0
3000,0.63095734448,0.676082975392,0.653130552647,0,0
3000,0.676082975392,0.724435960075,0.699841996002,0,0
3000,0.724435960075,0.776247116629,0.749894209332,0,0
3000,0.776247116629,0.831763771103,0.803526122186,0,0
3000,0.831763771103,0.891250938134,0.860993752185,0,0
3000,0.891250938134,0.954992586021,0.922571427155,0,0
3000,0.954992586021,1.02329299228,0.988553094657,0,0
3000,1.02329299228,1.09647819614,1.05925372518,0,0
3000,1.09647819614,1.17489755494,1.13501081567,0,0
3000,1.17489755494,1.25892541179,1.21618600065,0,0
3000,1.25892541179,1.34896288259,1.30316677845,0,0
3000,1.34896288259,1.44543977075,1.39636836106,0,0
3000,1.44543977075,1.54881661891,1.49623565609,0,0
3000,1.54881661891,1.65958690744,1.60324539069,0,0
3000,1.65958690744,1.77827941004,1.71790838716,0,0
3000,1.77827941004,1.90546071796,1.84077200147,0,0
3000,1.90546071796,2.04173794467,1.97242273611,0,0
3000,2.04173794467,2.18776162395,2.11348903984,0,0
3000,2.18776162395,2.34422881532,2.26464430759,0,0
3000,2.34422881532,2.51188643151,2.42661009508,0,0
3000,2.51188643151,2.69153480393,2.60015956317,0,0
3000,2.69153480393,2.88403150313,2.78612116863,0,0
3000,2.88403150313,3.09029543251,2.98538261892,0,0
3000,3.09029543251,3.31131121483,3.19889510969,0,0
3000,3.31131121483,3.54813389234,3.42767786546,0,0
3000,3.54813389234,3.80189396321,3.67282300498,0,0
3000,3.80189396321,4.07380277804,3.93550075456,0,0
3000,4.07380277804,4.3651583224,4.21696503429,0,0
3000,4.3651583224,4.67735141287,4.51855944375,0,0
3000,4.67735141287,5.01187233627,4.84172367584,0,0
3000,5.01187233627,5.3703179637,5.18800038929,0,0
3000,5.3703179637,5.75439937337,5.5590425727,0,0
3000,5.75439937337,6.16595001861,5.95662143529,0,0
3000,6.16595001861,6.60693448008,6.38263486191,0,0
3000,6.60693448008,7.07945784384,6.83911647281,0,0
3000,7.07945784384,7.58577575029,7.32824533139,0,0
3000,7.58577575029,8.12830516164,7.8523563461,0,0
3000,8.12830516164,8.70963589956,8.41395141645,0,0
3000,8.70963589956,9.33254300797,9.01571137606,0,0
3000,9.33254300797,10,9.6605087899,0,0
3200,0.01,0.0107151930524,0.0103514216668,0,0
3200,0.0107151930524,0.011481536215,0.0110917481526,0,0
3200,0.011481536215,0.0123026877081,0.0118850222744,0,0
3200,0.0123026877081,0.0131825673856,0.0127350308102,0,0
3200,0.0131825673856,0.0141253754462,0.0136458313659,0,0
3200,0.0141253754462,0.0151356124844,0.0146217717446,0,0
3200,0.0151356124844,0.0162181009736,0.0156675107011,0,0
3200,0.0162181009736,0.0173780082875,0.0167880401812,0,0
3200,0.0173780082875,0.0186208713666,0.0179887091513,0,0
3200,0.0186208713666,0.0199526231497,0.0192752491319,0,0
3200,0.0199526231497,0.021379620895,0.0206538015581,0,0
3200,0.021379620895,0.0229086765277,0.0221309470961,0,0
3200,0.0229086765277,0.0245470891569,0.0237137370566,0,0
3200,0.0245470891569,0.026302679919,0.0254097270555,0,0
3200,0.026302679919,0.0281838293126,0.0272270130808,0,0
3200,0.0281838293126,0.030199517204,0.02917427014,0,0
3200,0.030199517204,0.032359365693,0.0312607936712,0,0
3200,0.032359365693,0.0346736850453,0.0334965439158,0,0
3200,0.0346736850453,0.0371535229097,0.0358921934645,0,0
3200,0.0371535229097,0.0398107170553,0.0384591782045,0,0
3200,0.0398107170553,0.0426579518802,0.0412097519097,0,0
3200,0.0426579518802,0.0457088189615,0.0441570447353,0,0
3200,0.0457088189615,0.0489778819368,0.0473151258961,0,0
3200,0.0489778819368,0.052480746025,0.0506990708275,0,0
3200,0.052480746025,0.056234132519,0.0543250331492,0,0
3200,0.056234132519,0.0602559586074,0.0582103217771,0,0
3200,0.0602559586074,0.0645654229035,0.0623734835482,0,0
3200,0.0645654229035,0.0691830970919,0.0668343917569,0,0
3200,0.0691830970919,0.0741310241301,0.0716143410213,0,0
3200,0.0741310241301,0.0794328234724,0.0767361489362,0,0
3200,0.0794328234724,0.0851138038202,0.0822242649947,0,0
3200,0.0851138038202,0.0912010839356,0.0881048873008,0,0
3200,0.0912010839356,0.0977237220956,0.0944060876286,0,0
3200,0.0977237220956,0.104712854805,0.101157945426,0,0
3200,0.104712854805,0.11220184543,0.108392691402,0,0
3200,0.11220184543,0.120226443462,0.116144861384,0,0
3200,0.120226443462,0.128824955169,0.124451461177,0,0
3200,0.128824955169,0.13803842646,0.133352143216,0,0
3200,0.13803842646,0.147910838817,0.142889395851,0,0
3200,0.147910838817,0.158489319246,0.153108746168,0,0
3200,0.158489319246,0.169824365246,0.16405897732,0,0
3200,0.169824365246,0.181970085861,0.175792361396,0,0
3200,0.181970085861,0.194984459976,0.188364908949,0,0
3200,0.194984459976,0.208929613085,0.201836636368,0,0
3200,0.208929613085,0.223872113857,0.216271852373,0,0
3200,0.223872113857,0.239883291902,0.231739464997,0,0
3200,0.239883291902,0.257039578277,0.24831331053,0,0
3200,0.257039578277,0.275422870334,0.26607250598,0,0
3200,0.275422870334,0.295120922667,0.28510182675,0,0
3200,0.295120922667,0.316227766017,0.305492111322,0,0
3200,0.316227766017,0.338844156139,0.327340694879,0,0
3200,0.338844156139,0.36307805477,0.350751873953,0,0
3200,0.36307805477,0.389045144994,0.375837404288,0,0
3200,0.389045144994,0.41686938347,0.402717034325,0,0
3200,0.41686938347,0.446683592151,0.431519076828,0,0
3200,0.446683592151,0.478630092323,0.462381021399,0,0
3200,0.478630092323,0.512861383991,0.495450190805,0,0
3200,0.512861383991,0.549540873858,0.530884444231,0,0
3200,0.549540873858,0.588843655356,0.568852930844,0,0
3200,0.588843655356,0.63095734448,0.60953689724,0,0
3200,0.63095734448,0.676082975392,0.653130552647,0,0
3200,0.676082975392,0.724435960075,0.699841996002,0,0
3200,0.724435960075,0.776247116629,0.749894209332,0,0
3200,0.776247116629,0.831763771103,0.803526122186,0,0
3200,0.831763771103,0.891250938134,0.860993752185,0,0
3200,0.891250938134,0.954992586021,0.922571427155,0,0
3200,0.954992586021,1.02329299228,0.988553094657,0,0
3200,1.02329299228,1.09647819614,1.05925372518,0,0
3200,1.09647819614,1.17489755494,1.13501081567,0,0
3200,1.17489755494,1.25892541179,1.21618600065,0,0
3200,1.25892541179,1.34896288259,1.30316677845,0,0
3200,1.34896288259,1.44543977075,1.39636836106,0,0
3200,1.44543977075,1.54881661891,1.49623565609,0,0
3200,1.54881661891,1.65958690744,1.60324539069,0,0
3200,1.65958690744,1.77827941004,1.71790838716,0,0
3200,1.77827941004,1.90546071796,1.84077200147,0,0
3200,1.90546071796,2.04173794467,1.97242273611,0,0
3200,2.04173794467,2.18776162395,2.11348903984,0,0
3200,2.18776162395,2.34422881532,2.26464430759,0,0
3200,2.34422881532,2.51188643151,2.42661009508,0,0
3200,2.51188643151,2.69153480393,2.60015956317,0,0
3200,2.69153480393,2.88403150313,2.78612116863,0,0
3200,2.88403150313,3.09029543251,2.98538261892,0,0
3200,3.09029543251,3.31131121483,3.19889510969,0,0
3200,3.31131121483,3.54813389234,3.42767786546,0,0
3200,3.54813389234,3.80189396321,3.67282300498,0,0
3200,3.80189396321,4.07380277804,3.93550075456,0,0
3200,4.07380277804,4.3651583224,4.21696503429,0,0
3200,4.3651583224,4.67735141287,4.51855944375,0,0
3200,4.67735141287,5.01187233627,4.84172367584,0,0
3200,5.01187233627,5.3703179637,5.18800038929,0,0
3200,5.3703179637,5.75439937337,5.5590425727,0,0
3200,5.75439937337,6.16595001861,5.95662143529,0,0
3200,6.16595001861,6.60693448008,6.38263486191,0,0
3200,6.60693448008,7.07945784384,6.83911647281,0,0
3200,7.07945784384,7.58577575029,7.32824533139,0,0
3200,7.58577575029,8.12830516164,7.8523563461,0,0
3200,8.12830516164,8.70963589956,8.41395141645,0,0
3200,8.70963589956,9.33254300797,9.01571137606,0,0
3200,9.33254300797,10,9.6605087899,0,0
3300,0.01,0.0107151930524,0.0103514216668,0,0
3300,0.0107151930524,0.011481536215,0.0110917481526,0,0
3300,0.011481536215,0.0123026877081,0.0118850222744,0,0
3300,0.0123026877081,0.0131825673856,0.0127350308102,0,0
3300,0.0131825673856,0.0141253754462,0.0136458313659,0,0
3300,0.0141253754462,0.0151356124844,0.0146217717446,0,0
3300,0.0151356124844,0.0162181009736,0.0156675107011,0,0
3300,0.0162181009736,0.0173780082875,0.0167880401812,0,0
3300,0.0173780082875,0.0186208713666,0.0179887091513,0,0
3300,0.0186208713666,0.0199526231497,0.0192752491319,0,0
3300,0.0199526231497,0.021379620895,0.0206538015581,0,0
3300,0.021379620895,0.0229086765277,0.0221309470961,0,0
3300,0.0229086765277,0.0245470891569,0.0237137370566,0,0
3300,0.0245470891569,0.026302679919,0.0254097270555,0,0
3300,0.026302679919,0.0281838293126,0.0272270130808,0,0
3300,0.0281838293126,0.030199517204,0.02917427014,0,0
3300,0.030199517204,0.032359365693,0.0312607936712,0,0
3300,0.032359365693,0.0346736850453,0.0334965439158,0,0
3300,0.0346736850453,0.0371535229097,0.0358921934645,0,0
3300,0.0371535229097,0.0398107170553,0.0384591782045,0,0
3300,0.0398107170553,0.0426579518802,0.0412097519097,0,0
3300,0.0426579518802,0.0457088189615,0.0441570447353,0,0
3300,0.0457088189615,0.0489778819368,0.0473151258961,0,0
3300,0.0489778819368,0.052480746025,0.0506990708275,0,0
3300,0.052480746025,0.056234132519,0.0543250331492,0,0
3300,0.056234132519,0.0602559586074,0.0582103217771,0,0
3300,0.0602559586074,0.0645654229035,0.0623734835482,0,0
3300,0.0645654229035,0.0691830970919,0.0668343917569,0,0
3300,0.0691830970919,0.0741310241301,0.0716143410213,0,0
3300,0.0741310241301,0.0794328234724,0.0767361489362,0,0
3300,0.0794328234724,0.0851138038202,0.0822242649947,0,0
3300,0.0851138038202,0.0912010839356,0.0881048873008,0,0
3300,0.0912010839356,0.0977237220956,0.0944060876286,0,0
3300,0.0977237220956,0.104712854805,0.101157945426,0,0
3300,0.104712854805,0.11220184543,0.108392691402,0,0
3300,0.11220184543,0.120226443462,0.116144861384,0,0
3300,0.120226443462,0.128824955169,0.124451461177,0,0
3300,0.128824955169,0.13803842646,0.133352143216,0,0
3300,0.13803842646,0.147910838817,0.142889395851,0,0
3300,0.147910838817,0.158489319246,0.153108746168,0,0
3300,0.158489319246,0.169824365246,0.16405897732,0,0
3300,0.169824365246,0.181970085861,0.175792361396,0,0
3300,0.181970085861,0.194984459976,0.188364908949,0,0
3300,0.194984459976,0.208929613085,0.201836636368,0,0
3300,0.208929613085,0.223872113857,0.216271852373,0,0
3300,0.223872113857,0.239883291902,0.231739464997,0,0
3300,0.239883291902,0.257039578277,0.24831331053,0,0
3300,0.257039578277,0.275422870334,0.26607250598,0,0
3300,0.275422870334,0.295120922667,0.28510182675,0,0
3300,0.295120922667,0.316227766017,0.305492111322,0,0
3300,0.316227766017,0.338844156139,0.327340694879,0,0
3300,0.338844156139,0.36307805477,0.350751873953,0,0
3300,0.36307805477,0.389045144994,0.375837404288,0,0
3300,0.389045144994,0.41686938347,0.402717034325,0,0
3300,0.41686938347,0.446683592151,0.431519076828,0,0
3300,0.446683592151,0.478630092323,0.462381021399,0,0
3300,0.478630092323,0.512861383991,0.495450190805,0,0
3300,0.512861383991,0.549540873858,0.530884444231,0,0
3300,0.549540873858,0.588843655356,0.568852930844,0,0
3300,0.588843655356,0.63095734448,0.60953689724,0,0
3300,0.63095734448,0.676082975392,0.653130552647,0,0
3300,0.676082975392,0.724435960075,0.699841996002,0,0
3300,0.724435960075,0.776247116629,0.749894209332,0,0
3300,0.776247116629,0.831763771103,0.803526122186,0,0
3300,0.831763771103,0.891250938134,0.860993752185,0,0
3300,0.891250938134,0.954992586021,0.922571427155,0,0
3300,0.954992586021,1.02329299228,0.988553094657,0,0
3300,1.02329299228,1.09647819614,1.05925372518,0,0
3300,1.09647819614,1.17489755494,1.13501081567,0,0
3300,1.17489755494,1.25892541179,1.21618600065,0,0
3300,1.25892541179,1.34896288259,1.30316677845,0,0
3300,1.34896288259,1.44543977075,1.39636836106,0,0
3300,1.44543977075,1.54881661891,1.49623565609,0,0
3300,1.54881661891,1.65958690744,1.60324539069,0,0
3300,1.65958690744,1.77827941004,1.71790838716,0,0
3300,1.77827941004,1.90546071796,1.84077200147,0,0
3300,1.90546071796,2.04173794467,1.97242273611,0,0
3300,2.04173794467,2.18776162395,2.11348903984,0,0
3300,2.18776162395,2.34422881532,2.26464430759,0,0
3300,2.34422881532,2.51188643151,2.42661009508,0,0
3300,2.51188643151,2.69153480393,2.60015956317,0,0
3300,2.69153480393,2.88403150313,2.78612116863,0,0
3300,2.88403150313,3.09029543251,2.98538261892,0,0
3300,3.09029543251,3.31131121483,3.19889510969,0,0
3300,3.31131121483,3.54813389234,3.42767786546,0,0
3300,3.54813389234,3.80189396321,3.67282300498,0,0
3300,3.80189396321,4.07380277804,3.93550075456,0,0
3300,4.07380277804,4.3651583224,4.21696503429,0,0
3300,4.3651583224,4.67735141287,4.51855944375,0,0
3300,4.67735141287,5.01187233627,4.84172367584,0,0
3300,5.01187233627,5.3703179637,5.18800038929,0,0
3300,5.3703179637,5.75439937337,5.5590425727,0,0
3300,5.75439937337,6.16595001861,5.95662143529,0,0
3300,6.16595001861,6.60693448008,6.38263486191,0,0
3300,6.60693448008,7.07945784384,6.83911647281,0,0
3300,7.07945784384,7.58577575029,7.32824533139,0,0
3300,7.58577575029,8.12830516164,7.8523563461,0,0
3300,8.12830516164,8.70963589956,8.41395141645,0,0
3300,8.70963589956,9.33254300797,9.01571137606,0,0
3300,9.33254300797,10,9.6605087899,0,0
3500,0.01,0.0107151930524,0.0103514216668,0,0
3500,0.0107151930524,0.011481536215,0.0110917481526,0,0
3500,0.011481536215,0.0123026877081,0.0118850222744,0,0
3500,0.0123026877081,0.0131825673856,0.0127350308102,0,0
3500,0.0131825673856,0.0141253754462,0.0136458313659,0,0
3500,0.0141253754462,0.0151356124844,0.0146217717446,0,0
3500,0.0151356124844,0.0162181009736,0.0156675107011,0,0
3500,0.0162181009736,0.0173780082875,0.0167880401812,0,0
3500,0.0173780082875,0.0186208713666,0.0179887091513,0,0
3500,0.0186208713666,0.0199526231497,0.0192752491319,0,0
3500,0.0199526231497,0.021379620895,0.0206538015581,0,0
3500,0.021379620895,0.0229086765277,0.0221309470961,0,0
3500,0.0229086765277,0.0245470891569,0.0237137370566,0,0
3500,0.0245470891569,0.026302679919,0.0254097270555,0,0
3500,0.026302679919,0.0281838293126,0.0272270130808,0,0
3500,0.0281838293126,0.030199517204,0.02917427014,0,0
3500,0.030199517204,0.032359365693,0.0312607936712,0,0
3500,0.032359365693,0.0346736850453,0.0334965439158,0,0
3500,0.0346736850453,0.0371535229097,0.0358921934645,0,0
3500,0.0371535229097,0.0398107170553,0.0384591782045,0,0
3500,0.0398107170553,0.0426579518802,0.0412097519097,0,0
3500,0.0426579518802,0.0457088189615,0.0441570447353,0,0
3500,0.0457088189615,0.0489778819368,0.0473151258961,0,0
3500,0.0489778819368,0.052480746025,0.0506990708275,0,0
3500,0.052480746025,0.056234132519,0.0543250331492,0,0
3500,0.056234132519,0.0602559586074,0.0582103217771,0,0
3500,0.0602559586074,0.0645654229035,0.0623734835482,0,0
3500,0.0645654229035,0.0691830970919,0.0668343917569,0,0
3500,0.0691830970919,0.0741310241301,0.0716143410213,0,0
3500,0.0741310241301,0.0794328234724,0.0767361489362,0,0
3500,0.0794328234724,0.0851138038202,0.0822242649947,0,0
3500,0.0851138038202,0.0912010839356,0.0881048873008,0,0
3500,0.0912010839356,0.0977237220956,0.0944060876286,0,0
3500,0.0977237220956,0.104712854805,0.101157945426,0,0
3500,0.104712854805,0.11220184543,0.108392691402,0,0
3500,0.11220184543,0.120226443462,0.116144861384,0,0
3500,0.120226443462,0.128824955169,0.124451461177,0,0
3500,0.128824955169,0.13803842646,0.133352143216,0,0
3500,0.13803842646,0.147910838817,0.142889395851,0,0
3500,0.147910838817,0.158489319246,0.153108746168,0,0
3500,0.158489319246,0.169824365246,0.16405897732,0,0
3500,0.169824365246,0.181970085861,0.175792361396,0,0
3500,0.181970085861,0.194984459976,0.188364908949,0,0
3500,0.194984459976,0.208929613085,0.201836636368,0,0
3500,0.208929613085,0.223872113857,0.216271852373,0,0
3500,0.223872113857,0.239883291902,0.231739464997,0,0
3500,0.239883291902,0.257039578277,0.24831331053,0,0
3500,0.257039578277,0.275422870334,0.26607250598,0,0
3500,0.275422870334,0.295120922667,0.28510182675,0,0
3500,0.295120922667,0.316227766017,0.305492111322,0,0
3500,0.316227766017,0.338844156139,0.327340694879,0,0
3500,0.338844156139,0.36307805477,0.350751873953,0,0
3500,0.36307805477,0.389045144994,0.375837404288,0,0
3500,0.389045144994,0.41686938347,0.402717034325,0,0
3500,0.41686938347,0.446683592151,0.431519076828,0,0
3500,0.446683592151,0.478630092323,0.462381021399,0,0
3500,0.478630092323,0.512861383991,0.495450190805,0,0
3500,0.512861383991,0.549540873858,0.530884444231,0,0
3500,0.549540873858,0.588843655356,0.568852930844,0,0
3500,0.588843655356,0.63095734448,0.60953689724,0,0
3500,0.63095734448,0.676082975392,0.653130552647,0,0
3500,0.676082975392,0.724435960075,0.699841996002,0,0
3500,0.724435960075,0.776247116629,0.749894209332,0,0
3500,0.776247116629,0.831763771103,0.803526122186,0,0
3500,0.831763771103,0.891250938134,0.860993752185,0,0
3500,0.891250938134,0.954992586021,0.922571427155,0,0
3500,0.954992586021,1.02329299228,0.988553094657,0,0
3500,1.02329299228,1.09647819614,1.05925372518,0,0
3500,1.09647819614,1.17489755494,1.13501081567,0,0
3500,1.17489755494,1.25892541179,1.21618600065,0,0
3500,1.25892541179,1.34896288259,1.30316677845,0,0
3500,1.34896288259,1.44543977075,1.39636836106,0,0
3500,1.44543977075,1.54881661891,1.49623565609,0,0
3500,1.54881661891,1.65958690744,1.60324539069,0,0
3500,1.65958690744,1.77827941004,1.71790838716,0,0
3500,1.77827941004,1.90546071796,1.84077200147,0,0
3500,1.90546071796,2.04173794467,1.97242273611,0,0
3500,2.04173794467,2.18776162395,2.11348903984,0,0
3500,2.18776162395,2.34422881532,2.26464430759,0,0
3500,2.34422881532,2.51188643151,2.42661009508,0,0
3500,2.51188643151,2.69153480393,2.60015956317,0,0
3500,2.69153480393,2.88403150313,2.78612116863,0,0
3500,2.88403150313,3.09029543251,2.98538261892,0,0
3500,3.09029543251,3.31131121483,3.19889510969,0,0
3500,3.31131121483,3.54813389234,3.42767786546,0,0
3500,3.54813389234,3.80189396321,3.67282300498,0,0
3500,3.80189396321,4.07380277804,3.93550075456,0,0
3500,4.07380277804,4.3651583224,4.21696503429,0,0
3500,4.3651583224,4.67735141287,4.51855944375,0,0
3500,4.67735141287,5.01187233627,4.84172367584,0,0
3500,5.01187233627,5.3703179637,5.18800038929,0,0
3500,5.3703179637,5.75439937337,5.5590425727,0,0
3500,5.75439937337,6.16595001861,5.95662143529,0,0
3500,6.16595001861,6.60693448008,6.38263486191,0,0
3500,6.60693448008,7.07945784384,6.83911647281,0,0
3500,7.07945784384,7.58577575029,7.32824533139,0,0
3500,7.58577575029,8.12830516164,7.8523563461,0,0
3500,8.12830516164,8.70963589956,8.41395141645,0,0
3500,8.70963589956,9.33254300797,9.01571137606,0,0
3500,9.33254300797,10,9.6605087899,0,0
3600,0.01,0.0107151930524,0.0103514216668,0,0
3600,0.0107151930524,0.011481536215,0.0110917481526,0,0
3600,0.011481536215,0.0123026877081,0.0118850222744,0,0
3600,0.0123026877081,0.0131825673856,0.0127350308102,0,0
3600,0.0131825673856,0.0141253754462,0.0136458313659,0,0
3600,0.0141253754462,0.0151356124844,0.0146217717446,0,0
3600,0.0151356124844,0.0162181009736,0.0156675107011,0,0
3600,0.0162181009736,0.0173780082875,0.0167880401812,0,0
3600,0.0173780082875,0.0186208713666,0.0179887091513,0,0
3600,0.0186208713666,0.0199526231497,0.0192752491319,0,0
3600,0.0199526231497,0.021379620895,0.0206538015581,0,0
3600,0.021379620895,0.0229086765277,0.0221309470961,0,0
3600,0.0229086765277,0.0245470891569,0.0237137370566,0,0
3600,0.0245470891569,0.026302679919,0.0254097270555,0,0
3600,0.026302679919,0.0281838293126,0.0272270130808,0,0
3600,0.0281838293126,0.030199517204,0.02917427014,0,0
3600,0.030199517204,0.032359365693,0.0312607936712,0,0
3600,0.032359365693,0.0346736850453,0.0334965439158,0,0
3600,0.0346736850453,0.0371535229097,0.0358921934645,0,0
3600,0.0371535229097,0.0398107170553,0.0384591782045,0,0
3600,0.0398107170553,0.0426579518802,0.0412097519097,0,0
3600,0.0426579518802,0.0457088189615,0.0441570447353,0,0
3600,0.0457088189615,0.0489778819368,0.0473151258961,0,0
3600,0.0489778819368,0.052480746025,0.0506990708275,0,0
3600,0.052480746025,0.056234132519,0.0543250331492,0,0
3600,0.056234132519,0.0602559586074,0.0582103217771,0,0
3600,0.0602559586074,0.0645654229035,0.0623734835482,0,0
3600,0.0645654229035,0.0691830970919,0.0668343917569,0,0
3600,0.0691830970919,0.0741310241301,0.0716143410213,0,0
3600,0.0741310241301,0.0794328234724,0.0767361489362,0,0
3600,0.0794328234724,0.0851138038202,0.0822242649947,0,0
3600,0.0851138038202,0.0912010839356,0.0881048873008,0,0
3600,0.0912010839356,0.0977237220956,0.0944060876286,0,0
3600,0.0977237220956,0.104712854805,0.101157945426,0,0
3600,0.104712854805,0.11220184543,0.108392691402,0,0
3600,0.11220184543,0.120226443462,0.116144861384,0,0
3600,0.120226443462,0.128824955169,0.124451461177,0,0
3600,0.128824955169,0.13803842646,0.133352143216,0,0
3600,0.13803842646,0.147910838817,0.142889395851,0,0
3600,0.147910838817,0.158489319246,0.153108746168,0,0
3600,0.158489319246,0.169824365246,0.16405897732,0,0
3600,0.169824365246,0.181970085861,0.175792361396,0,0
3600,0.181970085861,0.194984459976,0.188364908949,0,0
3600,0.194984459976,0.208929613085,0.201836636368,0,0
3600,0.208929613085,0.223872113857,0.216271852373,0,0
3600,0.223872113857,0.239883291902,0.231739464997,0,0
3600,0.239883291902,0.257039578277,0.24831331053,0,0
3600,0.257039578277,0.275422870334,0.26607250598,0,0
3600,0.275422870334,0.295120922667,0.28510182675,0,0
3600,0.295120922667,0.316227766017,0.305492111322,0,0
3600,0.316227766017,0.338844156139,0.327340694879,0,0
3600,0.338844156139,0.36307805477,0.350751873953,0,0
3600,0.36307805477,0.389045144994,0.375837404288,0,0
3600,0.389045144994,0.41686938347,0.402717034325,0,0
3600,0.41686938347,0.446683592151,0.431519076828,0,0
3600,0.446683592151,0.478630092323,0.462381021399,0,0
3600,0.478630092323,0.512861383991,0.495450190805,0,0
3600,0.512861383991,0.549540873858,0.530884444231,0,0
3600,0.549540873858,0.588843655356,0.568852930844,0,0
3600,0.588843655356,0.63095734448,0.60953689724,0,0
3600,0.63095734448,0.676082975392,0.653130552647,0,0
3600,0.676082975392,0.724435960075,0.699841996002,0,0
3600,0.724435960075,0.776247116629,0.749894209332,0,0
3600,0.776247116629,0.831763771103,0.803526122186,0,0
3600,0.831763771103,0.891250938134,0.860993752185,0,0
3600,0.891250938134,0.954992586021,0.922571427155,0,0
3600,0.954992586021,1.02329299228,0.988553094657,0,0
3600,1.02329299228,1.09647819614,1.05925372518,0,0
3600,1.09647819614,1.17489755494,1.13501081567,0,0
3600,1.17489755494,1.25892541179,1.21618600065,0,0
3600,1.25892541179,1.34896288259,1.30316677845,0,0
3600,1.34896288259,1.44543977075,1.39636836106,0,0
3600,1.44543977075,1.54881661891,1.49623565609,0,0
3600,1.54881661891,1.65958690744,1.60324539069,0,0
3600,1.65958690744,1.77827941004,1.71790838716,0,0
3600,1.77827941004,1.90546071796,1.84077200147,0,0
3600,1.90546071796,2.04173794467,1.97242273611,0,0
3600,2.04173794467,2.18776162395,2.11348903984,0,0
3600,2.18776162395,2.34422881532,2.26464430759,0,0
3600,2.34422881532,2.51188643151,2.42661009508,0,0
3600,2.51188643151,2.69153480393,2.60015956317,0,0
3600,2.69153480393,2.88403150313,2.78612116863,0,0
3600,2.88403150313,3.09029543251,2.98538261892,0,0
3600,3.09029543251,3.31131121483,3.19889510969,0,0
3600,3.31131121483,3.54813389234,3.42767786546,0,0
3600,3.54813389234,3.80189396321,3.67282300498,0,0
3600,3.80189396321,4.07380277804,3.93550075456,0,0
3600,4.07380277804,4.3651583224,4.21696503429,0,0
3600,4.3651583224,4.67735141287,4.51855944375,0,0
3600,4.67735141287,5.01187233627,4.84172367584,0,0
3600,5.01187233627,5.3703179637,5.18800038929,0,0
3600,5.3703179637,5.75439937337,5.5590425727,0,0
3600,5.75439937337,6.16595001861,5.95662143529,0,0
3600,6.16595001861,6.60693448008,6.38263486191,0,0
3600,6.60693448008,7.07945784384,6.83911647281,0,0
3600,7.07945784384,7.58577575029,7.32824533139,0,0
3600,7.58577575029,8.12830516164,7.8523563461,0,0
3600,8.12830516164,8.70963589956,8.41395141645,0,0
3600,8.70963589956,9.33254300797,9.01571137606,0,0
3600,9.33254300797,10,9.6605087899,0,0
3800,0.01,0.0107151930524,0.0103514216668,0,0
3800,0.0107151930524,0.011481536215,0.0110917481526,0,0
3800,0.011481536215,0.0123026877081,0.0118850222744,0,0
3800,0.0123026877081,0.0131825673856,0.0127350308102,0,0
3800,0.0131825673856,0.0141253754462,0.0136458313659,0,0
3800,0.0141253754462,0.0151356124844,0.0146217717446,0,0
3800,0.0151356124844,0.0162181009736,0.0156675107011,0,0
3800,0.0162181009736,0.0173780082875,0.0167880401812,0,0
3800,0.0173780082875,0.0186208713666,0.0179887091513,0,0
3800,0.0186208713666,0.0199526231497,0.0192752491319,0,0
3800,0.0199526231497,0.021379620895,0.0206538015581,0,0
3800,0.021379620895,0.0229086765277,0.0221309470961,0,0
3800,0.0229086765277,0.0245470891569,0.0237137370566,0,0
3800,0.0245470891569,0.026302679919,0.0254097270555,0,0
3800,0.026302679919,0.0281838293126,0.0272270130808,0,0
3800,0.0281838293126,0.030199517204,0.02917427014,0,0
3800,0.030199517204,0.032359365693,0.0312607936712,0,0
3800,0.032359365693,0.0346736850453,0.0334965439158,0,0
3800,0.0346736850453,0.0371535229097,0.0358921934645,0,0
3800,0.0371535229097,0.0398107170553,0.0384591782045,0,0
3800,0.0398107170553,0.0426579518802,0.0412097519097,0,0
3800,0.0426579518802,0.0457088189615,0.0441570447353,0,0
3800,0.0457088189615,0.0489778819368,0.0473151258961,0,0
3800,0.0489778819368,0.052480746025,0.0506990708275,0,0
3800,0.052480746025,0.056234132519,0.0543250331492,0,0
3800,0.056234132519,0.0602559586074,0.0582103217771,0,0
3800,0.0602559586074,0.0645654229035,0.0623734835482,0,0
3800,0.0645654229035,0.0691830970919,0.0668343917569,0,0
3800,0.0691830970919,0.0741310241301,0.0716143410213,0,0
3800,0.0741310241301,0.0794328234724,0.0767361489362,0,0
3800,0.0794328234724,0.0851138038202,0.0822242649947,0,0
3800,0.0851138038202,0.0912010839356,0.0881048873008,0,0
3800,0.0912010839356,0.0977237220956,0.0944060876286,0,0
3800,0.0977237220956,0.104712854805,0.101157945426,0,0
3800,0.104712854805,0.11220184543,0.108392691402,0,0
3800,0.11220184543,0.120226443462,0.116144861384,0,0
3800,0.120226443462,0.128824955169,0.124451461177,0,0
3800,0.128824955169,0.13803842646,0.133352143216,0,0
3800,0.13803842646,0.147910838817,0.142889395851,0,0
3800,0.147910838817,0.158489319246,0.153108746168,0,0
3800,0.158489319246,0.169824365246,0.16405897732,0,0
3800,0.169824365246,0.181970085861,0.175792361396,0,0
3800,0.181970085861,0.194984459976,0.188364908949,0,0
3800,0.194984459976,0.208929613085,0.201836636368,0,0
3800,0.208929613085,0.223872113857,0.216271852373,0,0
3800,0.223872113857,0.239883291902,0.231739464997,0,0
3800,0.239883291902,0.257039578277,0.24831331053,0,0
3800,0.257039578277,0.275422870334,0.26607250598,0,0
3800,0.275422870334,0.295120922667,0.28510182675,0,0
3800,0.295120922667,0.316227766017,0.305492111322,0,0
3800,0.316227766017,0.338844156139,0.327340694879,0,0
3800,0.338844156139,0.36307805477,0.350751873953,0,0
3800,0.36307805477,0.389045144994,0.375837404288,0,0
3800,0.389045144994,0.41686938347,0.402717034325,0,0
3800,0.41686938347,0.446683592151,0.431519076828,0,0
3800,0.446683592151,0.478630092323,0.462381021399,0,0
3800,0.478630092323,0.512861383991,0.495450190805,0,0
3800,0.512861383991,0.549540873858,0.530884444231,0,0
3800,0.549540873858,0.588843655356,0.568852930844,0,0
3800,0.588843655356,0.63095734448,0.60953689724,0,0
3800,0.63095734448,0.676082975392,0.653130552647,0,0
3800,0.676082975392,0.724435960075,0.699841996002,0,0
3800,0.724435960075,0.776247116629,0.749894209332,0,0
3800,0.776247116629,0.831763771103,0.803526122186,0,0
3800,0.831763771103,0.891250938134,0.860993752185,0,0
3800,0.891250938134,0.954992586021,0.922571427155,0,0
3800,0.954992586021,1.02329299228,0.988553094657,0,0
3800,1.02329299228,1.09647819614,1.05925372518,0,0
3800,1.09647819614,1.17489755494,1.13501081567,0,0
3800,1.17489755494,1.25892541179,1.21618600065,0,0
3800,1.25892541179,1.34896288259,1.30316677845,0,0
3800,1.34896288259,1.44543977075,1.39636836106,0,0
3800,1.44543977075,1.54881661891,1.49623565609,0,0
3800,1.54881661891,1.65958690744,1.60324539069,0,0
3800,1.65958690744,1.77827941004,1.71790838716,0,0
3800,1.77827941004,1.90546071796,1.84077200147,0,0
3800,1.90546071796,2.04173794467,1.97242273611,0,0
3800,2.04173794467,2.18776162395,2.11348903984,0,0
3800,2.18776162395,2.34422881532,2.26464430759,0,0
3800,2.34422881532,2.51188643151,2.42661009508,0,0
3800,2.51188643151,2.69153480393,2.60015956317,0,0
3800,2.69153480393,2.88403150313,2.78612116863,0,0
3800,2.88403150313,3.09029543251,2.98538261892,0,0
3800,3.09029543251,3.31131121483,3.19889510969,0,0
3800,3.31131121483,3.54813389234,3.42767786546,0,0
3800,3.54813389234,3.80189396321,3.67282300498,0,0
3800,3.80189396321,4.07380277804,3.93550075456,0,0
3800,4.07380277804,4.3651583224,4.21696503429,0,0
3800,4.3651583224,4.67735141287,4.51855944375,0,0
3800,4.67735141287,5.01187233627,4.84172367584,0,0
3800,5.01187233627,5.3703179637,5.18800038929,0,0
3800,5.3703179637,5.75439937337,5.5590425727,0,0
3800,5.75439937337,6.16595001861,5.95662143529,0,0
3800,6.16595001861,6.60693448008,6.38263486191,0,0
3800,6.60693448008,7.07945784384,6.83911647281,0,0
3800,7.07945784384,7.58577575029,7.32824533139,0,0
3800,7.58577575029,8.12830516164,7.8523563461,0,0
3800,8.12830516164,8.70963589956,8.41395141645,0,0
3800,8.70963589956,9.33254300797,9.01571137606,0,0
3800,9.33254300797,10,9.6605087899,0,0
4000,0.01,0.0107151930524,0.0103514216668,0,0
4000,0.0107151930524,0.011481536215,0.0110917481526,0,0
4000,0.011481536215,0.0123026877081,0.0118850222744,0,0
4000,0.0123026877081,0.0131825673856,0.0127350308102,0,0
4000,0.0131825673856,0.0141253754462,0.0136458313659,0,0
4000,0.0141253754462,0.0151356124844,0.0146217717446,0,0
4000,0.0151356124844,0.0162181009736,0.0156675107011,0,0
4000,0.0162181009736,0.0173780082875,0.0167880401812,0,0
4000,0.0173780082875,0.0186208713666,0.0179887091513,0,0
4000,0.0186208713666,0.0199526231497,0.0192752491319,0,0
4000,0.0199526231497,0.021379620895,0.0206538015581,0,0
4000,0.021379620895,0.0229086765277,0.0221309470961,0,0
4000,0.0229086765277,0.0245470891569,0.0237137370566,0,0
4000,0.0245470891569,0.026302679919,0.0254097270555,0,0
4000,0.026302679919,0.0281838293126,0.0272270130808,0,0
4000,0.0281838293126,0.030199517204,0.02917427014,0,0
4000,0.030199517204,0.032359365693,0.0312607936712,0,0
4000,0.032359365693,0.0346736850453,0.0334965439158,0,0
4000,0.0346736850453,0.0371535229097,0.0358921934645,0,0
4000,0.0371535229097,0.0398107170553,0.0384591782045,0,0
4000,0.0398107170553,0.0426579518802,0.0412097519097,0,0
4000,0.0426579518802,0.0457088189615,0.0441570447353,0,0
4000,0.0457088189615,0.0489778819368,0.0473151258961,0,0
4000,0.0489778819368,0.052480746025,0.0506990708275,0,0
4000,0.052480746025,0.056234132519,0.0543250331492,0.0939308950422,0.999499874937
4000,0.056234132519,0.0602559586074,0.0582103217771,0,0
4000,0.0602559586074,0.0645654229035,0.0623734835482,0,0
4000,0.0645654229035,0.0691830970919,0.0668343917569,0,0
4000,0.0691830970919,0.0741310241301,0.0716143410213,0,0
4000,0.0741310241301,0.0794328234724,0.0767361489362,0,0
4000,0.0794328234724,0.0851138038202,0.0822242649947,0,0
4000,0.0851138038202,0.0912010839356,0.0881048873008,0,0
4000,0.0912010839356,0.0977237220956,0.0944060876286,0.165181154213,0.999499874937
4000,0.0977237220956,0.104712854805,0.101157945426,0.46829532269,0.999499874937
4000,0.104712854805,0.11220184543,0.108392691402,0,0
4000,0.11220184543,0.120226443462,0.116144861384,0,0
4000,0.120226443462,0.128824955169,0.124451461177,0.114254073269,0.865951960469
4000,0.128824955169,0.13803842646,0.133352143216,0,0
4000,0.13803842646,0.147910838817,0.142889395851,0,0
4000,0.147910838817,0.158489319246,0.153108746168,0,0
4000,0.158489319246,0.169824365246,0.16405897732,0,0
4000,0.169824365246,0.181970085861,0.175792361396,0.0999929397349,0.999499874937
4000,0.181970085861,0.194984459976,0.188364908949,0,0
4000,0.194984459976,0.208929613085,0.201836636368,0,0
4000,0.208929613085,0.223872113857,0.216271852373,0,0
4000,0.223872113857,0.239883291902,0.231739464997,0,0
4000,0.239883291902,0.257039578277,0.24831331053,0,0
4000,0.257039578277,0.275422870334,0.26607250598,0.262485525708,0.999499874937
4000,0.275422870334,0.295120922667,0.28510182675,0,0
4000,0.295120922667,0.316227766017,0.305492111322,0,0
4000,0.316227766017,0.338844156139,0.327340694879,0.294660884347,0.999499874937
4000,0.338844156139,0.36307805477,0.350751873953,0,0
4000,0.36307805477,0.389045144994,0.375837404288,0.0912685432441,0.999499874937
4000,0.389045144994,0.41686938347,0.402717034325,0,0
4000,0.41686938347,0.446683592151,0.431519076828,0,0
4000,0.446683592151,0.478630092323,0.462381021399,0,0
4000,0.478630092323,0.512861383991,0.495450190805,0.434039281316,0.591712528207
4000,0.512861383991,0.549540873858,0.530884444231,0,0
4000,0.549540873858,0.588843655356,0.568852930844,0,0
4000,0.588843655356,0.63095734448,0.60953689724,0,0
4000,0.63095734448,0.676082975392,0.653130552647,0,0
4000,0.676082975392,0.724435960075,0.699841996002,0,0
4000,0.724435960075,0.776247116629,0.749894209332,0.0286147267403,0.999499874937
4000,0.776247116629,0.831763771103,0.803526122186,0,0
4000,0.831763771103,0.891250938134,0.860993752185,0.0996196977627,0.999499874937
4000,0.891250938134,0.954992586021,0.922571427155,0,0
4000,0.954992586021,1.02329299228,0.988553094657,0,0
4000,1.02329299228,1.09647819614,1.05925372518,0,0
4000,1.09647819614,1.17489755494,1.13501081567,0,0
4000,1.17489755494,1.25892541179,1.21618600065,0,0
4000,1.25892541179,1.34896288259,1.30316677845,0,0
4000,1.34896288259,1.44543977075,1.39636836106,0,0
4000,1.44543977075,1.54881661891,1.49623565609,0,0
4000,1.54881661891,1.65958690744,1.60324539069,0,0
4000,1.65958690744,1.77827941004,1.71790838716,0,0
4000,1.77827941004,1.90546071796,1.84077200147,0,0
4000,1.90546071796,2.04173794467,1.97242273611,0,0
4000,2.04173794467,2.18776162395,2.11348903984,0,0
4000,2.18776162395,2.34422881532,2.26464430759,0,0
4000,2.34422881532,2.51188643151,2.42661009508,0,0
4000,2.51188643151,2.69153480393,2.60015956317,0,0
4000,2.69153480393,2.88403150313,2.78612116863,0,0
4000,2.88403150313,3.09029543251,2.98538261892,0,0
4000,3.09029543251,3.31131121483,3.19889510969,0,0
4000,3.31131121483,3.54813389234,3.42767786546,0,0
4000,3.54813389234,3.80189396321,3.67282300498,0,0
4000,3.80189396321,4.07380277804,3.93550075456,0,0
4000,4.07380277804,4.3651583224,4.21696503429,0.237132279456,0.999499874937
4000,4.3651583224,4.67735141287,4.51855944375,0.285974390226,0.999499874937
4000,4.67735141287,5.01187233627,4.84172367584,0,0
4000,5.01187233627,5.3703179637,5.18800038929,0,0
4000,5.3703179637,5.75439937337,5.5590425727,0,0
4000,5.75439937337,6.16595001861,5.95662143529,0,0
4000,6.16595001861,6.60693448008,6.38263486191,0,0
4000,6.60693448008,7.07945784384,6.83911647281,0,0
4000,7.07945784384,7.58577575029,7.32824533139,0,0
4000,7.58577575029,8.12830516164,7.8523563461,0,0
4000,8.12830516164,8.70963589956,8.41395141645,0.0439004631816,0.999499874937
4000,8.70963589956,9.33254300797,9.01571137606,0.343675325942,0.999499874937
4000,9.33254300797,10,9.6605087899,3.34967303358,0.335934908216
4200,0.01,0.0107151930524,0.0103514216668,0,0
4200,0.0107151930524,0.011481536215,0.0110917481526,0,0
4200,0.011481536215,0.0123026877081,0.0118850222744,0,0
4200,0.0123026877081,0.0131825673856,0.0127350308102,0,0
4200,0.0131825673856,0.0141253754462,0.0136458313659,0,0
4200,0.0141253754462,0.0151356124844,0.0146217717446,0,0
4200,0.0151356124844,0.0162181009736,0.0156675107011,0,0
4200,0.0162181009736,0.0173780082875,0.0167880401812,0,0
4200,0.0173780082875,0.0186208713666,0.0179887091513,0,0
4200,0.0186208713666,0.0199526231497,0.0192752491319,0,0
4200,0.0199526231497,0.021379620895,0.0206538015581,0,0
4200,0.021379620895,0.0229086765277,0.0221309470961,0,0
4200,0.0229086765277,0.0245470891569,0.0237137370566,0,0
4200,0.0245470891569,0.026302679919,0.0254097270555,0,0
4200,0.026302679919,0.0281838293126,0.0272270130808,0,0
4200,0.0281838293126,0.030199517204,0.02917427014,0,0
4200,0.030199517204,0.032359365693,0.0312607936712,0,0
4200,0.032359365693,0.0346736850453,0.0334965439158,0,0
4200,0.0346736850453,0.0371535229097,0.0358921934645,0,0
4200,0.0371535229097,0.0398107170553,0.0384591782045,0,0
4200,0.0398107170553,0.0426579518802,0.0412097519097,0,0
4200,0.0426579518802,0.0457088189615,0.0441570447353,0,0
4200,0.0457088189615,0.0489778819368,0.0473151258961,0,0
4200,0.0489778819368,0.052480746025,0.0506990708275,0,0
4200,0.052480746025,0.056234132519,0.0543250331492,0,0
4200,0.056234132519,0.0602559586074,0.0582103217771,0,0
4200,0.0602559586074,0.0645654229035,0.0623734835482,0,0
4200,0.0645654229035,0.0691830970919,0.0668343917569,0,0
4200,0.0691830970919,0.0741310241301,0.0716143410213,0,0
4200,0.0741310241301,0.0794328234724,0.0767361489362,0,0
4200,0.0794328234724,0.0851138038202,0.0822242649947,0,0
4200,0.0851138038202,0.0912010839356,0.0881048873008,0,0
4200,0.0912010839356,0.0977237220956,0.0944060876286,0,0
4200,0.0977237220956,0.104712854805,0.101157945426,0,0
4200,0.104712854805,0.11220184543,0.108392691402,0,0
4200,0.11220184543,0.120226443462,0.116144861384,0,0
4200,0.120226443462,0.128824955169,0.124451461177,0,0
4200,0.128824955169,0.13803842646,0.133352143216,0,0
4200,0.13803842646,0.147910838817,0.142889395851,0,0
4200,0.147910838817,0.158489319246,0.153108746168,0,0
4200,0.158489319246,0.169824365246,0.16405897732,0,0
4200,0.169824365246,0.181970085861,0.175792361396,0,0
4200,0.181970085861,0.194984459976,0.188364908949,0,0
4200,0.194984459976,0.208929613085,0.201836636368,0,0
4200,0.208929613085,0.223872113857,0.216271852373,0.029227546479,0.999499874937
4200,0.223872113857,0.239883291902,0.231739464997,0,0
4200,0.239883291902,0.257039578277,0.24831331053,0,0
4200,0.257039578277,0.275422870334,0.26607250598,0,0
4200,0.275422870334,0.295120922667,0.28510182675,0.0198565482596,0.999499874937
4200,0.295120922667,0.316227766017,0.305492111322,0,0
4200,0.316227766017,0.338844156139,0.327340694879,0,0
4200,0.338844156139,0.36307805477,0.350751873953,0,0
4200,0.36307805477,0.389045144994,0.375837404288,0,0
4200,0.389045144994,0.41686938347,0.402717034325,0,0
4200,0.41686938347,0.446683592151,0.431519076828,0,0
4200,0.446683592151,0.478630092323,0.462381021399,0,0
4200,0.478630092323,0.512861383991,0.495450190805,0,0
4200,0.512861383991,0.549540873858,0.530884444231,0,0
4200,0.549540873858,0.588843655356,0.568852930844,0,0
4200,0.588843655356,0.63095734448,0.60953689724,0,0
4200,0.63095734448,0.676082975392,0.653130552647,0,0
4200,0.676082975392,0.724435960075,0.699841996002,0,0
4200,0.724435960075,0.776247116629,0.749894209332,0,0
4200,0.776247116629,0.831763771103,0.803526122186,0,0
4200,0.831763771103,0.891250938134,0.860993752185,0,0
4200,0.891250938134,0.954992586021,0.922571427155,0,0
4200,0.954992586021,1.02329299228,0.988553094657,0,0
4200,1.02329299228,1.09647819614,1.05925372518,0,0
4200,1.09647819614,1.17489755494,1.13501081567,0,0
4200,1.17489755494,1.25892541179,1.21618600065,0,0
4200,1.25892541179,1.34896288259,1.30316677845,0,0
4200,1.34896288259,1.44543977075,1.39636836106,0,0
4200,1.44543977075,1.54881661891,1.49623565609,0,0
4200,1.54881661891,1.65958690744,1.60324539069,0,0
4200,1.65958690744,1.77827941004,1.71790838716,0,0
4200,1.77827941004,1.90546071796,1.84077200147,0,0
4200,1.90546071796,2.04173794467,1.97242273611,0,0
4200,2.04173794467,2.18776162395,2.11348903984,0,0
4200,2.18776162395,2.34422881532,2.26464430759,0,0
4200,2.34422881532,2.51188643151,2.42661009508,0,0
4200,2.51188643151,2.69153480393,2.60015956317,0,0
4200,2.69153480393,2.88403150313,2.78612116863,0,0
4200,2.88403150313,3.09029543251,2.98538261892,0,0
4200,3.09029543251,3.31131121483,3.19889510969,0,0
4200,3.31131121483,3.54813389234,3.42767786546,0,0
4200,3.54813389234,3.80189396321,3.67282300498,0,0
4200,3.80189396321,4.07380277804,3.93550075456,0,0
4200,4.07380277804,4.3651583224,4.21696503429,0,0
4200,4.3651583224,4.67735141287,4.51855944375,0,0
4200,4.67735141287,5.01187233627,4.84172367584,0,0
4200,5.01187233627,5.3703179637,5.18800038929,0,0
4200,5.3703179637,5.75439937337,5.5590425727,0,0
4200,5.75439937337,6.16595001861,5.95662143529,0,0
4200,6.16595001861,6.60693448008,6.38263486191,0,0
4200,6.60693448008,7.07945784384,6.83911647281,0,0
4200,7.07945784384,7.58577575029,7.32824533139,0,0
4200,7.58577575029,8.12830516164,7.8523563461,0,0
4200,8.12830516164,8.70963589956,8.41395141645,0,0
4200,8.70963589956,9.33254300797,9.01571137606,0,0
4200,9.33254300797,10,9.6605087899,0,0
4400,0.01,0.0107151930524,0.0103514216668,0,0
4400,0.0107151930524,0.011481536215,0.0110917481526,0,0
4400,0.011481536215,0.0123026877081,0.0118850222744,0,0
4400,0.0123026877081,0.0131825673856,0.0127350308102,0,0
4400,0.0131825673856,0.0141253754462,0.0136458313659,0,0
4400,0.0141253754462,0.0151356124844,0.0146217717446,0,0
4400,0.0151356124844,0.0162181009736,0.0156675107011,0,0
4400,0.0162181009736,0.0173780082875,0.0167880401812,0,0
4400,0.0173780082875,0.0186208713666,0.0179887091513,0,0
4400,0.0186208713666,0.0199526231497,0.0192752491319,0,0
4400,0.0199526231497,0.021379620895,0.0206538015581,0,0
4400,0.021379620895,0.0229086765277,0.0221309470961,0,0
4400,0.0229086765277,0.0245470891569,0.0237137370566,0,0
4400,0.0245470891569,0.026302679919,0.0254097270555,0,0
4400,0.026302679919,0.0281838293126,0.0272270130808,0,0
4400,0.0281838293126,0.030199517204,0.02917427014,0,0
4400,0.030199517204,0.032359365693,0.0312607936712,0.0174410442794,0.999499874937
4400,0.032359365693,0.0346736850453,0.0334965439158,0,0
4400,0.0346736850453,0.0371535229097,0.0358921934645,0.00203891498408,0.999499874937
4400,0.0371535229097,0.0398107170553,0.0384591782045,0,0
4400,0.0398107170553,0.0426579518802,0.0412097519097,0.0206236734826,0.999499874937
4400,0.0426579518802,0.0457088189615,0.0441570447353,0,0
4400,0.0457088189615,0.0489778819368,0.0473151258961,0.0131427652688,0.999499874937
4400,0.0489778819368,0.052480746025,0.0506990708275,0,0
4400,0.052480746025,0.056234132519,0.0543250331492,0,0
4400,0.056234132519,0.0602559586074,0.0582103217771,0.0108556095636,0.999499874937
4400,0.0602559586074,0.0645654229035,0.0623734835482,0,0
4400,0.0645654229035,0.0691830970919,0.0668343917569,0,0
4400,0.0691830970919,0.0741310241301,0.0716143410213,0.0194313911525,0.999499874937
4400,0.0741310241301,0.0794328234724,0.0767361489362,0.0121047011246,0.999499874937
4400,0.0794328234724,0.0851138038202,0.0822242649947,0.0298012473175,0.999499874937
4400,0.0851138038202,0.0912010839356,0.0881048873008,0,0
4400,0.0912010839356,0.0977237220956,0.0944060876286,0.0301489561978,0.999499874937
4400,0.0977237220956,0.104712854805,0.101157945426,0.0134980367484,0.999499874937
4400,0.104712854805,0.11220184543,0.108392691402,0,0
4400,0.11220184543,0.120226443462,0.116144861384,0,0
4400,0.120226443462,0.128824955169,0.124451461177,0,0
4400,0.128824955169,0.13803842646,0.133352143216,0,0
4400,0.13803842646,0.147910838817,0.142889395851,0,0
4400,0.147910838817,0.158489319246,0.153108746168,0,0
4400,0.158489319246,0.169824365246,0.16405897732,0.0431798771511,0.708075944172
4400,0.169824365246,0.181970085861,0.175792361396,0,0
4400,0.181970085861,0.194984459976,0.188364908949,0,0
4400,0.194984459976,0.208929613085,0.201836636368,0,0
4400,0.208929613085,0.223872113857,0.216271852373,0.0235400678076,0.999499874937
4400,0.223872113857,0.239883291902,0.231739464997,0.00681661736761,0.999499874937
4400,0.239883291902,0.257039578277,0.24831331053,0.0135821671508,0.917602373418
4400,0.257039578277,0.275422870334,0.26607250598,0,0
4400,0.275422870334,0.295120922667,0.28510182675,0,0
4400,0.295120922667,0.316227766017,0.305492111322,0,0
4400,0.316227766017,0.338844156139,0.327340694879,0.0564599723702,0.999499874937
4400,0.338844156139,0.36307805477,0.350751873953,0,0
4400,0.36307805477,0.389045144994,0.375837404288,0,0
4400,0.389045144994,0.41686938347,0.402717034325,0,0
4400,0.41686938347,0.446683592151,0.431519076828,0,0
4400,0.446683592151,0.478630092323,0.462381021399,0,0
4400,0.478630092323,0.512861383991,0.495450190805,0.0227589998619,0.999499874937
4400,0.512861383991,0.549540873858,0.530884444231,0,0
4400,0.549540873858,0.588843655356,0.568852930844,0,0
4400,0.588843655356,0.63095734448,0.60953689724,0,0
4400,0.63095734448,0.676082975392,0.653130552647,0,0
4400,0.676082975392,0.724435960075,0.699841996002,0,0
4400,0.724435960075,0.776247116629,0.749894209332,0.0143398583173,0.999499874937
4400,0.776247116629,0.831763771103,0.803526122186,0,0
4400,0.831763771103,0.891250938134,0.860993752185,0.019540191483,0.999499874937
4400,0.891250938134,0.954992586021,0.922571427155,0,0
4400,0.954992586021,1.02329299228,0.988553094657,0,0
4400,1.02329299228,1.09647819614,1.05925372518,0,0
4400,1.09647819614,1.17489755494,1.13501081567,0,0
4400,1.17489755494,1.25892541179,1.21618600065,0,0
4400,1.25892541179,1.34896288259,1.30316677845,0,0
4400,1.34896288259,1.44543977075,1.39636836106,0,0
4400,1.44543977075,1.54881661891,1.49623565609,0,0
4400,1.54881661891,1.65958690744,1.60324539069,0,0
4400,1.65958690744,1.77827941004,1.71790838716,0,0
4400,1.77827941004,1.90546071796,1.84077200147,0.0219741776543,0.999499874937
4400,1.90546071796,2.04173794467,1.97242273611,0,0
4400,2.04173794467,2.18776162395,2.11348903984,0,0
4400,2.18776162395,2.34422881532,2.26464430759,0,0
4400,2.34422881532,2.51188643151,2.42661009508,0,0
4400,2.51188643151,2.69153480393,2.60015956317,0,0
4400,2.69153480393,2.88403150313,2.78612116863,0,0
4400,2.88403150313,3.09029543251,2.98538261892,0,0
4400,3.09029543251,3.31131121483,3.19889510969,0,0
4400,3.31131121483,3.54813389234,3.42767786546,0,0
4400,3.54813389234,3.80189396321,3.67282300498,0,0
4400,3.80189396321,4.07380277804,3.93550075456,0,0
4400,4.07380277804,4.3651583224,4.21696503429,0,0
4400,4.3651583224,4.67735141287,4.51855944375,0,0
4400,4.67735141287,5.01187233627,4.84172367584,0,0
4400,5.01187233627,5.3703179637,5.18800038929,0,0
4400,5.3703179637,5.75439937337,5.5590425727,0,0
4400,5.75439937337,6.16595001861,5.95662143529,0,0
4400,6.16595001861,6.60693448008,6.38263486191,0,0
4400,6.60693448008,7.07945784384,6.83911647281,0,0
4400,7.07945784384,7.58577575029,7.32824533139,0,0
4400,7.58577575029,8.12830516164,7.8523563461,0,0
4400,8.12830516164,8.70963589956,8.41395141645,0,0
4400,8.70963589956,9.33254300797,9.01571137606,0,0
4400,9.33254300797,10,9.6605087899,0.434897546861,0.402745707197
4600,0.01,0.0107151930524,0.0103514216668,0,0
4600,0.0107151930524,0.011481536215,0.0110917481526,0,0
4600,0.011481536215,0.0123026877081,0.0118850222744,0,0
4600,0.0123026877081,0.0131825673856,0.0127350308102,0,0
4600,0.0131825673856,0.0141253754462,0.0136458313659,0,0
4600,0.0141253754462,0.0151356124844,0.0146217717446,0,0
4600,0.0151356124844,0.0162181009736,0.0156675107011,0,0
4600,0.0162181009736,0.0173780082875,0.0167880401812,0,0
4600,0.0173780082875,0.0186208713666,0.0179887091513,0,0
4600,0.0186208713666,0.0199526231497,0.0192752491319,0,0
4600,0.0199526231497,0.021379620895,0.0206538015581,0,0
4600,0.021379620895,0.0229086765277,0.0221309470961,0,0
4600,0.0229086765277,0.0245470891569,0.0237137370566,0,0
4600,0.0245470891569,0.026302679919,0.0254097270555,0,0
4600,0.026302679919,0.0281838293126,0.0272270130808,0,0
4600,0.0281838293126,0.030199517204,0.02917427014,0,0
4600,0.030199517204,0.032359365693,0.0312607936712,0,0
4600,0.032359365693,0.0346736850453,0.0334965439158,0,0
4600,0.0346736850453,0.0371535229097,0.0358921934645,0,0
4600,0.0371535229097,0.0398107170553,0.0384591782045,0,0
4600,0.0398107170553,0.0426579518802,0.0412097519097,0,0
4600,0.0426579518802,0.0457088189615,0.0441570447353,0,0
4600,0.0457088189615,0.0489778819368,0.0473151258961,0,0
4600,0.0489778819368,0.052480746025,0.0506990708275,0,0
4600,0.052480746025,0.056234132519,0.0543250331492,0,0
4600,0.056234132519,0.0602559586074,0.0582103217771,0,0
4600,0.0602559586074,0.0645654229035,0.0623734835482,0,0
4600,0.0645654229035,0.0691830970919,0.0668343917569,0,0
4600,0.0691830970919,0.0741310241301,0.0716143410213,0,0
4600,0.0741310241301,0.0794328234724,0.0767361489362,0,0
4600,0.0794328234724,0.0851138038202,0.0822242649947,0,0
4600,0.0851138038202,0.0912010839356,0.0881048873008,0,0
4600,0.0912010839356,0.0977237220956,0.0944060876286,0,0
4600,0.0977237220956,0.104712854805,0.101157945426,0,0
4600,0.104712854805,0.11220184543,0.108392691402,0,0
4600,0.11220184543,0.120226443462,0.116144861384,0,0
4600,0.120226443462,0.128824955169,0.124451461177,0,0
4600,0.128824955169,0.13803842646,0.133352143216,0,0
4600,0.13803842646,0.147910838817,0.142889395851,0,0
4600,0.147910838817,0.158489319246,0.153108746168,0,0
4600,0.158489319246,0.169824365246,0.16405897732,0,0
4600,0.169824365246,0.181970085861,0.175792361396,0,0
4600,0.181970085861,0.194984459976,0.188364908949,0,0
4600,0.194984459976,0.208929613085,0.201836636368,0,0
4600,0.208929613085,0.223872113857,0.216271852373,0.135065844465,0.999499874937
4600,0.223872113857,0.239883291902,0.231739464997,0,0
4600,0.239883291902,0.257039578277,0.24831331053,0,0
4600,0.257039578277,0.275422870334,0.26607250598,0,0
4600,0.275422870334,0.295120922667,0.28510182675,0,0
4600,0.295120922667,0.316227766017,0.305492111322,0,0
4600,0.316227766017,0.338844156139,0.327340694879,0,0
4600,0.338844156139,0.36307805477,0.350751873953,0,0
4600,0.36307805477,0.389045144994,0.375837404288,0.00277208947311,0.999499874937
4600,0.389045144994,0.41686938347,0.402717034325,0,0
4600,0.41686938347,0.446683592151,0.431519076828,0,0
4600,0.446683592151,0.478630092323,0.462381021399,0,0
4600,0.478630092323,0.512861383991,0.495450190805,0.0297296275927,0.999499874937
4600,0.512861383991,0.549540873858,0.530884444231,0,0
4600,0.549540873858,0.588843655356,0.568852930844,0,0
4600,0.588843655356,0.63095734448,0.60953689724,0,0
4600,0.63095734448,0.676082975392,0.653130552647,0,0
4600,0.676082975392,0.724435960075,0.699841996002,0,0
4600,0.724435960075,0.776247116629,0.749894209332,0,0
4600,0.776247116629,0.831763771103,0.803526122186,0,0
4600,0.831763771103,0.891250938134,0.860993752185,0,0
4600,0.891250938134,0.954992586021,0.922571427155,0,0
4600,0.954992586021,1.02329299228,0.988553094657,0,0
4600,1.02329299228,1.09647819614,1.05925372518,0,0
4600,1.09647819614,1.17489755494,1.13501081567,0,0
4600,1.17489755494,1.25892541179,1.21618600065,0,0
4600,1.25892541179,1.34896288259,1.30316677845,0,0
4600,1.34896288259,1.44543977075,1.39636836106,0,0
4600,1.44543977075,1.54881661891,1.49623565609,0,0
4600,1.54881661891,1.65958690744,1.60324539069,0,0
4600,1.65958690744,1.77827941004,1.71790838716,0,0
4600,1.77827941004,1.90546071796,1.84077200147,0,0
4600,1.90546071796,2.04173794467,1.97242273611,0,0
4600,2.04173794467,2.18776162395,2.11348903984,0,0
4600,2.18776162395,2.34422881532,2.26464430759,0,0
4600,2.34422881532,2.51188643151,2.42661009508,0,0
4600,2.51188643151,2.69153480393,2.60015956317,0,0
4600,2.69153480393,2.88403150313,2.78612116863,0,0
4600,2.88403150313,3.09029543251,2.98538261892,0,0
4600,3.09029543251,3.31131121483,3.19889510969,0,0
4600,3.31131121483,3.54813389234,3.42767786546,0,0
4600,3.54813389234,3.80189396321,3.67282300498,0,0
4600,3.80189396321,4.07380277804,3.93550075456,0,0
4600,4.07380277804,4.3651583224,4.21696503429,0,0
4600,4.3651583224,4.67735141287,4.51855944375,0,0
4600,4.67735141287,5.01187233627,4.84172367584,0,0
4600,5.01187233627,5.3703179637,5.18800038929,0,0
4600,5.3703179637,5.75439937337,5.5590425727,0,0
4600,5.75439937337,6.16595001861,5.95662143529,0,0
4600,6.16595001861,6.60693448008,6.38263486191,0,0
4600,6.60693448008,7.07945784384,6.83911647281,0,0
4600,7.07945784384,7.58577575029,7.32824533139,0,0
4600,7.58577575029,8.12830516164,7.8523563461,0,0
4600,8.12830516164,8.70963589956,8.41395141645,0,0
4600,8.70963589956,9.33254300797,9.01571137606,0,0
4600,9.33254300797,10,9.6605087899,0.489169111989,0.48086715479
4800,0.01,0.0107151930524,0.0103514216668,0,0
4800,0.0107151930524,0.011481536215,0.0110917481526,0,0
4800,0.011481536215,0.0123026877081,0.0118850222744,0,0
4800,0.0123026877081,0.0131825673856,0.0127350308102,0,0
4800,0.0131825673856,0.0141253754462,0.0136458313659,0,0
4800,0.0141253754462,0.0151356124844,0.0146217717446,0,0
4800,0.0151356124844,0.0162181009736,0.0156675107011,0,0
4800,0.0162181009736,0.0173780082875,0.0167880401812,0,0
4800,0.0173780082875,0.0186208713666,0.0179887091513,0,0
4800,0.0186208713666,0.0199526231497,0.0192752491319,0,0
4800,0.0199526231497,0.021379620895,0.0206538015581,0,0
4800,0.021379620895,0.0229086765277,0.0221309470961,0,0
4800,0.0229086765277,0.0245470891569,0.0237137370566,0,0
4800,0.0245470891569,0.026302679919,0.0254097270555,0.0616140268139,0.999499874937
4800,0.026302679919,0.0281838293126,0.0272270130808,0.061159601004,0.999499874937
4800,0.0281838293126,0.030199517204,0.02917427014,0,0
4800,0.030199517204,0.032359365693,0.0312607936712,0,0
4800,0.032359365693,0.0346736850453,0.0334965439158,0,0
4800,0.0346736850453,0.0371535229097,0.0358921934645,0.201325255912,0.999499874937
4800,0.0371535229097,0.0398107170553,0.0384591782045,0,0
4800,0.0398107170553,0.0426579518802,0.0412097519097,0.0538408492705,0.999499874937
4800,0.0426579518802,0.0457088189615,0.0441570447353,0.0577046735899,0.999499874937
4800,0.0457088189615,0.0489778819368,0.0473151258961,0,0
4800,0.0489778819368,0.052480746025,0.0506990708275,0,0
4800,0.052480746025,0.056234132519,0.0543250331492,0,0
4800,0.056234132519,0.0602559586074,0.0582103217771,0,0
4800,0.0602559586074,0.0645654229035,0.0623734835482,0,0
4800,0.0645654229035,0.0691830970919,0.0668343917569,0,0
4800,0.0691830970919,0.0741310241301,0.0716143410213,0,0
4800,0.0741310241301,0.0794328234724,0.0767361489362,0,0
4800,0.0794328234724,0.0851138038202,0.0822242649947,0,0
4800,0.0851138038202,0.0912010839356,0.0881048873008,0,0
4800,0.0912010839356,0.0977237220956,0.0944060876286,0,0
4800,0.0977237220956,0.104712854805,0.101157945426,0,0
4800,0.104712854805,0.11220184543,0.108392691402,0,0
4800,0.11220184543,0.120226443462,0.116144861384,0,0
4800,0.120226443462,0.128824955169,0.124451461177,0.148266903198,0.999499874937
4800,0.128824955169,0.13803842646,0.133352143216,0,0
4800,0.13803842646,0.147910838817,0.142889395851,0,0
4800,0.147910838817,0.158489319246,0.153108746168,0,0
4800,0.158489319246,0.169824365246,0.16405897732,0,0
4800,0.169824365246,0.181970085861,0.175792361396,0,0
4800,0.181970085861,0.194984459976,0.188364908949,0,0
4800,0.194984459976,0.208929613085,0.201836636368,0,0
4800,0.208929613085,0.223872113857,0.216271852373,0,0
4800,0.223872113857,0.239883291902,0.231739464997,0,0
4800,0.239883291902,0.257039578277,0.24831331053,0,0
4800,0.257039578277,0.275422870334,0.26607250598,0,0
4800,0.275422870334,0.295120922667,0.28510182675,0,0
4800,0.295120922667,0.316227766017,0.305492111322,0,0
4800,0.316227766017,0.338844156139,0.327340694879,0.0237739262418,0.999499874937
4800,0.338844156139,0.36307805477,0.350751873953,0,0
4800,0.36307805477,0.389045144994,0.375837404288,0,0
4800,0.389045144994,0.41686938347,0.402717034325,0,0
4800,0.41686938347,0.446683592151,0.431519076828,0.0757530469204,0.999499874937
4800,0.446683592151,0.478630092323,0.462381021399,0,0
4800,0.478630092323,0.512861383991,0.495450190805,0.125332408254,0.999499874937
4800,0.512861383991,0.549540873858,0.530884444231,0,0
4800,0.549540873858,0.588843655356,0.568852930844,0,0
4800,0.588843655356,0.63095734448,0.60953689724,0.739177504569,0.999499874937
4800,0.63095734448,0.676082975392,0.653130552647,0.163904641815,0.999499874937
4800,0.676082975392,0.724435960075,0.699841996002,0.0963668152121,0.999499874937
4800,0.724435960075,0.776247116629,0.749894209332,0,0
4800,0.776247116629,0.831763771103,0.803526122186,0,0
4800,0.831763771103,0.891250938134,0.860993752185,0,0
4800,0.891250938134,0.954992586021,0.922571427155,0,0
4800,0.954992586021,1.02329299228,0.988553094657,0,0
4800,1.02329299228,1.09647819614,1.05925372518,0,0
4800,1.09647819614,1.17489755494,1.13501081567,0,0
4800,1.17489755494,1.25892541179,1.21618600065,0,0
4800,1.25892541179,1.34896288259,1.30316677845,0,0
4800,1.34896288259,1.44543977075,1.39636836106,0,0
4800,1.44543977075,1.54881661891,1.49623565609,0.0804353864544,0.999499874937
4800,1.54881661891,1.65958690744,1.60324539069,0,0
4800,1.65958690744,1.77827941004,1.71790838716,0,0
4800,1.77827941004,1.90546071796,1.84077200147,0.438874689793,0.999499874937
4800,1.90546071796,2.04173794467,1.97242273611,0,0
4800,2.04173794467,2.18776162395,2.11348903984,0,0
4800,2.18776162395,2.34422881532,2.26464430759,0,0
4800,2.34422881532,2.51188643151,2.42661009508,0,0
4800,2.51188643151,2.69153480393,2.60015956317,0,0
4800,2.69153480393,2.88403150313,2.78612116863,0,0
4800,2.88403150313,3.09029543251,2.98538261892,0,0
4800,3.09029543251,3.31131121483,3.19889510969,0,0
4800,3.31131121483,3.54813389234,3.42767786546,0,0
4800,3.54813389234,3.80189396321,3.67282300498,0,0
4800,3.80189396321,4.07380277804,3.93550075456,0,0
4800,4.07380277804,4.3651583224,4.21696503429,0,0
4800,4.3651583224,4.67735141287,4.51855944375,0,0
4800,4.67735141287,5.01187233627,4.84172367584,0,0
4800,5.01187233627,5.3703179637,5.18800038929,0.0823815060537,0.999499874937
4800,5.3703179637,5.75439937337,5.5590425727,0,0
4800,5.75439937337,6.16595001861,5.95662143529,0,0
4800,6.16595001861,6.60693448008,6.38263486191,0.0516950707749,0.999499874937
4800,6.60693448008,7.07945784384,6.83911647281,0,0
4800,7.07945784384,7.58577575029,7.32824533139,0,0
4800,7.58577575029,8.12830516164,7.8523563461,0,0
4800,8.12830516164,8.70963589956,8.41395141645,0,0
4800,8.70963589956,9.33254300797,9.01571137606,0,0
4800,9.33254300797,10,9.6605087899,3.06346728297,0.311161799945
5000,0.01,0.0107151930524,0.0103514216668,0,0
5000,0.0107151930524,0.011481536215,0.0110917481526,0,0
5000,0.011481536215,0.0123026877081,0.0118850222744,0,0
5000,0.0123026877081,0.0131825673856,0.0127350308102,0,0
5000,0.0131825673856,0.0141253754462,0.0136458313659,0,0
5000,0.0141253754462,0.0151356124844,0.0146217717446,0,0
5000,0.0151356124844,0.0162181009736,0.0156675107011,0,0
5000,0.0162181009736,0.0173780082875,0.0167880401812,0,0
5000,0.0173780082875,0.0186208713666,0.0179887091513,0,0
5000,0.0186208713666,0.0199526231497,0.0192752491319,0,0
5000,0.0199526231497,0.021379620895,0.0206538015581,0,0
5000,0.021379620895,0.0229086765277,0.0221309470961,0,0
5000,0.0229086765277,0.0245470891569,0.0237137370566,0,0
5000,0.0245470891569,0.026302679919,0.0254097270555,0,0
5000,0.026302679919,0.0281838293126,0.0272270130808,0,0
5000,0.0281838293126,0.030199517204,0.02917427014,0,0
5000,0.030199517204,0.032359365693,0.0312607936712,0,0
5000,0.032359365693,0.0346736850453,0.0334965439158,0,0
5000,0.0346736850453,0.0371535229097,0.0358921934645,0,0
5000,0.0371535229097,0.0398107170553,0.0384591782045,0,0
5000,0.0398107170553,0.0426579518802,0.0412097519097,0,0
5000,0.0426579518802,0.0457088189615,0.0441570447353,0,0
5000,0.0457088189615,0.0489778819368,0.0473151258961,0,0
5000,0.0489778819368,0.052480746025,0.0506990708275,0,0
5000,0.052480746025,0.056234132519,0.0543250331492,0,0
5000,0.056234132519,0.0602559586074,0.0582103217771,0,0
5000,0.0602559586074,0.0645654229035,0.0623734835482,0,0
5000,0.0645654229035,0.0691830970919,0.0668343917569,0,0
5000,0.0691830970919,0.0741310241301,0.0716143410213,0.0589751246533,0.999499874937
5000,0.0741310241301,0.0794328234724,0.0767361489362,0,0
5000,0.0794328234724,0.0851138038202,0.0822242649947,0.077855164078,0.999499874937
5000,0.0851138038202,0.0912010839356,0.0881048873008,0,0
5000,0.0912010839356,0.0977237220956,0.0944060876286,0,0
5000,0.0977237220956,0.104712854805,0.101157945426,0.0406817051085,0.999499874937
5000,0.104712854805,0.11220184543,0.108392691402,0.00148507494188,0.999499874937
5000,0.11220184543,0.120226443462,0.116144861384,0.00809542740583,0.999499874937
5000,0.120226443462,0.128824955169,0.124451461177,0,0
5000,0.128824955169,0.13803842646,0.133352143216,0.0173098367145,0.999499874937
5000,0.13803842646,0.147910838817,0.142889395851,0,0
5000,0.147910838817,0.158489319246,0.153108746168,0,0
5000,0.158489319246,0.169824365246,0.16405897732,0,0
5000,0.169824365246,0.181970085861,0.175792361396,0.0408884226455,0.999499874937
5000,0.181970085861,0.194984459976,0.188364908949,0.0515998142304,0.999499874937
5000,0.194984459976,0.208929613085,0.201836636368,0,0
5000,0.208929613085,0.223872113857,0.216271852373,0.0396656778458,0.999499874937
5000,0.223872113857,0.239883291902,0.231739464997,0,0
5000,0.239883291902,0.257039578277,0.24831331053,0,0
5000,0.257039578277,0.275422870334,0.26607250598,0,0
5000,0.275422870334,0.295120922667,0.28510182675,0,0
5000,0.295120922667,0.316227766017,0.305492111322,0,0
5000,0.316227766017,0.338844156139,0.327340694879,0,0
5000,0.338844156139,0.36307805477,0.350751873953,0,0
5000,0.36307805477,0.389045144994,0.375837404288,0,0
5000,0.389045144994,0.41686938347,0.402717034325,0,0
5000,0.41686938347,0.446683592151,0.431519076828,0,0
5000,0.446683592151,0.478630092323,0.462381021399,0,0
5000,0.478630092323,0.512861383991,0.495450190805,0.0292777479838,0.999499874937
5000,0.512861383991,0.549540873858,0.530884444231,0,0
5000,0.549540873858,0.588843655356,0.568852930844,0,0
5000,0.588843655356,0.63095734448,0.60953689724,0.131744152101,0.999499874937
5000,0.63095734448,0.676082975392,0.653130552647,0,0
5000,0.676082975392,0.724435960075,0.699841996002,0,0
5000,0.724435960075,0.776247116629,0.749894209332,0,0
5000,0.776247116629,0.831763771103,0.803526122186,0,0
5000,0.831763771103,0.891250938134,0.860993752185,0,0
5000,0.891250938134,0.954992586021,0.922571427155,0,0
5000,0.954992586021,1.02329299228,0.988553094657,0,0
5000,1.02329299228,1.09647819614,1.05925372518,0,0
5000,1.09647819614,1.17489755494,1.13501081567,0,0
5000,1.17489755494,1.25892541179,1.21618600065,0,0
5000,1.25892541179,1.34896288259,1.30316677845,0,0
5000,1.34896288259,1.44543977075,1.39636836106,0.0171746738245,0.999499874937
5000,1.44543977075,1.54881661891,1.49623565609,0,0
5000,1.54881661891,1.65958690744,1.60324539069,0,0
5000,1.65958690744,1.77827941004,1.71790838716,0,0
5000,1.77827941004,1.90546071796,1.84077200147,0,0
5000,1.90546071796,2.04173794467,1.97242273611,0,0
5000,2.04173794467,2.18776162395,2.11348903984,0,0
5000,2.18776162395,2.34422881532,2.26464430759,0,0
5000,2.34422881532,2.51188643151,2.42661009508,0,0
5000,2.51188643151,2.69153480393,2.60015956317,0,0
5000,2.69153480393,2.88403150313,2.78612116863,0,0
5000,2.88403150313,3.09029543251,2.98538261892,0,0
5000,3.09029543251,3.31131121483,3.19889510969,0,0
5000,3.31131121483,3.54813389234,3.42767786546,0,0
5000,3.54813389234,3.80189396321,3.67282300498,0,0
5000,3.80189396321,4.07380277804,3.93550075456,0,0
5000,4.07380277804,4.3651583224,4.21696503429,0,0
5000,4.3651583224,4.67735141287,4.51855944375,0,0
5000,4.67735141287,5.01187233627,4.84172367584,0,0
5000,5.01187233627,5.3703179637,5.18800038929,0,0
5000,5.3703179637,5.75439937337,5.5590425727,0,0
5000,5.75439937337,6.16595001861,5.95662143529,0,0
5000,6.16595001861,6.60693448008,6.38263486191,0.290726061531,0.999499874937
5000,6.60693448008,7.07945784384,6.83911647281,0,0
5000,7.07945784384,7.58577575029,7.32824533139,0,0
5000,7.58577575029,8.12830516164,7.8523563461,0,0
5000,8.12830516164,8.70963589956,8.41395141645,0,0
5000,8.70963589956,9.33254300797,9.01571137606,0,0
5000,9.33254300797,10,9.6605087899,0.232383273567,0.711990719568
5200,0.01,0.0107151930524,0.0103514216668,0,0
5200,0.0107151930524,0.011481536215,0.0110917481526,0,0
5200,0.011481536215,0.0123026877081,0.0118850222744,0,0
5200,0.0123026877081,0.0131825673856,0.0127350308102,0,0
5200,0.0131825673856,0.0141253754462,0.0136458313659,0,0
5200,0.0141253754462,0.0151356124844,0.0146217717446,0,0
5200,0.0151356124844,0.0162181009736,0.0156675107011,0,0
5200,0.0162181009736,0.0173780082875,0.0167880401812,0,0
5200,0.0173780082875,0.0186208713666,0.0179887091513,0,0
5200,0.0186208713666,0.0199526231497,0.0192752491319,0,0
5200,0.0199526231497,0.021379620895,0.0206538015581,0,0
5200,0.021379620895,0.0229086765277,0.0221309470961,0,0
5200,0.0229086765277,0.0245470891569,0.0237137370566,0,0
5200,0.0245470891569,0.026302679919,0.0254097270555,0,0
5200,0.026302679919,0.0281838293126,0.0272270130808,0,0
5200,0.0281838293126,0.030199517204,0.02917427014,0,0
5200,0.030199517204,0.032359365693,0.0312607936712,0,0
5200,0.032359365693,0.0346736850453,0.0334965439158,0,0
5200,0.0346736850453,0.0371535229097,0.0358921934645,0,0
5200,0.0371535229097,0.0398107170553,0.0384591782045,0,0
5200,0.0398107170553,0.0426579518802,0.0412097519097,0,0
5200,0.0426579518802,0.0457088189615,0.0441570447353,0,0
5200,0.0457088189615,0.0489778819368,0.0473151258961,0,0
5200,0.0489778819368,0.052480746025,0.0506990708275,0,0
5200,0.052480746025,0.056234132519,0.0543250331492,0,0
5200,0.056234132519,0.0602559586074,0.0582103217771,0,0
5200,0.0602559586074,0.0645654229035,0.0623734835482,0,0
5200,0.0645654229035,0.0691830970919,0.0668343917569,0,0
5200,0.0691830970919,0.0741310241301,0.0716143410213,0,0
5200,0.0741310241301,0.0794328234724,0.0767361489362,0,0
5200,0.0794328234724,0.0851138038202,0.0822242649947,0,0
5200,0.0851138038202,0.0912010839356,0.0881048873008,0,0
5200,0.0912010839356,0.0977237220956,0.0944060876286,0,0
5200,0.0977237220956,0.104712854805,0.101157945426,0,0
5200,0.104712854805,0.11220184543,0.108392691402,0.0253248220416,0.999499874937
5200,0.11220184543,0.120226443462,0.116144861384,0,0
5200,0.120226443462,0.128824955169,0.124451461177,0,0
5200,0.128824955169,0.13803842646,0.133352143216,0,0
5200,0.13803842646,0.147910838817,0.142889395851,0,0
5200,0.147910838817,0.158489319246,0.153108746168,0,0
5200,0.158489319246,0.169824365246,0.16405897732,0,0
5200,0.169824365246,0.181970085861,0.175792361396,0.0466328780742,0.999499874937
5200,0.181970085861,0.194984459976,0.188364908949,0,0
5200,0.194984459976,0.208929613085,0.201836636368,0,0
5200,0.208929613085,0.223872113857,0.216271852373,0,0
5200,0.223872113857,0.239883291902,0.231739464997,0,0
5200,0.239883291902,0.257039578277,0.24831331053,0,0
5200,0.257039578277,0.275422870334,0.26607250598,0,0
5200,0.275422870334,0.295120922667,0.28510182675,0,0
5200,0.295120922667,0.316227766017,0.305492111322,0,0
5200,0.316227766017,0.338844156139,0.327340694879,0,0
5200,0.338844156139,0.36307805477,0.350751873953,0,0
5200,0.36307805477,0.389045144994,0.375837404288,0,0
5200,0.389045144994,0.41686938347,0.402717034325,0,0
5200,0.41686938347,0.446683592151,0.431519076828,0,0
5200,0.446683592151,0.478630092323,0.462381021399,0.102667620333,0.999499874937
5200,0.478630092323,0.512861383991,0.495450190805,0,0
5200,0.512861383991,0.549540873858,0.530884444231,0,0
5200,0.549540873858,0.588843655356,0.568852930844,0,0
5200,0.588843655356,0.63095734448,0.60953689724,0,0
5200,0.63095734448,0.676082975392,0.653130552647,0,0
5200,0.676082975392,0.724435960075,0.699841996002,0,0
5200,0.724435960075,0.776247116629,0.749894209332,0,0
5200,0.776247116629,0.831763771103,0.803526122186,0,0
5200,0.831763771103,0.891250938134,0.860993752185,0,0
5200,0.891250938134,0.954992586021,0.922571427155,0,0
5200,0.954992586021,1.02329299228,0.988553094657,0,0
5200,1.02329299228,1.09647819614,1.05925372518,0,0
5200,1.09647819614,1.17489755494,1.13501081567,0,0
5200,1.17489755494,1.25892541179,1.21618600065,0,0
5200,1.25892541179,1.34896288259,1.30316677845,0,0
5200,1.34896288259,1.44543977075,1.39636836106,0,0
5200,1.44543977075,1.54881661891,1.49623565609,0,0
5200,1.54881661891,1.65958690744,1.60324539069,0,0
5200,1.65958690744,1.77827941004,1.71790838716,0,0
5200,1.77827941004,1.90546071796,1.84077200147,0,0
5200,1.90546071796,2.04173794467,1.97242273611,0,0
5200,2.04173794467,2.18776162395,2.11348903984,0,0
5200,2.18776162395,2.34422881532,2.26464430759,0,0
5200,2.34422881532,2.51188643151,2.42661009508,0,0
5200,2.51188643151,2.69153480393,2.60015956317,0,0
5200,2.69153480393,2.88403150313,2.78612116863,0,0
5200,2.88403150313,3.09029543251,2.98538261892,0,0
5200,3.09029543251,3.31131121483,3.19889510969,0,0
5200,3.31131121483,3.54813389234,3.42767786546,0,0
5200,3.54813389234,3.80189396321,3.67282300498,0,0
5200,3.80189396321,4.07380277804,3.93550075456,0,0
5200,4.07380277804,4.3651583224,4.21696503429,0,0
5200,4.3651583224,4.67735141287,4.51855944375,0,0
5200,4.67735141287,5.01187233627,4.84172367584,0,0
5200,5.01187233627,5.3703179637,5.18800038929,0,0
5200,5.3703179637,5.75439937337,5.5590425727,0,0
5200,5.75439937337,6.16595001861,5.95662143529,0,0
5200,6.16595001861,6.60693448008,6.38263486191,0,0
5200,6.60693448008,7.07945784384,6.83911647281,0,0
5200,7.07945784384,7.58577575029,7.32824533139,0,0
5200,7.58577575029,8.12830516164,7.8523563461,0,0
5200,8.12830516164,8.70963589956,8.41395141645,0,0
5200,8.70963589956,9.33254300797,9.01571137606,0,0
5200,9.33254300797,10,9.6605087899,0.0415589902073,0.999499874937
5400,0.01,0.0107151930524,0.0103514216668,0,0
5400,0.0107151930524,0.011481536215,0.0110917481526,0,0
5400,0.011481536215,0.0123026877081,0.0118850222744,0,0
5400,0.0123026877081,0.0131825673856,0.0127350308102,0,0
5400,0.0131825673856,0.0141253754462,0.0136458313659,0,0
5400,0.0141253754462,0.0151356124844,0.0146217717446,0,0
5400,0.0151356124844,0.0162181009736,0.0156675107011,0,0
5400,0.0162181009736,0.0173780082875,0.0167880401812,0,0
5400,0.0173780082875,0.0186208713666,0.0179887091513,0,0
5400,0.0186208713666,0.0199526231497,0.0192752491319,0,0
5400,0.0199526231497,0.021379620895,0.0206538015581,0,0
5400,0.021379620895,0.0229086765277,0.0221309470961,0,0
5400,0.0229086765277,0.0245470891569,0.0237137370566,0,0
5400,0.0245470891569,0.026302679919,0.0254097270555,0,0
5400,0.026302679919,0.0281838293126,0.0272270130808,0,0
5400,0.0281838293126,0.030199517204,0.02917427014,0,0
5400,0.030199517204,0.032359365693,0.0312607936712,0,0
5400,0.032359365693,0.0346736850453,0.0334965439158,0,0
5400,0.0346736850453,0.0371535229097,0.0358921934645,0,0
5400,0.0371535229097,0.0398107170553,0.0384591782045,0,0
5400,0.0398107170553,0.0426579518802,0.0412097519097,0,0
5400,0.0426579518802,0.0457088189615,0.0441570447353,0,0
5400,0.0457088189615,0.0489778819368,0.0473151258961,0,0
5400,0.0489778819368,0.052480746025,0.0506990708275,0,0
5400,0.052480746025,0.056234132519,0.0543250331492,0,0
5400,0.056234132519,0.0602559586074,0.0582103217771,0,0
5400,0.0602559586074,0.0645654229035,0.0623734835482,0,0
5400,0.0645654229035,0.0691830970919,0.0668343917569,0,0
5400,0.0691830970919,0.0741310241301,0.0716143410213,0,0
5400,0.0741310241301,0.0794328234724,0.0767361489362,0,0
5400,0.0794328234724,0.0851138038202,0.0822242649947,0,0
5400,0.0851138038202,0.0912010839356,0.0881048873008,0,0
5400,0.0912010839356,0.0977237220956,0.0944060876286,0,0
5400,0.0977237220956,0.104712854805,0.101157945426,0,0
5400,0.104712854805,0.11220184543,0.108392691402,0,0
5400,0.11220184543,0.120226443462,0.116144861384,0,0
5400,0.120226443462,0.128824955169,0.124451461177,0,0
5400,0.128824955169,0.13803842646,0.133352143216,0,0
5400,0.13803842646,0.147910838817,0.142889395851,0,0
5400,0.147910838817,0.158489319246,0.153108746168,0,0
5400,0.158489319246,0.169824365246,0.16405897732,0,0
5400,0.169824365246,0.181970085861,0.175792361396,0,0
5400,0.181970085861,0.194984459976,0.188364908949,0,0
5400,0.194984459976,0.208929613085,0.201836636368,0,0
5400,0.208929613085,0.223872113857,0.216271852373,0,0
5400,0.223872113857,0.239883291902,0.231739464997,0,0
5400,0.239883291902,0.257039578277,0.24831331053,0,0
5400,0.257039578277,0.275422870334,0.26607250598,0,0
5400,0.275422870334,0.295120922667,0.28510182675,0,0
5400,0.295120922667,0.316227766017,0.305492111322,0,0
5400,0.316227766017,0.338844156139,0.327340694879,0,0
5400,0.338844156139,0.36307805477,0.350751873953,0,0
5400,0.36307805477,0.389045144994,0.375837404288,0,0
5400,0.389045144994,0.41686938347,0.402717034325,0,0
5400,0.41686938347,0.446683592151,0.431519076828,0,0
5400,0.446683592151,0.478630092323,0.462381021399,0,0
5400,0.478630092323,0.512861383991,0.495450190805,0,0
5400,0.512861383991,0.549540873858,0.530884444231,0,0
5400,0.549540873858,0.588843655356,0.568852930844,0,0
5400,0.588843655356,0.63095734448,0.60953689724,0,0
5400,0.63095734448,0.676082975392,0.653130552647,0,0
5400,0.676082975392,0.724435960075,0.699841996002,0,0
5400,0.724435960075,0.776247116629,0.749894209332,0,0
5400,0.776247116629,0.831763771103,0.803526122186,0,0
5400,0.831763771103,0.891250938134,0.860993752185,0,0
5400,0.891250938134,0.954992586021,0.922571427155,0,0
5400,0.954992586021,1.02329299228,0.988553094657,0,0
5400,1.02329299228,1.09647819614,1.05925372518,0,0
5400,1.09647819614,1.17489755494,1.13501081567,0,0
5400,1.17489755494,1.25892541179,1.21618600065,0,0
5400,1.25892541179,1.34896288259,1.30316677845,0,0
5400,1.34896288259,1.44543977075,1.39636836106,0,0
5400,1.44543977075,1.54881661891,1.49623565609,0,0
5400,1.54881661891,1.65958690744,1.60324539069,0,0
5400,1.65958690744,1.77827941004,1.71790838716,0,0
5400,1.77827941004,1.90546071796,1.84077200147,0,0
5400,1.90546071796,2.04173794467,1.97242273611,0,0
5400,2.04173794467,2.18776162395,2.11348903984,0,0
5400,2.18776162395,2.34422881532,2.26464430759,0,0
5400,2.34422881532,2.51188643151,2.42661009508,0,0
5400,2.51188643151,2.69153480393,2.60015956317,0,0
5400,2.69153480393,2.88403150313,2.78612116863,0,0
5400,2.88403150313,3.09029543251,2.98538261892,0,0
5400,3.09029543251,3.31131121483,3.19889510969,0,0
5400,3.31131121483,3.54813389234,3.42767786546,0,0
5400,3.54813389234,3.80189396321,3.67282300498,0,0
5400,3.80189396321,4.07380277804,3.93550075456,0,0
5400,4.07380277804,4.3651583224,4.21696503429,0,0
5400,4.3651583224,4.67735141287,4.51855944375,0,0
5400,4.67735141287,5.01187233627,4.84172367584,0,0
5400,5.01187233627,5.3703179637,5.18800038929,0,0
5400,5.3703179637,5.75439937337,5.5590425727,0,0
5400,5.75439937337,6.16595001861,5.95662143529,0,0
5400,6.16595001861,6.60693448008,6.38263486191,0,0
5400,6.60693448008,7.07945784384,6.83911647281,0,0
5400,7.07945784384,7.58577575029,7.32824533139,0,0
5400,7.58577575029,8.12830516164,7.8523563461,0,0
5400,8.12830516164,8.70963589956,8.41395141645,0,0
5400,8.70963589956,9.33254300797,9.01571137606,0,0
5400,9.33254300797,10,9.6605087899,0,0
5600,0.01,0.0107151930524,0.0103514216668,0,0
5600,0.0107151930524,0.011481536215,0.0110917481526,0,0
5600,0.011481536215,0.0123026877081,0.0118850222744,0,0
5600,0.0123026877081,0.0131825673856,0.0127350308102,0,0
5600,0.0131825673856,0.0141253754462,0.0136458313659,0,0
5600,0.0141253754462,0.0151356124844,0.0146217717446,0,0
5600,0.0151356124844,0.0162181009736,0.0156675107011,0,0
5600,0.0162181009736,0.0173780082875,0.0167880401812,0,0
5600,0.0173780082875,0.0186208713666,0.0179887091513,0,0
5600,0.0186208713666,0.0199526231497,0.0192752491319,0,0
5600,0.0199526231497,0.021379620895,0.0206538015581,0,0
5600,0.021379620895,0.0229086765277,0.0221309470961,0,0
5600,0.0229086765277,0.0245470891569,0.0237137370566,0,0
5600,0.0245470891569,0.026302679919,0.0254097270555,0,0
5600,0.026302679919,0.0281838293126,0.0272270130808,0,0
5600,0.0281838293126,0.030199517204,0.02917427014,0,0
5600,0.030199517204,0.032359365693,0.0312607936712,0,0
5600,0.032359365693,0.0346736850453,0.0334965439158,0,0
5600,0.0346736850453,0.0371535229097,0.0358921934645,0,0
5600,0.0371535229097,0.0398107170553,0.0384591782045,0,0
5600,0.0398107170553,0.0426579518802,0.0412097519097,0,0
5600,0.0426579518802,0.0457088189615,0.0441570447353,0,0
5600,0.0457088189615,0.0489778819368,0.0473151258961,0,0
5600,0.0489778819368,0.052480746025,0.0506990708275,0,0
5600,0.052480746025,0.056234132519,0.0543250331492,0,0
5600,0.056234132519,0.0602559586074,0.0582103217771,0,0
5600,0.0602559586074,0.0645654229035,0.0623734835482,0,0
5600,0.0645654229035,0.0691830970919,0.0668343917569,0,0
5600,0.0691830970919,0.0741310241301,0.0716143410213,0,0
5600,0.0741310241301,0.0794328234724,0.0767361489362,0,0
5600,0.0794328234724,0.0851138038202,0.0822242649947,0,0
5600,0.0851138038202,0.0912010839356,0.0881048873008,0,0
5600,0.0912010839356,0.0977237220956,0.0944060876286,0,0
5600,0.0977237220956,0.104712854805,0.101157945426,0,0
5600,0.104712854805,0.11220184543,0.108392691402,0,0
5600,0.11220184543,0.120226443462,0.116144861384,0,0
5600,0.120226443462,0.128824955169,0.124451461177,0,0
5600,0.128824955169,0.13803842646,0.133352143216,0,0
5600,0.13803842646,0.147910838817,0.142889395851,0,0
5600,0.147910838817,0.158489319246,0.153108746168,0,0
5600,0.158489319246,0.169824365246,0.16405897732,0,0
5600,0.169824365246,0.181970085861,0.175792361396,0,0
5600,0.181970085861,0.194984459976,0.188364908949,0,0
5600,0.194984459976,0.208929613085,0.201836636368,0,0
5600,0.208929613085,0.223872113857,0.216271852373,0,0
5600,0.223872113857,0.239883291902,0.231739464997,0,0
5600,0.239883291902,0.257039578277,0.24831331053,0,0
5600,0.257039578277,0.275422870334,0.26607250598,0,0
5600,0.275422870334,0.295120922667,0.28510182675,0,0
5600,0.295120922667,0.316227766017,0.305492111322,0,0
5600,0.316227766017,0.338844156139,0.327340694879,0,0
5600,0.338844156139,0.36307805477,0.350751873953,0,0
5600,0.36307805477,0.389045144994,0.375837404288,0,0
5600,0.389045144994,0.41686938347,0.402717034325,0,0
5600,0.41686938347,0.446683592151,0.431519076828,0,0
5600,0.446683592151,0.478630092323,0.462381021399,0,0
5600,0.478630092323,0.512861383991,0.495450190805,0,0
5600,0.512861383991,0.549540873858,0.530884444231,0,0
5600,0.549540873858,0.588843655356,0.568852930844,0,0
5600,0.588843655356,0.63095734448,0.60953689724,0,0
5600,0.63095734448,0.676082975392,0.653130552647,0,0
5600,0.676082975392,0.724435960075,0.699841996002,0,0
5600,0.724435960075,0.776247116629,0.749894209332,0,0
5600,0.776247116629,0.831763771103,0.803526122186,0,0
5600,0.831763771103,0.891250938134,0.860993752185,0,0
5600,0.891250938134,0.954992586021,0.922571427155,0,0
5600,0.954992586021,1.02329299228,0.988553094657,0,0
5600,1.02329299228,1.09647819614,1.05925372518,0,0
5600,1.09647819614,1.17489755494,1.13501081567,0,0
5600,1.17489755494,1.25892541179,1.21618600065,0,0
5600,1.25892541179,1.34896288259,1.30316677845,0,0
5600,1.34896288259,1.44543977075,1.39636836106,0,0
5600,1.44543977075,1.54881661891,1.49623565609,0,0
5600,1.54881661891,1.65958690744,1.60324539069,0,0
5600,1.65958690744,1.77827941004,1.71790838716,0,0
5600,1.77827941004,1.90546071796,1.84077200147,0,0
5600,1.90546071796,2.04173794467,1.97242273611,0,0
5600,2.04173794467,2.18776162395,2.11348903984,0,0
5600,2.18776162395,2.34422881532,2.26464430759,0,0
5600,2.34422881532,2.51188643151,2.42661009508,0,0
5600,2.51188643151,2.69153480393,2.60015956317,0,0
5600,2.69153480393,2.88403150313,2.78612116863,0,0
5600,2.88403150313,3.09029543251,2.98538261892,0,0
5600,3.09029543251,3.31131121483,3.19889510969,0,0
5600,3.31131121483,3.54813389234,3.42767786546,0,0
5600,3.54813389234,3.80189396321,3.67282300498,0,0
5600,3.80189396321,4.07380277804,3.93550075456,0,0
5600,4.07380277804,4.3651583224,4.21696503429,0,0
5600,4.3651583224,4.67735141287,4.51855944375,0,0
5600,4.67735141287,5.01187233627,4.84172367584,0,0
5600,5.01187233627,5.3703179637,5.18800038929,0,0
5600,5.3703179637,5.75439937337,5.5590425727,0,0
5600,5.75439937337,6.16595001861,5.95662143529,0,0
5600,6.16595001861,6.60693448008,6.38263486191,0,0
5600,6.60693448008,7.07945784384,6.83911647281,0,0
5600,7.07945784384,7.58577575029,7.32824533139,0,0
5600,7.58577575029,8.12830516164,7.8523563461,0,0
5600,8.12830516164,8.70963589956,8.41395141645,0,0
5600,8.70963589956,9.33254300797,9.01571137606,1.20880429853,0.999499874937
5600,9.33254300797,10,9.6605087899,0,0
