           _________________________________________________________
          |                                                         |
          |       _/_/_/_/                                          |
          |      _/      _/                  _/_/_/_/_/_/           |
          |     _/      _/  _/      _/   _/      _/      _/_/_/_/_/ |
          |    _/_/_/_/    _/      _/   _/      _/      _/          |
          |   _/          _/_/_/_/_/   _/      _/       _/_/_/_/    |
          |  _/          _/      _/   _/      _/              _/    |
          | _/          _/      _/   _/      _/      _/_/_/_/_/     |
          |                                                         |
          |                                                         |
          |       Particle and Heavy Ion Transport code System      |
          |                      Version =  3.360                   |
          |                       developed by                      |
          |                                                         |
          |  Tatsuhiko SATO, Yosuke IWAMOTO, Shintaro HASHIMOTO,    |
          |    Tatsuhiko OGAWA, Takuya FURUTA, Shinichiro ABE,      |
          |    Takeshi KAI, Norihiro MATSUDA, Yusuke MATSUYA,       |
          |      Yuho HIRATA, Takuya SEKIKAWA, Seiki Ohnish,        |
          |                     Yao LAN (JAEA),                     |
          |  Hiroshi IWASE, Yasuhito SAKAKI, Kenta SUGIHARA (KEK),  |
          |           Nobuhiro SHIGYO (Kyushu University),          |
          |     Hunter RATLIFF (Haukeland University Hospital),     |
          |  Lembit SIHVER (University of Texas Rio Grande Valley), |
          |                  and Koji NIITA (RIST)                  |
          |                                                         |
          |                 Last Revised  2026-03-24                |
          |_________________________________________________________|

                        Starting Date = 2026-08-21
                        Starting Time = 00h 08m 29

>>> Input Echo >>>=============================================================

[ Parameters ]
 icntl    =           0     # (D=0) 3:ECH 5:NOR 6:SRC 7,8:GSH 11:DSH 12:DUMP
 maxcas   =        1000     # (D=10) number of particles per one batch
 maxbch   =          10     # (D=10) number of batches
 itetvol  =           0     # (D=0) =1 Volume calculation for tetrahedrons
 ntetelem =        2000     # (D=200) Number of tetra element allowed in sub-block
 maxbnk   =     1000000     # (D=10000) maximum bank memory length
 itetra   =           0     # (D=0) tetra data is read(=1)/write(=2) on binary
 negs     =           1     # (D=-1) =-1:original, =0:No, =1:EGS, =2:EGS(HE)
 ipegs    =           0     # [EGS](D=0) -1:PEGSonly, 0:Full, 1:PEGSrun+PHITS, 2:skipPEGS
 file(1)  = /home/clarence/Software/phits/phits # (D=PhitsPath) PHITS install folder name
 file(6)  = phits_MRCP_AM_source_Liver_photon_energy_10.0.out # (D=phits.out) general output file name

[ Source ]
  totfact =   1.0000        # (D=1.0) global factor
   s-type =  24             # tetra-mesh source
   tetreg =   9500          # tetra-mesh source region
       e0 =   10.000        # energy of beam [MeV/n]
     proj =  photon         # kind of incident particle         
      dir =   all           # z-direction of beam [isotropic]

[ Material ]
MAT[ 100 ] 
           H         -1.0400000E-01
           C         -2.2800000E-01
           N         -2.8000000E-02
           O         -6.3000000E-01
           Na        -1.0000000E-03
           P         -2.0000000E-03
           S         -3.0000000E-03
           Cl        -2.0000000E-03
           K         -2.0000000E-03
MAT[ 200 ] 
           H         -1.0400000E-01
           C         -2.2800000E-01
           N         -2.8000000E-02
           O         -6.3000000E-01
           Na        -1.0000000E-03
           P         -2.0000000E-03
           S         -3.0000000E-03
           Cl        -2.0000000E-03
           K         -2.0000000E-03
MAT[ 300 ] 
           H         -1.0500000E-01
           C         -2.5100000E-01
           N         -2.7000000E-02
           O         -6.0700000E-01
           Na        -1.0000000E-03
           P         -2.0000000E-03
           S         -3.0000000E-03
           Cl        -2.0000000E-03
           K         -2.0000000E-03
MAT[ 301 ] 
           H         -1.0500000E-01
           C         -2.5100000E-01
           N         -2.7000000E-02
           O         -6.0700000E-01
           Na        -1.0000000E-03
           P         -2.0000000E-03
           S         -3.0000000E-03
           Cl        -2.0000000E-03
           K         -2.0000000E-03
MAT[ 302 ] 
           H         -1.0500000E-01
           C         -2.5100000E-01
           N         -2.7000000E-02
           O         -6.0700000E-01
           Na        -1.0000000E-03
           P         -2.0000000E-03
           S         -3.0000000E-03
           Cl        -2.0000000E-03
           K         -2.0000000E-03
MAT[ 303 ] 
           H         -1.0500000E-01
           C         -2.5100000E-01
           N         -2.7000000E-02
           O         -6.0700000E-01
           Na        -1.0000000E-03
           P         -2.0000000E-03
           S         -3.0000000E-03
           Cl        -2.0000000E-03
           K         -2.0000000E-03
MAT[ 400 ] 
           H         -1.1200000E-01
           O         -8.8800000E-01
MAT[ 401 ] 
           H         -1.0500000E-01
           C         -2.5100000E-01
           N         -2.7000000E-02
           O         -6.0700000E-01
           Na        -1.0000000E-03
           P         -2.0000000E-03
           S         -3.0000000E-03
           Cl        -2.0000000E-03
           K         -2.0000000E-03
MAT[ 402 ] 
           H         -1.0500000E-01
           C         -2.5100000E-01
           N         -2.7000000E-02
           O         -6.0700000E-01
           Na        -1.0000000E-03
           P         -2.0000000E-03
           S         -3.0000000E-03
           Cl        -2.0000000E-03
           K         -2.0000000E-03
MAT[ 403 ] 
           H         -1.0500000E-01
           C         -2.5100000E-01
           N         -2.7000000E-02
           O         -6.0700000E-01
           Na        -1.0000000E-03
           P         -2.0000000E-03
           S         -3.0000000E-03
           Cl        -2.0000000E-03
           K         -2.0000000E-03
MAT[ 404 ] 
           H         -1.0500000E-01
           C         -2.5100000E-01
           N         -2.7000000E-02
           O         -6.0700000E-01
           Na        -1.0000000E-03
           P         -2.0000000E-03
           S         -3.0000000E-03
           Cl        -2.0000000E-03
           K         -2.0000000E-03
MAT[ 405 ] 
           H         -1.0500000E-01
           C         -2.5100000E-01
           N         -2.7000000E-02
           O         -6.0700000E-01
           Na        -1.0000000E-03
           P         -2.0000000E-03
           S         -3.0000000E-03
           Cl        -2.0000000E-03
           K         -2.0000000E-03
MAT[ 500 ] 
           H         -1.0200000E-01
           C         -1.4200000E-01
           N         -3.4000000E-02
           O         -7.1100000E-01
           Na        -1.0000000E-03
           P         -2.0000000E-03
           S         -3.0000000E-03
           Cl        -1.0000000E-03
           K         -4.0000000E-03
MAT[ 501 ] 
           H         -1.0200000E-01
           C         -1.4200000E-01
           N         -3.4000000E-02
           O         -7.1100000E-01
           Na        -1.0000000E-03
           P         -2.0000000E-03
           S         -3.0000000E-03
           Cl        -1.0000000E-03
           K         -4.0000000E-03
MAT[ 600 ] 
           H         -1.0200000E-01
           C         -1.4200000E-01
           N         -3.4000000E-02
           O         -7.1100000E-01
           Na        -1.0000000E-03
           P         -2.0000000E-03
           S         -3.0000000E-03
           Cl        -1.0000000E-03
           K         -4.0000000E-03
MAT[ 700 ] 
           H         -1.0500000E-01
           C         -2.5100000E-01
           N         -2.7000000E-02
           O         -6.0700000E-01
           Na        -1.0000000E-03
           P         -2.0000000E-03
           S         -3.0000000E-03
           Cl        -2.0000000E-03
           K         -2.0000000E-03
MAT[ 800 ] 
           H         -1.1200000E-01
           O         -8.8800000E-01
MAT[ 801 ] 
           H         -1.0500000E-01
           C         -2.5100000E-01
           N         -2.7000000E-02
           O         -6.0700000E-01
           Na        -1.0000000E-03
           P         -2.0000000E-03
           S         -3.0000000E-03
           Cl        -2.0000000E-03
           K         -2.0000000E-03
MAT[ 802 ] 
           H         -1.0500000E-01
           C         -2.5100000E-01
           N         -2.7000000E-02
           O         -6.0700000E-01
           Na        -1.0000000E-03
           P         -2.0000000E-03
           S         -3.0000000E-03
           Cl        -2.0000000E-03
           K         -2.0000000E-03
MAT[ 803 ] 
           H         -1.0500000E-01
           C         -2.5100000E-01
           N         -2.7000000E-02
           O         -6.0700000E-01
           Na        -1.0000000E-03
           P         -2.0000000E-03
           S         -3.0000000E-03
           Cl        -2.0000000E-03
           K         -2.0000000E-03
MAT[ 804 ] 
           H         -1.0500000E-01
           C         -2.5100000E-01
           N         -2.7000000E-02
           O         -6.0700000E-01
           Na        -1.0000000E-03
           P         -2.0000000E-03
           S         -3.0000000E-03
           Cl        -2.0000000E-03
           K         -2.0000000E-03
MAT[ 805 ] 
           H         -1.0500000E-01
           C         -2.5100000E-01
           N         -2.7000000E-02
           O         -6.0700000E-01
           Na        -1.0000000E-03
           P         -2.0000000E-03
           S         -3.0000000E-03
           Cl        -2.0000000E-03
           K         -2.0000000E-03
MAT[ 806 ] 
           H         -1.0500000E-01
           C         -2.5100000E-01
           N         -2.7000000E-02
           O         -6.0700000E-01
           Na        -1.0000000E-03
           P         -2.0000000E-03
           S         -3.0000000E-03
           Cl        -2.0000000E-03
           K         -2.0000000E-03
MAT[ 807 ] 
           H         -1.0500000E-01
           C         -2.5100000E-01
           N         -2.7000000E-02
           O         -6.0700000E-01
           Na        -1.0000000E-03
           P         -2.0000000E-03
           S         -3.0000000E-03
           Cl        -2.0000000E-03
           K         -2.0000000E-03
MAT[ 808 ] 
           H         -1.0500000E-01
           C         -2.5100000E-01
           N         -2.7000000E-02
           O         -6.0700000E-01
           Na        -1.0000000E-03
           P         -2.0000000E-03
           S         -3.0000000E-03
           Cl        -2.0000000E-03
           K         -2.0000000E-03
MAT[ 900 ] 
           H         -1.0200000E-01
           C         -1.1000000E-01
           N         -3.3000000E-02
           O         -7.4500000E-01
           Na        -1.0000000E-03
           P         -1.0000000E-03
           S         -2.0000000E-03
           Cl        -3.0000000E-03
           K         -2.0000000E-03
           Fe        -1.0000000E-03
MAT[ 910 ] 
           H         -1.0200000E-01
           C         -1.1000000E-01
           N         -3.3000000E-02
           O         -7.4500000E-01
           Na        -1.0000000E-03
           P         -1.0000000E-03
           S         -2.0000000E-03
           Cl        -3.0000000E-03
           K         -2.0000000E-03
           Fe        -1.0000000E-03
MAT[ 1000 ] 
           H         -1.0200000E-01
           C         -1.1000000E-01
           N         -3.3000000E-02
           O         -7.4500000E-01
           Na        -1.0000000E-03
           P         -1.0000000E-03
           S         -2.0000000E-03
           Cl        -3.0000000E-03
           K         -2.0000000E-03
           Fe        -1.0000000E-03
MAT[ 1010 ] 
           H         -1.0200000E-01
           C         -1.1000000E-01
           N         -3.3000000E-02
           O         -7.4500000E-01
           Na        -1.0000000E-03
           P         -1.0000000E-03
           S         -2.0000000E-03
           Cl        -3.0000000E-03
           K         -2.0000000E-03
           Fe        -1.0000000E-03
MAT[ 1100 ] 
           H         -1.0200000E-01
           C         -1.1000000E-01
           N         -3.3000000E-02
           O         -7.4500000E-01
           Na        -1.0000000E-03
           P         -1.0000000E-03
           S         -2.0000000E-03
           Cl        -3.0000000E-03
           K         -2.0000000E-03
           Fe        -1.0000000E-03
MAT[ 1110 ] 
           H         -1.0200000E-01
           C         -1.1000000E-01
           N         -3.3000000E-02
           O         -7.4500000E-01
           Na        -1.0000000E-03
           P         -1.0000000E-03
           S         -2.0000000E-03
           Cl        -3.0000000E-03
           K         -2.0000000E-03
           Fe        -1.0000000E-03
MAT[ 1200 ] 
           H         -1.0200000E-01
           C         -1.1000000E-01
           N         -3.3000000E-02
           O         -7.4500000E-01
           Na        -1.0000000E-03
           P         -1.0000000E-03
           S         -2.0000000E-03
           Cl        -3.0000000E-03
           K         -2.0000000E-03
           Fe        -1.0000000E-03
MAT[ 1210 ] 
           H         -1.0200000E-01
           C         -1.1000000E-01
           N         -3.3000000E-02
           O         -7.4500000E-01
           Na        -1.0000000E-03
           P         -1.0000000E-03
           S         -2.0000000E-03
           Cl        -3.0000000E-03
           K         -2.0000000E-03
           Fe        -1.0000000E-03
MAT[ 1300 ] 
           H         -3.6000000E-02
           C         -1.5900000E-01
           N         -4.2000000E-02
           O         -4.4800000E-01
           Na        -3.0000000E-03
           Mg        -2.0000000E-03
           P         -9.4000000E-02
           S         -3.0000000E-03
           Ca        -2.1300000E-01
MAT[ 1400 ] 
           H         -8.1000000E-02
           C         -3.5400000E-01
           N         -2.8000000E-02
           O         -4.1000000E-01
           Na        -2.0000000E-03
           Mg        -1.0000000E-03
           P         -3.7000000E-02
           S         -2.0000000E-03
           Cl        -1.0000000E-03
           K         -1.0000000E-03
           Ca        -8.3000000E-02
MAT[ 1500 ] 
           H         -1.1500000E-01
           C         -6.3600000E-01
           N         -7.0000000E-03
           O         -2.3900000E-01
           Na        -1.0000000E-03
           S         -1.0000000E-03
           Cl        -1.0000000E-03
MAT[ 1600 ] 
           H         -3.6000000E-02
           C         -1.5900000E-01
           N         -4.2000000E-02
           O         -4.4800000E-01
           Na        -3.0000000E-03
           Mg        -2.0000000E-03
           P         -9.4000000E-02
           S         -3.0000000E-03
           Ca        -2.1300000E-01
MAT[ 1700 ] 
           H         -9.6000000E-02
           C         -5.0400000E-01
           N         -1.7000000E-02
           O         -3.0800000E-01
           Na        -1.0000000E-03
           P         -2.2000000E-02
           S         -2.0000000E-03
           Cl        -1.0000000E-03
           Ca        -4.9000000E-02
MAT[ 1800 ] 
           H         -1.1500000E-01
           C         -6.3600000E-01
           N         -7.0000000E-03
           O         -2.3900000E-01
           Na        -1.0000000E-03
           S         -1.0000000E-03
           Cl        -1.0000000E-03
MAT[ 1900 ] 
           H         -3.6000000E-02
           C         -1.5900000E-01
           N         -4.2000000E-02
           O         -4.4800000E-01
           Na        -3.0000000E-03
           Mg        -2.0000000E-03
           P         -9.4000000E-02
           S         -3.0000000E-03
           Ca        -2.1300000E-01
MAT[ 2000 ] 
           H         -9.6000000E-02
           C         -5.0400000E-01
           N         -1.7000000E-02
           O         -3.0800000E-01
           Na        -1.0000000E-03
           P         -2.2000000E-02
           S         -2.0000000E-03
           Cl        -1.0000000E-03
           Ca        -4.9000000E-02
MAT[ 2100 ] 
           H         -1.1500000E-01
           C         -6.3600000E-01
           N         -7.0000000E-03
           O         -2.3900000E-01
           Na        -1.0000000E-03
           S         -1.0000000E-03
           Cl        -1.0000000E-03
MAT[ 2200 ] 
           H         -3.6000000E-02
           C         -1.5900000E-01
           N         -4.2000000E-02
           O         -4.4800000E-01
           Na        -3.0000000E-03
           Mg        -2.0000000E-03
           P         -9.4000000E-02
           S         -3.0000000E-03
           Ca        -2.1300000E-01
MAT[ 2300 ] 
           H         -9.6000000E-02
           C         -5.0400000E-01
           N         -1.7000000E-02
           O         -3.0800000E-01
           Na        -1.0000000E-03
           P         -2.2000000E-02
           S         -2.0000000E-03
           Cl        -1.0000000E-03
           Ca        -4.9000000E-02
MAT[ 2400 ] 
           H         -3.6000000E-02
           C         -1.5900000E-01
           N         -4.2000000E-02
           O         -4.4800000E-01
           Na        -3.0000000E-03
           Mg        -2.0000000E-03
           P         -9.4000000E-02
           S         -3.0000000E-03
           Ca        -2.1300000E-01
MAT[ 2500 ] 
           H         -8.9000000E-02
           C         -4.0900000E-01
           N         -2.5000000E-02
           O         -3.8500000E-01
           Na        -1.0000000E-03
           P         -2.7000000E-02
           S         -2.0000000E-03
           Cl        -1.0000000E-03
           K         -1.0000000E-03
           Ca        -6.0000000E-02
MAT[ 2600 ] 
           H         -3.6000000E-02
           C         -1.5900000E-01
           N         -4.2000000E-02
           O         -4.4800000E-01
           Na        -3.0000000E-03
           Mg        -2.0000000E-03
           P         -9.4000000E-02
           S         -3.0000000E-03
           Ca        -2.1300000E-01
MAT[ 2700 ] 
           H         -8.8000000E-02
           C         -3.9500000E-01
           N         -2.6000000E-02
           O         -3.9500000E-01
           Na        -1.0000000E-03
           Mg        -1.0000000E-03
           P         -2.8000000E-02
           S         -2.0000000E-03
           Cl        -1.0000000E-03
           K         -1.0000000E-03
           Ca        -6.2000000E-02
MAT[ 2800 ] 
           H         -3.6000000E-02
           C         -1.5900000E-01
           N         -4.2000000E-02
           O         -4.4800000E-01
           Na        -3.0000000E-03
           Mg        -2.0000000E-03
           P         -9.4000000E-02
           S         -3.0000000E-03
           Ca        -2.1300000E-01
MAT[ 2900 ] 
           H         -9.3000000E-02
           C         -4.4100000E-01
           N         -2.3000000E-02
           O         -3.6500000E-01
           Na        -1.0000000E-03
           Mg        -1.0000000E-03
           P         -2.2000000E-02
           S         -2.0000000E-03
           Cl        -1.0000000E-03
           K         -1.0000000E-03
           Ca        -5.0000000E-02
MAT[ 3000 ] 
           H         -1.1500000E-01
           C         -6.3600000E-01
           N         -7.0000000E-03
           O         -2.3900000E-01
           Na        -1.0000000E-03
           S         -1.0000000E-03
           Cl        -1.0000000E-03
MAT[ 3100 ] 
           H         -3.6000000E-02
           C         -1.5900000E-01
           N         -4.2000000E-02
           O         -4.4800000E-01
           Na        -3.0000000E-03
           Mg        -2.0000000E-03
           P         -9.4000000E-02
           S         -3.0000000E-03
           Ca        -2.1300000E-01
MAT[ 3200 ] 
           H         -9.6000000E-02
           C         -5.0400000E-01
           N         -1.7000000E-02
           O         -3.0800000E-01
           Na        -1.0000000E-03
           P         -2.2000000E-02
           S         -2.0000000E-03
           Cl        -1.0000000E-03
           Ca        -4.9000000E-02
MAT[ 3300 ] 
           H         -1.1500000E-01
           C         -6.3600000E-01
           N         -7.0000000E-03
           O         -2.3900000E-01
           Na        -1.0000000E-03
           S         -1.0000000E-03
           Cl        -1.0000000E-03
MAT[ 3400 ] 
           H         -3.6000000E-02
           C         -1.5900000E-01
           N         -4.2000000E-02
           O         -4.4800000E-01
           Na        -3.0000000E-03
           Mg        -2.0000000E-03
           P         -9.4000000E-02
           S         -3.0000000E-03
           Ca        -2.1300000E-01
MAT[ 3500 ] 
           H         -9.6000000E-02
           C         -5.0400000E-01
           N         -1.7000000E-02
           O         -3.0800000E-01
           Na        -1.0000000E-03
           P         -2.2000000E-02
           S         -2.0000000E-03
           Cl        -1.0000000E-03
           Ca        -4.9000000E-02
MAT[ 3600 ] 
           H         -1.1500000E-01
           C         -6.3600000E-01
           N         -7.0000000E-03
           O         -2.3900000E-01
           Na        -1.0000000E-03
           S         -1.0000000E-03
           Cl        -1.0000000E-03
MAT[ 3700 ] 
           H         -3.6000000E-02
           C         -1.5900000E-01
           N         -4.2000000E-02
           O         -4.4800000E-01
           Na        -3.0000000E-03
           Mg        -2.0000000E-03
           P         -9.4000000E-02
           S         -3.0000000E-03
           Ca        -2.1300000E-01
MAT[ 3800 ] 
           H         -9.6000000E-02
           C         -5.0400000E-01
           N         -1.7000000E-02
           O         -3.0800000E-01
           Na        -1.0000000E-03
           P         -2.2000000E-02
           S         -2.0000000E-03
           Cl        -1.0000000E-03
           Ca        -4.9000000E-02
MAT[ 3900 ] 
           H         -3.6000000E-02
           C         -1.5900000E-01
           N         -4.2000000E-02
           O         -4.4800000E-01
           Na        -3.0000000E-03
           Mg        -2.0000000E-03
           P         -9.4000000E-02
           S         -3.0000000E-03
           Ca        -2.1300000E-01
MAT[ 4000 ] 
           H         -7.7000000E-02
           C         -3.3200000E-01
           N         -3.0000000E-02
           O         -4.2000000E-01
           Na        -2.0000000E-03
           Mg        -1.0000000E-03
           P         -4.1000000E-02
           S         -2.0000000E-03
           Cl        -1.0000000E-03
           K         -1.0000000E-03
           Ca        -9.3000000E-02
MAT[ 4100 ] 
           H         -3.6000000E-02
           C         -1.5900000E-01
           N         -4.2000000E-02
           O         -4.4800000E-01
           Na        -3.0000000E-03
           Mg        -2.0000000E-03
           P         -9.4000000E-02
           S         -3.0000000E-03
           Ca        -2.1300000E-01
MAT[ 4200 ] 
           H         -9.4000000E-02
           C         -4.0900000E-01
           N         -2.6000000E-02
           O         -4.0000000E-01
           Na        -1.0000000E-03
           Mg        -1.0000000E-03
           P         -2.0000000E-02
           S         -2.0000000E-03
           Cl        -1.0000000E-03
           K         -1.0000000E-03
           Ca        -4.5000000E-02
MAT[ 4300 ] 
           H         -3.6000000E-02
           C         -1.5900000E-01
           N         -4.2000000E-02
           O         -4.4800000E-01
           Na        -3.0000000E-03
           Mg        -2.0000000E-03
           P         -9.4000000E-02
           S         -3.0000000E-03
           Ca        -2.1300000E-01
MAT[ 4400 ] 
           H         -8.8000000E-02
           C         -3.4600000E-01
           N         -3.1000000E-02
           O         -4.4400000E-01
           Na        -1.0000000E-03
           Mg        -1.0000000E-03
           P         -2.6000000E-02
           S         -2.0000000E-03
           Cl        -1.0000000E-03
           K         -1.0000000E-03
           Ca        -5.8000000E-02
           Fe        -1.0000000E-03
MAT[ 4500 ] 
           H         -3.6000000E-02
           C         -1.5900000E-01
           N         -4.2000000E-02
           O         -4.4800000E-01
           Na        -3.0000000E-03
           Mg        -2.0000000E-03
           P         -9.4000000E-02
           S         -3.0000000E-03
           Ca        -2.1300000E-01
MAT[ 4600 ] 
           H         -8.4000000E-02
           C         -3.7300000E-01
           N         -2.7000000E-02
           O         -4.0400000E-01
           Na        -1.0000000E-03
           Mg        -1.0000000E-03
           P         -3.3000000E-02
           S         -2.0000000E-03
           Cl        -1.0000000E-03
           K         -1.0000000E-03
           Ca        -7.3000000E-02
MAT[ 4700 ] 
           H         -3.6000000E-02
           C         -1.5900000E-01
           N         -4.2000000E-02
           O         -4.4800000E-01
           Na        -3.0000000E-03
           Mg        -2.0000000E-03
           P         -9.4000000E-02
           S         -3.0000000E-03
           Ca        -2.1300000E-01
MAT[ 4800 ] 
           H         -1.0300000E-01
           C         -4.1600000E-01
           N         -2.8000000E-02
           O         -4.2800000E-01
           Na        -1.0000000E-03
           P         -6.0000000E-03
           S         -2.0000000E-03
           Cl        -2.0000000E-03
           K         -1.0000000E-03
           Ca        -1.2000000E-02
           Fe        -1.0000000E-03
MAT[ 4900 ] 
           H         -3.6000000E-02
           C         -1.5900000E-01
           N         -4.2000000E-02
           O         -4.4800000E-01
           Na        -3.0000000E-03
           Mg        -2.0000000E-03
           P         -9.4000000E-02
           S         -3.0000000E-03
           Ca        -2.1300000E-01
MAT[ 5000 ] 
           H         -1.0000000E-01
           C         -4.0300000E-01
           N         -2.8000000E-02
           O         -4.3100000E-01
           Na        -1.0000000E-03
           P         -1.0000000E-02
           S         -2.0000000E-03
           Cl        -2.0000000E-03
           K         -1.0000000E-03
           Ca        -2.1000000E-02
           Fe        -1.0000000E-03
MAT[ 5100 ] 
           H         -3.6000000E-02
           C         -1.5900000E-01
           N         -4.2000000E-02
           O         -4.4800000E-01
           Na        -3.0000000E-03
           Mg        -2.0000000E-03
           P         -9.4000000E-02
           S         -3.0000000E-03
           Ca        -2.1300000E-01
MAT[ 5200 ] 
           H         -9.5000000E-02
           C         -3.8000000E-01
           N         -3.0000000E-02
           O         -4.3600000E-01
           Na        -1.0000000E-03
           P         -1.6000000E-02
           S         -2.0000000E-03
           Cl        -2.0000000E-03
           K         -1.0000000E-03
           Ca        -3.6000000E-02
           Fe        -1.0000000E-03
MAT[ 5300 ] 
           H         -3.6000000E-02
           C         -1.5900000E-01
           N         -4.2000000E-02
           O         -4.4800000E-01
           Na        -3.0000000E-03
           Mg        -2.0000000E-03
           P         -9.4000000E-02
           S         -3.0000000E-03
           Ca        -2.1300000E-01
MAT[ 5400 ] 
           H         -1.0500000E-01
           C         -4.2600000E-01
           N         -2.7000000E-02
           O         -4.2600000E-01
           Na        -1.0000000E-03
           P         -3.0000000E-03
           S         -2.0000000E-03
           Cl        -2.0000000E-03
           K         -1.0000000E-03
           Ca        -6.0000000E-03
           Fe        -1.0000000E-03
MAT[ 5500 ] 
           H         -3.6000000E-02
           C         -1.5900000E-01
           N         -4.2000000E-02
           O         -4.4800000E-01
           Na        -3.0000000E-03
           Mg        -2.0000000E-03
           P         -9.4000000E-02
           S         -3.0000000E-03
           Ca        -2.1300000E-01
MAT[ 5600 ] 
           H         -1.0400000E-01
           C         -4.2100000E-01
           N         -2.8000000E-02
           O         -4.2700000E-01
           P         -5.0000000E-03
           S         -2.0000000E-03
           Cl        -2.0000000E-03
           K         -1.0000000E-03
           Ca        -9.0000000E-03
           Fe        -1.0000000E-03
MAT[ 5700 ] 
           H         -9.6000000E-02
           C         -9.9000000E-02
           N         -2.2000000E-02
           O         -7.4400000E-01
           Na        -5.0000000E-03
           P         -2.2000000E-02
           S         -9.0000000E-03
           Cl        -3.0000000E-03
MAT[ 5800 ] 
           H         -9.6000000E-02
           C         -9.9000000E-02
           N         -2.2000000E-02
           O         -7.4400000E-01
           Na        -5.0000000E-03
           P         -2.2000000E-02
           S         -9.0000000E-03
           Cl        -3.0000000E-03
MAT[ 6100 ] 
           H         -1.0700000E-01
           C         -1.4300000E-01
           N         -2.3000000E-02
           O         -7.1300000E-01
           Na        -2.0000000E-03
           P         -4.0000000E-03
           S         -2.0000000E-03
           Cl        -3.0000000E-03
           K         -3.0000000E-03
MAT[ 6200 ] 
           H         -1.1400000E-01
           C         -5.8100000E-01
           N         -8.0000000E-03
           O         -2.9400000E-01
           Na        -1.0000000E-03
           S         -1.0000000E-03
           Cl        -1.0000000E-03
MAT[ 6300 ] 
           H         -1.0600000E-01
           C         -3.2400000E-01
           N         -3.0000000E-02
           O         -5.3500000E-01
           Na        -1.0000000E-03
           P         -1.0000000E-03
           S         -2.0000000E-03
           Cl        -1.0000000E-03
MAT[ 6400 ] 
           H         -1.1400000E-01
           C         -5.8100000E-01
           N         -8.0000000E-03
           O         -2.9400000E-01
           Na        -1.0000000E-03
           S         -1.0000000E-03
           Cl        -1.0000000E-03
MAT[ 6500 ] 
           H         -1.0600000E-01
           C         -3.2400000E-01
           N         -3.0000000E-02
           O         -5.3500000E-01
           Na        -1.0000000E-03
           P         -1.0000000E-03
           S         -2.0000000E-03
           Cl        -1.0000000E-03
MAT[ 6600 ] 
           H         -9.6000000E-02
           C         -1.9500000E-01
           N         -5.7000000E-02
           O         -6.4600000E-01
           Na        -1.0000000E-03
           P         -1.0000000E-03
           S         -3.0000000E-03
           Cl        -1.0000000E-03
MAT[ 6601 ] 
           H         -9.6000000E-02
           C         -1.9500000E-01
           N         -5.7000000E-02
           O         -6.4600000E-01
           Na        -1.0000000E-03
           P         -1.0000000E-03
           S         -3.0000000E-03
           Cl        -1.0000000E-03
MAT[ 6700 ] 
           H         -1.0100000E-01
           C         -1.2500000E-01
           N         -3.7000000E-02
           O         -7.3200000E-01
           Na        -1.0000000E-03
           P         -1.0000000E-03
           S         -2.0000000E-03
           Cl        -1.0000000E-03
MAT[ 6701 ] 
           H         -1.1200000E-01
           C         -4.0000000E-03
           N         -1.0000000E-03
           O         -8.8300000E-01
MAT[ 6702 ] 
           H         -1.1200000E-01
           C         -4.0000000E-03
           N         -1.0000000E-03
           O         -8.8300000E-01
MAT[ 6800 ] 
           H         -9.6000000E-02
           C         -1.9500000E-01
           N         -5.7000000E-02
           O         -6.4600000E-01
           Na        -1.0000000E-03
           P         -1.0000000E-03
           S         -3.0000000E-03
           Cl        -1.0000000E-03
MAT[ 6801 ] 
           H         -9.6000000E-02
           C         -1.9500000E-01
           N         -5.7000000E-02
           O         -6.4600000E-01
           Na        -1.0000000E-03
           P         -1.0000000E-03
           S         -3.0000000E-03
           Cl        -1.0000000E-03
MAT[ 6900 ] 
           H         -1.0100000E-01
           C         -1.2500000E-01
           N         -3.7000000E-02
           O         -7.3200000E-01
           Na        -1.0000000E-03
           P         -1.0000000E-03
           S         -2.0000000E-03
           Cl        -1.0000000E-03
MAT[ 6901 ] 
           H         -1.1200000E-01
           C         -4.0000000E-03
           N         -1.0000000E-03
           O         -8.8300000E-01
MAT[ 6902 ] 
           H         -1.1200000E-01
           C         -4.0000000E-03
           N         -1.0000000E-03
           O         -8.8300000E-01
MAT[ 7000 ] 
           H         -1.0500000E-01
           C         -2.5100000E-01
           N         -2.7000000E-02
           O         -6.0700000E-01
           Na        -1.0000000E-03
           P         -2.0000000E-03
           S         -3.0000000E-03
           Cl        -2.0000000E-03
           K         -2.0000000E-03
MAT[ 7100 ] 
           H         -1.0500000E-01
           C         -2.5600000E-01
           N         -2.7000000E-02
           O         -6.0200000E-01
           Na        -1.0000000E-03
           P         -2.0000000E-03
           S         -3.0000000E-03
           Cl        -2.0000000E-03
           K         -2.0000000E-03
MAT[ 7200 ] 
           H         -1.0500000E-01
           C         -1.1400000E-01
           N         -2.5000000E-02
           O         -7.5000000E-01
           Na        -1.0000000E-03
           P         -1.0000000E-03
           S         -1.0000000E-03
           Cl        -2.0000000E-03
           K         -1.0000000E-03
MAT[ 7201 ] 
           H         -1.0500000E-01
           C         -1.1400000E-01
           N         -2.5000000E-02
           O         -7.5000000E-01
           Na        -1.0000000E-03
           P         -1.0000000E-03
           S         -1.0000000E-03
           Cl        -2.0000000E-03
           K         -1.0000000E-03
MAT[ 7202 ] 
           H         -1.0500000E-01
           C         -1.1400000E-01
           N         -2.5000000E-02
           O         -7.5000000E-01
           Na        -1.0000000E-03
           P         -1.0000000E-03
           S         -1.0000000E-03
           Cl        -2.0000000E-03
           K         -1.0000000E-03
MAT[ 7203 ] 
           H         -1.0500000E-01
           C         -1.1400000E-01
           N         -2.5000000E-02
           O         -7.5000000E-01
           Na        -1.0000000E-03
           P         -1.0000000E-03
           S         -1.0000000E-03
           Cl        -2.0000000E-03
           K         -1.0000000E-03
MAT[ 7300 ] 
           H         -1.0000000E-01
           C         -2.2200000E-01
           N         -2.2000000E-02
           O         -6.4400000E-01
           Na        -1.0000000E-03
           P         -2.0000000E-03
           S         -3.0000000E-03
           Cl        -1.0000000E-03
           K         -4.0000000E-03
           Ca        -1.0000000E-03
MAT[ 7400 ] 
           H         -1.0500000E-01
           C         -1.1400000E-01
           N         -2.5000000E-02
           O         -7.5000000E-01
           Na        -1.0000000E-03
           P         -1.0000000E-03
           S         -1.0000000E-03
           Cl        -2.0000000E-03
           K         -1.0000000E-03
MAT[ 7401 ] 
           H         -1.0500000E-01
           C         -1.1400000E-01
           N         -2.5000000E-02
           O         -7.5000000E-01
           Na        -1.0000000E-03
           P         -1.0000000E-03
           S         -1.0000000E-03
           Cl        -2.0000000E-03
           K         -1.0000000E-03
MAT[ 7402 ] 
           H         -1.0500000E-01
           C         -1.1400000E-01
           N         -2.5000000E-02
           O         -7.5000000E-01
           Na        -1.0000000E-03
           P         -1.0000000E-03
           S         -1.0000000E-03
           Cl        -2.0000000E-03
           K         -1.0000000E-03
MAT[ 7403 ] 
           H         -1.0500000E-01
           C         -1.1400000E-01
           N         -2.5000000E-02
           O         -7.5000000E-01
           Na        -1.0000000E-03
           P         -1.0000000E-03
           S         -1.0000000E-03
           Cl        -2.0000000E-03
           K         -1.0000000E-03
MAT[ 7500 ] 
           H         -1.0000000E-01
           C         -2.2200000E-01
           N         -2.2000000E-02
           O         -6.4400000E-01
           Na        -1.0000000E-03
           P         -2.0000000E-03
           S         -3.0000000E-03
           Cl        -1.0000000E-03
           K         -4.0000000E-03
           Ca        -1.0000000E-03
MAT[ 7501 ] 
           H         -1.0000000E-01
           C         -2.2200000E-01
           N         -2.2000000E-02
           O         -6.4400000E-01
           Na        -1.0000000E-03
           P         -2.0000000E-03
           S         -3.0000000E-03
           Cl        -1.0000000E-03
           K         -4.0000000E-03
           Ca        -1.0000000E-03
MAT[ 7600 ] 
           H         -1.0500000E-01
           C         -1.1400000E-01
           N         -2.5000000E-02
           O         -7.5000000E-01
           Na        -1.0000000E-03
           P         -1.0000000E-03
           S         -1.0000000E-03
           Cl        -2.0000000E-03
           K         -1.0000000E-03
MAT[ 7601 ] 
           H         -1.0500000E-01
           C         -1.1400000E-01
           N         -2.5000000E-02
           O         -7.5000000E-01
           Na        -1.0000000E-03
           P         -1.0000000E-03
           S         -1.0000000E-03
           Cl        -2.0000000E-03
           K         -1.0000000E-03
MAT[ 7602 ] 
           H         -1.0500000E-01
           C         -1.1400000E-01
           N         -2.5000000E-02
           O         -7.5000000E-01
           Na        -1.0000000E-03
           P         -1.0000000E-03
           S         -1.0000000E-03
           Cl        -2.0000000E-03
           K         -1.0000000E-03
MAT[ 7700 ] 
           H         -1.0000000E-01
           C         -2.2200000E-01
           N         -2.2000000E-02
           O         -6.4400000E-01
           Na        -1.0000000E-03
           P         -2.0000000E-03
           S         -3.0000000E-03
           Cl        -1.0000000E-03
           K         -4.0000000E-03
           Ca        -1.0000000E-03
MAT[ 7800 ] 
           H         -1.0500000E-01
           C         -1.1400000E-01
           N         -2.5000000E-02
           O         -7.5000000E-01
           Na        -1.0000000E-03
           P         -1.0000000E-03
           S         -1.0000000E-03
           Cl        -2.0000000E-03
           K         -1.0000000E-03
MAT[ 7801 ] 
           H         -1.0500000E-01
           C         -1.1400000E-01
           N         -2.5000000E-02
           O         -7.5000000E-01
           Na        -1.0000000E-03
           P         -1.0000000E-03
           S         -1.0000000E-03
           Cl        -2.0000000E-03
           K         -1.0000000E-03
MAT[ 7802 ] 
           H         -1.0500000E-01
           C         -1.1400000E-01
           N         -2.5000000E-02
           O         -7.5000000E-01
           Na        -1.0000000E-03
           P         -1.0000000E-03
           S         -1.0000000E-03
           Cl        -2.0000000E-03
           K         -1.0000000E-03
MAT[ 7900 ] 
           H         -1.0000000E-01
           C         -2.2200000E-01
           N         -2.2000000E-02
           O         -6.4400000E-01
           Na        -1.0000000E-03
           P         -2.0000000E-03
           S         -3.0000000E-03
           Cl        -1.0000000E-03
           K         -4.0000000E-03
           Ca        -1.0000000E-03
MAT[ 8000 ] 
           H         -1.0500000E-01
           C         -1.1400000E-01
           N         -2.5000000E-02
           O         -7.5000000E-01
           Na        -1.0000000E-03
           P         -1.0000000E-03
           S         -1.0000000E-03
           Cl        -2.0000000E-03
           K         -1.0000000E-03
MAT[ 8001 ] 
           H         -1.0500000E-01
           C         -1.1400000E-01
           N         -2.5000000E-02
           O         -7.5000000E-01
           Na        -1.0000000E-03
           P         -1.0000000E-03
           S         -1.0000000E-03
           Cl        -2.0000000E-03
           K         -1.0000000E-03
MAT[ 8002 ] 
           H         -1.0500000E-01
           C         -1.1400000E-01
           N         -2.5000000E-02
           O         -7.5000000E-01
           Na        -1.0000000E-03
           P         -1.0000000E-03
           S         -1.0000000E-03
           Cl        -2.0000000E-03
           K         -1.0000000E-03
MAT[ 8100 ] 
           H         -1.0000000E-01
           C         -2.2200000E-01
           N         -2.2000000E-02
           O         -6.4400000E-01
           Na        -1.0000000E-03
           P         -2.0000000E-03
           S         -3.0000000E-03
           Cl        -1.0000000E-03
           K         -4.0000000E-03
           Ca        -1.0000000E-03
MAT[ 8200 ] 
           H         -1.0500000E-01
           C         -1.1400000E-01
           N         -2.5000000E-02
           O         -7.5000000E-01
           Na        -1.0000000E-03
           P         -1.0000000E-03
           S         -1.0000000E-03
           Cl        -2.0000000E-03
           K         -1.0000000E-03
MAT[ 8201 ] 
           H         -1.0500000E-01
           C         -1.1400000E-01
           N         -2.5000000E-02
           O         -7.5000000E-01
           Na        -1.0000000E-03
           P         -1.0000000E-03
           S         -1.0000000E-03
           Cl        -2.0000000E-03
           K         -1.0000000E-03
MAT[ 8202 ] 
           H         -1.0500000E-01
           C         -1.1400000E-01
           N         -2.5000000E-02
           O         -7.5000000E-01
           Na        -1.0000000E-03
           P         -1.0000000E-03
           S         -1.0000000E-03
           Cl        -2.0000000E-03
           K         -1.0000000E-03
MAT[ 8300 ] 
           H         -1.0000000E-01
           C         -2.2200000E-01
           N         -2.2000000E-02
           O         -6.4400000E-01
           Na        -1.0000000E-03
           P         -2.0000000E-03
           S         -3.0000000E-03
           Cl        -1.0000000E-03
           K         -4.0000000E-03
           Ca        -1.0000000E-03
MAT[ 8400 ] 
           H         -1.0500000E-01
           C         -1.1400000E-01
           N         -2.5000000E-02
           O         -7.5000000E-01
           Na        -1.0000000E-03
           P         -1.0000000E-03
           S         -1.0000000E-03
           Cl        -2.0000000E-03
           K         -1.0000000E-03
MAT[ 8401 ] 
           H         -1.0500000E-01
           C         -1.1400000E-01
           N         -2.5000000E-02
           O         -7.5000000E-01
           Na        -1.0000000E-03
           P         -1.0000000E-03
           S         -1.0000000E-03
           Cl        -2.0000000E-03
           K         -1.0000000E-03
MAT[ 8402 ] 
           H         -1.0500000E-01
           C         -1.1400000E-01
           N         -2.5000000E-02
           O         -7.5000000E-01
           Na        -1.0000000E-03
           P         -1.0000000E-03
           S         -1.0000000E-03
           Cl        -2.0000000E-03
           K         -1.0000000E-03
MAT[ 8500 ] 
           H         -1.0000000E-01
           C         -2.2200000E-01
           N         -2.2000000E-02
           O         -6.4400000E-01
           Na        -1.0000000E-03
           P         -2.0000000E-03
           S         -3.0000000E-03
           Cl        -1.0000000E-03
           K         -4.0000000E-03
           Ca        -1.0000000E-03
MAT[ 8600 ] 
           H         -1.0500000E-01
           C         -1.1400000E-01
           N         -2.5000000E-02
           O         -7.5000000E-01
           Na        -1.0000000E-03
           P         -1.0000000E-03
           S         -1.0000000E-03
           Cl        -2.0000000E-03
           K         -1.0000000E-03
MAT[ 8700 ] 
           H         -1.0400000E-01
           C         -1.3500000E-01
           N         -2.9000000E-02
           O         -7.2200000E-01
           Na        -1.0000000E-03
           P         -2.0000000E-03
           S         -2.0000000E-03
           Cl        -2.0000000E-03
           K         -3.0000000E-03
MAT[ 8800 ] 
           H         -1.0200000E-01
           C         -1.1000000E-01
           N         -3.3000000E-02
           O         -7.4500000E-01
           Na        -1.0000000E-03
           P         -1.0000000E-03
           S         -2.0000000E-03
           Cl        -3.0000000E-03
           K         -2.0000000E-03
           Fe        -1.0000000E-03
MAT[ 8900 ] 
           H         -1.0300000E-01
           C         -1.2600000E-01
           N         -3.1000000E-02
           O         -7.2900000E-01
           Na        -2.0000000E-03
           P         -2.0000000E-03
           S         -2.0000000E-03
           Cl        -2.0000000E-03
           K         -2.0000000E-03
           Ca        -1.0000000E-03
MAT[ 9000 ] 
           H         -1.0300000E-01
           C         -1.2600000E-01
           N         -3.1000000E-02
           O         -7.2900000E-01
           Na        -2.0000000E-03
           P         -2.0000000E-03
           S         -2.0000000E-03
           Cl        -2.0000000E-03
           K         -2.0000000E-03
           Ca        -1.0000000E-03
MAT[ 9100 ] 
           H         -1.0300000E-01
           C         -1.2600000E-01
           N         -3.1000000E-02
           O         -7.2900000E-01
           Na        -2.0000000E-03
           P         -2.0000000E-03
           S         -2.0000000E-03
           Cl        -2.0000000E-03
           K         -2.0000000E-03
           Ca        -1.0000000E-03
MAT[ 9200 ] 
           H         -1.0300000E-01
           C         -1.2600000E-01
           N         -3.1000000E-02
           O         -7.2900000E-01
           Na        -2.0000000E-03
           P         -2.0000000E-03
           S         -2.0000000E-03
           Cl        -2.0000000E-03
           K         -2.0000000E-03
           Ca        -1.0000000E-03
MAT[ 9300 ] 
           H         -1.0300000E-01
           C         -1.2600000E-01
           N         -3.1000000E-02
           O         -7.2900000E-01
           Na        -2.0000000E-03
           P         -2.0000000E-03
           S         -2.0000000E-03
           Cl        -2.0000000E-03
           K         -2.0000000E-03
           Ca        -1.0000000E-03
MAT[ 9400 ] 
           H         -1.0300000E-01
           C         -1.2600000E-01
           N         -3.1000000E-02
           O         -7.2900000E-01
           Na        -2.0000000E-03
           P         -2.0000000E-03
           S         -2.0000000E-03
           Cl        -2.0000000E-03
           K         -2.0000000E-03
           Ca        -1.0000000E-03
MAT[ 9500 ] 
           H         -1.0200000E-01
           C         -1.3200000E-01
           N         -3.1000000E-02
           O         -7.2300000E-01
           Na        -2.0000000E-03
           P         -2.0000000E-03
           S         -3.0000000E-03
           Cl        -2.0000000E-03
           K         -3.0000000E-03
MAT[ 9700 ] 
           H         -1.0200000E-01
           C         -1.0800000E-01
           N         -3.2000000E-02
           O         -7.4800000E-01
           Na        -1.0000000E-03
           P         -1.0000000E-03
           S         -2.0000000E-03
           Cl        -3.0000000E-03
           K         -2.0000000E-03
           Fe        -1.0000000E-03
MAT[ 9900 ] 
           H         -1.0200000E-01
           C         -1.0800000E-01
           N         -3.2000000E-02
           O         -7.4800000E-01
           Na        -1.0000000E-03
           P         -1.0000000E-03
           S         -2.0000000E-03
           Cl        -3.0000000E-03
           K         -2.0000000E-03
           Fe        -1.0000000E-03
MAT[ 10000 ] 
           H         -1.0800000E-01
           C         -4.5000000E-02
           N         -1.2000000E-02
           O         -8.2700000E-01
           Na        -3.0000000E-03
           S         -1.0000000E-03
           Cl        -4.0000000E-03
MAT[ 10100 ] 
           H         -1.0800000E-01
           C         -4.5000000E-02
           N         -1.2000000E-02
           O         -8.2700000E-01
           Na        -3.0000000E-03
           S         -1.0000000E-03
           Cl        -4.0000000E-03
MAT[ 10200 ] 
           H         -1.0800000E-01
           C         -4.5000000E-02
           N         -1.2000000E-02
           O         -8.2700000E-01
           Na        -3.0000000E-03
           S         -1.0000000E-03
           Cl        -4.0000000E-03
MAT[ 10300 ] 
           H         -1.0800000E-01
           C         -4.5000000E-02
           N         -1.2000000E-02
           O         -8.2700000E-01
           Na        -3.0000000E-03
           S         -1.0000000E-03
           Cl        -4.0000000E-03
MAT[ 10400 ] 
           H         -1.0800000E-01
           C         -4.5000000E-02
           N         -1.2000000E-02
           O         -8.2700000E-01
           Na        -3.0000000E-03
           S         -1.0000000E-03
           Cl        -4.0000000E-03
MAT[ 10500 ] 
           H         -1.0800000E-01
           C         -4.5000000E-02
           N         -1.2000000E-02
           O         -8.2700000E-01
           Na        -3.0000000E-03
           S         -1.0000000E-03
           Cl        -4.0000000E-03
MAT[ 10600 ] 
           H         -1.0200000E-01
           C         -1.4200000E-01
           N         -3.4000000E-02
           O         -7.1100000E-01
           Na        -1.0000000E-03
           P         -2.0000000E-03
           S         -3.0000000E-03
           Cl        -1.0000000E-03
           K         -4.0000000E-03
MAT[ 10700 ] 
           H         -1.0200000E-01
           C         -1.4200000E-01
           N         -3.4000000E-02
           O         -7.1100000E-01
           Na        -1.0000000E-03
           P         -2.0000000E-03
           S         -3.0000000E-03
           Cl        -1.0000000E-03
           K         -4.0000000E-03
MAT[ 10800 ] 
           H         -1.0200000E-01
           C         -1.4200000E-01
           N         -3.4000000E-02
           O         -7.1100000E-01
           Na        -1.0000000E-03
           P         -2.0000000E-03
           S         -3.0000000E-03
           Cl        -1.0000000E-03
           K         -4.0000000E-03
MAT[ 10900 ] 
           H         -1.0200000E-01
           C         -1.4200000E-01
           N         -3.4000000E-02
           O         -7.1100000E-01
           Na        -1.0000000E-03
           P         -2.0000000E-03
           S         -3.0000000E-03
           Cl        -1.0000000E-03
           K         -4.0000000E-03
MAT[ 11000 ] 
           H         -1.0400000E-01
           C         -2.2300000E-01
           N         -2.8000000E-02
           O         -6.3500000E-01
           Na        -1.0000000E-03
           P         -2.0000000E-03
           S         -3.0000000E-03
           Cl        -2.0000000E-03
           K         -2.0000000E-03
MAT[ 11001 ] 
           H         -1.0400000E-01
           C         -2.2300000E-01
           N         -2.8000000E-02
           O         -6.3500000E-01
           Na        -1.0000000E-03
           P         -2.0000000E-03
           S         -3.0000000E-03
           Cl        -2.0000000E-03
           K         -2.0000000E-03
MAT[ 11002 ] 
           H         -1.0400000E-01
           C         -2.2300000E-01
           N         -2.8000000E-02
           O         -6.3500000E-01
           Na        -1.0000000E-03
           P         -2.0000000E-03
           S         -3.0000000E-03
           Cl        -2.0000000E-03
           K         -2.0000000E-03
MAT[ 11003 ] 
           H         -1.0000000E-01
           C         -2.2200000E-01
           N         -2.2000000E-02
           O         -6.4400000E-01
           Na        -1.0000000E-03
           P         -2.0000000E-03
           S         -3.0000000E-03
           Cl        -1.0000000E-03
           K         -4.0000000E-03
           Ca        -1.0000000E-03
MAT[ 11300 ] 
           H         -1.0500000E-01
           C         -1.5800000E-01
           N         -2.4000000E-02
           O         -7.0400000E-01
           Na        -2.0000000E-03
           P         -2.0000000E-03
           S         -1.0000000E-03
           Cl        -2.0000000E-03
           K         -2.0000000E-03
MAT[ 11400 ] 
           H         -1.0500000E-01
           C         -2.5100000E-01
           N         -2.7000000E-02
           O         -6.0700000E-01
           Na        -1.0000000E-03
           P         -2.0000000E-03
           S         -3.0000000E-03
           Cl        -2.0000000E-03
           K         -2.0000000E-03
MAT[ 11500 ] 
           H         -1.0500000E-01
           C         -2.5100000E-01
           N         -2.7000000E-02
           O         -6.0700000E-01
           Na        -1.0000000E-03
           P         -2.0000000E-03
           S         -3.0000000E-03
           Cl        -2.0000000E-03
           K         -2.0000000E-03
MAT[ 11600 ] 
           H         -1.1200000E-01
           C         -5.1700000E-01
           N         -1.1000000E-02
           O         -3.5500000E-01
           Na        -1.0000000E-03
           P         -1.0000000E-03
           S         -2.0000000E-03
           Cl        -1.0000000E-03
MAT[ 11700 ] 
           H         -1.1200000E-01
           C         -5.1700000E-01
           N         -1.1000000E-02
           O         -3.5500000E-01
           Na        -1.0000000E-03
           P         -1.0000000E-03
           S         -2.0000000E-03
           Cl        -1.0000000E-03
MAT[ 11800 ] 
           H         -1.1200000E-01
           C         -5.1700000E-01
           N         -1.1000000E-02
           O         -3.5500000E-01
           Na        -1.0000000E-03
           P         -1.0000000E-03
           S         -2.0000000E-03
           Cl        -1.0000000E-03
MAT[ 11900 ] 
           H         -1.1200000E-01
           C         -5.1700000E-01
           N         -1.1000000E-02
           O         -3.5500000E-01
           Na        -1.0000000E-03
           P         -1.0000000E-03
           S         -2.0000000E-03
           Cl        -1.0000000E-03
MAT[ 12000 ] 
           H         -1.0500000E-01
           C         -2.5100000E-01
           N         -2.7000000E-02
           O         -6.0700000E-01
           Na        -1.0000000E-03
           P         -2.0000000E-03
           S         -3.0000000E-03
           Cl        -2.0000000E-03
           K         -2.0000000E-03
MAT[ 12100 ] 
           H         -1.0500000E-01
           C         -2.5100000E-01
           N         -2.7000000E-02
           O         -6.0700000E-01
           Na        -1.0000000E-03
           P         -2.0000000E-03
           S         -3.0000000E-03
           Cl        -2.0000000E-03
           K         -2.0000000E-03
MAT[ 12200 ] 
           H         -1.0000000E-01
           C         -1.9900000E-01
           N         -4.2000000E-02
           O         -6.5000000E-01
           Na        -2.0000000E-03
           P         -1.0000000E-03
           S         -2.0000000E-03
           Cl        -3.0000000E-03
           K         -1.0000000E-03
MAT[ 12201 ] 
           H         -1.0000000E-01
           C         -1.9900000E-01
           N         -4.2000000E-02
           O         -6.5000000E-01
           Na        -2.0000000E-03
           P         -1.0000000E-03
           S         -2.0000000E-03
           Cl        -3.0000000E-03
           K         -1.0000000E-03
MAT[ 12300 ] 
           H         -1.0000000E-01
           C         -1.9900000E-01
           N         -4.2000000E-02
           O         -6.5000000E-01
           Na        -2.0000000E-03
           P         -1.0000000E-03
           S         -2.0000000E-03
           Cl        -3.0000000E-03
           K         -1.0000000E-03
MAT[ 12301 ] 
           H         -1.0000000E-01
           C         -1.9900000E-01
           N         -4.2000000E-02
           O         -6.5000000E-01
           Na        -2.0000000E-03
           P         -1.0000000E-03
           S         -2.0000000E-03
           Cl        -3.0000000E-03
           K         -1.0000000E-03
MAT[ 12400 ] 
           H         -1.0000000E-01
           C         -1.9900000E-01
           N         -4.2000000E-02
           O         -6.5000000E-01
           Na        -2.0000000E-03
           P         -1.0000000E-03
           S         -2.0000000E-03
           Cl        -3.0000000E-03
           K         -1.0000000E-03
MAT[ 12401 ] 
           H         -1.0000000E-01
           C         -1.9900000E-01
           N         -4.2000000E-02
           O         -6.5000000E-01
           Na        -2.0000000E-03
           P         -1.0000000E-03
           S         -2.0000000E-03
           Cl        -3.0000000E-03
           K         -1.0000000E-03
MAT[ 12500 ] 
           H         -1.0000000E-01
           C         -1.9900000E-01
           N         -4.2000000E-02
           O         -6.5000000E-01
           Na        -2.0000000E-03
           P         -1.0000000E-03
           S         -2.0000000E-03
           Cl        -3.0000000E-03
           K         -1.0000000E-03
MAT[ 12501 ] 
           H         -1.0000000E-01
           C         -1.9900000E-01
           N         -4.2000000E-02
           O         -6.5000000E-01
           Na        -2.0000000E-03
           P         -1.0000000E-03
           S         -2.0000000E-03
           Cl        -3.0000000E-03
           K         -1.0000000E-03
MAT[ 12600 ] 
           H         -1.0500000E-01
           C         -2.5100000E-01
           N         -2.7000000E-02
           O         -6.0700000E-01
           Na        -1.0000000E-03
           P         -2.0000000E-03
           S         -3.0000000E-03
           Cl        -2.0000000E-03
           K         -2.0000000E-03
MAT[ 12700 ] 
           H         -1.0300000E-01
           C         -1.1200000E-01
           N         -3.2000000E-02
           O         -7.4300000E-01
           Na        -1.0000000E-03
           P         -2.0000000E-03
           S         -2.0000000E-03
           Cl        -2.0000000E-03
           K         -3.0000000E-03
MAT[ 12800 ] 
           H         -2.3000000E-02
           C         -9.5000000E-02
           N         -2.9000000E-02
           O         -4.2600000E-01
           Mg        -7.0000000E-03
           P         -1.3500000E-01
           Ca        -2.8500000E-01
MAT[ 12801 ] 
           H         -1.0000000E-01
           C         -2.2200000E-01
           N         -2.2000000E-02
           O         -6.4400000E-01
           Na        -1.0000000E-03
           P         -2.0000000E-03
           S         -3.0000000E-03
           Cl        -1.0000000E-03
           K         -4.0000000E-03
           Ca        -1.0000000E-03
MAT[ 12900 ] 
           H         -1.0600000E-01
           C         -9.9000000E-02
           N         -2.1000000E-02
           O         -7.6500000E-01
           Na        -2.0000000E-03
           P         -1.0000000E-03
           S         -2.0000000E-03
           Cl        -2.0000000E-03
           K         -2.0000000E-03
MAT[ 13000 ] 
           H         -1.0600000E-01
           C         -9.9000000E-02
           N         -2.1000000E-02
           O         -7.6500000E-01
           Na        -2.0000000E-03
           P         -1.0000000E-03
           S         -2.0000000E-03
           Cl        -2.0000000E-03
           K         -2.0000000E-03
MAT[ 13100 ] 
           H         -1.0500000E-01
           C         -2.5100000E-01
           N         -2.7000000E-02
           O         -6.0700000E-01
           Na        -1.0000000E-03
           P         -2.0000000E-03
           S         -3.0000000E-03
           Cl        -2.0000000E-03
           K         -2.0000000E-03
MAT[ 13200 ] 
           H         -1.0400000E-01
           C         -1.1800000E-01
           N         -2.5000000E-02
           O         -7.4500000E-01
           Na        -2.0000000E-03
           P         -1.0000000E-03
           S         -1.0000000E-03
           Cl        -2.0000000E-03
           K         -1.0000000E-03
           I         -1.0000000E-03
MAT[ 13300 ] 
           H         -1.0200000E-01
           C         -1.4200000E-01
           N         -3.4000000E-02
           O         -7.1100000E-01
           Na        -1.0000000E-03
           P         -2.0000000E-03
           S         -3.0000000E-03
           Cl        -1.0000000E-03
           K         -4.0000000E-03
MAT[ 13301 ] 
           H         -1.0200000E-01
           C         -1.4200000E-01
           N         -3.4000000E-02
           O         -7.1100000E-01
           Na        -1.0000000E-03
           P         -2.0000000E-03
           S         -3.0000000E-03
           Cl        -1.0000000E-03
           K         -4.0000000E-03
MAT[ 13400 ] 
           H         -1.0500000E-01
           C         -2.5100000E-01
           N         -2.7000000E-02
           O         -6.0700000E-01
           Na        -1.0000000E-03
           P         -2.0000000E-03
           S         -3.0000000E-03
           Cl        -2.0000000E-03
           K         -2.0000000E-03
MAT[ 13500 ] 
           H         -1.0500000E-01
           C         -2.5100000E-01
           N         -2.7000000E-02
           O         -6.0700000E-01
           Na        -1.0000000E-03
           P         -2.0000000E-03
           S         -3.0000000E-03
           Cl        -2.0000000E-03
           K         -2.0000000E-03
MAT[ 13600 ] 
           H         -1.0500000E-01
           C         -2.5100000E-01
           N         -2.7000000E-02
           O         -6.0700000E-01
           Na        -1.0000000E-03
           P         -2.0000000E-03
           S         -3.0000000E-03
           Cl        -2.0000000E-03
           K         -2.0000000E-03
MAT[ 13700 ] 
           H         -1.0500000E-01
           C         -9.6000000E-02
           N         -2.6000000E-02
           O         -7.6100000E-01
           Na        -2.0000000E-03
           P         -2.0000000E-03
           S         -2.0000000E-03
           Cl        -3.0000000E-03
           K         -3.0000000E-03
MAT[ 13701 ] 
           H         -1.0500000E-01
           C         -9.6000000E-02
           N         -2.6000000E-02
           O         -7.6100000E-01
           Na        -2.0000000E-03
           P         -2.0000000E-03
           S         -2.0000000E-03
           Cl        -3.0000000E-03
           K         -3.0000000E-03
MAT[ 13800 ] 
           H         -1.0700000E-01
           C         -3.0000000E-03
           N         -1.0000000E-02
           O         -8.7300000E-01
           Na        -4.0000000E-03
           P         -1.0000000E-03
           K         -2.0000000E-03
MAT[ 14000 ] 
           N         -8.0000000E-01
           O         -2.0000000E-01

[ Cell ]
 1           0                 -20  u=15000  lat=3 
                              tfile=../phantoms/MRCP-AM
 2           0                 -10  fill=15000
 3           0                 -20 10 
 4           0                 -90 20 
 5          -1                 90 
 100       100 -1.0360000E+00  -90  u=100  vol=8.3810227046 
 200       200 -1.0360000E+00  -90  u=200  vol=8.3810261890 
 300       300 -1.0310000E+00  -90  u=300  vol=0.0216382260 
 301       301 -1.0310000E+00  -90  u=301  vol=0.0868396813 
 302       302 -1.0310000E+00  -90  u=302  vol=0.0272322935 
 303       303 -1.0310000E+00  -90  u=303  vol=10.9517030365 
 400       400 -1.0000000E+00  -90  u=400  vol=0.1412003875 
 401       401 -1.0310000E+00  -90  u=401  vol=0.3781110020 
 402       402 -1.0310000E+00  -90  u=402  vol=0.0948838549 
 403       403 -1.0310000E+00  -90  u=403  vol=0.0475016974 
 404       404 -1.0310000E+00  -90  u=404  vol=0.0951061225 
 405       405 -1.0310000E+00  -90  u=405  vol=27.9422743008 
 500       500 -1.0500000E+00  -90  u=500  vol=0.0818719088 
 501       501 -1.0500000E+00  -90  u=501  vol=0.0223957785 
 600       600 -1.0500000E+00  -90  u=600  vol=0.0219787474 
 700       700 -1.0310000E+00  -90  u=700  vol=10.0519968811 
 800       800 -1.0000000E+00  -90  u=800  vol=0.0251639823 
 801       801 -1.0310000E+00  -90  u=801  vol=0.0302263420 
 802       802 -1.0310000E+00  -90  u=802  vol=0.0504473403 
 803       803 -1.0310000E+00  -90  u=803  vol=0.1264899379 
 804       804 -1.0310000E+00  -90  u=804  vol=0.0253702782 
 805       805 -1.0310000E+00  -90  u=805  vol=0.0507963208 
 806       806 -1.0310000E+00  -90  u=806  vol=0.0508829783 
 807       807 -1.0310000E+00  -90  u=807  vol=0.0509700204 
 808       808 -1.0310000E+00  -90  u=808  vol=2.6931857501 
 900       900 -1.0600000E+00  -90  u=900  vol=1.4194833810 
 910       910 -1.0600000E+00  -90  u=910  vol=6.5513868250 
 1000     1000 -1.0600000E+00  -90  u=1000  vol=182.2479624615 
 1010     1010 -1.0600000E+00  -90  u=1010  vol=418.8887308075 
 1100     1100 -1.0600000E+00  -90  u=1100  vol=30.6279612507 
 1110     1110 -1.0600000E+00  -90  u=1110  vol=157.8368588688 
 1200     1200 -1.0600000E+00  -90  u=1200  vol=102.6853335925 
 1210     1210 -1.0600000E+00  -90  u=1210  vol=367.6648893241 
 1300     1300 -1.9040000E+00  -90  u=1300  vol=83.6843786797 
 1400     1400 -1.2330000E+00  -90  u=1400  vol=118.1578715838 
 1500     1500 -9.8100000E-01  -90  u=1500  vol=34.9072197125 
 1600     1600 -1.9040000E+00  -90  u=1600  vol=55.9776886710 
 1700     1700 -1.1090000E+00  -90  u=1700  vol=45.8879975815 
 1800     1800 -9.8100000E-01  -90  u=1800  vol=38.1212591450 
 1900     1900 -1.9040000E+00  -90  u=1900  vol=143.6438780402 
 2000     2000 -1.1090000E+00  -90  u=2000  vol=139.7484089108 
 2100     2100 -9.8100000E-01  -90  u=2100  vol=23.4417387973 
 2200     2200 -1.9040000E+00  -90  u=2200  vol=95.3408552928 
 2300     2300 -1.1090000E+00  -90  u=2300  vol=107.2379500058 
 2400     2400 -1.9040000E+00  -90  u=2400  vol=25.3423383761 
 2500     2500 -1.1570000E+00  -90  u=2500  vol=38.9429674648 
 2600     2600 -1.9040000E+00  -90  u=2600  vol=298.5658701692 
 2700     2700 -1.1650000E+00  -90  u=2700  vol=327.9595934172 
 2800     2800 -1.9040000E+00  -90  u=2800  vol=133.1657482037 
 2900     2900 -1.1250000E+00  -90  u=2900  vol=367.3175931004 
 3000     3000 -9.8100000E-01  -90  u=3000  vol=26.5497966076 
 3100     3100 -1.9040000E+00  -90  u=3100  vol=161.6391667351 
 3200     3200 -1.1090000E+00  -90  u=3200  vol=336.9269202250 
 3300     3300 -9.8100000E-01  -90  u=3300  vol=83.7705223816 
 3400     3400 -1.9040000E+00  -90  u=3400  vol=281.8546168083 
 3500     3500 -1.1090000E+00  -90  u=3500  vol=560.3315115059 
 3600     3600 -9.8100000E-01  -90  u=3600  vol=81.3607930426 
 3700     3700 -1.9040000E+00  -90  u=3700  vol=123.3625749897 
 3800     3800 -1.1090000E+00  -90  u=3800  vol=390.0947181100 
 3900     3900 -1.9040000E+00  -90  u=3900  vol=40.3766021934 
 4000     4000 -1.2710000E+00  -90  u=4000  vol=44.2858509461 
 4100     4100 -1.9040000E+00  -90  u=4100  vol=211.4467827373 
 4200     4200 -1.1210000E+00  -90  u=4200  vol=552.7846347260 
 4300     4300 -1.9040000E+00  -90  u=4300  vol=193.6958996242 
 4400     4400 -1.1700000E+00  -90  u=4400  vol=390.8984566816 
 4500     4500 -1.9040000E+00  -90  u=4500  vol=117.2968079537 
 4600     4600 -1.2010000E+00  -90  u=4600  vol=130.4498390978 
 4700     4700 -1.9040000E+00  -90  u=4700  vol=54.5921253091 
 4800     4800 -1.0490000E+00  -90  u=4800  vol=75.2290479285 
 4900     4900 -1.9040000E+00  -90  u=4900  vol=152.0168745241 
 5000     5000 -1.0700000E+00  -90  u=5000  vol=322.6371712923 
 5100     5100 -1.9040000E+00  -90  u=5100  vol=98.7644177592 
 5200     5200 -1.1080000E+00  -90  u=5200  vol=263.1627839356 
 5300     5300 -1.9040000E+00  -90  u=5300  vol=57.9413278696 
 5400     5400 -1.0330000E+00  -90  u=5400  vol=186.0832516541 
 5500     5500 -1.9040000E+00  -90  u=5500  vol=5.2471236475 
 5600     5600 -1.0410000E+00  -90  u=5600  vol=59.0010410346 
 5700     5700 -1.0990000E+00  -90  u=5700  vol=51.2570189166 
 5800     5800 -1.0990000E+00  -90  u=5800  vol=74.6705909538 
 6100     6100 -1.0410000E+00  -90  u=6100  vol=1457.6269720370 
 6200     6200 -9.5300000E-01  -90  u=6200  vol=8.1521776049 
 6300     6300 -1.0210000E+00  -90  u=6300  vol=5.0735887053 
 6400     6400 -9.5300000E-01  -90  u=6400  vol=8.1521817341 
 6500     6500 -1.0210000E+00  -90  u=6500  vol=5.0735910315 
 6600     6600 -1.0600000E+00  -90  u=6600  vol=0.0366881963 
 6601     6601 -1.0600000E+00  -90  u=6601  vol=0.1785571404 
 6700     6700 -1.1000000E+00  -90  u=6700  vol=1.0120773351 
 6701     6701 -1.0250000E+00  -90  u=6701  vol=0.3000698582 
 6702     6702 -1.0310000E+00  -90  u=6702  vol=5.9379184676 
 6800     6800 -1.0600000E+00  -90  u=6800  vol=0.0366880320 
 6801     6801 -1.0600000E+00  -90  u=6801  vol=0.1785572193 
 6900     6900 -1.1000000E+00  -90  u=6900  vol=1.0120742686 
 6901     6901 -1.0250000E+00  -90  u=6901  vol=0.3000698459 
 6902     6902 -1.0310000E+00  -90  u=6902  vol=5.9379197092 
 7000     7000 -1.0310000E+00  -90  u=7000  vol=10.0520007370 
 7100     7100 -1.0300000E+00  -90  u=7100  vol=56.3106789571 
 7200     7200 -1.0370000E+00  -90  u=7200  vol=1.7200948779 
 7201     7201 -1.0370000E+00  -90  u=7201  vol=1.1502614573 
 7202     7202 -1.0370000E+00  -90  u=7202  vol=5.7936522251 
 7203     7203 -1.0370000E+00  -90  u=7203  vol=178.6751190850 
 7300     7300 -1.0400000E+00  -90  u=7300  vol=240.3846024271 
 7400     7400 -1.0370000E+00  -90  u=7400  vol=14.0284272317 
 7401     7401 -1.0370000E+00  -90  u=7401  vol=2.1836470922 
 7402     7402 -1.0370000E+00  -90  u=7402  vol=5.4887594920 
 7403     7403 -1.0370000E+00  -90  u=7403  vol=810.1218404388 
 7500     7500 -1.0400000E+00  -90  u=7500  vol=51.2859589355 
 7501     7501 -1.0400000E+00  -90  u=7501  vol=285.2525077970 
 7600     7600 -1.0370000E+00  -90  u=7600  vol=2.9618613517 
 7601     7601 -1.0370000E+00  -90  u=7601  vol=0.2153804883 
 7602     7602 -1.0370000E+00  -90  u=7602  vol=112.4726882915 
 7700     7700 -1.0400000E+00  -90  u=7700  vol=52.8846159972 
 7800     7800 -1.0370000E+00  -90  u=7800  vol=3.8502387088 
 7801     7801 -1.0370000E+00  -90  u=7801  vol=0.2783137368 
 7802     7802 -1.0370000E+00  -90  u=7802  vol=72.9714069148 
 7900     7900 -1.0400000E+00  -90  u=7900  vol=91.3461559323 
 8000     8000 -1.0370000E+00  -90  u=8000  vol=2.7229220966 
 8001     8001 -1.0370000E+00  -90  u=8001  vol=0.1976589383 
 8002     8002 -1.0370000E+00  -90  u=8002  vol=74.1793871716 
 8100     8100 -1.0400000E+00  -90  u=8100  vol=38.4615316415 
 8200     8200 -1.0370000E+00  -90  u=8200  vol=2.6802645997 
 8201     8201 -1.0370000E+00  -90  u=8201  vol=0.1960682291 
 8202     8202 -1.0370000E+00  -90  u=8202  vol=112.7735974048 
 8300     8300 -1.0400000E+00  -90  u=8300  vol=33.6538549781 
 8400     8400 -1.0370000E+00  -90  u=8400  vol=4.2921334200 
 8401     8401 -1.0370000E+00  -90  u=8401  vol=0.3120180859 
 8402     8402 -1.0370000E+00  -90  u=8402  vol=46.7835228876 
 8500     8500 -1.0400000E+00  -90  u=8500  vol=72.1153802398 
 8600     8600 -1.0370000E+00  -90  u=8600  vol=38.5499774524 
 8700     8700 -1.0510000E+00  -90  u=8700  vol=367.1159034247 
 8800     8800 -1.0600000E+00  -90  u=8800  vol=481.1320844549 
 8900     8900 -1.0530000E+00  -90  u=8900  vol=154.1675656354 
 9000     9000 -1.0530000E+00  -90  u=9000  vol=36.4285678242 
 9100     9100 -1.0530000E+00  -90  u=9100  vol=7.2666631452 
 9200     9200 -1.0530000E+00  -90  u=9200  vol=158.1594925481 
 9300     9300 -1.0530000E+00  -90  u=9300  vol=37.3809479188 
 9400     9400 -1.0530000E+00  -90  u=9400  vol=7.4952391161 
 9500     9500 -1.0600000E+00  -90  u=9500  vol=2226.4150989600 
 9700     9700 -4.1500000E-01  -90  u=9700  vol=1315.3660080811 
 9900     9900 -4.1500000E-01  -90  u=9900  vol=1573.1601194166 
 10000   10000 -1.0320000E+00  -90  u=10000  vol=15.4546375948 
 10100   10100 -1.0320000E+00  -90  u=10100  vol=15.4546564406 
 10200   10200 -1.0320000E+00  -90  u=10200  vol=5.3388810018 
 10300   10300 -1.0320000E+00  -90  u=10300  vol=126.1662038593 
 10400   10400 -1.0320000E+00  -90  u=10400  vol=10.6777639773 
 10500   10500 -1.0320000E+00  -90  u=10500  vol=10.6777650660 
 10600   10600 -1.0500000E+00  -90  u=10600  vol=1143.6400384670 
 10700   10700 -1.0500000E+00  -90  u=10700  vol=14134.7326993638 
 10800   10800 -1.0500000E+00  -90  u=10800  vol=2708.0291585023 
 10900   10900 -1.0500000E+00  -90  u=10900  vol=10372.2845709591 
 11000   11000 -1.0370000E+00  -90  u=11000  vol=1.8509093551 
 11001   11001 -1.0370000E+00  -90  u=11001  vol=0.0993938448 
 11002   11002 -1.0370000E+00  -90  u=11002  vol=48.0068000398 
 11003   11003 -1.0400000E+00  -90  u=11003  vol=21.9903823626 
 11300   11300 -1.0440000E+00  -90  u=11300  vol=166.3135015229 
 11400   11400 -1.0310000E+00  -90  u=11400  vol=0.6031228408 
 11500   11500 -1.0310000E+00  -90  u=11500  vol=17.0884036725 
 11600   11600 -9.3900000E-01  -90  u=11600  vol=1039.0019782023 
 11700   11700 -9.3900000E-01  -90  u=11700  vol=11902.9816894491 
 11800   11800 -9.3900000E-01  -90  u=11800  vol=1650.5238347003 
 11900   11900 -9.3900000E-01  -90  u=11900  vol=4803.1287168770 
 12000   12000 -1.0310000E+00  -90  u=12000  vol=42.7210074569 
 12100   12100 -1.0310000E+00  -90  u=12100  vol=42.7210110251 
 12200   12200 -1.0890000E+00  -90  u=12200  vol=238.0443605567 
 12201   12201 -1.0890000E+00  -90  u=12201  vol=7.7777791835 
 12300   12300 -1.0890000E+00  -90  u=12300  vol=1167.2583100044 
 12301   12301 -1.0890000E+00  -90  u=12301  vol=35.2781104261 
 12400   12400 -1.0890000E+00  -90  u=12400  vol=528.6574338661 
 12401   12401 -1.0890000E+00  -90  u=12401  vol=17.3030491444 
 12500   12500 -1.0890000E+00  -90  u=12500  vol=1156.9930171986 
 12501   12501 -1.0890000E+00  -90  u=12501  vol=34.7014196481 
 12600   12600 -1.0310000E+00  -90  u=12600  vol=36.8105948750 
 12700   12700 -1.0600000E+00  -90  u=12700  vol=215.4716934618 
 12800   12800 -2.6880000E+00  -90  u=12800  vol=18.8715107425 
 12801   12801 -1.0400000E+00  -90  u=12801  vol=0.0414788382 
 12900   12900 -1.0410000E+00  -90  u=12900  vol=17.8835285469 
 13000   13000 -1.0410000E+00  -90  u=13000  vol=17.8835252995 
 13100   13100 -1.0310000E+00  -90  u=13100  vol=25.1299985924 
 13200   13200 -1.0510000E+00  -90  u=13200  vol=22.2174350991 
 13300   13300 -1.0500000E+00  -90  u=13300  vol=19.9933690896 
 13301   13301 -1.0500000E+00  -90  u=13301  vol=51.9544364408 
 13400   13400 -1.0310000E+00  -90  u=13400  vol=3.0156108137 
 13500   13500 -1.0310000E+00  -90  u=13500  vol=8.5441969414 
 13600   13600 -1.0310000E+00  -90  u=13600  vol=7.5389996073 
 13700   13700 -1.0400000E+00  -90  u=13700  vol=47.8664646501 
 13701   13701 -1.0400000E+00  -90  u=13701  vol=1.2670556073 
 13800   13800 -1.0400000E+00  -90  u=13800  vol=192.3076951789 
 14000   14000 -1.0000000E-03  -90  u=14000  vol=140.1650804136 

[ Surface ]
 10            rpp  -3.7885400E+01  3.7885400E+01 -2.4563010E+01
                     2.4563010E+01 -9.8002360E+01  9.8002360E+01
 20            rpp  -3.8085400E+01  3.8085400E+01 -2.4763010E+01
                     2.4763010E+01 -9.8202360E+01  9.8202360E+01
 90            box  -1.0000000E+03 -1.0000000E+03 -1.0000000E+03
                     2.0000000E+03  0.0000000E+00  0.0000000E+00
                     0.0000000E+00  2.0000000E+03  0.0000000E+00
                     0.0000000E+00  0.0000000E+00  2.0000000E+03

[ Volume ]
    reg        vol
      1      1.000000    
      2      1.000000    
      3      1.000000    
      4      1.000000    
      5      1.000000    
    100      8.381023    
    200      8.381026    
    300     2.1638226E-02
    301     8.6839681E-02
    302     2.7232294E-02
    303      10.95170    
    400     0.1412004    
    401     0.3781110    
    402     9.4883855E-02
    403     4.7501697E-02
    404     9.5106123E-02
    405      27.94227    
    500     8.1871909E-02
    501     2.2395779E-02
    600     2.1978747E-02
    700      10.05200    
    800     2.5163982E-02
    801     3.0226342E-02
    802     5.0447340E-02
    803     0.1264899    
    804     2.5370278E-02
    805     5.0796321E-02
    806     5.0882978E-02
    807     5.0970020E-02
    808      2.693186    
    900      1.419483    
    910      6.551387    
   1000      182.2480    
   1010      418.8887    
   1100      30.62796    
   1110      157.8369    
   1200      102.6853    
   1210      367.6649    
   1300      83.68438    
   1400      118.1579    
   1500      34.90722    
   1600      55.97769    
   1700      45.88800    
   1800      38.12126    
   1900      143.6439    
   2000      139.7484    
   2100      23.44174    
   2200      95.34086    
   2300      107.2380    
   2400      25.34234    
   2500      38.94297    
   2600      298.5659    
   2700      327.9596    
   2800      133.1657    
   2900      367.3176    
   3000      26.54980    
   3100      161.6392    
   3200      336.9269    
   3300      83.77052    
   3400      281.8546    
   3500      560.3315    
   3600      81.36079    
   3700      123.3626    
   3800      390.0947    
   3900      40.37660    
   4000      44.28585    
   4100      211.4468    
   4200      552.7846    
   4300      193.6959    
   4400      390.8985    
   4500      117.2968    
   4600      130.4498    
   4700      54.59213    
   4800      75.22905    
   4900      152.0169    
   5000      322.6372    
   5100      98.76442    
   5200      263.1628    
   5300      57.94133    
   5400      186.0833    
   5500      5.247124    
   5600      59.00104    
   5700      51.25702    
   5800      74.67059    
   6100      1457.627    
   6200      8.152178    
   6300      5.073589    
   6400      8.152182    
   6500      5.073591    
   6600     3.6688196E-02
   6601     0.1785571    
   6700      1.012077    
   6701     0.3000699    
   6702      5.937918    
   6800     3.6688032E-02
   6801     0.1785572    
   6900      1.012074    
   6901     0.3000698    
   6902      5.937920    
   7000      10.05200    
   7100      56.31068    
   7200      1.720095    
   7201      1.150261    
   7202      5.793652    
   7203      178.6751    
   7300      240.3846    
   7400      14.02843    
   7401      2.183647    
   7402      5.488759    
   7403      810.1218    
   7500      51.28596    
   7501      285.2525    
   7600      2.961861    
   7601     0.2153805    
   7602      112.4727    
   7700      52.88462    
   7800      3.850239    
   7801     0.2783137    
   7802      72.97141    
   7900      91.34616    
   8000      2.722922    
   8001     0.1976589    
   8002      74.17939    
   8100      38.46153    
   8200      2.680265    
   8201     0.1960682    
   8202      112.7736    
   8300      33.65385    
   8400      4.292133    
   8401     0.3120181    
   8402      46.78352    
   8500      72.11538    
   8600      38.54998    
   8700      367.1159    
   8800      481.1321    
   8900      154.1676    
   9000      36.42857    
   9100      7.266663    
   9200      158.1595    
   9300      37.38095    
   9400      7.495239    
   9500      2226.415    
   9700      1315.366    
   9900      1573.160    
  10000      15.45464    
  10100      15.45466    
  10200      5.338881    
  10300      126.1662    
  10400      10.67776    
  10500      10.67777    
  10600      1143.640    
  10700      14134.73    
  10800      2708.029    
  10900      10372.28    
  11000      1.850909    
  11001     9.9393845E-02
  11002      48.00680    
  11003      21.99038    
  11300      166.3135    
  11400     0.6031228    
  11500      17.08840    
  11600      1039.002    
  11700      11902.98    
  11800      1650.524    
  11900      4803.129    
  12000      42.72101    
  12100      42.72101    
  12200      238.0444    
  12201      7.777779    
  12300      1167.258    
  12301      35.27811    
  12400      528.6574    
  12401      17.30305    
  12500      1156.993    
  12501      34.70142    
  12600      36.81059    
  12700      215.4717    
  12800      18.87151    
  12801     4.1478838E-02
  12900      17.88353    
  13000      17.88353    
  13100      25.13000    
  13200      22.21744    
  13300      19.99337    
  13301      51.95444    
  13400      3.015611    
  13500      8.544197    
  13600      7.539000    
  13700      47.86646    
  13701      1.267056    
  13800      192.3077    
  14000      140.1651    

[ T-Deposit ]
    title = [t-deposit] in region mesh
     mesh =  reg            # mesh type is region-wise
      reg = all
   volume                   # combined, lattice or level structure 
   non     reg      vol     # reg definition
    1        1   1.0000E+00 # 1
    2        3   1.0000E+00 # 3
    3        4   1.0000E+00 # 4
    4      100   8.3810E+00 # 100
    5      200   8.3810E+00 # 200
    6      300   2.1638E-02 # 300
    7      301   8.6840E-02 # 301
    8      302   2.7232E-02 # 302
    9      303   1.0952E+01 # 303
   10      400   1.4120E-01 # 400
   11      401   3.7811E-01 # 401
   12      402   9.4884E-02 # 402
   13      403   4.7502E-02 # 403
   14      404   9.5106E-02 # 404
   15      405   2.7942E+01 # 405
   16      500   8.1872E-02 # 500
   17      501   2.2396E-02 # 501
   18      600   2.1979E-02 # 600
   19      700   1.0052E+01 # 700
   20      800   2.5164E-02 # 800
   21      801   3.0226E-02 # 801
   22      802   5.0447E-02 # 802
   23      803   1.2649E-01 # 803
   24      804   2.5370E-02 # 804
   25      805   5.0796E-02 # 805
   26      806   5.0883E-02 # 806
   27      807   5.0970E-02 # 807
   28      808   2.6932E+00 # 808
   29      900   1.4195E+00 # 900
   30      910   6.5514E+00 # 910
   31     1000   1.8225E+02 # 1000
   32     1010   4.1889E+02 # 1010
   33     1100   3.0628E+01 # 1100
   34     1110   1.5784E+02 # 1110
   35     1200   1.0269E+02 # 1200
   36     1210   3.6766E+02 # 1210
   37     1300   8.3684E+01 # 1300
   38     1400   1.1816E+02 # 1400
   39     1500   3.4907E+01 # 1500
   40     1600   5.5978E+01 # 1600
   41     1700   4.5888E+01 # 1700
   42     1800   3.8121E+01 # 1800
   43     1900   1.4364E+02 # 1900
   44     2000   1.3975E+02 # 2000
   45     2100   2.3442E+01 # 2100
   46     2200   9.5341E+01 # 2200
   47     2300   1.0724E+02 # 2300
   48     2400   2.5342E+01 # 2400
   49     2500   3.8943E+01 # 2500
   50     2600   2.9857E+02 # 2600
   51     2700   3.2796E+02 # 2700
   52     2800   1.3317E+02 # 2800
   53     2900   3.6732E+02 # 2900
   54     3000   2.6550E+01 # 3000
   55     3100   1.6164E+02 # 3100
   56     3200   3.3693E+02 # 3200
   57     3300   8.3771E+01 # 3300
   58     3400   2.8185E+02 # 3400
   59     3500   5.6033E+02 # 3500
   60     3600   8.1361E+01 # 3600
   61     3700   1.2336E+02 # 3700
   62     3800   3.9009E+02 # 3800
   63     3900   4.0377E+01 # 3900
   64     4000   4.4286E+01 # 4000
   65     4100   2.1145E+02 # 4100
   66     4200   5.5278E+02 # 4200
   67     4300   1.9370E+02 # 4300
   68     4400   3.9090E+02 # 4400
   69     4500   1.1730E+02 # 4500
   70     4600   1.3045E+02 # 4600
   71     4700   5.4592E+01 # 4700
   72     4800   7.5229E+01 # 4800
   73     4900   1.5202E+02 # 4900
   74     5000   3.2264E+02 # 5000
   75     5100   9.8764E+01 # 5100
   76     5200   2.6316E+02 # 5200
   77     5300   5.7941E+01 # 5300
   78     5400   1.8608E+02 # 5400
   79     5500   5.2471E+00 # 5500
   80     5600   5.9001E+01 # 5600
   81     5700   5.1257E+01 # 5700
   82     5800   7.4671E+01 # 5800
   83     6100   1.4576E+03 # 6100
   84     6200   8.1522E+00 # 6200
   85     6300   5.0736E+00 # 6300
   86     6400   8.1522E+00 # 6400
   87     6500   5.0736E+00 # 6500
   88     6600   3.6688E-02 # 6600
   89     6601   1.7856E-01 # 6601
   90     6700   1.0121E+00 # 6700
   91     6701   3.0007E-01 # 6701
   92     6702   5.9379E+00 # 6702
   93     6800   3.6688E-02 # 6800
   94     6801   1.7856E-01 # 6801
   95     6900   1.0121E+00 # 6900
   96     6901   3.0007E-01 # 6901
   97     6902   5.9379E+00 # 6902
   98     7000   1.0052E+01 # 7000
   99     7100   5.6311E+01 # 7100
  100     7200   1.7201E+00 # 7200
  101     7201   1.1503E+00 # 7201
  102     7202   5.7937E+00 # 7202
  103     7203   1.7868E+02 # 7203
  104     7300   2.4038E+02 # 7300
  105     7400   1.4028E+01 # 7400
  106     7401   2.1836E+00 # 7401
  107     7402   5.4888E+00 # 7402
  108     7403   8.1012E+02 # 7403
  109     7500   5.1286E+01 # 7500
  110     7501   2.8525E+02 # 7501
  111     7600   2.9619E+00 # 7600
  112     7601   2.1538E-01 # 7601
  113     7602   1.1247E+02 # 7602
  114     7700   5.2885E+01 # 7700
  115     7800   3.8502E+00 # 7800
  116     7801   2.7831E-01 # 7801
  117     7802   7.2971E+01 # 7802
  118     7900   9.1346E+01 # 7900
  119     8000   2.7229E+00 # 8000
  120     8001   1.9766E-01 # 8001
  121     8002   7.4179E+01 # 8002
  122     8100   3.8462E+01 # 8100
  123     8200   2.6803E+00 # 8200
  124     8201   1.9607E-01 # 8201
  125     8202   1.1277E+02 # 8202
  126     8300   3.3654E+01 # 8300
  127     8400   4.2921E+00 # 8400
  128     8401   3.1202E-01 # 8401
  129     8402   4.6784E+01 # 8402
  130     8500   7.2115E+01 # 8500
  131     8600   3.8550E+01 # 8600
  132     8700   3.6712E+02 # 8700
  133     8800   4.8113E+02 # 8800
  134     8900   1.5417E+02 # 8900
  135     9000   3.6429E+01 # 9000
  136     9100   7.2667E+00 # 9100
  137     9200   1.5816E+02 # 9200
  138     9300   3.7381E+01 # 9300
  139     9400   7.4952E+00 # 9400
  140     9500   2.2264E+03 # 9500
  141     9700   1.3154E+03 # 9700
  142     9900   1.5732E+03 # 9900
  143    10000   1.5455E+01 # 10000
  144    10100   1.5455E+01 # 10100
  145    10200   5.3389E+00 # 10200
  146    10300   1.2617E+02 # 10300
  147    10400   1.0678E+01 # 10400
  148    10500   1.0678E+01 # 10500
  149    10600   1.1436E+03 # 10600
  150    10700   1.4135E+04 # 10700
  151    10800   2.7080E+03 # 10800
  152    10900   1.0372E+04 # 10900
  153    11000   1.8509E+00 # 11000
  154    11001   9.9394E-02 # 11001
  155    11002   4.8007E+01 # 11002
  156    11003   2.1990E+01 # 11003
  157    11300   1.6631E+02 # 11300
  158    11400   6.0312E-01 # 11400
  159    11500   1.7088E+01 # 11500
  160    11600   1.0390E+03 # 11600
  161    11700   1.1903E+04 # 11700
  162    11800   1.6505E+03 # 11800
  163    11900   4.8031E+03 # 11900
  164    12000   4.2721E+01 # 12000
  165    12100   4.2721E+01 # 12100
  166    12200   2.3804E+02 # 12200
  167    12201   7.7778E+00 # 12201
  168    12300   1.1673E+03 # 12300
  169    12301   3.5278E+01 # 12301
  170    12400   5.2866E+02 # 12400
  171    12401   1.7303E+01 # 12401
  172    12500   1.1570E+03 # 12500
  173    12501   3.4701E+01 # 12501
  174    12600   3.6811E+01 # 12600
  175    12700   2.1547E+02 # 12700
  176    12800   1.8872E+01 # 12800
  177    12801   4.1479E-02 # 12801
  178    12900   1.7884E+01 # 12900
  179    13000   1.7884E+01 # 13000
  180    13100   2.5130E+01 # 13100
  181    13200   2.2217E+01 # 13200
  182    13300   1.9993E+01 # 13300
  183    13301   5.1954E+01 # 13301
  184    13400   3.0156E+00 # 13400
  185    13500   8.5442E+00 # 13500
  186    13600   7.5390E+00 # 13600
  187    13700   4.7866E+01 # 13700
  188    13701   1.2671E+00 # 13701
  189    13800   1.9231E+02 # 13800
  190    14000   1.4017E+02 # 14000
     unit =    0            # unit is [Gy/source]
   letmat =    0            # (D=0) mat ID for LET, 0:real mat, <0: electron for H2O
  dedxfnc =    0            # (D=0) user defined multiplier, 0(no), 1, 2
 material =  all            # (D=all) number of specific material
   output =  dose           # total deposit energy
  deposit =    0            # (D=0) 0-> total deposit dist, 1-> each process
     axis =   reg           # axis of output
     file = phits_deposit_MRCP_AM_source_Liver_photon_energy_10.0.out  # file name of output for the above axis
     part =  all      
# kf/name :  0        
   mother =  all            # (D=all) number of specific mother
#    used :        main (  %)        temp (  %)       total (  %)
#  memory :          99 (  0)           0 (  0)          99 (  0)

[ T-Track ]
    title = [t-track] in region mesh
     mesh =  reg            # mesh type is region-wise
      reg = 1400 1500 1700 1800 2000 2100 2300 2500 2700 2900 3000 3200
            3300 3500 3600 3800 4000 4200 4400 4600 4800 5000 5200 5400
            5600
   volume                   # combined, lattice or level structure 
   non     reg      vol     # reg definition
    1     1400   1.1816E+02 # 1400
    2     1500   3.4907E+01 # 1500
    3     1700   4.5888E+01 # 1700
    4     1800   3.8121E+01 # 1800
    5     2000   1.3975E+02 # 2000
    6     2100   2.3442E+01 # 2100
    7     2300   1.0724E+02 # 2300
    8     2500   3.8943E+01 # 2500
    9     2700   3.2796E+02 # 2700
   10     2900   3.6732E+02 # 2900
   11     3000   2.6550E+01 # 3000
   12     3200   3.3693E+02 # 3200
   13     3300   8.3771E+01 # 3300
   14     3500   5.6033E+02 # 3500
   15     3600   8.1361E+01 # 3600
   16     3800   3.9009E+02 # 3800
   17     4000   4.4286E+01 # 4000
   18     4200   5.5278E+02 # 4200
   19     4400   3.9090E+02 # 4400
   20     4600   1.3045E+02 # 4600
   21     4800   7.5229E+01 # 4800
   22     5000   3.2264E+02 # 5000
   23     5200   2.6316E+02 # 5200
   24     5400   1.8608E+02 # 5400
   25     5600   5.9001E+01 # 5600
   e-type =    3            # e-mesh is log given by emin, emax and ne
     emin =  1.0000000E-02  # minimum value of e-mesh points
     emax =   10.00000      # maximum value of e-mesh points
#    edel =  6.9077553E-02  # mesh width of e-mesh points
       ne =    100          # number of e-mesh points
#    data = ( e(i), i = 1, ne + 1 )
#           1.00000E-02  1.07152E-02  1.14815E-02  1.23027E-02  1.31826E-02
#           1.41254E-02  1.51356E-02  1.62181E-02  1.73780E-02  1.86209E-02
#           1.99526E-02  2.13796E-02  2.29087E-02  2.45471E-02  2.63027E-02
#           2.81838E-02  3.01995E-02  3.23594E-02  3.46737E-02  3.71535E-02
#           3.98107E-02  4.26580E-02  4.57088E-02  4.89779E-02  5.24807E-02
#           5.62341E-02  6.02560E-02  6.45654E-02  6.91831E-02  7.41310E-02
#           7.94328E-02  8.51138E-02  9.12011E-02  9.77237E-02  1.04713E-01
#           1.12202E-01  1.20226E-01  1.28825E-01  1.38038E-01  1.47911E-01
#           1.58489E-01  1.69824E-01  1.81970E-01  1.94984E-01  2.08930E-01
#           2.23872E-01  2.39883E-01  2.57040E-01  2.75423E-01  2.95121E-01
#           3.16228E-01  3.38844E-01  3.63078E-01  3.89045E-01  4.16869E-01
#           4.46684E-01  4.78630E-01  5.12861E-01  5.49541E-01  5.88844E-01
#           6.30957E-01  6.76083E-01  7.24436E-01  7.76247E-01  8.31764E-01
#           8.91251E-01  9.54993E-01  1.02329E+00  1.09648E+00  1.17490E+00
#           1.25893E+00  1.34896E+00  1.44544E+00  1.54882E+00  1.65959E+00
#           1.77828E+00  1.90546E+00  2.04174E+00  2.18776E+00  2.34423E+00
#           2.51189E+00  2.69153E+00  2.88403E+00  3.09030E+00  3.31131E+00
#           3.54813E+00  3.80189E+00  4.07380E+00  4.36516E+00  4.67735E+00
#           5.01187E+00  5.37032E+00  5.75440E+00  6.16595E+00  6.60693E+00
#           7.07946E+00  7.58578E+00  8.12831E+00  8.70964E+00  9.33254E+00
#           1.00000E+01
     unit =    1            # unit is [1/cm^2/source]
 material =  all            # (D=all) number of specific material
     axis =     eng            # axis of output
     file = phits_fluence_MRCP_AM_source_Liver_photon_energy_10.0.out  # file name of output for the above axis
     part =  photon   
# kf/name :  22       
#    used :        main (  %)        temp (  %)       total (  %)
#  memory :         131 (  0)           0 (  0)         131 (  0)

[END] of Input Echo <<<========================================================

<<< Report of real Geometry memory >>>
*           GG/CG memory =        2
*     total memory: mdas = 80000000
*                percent =     0.00 %

<<< Report of material memory for high energy>>>
*   high energy material =        1
*     total memory: mdas = 80000000
*                percent =     0.00 %

<<< Report of material memory for low energy>>>
*    low energy material = 14449807
*     total memory: mdas = 80000000
*                percent =    18.06 %

<<< Report of real tally memory >>>
*      real tally memory =      230
*     total memory: mdas = 80000000
*                percent =     0.00 %

<<< Report of temporary tally memory >>>
* temporary tally memory = 14449812
*     total memory: mdas = 80000000
*                percent =    18.06 %

<<< Report of total memory >>>
*      used total memory = 14449813
*     total memory: mdas = 80000000
*                percent =    18.06 %
*                ---------------------

-------------------------------------------------------------------------------
bat[       1] ncas =           1000.
 bitrseed = 0100001010011000001011101100011110011000110110100110010000000000
          cpu time =   7.030 s.

-------------------------------------------------------------------------------
bat[       2] ncas =           2000.
 bitrseed = 0101000011000111010110101100111000100101101011010111101101011101
          cpu time =   4.524 s.

-------------------------------------------------------------------------------
bat[       3] ncas =           3000.
 bitrseed = 0101100011011011110001100101110111100110110100101110100101001100
          cpu time =   4.381 s.

-------------------------------------------------------------------------------
bat[       4] ncas =           4000.
 bitrseed = 0111101111011110101110001110111000001110000010010001000010100001
          cpu time =   4.438 s.

-------------------------------------------------------------------------------
bat[       5] ncas =           5000.
 bitrseed = 1000101001001101001010000000111010011100000001000110000001000000
          cpu time =   4.747 s.

-------------------------------------------------------------------------------
bat[       6] ncas =           6000.
 bitrseed = 1101111111001101100001000101010101010011110110101000101010011110
          cpu time =   4.635 s.

-------------------------------------------------------------------------------
bat[       7] ncas =           7000.
 bitrseed = 1001000011100101101101101011000010001010100000111001111101111011
          cpu time =   4.598 s.

-------------------------------------------------------------------------------
bat[       8] ncas =           8000.
 bitrseed = 1001011010111010111011011110110001001010000110111001011110011110
          cpu time =   5.202 s.

-------------------------------------------------------------------------------
bat[       9] ncas =           9000.
 bitrseed = 1101001111101111111101001001110111010001010011111101010010001001
          cpu time =   4.559 s.

-------------------------------------------------------------------------------
bat[      10] ncas =          10000.
 bitrseed = 1011100001101001100100111110100001000001010100101110010000011100
          cpu time =   5.558 s.

===============================================================================

 Summary for the end of job

-------------------------------------------------------------------------------
 number of analyz call vs ncol
-------------------------------------------------------------------------------
     ncol          number
        1              1.   : start of calculation            
        2              1.   : end of calculation              
        3             10.   : end of a batch                  
        4          10000.   : source                          
        5              0.   : detection of geometry error/warn
        6              0.   : recovery from geometry warning  
        7              0.   : termination by geometry error   
        8              0.   : termination by weight cut-off   
        9              0.   : termination by time cut-off     
       10        2080154.   : geometry boundary crossing      
       11          13403.   : termination by energy cut-off   
       12          11841.   : termination by escape or leakage
       13           3359.   : reaction : (n,x) type           
       14        1115549.   : reaction : (n,n'x) type         
       15              0.   : sequential transport for tally  

-------------------------------------------------------------------------------
 List of transport particles (not including source)
-------------------------------------------------------------------------------
     Name      kf-code        mass       charge   baryon
     positron      -11          0.5         1       0
     photon         22          0.0         0       0

-------------------------------------------------------------------------------
 prod. particles       number        weight        weight per source
-------------------------------------------------------------------------------
     photon             1110.     1.1100000E+03     1.1100000E-01
     positron            555.     5.5500000E+02     5.5500000E-02

-------------------------------------------------------------------------------
 particle decays       number        weight        weight per source
-------------------------------------------------------------------------------
     positron            555.     5.5500000E+02     5.5500000E-02

-------------------------------------------------------------------------------
 stop. particles.    number        weight        weight per source
-------------------------------------------------------------------------------
     electron          32781.     3.2781000E+04     3.2781000E+00
     positron            555.     5.5500000E+02     5.5500000E-02
     photon               11.     1.1000000E+01     1.1000000E-03

-------------------------------------------------------------------------------
 leak. particles       number        weight        weight per source
-------------------------------------------------------------------------------
     photon            11286.     1.1286000E+04     1.1286000E+00
     electron            480.     4.8000000E+02     4.8000000E-02
     positron             75.     7.5000000E+01     7.5000000E-03

-------------------------------------------------------------------------------
 source: maxcas    maxbch      irskip   average weight          total source
-------------------------------------------------------------------------------
        1000          10           0    1.0000000E+00    1.0000000000000E+04

-------------------------------------------------------------------------------
 Geometry error summary
-------------------------------------------------------------------------------
 Number of lost particles     =     0 / nlost =       10
 Number of geometry recovering =     0
 Number of unrecovered errors =     0

-------------------------------------------------------------------------------
 initial random seed:
   bitrseed = 0100001010011000001011101100011110011000110110100110010000000000
 next initial random seed:
   bitrseed = 0111011010010100011001101100101001110100011011011011110011011010

-------------------------------------------------------------------------------
 job termination date : 2026/08/21
                 time :   00:11:32

-------------------------------------------------------------------------------
    CPU time and number of event called in PHITS
-------------------------------------------------------------------------------

                             sec
total cpu time =          229.60


                           count
      analysis =        3234316.  : data processing
         nevap =              0.  : evaporation
        dexgam =              0.  : de-excitation
         nreac =        1118908.  : atomic and nuclear reactions
         dklos =            555.  : particle decay
         hydro =              0.  : nucleon-nucleon scattering
        n-data =              0.  : neutron data library
        h-data =              0.  : p, d, a data library
        p-data =              0.  : photon data library
        e-data =              0.  : electron data library
        p-egs5 =          14771.  : photon interaction with EGS5
        e-egs5 =        1103582.  : electron interaction with EGS5
      e-tsmode =              0.  : electron track structure mode
    ion-tsmode =              0.  : ion track structure mode
     photonucl =              0.  : photo-nuclear reaction
 photonucl lib =              0.  : photo-nuclear reaction with library
       mu-reac =              0.  : muon-induced nuclear reaction
       mu-brem =              0.  : muon-induced bremsstrahlung
       mu-pprd =              0.  : muon-induced pair production
        mu-cap =              0.  : muon capture in nucleus
         elast =              0.  : elastic scattering
         ncasc =              0.  : nuclear reaction model

       bertini =              0.  : Bertini model
        isobar =              0.  : isobar model
           JAM =              0.  : JAM model
           QMD =              0.  : JQMD model
        JAMQMD =              0.  : JAMQMD model
          INCL =              0.  : INCL model
        INCELF =              0.  : INCELF model
     frag data =              0.  : user defined cross section
       SCINFUL =              0.  : SCINFUL mode

>>> Citation Request >>>=======================================================

 This execution uses model(s) that must be explicitly cited in addition to
 the PHITS original document: T.Sato et al., J.Nucl.Sci.Technol.61, 127-135 (2024).
 Please refer the following document(s) in your publication using this result

 The EGS5 code:
    H. Hirayama et al., SLAC-R-730 (2005) and KEK Report 2005-8 (2005)

 The KUROTAMA model:
    K. Iida, A. Kohama, and K. Oyamatsu, J. Phys. Soc. Japan 76, 044201 (2007).

 END 
