[ T-Track ]
    title = [t-track] in region mesh
     mesh =  reg            # mesh type is region-wise
      reg = 1400 1500 1700 1800 2000 2100 2300 2500 2700 2900 3000 3200
            3300 3500 3600 3800 4000 4200 4400 4600 4800 5000 5200 5400
            5600
   volume                   # combined, lattice or level structure 
   non     reg      vol     # reg definition
    1     1400   1.1816E+02 # 1400
    2     1500   3.4907E+01 # 1500
    3     1700   4.5888E+01 # 1700
    4     1800   3.8121E+01 # 1800
    5     2000   1.3975E+02 # 2000
    6     2100   2.3442E+01 # 2100
    7     2300   1.0724E+02 # 2300
    8     2500   3.8943E+01 # 2500
    9     2700   3.2796E+02 # 2700
   10     2900   3.6732E+02 # 2900
   11     3000   2.6550E+01 # 3000
   12     3200   3.3693E+02 # 3200
   13     3300   8.3771E+01 # 3300
   14     3500   5.6033E+02 # 3500
   15     3600   8.1361E+01 # 3600
   16     3800   3.9009E+02 # 3800
   17     4000   4.4286E+01 # 4000
   18     4200   5.5278E+02 # 4200
   19     4400   3.9090E+02 # 4400
   20     4600   1.3045E+02 # 4600
   21     4800   7.5229E+01 # 4800
   22     5000   3.2264E+02 # 5000
   23     5200   2.6316E+02 # 5200
   24     5400   1.8608E+02 # 5400
   25     5600   5.9001E+01 # 5600
   e-type =    3            # e-mesh is log given by emin, emax and ne
     emin =  1.0000000E-02  # minimum value of e-mesh points
     emax =   10.00000      # maximum value of e-mesh points
#    edel =  6.9077553E-02  # mesh width of e-mesh points
       ne =    100          # number of e-mesh points
#    data = ( e(i), i = 1, ne + 1 )
#           1.00000E-02  1.07152E-02  1.14815E-02  1.23027E-02  1.31826E-02
#           1.41254E-02  1.51356E-02  1.62181E-02  1.73780E-02  1.86209E-02
#           1.99526E-02  2.13796E-02  2.29087E-02  2.45471E-02  2.63027E-02
#           2.81838E-02  3.01995E-02  3.23594E-02  3.46737E-02  3.71535E-02
#           3.98107E-02  4.26580E-02  4.57088E-02  4.89779E-02  5.24807E-02
#           5.62341E-02  6.02560E-02  6.45654E-02  6.91831E-02  7.41310E-02
#           7.94328E-02  8.51138E-02  9.12011E-02  9.77237E-02  1.04713E-01
#           1.12202E-01  1.20226E-01  1.28825E-01  1.38038E-01  1.47911E-01
#           1.58489E-01  1.69824E-01  1.81970E-01  1.94984E-01  2.08930E-01
#           2.23872E-01  2.39883E-01  2.57040E-01  2.75423E-01  2.95121E-01
#           3.16228E-01  3.38844E-01  3.63078E-01  3.89045E-01  4.16869E-01
#           4.46684E-01  4.78630E-01  5.12861E-01  5.49541E-01  5.88844E-01
#           6.30957E-01  6.76083E-01  7.24436E-01  7.76247E-01  8.31764E-01
#           8.91251E-01  9.54993E-01  1.02329E+00  1.09648E+00  1.17490E+00
#           1.25893E+00  1.34896E+00  1.44544E+00  1.54882E+00  1.65959E+00
#           1.77828E+00  1.90546E+00  2.04174E+00  2.18776E+00  2.34423E+00
#           2.51189E+00  2.69153E+00  2.88403E+00  3.09030E+00  3.31131E+00
#           3.54813E+00  3.80189E+00  4.07380E+00  4.36516E+00  4.67735E+00
#           5.01187E+00  5.37032E+00  5.75440E+00  6.16595E+00  6.60693E+00
#           7.07946E+00  7.58578E+00  8.12831E+00  8.70964E+00  9.33254E+00
#           1.00000E+01
     unit =    1            # unit is [1/cm^2/source]
 material =  all            # (D=all) number of specific material
     axis =     eng            # axis of output
     file = phits_fluence_MRCP_AM_source_Liver_photon_energy_10.0.out  # file name of output for the above axis
     part =  photon   
# kf/name :  22       
#    used :        main (  %)        temp (  %)       total (  %)
#  memory :         131 (  0)           0 (  0)         131 (  0)

#------------------------------------------------------------------------------
#newpage:
#   no. =  1   reg =   1400

x: Energy [MeV/n]
y: Flux [1/cm^2/source]              
p: xlog ylog afac(0.8) form(0.9)
h: n            x            y(photon  ),hh0l n  
#  e-lower      e-upper        photon    r.err 
   1.0000E-02   1.0715E-02   0.0000E+00  0.0000
   1.0715E-02   1.1482E-02   0.0000E+00  0.0000
   1.1482E-02   1.2303E-02   1.9509E-08  1.0000
   1.2303E-02   1.3183E-02   0.0000E+00  0.0000
   1.3183E-02   1.4125E-02   0.0000E+00  0.0000
   1.4125E-02   1.5136E-02   0.0000E+00  0.0000
   1.5136E-02   1.6218E-02   0.0000E+00  0.0000
   1.6218E-02   1.7378E-02   0.0000E+00  0.0000
   1.7378E-02   1.8621E-02   0.0000E+00  0.0000
   1.8621E-02   1.9953E-02   0.0000E+00  0.0000
   1.9953E-02   2.1380E-02   0.0000E+00  0.0000
   2.1380E-02   2.2909E-02   0.0000E+00  0.0000
   2.2909E-02   2.4547E-02   0.0000E+00  0.0000
   2.4547E-02   2.6303E-02   0.0000E+00  0.0000
   2.6303E-02   2.8184E-02   0.0000E+00  0.0000
   2.8184E-02   3.0200E-02   0.0000E+00  0.0000
   3.0200E-02   3.2359E-02   0.0000E+00  0.0000
   3.2359E-02   3.4674E-02   0.0000E+00  0.0000
   3.4674E-02   3.7154E-02   0.0000E+00  0.0000
   3.7154E-02   3.9811E-02   0.0000E+00  0.0000
   3.9811E-02   4.2658E-02   0.0000E+00  0.0000
   4.2658E-02   4.5709E-02   0.0000E+00  0.0000
   4.5709E-02   4.8978E-02   1.8067E-06  1.0000
   4.8978E-02   5.2481E-02   0.0000E+00  0.0000
   5.2481E-02   5.6234E-02   1.8867E-06  1.0000
   5.6234E-02   6.0256E-02   2.9427E-06  1.0000
   6.0256E-02   6.4565E-02   0.0000E+00  0.0000
   6.4565E-02   6.9183E-02   6.8189E-06  0.7146
   6.9183E-02   7.4131E-02   0.0000E+00  0.0000
   7.4131E-02   7.9433E-02   0.0000E+00  0.0000
   7.9433E-02   8.5114E-02   1.7591E-07  1.0000
   8.5114E-02   9.1201E-02   6.6778E-07  1.0000
   9.1201E-02   9.7724E-02   4.9035E-07  1.0000
   9.7724E-02   1.0471E-01   1.1176E-06  1.0000
   1.0471E-01   1.1220E-01   0.0000E+00  0.0000
   1.1220E-01   1.2023E-01   1.6734E-06  1.0000
   1.2023E-01   1.2882E-01   3.6101E-06  1.0000
   1.2882E-01   1.3804E-01   0.0000E+00  0.0000
   1.3804E-01   1.4791E-01   6.4459E-07  1.0000
   1.4791E-01   1.5849E-01   0.0000E+00  0.0000
   1.5849E-01   1.6982E-01   0.0000E+00  0.0000
   1.6982E-01   1.8197E-01   3.5846E-06  1.0000
   1.8197E-01   1.9498E-01   4.5843E-06  0.8019
   1.9498E-01   2.0893E-01   0.0000E+00  0.0000
   2.0893E-01   2.2387E-01   0.0000E+00  0.0000
   2.2387E-01   2.3988E-01   4.4117E-07  1.0000
   2.3988E-01   2.5704E-01   0.0000E+00  0.0000
   2.5704E-01   2.7542E-01   1.2506E-06  1.0000
   2.7542E-01   2.9512E-01   3.0460E-08  1.0000
   2.9512E-01   3.1623E-01   2.5676E-07  1.0000
   3.1623E-01   3.3884E-01   0.0000E+00  0.0000
   3.3884E-01   3.6308E-01   2.4856E-06  1.0000
   3.6308E-01   3.8905E-01   2.0641E-06  1.0000
   3.8905E-01   4.1687E-01   5.9453E-06  0.5471
   4.1687E-01   4.4668E-01   0.0000E+00  0.0000
   4.4668E-01   4.7863E-01   0.0000E+00  0.0000
   4.7863E-01   5.1286E-01   4.4720E-06  0.5073
   5.1286E-01   5.4954E-01   0.0000E+00  0.0000
   5.4954E-01   5.8884E-01   0.0000E+00  0.0000
   5.8884E-01   6.3096E-01   3.6077E-06  1.0000
   6.3096E-01   6.7608E-01   0.0000E+00  0.0000
   6.7608E-01   7.2444E-01   0.0000E+00  0.0000
   7.2444E-01   7.7625E-01   0.0000E+00  0.0000
   7.7625E-01   8.3176E-01   0.0000E+00  0.0000
   8.3176E-01   8.9125E-01   1.7323E-06  1.0000
   8.9125E-01   9.5499E-01   2.1199E-06  1.0000
   9.5499E-01   1.0233E+00   2.5911E-06  1.0000
   1.0233E+00   1.0965E+00   3.2995E-06  0.7578
   1.0965E+00   1.1749E+00   1.2685E-06  1.0000
   1.1749E+00   1.2589E+00   5.4611E-07  1.0000
   1.2589E+00   1.3490E+00   0.0000E+00  0.0000
   1.3490E+00   1.4454E+00   0.0000E+00  0.0000
   1.4454E+00   1.5488E+00   0.0000E+00  0.0000
   1.5488E+00   1.6596E+00   2.6367E-07  1.0000
   1.6596E+00   1.7783E+00   2.1804E-06  1.0000
   1.7783E+00   1.9055E+00   0.0000E+00  0.0000
   1.9055E+00   2.0417E+00   0.0000E+00  0.0000
   2.0417E+00   2.1878E+00   0.0000E+00  0.0000
   2.1878E+00   2.3442E+00   0.0000E+00  0.0000
   2.3442E+00   2.5119E+00   2.6297E-06  1.0000
   2.5119E+00   2.6915E+00   0.0000E+00  0.0000
   2.6915E+00   2.8840E+00   5.5278E-06  0.7099
   2.8840E+00   3.0903E+00   0.0000E+00  0.0000
   3.0903E+00   3.3113E+00   0.0000E+00  0.0000
   3.3113E+00   3.5481E+00   0.0000E+00  0.0000
   3.5481E+00   3.8019E+00   0.0000E+00  0.0000
   3.8019E+00   4.0738E+00   0.0000E+00  0.0000
   4.0738E+00   4.3652E+00   0.0000E+00  0.0000
   4.3652E+00   4.6774E+00   2.1764E-06  1.0000
   4.6774E+00   5.0119E+00   0.0000E+00  0.0000
   5.0119E+00   5.3703E+00   3.6951E-06  1.0000
   5.3703E+00   5.7544E+00   0.0000E+00  0.0000
   5.7544E+00   6.1660E+00   0.0000E+00  0.0000
   6.1660E+00   6.6069E+00   0.0000E+00  0.0000
   6.6069E+00   7.0795E+00   0.0000E+00  0.0000
   7.0795E+00   7.5858E+00   0.0000E+00  0.0000
   7.5858E+00   8.1283E+00   0.0000E+00  0.0000
   8.1283E+00   8.7096E+00   0.0000E+00  0.0000
   8.7096E+00   9.3325E+00   0.0000E+00  0.0000
   9.3325E+00   1.0000E+01   0.0000E+00  0.0000

#   sum over                 7.8607E-05  0.2277

'no. =  1,  reg  =   1400'
msuc: {\huge [t-track] in region mesh}
msdr: {\it plotted by \ANGEL \version}
msdl: {\it calculated by \PHITS  3.36}
wt: s(0.7)
\vspace{-3}
   vol  &=&   1.1816E+02 [cm^3]
e:

#------------------------------------------------------------------------------
 newpage:
#   no. =  2   reg =   1500

x: Energy [MeV/n]
y: Flux [1/cm^2/source]              
p: xlog ylog afac(0.8) form(0.9)
h: n            x            y(photon  ),hh0l n  
#  e-lower      e-upper        photon    r.err 
   1.0000E-02   1.0715E-02   0.0000E+00  0.0000
   1.0715E-02   1.1482E-02   0.0000E+00  0.0000
   1.1482E-02   1.2303E-02   0.0000E+00  0.0000
   1.2303E-02   1.3183E-02   0.0000E+00  0.0000
   1.3183E-02   1.4125E-02   0.0000E+00  0.0000
   1.4125E-02   1.5136E-02   0.0000E+00  0.0000
   1.5136E-02   1.6218E-02   0.0000E+00  0.0000
   1.6218E-02   1.7378E-02   0.0000E+00  0.0000
   1.7378E-02   1.8621E-02   0.0000E+00  0.0000
   1.8621E-02   1.9953E-02   0.0000E+00  0.0000
   1.9953E-02   2.1380E-02   0.0000E+00  0.0000
   2.1380E-02   2.2909E-02   0.0000E+00  0.0000
   2.2909E-02   2.4547E-02   0.0000E+00  0.0000
   2.4547E-02   2.6303E-02   0.0000E+00  0.0000
   2.6303E-02   2.8184E-02   0.0000E+00  0.0000
   2.8184E-02   3.0200E-02   0.0000E+00  0.0000
   3.0200E-02   3.2359E-02   0.0000E+00  0.0000
   3.2359E-02   3.4674E-02   0.0000E+00  0.0000
   3.4674E-02   3.7154E-02   0.0000E+00  0.0000
   3.7154E-02   3.9811E-02   0.0000E+00  0.0000
   3.9811E-02   4.2658E-02   0.0000E+00  0.0000
   4.2658E-02   4.5709E-02   0.0000E+00  0.0000
   4.5709E-02   4.8978E-02   0.0000E+00  0.0000
   4.8978E-02   5.2481E-02   0.0000E+00  0.0000
   5.2481E-02   5.6234E-02   0.0000E+00  0.0000
   5.6234E-02   6.0256E-02   0.0000E+00  0.0000
   6.0256E-02   6.4565E-02   9.0479E-06  0.7858
   6.4565E-02   6.9183E-02   3.6590E-06  1.0000
   6.9183E-02   7.4131E-02   0.0000E+00  0.0000
   7.4131E-02   7.9433E-02   9.9400E-06  0.7148
   7.9433E-02   8.5114E-02   0.0000E+00  0.0000
   8.5114E-02   9.1201E-02   3.8494E-06  0.8307
   9.1201E-02   9.7724E-02   0.0000E+00  0.0000
   9.7724E-02   1.0471E-01   0.0000E+00  0.0000
   1.0471E-01   1.1220E-01   4.1071E-06  1.0000
   1.1220E-01   1.2023E-01   0.0000E+00  0.0000
   1.2023E-01   1.2882E-01   3.6136E-07  1.0000
   1.2882E-01   1.3804E-01   3.3387E-06  1.0000
   1.3804E-01   1.4791E-01   6.4704E-06  1.0000
   1.4791E-01   1.5849E-01   0.0000E+00  0.0000
   1.5849E-01   1.6982E-01   0.0000E+00  0.0000
   1.6982E-01   1.8197E-01   3.1781E-06  1.0000
   1.8197E-01   1.9498E-01   0.0000E+00  0.0000
   1.9498E-01   2.0893E-01   0.0000E+00  0.0000
   2.0893E-01   2.2387E-01   0.0000E+00  0.0000
   2.2387E-01   2.3988E-01   0.0000E+00  0.0000
   2.3988E-01   2.5704E-01   0.0000E+00  0.0000
   2.5704E-01   2.7542E-01   9.3260E-06  1.0000
   2.7542E-01   2.9512E-01   0.0000E+00  0.0000
   2.9512E-01   3.1623E-01   3.9580E-06  1.0000
   3.1623E-01   3.3884E-01   1.7254E-06  1.0000
   3.3884E-01   3.6308E-01   1.7137E-06  1.0000
   3.6308E-01   3.8905E-01   0.0000E+00  0.0000
   3.8905E-01   4.1687E-01   0.0000E+00  0.0000
   4.1687E-01   4.4668E-01   0.0000E+00  0.0000
   4.4668E-01   4.7863E-01   0.0000E+00  0.0000
   4.7863E-01   5.1286E-01   3.6366E-06  1.0000
   5.1286E-01   5.4954E-01   0.0000E+00  0.0000
   5.4954E-01   5.8884E-01   2.8098E-06  1.0000
   5.8884E-01   6.3096E-01   5.3853E-06  1.0000
   6.3096E-01   6.7608E-01   0.0000E+00  0.0000
   6.7608E-01   7.2444E-01   2.3882E-06  1.0000
   7.2444E-01   7.7625E-01   2.8277E-06  0.9532
   7.7625E-01   8.3176E-01   0.0000E+00  0.0000
   8.3176E-01   8.9125E-01   4.0046E-06  1.0000
   8.9125E-01   9.5499E-01   0.0000E+00  0.0000
   9.5499E-01   1.0233E+00   0.0000E+00  0.0000
   1.0233E+00   1.0965E+00   0.0000E+00  0.0000
   1.0965E+00   1.1749E+00   0.0000E+00  0.0000
   1.1749E+00   1.2589E+00   0.0000E+00  0.0000
   1.2589E+00   1.3490E+00   0.0000E+00  0.0000
   1.3490E+00   1.4454E+00   0.0000E+00  0.0000
   1.4454E+00   1.5488E+00   0.0000E+00  0.0000
   1.5488E+00   1.6596E+00   5.0345E-06  1.0000
   1.6596E+00   1.7783E+00   0.0000E+00  0.0000
   1.7783E+00   1.9055E+00   0.0000E+00  0.0000
   1.9055E+00   2.0417E+00   0.0000E+00  0.0000
   2.0417E+00   2.1878E+00   0.0000E+00  0.0000
   2.1878E+00   2.3442E+00   0.0000E+00  0.0000
   2.3442E+00   2.5119E+00   0.0000E+00  0.0000
   2.5119E+00   2.6915E+00   0.0000E+00  0.0000
   2.6915E+00   2.8840E+00   0.0000E+00  0.0000
   2.8840E+00   3.0903E+00   0.0000E+00  0.0000
   3.0903E+00   3.3113E+00   0.0000E+00  0.0000
   3.3113E+00   3.5481E+00   0.0000E+00  0.0000
   3.5481E+00   3.8019E+00   0.0000E+00  0.0000
   3.8019E+00   4.0738E+00   4.1428E-06  1.0000
   4.0738E+00   4.3652E+00   1.6229E-06  1.0000
   4.3652E+00   4.6774E+00   2.0587E-06  1.0000
   4.6774E+00   5.0119E+00   0.0000E+00  0.0000
   5.0119E+00   5.3703E+00   0.0000E+00  0.0000
   5.3703E+00   5.7544E+00   4.3162E-06  1.0000
   5.7544E+00   6.1660E+00   0.0000E+00  0.0000
   6.1660E+00   6.6069E+00   0.0000E+00  0.0000
   6.6069E+00   7.0795E+00   1.8136E-06  1.0000
   7.0795E+00   7.5858E+00   0.0000E+00  0.0000
   7.5858E+00   8.1283E+00   5.0713E-06  1.0000
   8.1283E+00   8.7096E+00   0.0000E+00  0.0000
   8.7096E+00   9.3325E+00   0.0000E+00  0.0000
   9.3325E+00   1.0000E+01   5.3331E-06  1.0000

#   sum over                 1.1112E-04  0.2309

'no. =  2,  reg  =   1500'
msuc: {\huge [t-track] in region mesh}
msdr: {\it plotted by \ANGEL \version}
msdl: {\it calculated by \PHITS  3.36}
wt: s(0.7)
\vspace{-3}
   vol  &=&   3.4907E+01 [cm^3]
e:

#------------------------------------------------------------------------------
 newpage:
#   no. =  3   reg =   1700

x: Energy [MeV/n]
y: Flux [1/cm^2/source]              
p: xlog ylog afac(0.8) form(0.9)
h: n            x            y(photon  ),hh0l n  
#  e-lower      e-upper        photon    r.err 
   1.0000E-02   1.0715E-02   0.0000E+00  0.0000
   1.0715E-02   1.1482E-02   0.0000E+00  0.0000
   1.1482E-02   1.2303E-02   0.0000E+00  0.0000
   1.2303E-02   1.3183E-02   0.0000E+00  0.0000
   1.3183E-02   1.4125E-02   0.0000E+00  0.0000
   1.4125E-02   1.5136E-02   0.0000E+00  0.0000
   1.5136E-02   1.6218E-02   0.0000E+00  0.0000
   1.6218E-02   1.7378E-02   0.0000E+00  0.0000
   1.7378E-02   1.8621E-02   0.0000E+00  0.0000
   1.8621E-02   1.9953E-02   0.0000E+00  0.0000
   1.9953E-02   2.1380E-02   0.0000E+00  0.0000
   2.1380E-02   2.2909E-02   0.0000E+00  0.0000
   2.2909E-02   2.4547E-02   0.0000E+00  0.0000
   2.4547E-02   2.6303E-02   0.0000E+00  0.0000
   2.6303E-02   2.8184E-02   0.0000E+00  0.0000
   2.8184E-02   3.0200E-02   0.0000E+00  0.0000
   3.0200E-02   3.2359E-02   0.0000E+00  0.0000
   3.2359E-02   3.4674E-02   0.0000E+00  0.0000
   3.4674E-02   3.7154E-02   0.0000E+00  0.0000
   3.7154E-02   3.9811E-02   0.0000E+00  0.0000
   3.9811E-02   4.2658E-02   0.0000E+00  0.0000
   4.2658E-02   4.5709E-02   0.0000E+00  0.0000
   4.5709E-02   4.8978E-02   0.0000E+00  0.0000
   4.8978E-02   5.2481E-02   0.0000E+00  0.0000
   5.2481E-02   5.6234E-02   0.0000E+00  0.0000
   5.6234E-02   6.0256E-02   0.0000E+00  0.0000
   6.0256E-02   6.4565E-02   0.0000E+00  0.0000
   6.4565E-02   6.9183E-02   0.0000E+00  0.0000
   6.9183E-02   7.4131E-02   8.9897E-06  0.7074
   7.4131E-02   7.9433E-02   0.0000E+00  0.0000
   7.9433E-02   8.5114E-02   7.0752E-06  0.5960
   8.5114E-02   9.1201E-02   0.0000E+00  0.0000
   9.1201E-02   9.7724E-02   0.0000E+00  0.0000
   9.7724E-02   1.0471E-01   7.3283E-06  0.7198
   1.0471E-01   1.1220E-01   0.0000E+00  0.0000
   1.1220E-01   1.2023E-01   2.0909E-06  1.0000
   1.2023E-01   1.2882E-01   0.0000E+00  0.0000
   1.2882E-01   1.3804E-01   0.0000E+00  0.0000
   1.3804E-01   1.4791E-01   0.0000E+00  0.0000
   1.4791E-01   1.5849E-01   2.0343E-06  1.0000
   1.5849E-01   1.6982E-01   3.1633E-07  1.0000
   1.6982E-01   1.8197E-01   0.0000E+00  0.0000
   1.8197E-01   1.9498E-01   0.0000E+00  0.0000
   1.9498E-01   2.0893E-01   0.0000E+00  0.0000
   2.0893E-01   2.2387E-01   4.0241E-06  1.0000
   2.2387E-01   2.3988E-01   5.0805E-08  1.0000
   2.3988E-01   2.5704E-01   9.0165E-07  1.0000
   2.5704E-01   2.7542E-01   3.9278E-06  1.0000
   2.7542E-01   2.9512E-01   0.0000E+00  0.0000
   2.9512E-01   3.1623E-01   9.5941E-07  1.0000
   3.1623E-01   3.3884E-01   3.2580E-06  1.0000
   3.3884E-01   3.6308E-01   0.0000E+00  0.0000
   3.6308E-01   3.8905E-01   0.0000E+00  0.0000
   3.8905E-01   4.1687E-01   0.0000E+00  0.0000
   4.1687E-01   4.4668E-01   0.0000E+00  0.0000
   4.4668E-01   4.7863E-01   0.0000E+00  0.0000
   4.7863E-01   5.1286E-01   1.6158E-05  0.6549
   5.1286E-01   5.4954E-01   2.3060E-06  1.0000
   5.4954E-01   5.8884E-01   0.0000E+00  0.0000
   5.8884E-01   6.3096E-01   6.6416E-06  0.7273
   6.3096E-01   6.7608E-01   0.0000E+00  0.0000
   6.7608E-01   7.2444E-01   0.0000E+00  0.0000
   7.2444E-01   7.7625E-01   2.9338E-06  1.0000
   7.7625E-01   8.3176E-01   0.0000E+00  0.0000
   8.3176E-01   8.9125E-01   0.0000E+00  0.0000
   8.9125E-01   9.5499E-01   0.0000E+00  0.0000
   9.5499E-01   1.0233E+00   4.2157E-06  1.0000
   1.0233E+00   1.0965E+00   3.9211E-06  1.0000
   1.0965E+00   1.1749E+00   0.0000E+00  0.0000
   1.1749E+00   1.2589E+00   4.0211E-06  1.0000
   1.2589E+00   1.3490E+00   0.0000E+00  0.0000
   1.3490E+00   1.4454E+00   0.0000E+00  0.0000
   1.4454E+00   1.5488E+00   0.0000E+00  0.0000
   1.5488E+00   1.6596E+00   0.0000E+00  0.0000
   1.6596E+00   1.7783E+00   0.0000E+00  0.0000
   1.7783E+00   1.9055E+00   0.0000E+00  0.0000
   1.9055E+00   2.0417E+00   0.0000E+00  0.0000
   2.0417E+00   2.1878E+00   4.0440E-06  1.0000
   2.1878E+00   2.3442E+00   4.9340E-06  0.7361
   2.3442E+00   2.5119E+00   0.0000E+00  0.0000
   2.5119E+00   2.6915E+00   0.0000E+00  0.0000
   2.6915E+00   2.8840E+00   0.0000E+00  0.0000
   2.8840E+00   3.0903E+00   0.0000E+00  0.0000
   3.0903E+00   3.3113E+00   0.0000E+00  0.0000
   3.3113E+00   3.5481E+00   0.0000E+00  0.0000
   3.5481E+00   3.8019E+00   0.0000E+00  0.0000
   3.8019E+00   4.0738E+00   0.0000E+00  0.0000
   4.0738E+00   4.3652E+00   0.0000E+00  0.0000
   4.3652E+00   4.6774E+00   0.0000E+00  0.0000
   4.6774E+00   5.0119E+00   0.0000E+00  0.0000
   5.0119E+00   5.3703E+00   3.8862E-06  1.0000
   5.3703E+00   5.7544E+00   0.0000E+00  0.0000
   5.7544E+00   6.1660E+00   0.0000E+00  0.0000
   6.1660E+00   6.6069E+00   0.0000E+00  0.0000
   6.6069E+00   7.0795E+00   0.0000E+00  0.0000
   7.0795E+00   7.5858E+00   1.2789E-06  1.0000
   7.5858E+00   8.1283E+00   0.0000E+00  0.0000
   8.1283E+00   8.7096E+00   0.0000E+00  0.0000
   8.7096E+00   9.3325E+00   0.0000E+00  0.0000
   9.3325E+00   1.0000E+01   6.0823E-06  1.0000

#   sum over                 1.0138E-04  0.2136

'no. =  3,  reg  =   1700'
msuc: {\huge [t-track] in region mesh}
msdr: {\it plotted by \ANGEL \version}
msdl: {\it calculated by \PHITS  3.36}
wt: s(0.7)
\vspace{-3}
   vol  &=&   4.5888E+01 [cm^3]
e:

#------------------------------------------------------------------------------
 newpage:
#   no. =  4   reg =   1800

x: Energy [MeV/n]
y: Flux [1/cm^2/source]              
p: xlog ylog afac(0.8) form(0.9)
h: n            x            y(photon  ),hh0l n  
#  e-lower      e-upper        photon    r.err 
   1.0000E-02   1.0715E-02   0.0000E+00  0.0000
   1.0715E-02   1.1482E-02   0.0000E+00  0.0000
   1.1482E-02   1.2303E-02   0.0000E+00  0.0000
   1.2303E-02   1.3183E-02   0.0000E+00  0.0000
   1.3183E-02   1.4125E-02   0.0000E+00  0.0000
   1.4125E-02   1.5136E-02   0.0000E+00  0.0000
   1.5136E-02   1.6218E-02   0.0000E+00  0.0000
   1.6218E-02   1.7378E-02   0.0000E+00  0.0000
   1.7378E-02   1.8621E-02   0.0000E+00  0.0000
   1.8621E-02   1.9953E-02   0.0000E+00  0.0000
   1.9953E-02   2.1380E-02   0.0000E+00  0.0000
   2.1380E-02   2.2909E-02   0.0000E+00  0.0000
   2.2909E-02   2.4547E-02   0.0000E+00  0.0000
   2.4547E-02   2.6303E-02   0.0000E+00  0.0000
   2.6303E-02   2.8184E-02   0.0000E+00  0.0000
   2.8184E-02   3.0200E-02   0.0000E+00  0.0000
   3.0200E-02   3.2359E-02   2.8229E-06  1.0000
   3.2359E-02   3.4674E-02   0.0000E+00  0.0000
   3.4674E-02   3.7154E-02   0.0000E+00  0.0000
   3.7154E-02   3.9811E-02   0.0000E+00  0.0000
   3.9811E-02   4.2658E-02   0.0000E+00  0.0000
   4.2658E-02   4.5709E-02   0.0000E+00  0.0000
   4.5709E-02   4.8978E-02   0.0000E+00  0.0000
   4.8978E-02   5.2481E-02   0.0000E+00  0.0000
   5.2481E-02   5.6234E-02   0.0000E+00  0.0000
   5.6234E-02   6.0256E-02   4.4813E-06  1.0000
   6.0256E-02   6.4565E-02   2.9894E-06  1.0000
   6.4565E-02   6.9183E-02   1.5724E-06  1.0000
   6.9183E-02   7.4131E-02   3.7802E-06  1.0000
   7.4131E-02   7.9433E-02   2.1484E-06  1.0000
   7.9433E-02   8.5114E-02   0.0000E+00  0.0000
   8.5114E-02   9.1201E-02   3.1064E-06  0.7093
   9.1201E-02   9.7724E-02   4.6935E-06  0.8101
   9.7724E-02   1.0471E-01   0.0000E+00  0.0000
   1.0471E-01   1.1220E-01   0.0000E+00  0.0000
   1.1220E-01   1.2023E-01   6.1262E-06  1.0000
   1.2023E-01   1.2882E-01   3.3901E-06  1.0000
   1.2882E-01   1.3804E-01   0.0000E+00  0.0000
   1.3804E-01   1.4791E-01   0.0000E+00  0.0000
   1.4791E-01   1.5849E-01   1.0567E-06  1.0000
   1.5849E-01   1.6982E-01   0.0000E+00  0.0000
   1.6982E-01   1.8197E-01   4.9681E-06  0.9400
   1.8197E-01   1.9498E-01   4.2546E-06  1.0000
   1.9498E-01   2.0893E-01   0.0000E+00  0.0000
   2.0893E-01   2.2387E-01   0.0000E+00  0.0000
   2.2387E-01   2.3988E-01   4.1327E-06  1.0000
   2.3988E-01   2.5704E-01   0.0000E+00  0.0000
   2.5704E-01   2.7542E-01   0.0000E+00  0.0000
   2.7542E-01   2.9512E-01   0.0000E+00  0.0000
   2.9512E-01   3.1623E-01   4.6079E-06  1.0000
   3.1623E-01   3.3884E-01   0.0000E+00  0.0000
   3.3884E-01   3.6308E-01   6.4556E-06  0.7395
   3.6308E-01   3.8905E-01   0.0000E+00  0.0000
   3.8905E-01   4.1687E-01   8.7141E-06  0.7071
   4.1687E-01   4.4668E-01   0.0000E+00  0.0000
   4.4668E-01   4.7863E-01   0.0000E+00  0.0000
   4.7863E-01   5.1286E-01   8.6133E-06  1.0000
   5.1286E-01   5.4954E-01   0.0000E+00  0.0000
   5.4954E-01   5.8884E-01   1.0664E-05  0.5850
   5.8884E-01   6.3096E-01   0.0000E+00  0.0000
   6.3096E-01   6.7608E-01   0.0000E+00  0.0000
   6.7608E-01   7.2444E-01   5.4354E-07  1.0000
   7.2444E-01   7.7625E-01   4.6034E-06  1.0000
   7.7625E-01   8.3176E-01   0.0000E+00  0.0000
   8.3176E-01   8.9125E-01   0.0000E+00  0.0000
   8.9125E-01   9.5499E-01   4.5996E-06  1.0000
   9.5499E-01   1.0233E+00   0.0000E+00  0.0000
   1.0233E+00   1.0965E+00   0.0000E+00  0.0000
   1.0965E+00   1.1749E+00   0.0000E+00  0.0000
   1.1749E+00   1.2589E+00   2.6889E-06  1.0000
   1.2589E+00   1.3490E+00   0.0000E+00  0.0000
   1.3490E+00   1.4454E+00   0.0000E+00  0.0000
   1.4454E+00   1.5488E+00   1.2558E-06  1.0000
   1.5488E+00   1.6596E+00   0.0000E+00  0.0000
   1.6596E+00   1.7783E+00   1.2736E-06  1.0000
   1.7783E+00   1.9055E+00   0.0000E+00  0.0000
   1.9055E+00   2.0417E+00   0.0000E+00  0.0000
   2.0417E+00   2.1878E+00   0.0000E+00  0.0000
   2.1878E+00   2.3442E+00   0.0000E+00  0.0000
   2.3442E+00   2.5119E+00   0.0000E+00  0.0000
   2.5119E+00   2.6915E+00   0.0000E+00  0.0000
   2.6915E+00   2.8840E+00   4.1082E-06  1.0000
   2.8840E+00   3.0903E+00   0.0000E+00  0.0000
   3.0903E+00   3.3113E+00   0.0000E+00  0.0000
   3.3113E+00   3.5481E+00   0.0000E+00  0.0000
   3.5481E+00   3.8019E+00   4.0682E-06  1.0000
   3.8019E+00   4.0738E+00   0.0000E+00  0.0000
   4.0738E+00   4.3652E+00   0.0000E+00  0.0000
   4.3652E+00   4.6774E+00   4.0681E-06  1.0000
   4.6774E+00   5.0119E+00   0.0000E+00  0.0000
   5.0119E+00   5.3703E+00   3.0560E-06  1.0000
   5.3703E+00   5.7544E+00   0.0000E+00  0.0000
   5.7544E+00   6.1660E+00   4.1571E-06  1.0000
   6.1660E+00   6.6069E+00   0.0000E+00  0.0000
   6.6069E+00   7.0795E+00   0.0000E+00  0.0000
   7.0795E+00   7.5858E+00   2.3113E-06  1.0000
   7.5858E+00   8.1283E+00   0.0000E+00  0.0000
   8.1283E+00   8.7096E+00   4.7144E-06  0.8172
   8.7096E+00   9.3325E+00   8.2960E-07  1.0000
   9.3325E+00   1.0000E+01   8.4888E-06  0.6610

#   sum over                 1.3934E-04  0.2069

'no. =  4,  reg  =   1800'
msuc: {\huge [t-track] in region mesh}
msdr: {\it plotted by \ANGEL \version}
msdl: {\it calculated by \PHITS  3.36}
wt: s(0.7)
\vspace{-3}
   vol  &=&   3.8121E+01 [cm^3]
e:

#------------------------------------------------------------------------------
 newpage:
#   no. =  5   reg =   2000

x: Energy [MeV/n]
y: Flux [1/cm^2/source]              
p: xlog ylog afac(0.8) form(0.9)
h: n            x            y(photon  ),hh0l n  
#  e-lower      e-upper        photon    r.err 
   1.0000E-02   1.0715E-02   0.0000E+00  0.0000
   1.0715E-02   1.1482E-02   0.0000E+00  0.0000
   1.1482E-02   1.2303E-02   0.0000E+00  0.0000
   1.2303E-02   1.3183E-02   0.0000E+00  0.0000
   1.3183E-02   1.4125E-02   0.0000E+00  0.0000
   1.4125E-02   1.5136E-02   0.0000E+00  0.0000
   1.5136E-02   1.6218E-02   0.0000E+00  0.0000
   1.6218E-02   1.7378E-02   0.0000E+00  0.0000
   1.7378E-02   1.8621E-02   0.0000E+00  0.0000
   1.8621E-02   1.9953E-02   0.0000E+00  0.0000
   1.9953E-02   2.1380E-02   0.0000E+00  0.0000
   2.1380E-02   2.2909E-02   0.0000E+00  0.0000
   2.2909E-02   2.4547E-02   0.0000E+00  0.0000
   2.4547E-02   2.6303E-02   0.0000E+00  0.0000
   2.6303E-02   2.8184E-02   0.0000E+00  0.0000
   2.8184E-02   3.0200E-02   0.0000E+00  0.0000
   3.0200E-02   3.2359E-02   0.0000E+00  0.0000
   3.2359E-02   3.4674E-02   0.0000E+00  0.0000
   3.4674E-02   3.7154E-02   0.0000E+00  0.0000
   3.7154E-02   3.9811E-02   1.0103E-06  1.0000
   3.9811E-02   4.2658E-02   0.0000E+00  0.0000
   4.2658E-02   4.5709E-02   1.2148E-06  1.0000
   4.5709E-02   4.8978E-02   0.0000E+00  0.0000
   4.8978E-02   5.2481E-02   0.0000E+00  0.0000
   5.2481E-02   5.6234E-02   0.0000E+00  0.0000
   5.6234E-02   6.0256E-02   1.3704E-06  1.0000
   6.0256E-02   6.4565E-02   0.0000E+00  0.0000
   6.4565E-02   6.9183E-02   0.0000E+00  0.0000
   6.9183E-02   7.4131E-02   1.8506E-06  1.0000
   7.4131E-02   7.9433E-02   0.0000E+00  0.0000
   7.9433E-02   8.5114E-02   0.0000E+00  0.0000
   8.5114E-02   9.1201E-02   0.0000E+00  0.0000
   9.1201E-02   9.7724E-02   1.4279E-06  1.0000
   9.7724E-02   1.0471E-01   0.0000E+00  0.0000
   1.0471E-01   1.1220E-01   0.0000E+00  0.0000
   1.1220E-01   1.2023E-01   6.6152E-07  1.0000
   1.2023E-01   1.2882E-01   1.1871E-06  0.7084
   1.2882E-01   1.3804E-01   0.0000E+00  0.0000
   1.3804E-01   1.4791E-01   0.0000E+00  0.0000
   1.4791E-01   1.5849E-01   2.5463E-06  1.0000
   1.5849E-01   1.6982E-01   3.5736E-06  0.7254
   1.6982E-01   1.8197E-01   2.1467E-06  0.7977
   1.8197E-01   1.9498E-01   0.0000E+00  0.0000
   1.9498E-01   2.0893E-01   1.4810E-07  1.0000
   2.0893E-01   2.2387E-01   1.3737E-06  1.0000
   2.2387E-01   2.3988E-01   2.0551E-06  1.0000
   2.3988E-01   2.5704E-01   9.3106E-07  1.0000
   2.5704E-01   2.7542E-01   1.3849E-06  0.9089
   2.7542E-01   2.9512E-01   2.8233E-06  0.7799
   2.9512E-01   3.1623E-01   1.5658E-06  0.7124
   3.1623E-01   3.3884E-01   4.4738E-09  1.0000
   3.3884E-01   3.6308E-01   2.1207E-08  1.0000
   3.6308E-01   3.8905E-01   0.0000E+00  0.0000
   3.8905E-01   4.1687E-01   2.7546E-06  0.7596
   4.1687E-01   4.4668E-01   3.8003E-06  0.9338
   4.4668E-01   4.7863E-01   0.0000E+00  0.0000
   4.7863E-01   5.1286E-01   7.8570E-06  0.4534
   5.1286E-01   5.4954E-01   0.0000E+00  0.0000
   5.4954E-01   5.8884E-01   0.0000E+00  0.0000
   5.8884E-01   6.3096E-01   0.0000E+00  0.0000
   6.3096E-01   6.7608E-01   6.8088E-08  1.0000
   6.7608E-01   7.2444E-01   7.9831E-07  1.0000
   7.2444E-01   7.7625E-01   3.2461E-06  1.0000
   7.7625E-01   8.3176E-01   1.7550E-06  1.0000
   8.3176E-01   8.9125E-01   2.5203E-06  1.0000
   8.9125E-01   9.5499E-01   0.0000E+00  0.0000
   9.5499E-01   1.0233E+00   0.0000E+00  0.0000
   1.0233E+00   1.0965E+00   0.0000E+00  0.0000
   1.0965E+00   1.1749E+00   0.0000E+00  0.0000
   1.1749E+00   1.2589E+00   0.0000E+00  0.0000
   1.2589E+00   1.3490E+00   0.0000E+00  0.0000
   1.3490E+00   1.4454E+00   9.9671E-07  1.0000
   1.4454E+00   1.5488E+00   0.0000E+00  0.0000
   1.5488E+00   1.6596E+00   3.6154E-06  1.0000
   1.6596E+00   1.7783E+00   0.0000E+00  0.0000
   1.7783E+00   1.9055E+00   0.0000E+00  0.0000
   1.9055E+00   2.0417E+00   0.0000E+00  0.0000
   2.0417E+00   2.1878E+00   0.0000E+00  0.0000
   2.1878E+00   2.3442E+00   0.0000E+00  0.0000
   2.3442E+00   2.5119E+00   0.0000E+00  0.0000
   2.5119E+00   2.6915E+00   0.0000E+00  0.0000
   2.6915E+00   2.8840E+00   1.3836E-06  0.8929
   2.8840E+00   3.0903E+00   0.0000E+00  0.0000
   3.0903E+00   3.3113E+00   0.0000E+00  0.0000
   3.3113E+00   3.5481E+00   0.0000E+00  0.0000
   3.5481E+00   3.8019E+00   0.0000E+00  0.0000
   3.8019E+00   4.0738E+00   0.0000E+00  0.0000
   4.0738E+00   4.3652E+00   0.0000E+00  0.0000
   4.3652E+00   4.6774E+00   0.0000E+00  0.0000
   4.6774E+00   5.0119E+00   0.0000E+00  0.0000
   5.0119E+00   5.3703E+00   0.0000E+00  0.0000
   5.3703E+00   5.7544E+00   0.0000E+00  0.0000
   5.7544E+00   6.1660E+00   0.0000E+00  0.0000
   6.1660E+00   6.6069E+00   5.1136E-07  1.0000
   6.6069E+00   7.0795E+00   6.4618E-07  1.0000
   7.0795E+00   7.5858E+00   0.0000E+00  0.0000
   7.5858E+00   8.1283E+00   0.0000E+00  0.0000
   8.1283E+00   8.7096E+00   0.0000E+00  0.0000
   8.7096E+00   9.3325E+00   2.9875E-06  1.0000
   9.3325E+00   1.0000E+01   3.6622E-06  1.0000

#   sum over                 6.3900E-05  0.1935

'no. =  5,  reg  =   2000'
msuc: {\huge [t-track] in region mesh}
msdr: {\it plotted by \ANGEL \version}
msdl: {\it calculated by \PHITS  3.36}
wt: s(0.7)
\vspace{-3}
   vol  &=&   1.3975E+02 [cm^3]
e:

#------------------------------------------------------------------------------
 newpage:
#   no. =  6   reg =   2100

x: Energy [MeV/n]
y: Flux [1/cm^2/source]              
p: xlog ylog afac(0.8) form(0.9)
h: n            x            y(photon  ),hh0l n  
#  e-lower      e-upper        photon    r.err 
   1.0000E-02   1.0715E-02   0.0000E+00  0.0000
   1.0715E-02   1.1482E-02   0.0000E+00  0.0000
   1.1482E-02   1.2303E-02   0.0000E+00  0.0000
   1.2303E-02   1.3183E-02   0.0000E+00  0.0000
   1.3183E-02   1.4125E-02   0.0000E+00  0.0000
   1.4125E-02   1.5136E-02   0.0000E+00  0.0000
   1.5136E-02   1.6218E-02   0.0000E+00  0.0000
   1.6218E-02   1.7378E-02   0.0000E+00  0.0000
   1.7378E-02   1.8621E-02   0.0000E+00  0.0000
   1.8621E-02   1.9953E-02   0.0000E+00  0.0000
   1.9953E-02   2.1380E-02   0.0000E+00  0.0000
   2.1380E-02   2.2909E-02   0.0000E+00  0.0000
   2.2909E-02   2.4547E-02   0.0000E+00  0.0000
   2.4547E-02   2.6303E-02   0.0000E+00  0.0000
   2.6303E-02   2.8184E-02   0.0000E+00  0.0000
   2.8184E-02   3.0200E-02   0.0000E+00  0.0000
   3.0200E-02   3.2359E-02   0.0000E+00  0.0000
   3.2359E-02   3.4674E-02   0.0000E+00  0.0000
   3.4674E-02   3.7154E-02   0.0000E+00  0.0000
   3.7154E-02   3.9811E-02   0.0000E+00  0.0000
   3.9811E-02   4.2658E-02   0.0000E+00  0.0000
   4.2658E-02   4.5709E-02   0.0000E+00  0.0000
   4.5709E-02   4.8978E-02   0.0000E+00  0.0000
   4.8978E-02   5.2481E-02   0.0000E+00  0.0000
   5.2481E-02   5.6234E-02   0.0000E+00  0.0000
   5.6234E-02   6.0256E-02   0.0000E+00  0.0000
   6.0256E-02   6.4565E-02   0.0000E+00  0.0000
   6.4565E-02   6.9183E-02   0.0000E+00  0.0000
   6.9183E-02   7.4131E-02   1.8354E-06  1.0000
   7.4131E-02   7.9433E-02   5.8231E-06  0.7111
   7.9433E-02   8.5114E-02   0.0000E+00  0.0000
   8.5114E-02   9.1201E-02   0.0000E+00  0.0000
   9.1201E-02   9.7724E-02   0.0000E+00  0.0000
   9.7724E-02   1.0471E-01   0.0000E+00  0.0000
   1.0471E-01   1.1220E-01   0.0000E+00  0.0000
   1.1220E-01   1.2023E-01   0.0000E+00  0.0000
   1.2023E-01   1.2882E-01   0.0000E+00  0.0000
   1.2882E-01   1.3804E-01   0.0000E+00  0.0000
   1.3804E-01   1.4791E-01   0.0000E+00  0.0000
   1.4791E-01   1.5849E-01   0.0000E+00  0.0000
   1.5849E-01   1.6982E-01   2.8777E-06  0.7841
   1.6982E-01   1.8197E-01   0.0000E+00  0.0000
   1.8197E-01   1.9498E-01   0.0000E+00  0.0000
   1.9498E-01   2.0893E-01   0.0000E+00  0.0000
   2.0893E-01   2.2387E-01   0.0000E+00  0.0000
   2.2387E-01   2.3988E-01   2.1080E-06  1.0000
   2.3988E-01   2.5704E-01   0.0000E+00  0.0000
   2.5704E-01   2.7542E-01   0.0000E+00  0.0000
   2.7542E-01   2.9512E-01   0.0000E+00  0.0000
   2.9512E-01   3.1623E-01   0.0000E+00  0.0000
   3.1623E-01   3.3884E-01   0.0000E+00  0.0000
   3.3884E-01   3.6308E-01   0.0000E+00  0.0000
   3.6308E-01   3.8905E-01   3.6909E-06  1.0000
   3.8905E-01   4.1687E-01   3.2861E-06  1.0000
   4.1687E-01   4.4668E-01   3.8331E-06  1.0000
   4.4668E-01   4.7863E-01   0.0000E+00  0.0000
   4.7863E-01   5.1286E-01   0.0000E+00  0.0000
   5.1286E-01   5.4954E-01   0.0000E+00  0.0000
   5.4954E-01   5.8884E-01   0.0000E+00  0.0000
   5.8884E-01   6.3096E-01   0.0000E+00  0.0000
   6.3096E-01   6.7608E-01   0.0000E+00  0.0000
   6.7608E-01   7.2444E-01   2.4492E-06  1.0000
   7.2444E-01   7.7625E-01   0.0000E+00  0.0000
   7.7625E-01   8.3176E-01   0.0000E+00  0.0000
   8.3176E-01   8.9125E-01   0.0000E+00  0.0000
   8.9125E-01   9.5499E-01   0.0000E+00  0.0000
   9.5499E-01   1.0233E+00   0.0000E+00  0.0000
   1.0233E+00   1.0965E+00   0.0000E+00  0.0000
   1.0965E+00   1.1749E+00   0.0000E+00  0.0000
   1.1749E+00   1.2589E+00   4.4068E-06  1.0000
   1.2589E+00   1.3490E+00   6.4408E-07  1.0000
   1.3490E+00   1.4454E+00   0.0000E+00  0.0000
   1.4454E+00   1.5488E+00   0.0000E+00  0.0000
   1.5488E+00   1.6596E+00   0.0000E+00  0.0000
   1.6596E+00   1.7783E+00   0.0000E+00  0.0000
   1.7783E+00   1.9055E+00   0.0000E+00  0.0000
   1.9055E+00   2.0417E+00   0.0000E+00  0.0000
   2.0417E+00   2.1878E+00   0.0000E+00  0.0000
   2.1878E+00   2.3442E+00   3.6506E-06  1.0000
   2.3442E+00   2.5119E+00   0.0000E+00  0.0000
   2.5119E+00   2.6915E+00   0.0000E+00  0.0000
   2.6915E+00   2.8840E+00   0.0000E+00  0.0000
   2.8840E+00   3.0903E+00   0.0000E+00  0.0000
   3.0903E+00   3.3113E+00   0.0000E+00  0.0000
   3.3113E+00   3.5481E+00   0.0000E+00  0.0000
   3.5481E+00   3.8019E+00   0.0000E+00  0.0000
   3.8019E+00   4.0738E+00   0.0000E+00  0.0000
   4.0738E+00   4.3652E+00   0.0000E+00  0.0000
   4.3652E+00   4.6774E+00   0.0000E+00  0.0000
   4.6774E+00   5.0119E+00   7.2316E-06  1.0000
   5.0119E+00   5.3703E+00   0.0000E+00  0.0000
   5.3703E+00   5.7544E+00   0.0000E+00  0.0000
   5.7544E+00   6.1660E+00   0.0000E+00  0.0000
   6.1660E+00   6.6069E+00   0.0000E+00  0.0000
   6.6069E+00   7.0795E+00   0.0000E+00  0.0000
   7.0795E+00   7.5858E+00   0.0000E+00  0.0000
   7.5858E+00   8.1283E+00   0.0000E+00  0.0000
   8.1283E+00   8.7096E+00   4.0759E-06  1.0000
   8.7096E+00   9.3325E+00   0.0000E+00  0.0000
   9.3325E+00   1.0000E+01   0.0000E+00  0.0000

#   sum over                 4.5912E-05  0.2988

'no. =  6,  reg  =   2100'
msuc: {\huge [t-track] in region mesh}
msdr: {\it plotted by \ANGEL \version}
msdl: {\it calculated by \PHITS  3.36}
wt: s(0.7)
\vspace{-3}
   vol  &=&   2.3442E+01 [cm^3]
e:

#------------------------------------------------------------------------------
 newpage:
#   no. =  7   reg =   2300

x: Energy [MeV/n]
y: Flux [1/cm^2/source]              
p: xlog ylog afac(0.8) form(0.9)
h: n            x            y(photon  ),hh0l n  
#  e-lower      e-upper        photon    r.err 
   1.0000E-02   1.0715E-02   0.0000E+00  0.0000
   1.0715E-02   1.1482E-02   0.0000E+00  0.0000
   1.1482E-02   1.2303E-02   0.0000E+00  0.0000
   1.2303E-02   1.3183E-02   0.0000E+00  0.0000
   1.3183E-02   1.4125E-02   0.0000E+00  0.0000
   1.4125E-02   1.5136E-02   0.0000E+00  0.0000
   1.5136E-02   1.6218E-02   0.0000E+00  0.0000
   1.6218E-02   1.7378E-02   0.0000E+00  0.0000
   1.7378E-02   1.8621E-02   0.0000E+00  0.0000
   1.8621E-02   1.9953E-02   1.5666E-07  1.0000
   1.9953E-02   2.1380E-02   0.0000E+00  0.0000
   2.1380E-02   2.2909E-02   0.0000E+00  0.0000
   2.2909E-02   2.4547E-02   0.0000E+00  0.0000
   2.4547E-02   2.6303E-02   0.0000E+00  0.0000
   2.6303E-02   2.8184E-02   0.0000E+00  0.0000
   2.8184E-02   3.0200E-02   0.0000E+00  0.0000
   3.0200E-02   3.2359E-02   0.0000E+00  0.0000
   3.2359E-02   3.4674E-02   0.0000E+00  0.0000
   3.4674E-02   3.7154E-02   0.0000E+00  0.0000
   3.7154E-02   3.9811E-02   0.0000E+00  0.0000
   3.9811E-02   4.2658E-02   0.0000E+00  0.0000
   4.2658E-02   4.5709E-02   0.0000E+00  0.0000
   4.5709E-02   4.8978E-02   0.0000E+00  0.0000
   4.8978E-02   5.2481E-02   0.0000E+00  0.0000
   5.2481E-02   5.6234E-02   0.0000E+00  0.0000
   5.6234E-02   6.0256E-02   0.0000E+00  0.0000
   6.0256E-02   6.4565E-02   0.0000E+00  0.0000
   6.4565E-02   6.9183E-02   0.0000E+00  0.0000
   6.9183E-02   7.4131E-02   0.0000E+00  0.0000
   7.4131E-02   7.9433E-02   0.0000E+00  0.0000
   7.9433E-02   8.5114E-02   0.0000E+00  0.0000
   8.5114E-02   9.1201E-02   0.0000E+00  0.0000
   9.1201E-02   9.7724E-02   0.0000E+00  0.0000
   9.7724E-02   1.0471E-01   0.0000E+00  0.0000
   1.0471E-01   1.1220E-01   0.0000E+00  0.0000
   1.1220E-01   1.2023E-01   0.0000E+00  0.0000
   1.2023E-01   1.2882E-01   0.0000E+00  0.0000
   1.2882E-01   1.3804E-01   0.0000E+00  0.0000
   1.3804E-01   1.4791E-01   0.0000E+00  0.0000
   1.4791E-01   1.5849E-01   0.0000E+00  0.0000
   1.5849E-01   1.6982E-01   0.0000E+00  0.0000
   1.6982E-01   1.8197E-01   0.0000E+00  0.0000
   1.8197E-01   1.9498E-01   1.0268E-06  1.0000
   1.9498E-01   2.0893E-01   0.0000E+00  0.0000
   2.0893E-01   2.2387E-01   0.0000E+00  0.0000
   2.2387E-01   2.3988E-01   0.0000E+00  0.0000
   2.3988E-01   2.5704E-01   0.0000E+00  0.0000
   2.5704E-01   2.7542E-01   0.0000E+00  0.0000
   2.7542E-01   2.9512E-01   0.0000E+00  0.0000
   2.9512E-01   3.1623E-01   2.0833E-07  1.0000
   3.1623E-01   3.3884E-01   0.0000E+00  0.0000
   3.3884E-01   3.6308E-01   0.0000E+00  0.0000
   3.6308E-01   3.8905E-01   0.0000E+00  0.0000
   3.8905E-01   4.1687E-01   0.0000E+00  0.0000
   4.1687E-01   4.4668E-01   0.0000E+00  0.0000
   4.4668E-01   4.7863E-01   0.0000E+00  0.0000
   4.7863E-01   5.1286E-01   4.8592E-06  0.8064
   5.1286E-01   5.4954E-01   0.0000E+00  0.0000
   5.4954E-01   5.8884E-01   0.0000E+00  0.0000
   5.8884E-01   6.3096E-01   1.5644E-06  1.0000
   6.3096E-01   6.7608E-01   0.0000E+00  0.0000
   6.7608E-01   7.2444E-01   0.0000E+00  0.0000
   7.2444E-01   7.7625E-01   0.0000E+00  0.0000
   7.7625E-01   8.3176E-01   0.0000E+00  0.0000
   8.3176E-01   8.9125E-01   4.1590E-06  1.0000
   8.9125E-01   9.5499E-01   0.0000E+00  0.0000
   9.5499E-01   1.0233E+00   5.6922E-07  1.0000
   1.0233E+00   1.0965E+00   4.6736E-07  1.0000
   1.0965E+00   1.1749E+00   0.0000E+00  0.0000
   1.1749E+00   1.2589E+00   0.0000E+00  0.0000
   1.2589E+00   1.3490E+00   0.0000E+00  0.0000
   1.3490E+00   1.4454E+00   0.0000E+00  0.0000
   1.4454E+00   1.5488E+00   0.0000E+00  0.0000
   1.5488E+00   1.6596E+00   0.0000E+00  0.0000
   1.6596E+00   1.7783E+00   0.0000E+00  0.0000
   1.7783E+00   1.9055E+00   0.0000E+00  0.0000
   1.9055E+00   2.0417E+00   0.0000E+00  0.0000
   2.0417E+00   2.1878E+00   0.0000E+00  0.0000
   2.1878E+00   2.3442E+00   5.6969E-07  1.0000
   2.3442E+00   2.5119E+00   0.0000E+00  0.0000
   2.5119E+00   2.6915E+00   0.0000E+00  0.0000
   2.6915E+00   2.8840E+00   0.0000E+00  0.0000
   2.8840E+00   3.0903E+00   0.0000E+00  0.0000
   3.0903E+00   3.3113E+00   0.0000E+00  0.0000
   3.3113E+00   3.5481E+00   1.1428E-06  1.0000
   3.5481E+00   3.8019E+00   0.0000E+00  0.0000
   3.8019E+00   4.0738E+00   2.3464E-06  1.0000
   4.0738E+00   4.3652E+00   0.0000E+00  0.0000
   4.3652E+00   4.6774E+00   0.0000E+00  0.0000
   4.6774E+00   5.0119E+00   0.0000E+00  0.0000
   5.0119E+00   5.3703E+00   0.0000E+00  0.0000
   5.3703E+00   5.7544E+00   0.0000E+00  0.0000
   5.7544E+00   6.1660E+00   0.0000E+00  0.0000
   6.1660E+00   6.6069E+00   4.2419E-06  0.7542
   6.6069E+00   7.0795E+00   0.0000E+00  0.0000
   7.0795E+00   7.5858E+00   0.0000E+00  0.0000
   7.5858E+00   8.1283E+00   0.0000E+00  0.0000
   8.1283E+00   8.7096E+00   2.7558E-06  1.0000
   8.7096E+00   9.3325E+00   0.0000E+00  0.0000
   9.3325E+00   1.0000E+01   0.0000E+00  0.0000

#   sum over                 2.4067E-05  0.3798

'no. =  7,  reg  =   2300'
msuc: {\huge [t-track] in region mesh}
msdr: {\it plotted by \ANGEL \version}
msdl: {\it calculated by \PHITS  3.36}
wt: s(0.7)
\vspace{-3}
   vol  &=&   1.0724E+02 [cm^3]
e:

#------------------------------------------------------------------------------
 newpage:
#   no. =  8   reg =   2500

x: Energy [MeV/n]
y: Flux [1/cm^2/source]              
p: xlog ylog afac(0.8) form(0.9)
h: n            x            y(photon  ),hh0l n  
#  e-lower      e-upper        photon    r.err 
   1.0000E-02   1.0715E-02   0.0000E+00  0.0000
   1.0715E-02   1.1482E-02   0.0000E+00  0.0000
   1.1482E-02   1.2303E-02   0.0000E+00  0.0000
   1.2303E-02   1.3183E-02   0.0000E+00  0.0000
   1.3183E-02   1.4125E-02   0.0000E+00  0.0000
   1.4125E-02   1.5136E-02   0.0000E+00  0.0000
   1.5136E-02   1.6218E-02   0.0000E+00  0.0000
   1.6218E-02   1.7378E-02   0.0000E+00  0.0000
   1.7378E-02   1.8621E-02   0.0000E+00  0.0000
   1.8621E-02   1.9953E-02   0.0000E+00  0.0000
   1.9953E-02   2.1380E-02   0.0000E+00  0.0000
   2.1380E-02   2.2909E-02   0.0000E+00  0.0000
   2.2909E-02   2.4547E-02   0.0000E+00  0.0000
   2.4547E-02   2.6303E-02   0.0000E+00  0.0000
   2.6303E-02   2.8184E-02   0.0000E+00  0.0000
   2.8184E-02   3.0200E-02   0.0000E+00  0.0000
   3.0200E-02   3.2359E-02   0.0000E+00  0.0000
   3.2359E-02   3.4674E-02   0.0000E+00  0.0000
   3.4674E-02   3.7154E-02   0.0000E+00  0.0000
   3.7154E-02   3.9811E-02   0.0000E+00  0.0000
   3.9811E-02   4.2658E-02   0.0000E+00  0.0000
   4.2658E-02   4.5709E-02   0.0000E+00  0.0000
   4.5709E-02   4.8978E-02   0.0000E+00  0.0000
   4.8978E-02   5.2481E-02   2.8034E-06  1.0000
   5.2481E-02   5.6234E-02   9.9382E-07  1.0000
   5.6234E-02   6.0256E-02   0.0000E+00  0.0000
   6.0256E-02   6.4565E-02   0.0000E+00  0.0000
   6.4565E-02   6.9183E-02   3.0393E-06  1.0000
   6.9183E-02   7.4131E-02   8.5534E-06  0.7269
   7.4131E-02   7.9433E-02   1.7447E-07  1.0000
   7.9433E-02   8.5114E-02   4.4861E-06  0.7106
   8.5114E-02   9.1201E-02   6.5718E-07  1.0000
   9.1201E-02   9.7724E-02   0.0000E+00  0.0000
   9.7724E-02   1.0471E-01   0.0000E+00  0.0000
   1.0471E-01   1.1220E-01   0.0000E+00  0.0000
   1.1220E-01   1.2023E-01   7.8265E-06  0.6192
   1.2023E-01   1.2882E-01   4.4703E-06  0.7279
   1.2882E-01   1.3804E-01   0.0000E+00  0.0000
   1.3804E-01   1.4791E-01   0.0000E+00  0.0000
   1.4791E-01   1.5849E-01   4.2523E-07  1.0000
   1.5849E-01   1.6982E-01   1.6075E-06  1.0000
   1.6982E-01   1.8197E-01   0.0000E+00  0.0000
   1.8197E-01   1.9498E-01   0.0000E+00  0.0000
   1.9498E-01   2.0893E-01   0.0000E+00  0.0000
   2.0893E-01   2.2387E-01   0.0000E+00  0.0000
   2.2387E-01   2.3988E-01   0.0000E+00  0.0000
   2.3988E-01   2.5704E-01   0.0000E+00  0.0000
   2.5704E-01   2.7542E-01   0.0000E+00  0.0000
   2.7542E-01   2.9512E-01   0.0000E+00  0.0000
   2.9512E-01   3.1623E-01   9.7990E-07  1.0000
   3.1623E-01   3.3884E-01   0.0000E+00  0.0000
   3.3884E-01   3.6308E-01   2.8834E-06  1.0000
   3.6308E-01   3.8905E-01   3.5747E-06  1.0000
   3.8905E-01   4.1687E-01   0.0000E+00  0.0000
   4.1687E-01   4.4668E-01   1.0711E-06  1.0000
   4.4668E-01   4.7863E-01   0.0000E+00  0.0000
   4.7863E-01   5.1286E-01   9.3958E-06  0.4717
   5.1286E-01   5.4954E-01   0.0000E+00  0.0000
   5.4954E-01   5.8884E-01   0.0000E+00  0.0000
   5.8884E-01   6.3096E-01   0.0000E+00  0.0000
   6.3096E-01   6.7608E-01   0.0000E+00  0.0000
   6.7608E-01   7.2444E-01   0.0000E+00  0.0000
   7.2444E-01   7.7625E-01   0.0000E+00  0.0000
   7.7625E-01   8.3176E-01   0.0000E+00  0.0000
   8.3176E-01   8.9125E-01   0.0000E+00  0.0000
   8.9125E-01   9.5499E-01   0.0000E+00  0.0000
   9.5499E-01   1.0233E+00   0.0000E+00  0.0000
   1.0233E+00   1.0965E+00   0.0000E+00  0.0000
   1.0965E+00   1.1749E+00   0.0000E+00  0.0000
   1.1749E+00   1.2589E+00   0.0000E+00  0.0000
   1.2589E+00   1.3490E+00   2.0621E-06  1.0000
   1.3490E+00   1.4454E+00   0.0000E+00  0.0000
   1.4454E+00   1.5488E+00   0.0000E+00  0.0000
   1.5488E+00   1.6596E+00   0.0000E+00  0.0000
   1.6596E+00   1.7783E+00   0.0000E+00  0.0000
   1.7783E+00   1.9055E+00   0.0000E+00  0.0000
   1.9055E+00   2.0417E+00   0.0000E+00  0.0000
   2.0417E+00   2.1878E+00   0.0000E+00  0.0000
   2.1878E+00   2.3442E+00   0.0000E+00  0.0000
   2.3442E+00   2.5119E+00   0.0000E+00  0.0000
   2.5119E+00   2.6915E+00   1.6232E-06  1.0000
   2.6915E+00   2.8840E+00   0.0000E+00  0.0000
   2.8840E+00   3.0903E+00   0.0000E+00  0.0000
   3.0903E+00   3.3113E+00   0.0000E+00  0.0000
   3.3113E+00   3.5481E+00   0.0000E+00  0.0000
   3.5481E+00   3.8019E+00   0.0000E+00  0.0000
   3.8019E+00   4.0738E+00   0.0000E+00  0.0000
   4.0738E+00   4.3652E+00   3.6456E-06  1.0000
   4.3652E+00   4.6774E+00   1.9596E-06  1.0000
   4.6774E+00   5.0119E+00   2.5854E-06  1.0000
   5.0119E+00   5.3703E+00   0.0000E+00  0.0000
   5.3703E+00   5.7544E+00   2.6457E-06  1.0000
   5.7544E+00   6.1660E+00   0.0000E+00  0.0000
   6.1660E+00   6.6069E+00   3.6188E-07  1.0000
   6.6069E+00   7.0795E+00   0.0000E+00  0.0000
   7.0795E+00   7.5858E+00   0.0000E+00  0.0000
   7.5858E+00   8.1283E+00   0.0000E+00  0.0000
   8.1283E+00   8.7096E+00   0.0000E+00  0.0000
   8.7096E+00   9.3325E+00   0.0000E+00  0.0000
   9.3325E+00   1.0000E+01   0.0000E+00  0.0000

#   sum over                 6.7825E-05  0.2117

'no. =  8,  reg  =   2500'
msuc: {\huge [t-track] in region mesh}
msdr: {\it plotted by \ANGEL \version}
msdl: {\it calculated by \PHITS  3.36}
wt: s(0.7)
\vspace{-3}
   vol  &=&   3.8943E+01 [cm^3]
e:

#------------------------------------------------------------------------------
 newpage:
#   no. =  9   reg =   2700

x: Energy [MeV/n]
y: Flux [1/cm^2/source]              
p: xlog ylog afac(0.8) form(0.9)
h: n            x            y(photon  ),hh0l n  
#  e-lower      e-upper        photon    r.err 
   1.0000E-02   1.0715E-02   0.0000E+00  0.0000
   1.0715E-02   1.1482E-02   0.0000E+00  0.0000
   1.1482E-02   1.2303E-02   0.0000E+00  0.0000
   1.2303E-02   1.3183E-02   0.0000E+00  0.0000
   1.3183E-02   1.4125E-02   0.0000E+00  0.0000
   1.4125E-02   1.5136E-02   0.0000E+00  0.0000
   1.5136E-02   1.6218E-02   0.0000E+00  0.0000
   1.6218E-02   1.7378E-02   0.0000E+00  0.0000
   1.7378E-02   1.8621E-02   0.0000E+00  0.0000
   1.8621E-02   1.9953E-02   0.0000E+00  0.0000
   1.9953E-02   2.1380E-02   0.0000E+00  0.0000
   2.1380E-02   2.2909E-02   0.0000E+00  0.0000
   2.2909E-02   2.4547E-02   0.0000E+00  0.0000
   2.4547E-02   2.6303E-02   0.0000E+00  0.0000
   2.6303E-02   2.8184E-02   0.0000E+00  0.0000
   2.8184E-02   3.0200E-02   0.0000E+00  0.0000
   3.0200E-02   3.2359E-02   0.0000E+00  0.0000
   3.2359E-02   3.4674E-02   0.0000E+00  0.0000
   3.4674E-02   3.7154E-02   0.0000E+00  0.0000
   3.7154E-02   3.9811E-02   0.0000E+00  0.0000
   3.9811E-02   4.2658E-02   0.0000E+00  0.0000
   4.2658E-02   4.5709E-02   0.0000E+00  0.0000
   4.5709E-02   4.8978E-02   1.0516E-07  1.0000
   4.8978E-02   5.2481E-02   0.0000E+00  0.0000
   5.2481E-02   5.6234E-02   0.0000E+00  0.0000
   5.6234E-02   6.0256E-02   0.0000E+00  0.0000
   6.0256E-02   6.4565E-02   0.0000E+00  0.0000
   6.4565E-02   6.9183E-02   0.0000E+00  0.0000
   6.9183E-02   7.4131E-02   0.0000E+00  0.0000
   7.4131E-02   7.9433E-02   2.8396E-07  0.7477
   7.9433E-02   8.5114E-02   4.4694E-07  0.7115
   8.5114E-02   9.1201E-02   0.0000E+00  0.0000
   9.1201E-02   9.7724E-02   1.7007E-07  1.0000
   9.7724E-02   1.0471E-01   4.7315E-07  0.7261
   1.0471E-01   1.1220E-01   3.7352E-07  1.0000
   1.1220E-01   1.2023E-01   5.5243E-07  1.0000
   1.2023E-01   1.2882E-01   3.4898E-07  0.7090
   1.2882E-01   1.3804E-01   0.0000E+00  0.0000
   1.3804E-01   1.4791E-01   8.9190E-07  0.8171
   1.4791E-01   1.5849E-01   9.4364E-07  0.7740
   1.5849E-01   1.6982E-01   1.8253E-07  1.0000
   1.6982E-01   1.8197E-01   2.5703E-07  1.0000
   1.8197E-01   1.9498E-01   0.0000E+00  0.0000
   1.9498E-01   2.0893E-01   7.9279E-07  0.6728
   2.0893E-01   2.2387E-01   1.6870E-07  0.8943
   2.2387E-01   2.3988E-01   0.0000E+00  0.0000
   2.3988E-01   2.5704E-01   1.7946E-07  1.0000
   2.5704E-01   2.7542E-01   2.4097E-07  1.0000
   2.7542E-01   2.9512E-01   1.6347E-07  1.0000
   2.9512E-01   3.1623E-01   0.0000E+00  0.0000
   3.1623E-01   3.3884E-01   2.0971E-08  1.0000
   3.3884E-01   3.6308E-01   4.2964E-07  0.7317
   3.6308E-01   3.8905E-01   1.4577E-06  0.6545
   3.8905E-01   4.1687E-01   1.3652E-07  1.0000
   4.1687E-01   4.4668E-01   1.5624E-06  0.6487
   4.4668E-01   4.7863E-01   4.9037E-07  0.7851
   4.7863E-01   5.1286E-01   3.3240E-06  0.4496
   5.1286E-01   5.4954E-01   0.0000E+00  0.0000
   5.4954E-01   5.8884E-01   0.0000E+00  0.0000
   5.8884E-01   6.3096E-01   0.0000E+00  0.0000
   6.3096E-01   6.7608E-01   2.5048E-07  1.0000
   6.7608E-01   7.2444E-01   0.0000E+00  0.0000
   7.2444E-01   7.7625E-01   7.4529E-07  1.0000
   7.7625E-01   8.3176E-01   5.9080E-07  1.0000
   8.3176E-01   8.9125E-01   4.9113E-08  1.0000
   8.9125E-01   9.5499E-01   0.0000E+00  0.0000
   9.5499E-01   1.0233E+00   0.0000E+00  0.0000
   1.0233E+00   1.0965E+00   1.7842E-07  1.0000
   1.0965E+00   1.1749E+00   0.0000E+00  0.0000
   1.1749E+00   1.2589E+00   2.2027E-07  1.0000
   1.2589E+00   1.3490E+00   2.1682E-07  1.0000
   1.3490E+00   1.4454E+00   2.1395E-07  1.0000
   1.4454E+00   1.5488E+00   0.0000E+00  0.0000
   1.5488E+00   1.6596E+00   2.1747E-07  0.8289
   1.6596E+00   1.7783E+00   6.4145E-07  1.0000
   1.7783E+00   1.9055E+00   0.0000E+00  0.0000
   1.9055E+00   2.0417E+00   2.5590E-07  1.0000
   2.0417E+00   2.1878E+00   2.2410E-07  1.0000
   2.1878E+00   2.3442E+00   0.0000E+00  0.0000
   2.3442E+00   2.5119E+00   1.0863E-06  1.0000
   2.5119E+00   2.6915E+00   0.0000E+00  0.0000
   2.6915E+00   2.8840E+00   1.7527E-07  1.0000
   2.8840E+00   3.0903E+00   2.9591E-07  1.0000
   3.0903E+00   3.3113E+00   5.7845E-07  1.0000
   3.3113E+00   3.5481E+00   1.1823E-06  0.7092
   3.5481E+00   3.8019E+00   0.0000E+00  0.0000
   3.8019E+00   4.0738E+00   2.1783E-07  1.0000
   4.0738E+00   4.3652E+00   0.0000E+00  0.0000
   4.3652E+00   4.6774E+00   9.3634E-07  0.7489
   4.6774E+00   5.0119E+00   1.6044E-07  1.0000
   5.0119E+00   5.3703E+00   0.0000E+00  0.0000
   5.3703E+00   5.7544E+00   2.0231E-07  1.0000
   5.7544E+00   6.1660E+00   0.0000E+00  0.0000
   6.1660E+00   6.6069E+00   8.4640E-07  0.7453
   6.6069E+00   7.0795E+00   1.7893E-07  1.0000
   7.0795E+00   7.5858E+00   5.2424E-07  1.0000
   7.5858E+00   8.1283E+00   6.3546E-07  1.0000
   8.1283E+00   8.7096E+00   0.0000E+00  0.0000
   8.7096E+00   9.3325E+00   4.7359E-07  0.7969
   9.3325E+00   1.0000E+01   1.8978E-07  1.0000

#   sum over                 2.5484E-05  0.1713

'no. =  9,  reg  =   2700'
msuc: {\huge [t-track] in region mesh}
msdr: {\it plotted by \ANGEL \version}
msdl: {\it calculated by \PHITS  3.36}
wt: s(0.7)
\vspace{-3}
   vol  &=&   3.2796E+02 [cm^3]
e:

#------------------------------------------------------------------------------
 newpage:
#   no. = 10   reg =   2900

x: Energy [MeV/n]
y: Flux [1/cm^2/source]              
p: xlog ylog afac(0.8) form(0.9)
h: n            x            y(photon  ),hh0l n  
#  e-lower      e-upper        photon    r.err 
   1.0000E-02   1.0715E-02   0.0000E+00  0.0000
   1.0715E-02   1.1482E-02   0.0000E+00  0.0000
   1.1482E-02   1.2303E-02   0.0000E+00  0.0000
   1.2303E-02   1.3183E-02   0.0000E+00  0.0000
   1.3183E-02   1.4125E-02   0.0000E+00  0.0000
   1.4125E-02   1.5136E-02   0.0000E+00  0.0000
   1.5136E-02   1.6218E-02   0.0000E+00  0.0000
   1.6218E-02   1.7378E-02   0.0000E+00  0.0000
   1.7378E-02   1.8621E-02   0.0000E+00  0.0000
   1.8621E-02   1.9953E-02   0.0000E+00  0.0000
   1.9953E-02   2.1380E-02   0.0000E+00  0.0000
   2.1380E-02   2.2909E-02   0.0000E+00  0.0000
   2.2909E-02   2.4547E-02   0.0000E+00  0.0000
   2.4547E-02   2.6303E-02   0.0000E+00  0.0000
   2.6303E-02   2.8184E-02   0.0000E+00  0.0000
   2.8184E-02   3.0200E-02   0.0000E+00  0.0000
   3.0200E-02   3.2359E-02   0.0000E+00  0.0000
   3.2359E-02   3.4674E-02   0.0000E+00  0.0000
   3.4674E-02   3.7154E-02   0.0000E+00  0.0000
   3.7154E-02   3.9811E-02   0.0000E+00  0.0000
   3.9811E-02   4.2658E-02   0.0000E+00  0.0000
   4.2658E-02   4.5709E-02   1.0141E-07  1.0000
   4.5709E-02   4.8978E-02   4.0384E-07  1.0000
   4.8978E-02   5.2481E-02   0.0000E+00  0.0000
   5.2481E-02   5.6234E-02   5.7737E-08  1.0000
   5.6234E-02   6.0256E-02   2.7373E-07  1.0000
   6.0256E-02   6.4565E-02   0.0000E+00  0.0000
   6.4565E-02   6.9183E-02   0.0000E+00  0.0000
   6.9183E-02   7.4131E-02   1.0179E-06  1.0000
   7.4131E-02   7.9433E-02   0.0000E+00  0.0000
   7.9433E-02   8.5114E-02   0.0000E+00  0.0000
   8.5114E-02   9.1201E-02   0.0000E+00  0.0000
   9.1201E-02   9.7724E-02   0.0000E+00  0.0000
   9.7724E-02   1.0471E-01   0.0000E+00  0.0000
   1.0471E-01   1.1220E-01   1.1255E-06  0.9230
   1.1220E-01   1.2023E-01   7.9026E-07  1.0000
   1.2023E-01   1.2882E-01   1.9205E-07  1.0000
   1.2882E-01   1.3804E-01   8.4439E-07  0.7245
   1.3804E-01   1.4791E-01   5.4381E-07  1.0000
   1.4791E-01   1.5849E-01   1.5742E-08  1.0000
   1.5849E-01   1.6982E-01   2.5996E-06  0.6033
   1.6982E-01   1.8197E-01   0.0000E+00  0.0000
   1.8197E-01   1.9498E-01   0.0000E+00  0.0000
   1.9498E-01   2.0893E-01   0.0000E+00  0.0000
   2.0893E-01   2.2387E-01   9.0745E-07  1.0000
   2.2387E-01   2.3988E-01   1.0860E-06  0.8027
   2.3988E-01   2.5704E-01   7.3016E-07  1.0000
   2.5704E-01   2.7542E-01   0.0000E+00  0.0000
   2.7542E-01   2.9512E-01   0.0000E+00  0.0000
   2.9512E-01   3.1623E-01   0.0000E+00  0.0000
   3.1623E-01   3.3884E-01   0.0000E+00  0.0000
   3.3884E-01   3.6308E-01   0.0000E+00  0.0000
   3.6308E-01   3.8905E-01   2.5459E-07  1.0000
   3.8905E-01   4.1687E-01   0.0000E+00  0.0000
   4.1687E-01   4.4668E-01   1.0245E-06  1.0000
   4.4668E-01   4.7863E-01   0.0000E+00  0.0000
   4.7863E-01   5.1286E-01   5.6883E-07  1.0000
   5.1286E-01   5.4954E-01   1.0400E-07  1.0000
   5.4954E-01   5.8884E-01   0.0000E+00  0.0000
   5.8884E-01   6.3096E-01   0.0000E+00  0.0000
   6.3096E-01   6.7608E-01   0.0000E+00  0.0000
   6.7608E-01   7.2444E-01   0.0000E+00  0.0000
   7.2444E-01   7.7625E-01   0.0000E+00  0.0000
   7.7625E-01   8.3176E-01   0.0000E+00  0.0000
   8.3176E-01   8.9125E-01   0.0000E+00  0.0000
   8.9125E-01   9.5499E-01   0.0000E+00  0.0000
   9.5499E-01   1.0233E+00   0.0000E+00  0.0000
   1.0233E+00   1.0965E+00   0.0000E+00  0.0000
   1.0965E+00   1.1749E+00   0.0000E+00  0.0000
   1.1749E+00   1.2589E+00   0.0000E+00  0.0000
   1.2589E+00   1.3490E+00   0.0000E+00  0.0000
   1.3490E+00   1.4454E+00   0.0000E+00  0.0000
   1.4454E+00   1.5488E+00   7.6972E-07  1.0000
   1.5488E+00   1.6596E+00   0.0000E+00  0.0000
   1.6596E+00   1.7783E+00   0.0000E+00  0.0000
   1.7783E+00   1.9055E+00   0.0000E+00  0.0000
   1.9055E+00   2.0417E+00   0.0000E+00  0.0000
   2.0417E+00   2.1878E+00   2.9225E-07  1.0000
   2.1878E+00   2.3442E+00   0.0000E+00  0.0000
   2.3442E+00   2.5119E+00   0.0000E+00  0.0000
   2.5119E+00   2.6915E+00   0.0000E+00  0.0000
   2.6915E+00   2.8840E+00   0.0000E+00  0.0000
   2.8840E+00   3.0903E+00   3.0338E-06  1.0000
   3.0903E+00   3.3113E+00   1.2085E-06  1.0000
   3.3113E+00   3.5481E+00   1.1492E-06  1.0000
   3.5481E+00   3.8019E+00   0.0000E+00  0.0000
   3.8019E+00   4.0738E+00   0.0000E+00  0.0000
   4.0738E+00   4.3652E+00   0.0000E+00  0.0000
   4.3652E+00   4.6774E+00   0.0000E+00  0.0000
   4.6774E+00   5.0119E+00   0.0000E+00  0.0000
   5.0119E+00   5.3703E+00   0.0000E+00  0.0000
   5.3703E+00   5.7544E+00   0.0000E+00  0.0000
   5.7544E+00   6.1660E+00   2.0284E-06  1.0000
   6.1660E+00   6.6069E+00   0.0000E+00  0.0000
   6.6069E+00   7.0795E+00   0.0000E+00  0.0000
   7.0795E+00   7.5858E+00   0.0000E+00  0.0000
   7.5858E+00   8.1283E+00   0.0000E+00  0.0000
   8.1283E+00   8.7096E+00   0.0000E+00  0.0000
   8.7096E+00   9.3325E+00   7.4112E-07  1.0000
   9.3325E+00   1.0000E+01   0.0000E+00  0.0000

#   sum over                 2.1864E-05  0.2672

'no. = 10,  reg  =   2900'
msuc: {\huge [t-track] in region mesh}
msdr: {\it plotted by \ANGEL \version}
msdl: {\it calculated by \PHITS  3.36}
wt: s(0.7)
\vspace{-3}
   vol  &=&   3.6732E+02 [cm^3]
e:

#------------------------------------------------------------------------------
 newpage:
#   no. = 11   reg =   3000

x: Energy [MeV/n]
y: Flux [1/cm^2/source]              
p: xlog ylog afac(0.8) form(0.9)
h: n            x            y(photon  ),hh0l n  
#  e-lower      e-upper        photon    r.err 
   1.0000E-02   1.0715E-02   0.0000E+00  0.0000
   1.0715E-02   1.1482E-02   0.0000E+00  0.0000
   1.1482E-02   1.2303E-02   0.0000E+00  0.0000
   1.2303E-02   1.3183E-02   0.0000E+00  0.0000
   1.3183E-02   1.4125E-02   0.0000E+00  0.0000
   1.4125E-02   1.5136E-02   0.0000E+00  0.0000
   1.5136E-02   1.6218E-02   0.0000E+00  0.0000
   1.6218E-02   1.7378E-02   0.0000E+00  0.0000
   1.7378E-02   1.8621E-02   0.0000E+00  0.0000
   1.8621E-02   1.9953E-02   0.0000E+00  0.0000
   1.9953E-02   2.1380E-02   0.0000E+00  0.0000
   2.1380E-02   2.2909E-02   0.0000E+00  0.0000
   2.2909E-02   2.4547E-02   0.0000E+00  0.0000
   2.4547E-02   2.6303E-02   0.0000E+00  0.0000
   2.6303E-02   2.8184E-02   0.0000E+00  0.0000
   2.8184E-02   3.0200E-02   0.0000E+00  0.0000
   3.0200E-02   3.2359E-02   0.0000E+00  0.0000
   3.2359E-02   3.4674E-02   0.0000E+00  0.0000
   3.4674E-02   3.7154E-02   0.0000E+00  0.0000
   3.7154E-02   3.9811E-02   0.0000E+00  0.0000
   3.9811E-02   4.2658E-02   0.0000E+00  0.0000
   4.2658E-02   4.5709E-02   0.0000E+00  0.0000
   4.5709E-02   4.8978E-02   0.0000E+00  0.0000
   4.8978E-02   5.2481E-02   0.0000E+00  0.0000
   5.2481E-02   5.6234E-02   0.0000E+00  0.0000
   5.6234E-02   6.0256E-02   1.1760E-05  1.0000
   6.0256E-02   6.4565E-02   0.0000E+00  0.0000
   6.4565E-02   6.9183E-02   0.0000E+00  0.0000
   6.9183E-02   7.4131E-02   0.0000E+00  0.0000
   7.4131E-02   7.9433E-02   0.0000E+00  0.0000
   7.9433E-02   8.5114E-02   0.0000E+00  0.0000
   8.5114E-02   9.1201E-02   0.0000E+00  0.0000
   9.1201E-02   9.7724E-02   0.0000E+00  0.0000
   9.7724E-02   1.0471E-01   0.0000E+00  0.0000
   1.0471E-01   1.1220E-01   0.0000E+00  0.0000
   1.1220E-01   1.2023E-01   0.0000E+00  0.0000
   1.2023E-01   1.2882E-01   0.0000E+00  0.0000
   1.2882E-01   1.3804E-01   0.0000E+00  0.0000
   1.3804E-01   1.4791E-01   0.0000E+00  0.0000
   1.4791E-01   1.5849E-01   0.0000E+00  0.0000
   1.5849E-01   1.6982E-01   0.0000E+00  0.0000
   1.6982E-01   1.8197E-01   0.0000E+00  0.0000
   1.8197E-01   1.9498E-01   0.0000E+00  0.0000
   1.9498E-01   2.0893E-01   0.0000E+00  0.0000
   2.0893E-01   2.2387E-01   0.0000E+00  0.0000
   2.2387E-01   2.3988E-01   0.0000E+00  0.0000
   2.3988E-01   2.5704E-01   0.0000E+00  0.0000
   2.5704E-01   2.7542E-01   0.0000E+00  0.0000
   2.7542E-01   2.9512E-01   0.0000E+00  0.0000
   2.9512E-01   3.1623E-01   0.0000E+00  0.0000
   3.1623E-01   3.3884E-01   0.0000E+00  0.0000
   3.3884E-01   3.6308E-01   0.0000E+00  0.0000
   3.6308E-01   3.8905E-01   0.0000E+00  0.0000
   3.8905E-01   4.1687E-01   0.0000E+00  0.0000
   4.1687E-01   4.4668E-01   0.0000E+00  0.0000
   4.4668E-01   4.7863E-01   0.0000E+00  0.0000
   4.7863E-01   5.1286E-01   0.0000E+00  0.0000
   5.1286E-01   5.4954E-01   0.0000E+00  0.0000
   5.4954E-01   5.8884E-01   0.0000E+00  0.0000
   5.8884E-01   6.3096E-01   1.1597E-06  1.0000
   6.3096E-01   6.7608E-01   0.0000E+00  0.0000
   6.7608E-01   7.2444E-01   0.0000E+00  0.0000
   7.2444E-01   7.7625E-01   0.0000E+00  0.0000
   7.7625E-01   8.3176E-01   0.0000E+00  0.0000
   8.3176E-01   8.9125E-01   0.0000E+00  0.0000
   8.9125E-01   9.5499E-01   0.0000E+00  0.0000
   9.5499E-01   1.0233E+00   0.0000E+00  0.0000
   1.0233E+00   1.0965E+00   0.0000E+00  0.0000
   1.0965E+00   1.1749E+00   0.0000E+00  0.0000
   1.1749E+00   1.2589E+00   0.0000E+00  0.0000
   1.2589E+00   1.3490E+00   0.0000E+00  0.0000
   1.3490E+00   1.4454E+00   0.0000E+00  0.0000
   1.4454E+00   1.5488E+00   0.0000E+00  0.0000
   1.5488E+00   1.6596E+00   0.0000E+00  0.0000
   1.6596E+00   1.7783E+00   0.0000E+00  0.0000
   1.7783E+00   1.9055E+00   1.0147E-05  1.0000
   1.9055E+00   2.0417E+00   0.0000E+00  0.0000
   2.0417E+00   2.1878E+00   0.0000E+00  0.0000
   2.1878E+00   2.3442E+00   0.0000E+00  0.0000
   2.3442E+00   2.5119E+00   0.0000E+00  0.0000
   2.5119E+00   2.6915E+00   0.0000E+00  0.0000
   2.6915E+00   2.8840E+00   0.0000E+00  0.0000
   2.8840E+00   3.0903E+00   0.0000E+00  0.0000
   3.0903E+00   3.3113E+00   0.0000E+00  0.0000
   3.3113E+00   3.5481E+00   0.0000E+00  0.0000
   3.5481E+00   3.8019E+00   0.0000E+00  0.0000
   3.8019E+00   4.0738E+00   0.0000E+00  0.0000
   4.0738E+00   4.3652E+00   0.0000E+00  0.0000
   4.3652E+00   4.6774E+00   0.0000E+00  0.0000
   4.6774E+00   5.0119E+00   6.7986E-07  1.0000
   5.0119E+00   5.3703E+00   0.0000E+00  0.0000
   5.3703E+00   5.7544E+00   0.0000E+00  0.0000
   5.7544E+00   6.1660E+00   0.0000E+00  0.0000
   6.1660E+00   6.6069E+00   0.0000E+00  0.0000
   6.6069E+00   7.0795E+00   0.0000E+00  0.0000
   7.0795E+00   7.5858E+00   0.0000E+00  0.0000
   7.5858E+00   8.1283E+00   0.0000E+00  0.0000
   8.1283E+00   8.7096E+00   0.0000E+00  0.0000
   8.7096E+00   9.3325E+00   0.0000E+00  0.0000
   9.3325E+00   1.0000E+01   0.0000E+00  0.0000

#   sum over                 2.3747E-05  0.7145

'no. = 11,  reg  =   3000'
msuc: {\huge [t-track] in region mesh}
msdr: {\it plotted by \ANGEL \version}
msdl: {\it calculated by \PHITS  3.36}
wt: s(0.7)
\vspace{-3}
   vol  &=&   2.6550E+01 [cm^3]
e:

#------------------------------------------------------------------------------
 newpage:
#   no. = 12   reg =   3200

x: Energy [MeV/n]
y: Flux [1/cm^2/source]              
p: xlog ylog afac(0.8) form(0.9)
h: n            x            y(photon  ),hh0l n  
#  e-lower      e-upper        photon    r.err 
   1.0000E-02   1.0715E-02   0.0000E+00  0.0000
   1.0715E-02   1.1482E-02   0.0000E+00  0.0000
   1.1482E-02   1.2303E-02   0.0000E+00  0.0000
   1.2303E-02   1.3183E-02   0.0000E+00  0.0000
   1.3183E-02   1.4125E-02   0.0000E+00  0.0000
   1.4125E-02   1.5136E-02   0.0000E+00  0.0000
   1.5136E-02   1.6218E-02   0.0000E+00  0.0000
   1.6218E-02   1.7378E-02   0.0000E+00  0.0000
   1.7378E-02   1.8621E-02   0.0000E+00  0.0000
   1.8621E-02   1.9953E-02   0.0000E+00  0.0000
   1.9953E-02   2.1380E-02   0.0000E+00  0.0000
   2.1380E-02   2.2909E-02   0.0000E+00  0.0000
   2.2909E-02   2.4547E-02   0.0000E+00  0.0000
   2.4547E-02   2.6303E-02   0.0000E+00  0.0000
   2.6303E-02   2.8184E-02   0.0000E+00  0.0000
   2.8184E-02   3.0200E-02   0.0000E+00  0.0000
   3.0200E-02   3.2359E-02   0.0000E+00  0.0000
   3.2359E-02   3.4674E-02   0.0000E+00  0.0000
   3.4674E-02   3.7154E-02   0.0000E+00  0.0000
   3.7154E-02   3.9811E-02   0.0000E+00  0.0000
   3.9811E-02   4.2658E-02   0.0000E+00  0.0000
   4.2658E-02   4.5709E-02   0.0000E+00  0.0000
   4.5709E-02   4.8978E-02   0.0000E+00  0.0000
   4.8978E-02   5.2481E-02   0.0000E+00  0.0000
   5.2481E-02   5.6234E-02   0.0000E+00  0.0000
   5.6234E-02   6.0256E-02   0.0000E+00  0.0000
   6.0256E-02   6.4565E-02   0.0000E+00  0.0000
   6.4565E-02   6.9183E-02   0.0000E+00  0.0000
   6.9183E-02   7.4131E-02   0.0000E+00  0.0000
   7.4131E-02   7.9433E-02   0.0000E+00  0.0000
   7.9433E-02   8.5114E-02   0.0000E+00  0.0000
   8.5114E-02   9.1201E-02   0.0000E+00  0.0000
   9.1201E-02   9.7724E-02   0.0000E+00  0.0000
   9.7724E-02   1.0471E-01   0.0000E+00  0.0000
   1.0471E-01   1.1220E-01   0.0000E+00  0.0000
   1.1220E-01   1.2023E-01   4.1245E-09  1.0000
   1.2023E-01   1.2882E-01   0.0000E+00  0.0000
   1.2882E-01   1.3804E-01   0.0000E+00  0.0000
   1.3804E-01   1.4791E-01   0.0000E+00  0.0000
   1.4791E-01   1.5849E-01   0.0000E+00  0.0000
   1.5849E-01   1.6982E-01   0.0000E+00  0.0000
   1.6982E-01   1.8197E-01   6.6354E-09  1.0000
   1.8197E-01   1.9498E-01   0.0000E+00  0.0000
   1.9498E-01   2.0893E-01   0.0000E+00  0.0000
   2.0893E-01   2.2387E-01   0.0000E+00  0.0000
   2.2387E-01   2.3988E-01   0.0000E+00  0.0000
   2.3988E-01   2.5704E-01   0.0000E+00  0.0000
   2.5704E-01   2.7542E-01   0.0000E+00  0.0000
   2.7542E-01   2.9512E-01   0.0000E+00  0.0000
   2.9512E-01   3.1623E-01   0.0000E+00  0.0000
   3.1623E-01   3.3884E-01   0.0000E+00  0.0000
   3.3884E-01   3.6308E-01   0.0000E+00  0.0000
   3.6308E-01   3.8905E-01   0.0000E+00  0.0000
   3.8905E-01   4.1687E-01   0.0000E+00  0.0000
   4.1687E-01   4.4668E-01   0.0000E+00  0.0000
   4.4668E-01   4.7863E-01   0.0000E+00  0.0000
   4.7863E-01   5.1286E-01   0.0000E+00  0.0000
   5.1286E-01   5.4954E-01   0.0000E+00  0.0000
   5.4954E-01   5.8884E-01   0.0000E+00  0.0000
   5.8884E-01   6.3096E-01   0.0000E+00  0.0000
   6.3096E-01   6.7608E-01   0.0000E+00  0.0000
   6.7608E-01   7.2444E-01   0.0000E+00  0.0000
   7.2444E-01   7.7625E-01   0.0000E+00  0.0000
   7.7625E-01   8.3176E-01   0.0000E+00  0.0000
   8.3176E-01   8.9125E-01   0.0000E+00  0.0000
   8.9125E-01   9.5499E-01   0.0000E+00  0.0000
   9.5499E-01   1.0233E+00   0.0000E+00  0.0000
   1.0233E+00   1.0965E+00   0.0000E+00  0.0000
   1.0965E+00   1.1749E+00   0.0000E+00  0.0000
   1.1749E+00   1.2589E+00   0.0000E+00  0.0000
   1.2589E+00   1.3490E+00   0.0000E+00  0.0000
   1.3490E+00   1.4454E+00   0.0000E+00  0.0000
   1.4454E+00   1.5488E+00   0.0000E+00  0.0000
   1.5488E+00   1.6596E+00   0.0000E+00  0.0000
   1.6596E+00   1.7783E+00   0.0000E+00  0.0000
   1.7783E+00   1.9055E+00   5.7378E-07  1.0000
   1.9055E+00   2.0417E+00   0.0000E+00  0.0000
   2.0417E+00   2.1878E+00   0.0000E+00  0.0000
   2.1878E+00   2.3442E+00   0.0000E+00  0.0000
   2.3442E+00   2.5119E+00   0.0000E+00  0.0000
   2.5119E+00   2.6915E+00   0.0000E+00  0.0000
   2.6915E+00   2.8840E+00   0.0000E+00  0.0000
   2.8840E+00   3.0903E+00   0.0000E+00  0.0000
   3.0903E+00   3.3113E+00   0.0000E+00  0.0000
   3.3113E+00   3.5481E+00   0.0000E+00  0.0000
   3.5481E+00   3.8019E+00   0.0000E+00  0.0000
   3.8019E+00   4.0738E+00   0.0000E+00  0.0000
   4.0738E+00   4.3652E+00   0.0000E+00  0.0000
   4.3652E+00   4.6774E+00   0.0000E+00  0.0000
   4.6774E+00   5.0119E+00   0.0000E+00  0.0000
   5.0119E+00   5.3703E+00   0.0000E+00  0.0000
   5.3703E+00   5.7544E+00   0.0000E+00  0.0000
   5.7544E+00   6.1660E+00   0.0000E+00  0.0000
   6.1660E+00   6.6069E+00   0.0000E+00  0.0000
   6.6069E+00   7.0795E+00   0.0000E+00  0.0000
   7.0795E+00   7.5858E+00   0.0000E+00  0.0000
   7.5858E+00   8.1283E+00   0.0000E+00  0.0000
   8.1283E+00   8.7096E+00   3.2856E-07  1.0000
   8.7096E+00   9.3325E+00   0.0000E+00  0.0000
   9.3325E+00   1.0000E+01   0.0000E+00  0.0000

#   sum over                 9.1311E-07  0.7242

'no. = 12,  reg  =   3200'
msuc: {\huge [t-track] in region mesh}
msdr: {\it plotted by \ANGEL \version}
msdl: {\it calculated by \PHITS  3.36}
wt: s(0.7)
\vspace{-3}
   vol  &=&   3.3693E+02 [cm^3]
e:

#------------------------------------------------------------------------------
 newpage:
#   no. = 13   reg =   3300

x: Energy [MeV/n]
y: Flux [1/cm^2/source]              
p: xlog ylog afac(0.8) form(0.9)
h: n            x            y(photon  ),hh0l n  
#  e-lower      e-upper        photon    r.err 
   1.0000E-02   1.0715E-02   0.0000E+00  0.0000
   1.0715E-02   1.1482E-02   0.0000E+00  0.0000
   1.1482E-02   1.2303E-02   0.0000E+00  0.0000
   1.2303E-02   1.3183E-02   0.0000E+00  0.0000
   1.3183E-02   1.4125E-02   0.0000E+00  0.0000
   1.4125E-02   1.5136E-02   0.0000E+00  0.0000
   1.5136E-02   1.6218E-02   0.0000E+00  0.0000
   1.6218E-02   1.7378E-02   0.0000E+00  0.0000
   1.7378E-02   1.8621E-02   0.0000E+00  0.0000
   1.8621E-02   1.9953E-02   0.0000E+00  0.0000
   1.9953E-02   2.1380E-02   0.0000E+00  0.0000
   2.1380E-02   2.2909E-02   0.0000E+00  0.0000
   2.2909E-02   2.4547E-02   0.0000E+00  0.0000
   2.4547E-02   2.6303E-02   0.0000E+00  0.0000
   2.6303E-02   2.8184E-02   0.0000E+00  0.0000
   2.8184E-02   3.0200E-02   0.0000E+00  0.0000
   3.0200E-02   3.2359E-02   0.0000E+00  0.0000
   3.2359E-02   3.4674E-02   0.0000E+00  0.0000
   3.4674E-02   3.7154E-02   0.0000E+00  0.0000
   3.7154E-02   3.9811E-02   0.0000E+00  0.0000
   3.9811E-02   4.2658E-02   0.0000E+00  0.0000
   4.2658E-02   4.5709E-02   1.2667E-06  1.0000
   4.5709E-02   4.8978E-02   0.0000E+00  0.0000
   4.8978E-02   5.2481E-02   4.2403E-07  1.0000
   5.2481E-02   5.6234E-02   0.0000E+00  0.0000
   5.6234E-02   6.0256E-02   2.6983E-06  1.0000
   6.0256E-02   6.4565E-02   0.0000E+00  0.0000
   6.4565E-02   6.9183E-02   0.0000E+00  0.0000
   6.9183E-02   7.4131E-02   0.0000E+00  0.0000
   7.4131E-02   7.9433E-02   0.0000E+00  0.0000
   7.9433E-02   8.5114E-02   0.0000E+00  0.0000
   8.5114E-02   9.1201E-02   0.0000E+00  0.0000
   9.1201E-02   9.7724E-02   0.0000E+00  0.0000
   9.7724E-02   1.0471E-01   0.0000E+00  0.0000
   1.0471E-01   1.1220E-01   0.0000E+00  0.0000
   1.1220E-01   1.2023E-01   0.0000E+00  0.0000
   1.2023E-01   1.2882E-01   0.0000E+00  0.0000
   1.2882E-01   1.3804E-01   0.0000E+00  0.0000
   1.3804E-01   1.4791E-01   0.0000E+00  0.0000
   1.4791E-01   1.5849E-01   1.8903E-06  1.0000
   1.5849E-01   1.6982E-01   0.0000E+00  0.0000
   1.6982E-01   1.8197E-01   0.0000E+00  0.0000
   1.8197E-01   1.9498E-01   0.0000E+00  0.0000
   1.9498E-01   2.0893E-01   0.0000E+00  0.0000
   2.0893E-01   2.2387E-01   0.0000E+00  0.0000
   2.2387E-01   2.3988E-01   0.0000E+00  0.0000
   2.3988E-01   2.5704E-01   0.0000E+00  0.0000
   2.5704E-01   2.7542E-01   0.0000E+00  0.0000
   2.7542E-01   2.9512E-01   0.0000E+00  0.0000
   2.9512E-01   3.1623E-01   0.0000E+00  0.0000
   3.1623E-01   3.3884E-01   0.0000E+00  0.0000
   3.3884E-01   3.6308E-01   0.0000E+00  0.0000
   3.6308E-01   3.8905E-01   0.0000E+00  0.0000
   3.8905E-01   4.1687E-01   0.0000E+00  0.0000
   4.1687E-01   4.4668E-01   0.0000E+00  0.0000
   4.4668E-01   4.7863E-01   0.0000E+00  0.0000
   4.7863E-01   5.1286E-01   0.0000E+00  0.0000
   5.1286E-01   5.4954E-01   0.0000E+00  0.0000
   5.4954E-01   5.8884E-01   0.0000E+00  0.0000
   5.8884E-01   6.3096E-01   0.0000E+00  0.0000
   6.3096E-01   6.7608E-01   0.0000E+00  0.0000
   6.7608E-01   7.2444E-01   0.0000E+00  0.0000
   7.2444E-01   7.7625E-01   0.0000E+00  0.0000
   7.7625E-01   8.3176E-01   0.0000E+00  0.0000
   8.3176E-01   8.9125E-01   0.0000E+00  0.0000
   8.9125E-01   9.5499E-01   0.0000E+00  0.0000
   9.5499E-01   1.0233E+00   0.0000E+00  0.0000
   1.0233E+00   1.0965E+00   0.0000E+00  0.0000
   1.0965E+00   1.1749E+00   0.0000E+00  0.0000
   1.1749E+00   1.2589E+00   0.0000E+00  0.0000
   1.2589E+00   1.3490E+00   0.0000E+00  0.0000
   1.3490E+00   1.4454E+00   0.0000E+00  0.0000
   1.4454E+00   1.5488E+00   0.0000E+00  0.0000
   1.5488E+00   1.6596E+00   0.0000E+00  0.0000
   1.6596E+00   1.7783E+00   0.0000E+00  0.0000
   1.7783E+00   1.9055E+00   5.7484E-08  1.0000
   1.9055E+00   2.0417E+00   0.0000E+00  0.0000
   2.0417E+00   2.1878E+00   0.0000E+00  0.0000
   2.1878E+00   2.3442E+00   0.0000E+00  0.0000
   2.3442E+00   2.5119E+00   0.0000E+00  0.0000
   2.5119E+00   2.6915E+00   0.0000E+00  0.0000
   2.6915E+00   2.8840E+00   0.0000E+00  0.0000
   2.8840E+00   3.0903E+00   0.0000E+00  0.0000
   3.0903E+00   3.3113E+00   0.0000E+00  0.0000
   3.3113E+00   3.5481E+00   0.0000E+00  0.0000
   3.5481E+00   3.8019E+00   0.0000E+00  0.0000
   3.8019E+00   4.0738E+00   0.0000E+00  0.0000
   4.0738E+00   4.3652E+00   0.0000E+00  0.0000
   4.3652E+00   4.6774E+00   0.0000E+00  0.0000
   4.6774E+00   5.0119E+00   0.0000E+00  0.0000
   5.0119E+00   5.3703E+00   0.0000E+00  0.0000
   5.3703E+00   5.7544E+00   0.0000E+00  0.0000
   5.7544E+00   6.1660E+00   0.0000E+00  0.0000
   6.1660E+00   6.6069E+00   0.0000E+00  0.0000
   6.6069E+00   7.0795E+00   0.0000E+00  0.0000
   7.0795E+00   7.5858E+00   0.0000E+00  0.0000
   7.5858E+00   8.1283E+00   0.0000E+00  0.0000
   8.1283E+00   8.7096E+00   0.0000E+00  0.0000
   8.7096E+00   9.3325E+00   0.0000E+00  0.0000
   9.3325E+00   1.0000E+01   0.0000E+00  0.0000

#   sum over                 6.3368E-06  0.7542

'no. = 13,  reg  =   3300'
msuc: {\huge [t-track] in region mesh}
msdr: {\it plotted by \ANGEL \version}
msdl: {\it calculated by \PHITS  3.36}
wt: s(0.7)
\vspace{-3}
   vol  &=&   8.3771E+01 [cm^3]
e:

#------------------------------------------------------------------------------
 newpage:
#   no. = 14   reg =   3500

x: Energy [MeV/n]
y: Flux [1/cm^2/source]              
p: xlog ylog afac(0.8) form(0.9)
h: n            x            y(photon  ),hh0l n  
#  e-lower      e-upper        photon    r.err 
   1.0000E-02   1.0715E-02   0.0000E+00  0.0000
   1.0715E-02   1.1482E-02   0.0000E+00  0.0000
   1.1482E-02   1.2303E-02   0.0000E+00  0.0000
   1.2303E-02   1.3183E-02   0.0000E+00  0.0000
   1.3183E-02   1.4125E-02   0.0000E+00  0.0000
   1.4125E-02   1.5136E-02   0.0000E+00  0.0000
   1.5136E-02   1.6218E-02   0.0000E+00  0.0000
   1.6218E-02   1.7378E-02   0.0000E+00  0.0000
   1.7378E-02   1.8621E-02   0.0000E+00  0.0000
   1.8621E-02   1.9953E-02   0.0000E+00  0.0000
   1.9953E-02   2.1380E-02   0.0000E+00  0.0000
   2.1380E-02   2.2909E-02   0.0000E+00  0.0000
   2.2909E-02   2.4547E-02   0.0000E+00  0.0000
   2.4547E-02   2.6303E-02   0.0000E+00  0.0000
   2.6303E-02   2.8184E-02   0.0000E+00  0.0000
   2.8184E-02   3.0200E-02   0.0000E+00  0.0000
   3.0200E-02   3.2359E-02   0.0000E+00  0.0000
   3.2359E-02   3.4674E-02   0.0000E+00  0.0000
   3.4674E-02   3.7154E-02   0.0000E+00  0.0000
   3.7154E-02   3.9811E-02   0.0000E+00  0.0000
   3.9811E-02   4.2658E-02   0.0000E+00  0.0000
   4.2658E-02   4.5709E-02   0.0000E+00  0.0000
   4.5709E-02   4.8978E-02   0.0000E+00  0.0000
   4.8978E-02   5.2481E-02   0.0000E+00  0.0000
   5.2481E-02   5.6234E-02   0.0000E+00  0.0000
   5.6234E-02   6.0256E-02   0.0000E+00  0.0000
   6.0256E-02   6.4565E-02   0.0000E+00  0.0000
   6.4565E-02   6.9183E-02   3.2816E-07  1.0000
   6.9183E-02   7.4131E-02   0.0000E+00  0.0000
   7.4131E-02   7.9433E-02   0.0000E+00  0.0000
   7.9433E-02   8.5114E-02   0.0000E+00  0.0000
   8.5114E-02   9.1201E-02   0.0000E+00  0.0000
   9.1201E-02   9.7724E-02   0.0000E+00  0.0000
   9.7724E-02   1.0471E-01   0.0000E+00  0.0000
   1.0471E-01   1.1220E-01   9.5677E-07  1.0000
   1.1220E-01   1.2023E-01   0.0000E+00  0.0000
   1.2023E-01   1.2882E-01   0.0000E+00  0.0000
   1.2882E-01   1.3804E-01   0.0000E+00  0.0000
   1.3804E-01   1.4791E-01   0.0000E+00  0.0000
   1.4791E-01   1.5849E-01   0.0000E+00  0.0000
   1.5849E-01   1.6982E-01   0.0000E+00  0.0000
   1.6982E-01   1.8197E-01   0.0000E+00  0.0000
   1.8197E-01   1.9498E-01   0.0000E+00  0.0000
   1.9498E-01   2.0893E-01   0.0000E+00  0.0000
   2.0893E-01   2.2387E-01   0.0000E+00  0.0000
   2.2387E-01   2.3988E-01   0.0000E+00  0.0000
   2.3988E-01   2.5704E-01   0.0000E+00  0.0000
   2.5704E-01   2.7542E-01   0.0000E+00  0.0000
   2.7542E-01   2.9512E-01   0.0000E+00  0.0000
   2.9512E-01   3.1623E-01   0.0000E+00  0.0000
   3.1623E-01   3.3884E-01   0.0000E+00  0.0000
   3.3884E-01   3.6308E-01   0.0000E+00  0.0000
   3.6308E-01   3.8905E-01   2.1494E-07  1.0000
   3.8905E-01   4.1687E-01   0.0000E+00  0.0000
   4.1687E-01   4.4668E-01   0.0000E+00  0.0000
   4.4668E-01   4.7863E-01   0.0000E+00  0.0000
   4.7863E-01   5.1286E-01   0.0000E+00  0.0000
   5.1286E-01   5.4954E-01   0.0000E+00  0.0000
   5.4954E-01   5.8884E-01   0.0000E+00  0.0000
   5.8884E-01   6.3096E-01   0.0000E+00  0.0000
   6.3096E-01   6.7608E-01   0.0000E+00  0.0000
   6.7608E-01   7.2444E-01   0.0000E+00  0.0000
   7.2444E-01   7.7625E-01   0.0000E+00  0.0000
   7.7625E-01   8.3176E-01   0.0000E+00  0.0000
   8.3176E-01   8.9125E-01   0.0000E+00  0.0000
   8.9125E-01   9.5499E-01   0.0000E+00  0.0000
   9.5499E-01   1.0233E+00   0.0000E+00  0.0000
   1.0233E+00   1.0965E+00   0.0000E+00  0.0000
   1.0965E+00   1.1749E+00   0.0000E+00  0.0000
   1.1749E+00   1.2589E+00   0.0000E+00  0.0000
   1.2589E+00   1.3490E+00   0.0000E+00  0.0000
   1.3490E+00   1.4454E+00   0.0000E+00  0.0000
   1.4454E+00   1.5488E+00   0.0000E+00  0.0000
   1.5488E+00   1.6596E+00   0.0000E+00  0.0000
   1.6596E+00   1.7783E+00   0.0000E+00  0.0000
   1.7783E+00   1.9055E+00   1.6049E-07  1.0000
   1.9055E+00   2.0417E+00   0.0000E+00  0.0000
   2.0417E+00   2.1878E+00   0.0000E+00  0.0000
   2.1878E+00   2.3442E+00   0.0000E+00  0.0000
   2.3442E+00   2.5119E+00   0.0000E+00  0.0000
   2.5119E+00   2.6915E+00   0.0000E+00  0.0000
   2.6915E+00   2.8840E+00   0.0000E+00  0.0000
   2.8840E+00   3.0903E+00   0.0000E+00  0.0000
   3.0903E+00   3.3113E+00   0.0000E+00  0.0000
   3.3113E+00   3.5481E+00   0.0000E+00  0.0000
   3.5481E+00   3.8019E+00   0.0000E+00  0.0000
   3.8019E+00   4.0738E+00   0.0000E+00  0.0000
   4.0738E+00   4.3652E+00   0.0000E+00  0.0000
   4.3652E+00   4.6774E+00   0.0000E+00  0.0000
   4.6774E+00   5.0119E+00   0.0000E+00  0.0000
   5.0119E+00   5.3703E+00   0.0000E+00  0.0000
   5.3703E+00   5.7544E+00   0.0000E+00  0.0000
   5.7544E+00   6.1660E+00   0.0000E+00  0.0000
   6.1660E+00   6.6069E+00   0.0000E+00  0.0000
   6.6069E+00   7.0795E+00   7.6722E-07  1.0000
   7.0795E+00   7.5858E+00   0.0000E+00  0.0000
   7.5858E+00   8.1283E+00   0.0000E+00  0.0000
   8.1283E+00   8.7096E+00   0.0000E+00  0.0000
   8.7096E+00   9.3325E+00   0.0000E+00  0.0000
   9.3325E+00   1.0000E+01   0.0000E+00  0.0000

#   sum over                 2.4276E-06  0.6355

'no. = 14,  reg  =   3500'
msuc: {\huge [t-track] in region mesh}
msdr: {\it plotted by \ANGEL \version}
msdl: {\it calculated by \PHITS  3.36}
wt: s(0.7)
\vspace{-3}
   vol  &=&   5.6033E+02 [cm^3]
e:

#------------------------------------------------------------------------------
 newpage:
#   no. = 15   reg =   3600

x: Energy [MeV/n]
y: Flux [1/cm^2/source]              
p: xlog ylog afac(0.8) form(0.9)
h: n            x            y(photon  ),hh0l n  
#  e-lower      e-upper        photon    r.err 
   1.0000E-02   1.0715E-02   0.0000E+00  0.0000
   1.0715E-02   1.1482E-02   0.0000E+00  0.0000
   1.1482E-02   1.2303E-02   0.0000E+00  0.0000
   1.2303E-02   1.3183E-02   0.0000E+00  0.0000
   1.3183E-02   1.4125E-02   0.0000E+00  0.0000
   1.4125E-02   1.5136E-02   0.0000E+00  0.0000
   1.5136E-02   1.6218E-02   0.0000E+00  0.0000
   1.6218E-02   1.7378E-02   0.0000E+00  0.0000
   1.7378E-02   1.8621E-02   0.0000E+00  0.0000
   1.8621E-02   1.9953E-02   0.0000E+00  0.0000
   1.9953E-02   2.1380E-02   0.0000E+00  0.0000
   2.1380E-02   2.2909E-02   0.0000E+00  0.0000
   2.2909E-02   2.4547E-02   0.0000E+00  0.0000
   2.4547E-02   2.6303E-02   0.0000E+00  0.0000
   2.6303E-02   2.8184E-02   0.0000E+00  0.0000
   2.8184E-02   3.0200E-02   0.0000E+00  0.0000
   3.0200E-02   3.2359E-02   0.0000E+00  0.0000
   3.2359E-02   3.4674E-02   0.0000E+00  0.0000
   3.4674E-02   3.7154E-02   0.0000E+00  0.0000
   3.7154E-02   3.9811E-02   0.0000E+00  0.0000
   3.9811E-02   4.2658E-02   0.0000E+00  0.0000
   4.2658E-02   4.5709E-02   0.0000E+00  0.0000
   4.5709E-02   4.8978E-02   0.0000E+00  0.0000
   4.8978E-02   5.2481E-02   0.0000E+00  0.0000
   5.2481E-02   5.6234E-02   0.0000E+00  0.0000
   5.6234E-02   6.0256E-02   0.0000E+00  0.0000
   6.0256E-02   6.4565E-02   0.0000E+00  0.0000
   6.4565E-02   6.9183E-02   0.0000E+00  0.0000
   6.9183E-02   7.4131E-02   0.0000E+00  0.0000
   7.4131E-02   7.9433E-02   0.0000E+00  0.0000
   7.9433E-02   8.5114E-02   0.0000E+00  0.0000
   8.5114E-02   9.1201E-02   0.0000E+00  0.0000
   9.1201E-02   9.7724E-02   0.0000E+00  0.0000
   9.7724E-02   1.0471E-01   0.0000E+00  0.0000
   1.0471E-01   1.1220E-01   0.0000E+00  0.0000
   1.1220E-01   1.2023E-01   0.0000E+00  0.0000
   1.2023E-01   1.2882E-01   0.0000E+00  0.0000
   1.2882E-01   1.3804E-01   0.0000E+00  0.0000
   1.3804E-01   1.4791E-01   0.0000E+00  0.0000
   1.4791E-01   1.5849E-01   0.0000E+00  0.0000
   1.5849E-01   1.6982E-01   0.0000E+00  0.0000
   1.6982E-01   1.8197E-01   0.0000E+00  0.0000
   1.8197E-01   1.9498E-01   0.0000E+00  0.0000
   1.9498E-01   2.0893E-01   0.0000E+00  0.0000
   2.0893E-01   2.2387E-01   0.0000E+00  0.0000
   2.2387E-01   2.3988E-01   0.0000E+00  0.0000
   2.3988E-01   2.5704E-01   0.0000E+00  0.0000
   2.5704E-01   2.7542E-01   0.0000E+00  0.0000
   2.7542E-01   2.9512E-01   0.0000E+00  0.0000
   2.9512E-01   3.1623E-01   0.0000E+00  0.0000
   3.1623E-01   3.3884E-01   0.0000E+00  0.0000
   3.3884E-01   3.6308E-01   0.0000E+00  0.0000
   3.6308E-01   3.8905E-01   0.0000E+00  0.0000
   3.8905E-01   4.1687E-01   0.0000E+00  0.0000
   4.1687E-01   4.4668E-01   0.0000E+00  0.0000
   4.4668E-01   4.7863E-01   0.0000E+00  0.0000
   4.7863E-01   5.1286E-01   0.0000E+00  0.0000
   5.1286E-01   5.4954E-01   0.0000E+00  0.0000
   5.4954E-01   5.8884E-01   0.0000E+00  0.0000
   5.8884E-01   6.3096E-01   0.0000E+00  0.0000
   6.3096E-01   6.7608E-01   0.0000E+00  0.0000
   6.7608E-01   7.2444E-01   0.0000E+00  0.0000
   7.2444E-01   7.7625E-01   0.0000E+00  0.0000
   7.7625E-01   8.3176E-01   0.0000E+00  0.0000
   8.3176E-01   8.9125E-01   0.0000E+00  0.0000
   8.9125E-01   9.5499E-01   0.0000E+00  0.0000
   9.5499E-01   1.0233E+00   0.0000E+00  0.0000
   1.0233E+00   1.0965E+00   0.0000E+00  0.0000
   1.0965E+00   1.1749E+00   0.0000E+00  0.0000
   1.1749E+00   1.2589E+00   0.0000E+00  0.0000
   1.2589E+00   1.3490E+00   0.0000E+00  0.0000
   1.3490E+00   1.4454E+00   0.0000E+00  0.0000
   1.4454E+00   1.5488E+00   0.0000E+00  0.0000
   1.5488E+00   1.6596E+00   0.0000E+00  0.0000
   1.6596E+00   1.7783E+00   0.0000E+00  0.0000
   1.7783E+00   1.9055E+00   0.0000E+00  0.0000
   1.9055E+00   2.0417E+00   0.0000E+00  0.0000
   2.0417E+00   2.1878E+00   0.0000E+00  0.0000
   2.1878E+00   2.3442E+00   0.0000E+00  0.0000
   2.3442E+00   2.5119E+00   0.0000E+00  0.0000
   2.5119E+00   2.6915E+00   0.0000E+00  0.0000
   2.6915E+00   2.8840E+00   0.0000E+00  0.0000
   2.8840E+00   3.0903E+00   0.0000E+00  0.0000
   3.0903E+00   3.3113E+00   0.0000E+00  0.0000
   3.3113E+00   3.5481E+00   0.0000E+00  0.0000
   3.5481E+00   3.8019E+00   0.0000E+00  0.0000
   3.8019E+00   4.0738E+00   0.0000E+00  0.0000
   4.0738E+00   4.3652E+00   0.0000E+00  0.0000
   4.3652E+00   4.6774E+00   0.0000E+00  0.0000
   4.6774E+00   5.0119E+00   0.0000E+00  0.0000
   5.0119E+00   5.3703E+00   0.0000E+00  0.0000
   5.3703E+00   5.7544E+00   0.0000E+00  0.0000
   5.7544E+00   6.1660E+00   0.0000E+00  0.0000
   6.1660E+00   6.6069E+00   0.0000E+00  0.0000
   6.6069E+00   7.0795E+00   0.0000E+00  0.0000
   7.0795E+00   7.5858E+00   0.0000E+00  0.0000
   7.5858E+00   8.1283E+00   0.0000E+00  0.0000
   8.1283E+00   8.7096E+00   0.0000E+00  0.0000
   8.7096E+00   9.3325E+00   0.0000E+00  0.0000
   9.3325E+00   1.0000E+01   0.0000E+00  0.0000

#   sum over                 0.0000E+00  0.0000

'no. = 15,  reg  =   3600'
msuc: {\huge [t-track] in region mesh}
msdr: {\it plotted by \ANGEL \version}
msdl: {\it calculated by \PHITS  3.36}
wt: s(0.7)
\vspace{-3}
   vol  &=&   8.1361E+01 [cm^3]
e:

#------------------------------------------------------------------------------
 newpage:
#   no. = 16   reg =   3800

x: Energy [MeV/n]
y: Flux [1/cm^2/source]              
p: xlog ylog afac(0.8) form(0.9)
h: n            x            y(photon  ),hh0l n  
#  e-lower      e-upper        photon    r.err 
   1.0000E-02   1.0715E-02   0.0000E+00  0.0000
   1.0715E-02   1.1482E-02   0.0000E+00  0.0000
   1.1482E-02   1.2303E-02   0.0000E+00  0.0000
   1.2303E-02   1.3183E-02   0.0000E+00  0.0000
   1.3183E-02   1.4125E-02   0.0000E+00  0.0000
   1.4125E-02   1.5136E-02   0.0000E+00  0.0000
   1.5136E-02   1.6218E-02   0.0000E+00  0.0000
   1.6218E-02   1.7378E-02   0.0000E+00  0.0000
   1.7378E-02   1.8621E-02   0.0000E+00  0.0000
   1.8621E-02   1.9953E-02   0.0000E+00  0.0000
   1.9953E-02   2.1380E-02   0.0000E+00  0.0000
   2.1380E-02   2.2909E-02   0.0000E+00  0.0000
   2.2909E-02   2.4547E-02   0.0000E+00  0.0000
   2.4547E-02   2.6303E-02   0.0000E+00  0.0000
   2.6303E-02   2.8184E-02   0.0000E+00  0.0000
   2.8184E-02   3.0200E-02   0.0000E+00  0.0000
   3.0200E-02   3.2359E-02   0.0000E+00  0.0000
   3.2359E-02   3.4674E-02   0.0000E+00  0.0000
   3.4674E-02   3.7154E-02   0.0000E+00  0.0000
   3.7154E-02   3.9811E-02   0.0000E+00  0.0000
   3.9811E-02   4.2658E-02   0.0000E+00  0.0000
   4.2658E-02   4.5709E-02   0.0000E+00  0.0000
   4.5709E-02   4.8978E-02   0.0000E+00  0.0000
   4.8978E-02   5.2481E-02   0.0000E+00  0.0000
   5.2481E-02   5.6234E-02   0.0000E+00  0.0000
   5.6234E-02   6.0256E-02   0.0000E+00  0.0000
   6.0256E-02   6.4565E-02   0.0000E+00  0.0000
   6.4565E-02   6.9183E-02   0.0000E+00  0.0000
   6.9183E-02   7.4131E-02   0.0000E+00  0.0000
   7.4131E-02   7.9433E-02   0.0000E+00  0.0000
   7.9433E-02   8.5114E-02   0.0000E+00  0.0000
   8.5114E-02   9.1201E-02   0.0000E+00  0.0000
   9.1201E-02   9.7724E-02   0.0000E+00  0.0000
   9.7724E-02   1.0471E-01   0.0000E+00  0.0000
   1.0471E-01   1.1220E-01   0.0000E+00  0.0000
   1.1220E-01   1.2023E-01   0.0000E+00  0.0000
   1.2023E-01   1.2882E-01   0.0000E+00  0.0000
   1.2882E-01   1.3804E-01   0.0000E+00  0.0000
   1.3804E-01   1.4791E-01   0.0000E+00  0.0000
   1.4791E-01   1.5849E-01   0.0000E+00  0.0000
   1.5849E-01   1.6982E-01   0.0000E+00  0.0000
   1.6982E-01   1.8197E-01   0.0000E+00  0.0000
   1.8197E-01   1.9498E-01   0.0000E+00  0.0000
   1.9498E-01   2.0893E-01   0.0000E+00  0.0000
   2.0893E-01   2.2387E-01   0.0000E+00  0.0000
   2.2387E-01   2.3988E-01   0.0000E+00  0.0000
   2.3988E-01   2.5704E-01   0.0000E+00  0.0000
   2.5704E-01   2.7542E-01   0.0000E+00  0.0000
   2.7542E-01   2.9512E-01   0.0000E+00  0.0000
   2.9512E-01   3.1623E-01   0.0000E+00  0.0000
   3.1623E-01   3.3884E-01   0.0000E+00  0.0000
   3.3884E-01   3.6308E-01   0.0000E+00  0.0000
   3.6308E-01   3.8905E-01   0.0000E+00  0.0000
   3.8905E-01   4.1687E-01   0.0000E+00  0.0000
   4.1687E-01   4.4668E-01   0.0000E+00  0.0000
   4.4668E-01   4.7863E-01   0.0000E+00  0.0000
   4.7863E-01   5.1286E-01   0.0000E+00  0.0000
   5.1286E-01   5.4954E-01   0.0000E+00  0.0000
   5.4954E-01   5.8884E-01   0.0000E+00  0.0000
   5.8884E-01   6.3096E-01   0.0000E+00  0.0000
   6.3096E-01   6.7608E-01   0.0000E+00  0.0000
   6.7608E-01   7.2444E-01   0.0000E+00  0.0000
   7.2444E-01   7.7625E-01   0.0000E+00  0.0000
   7.7625E-01   8.3176E-01   0.0000E+00  0.0000
   8.3176E-01   8.9125E-01   0.0000E+00  0.0000
   8.9125E-01   9.5499E-01   0.0000E+00  0.0000
   9.5499E-01   1.0233E+00   0.0000E+00  0.0000
   1.0233E+00   1.0965E+00   0.0000E+00  0.0000
   1.0965E+00   1.1749E+00   0.0000E+00  0.0000
   1.1749E+00   1.2589E+00   0.0000E+00  0.0000
   1.2589E+00   1.3490E+00   0.0000E+00  0.0000
   1.3490E+00   1.4454E+00   0.0000E+00  0.0000
   1.4454E+00   1.5488E+00   0.0000E+00  0.0000
   1.5488E+00   1.6596E+00   0.0000E+00  0.0000
   1.6596E+00   1.7783E+00   0.0000E+00  0.0000
   1.7783E+00   1.9055E+00   0.0000E+00  0.0000
   1.9055E+00   2.0417E+00   0.0000E+00  0.0000
   2.0417E+00   2.1878E+00   0.0000E+00  0.0000
   2.1878E+00   2.3442E+00   0.0000E+00  0.0000
   2.3442E+00   2.5119E+00   0.0000E+00  0.0000
   2.5119E+00   2.6915E+00   0.0000E+00  0.0000
   2.6915E+00   2.8840E+00   0.0000E+00  0.0000
   2.8840E+00   3.0903E+00   0.0000E+00  0.0000
   3.0903E+00   3.3113E+00   0.0000E+00  0.0000
   3.3113E+00   3.5481E+00   0.0000E+00  0.0000
   3.5481E+00   3.8019E+00   0.0000E+00  0.0000
   3.8019E+00   4.0738E+00   0.0000E+00  0.0000
   4.0738E+00   4.3652E+00   0.0000E+00  0.0000
   4.3652E+00   4.6774E+00   0.0000E+00  0.0000
   4.6774E+00   5.0119E+00   0.0000E+00  0.0000
   5.0119E+00   5.3703E+00   0.0000E+00  0.0000
   5.3703E+00   5.7544E+00   0.0000E+00  0.0000
   5.7544E+00   6.1660E+00   0.0000E+00  0.0000
   6.1660E+00   6.6069E+00   0.0000E+00  0.0000
   6.6069E+00   7.0795E+00   1.3153E-07  1.0000
   7.0795E+00   7.5858E+00   0.0000E+00  0.0000
   7.5858E+00   8.1283E+00   0.0000E+00  0.0000
   8.1283E+00   8.7096E+00   0.0000E+00  0.0000
   8.7096E+00   9.3325E+00   0.0000E+00  0.0000
   9.3325E+00   1.0000E+01   7.5395E-07  1.0000

#   sum over                 8.8549E-07  0.8643

'no. = 16,  reg  =   3800'
msuc: {\huge [t-track] in region mesh}
msdr: {\it plotted by \ANGEL \version}
msdl: {\it calculated by \PHITS  3.36}
wt: s(0.7)
\vspace{-3}
   vol  &=&   3.9009E+02 [cm^3]
e:

#------------------------------------------------------------------------------
 newpage:
#   no. = 17   reg =   4000

x: Energy [MeV/n]
y: Flux [1/cm^2/source]              
p: xlog ylog afac(0.8) form(0.9)
h: n            x            y(photon  ),hh0l n  
#  e-lower      e-upper        photon    r.err 
   1.0000E-02   1.0715E-02   0.0000E+00  0.0000
   1.0715E-02   1.1482E-02   0.0000E+00  0.0000
   1.1482E-02   1.2303E-02   0.0000E+00  0.0000
   1.2303E-02   1.3183E-02   0.0000E+00  0.0000
   1.3183E-02   1.4125E-02   0.0000E+00  0.0000
   1.4125E-02   1.5136E-02   0.0000E+00  0.0000
   1.5136E-02   1.6218E-02   0.0000E+00  0.0000
   1.6218E-02   1.7378E-02   0.0000E+00  0.0000
   1.7378E-02   1.8621E-02   0.0000E+00  0.0000
   1.8621E-02   1.9953E-02   0.0000E+00  0.0000
   1.9953E-02   2.1380E-02   0.0000E+00  0.0000
   2.1380E-02   2.2909E-02   0.0000E+00  0.0000
   2.2909E-02   2.4547E-02   0.0000E+00  0.0000
   2.4547E-02   2.6303E-02   0.0000E+00  0.0000
   2.6303E-02   2.8184E-02   0.0000E+00  0.0000
   2.8184E-02   3.0200E-02   0.0000E+00  0.0000
   3.0200E-02   3.2359E-02   0.0000E+00  0.0000
   3.2359E-02   3.4674E-02   0.0000E+00  0.0000
   3.4674E-02   3.7154E-02   0.0000E+00  0.0000
   3.7154E-02   3.9811E-02   0.0000E+00  0.0000
   3.9811E-02   4.2658E-02   0.0000E+00  0.0000
   4.2658E-02   4.5709E-02   7.8208E-06  1.0000
   4.5709E-02   4.8978E-02   1.1951E-07  1.0000
   4.8978E-02   5.2481E-02   0.0000E+00  0.0000
   5.2481E-02   5.6234E-02   2.0305E-06  1.0000
   5.6234E-02   6.0256E-02   0.0000E+00  0.0000
   6.0256E-02   6.4565E-02   0.0000E+00  0.0000
   6.4565E-02   6.9183E-02   0.0000E+00  0.0000
   6.9183E-02   7.4131E-02   0.0000E+00  0.0000
   7.4131E-02   7.9433E-02   0.0000E+00  0.0000
   7.9433E-02   8.5114E-02   0.0000E+00  0.0000
   8.5114E-02   9.1201E-02   0.0000E+00  0.0000
   9.1201E-02   9.7724E-02   0.0000E+00  0.0000
   9.7724E-02   1.0471E-01   0.0000E+00  0.0000
   1.0471E-01   1.1220E-01   0.0000E+00  0.0000
   1.1220E-01   1.2023E-01   0.0000E+00  0.0000
   1.2023E-01   1.2882E-01   5.4294E-06  1.0000
   1.2882E-01   1.3804E-01   1.4017E-06  1.0000
   1.3804E-01   1.4791E-01   2.4872E-06  0.7713
   1.4791E-01   1.5849E-01   0.0000E+00  0.0000
   1.5849E-01   1.6982E-01   0.0000E+00  0.0000
   1.6982E-01   1.8197E-01   0.0000E+00  0.0000
   1.8197E-01   1.9498E-01   0.0000E+00  0.0000
   1.9498E-01   2.0893E-01   0.0000E+00  0.0000
   2.0893E-01   2.2387E-01   0.0000E+00  0.0000
   2.2387E-01   2.3988E-01   0.0000E+00  0.0000
   2.3988E-01   2.5704E-01   0.0000E+00  0.0000
   2.5704E-01   2.7542E-01   0.0000E+00  0.0000
   2.7542E-01   2.9512E-01   0.0000E+00  0.0000
   2.9512E-01   3.1623E-01   0.0000E+00  0.0000
   3.1623E-01   3.3884E-01   3.4617E-06  1.0000
   3.3884E-01   3.6308E-01   0.0000E+00  0.0000
   3.6308E-01   3.8905E-01   0.0000E+00  0.0000
   3.8905E-01   4.1687E-01   1.0954E-06  1.0000
   4.1687E-01   4.4668E-01   0.0000E+00  0.0000
   4.4668E-01   4.7863E-01   0.0000E+00  0.0000
   4.7863E-01   5.1286E-01   5.2305E-06  0.8918
   5.1286E-01   5.4954E-01   0.0000E+00  0.0000
   5.4954E-01   5.8884E-01   6.8983E-07  1.0000
   5.8884E-01   6.3096E-01   0.0000E+00  0.0000
   6.3096E-01   6.7608E-01   0.0000E+00  0.0000
   6.7608E-01   7.2444E-01   1.7648E-06  1.0000
   7.2444E-01   7.7625E-01   0.0000E+00  0.0000
   7.7625E-01   8.3176E-01   0.0000E+00  0.0000
   8.3176E-01   8.9125E-01   0.0000E+00  0.0000
   8.9125E-01   9.5499E-01   0.0000E+00  0.0000
   9.5499E-01   1.0233E+00   0.0000E+00  0.0000
   1.0233E+00   1.0965E+00   0.0000E+00  0.0000
   1.0965E+00   1.1749E+00   0.0000E+00  0.0000
   1.1749E+00   1.2589E+00   0.0000E+00  0.0000
   1.2589E+00   1.3490E+00   0.0000E+00  0.0000
   1.3490E+00   1.4454E+00   0.0000E+00  0.0000
   1.4454E+00   1.5488E+00   0.0000E+00  0.0000
   1.5488E+00   1.6596E+00   0.0000E+00  0.0000
   1.6596E+00   1.7783E+00   0.0000E+00  0.0000
   1.7783E+00   1.9055E+00   0.0000E+00  0.0000
   1.9055E+00   2.0417E+00   0.0000E+00  0.0000
   2.0417E+00   2.1878E+00   0.0000E+00  0.0000
   2.1878E+00   2.3442E+00   0.0000E+00  0.0000
   2.3442E+00   2.5119E+00   0.0000E+00  0.0000
   2.5119E+00   2.6915E+00   0.0000E+00  0.0000
   2.6915E+00   2.8840E+00   0.0000E+00  0.0000
   2.8840E+00   3.0903E+00   0.0000E+00  0.0000
   3.0903E+00   3.3113E+00   0.0000E+00  0.0000
   3.3113E+00   3.5481E+00   0.0000E+00  0.0000
   3.5481E+00   3.8019E+00   0.0000E+00  0.0000
   3.8019E+00   4.0738E+00   0.0000E+00  0.0000
   4.0738E+00   4.3652E+00   0.0000E+00  0.0000
   4.3652E+00   4.6774E+00   0.0000E+00  0.0000
   4.6774E+00   5.0119E+00   0.0000E+00  0.0000
   5.0119E+00   5.3703E+00   0.0000E+00  0.0000
   5.3703E+00   5.7544E+00   0.0000E+00  0.0000
   5.7544E+00   6.1660E+00   0.0000E+00  0.0000
   6.1660E+00   6.6069E+00   0.0000E+00  0.0000
   6.6069E+00   7.0795E+00   0.0000E+00  0.0000
   7.0795E+00   7.5858E+00   0.0000E+00  0.0000
   7.5858E+00   8.1283E+00   1.5780E-06  1.0000
   8.1283E+00   8.7096E+00   0.0000E+00  0.0000
   8.7096E+00   9.3325E+00   3.6692E-06  1.0000
   9.3325E+00   1.0000E+01   3.7630E-06  1.0000

#   sum over                 4.0542E-05  0.3415

'no. = 17,  reg  =   4000'
msuc: {\huge [t-track] in region mesh}
msdr: {\it plotted by \ANGEL \version}
msdl: {\it calculated by \PHITS  3.36}
wt: s(0.7)
\vspace{-3}
   vol  &=&   4.4286E+01 [cm^3]
e:

#------------------------------------------------------------------------------
 newpage:
#   no. = 18   reg =   4200

x: Energy [MeV/n]
y: Flux [1/cm^2/source]              
p: xlog ylog afac(0.8) form(0.9)
h: n            x            y(photon  ),hh0l n  
#  e-lower      e-upper        photon    r.err 
   1.0000E-02   1.0715E-02   0.0000E+00  0.0000
   1.0715E-02   1.1482E-02   0.0000E+00  0.0000
   1.1482E-02   1.2303E-02   0.0000E+00  0.0000
   1.2303E-02   1.3183E-02   0.0000E+00  0.0000
   1.3183E-02   1.4125E-02   0.0000E+00  0.0000
   1.4125E-02   1.5136E-02   0.0000E+00  0.0000
   1.5136E-02   1.6218E-02   0.0000E+00  0.0000
   1.6218E-02   1.7378E-02   0.0000E+00  0.0000
   1.7378E-02   1.8621E-02   0.0000E+00  0.0000
   1.8621E-02   1.9953E-02   0.0000E+00  0.0000
   1.9953E-02   2.1380E-02   0.0000E+00  0.0000
   2.1380E-02   2.2909E-02   0.0000E+00  0.0000
   2.2909E-02   2.4547E-02   0.0000E+00  0.0000
   2.4547E-02   2.6303E-02   0.0000E+00  0.0000
   2.6303E-02   2.8184E-02   0.0000E+00  0.0000
   2.8184E-02   3.0200E-02   2.5281E-08  1.0000
   3.0200E-02   3.2359E-02   1.4954E-08  1.0000
   3.2359E-02   3.4674E-02   8.3953E-08  1.0000
   3.4674E-02   3.7154E-02   7.9284E-08  1.0000
   3.7154E-02   3.9811E-02   4.1995E-07  0.8407
   3.9811E-02   4.2658E-02   7.7046E-07  0.5695
   4.2658E-02   4.5709E-02   2.4632E-06  0.5165
   4.5709E-02   4.8978E-02   1.5073E-08  1.0000
   4.8978E-02   5.2481E-02   1.4418E-06  0.4684
   5.2481E-02   5.6234E-02   6.9469E-07  0.4399
   5.6234E-02   6.0256E-02   1.9129E-06  0.4483
   6.0256E-02   6.4565E-02   1.1677E-06  0.5936
   6.4565E-02   6.9183E-02   2.5250E-06  0.4601
   6.9183E-02   7.4131E-02   2.3206E-06  0.4575
   7.4131E-02   7.9433E-02   7.4346E-07  0.5171
   7.9433E-02   8.5114E-02   2.4351E-06  0.4441
   8.5114E-02   9.1201E-02   2.0612E-06  0.5083
   9.1201E-02   9.7724E-02   1.9514E-06  0.4316
   9.7724E-02   1.0471E-01   2.0142E-07  0.6108
   1.0471E-01   1.1220E-01   1.4741E-06  0.6900
   1.1220E-01   1.2023E-01   1.1626E-06  0.5261
   1.2023E-01   1.2882E-01   9.2183E-07  0.5514
   1.2882E-01   1.3804E-01   1.2678E-06  0.6588
   1.3804E-01   1.4791E-01   1.5821E-06  0.6207
   1.4791E-01   1.5849E-01   4.0144E-07  0.9457
   1.5849E-01   1.6982E-01   1.2768E-06  0.4884
   1.6982E-01   1.8197E-01   2.8570E-06  0.4562
   1.8197E-01   1.9498E-01   1.3802E-06  0.6816
   1.9498E-01   2.0893E-01   9.0057E-07  0.6088
   2.0893E-01   2.2387E-01   1.3502E-06  0.4994
   2.2387E-01   2.3988E-01   2.4200E-06  0.5088
   2.3988E-01   2.5704E-01   1.7751E-06  0.5023
   2.5704E-01   2.7542E-01   5.3538E-07  0.6466
   2.7542E-01   2.9512E-01   2.0325E-06  0.4425
   2.9512E-01   3.1623E-01   4.7783E-07  0.6504
   3.1623E-01   3.3884E-01   2.7784E-07  1.0000
   3.3884E-01   3.6308E-01   7.9641E-09  1.0000
   3.6308E-01   3.8905E-01   2.0182E-07  1.0000
   3.8905E-01   4.1687E-01   2.4998E-09  1.0000
   4.1687E-01   4.4668E-01   8.4727E-07  0.5017
   4.4668E-01   4.7863E-01   7.0079E-07  0.6819
   4.7863E-01   5.1286E-01   5.8420E-06  0.3130
   5.1286E-01   5.4954E-01   6.6559E-07  0.7092
   5.4954E-01   5.8884E-01   6.5076E-07  0.7860
   5.8884E-01   6.3096E-01   1.4205E-06  0.8428
   6.3096E-01   6.7608E-01   4.4544E-07  0.8768
   6.7608E-01   7.2444E-01   2.8558E-07  0.8885
   7.2444E-01   7.7625E-01   1.5537E-07  0.8276
   7.7625E-01   8.3176E-01   1.4202E-08  1.0000
   8.3176E-01   8.9125E-01   2.7361E-07  1.0000
   8.9125E-01   9.5499E-01   5.3547E-07  1.0000
   9.5499E-01   1.0233E+00   1.9743E-06  0.8769
   1.0233E+00   1.0965E+00   7.5788E-07  0.6430
   1.0965E+00   1.1749E+00   5.3106E-08  1.0000
   1.1749E+00   1.2589E+00   6.0510E-08  1.0000
   1.2589E+00   1.3490E+00   8.6540E-07  0.8875
   1.3490E+00   1.4454E+00   1.2315E-06  0.6287
   1.4454E+00   1.5488E+00   0.0000E+00  0.0000
   1.5488E+00   1.6596E+00   1.8844E-08  1.0000
   1.6596E+00   1.7783E+00   1.5966E-07  1.0000
   1.7783E+00   1.9055E+00   0.0000E+00  0.0000
   1.9055E+00   2.0417E+00   5.6549E-07  1.0000
   2.0417E+00   2.1878E+00   8.9348E-07  0.6258
   2.1878E+00   2.3442E+00   2.9752E-07  1.0000
   2.3442E+00   2.5119E+00   1.3384E-06  0.5369
   2.5119E+00   2.6915E+00   0.0000E+00  0.0000
   2.6915E+00   2.8840E+00   1.6044E-06  0.6079
   2.8840E+00   3.0903E+00   2.1134E-06  0.5963
   3.0903E+00   3.3113E+00   1.1751E-06  0.5048
   3.3113E+00   3.5481E+00   3.6194E-07  1.0000
   3.5481E+00   3.8019E+00   1.8649E-06  0.7579
   3.8019E+00   4.0738E+00   2.1244E-06  0.5902
   4.0738E+00   4.3652E+00   1.7391E-07  1.0000
   4.3652E+00   4.6774E+00   1.6103E-07  0.8254
   4.6774E+00   5.0119E+00   0.0000E+00  0.0000
   5.0119E+00   5.3703E+00   0.0000E+00  0.0000
   5.3703E+00   5.7544E+00   7.8369E-07  0.6354
   5.7544E+00   6.1660E+00   2.2155E-06  0.6830
   6.1660E+00   6.6069E+00   0.0000E+00  0.0000
   6.6069E+00   7.0795E+00   3.9047E-07  0.6752
   7.0795E+00   7.5858E+00   6.7632E-08  1.0000
   7.5858E+00   8.1283E+00   0.0000E+00  0.0000
   8.1283E+00   8.7096E+00   1.2080E-06  0.6410
   8.7096E+00   9.3325E+00   1.2883E-07  0.7260
   9.3325E+00   1.0000E+01   0.0000E+00  0.0000

#   sum over                 7.8059E-05  0.1121

'no. = 18,  reg  =   4200'
msuc: {\huge [t-track] in region mesh}
msdr: {\it plotted by \ANGEL \version}
msdl: {\it calculated by \PHITS  3.36}
wt: s(0.7)
\vspace{-3}
   vol  &=&   5.5278E+02 [cm^3]
e:

#------------------------------------------------------------------------------
 newpage:
#   no. = 19   reg =   4400

x: Energy [MeV/n]
y: Flux [1/cm^2/source]              
p: xlog ylog afac(0.8) form(0.9)
h: n            x            y(photon  ),hh0l n  
#  e-lower      e-upper        photon    r.err 
   1.0000E-02   1.0715E-02   5.5145E-08  1.0000
   1.0715E-02   1.1482E-02   2.2493E-08  1.0000
   1.1482E-02   1.2303E-02   0.0000E+00  0.0000
   1.2303E-02   1.3183E-02   0.0000E+00  0.0000
   1.3183E-02   1.4125E-02   0.0000E+00  0.0000
   1.4125E-02   1.5136E-02   0.0000E+00  0.0000
   1.5136E-02   1.6218E-02   0.0000E+00  0.0000
   1.6218E-02   1.7378E-02   0.0000E+00  0.0000
   1.7378E-02   1.8621E-02   0.0000E+00  0.0000
   1.8621E-02   1.9953E-02   1.4209E-07  0.9819
   1.9953E-02   2.1380E-02   2.2023E-07  1.0000
   2.1380E-02   2.2909E-02   2.8875E-07  0.7321
   2.2909E-02   2.4547E-02   2.1545E-07  1.0000
   2.4547E-02   2.6303E-02   2.0220E-07  0.8573
   2.6303E-02   2.8184E-02   3.0228E-07  1.0000
   2.8184E-02   3.0200E-02   2.4682E-07  0.5824
   3.0200E-02   3.2359E-02   5.6514E-07  0.7193
   3.2359E-02   3.4674E-02   5.5617E-07  0.5965
   3.4674E-02   3.7154E-02   1.1392E-06  0.3937
   3.7154E-02   3.9811E-02   8.2098E-07  0.5060
   3.9811E-02   4.2658E-02   1.6757E-06  0.3436
   4.2658E-02   4.5709E-02   1.9484E-06  0.3150
   4.5709E-02   4.8978E-02   2.5130E-06  0.2623
   4.8978E-02   5.2481E-02   2.4424E-06  0.2802
   5.2481E-02   5.6234E-02   3.3743E-06  0.2470
   5.6234E-02   6.0256E-02   2.0340E-06  0.2848
   6.0256E-02   6.4565E-02   2.3033E-06  0.2974
   6.4565E-02   6.9183E-02   1.9612E-06  0.3218
   6.9183E-02   7.4131E-02   3.3179E-06  0.3002
   7.4131E-02   7.9433E-02   3.0292E-06  0.3290
   7.9433E-02   8.5114E-02   3.0725E-06  0.2378
   8.5114E-02   9.1201E-02   3.0642E-06  0.2557
   9.1201E-02   9.7724E-02   4.8939E-06  0.3061
   9.7724E-02   1.0471E-01   4.7679E-06  0.2171
   1.0471E-01   1.1220E-01   5.6027E-06  0.2023
   1.1220E-01   1.2023E-01   4.8564E-06  0.2361
   1.2023E-01   1.2882E-01   6.2032E-06  0.2918
   1.2882E-01   1.3804E-01   3.3722E-06  0.2605
   1.3804E-01   1.4791E-01   5.6327E-06  0.2341
   1.4791E-01   1.5849E-01   5.0583E-06  0.2222
   1.5849E-01   1.6982E-01   4.3222E-06  0.2392
   1.6982E-01   1.8197E-01   3.7405E-06  0.2565
   1.8197E-01   1.9498E-01   3.6862E-06  0.2742
   1.9498E-01   2.0893E-01   3.2520E-06  0.3182
   2.0893E-01   2.2387E-01   2.9884E-06  0.2599
   2.2387E-01   2.3988E-01   5.1067E-06  0.2145
   2.3988E-01   2.5704E-01   3.5052E-06  0.2252
   2.5704E-01   2.7542E-01   3.1360E-06  0.2743
   2.7542E-01   2.9512E-01   5.4103E-06  0.2358
   2.9512E-01   3.1623E-01   6.7593E-06  0.1960
   3.1623E-01   3.3884E-01   4.3501E-06  0.2830
   3.3884E-01   3.6308E-01   3.0125E-06  0.3885
   3.6308E-01   3.8905E-01   3.7085E-06  0.2181
   3.8905E-01   4.1687E-01   5.0970E-06  0.2305
   4.1687E-01   4.4668E-01   5.7156E-06  0.2419
   4.4668E-01   4.7863E-01   3.4515E-06  0.2687
   4.7863E-01   5.1286E-01   3.0797E-05  0.1036
   5.1286E-01   5.4954E-01   1.4562E-06  0.4286
   5.4954E-01   5.8884E-01   1.7724E-06  0.4564
   5.8884E-01   6.3096E-01   1.9024E-06  0.3499
   6.3096E-01   6.7608E-01   2.1771E-06  0.2882
   6.7608E-01   7.2444E-01   2.0602E-06  0.2945
   7.2444E-01   7.7625E-01   1.7820E-06  0.3498
   7.7625E-01   8.3176E-01   2.6783E-06  0.2717
   8.3176E-01   8.9125E-01   1.5055E-06  0.5206
   8.9125E-01   9.5499E-01   2.0878E-06  0.2879
   9.5499E-01   1.0233E+00   2.1554E-06  0.2999
   1.0233E+00   1.0965E+00   1.6281E-06  0.3632
   1.0965E+00   1.1749E+00   1.7916E-06  0.3322
   1.1749E+00   1.2589E+00   1.3921E-06  0.4426
   1.2589E+00   1.3490E+00   1.3553E-06  0.3509
   1.3490E+00   1.4454E+00   1.6620E-06  0.3993
   1.4454E+00   1.5488E+00   3.3814E-07  0.6639
   1.5488E+00   1.6596E+00   8.7747E-07  0.4087
   1.6596E+00   1.7783E+00   2.0763E-06  0.3117
   1.7783E+00   1.9055E+00   1.2216E-06  0.4157
   1.9055E+00   2.0417E+00   1.4348E-06  0.3453
   2.0417E+00   2.1878E+00   7.9246E-07  0.4580
   2.1878E+00   2.3442E+00   1.4779E-06  0.3569
   2.3442E+00   2.5119E+00   1.0733E-06  0.3829
   2.5119E+00   2.6915E+00   1.1073E-06  0.5345
   2.6915E+00   2.8840E+00   1.2360E-06  0.3515
   2.8840E+00   3.0903E+00   1.1526E-06  0.4094
   3.0903E+00   3.3113E+00   1.4350E-06  0.4277
   3.3113E+00   3.5481E+00   1.1114E-06  0.4927
   3.5481E+00   3.8019E+00   1.7184E-06  0.3246
   3.8019E+00   4.0738E+00   1.0791E-06  0.4261
   4.0738E+00   4.3652E+00   1.3955E-06  0.3818
   4.3652E+00   4.6774E+00   1.0693E-06  0.3953
   4.6774E+00   5.0119E+00   1.3596E-06  0.3545
   5.0119E+00   5.3703E+00   2.4432E-06  0.2746
   5.3703E+00   5.7544E+00   2.6053E-06  0.3939
   5.7544E+00   6.1660E+00   1.5932E-06  0.3725
   6.1660E+00   6.6069E+00   1.4025E-06  0.3278
   6.6069E+00   7.0795E+00   3.4973E-06  0.2558
   7.0795E+00   7.5858E+00   1.2176E-06  0.3618
   7.5858E+00   8.1283E+00   1.1914E-06  0.3667
   8.1283E+00   8.7096E+00   1.8502E-06  0.3426
   8.7096E+00   9.3325E+00   2.3139E-06  0.2862
   9.3325E+00   1.0000E+01   2.9653E-06  0.2747

#   sum over                 2.4438E-04  0.0404

'no. = 19,  reg  =   4400'
msuc: {\huge [t-track] in region mesh}
msdr: {\it plotted by \ANGEL \version}
msdl: {\it calculated by \PHITS  3.36}
wt: s(0.7)
\vspace{-3}
   vol  &=&   3.9090E+02 [cm^3]
e:

#------------------------------------------------------------------------------
 newpage:
#   no. = 20   reg =   4600

x: Energy [MeV/n]
y: Flux [1/cm^2/source]              
p: xlog ylog afac(0.8) form(0.9)
h: n            x            y(photon  ),hh0l n  
#  e-lower      e-upper        photon    r.err 
   1.0000E-02   1.0715E-02   3.3761E-08  1.0000
   1.0715E-02   1.1482E-02   0.0000E+00  0.0000
   1.1482E-02   1.2303E-02   0.0000E+00  0.0000
   1.2303E-02   1.3183E-02   0.0000E+00  0.0000
   1.3183E-02   1.4125E-02   0.0000E+00  0.0000
   1.4125E-02   1.5136E-02   0.0000E+00  0.0000
   1.5136E-02   1.6218E-02   0.0000E+00  0.0000
   1.6218E-02   1.7378E-02   0.0000E+00  0.0000
   1.7378E-02   1.8621E-02   0.0000E+00  0.0000
   1.8621E-02   1.9953E-02   0.0000E+00  0.0000
   1.9953E-02   2.1380E-02   0.0000E+00  0.0000
   2.1380E-02   2.2909E-02   0.0000E+00  0.0000
   2.2909E-02   2.4547E-02   0.0000E+00  0.0000
   2.4547E-02   2.6303E-02   0.0000E+00  0.0000
   2.6303E-02   2.8184E-02   0.0000E+00  0.0000
   2.8184E-02   3.0200E-02   2.3099E-07  1.0000
   3.0200E-02   3.2359E-02   5.6093E-08  1.0000
   3.2359E-02   3.4674E-02   8.7402E-08  1.0000
   3.4674E-02   3.7154E-02   1.5663E-06  1.0000
   3.7154E-02   3.9811E-02   1.6250E-06  1.0000
   3.9811E-02   4.2658E-02   1.4201E-07  1.0000
   4.2658E-02   4.5709E-02   4.9612E-07  1.0000
   4.5709E-02   4.8978E-02   4.1574E-07  1.0000
   4.8978E-02   5.2481E-02   0.0000E+00  0.0000
   5.2481E-02   5.6234E-02   7.3972E-07  0.7520
   5.6234E-02   6.0256E-02   2.2107E-06  0.6016
   6.0256E-02   6.4565E-02   0.0000E+00  0.0000
   6.4565E-02   6.9183E-02   3.3801E-06  0.6420
   6.9183E-02   7.4131E-02   4.1820E-06  0.6092
   7.4131E-02   7.9433E-02   6.6027E-07  1.0000
   7.9433E-02   8.5114E-02   0.0000E+00  0.0000
   8.5114E-02   9.1201E-02   5.8521E-07  0.7705
   9.1201E-02   9.7724E-02   5.9705E-06  0.4679
   9.7724E-02   1.0471E-01   2.2255E-06  0.6505
   1.0471E-01   1.1220E-01   7.5601E-07  0.7954
   1.1220E-01   1.2023E-01   2.2419E-07  0.7458
   1.2023E-01   1.2882E-01   1.2424E-06  0.5197
   1.2882E-01   1.3804E-01   4.1160E-07  1.0000
   1.3804E-01   1.4791E-01   1.7716E-06  0.8422
   1.4791E-01   1.5849E-01   1.0167E-06  0.6732
   1.5849E-01   1.6982E-01   3.2200E-06  0.6462
   1.6982E-01   1.8197E-01   6.8643E-07  0.8967
   1.8197E-01   1.9498E-01   2.3405E-06  0.5941
   1.9498E-01   2.0893E-01   4.9024E-07  0.5935
   2.0893E-01   2.2387E-01   2.8984E-06  0.6194
   2.2387E-01   2.3988E-01   1.6561E-06  0.4888
   2.3988E-01   2.5704E-01   2.3392E-06  0.6824
   2.5704E-01   2.7542E-01   2.5552E-06  0.6949
   2.7542E-01   2.9512E-01   1.7877E-06  0.6056
   2.9512E-01   3.1623E-01   5.0118E-06  0.6627
   3.1623E-01   3.3884E-01   1.4292E-06  0.7250
   3.3884E-01   3.6308E-01   3.0943E-07  0.7125
   3.6308E-01   3.8905E-01   9.0346E-06  0.6180
   3.8905E-01   4.1687E-01   3.0847E-06  0.5688
   4.1687E-01   4.4668E-01   1.0850E-06  1.0000
   4.4668E-01   4.7863E-01   7.7820E-07  0.7072
   4.7863E-01   5.1286E-01   5.5763E-06  0.3935
   5.1286E-01   5.4954E-01   7.8013E-07  0.8821
   5.4954E-01   5.8884E-01   4.1250E-06  0.5651
   5.8884E-01   6.3096E-01   3.0450E-06  0.8184
   6.3096E-01   6.7608E-01   1.6134E-06  1.0000
   6.7608E-01   7.2444E-01   2.1411E-06  0.7040
   7.2444E-01   7.7625E-01   0.0000E+00  0.0000
   7.7625E-01   8.3176E-01   6.0616E-08  1.0000
   8.3176E-01   8.9125E-01   3.0209E-07  1.0000
   8.9125E-01   9.5499E-01   4.4363E-07  1.0000
   9.5499E-01   1.0233E+00   1.1325E-07  1.0000
   1.0233E+00   1.0965E+00   6.7481E-07  1.0000
   1.0965E+00   1.1749E+00   3.9458E-07  1.0000
   1.1749E+00   1.2589E+00   9.8176E-07  0.6280
   1.2589E+00   1.3490E+00   2.6770E-06  0.6920
   1.3490E+00   1.4454E+00   3.4672E-07  1.0000
   1.4454E+00   1.5488E+00   0.0000E+00  0.0000
   1.5488E+00   1.6596E+00   1.0501E-06  0.7125
   1.6596E+00   1.7783E+00   2.4577E-06  0.7093
   1.7783E+00   1.9055E+00   3.6409E-07  1.0000
   1.9055E+00   2.0417E+00   3.9742E-07  1.0000
   2.0417E+00   2.1878E+00   8.9880E-08  1.0000
   2.1878E+00   2.3442E+00   1.2322E-06  1.0000
   2.3442E+00   2.5119E+00   9.4214E-07  0.7157
   2.5119E+00   2.6915E+00   2.3780E-07  1.0000
   2.6915E+00   2.8840E+00   1.5120E-06  0.7104
   2.8840E+00   3.0903E+00   0.0000E+00  0.0000
   3.0903E+00   3.3113E+00   6.0213E-08  1.0000
   3.3113E+00   3.5481E+00   1.4307E-06  0.7126
   3.5481E+00   3.8019E+00   6.0508E-07  0.7121
   3.8019E+00   4.0738E+00   1.4281E-06  0.8249
   4.0738E+00   4.3652E+00   3.6576E-07  1.0000
   4.3652E+00   4.6774E+00   1.6053E-06  0.6646
   4.6774E+00   5.0119E+00   3.3476E-07  1.0000
   5.0119E+00   5.3703E+00   1.0921E-06  0.7435
   5.3703E+00   5.7544E+00   7.4814E-08  1.0000
   5.7544E+00   6.1660E+00   6.5374E-07  0.8464
   6.1660E+00   6.6069E+00   9.5013E-07  0.5845
   6.6069E+00   7.0795E+00   8.3881E-07  0.7953
   7.0795E+00   7.5858E+00   1.0335E-06  0.6796
   7.5858E+00   8.1283E+00   2.4641E-06  0.6080
   8.1283E+00   8.7096E+00   1.4699E-06  0.8475
   8.7096E+00   9.3325E+00   8.1221E-07  0.8302
   9.3325E+00   1.0000E+01   1.4771E-06  1.0000

#   sum over                 1.1699E-04  0.1269

'no. = 20,  reg  =   4600'
msuc: {\huge [t-track] in region mesh}
msdr: {\it plotted by \ANGEL \version}
msdl: {\it calculated by \PHITS  3.36}
wt: s(0.7)
\vspace{-3}
   vol  &=&   1.3045E+02 [cm^3]
e:

#------------------------------------------------------------------------------
 newpage:
#   no. = 21   reg =   4800

x: Energy [MeV/n]
y: Flux [1/cm^2/source]              
p: xlog ylog afac(0.8) form(0.9)
h: n            x            y(photon  ),hh0l n  
#  e-lower      e-upper        photon    r.err 
   1.0000E-02   1.0715E-02   0.0000E+00  0.0000
   1.0715E-02   1.1482E-02   0.0000E+00  0.0000
   1.1482E-02   1.2303E-02   0.0000E+00  0.0000
   1.2303E-02   1.3183E-02   0.0000E+00  0.0000
   1.3183E-02   1.4125E-02   0.0000E+00  0.0000
   1.4125E-02   1.5136E-02   0.0000E+00  0.0000
   1.5136E-02   1.6218E-02   0.0000E+00  0.0000
   1.6218E-02   1.7378E-02   0.0000E+00  0.0000
   1.7378E-02   1.8621E-02   0.0000E+00  0.0000
   1.8621E-02   1.9953E-02   0.0000E+00  0.0000
   1.9953E-02   2.1380E-02   0.0000E+00  0.0000
   2.1380E-02   2.2909E-02   0.0000E+00  0.0000
   2.2909E-02   2.4547E-02   0.0000E+00  0.0000
   2.4547E-02   2.6303E-02   0.0000E+00  0.0000
   2.6303E-02   2.8184E-02   0.0000E+00  0.0000
   2.8184E-02   3.0200E-02   0.0000E+00  0.0000
   3.0200E-02   3.2359E-02   0.0000E+00  0.0000
   3.2359E-02   3.4674E-02   0.0000E+00  0.0000
   3.4674E-02   3.7154E-02   0.0000E+00  0.0000
   3.7154E-02   3.9811E-02   0.0000E+00  0.0000
   3.9811E-02   4.2658E-02   9.2294E-07  1.0000
   4.2658E-02   4.5709E-02   9.4774E-07  1.0000
   4.5709E-02   4.8978E-02   5.1443E-07  1.0000
   4.8978E-02   5.2481E-02   1.0050E-06  1.0000
   5.2481E-02   5.6234E-02   0.0000E+00  0.0000
   5.6234E-02   6.0256E-02   0.0000E+00  0.0000
   6.0256E-02   6.4565E-02   0.0000E+00  0.0000
   6.4565E-02   6.9183E-02   0.0000E+00  0.0000
   6.9183E-02   7.4131E-02   3.5998E-06  1.0000
   7.4131E-02   7.9433E-02   0.0000E+00  0.0000
   7.9433E-02   8.5114E-02   0.0000E+00  0.0000
   8.5114E-02   9.1201E-02   0.0000E+00  0.0000
   9.1201E-02   9.7724E-02   1.4326E-06  1.0000
   9.7724E-02   1.0471E-01   2.7919E-06  0.7131
   1.0471E-01   1.1220E-01   0.0000E+00  0.0000
   1.1220E-01   1.2023E-01   0.0000E+00  0.0000
   1.2023E-01   1.2882E-01   1.4595E-07  1.0000
   1.2882E-01   1.3804E-01   1.5822E-06  0.7275
   1.3804E-01   1.4791E-01   2.0077E-06  0.5778
   1.4791E-01   1.5849E-01   0.0000E+00  0.0000
   1.5849E-01   1.6982E-01   1.1072E-06  1.0000
   1.6982E-01   1.8197E-01   9.8839E-07  0.7345
   1.8197E-01   1.9498E-01   0.0000E+00  0.0000
   1.9498E-01   2.0893E-01   3.4981E-06  1.0000
   2.0893E-01   2.2387E-01   0.0000E+00  0.0000
   2.2387E-01   2.3988E-01   0.0000E+00  0.0000
   2.3988E-01   2.5704E-01   0.0000E+00  0.0000
   2.5704E-01   2.7542E-01   0.0000E+00  0.0000
   2.7542E-01   2.9512E-01   4.4080E-07  1.0000
   2.9512E-01   3.1623E-01   0.0000E+00  0.0000
   3.1623E-01   3.3884E-01   0.0000E+00  0.0000
   3.3884E-01   3.6308E-01   7.3133E-06  1.0000
   3.6308E-01   3.8905E-01   1.8755E-06  1.0000
   3.8905E-01   4.1687E-01   0.0000E+00  0.0000
   4.1687E-01   4.4668E-01   0.0000E+00  0.0000
   4.4668E-01   4.7863E-01   0.0000E+00  0.0000
   4.7863E-01   5.1286E-01   1.7611E-06  0.7089
   5.1286E-01   5.4954E-01   0.0000E+00  0.0000
   5.4954E-01   5.8884E-01   0.0000E+00  0.0000
   5.8884E-01   6.3096E-01   0.0000E+00  0.0000
   6.3096E-01   6.7608E-01   0.0000E+00  0.0000
   6.7608E-01   7.2444E-01   0.0000E+00  0.0000
   7.2444E-01   7.7625E-01   1.1939E-06  1.0000
   7.7625E-01   8.3176E-01   0.0000E+00  0.0000
   8.3176E-01   8.9125E-01   0.0000E+00  0.0000
   8.9125E-01   9.5499E-01   0.0000E+00  0.0000
   9.5499E-01   1.0233E+00   0.0000E+00  0.0000
   1.0233E+00   1.0965E+00   0.0000E+00  0.0000
   1.0965E+00   1.1749E+00   0.0000E+00  0.0000
   1.1749E+00   1.2589E+00   0.0000E+00  0.0000
   1.2589E+00   1.3490E+00   2.0208E-06  1.0000
   1.3490E+00   1.4454E+00   3.1874E-07  1.0000
   1.4454E+00   1.5488E+00   0.0000E+00  0.0000
   1.5488E+00   1.6596E+00   0.0000E+00  0.0000
   1.6596E+00   1.7783E+00   6.1635E-07  1.0000
   1.7783E+00   1.9055E+00   5.6375E-07  1.0000
   1.9055E+00   2.0417E+00   0.0000E+00  0.0000
   2.0417E+00   2.1878E+00   0.0000E+00  0.0000
   2.1878E+00   2.3442E+00   0.0000E+00  0.0000
   2.3442E+00   2.5119E+00   0.0000E+00  0.0000
   2.5119E+00   2.6915E+00   0.0000E+00  0.0000
   2.6915E+00   2.8840E+00   0.0000E+00  0.0000
   2.8840E+00   3.0903E+00   0.0000E+00  0.0000
   3.0903E+00   3.3113E+00   0.0000E+00  0.0000
   3.3113E+00   3.5481E+00   1.0517E-07  1.0000
   3.5481E+00   3.8019E+00   0.0000E+00  0.0000
   3.8019E+00   4.0738E+00   0.0000E+00  0.0000
   4.0738E+00   4.3652E+00   0.0000E+00  0.0000
   4.3652E+00   4.6774E+00   0.0000E+00  0.0000
   4.6774E+00   5.0119E+00   0.0000E+00  0.0000
   5.0119E+00   5.3703E+00   0.0000E+00  0.0000
   5.3703E+00   5.7544E+00   0.0000E+00  0.0000
   5.7544E+00   6.1660E+00   0.0000E+00  0.0000
   6.1660E+00   6.6069E+00   2.0812E-06  1.0000
   6.6069E+00   7.0795E+00   0.0000E+00  0.0000
   7.0795E+00   7.5858E+00   1.4130E-06  1.0000
   7.5858E+00   8.1283E+00   0.0000E+00  0.0000
   8.1283E+00   8.7096E+00   0.0000E+00  0.0000
   8.7096E+00   9.3325E+00   4.2282E-06  1.0000
   9.3325E+00   1.0000E+01   1.4434E-06  1.0000

#   sum over                 4.5919E-05  0.2775

'no. = 21,  reg  =   4800'
msuc: {\huge [t-track] in region mesh}
msdr: {\it plotted by \ANGEL \version}
msdl: {\it calculated by \PHITS  3.36}
wt: s(0.7)
\vspace{-3}
   vol  &=&   7.5229E+01 [cm^3]
e:

#------------------------------------------------------------------------------
 newpage:
#   no. = 22   reg =   5000

x: Energy [MeV/n]
y: Flux [1/cm^2/source]              
p: xlog ylog afac(0.8) form(0.9)
h: n            x            y(photon  ),hh0l n  
#  e-lower      e-upper        photon    r.err 
   1.0000E-02   1.0715E-02   6.3202E-09  1.0000
   1.0715E-02   1.1482E-02   1.2374E-08  1.0000
   1.1482E-02   1.2303E-02   0.0000E+00  0.0000
   1.2303E-02   1.3183E-02   0.0000E+00  0.0000
   1.3183E-02   1.4125E-02   0.0000E+00  0.0000
   1.4125E-02   1.5136E-02   6.6551E-08  1.0000
   1.5136E-02   1.6218E-02   0.0000E+00  0.0000
   1.6218E-02   1.7378E-02   9.7129E-08  1.0000
   1.7378E-02   1.8621E-02   0.0000E+00  0.0000
   1.8621E-02   1.9953E-02   0.0000E+00  0.0000
   1.9953E-02   2.1380E-02   0.0000E+00  0.0000
   2.1380E-02   2.2909E-02   0.0000E+00  0.0000
   2.2909E-02   2.4547E-02   8.4286E-07  1.0000
   2.4547E-02   2.6303E-02   0.0000E+00  0.0000
   2.6303E-02   2.8184E-02   0.0000E+00  0.0000
   2.8184E-02   3.0200E-02   0.0000E+00  0.0000
   3.0200E-02   3.2359E-02   1.1096E-06  0.8605
   3.2359E-02   3.4674E-02   1.2213E-08  1.0000
   3.4674E-02   3.7154E-02   5.8773E-07  0.6570
   3.7154E-02   3.9811E-02   1.2207E-06  0.4958
   3.9811E-02   4.2658E-02   3.2589E-06  0.5237
   4.2658E-02   4.5709E-02   5.3453E-07  0.6433
   4.5709E-02   4.8978E-02   1.9718E-06  0.4856
   4.8978E-02   5.2481E-02   2.5950E-06  0.4958
   5.2481E-02   5.6234E-02   1.2270E-06  0.5149
   5.6234E-02   6.0256E-02   4.9280E-06  0.4490
   6.0256E-02   6.4565E-02   4.5596E-06  0.4208
   6.4565E-02   6.9183E-02   4.7778E-06  0.4463
   6.9183E-02   7.4131E-02   5.8810E-06  0.4395
   7.4131E-02   7.9433E-02   6.1680E-06  0.3139
   7.9433E-02   8.5114E-02   4.5501E-06  0.4147
   8.5114E-02   9.1201E-02   4.2596E-06  0.3980
   9.1201E-02   9.7724E-02   3.5335E-06  0.4030
   9.7724E-02   1.0471E-01   7.1120E-06  0.3573
   1.0471E-01   1.1220E-01   3.6532E-06  0.4360
   1.1220E-01   1.2023E-01   5.3305E-06  0.3857
   1.2023E-01   1.2882E-01   9.6902E-06  0.3123
   1.2882E-01   1.3804E-01   3.6243E-06  0.3685
   1.3804E-01   1.4791E-01   4.9576E-06  0.3997
   1.4791E-01   1.5849E-01   5.6429E-06  0.3837
   1.5849E-01   1.6982E-01   3.3147E-06  0.4142
   1.6982E-01   1.8197E-01   5.4010E-06  0.3622
   1.8197E-01   1.9498E-01   2.9480E-06  0.4889
   1.9498E-01   2.0893E-01   5.9943E-06  0.4003
   2.0893E-01   2.2387E-01   4.8489E-06  0.3943
   2.2387E-01   2.3988E-01   7.4073E-06  0.3200
   2.3988E-01   2.5704E-01   5.7442E-06  0.4143
   2.5704E-01   2.7542E-01   7.8115E-06  0.3329
   2.7542E-01   2.9512E-01   7.3514E-06  0.4970
   2.9512E-01   3.1623E-01   4.5009E-06  0.4332
   3.1623E-01   3.3884E-01   5.3958E-06  0.3416
   3.3884E-01   3.6308E-01   3.3934E-06  0.4183
   3.6308E-01   3.8905E-01   5.3835E-06  0.3761
   3.8905E-01   4.1687E-01   2.8715E-06  0.4698
   4.1687E-01   4.4668E-01   6.1681E-06  0.3457
   4.4668E-01   4.7863E-01   6.5451E-06  0.4181
   4.7863E-01   5.1286E-01   3.5392E-05  0.1680
   5.1286E-01   5.4954E-01   2.8973E-06  0.5571
   5.4954E-01   5.8884E-01   2.9860E-06  0.6129
   5.8884E-01   6.3096E-01   2.1179E-06  0.5569
   6.3096E-01   6.7608E-01   2.0555E-06  0.6241
   6.7608E-01   7.2444E-01   2.5713E-06  0.5731
   7.2444E-01   7.7625E-01   2.1256E-06  0.8137
   7.7625E-01   8.3176E-01   2.6849E-06  0.6124
   8.3176E-01   8.9125E-01   1.1509E-06  0.7863
   8.9125E-01   9.5499E-01   3.9087E-07  1.0000
   9.5499E-01   1.0233E+00   2.3804E-06  0.7266
   1.0233E+00   1.0965E+00   1.0536E-06  0.5921
   1.0965E+00   1.1749E+00   3.5392E-06  0.4817
   1.1749E+00   1.2589E+00   5.8873E-07  0.6474
   1.2589E+00   1.3490E+00   2.8453E-06  0.5381
   1.3490E+00   1.4454E+00   2.0557E-06  0.5915
   1.4454E+00   1.5488E+00   1.1688E-06  1.0000
   1.5488E+00   1.6596E+00   9.0377E-07  0.7594
   1.6596E+00   1.7783E+00   8.1638E-07  0.9343
   1.7783E+00   1.9055E+00   1.8801E-06  0.6129
   1.9055E+00   2.0417E+00   2.7241E-07  0.7613
   2.0417E+00   2.1878E+00   2.2035E-06  0.5858
   2.1878E+00   2.3442E+00   2.7090E-06  0.4804
   2.3442E+00   2.5119E+00   1.1825E-06  0.6666
   2.5119E+00   2.6915E+00   4.1466E-06  0.4734
   2.6915E+00   2.8840E+00   1.9331E-07  1.0000
   2.8840E+00   3.0903E+00   2.3667E-06  0.5877
   3.0903E+00   3.3113E+00   5.6070E-07  0.7127
   3.3113E+00   3.5481E+00   2.6198E-06  0.5925
   3.5481E+00   3.8019E+00   2.0176E-06  0.6062
   3.8019E+00   4.0738E+00   0.0000E+00  0.0000
   4.0738E+00   4.3652E+00   0.0000E+00  0.0000
   4.3652E+00   4.6774E+00   3.0422E-06  0.5163
   4.6774E+00   5.0119E+00   6.1543E-07  1.0000
   5.0119E+00   5.3703E+00   4.0877E-06  0.4861
   5.3703E+00   5.7544E+00   3.3234E-06  0.6618
   5.7544E+00   6.1660E+00   2.9403E-06  0.6148
   6.1660E+00   6.6069E+00   3.0347E-06  0.5061
   6.6069E+00   7.0795E+00   1.8390E-06  0.5430
   7.0795E+00   7.5858E+00   1.5195E-06  0.7021
   7.5858E+00   8.1283E+00   2.9842E-06  0.6643
   8.1283E+00   8.7096E+00   3.4714E-06  0.5871
   8.7096E+00   9.3325E+00   3.6111E-06  0.5601
   9.3325E+00   1.0000E+01   2.1282E-06  0.6402

#   sum over                 2.9976E-04  0.0675

'no. = 22,  reg  =   5000'
msuc: {\huge [t-track] in region mesh}
msdr: {\it plotted by \ANGEL \version}
msdl: {\it calculated by \PHITS  3.36}
wt: s(0.7)
\vspace{-3}
   vol  &=&   3.2264E+02 [cm^3]
e:

#------------------------------------------------------------------------------
 newpage:
#   no. = 23   reg =   5200

x: Energy [MeV/n]
y: Flux [1/cm^2/source]              
p: xlog ylog afac(0.8) form(0.9)
h: n            x            y(photon  ),hh0l n  
#  e-lower      e-upper        photon    r.err 
   1.0000E-02   1.0715E-02   0.0000E+00  0.0000
   1.0715E-02   1.1482E-02   0.0000E+00  0.0000
   1.1482E-02   1.2303E-02   0.0000E+00  0.0000
   1.2303E-02   1.3183E-02   0.0000E+00  0.0000
   1.3183E-02   1.4125E-02   0.0000E+00  0.0000
   1.4125E-02   1.5136E-02   0.0000E+00  0.0000
   1.5136E-02   1.6218E-02   0.0000E+00  0.0000
   1.6218E-02   1.7378E-02   0.0000E+00  0.0000
   1.7378E-02   1.8621E-02   0.0000E+00  0.0000
   1.8621E-02   1.9953E-02   0.0000E+00  0.0000
   1.9953E-02   2.1380E-02   0.0000E+00  0.0000
   2.1380E-02   2.2909E-02   5.6102E-07  1.0000
   2.2909E-02   2.4547E-02   2.4388E-07  0.8052
   2.4547E-02   2.6303E-02   0.0000E+00  0.0000
   2.6303E-02   2.8184E-02   0.0000E+00  0.0000
   2.8184E-02   3.0200E-02   0.0000E+00  0.0000
   3.0200E-02   3.2359E-02   7.8277E-07  1.0000
   3.2359E-02   3.4674E-02   5.7850E-07  1.0000
   3.4674E-02   3.7154E-02   8.1485E-07  0.9447
   3.7154E-02   3.9811E-02   2.6975E-06  0.5237
   3.9811E-02   4.2658E-02   1.6951E-06  0.9002
   4.2658E-02   4.5709E-02   2.2135E-06  0.6396
   4.5709E-02   4.8978E-02   2.5167E-06  0.7108
   4.8978E-02   5.2481E-02   2.8348E-06  0.4785
   5.2481E-02   5.6234E-02   2.5359E-06  0.5201
   5.6234E-02   6.0256E-02   5.3340E-06  0.4849
   6.0256E-02   6.4565E-02   2.9544E-06  0.5279
   6.4565E-02   6.9183E-02   5.2477E-06  0.4700
   6.9183E-02   7.4131E-02   4.9615E-06  0.4932
   7.4131E-02   7.9433E-02   6.1933E-06  0.4151
   7.9433E-02   8.5114E-02   2.6767E-06  0.6682
   8.5114E-02   9.1201E-02   3.0937E-06  0.5442
   9.1201E-02   9.7724E-02   4.5370E-06  0.5177
   9.7724E-02   1.0471E-01   1.5547E-06  0.6305
   1.0471E-01   1.1220E-01   1.0332E-06  0.5960
   1.1220E-01   1.2023E-01   2.0269E-06  0.6024
   1.2023E-01   1.2882E-01   5.2765E-06  0.4373
   1.2882E-01   1.3804E-01   4.4403E-06  0.4199
   1.3804E-01   1.4791E-01   4.0308E-06  0.5098
   1.4791E-01   1.5849E-01   7.3234E-06  0.3993
   1.5849E-01   1.6982E-01   2.9411E-06  0.5783
   1.6982E-01   1.8197E-01   8.9557E-06  0.3721
   1.8197E-01   1.9498E-01   7.0316E-06  0.4044
   1.9498E-01   2.0893E-01   2.4534E-06  0.7073
   2.0893E-01   2.2387E-01   2.6735E-06  0.6195
   2.2387E-01   2.3988E-01   3.1939E-06  0.4191
   2.3988E-01   2.5704E-01   4.8029E-06  0.4427
   2.5704E-01   2.7542E-01   4.4062E-06  0.6188
   2.7542E-01   2.9512E-01   7.9551E-06  0.4091
   2.9512E-01   3.1623E-01   1.5436E-06  0.5213
   3.1623E-01   3.3884E-01   1.7056E-06  0.6080
   3.3884E-01   3.6308E-01   1.4704E-06  0.6736
   3.6308E-01   3.8905E-01   4.8285E-06  0.4539
   3.8905E-01   4.1687E-01   5.5541E-06  0.4642
   4.1687E-01   4.4668E-01   6.4010E-06  0.3929
   4.4668E-01   4.7863E-01   2.7392E-06  0.5664
   4.7863E-01   5.1286E-01   2.0675E-05  0.2669
   5.1286E-01   5.4954E-01   2.7400E-06  0.7342
   5.4954E-01   5.8884E-01   4.1261E-07  1.0000
   5.8884E-01   6.3096E-01   9.9263E-07  1.0000
   6.3096E-01   6.7608E-01   3.7068E-06  0.5903
   6.7608E-01   7.2444E-01   1.8366E-06  0.9463
   7.2444E-01   7.7625E-01   1.0877E-06  0.7077
   7.7625E-01   8.3176E-01   6.8599E-07  1.0000
   8.3176E-01   8.9125E-01   3.7692E-06  0.5275
   8.9125E-01   9.5499E-01   1.0330E-06  0.7104
   9.5499E-01   1.0233E+00   1.3590E-06  1.0000
   1.0233E+00   1.0965E+00   1.8453E-06  1.0000
   1.0965E+00   1.1749E+00   0.0000E+00  0.0000
   1.1749E+00   1.2589E+00   0.0000E+00  0.0000
   1.2589E+00   1.3490E+00   3.5450E-07  1.0000
   1.3490E+00   1.4454E+00   0.0000E+00  0.0000
   1.4454E+00   1.5488E+00   7.2403E-07  0.7421
   1.5488E+00   1.6596E+00   2.3510E-06  0.8043
   1.6596E+00   1.7783E+00   1.1304E-06  0.9090
   1.7783E+00   1.9055E+00   0.0000E+00  0.0000
   1.9055E+00   2.0417E+00   1.1221E-06  0.8373
   2.0417E+00   2.1878E+00   0.0000E+00  0.0000
   2.1878E+00   2.3442E+00   1.0405E-06  0.6410
   2.3442E+00   2.5119E+00   7.3027E-07  1.0000
   2.5119E+00   2.6915E+00   1.4088E-06  1.0000
   2.6915E+00   2.8840E+00   0.0000E+00  0.0000
   2.8840E+00   3.0903E+00   1.3535E-06  0.9876
   3.0903E+00   3.3113E+00   2.8374E-06  0.6263
   3.3113E+00   3.5481E+00   1.2062E-06  0.7278
   3.5481E+00   3.8019E+00   1.4702E-06  1.0000
   3.8019E+00   4.0738E+00   7.6343E-07  1.0000
   4.0738E+00   4.3652E+00   1.9559E-06  0.7755
   4.3652E+00   4.6774E+00   1.1214E-06  1.0000
   4.6774E+00   5.0119E+00   0.0000E+00  0.0000
   5.0119E+00   5.3703E+00   4.9457E-07  1.0000
   5.3703E+00   5.7544E+00   4.4633E-06  0.7657
   5.7544E+00   6.1660E+00   9.6266E-07  0.5916
   6.1660E+00   6.6069E+00   1.5825E-06  0.7104
   6.6069E+00   7.0795E+00   1.2022E-06  1.0000
   7.0795E+00   7.5858E+00   3.7478E-06  0.5505
   7.5858E+00   8.1283E+00   1.8875E-06  1.0000
   8.1283E+00   8.7096E+00   0.0000E+00  0.0000
   8.7096E+00   9.3325E+00   1.2809E-06  0.9320
   9.3325E+00   1.0000E+01   2.0261E-06  0.7410

#   sum over                 2.2418E-04  0.0933

'no. = 23,  reg  =   5200'
msuc: {\huge [t-track] in region mesh}
msdr: {\it plotted by \ANGEL \version}
msdl: {\it calculated by \PHITS  3.36}
wt: s(0.7)
\vspace{-3}
   vol  &=&   2.6316E+02 [cm^3]
e:

#------------------------------------------------------------------------------
 newpage:
#   no. = 24   reg =   5400

x: Energy [MeV/n]
y: Flux [1/cm^2/source]              
p: xlog ylog afac(0.8) form(0.9)
h: n            x            y(photon  ),hh0l n  
#  e-lower      e-upper        photon    r.err 
   1.0000E-02   1.0715E-02   0.0000E+00  0.0000
   1.0715E-02   1.1482E-02   0.0000E+00  0.0000
   1.1482E-02   1.2303E-02   0.0000E+00  0.0000
   1.2303E-02   1.3183E-02   0.0000E+00  0.0000
   1.3183E-02   1.4125E-02   0.0000E+00  0.0000
   1.4125E-02   1.5136E-02   0.0000E+00  0.0000
   1.5136E-02   1.6218E-02   0.0000E+00  0.0000
   1.6218E-02   1.7378E-02   0.0000E+00  0.0000
   1.7378E-02   1.8621E-02   0.0000E+00  0.0000
   1.8621E-02   1.9953E-02   0.0000E+00  0.0000
   1.9953E-02   2.1380E-02   0.0000E+00  0.0000
   2.1380E-02   2.2909E-02   0.0000E+00  0.0000
   2.2909E-02   2.4547E-02   0.0000E+00  0.0000
   2.4547E-02   2.6303E-02   0.0000E+00  0.0000
   2.6303E-02   2.8184E-02   0.0000E+00  0.0000
   2.8184E-02   3.0200E-02   0.0000E+00  0.0000
   3.0200E-02   3.2359E-02   0.0000E+00  0.0000
   3.2359E-02   3.4674E-02   0.0000E+00  0.0000
   3.4674E-02   3.7154E-02   2.2715E-06  1.0000
   3.7154E-02   3.9811E-02   0.0000E+00  0.0000
   3.9811E-02   4.2658E-02   1.8005E-06  0.5363
   4.2658E-02   4.5709E-02   1.1031E-06  0.8176
   4.5709E-02   4.8978E-02   1.4080E-06  0.9005
   4.8978E-02   5.2481E-02   2.3265E-06  0.7600
   5.2481E-02   5.6234E-02   2.0282E-06  0.8669
   5.6234E-02   6.0256E-02   3.9276E-06  0.8991
   6.0256E-02   6.4565E-02   4.9127E-07  1.0000
   6.4565E-02   6.9183E-02   3.9879E-06  0.5111
   6.9183E-02   7.4131E-02   8.0113E-06  0.4338
   7.4131E-02   7.9433E-02   1.5493E-06  0.7354
   7.9433E-02   8.5114E-02   5.0290E-06  0.5229
   8.5114E-02   9.1201E-02   8.0438E-06  0.5058
   9.1201E-02   9.7724E-02   6.3084E-07  1.0000
   9.7724E-02   1.0471E-01   2.9051E-06  0.8394
   1.0471E-01   1.1220E-01   1.1380E-06  1.0000
   1.1220E-01   1.2023E-01   2.8045E-07  1.0000
   1.2023E-01   1.2882E-01   2.4182E-06  0.7321
   1.2882E-01   1.3804E-01   3.8960E-06  0.7312
   1.3804E-01   1.4791E-01   0.0000E+00  0.0000
   1.4791E-01   1.5849E-01   6.9358E-06  0.5928
   1.5849E-01   1.6982E-01   1.0142E-06  1.0000
   1.6982E-01   1.8197E-01   1.9831E-06  0.7142
   1.8197E-01   1.9498E-01   2.0297E-07  1.0000
   1.9498E-01   2.0893E-01   1.9435E-06  1.0000
   2.0893E-01   2.2387E-01   6.5594E-07  1.0000
   2.2387E-01   2.3988E-01   2.8518E-06  1.0000
   2.3988E-01   2.5704E-01   0.0000E+00  0.0000
   2.5704E-01   2.7542E-01   0.0000E+00  0.0000
   2.7542E-01   2.9512E-01   1.2787E-06  1.0000
   2.9512E-01   3.1623E-01   0.0000E+00  0.0000
   3.1623E-01   3.3884E-01   0.0000E+00  0.0000
   3.3884E-01   3.6308E-01   1.0186E-06  1.0000
   3.6308E-01   3.8905E-01   1.7040E-06  1.0000
   3.8905E-01   4.1687E-01   2.9771E-06  0.7072
   4.1687E-01   4.4668E-01   0.0000E+00  0.0000
   4.4668E-01   4.7863E-01   0.0000E+00  0.0000
   4.7863E-01   5.1286E-01   4.3034E-06  0.5165
   5.1286E-01   5.4954E-01   6.0101E-07  1.0000
   5.4954E-01   5.8884E-01   8.4521E-07  1.0000
   5.8884E-01   6.3096E-01   0.0000E+00  0.0000
   6.3096E-01   6.7608E-01   0.0000E+00  0.0000
   6.7608E-01   7.2444E-01   0.0000E+00  0.0000
   7.2444E-01   7.7625E-01   0.0000E+00  0.0000
   7.7625E-01   8.3176E-01   3.2782E-06  1.0000
   8.3176E-01   8.9125E-01   3.8997E-07  1.0000
   8.9125E-01   9.5499E-01   0.0000E+00  0.0000
   9.5499E-01   1.0233E+00   1.3610E-06  1.0000
   1.0233E+00   1.0965E+00   2.5520E-06  1.0000
   1.0965E+00   1.1749E+00   0.0000E+00  0.0000
   1.1749E+00   1.2589E+00   0.0000E+00  0.0000
   1.2589E+00   1.3490E+00   0.0000E+00  0.0000
   1.3490E+00   1.4454E+00   0.0000E+00  0.0000
   1.4454E+00   1.5488E+00   0.0000E+00  0.0000
   1.5488E+00   1.6596E+00   0.0000E+00  0.0000
   1.6596E+00   1.7783E+00   3.2599E-06  1.0000
   1.7783E+00   1.9055E+00   0.0000E+00  0.0000
   1.9055E+00   2.0417E+00   0.0000E+00  0.0000
   2.0417E+00   2.1878E+00   6.6736E-07  1.0000
   2.1878E+00   2.3442E+00   0.0000E+00  0.0000
   2.3442E+00   2.5119E+00   0.0000E+00  0.0000
   2.5119E+00   2.6915E+00   0.0000E+00  0.0000
   2.6915E+00   2.8840E+00   0.0000E+00  0.0000
   2.8840E+00   3.0903E+00   0.0000E+00  0.0000
   3.0903E+00   3.3113E+00   2.1421E-06  0.9115
   3.3113E+00   3.5481E+00   2.7275E-07  1.0000
   3.5481E+00   3.8019E+00   0.0000E+00  0.0000
   3.8019E+00   4.0738E+00   2.5875E-06  0.6664
   4.0738E+00   4.3652E+00   0.0000E+00  0.0000
   4.3652E+00   4.6774E+00   2.4411E-06  1.0000
   4.6774E+00   5.0119E+00   0.0000E+00  0.0000
   5.0119E+00   5.3703E+00   0.0000E+00  0.0000
   5.3703E+00   5.7544E+00   0.0000E+00  0.0000
   5.7544E+00   6.1660E+00   1.5879E-06  1.0000
   6.1660E+00   6.6069E+00   0.0000E+00  0.0000
   6.6069E+00   7.0795E+00   2.2027E-06  1.0000
   7.0795E+00   7.5858E+00   0.0000E+00  0.0000
   7.5858E+00   8.1283E+00   0.0000E+00  0.0000
   8.1283E+00   8.7096E+00   0.0000E+00  0.0000
   8.7096E+00   9.3325E+00   0.0000E+00  0.0000
   9.3325E+00   1.0000E+01   2.4494E-06  1.0000

#   sum over                 1.0675E-04  0.1849

'no. = 24,  reg  =   5400'
msuc: {\huge [t-track] in region mesh}
msdr: {\it plotted by \ANGEL \version}
msdl: {\it calculated by \PHITS  3.36}
wt: s(0.7)
\vspace{-3}
   vol  &=&   1.8608E+02 [cm^3]
e:

#------------------------------------------------------------------------------
 newpage:
#   no. = 25   reg =   5600

x: Energy [MeV/n]
y: Flux [1/cm^2/source]              
p: xlog ylog afac(0.8) form(0.9)
h: n            x            y(photon  ),hh0l n  
#  e-lower      e-upper        photon    r.err 
   1.0000E-02   1.0715E-02   0.0000E+00  0.0000
   1.0715E-02   1.1482E-02   0.0000E+00  0.0000
   1.1482E-02   1.2303E-02   0.0000E+00  0.0000
   1.2303E-02   1.3183E-02   0.0000E+00  0.0000
   1.3183E-02   1.4125E-02   0.0000E+00  0.0000
   1.4125E-02   1.5136E-02   0.0000E+00  0.0000
   1.5136E-02   1.6218E-02   0.0000E+00  0.0000
   1.6218E-02   1.7378E-02   0.0000E+00  0.0000
   1.7378E-02   1.8621E-02   0.0000E+00  0.0000
   1.8621E-02   1.9953E-02   0.0000E+00  0.0000
   1.9953E-02   2.1380E-02   0.0000E+00  0.0000
   2.1380E-02   2.2909E-02   1.1489E-06  1.0000
   2.2909E-02   2.4547E-02   0.0000E+00  0.0000
   2.4547E-02   2.6303E-02   0.0000E+00  0.0000
   2.6303E-02   2.8184E-02   9.8361E-07  1.0000
   2.8184E-02   3.0200E-02   3.4149E-06  1.0000
   3.0200E-02   3.2359E-02   2.0922E-06  1.0000
   3.2359E-02   3.4674E-02   3.5623E-06  0.7228
   3.4674E-02   3.7154E-02   0.0000E+00  0.0000
   3.7154E-02   3.9811E-02   3.4155E-06  0.9571
   3.9811E-02   4.2658E-02   0.0000E+00  0.0000
   4.2658E-02   4.5709E-02   4.8007E-06  1.0000
   4.5709E-02   4.8978E-02   2.9674E-06  0.8493
   4.8978E-02   5.2481E-02   0.0000E+00  0.0000
   5.2481E-02   5.6234E-02   9.0961E-07  1.0000
   5.6234E-02   6.0256E-02   3.4399E-06  1.0000
   6.0256E-02   6.4565E-02   8.0082E-06  0.5597
   6.4565E-02   6.9183E-02   1.6971E-06  0.7087
   6.9183E-02   7.4131E-02   2.2742E-06  1.0000
   7.4131E-02   7.9433E-02   2.4046E-06  1.0000
   7.9433E-02   8.5114E-02   1.9288E-06  1.0000
   8.5114E-02   9.1201E-02   0.0000E+00  0.0000
   9.1201E-02   9.7724E-02   2.5458E-06  1.0000
   9.7724E-02   1.0471E-01   0.0000E+00  0.0000
   1.0471E-01   1.1220E-01   2.6467E-06  1.0000
   1.1220E-01   1.2023E-01   4.9559E-06  0.6628
   1.2023E-01   1.2882E-01   2.2416E-06  1.0000
   1.2882E-01   1.3804E-01   4.3516E-06  0.8664
   1.3804E-01   1.4791E-01   1.3441E-06  1.0000
   1.4791E-01   1.5849E-01   1.9805E-05  0.4566
   1.5849E-01   1.6982E-01   0.0000E+00  0.0000
   1.6982E-01   1.8197E-01   2.5737E-06  1.0000
   1.8197E-01   1.9498E-01   4.5107E-06  1.0000
   1.9498E-01   2.0893E-01   8.9429E-06  0.5949
   2.0893E-01   2.2387E-01   3.1416E-06  0.7640
   2.2387E-01   2.3988E-01   1.3931E-06  1.0000
   2.3988E-01   2.5704E-01   1.6888E-06  1.0000
   2.5704E-01   2.7542E-01   0.0000E+00  0.0000
   2.7542E-01   2.9512E-01   0.0000E+00  0.0000
   2.9512E-01   3.1623E-01   3.5088E-06  1.0000
   3.1623E-01   3.3884E-01   1.6017E-06  1.0000
   3.3884E-01   3.6308E-01   1.5089E-06  1.0000
   3.6308E-01   3.8905E-01   0.0000E+00  0.0000
   3.8905E-01   4.1687E-01   6.7225E-06  0.5776
   4.1687E-01   4.4668E-01   1.8059E-06  0.7876
   4.4668E-01   4.7863E-01   1.1898E-06  1.0000
   4.7863E-01   5.1286E-01   3.6609E-05  0.3296
   5.1286E-01   5.4954E-01   3.8957E-06  1.0000
   5.4954E-01   5.8884E-01   2.2032E-06  1.0000
   5.8884E-01   6.3096E-01   0.0000E+00  0.0000
   6.3096E-01   6.7608E-01   3.1339E-06  1.0000
   6.7608E-01   7.2444E-01   0.0000E+00  0.0000
   7.2444E-01   7.7625E-01   0.0000E+00  0.0000
   7.7625E-01   8.3176E-01   2.4752E-06  1.0000
   8.3176E-01   8.9125E-01   0.0000E+00  0.0000
   8.9125E-01   9.5499E-01   1.8136E-06  1.0000
   9.5499E-01   1.0233E+00   0.0000E+00  0.0000
   1.0233E+00   1.0965E+00   3.4523E-06  0.8367
   1.0965E+00   1.1749E+00   2.1095E-06  1.0000
   1.1749E+00   1.2589E+00   3.2241E-06  0.7691
   1.2589E+00   1.3490E+00   7.8017E-06  0.6072
   1.3490E+00   1.4454E+00   4.6255E-06  0.7244
   1.4454E+00   1.5488E+00   4.4804E-07  1.0000
   1.5488E+00   1.6596E+00   0.0000E+00  0.0000
   1.6596E+00   1.7783E+00   0.0000E+00  0.0000
   1.7783E+00   1.9055E+00   0.0000E+00  0.0000
   1.9055E+00   2.0417E+00   0.0000E+00  0.0000
   2.0417E+00   2.1878E+00   0.0000E+00  0.0000
   2.1878E+00   2.3442E+00   0.0000E+00  0.0000
   2.3442E+00   2.5119E+00   0.0000E+00  0.0000
   2.5119E+00   2.6915E+00   0.0000E+00  0.0000
   2.6915E+00   2.8840E+00   5.0267E-06  1.0000
   2.8840E+00   3.0903E+00   0.0000E+00  0.0000
   3.0903E+00   3.3113E+00   0.0000E+00  0.0000
   3.3113E+00   3.5481E+00   2.2102E-06  1.0000
   3.5481E+00   3.8019E+00   0.0000E+00  0.0000
   3.8019E+00   4.0738E+00   0.0000E+00  0.0000
   4.0738E+00   4.3652E+00   6.3481E-07  1.0000
   4.3652E+00   4.6774E+00   1.5775E-06  1.0000
   4.6774E+00   5.0119E+00   0.0000E+00  0.0000
   5.0119E+00   5.3703E+00   0.0000E+00  0.0000
   5.3703E+00   5.7544E+00   1.0506E-06  1.0000
   5.7544E+00   6.1660E+00   0.0000E+00  0.0000
   6.1660E+00   6.6069E+00   5.1475E-06  0.8973
   6.6069E+00   7.0795E+00   0.0000E+00  0.0000
   7.0795E+00   7.5858E+00   0.0000E+00  0.0000
   7.5858E+00   8.1283E+00   3.1228E-06  1.0000
   8.1283E+00   8.7096E+00   1.9169E-06  1.0000
   8.7096E+00   9.3325E+00   1.7734E-06  1.0000
   9.3325E+00   1.0000E+01   5.7088E-06  1.0000

#   sum over                 2.1949E-04  0.1430

'no. = 25,  reg  =   5600'
msuc: {\huge [t-track] in region mesh}
msdr: {\it plotted by \ANGEL \version}
msdl: {\it calculated by \PHITS  3.36}
wt: s(0.7)
\vspace{-3}
   vol  &=&   5.9001E+01 [cm^3]
e:
 
# Information for Restart Calculation
# This calculation was newly started
# istdev =  2 # 1:Batch variance, 2:History variance
# resc2  = 1.00000000000000000E+04 # Total source weight or Total source weight / maxcas
# resc3  = 1.00000000000000000E+04 # Total history number or Total batch number
# maxcas =        1000 # History / Batch, only used for istdev=1
# bitrseed = 0111011010010100011001101100101001110100011011011011110011011010 # bit data of rseed
