Skeletal ID,Energy Low (MeV),Energy High (MeV),Energy Center (MeV),Fluence (photons/m2/source),Relative Error
1400,0.01,0.0107151930524,0.0103514216668,0,0
1400,0.0107151930524,0.011481536215,0.0110917481526,0,0
1400,0.011481536215,0.0123026877081,0.0118850222744,0,0
1400,0.0123026877081,0.0131825673856,0.0127350308102,0,0
1400,0.0131825673856,0.0141253754462,0.0136458313659,0,0
1400,0.0141253754462,0.0151356124844,0.0146217717446,0,0
1400,0.0151356124844,0.0162181009736,0.0156675107011,0,0
1400,0.0162181009736,0.0173780082875,0.0167880401812,0,0
1400,0.0173780082875,0.0186208713666,0.0179887091513,0,0
1400,0.0186208713666,0.0199526231497,0.0192752491319,0,0
1400,0.0199526231497,0.021379620895,0.0206538015581,0,0
1400,0.021379620895,0.0229086765277,0.0221309470961,0,0
1400,0.0229086765277,0.0245470891569,0.0237137370566,0,0
1400,0.0245470891569,0.026302679919,0.0254097270555,0,0
1400,0.026302679919,0.0281838293126,0.0272270130808,0,0
1400,0.0281838293126,0.030199517204,0.02917427014,0,0
1400,0.030199517204,0.032359365693,0.0312607936712,0,0
1400,0.032359365693,0.0346736850453,0.0334965439158,0,0
1400,0.0346736850453,0.0371535229097,0.0358921934645,0,0
1400,0.0371535229097,0.0398107170553,0.0384591782045,0,0
1400,0.0398107170553,0.0426579518802,0.0412097519097,0,0
1400,0.0426579518802,0.0457088189615,0.0441570447353,0,0
1400,0.0457088189615,0.0489778819368,0.0473151258961,0,0
1400,0.0489778819368,0.052480746025,0.0506990708275,0,0
1400,0.052480746025,0.056234132519,0.0543250331492,0,0
1400,0.056234132519,0.0602559586074,0.0582103217771,0,0
1400,0.0602559586074,0.0645654229035,0.0623734835482,0,0
1400,0.0645654229035,0.0691830970919,0.0668343917569,0,0
1400,0.0691830970919,0.0741310241301,0.0716143410213,0,0
1400,0.0741310241301,0.0794328234724,0.0767361489362,0,0
1400,0.0794328234724,0.0851138038202,0.0822242649947,0,0
1400,0.0851138038202,0.0912010839356,0.0881048873008,0,0
1400,0.0912010839356,0.0977237220956,0.0944060876286,0,0
1400,0.0977237220956,0.104712854805,0.101157945426,0,0
1400,0.104712854805,0.11220184543,0.108392691402,0,0
1400,0.11220184543,0.120226443462,0.116144861384,0,0
1400,0.120226443462,0.128824955169,0.124451461177,0.218304491917,0.999499874937
1400,0.128824955169,0.13803842646,0.133352143216,0.289226749572,0.999499874937
1400,0.13803842646,0.147910838817,0.142889395851,0,0
1400,0.147910838817,0.158489319246,0.153108746168,0,0
1400,0.158489319246,0.169824365246,0.16405897732,0,0
1400,0.169824365246,0.181970085861,0.175792361396,0,0
1400,0.181970085861,0.194984459976,0.188364908949,0.18961578294,0.999499874937
1400,0.194984459976,0.208929613085,0.201836636368,0,0
1400,0.208929613085,0.223872113857,0.216271852373,0,0
1400,0.223872113857,0.239883291902,0.231739464997,0,0
1400,0.239883291902,0.257039578277,0.24831331053,0,0
1400,0.257039578277,0.275422870334,0.26607250598,0,0
1400,0.275422870334,0.295120922667,0.28510182675,0,0
1400,0.295120922667,0.316227766017,0.305492111322,0.393538747996,0.999499874937
1400,0.316227766017,0.338844156139,0.327340694879,0,0
1400,0.338844156139,0.36307805477,0.350751873953,0,0
1400,0.36307805477,0.389045144994,0.375837404288,0,0
1400,0.389045144994,0.41686938347,0.402717034325,0,0
1400,0.41686938347,0.446683592151,0.431519076828,0,0
1400,0.446683592151,0.478630092323,0.462381021399,0,0
1400,0.478630092323,0.512861383991,0.495450190805,0,0
1400,0.512861383991,0.549540873858,0.530884444231,0,0
1400,0.549540873858,0.588843655356,0.568852930844,0,0
1400,0.588843655356,0.63095734448,0.60953689724,0,0
1400,0.63095734448,0.676082975392,0.653130552647,0,0
1400,0.676082975392,0.724435960075,0.699841996002,0,0
1400,0.724435960075,0.776247116629,0.749894209332,0,0
1400,0.776247116629,0.831763771103,0.803526122186,0,0
1400,0.831763771103,0.891250938134,0.860993752185,0,0
1400,0.891250938134,0.954992586021,0.922571427155,0,0
1400,0.954992586021,1.02329299228,0.988553094657,0,0
1400,1.02329299228,1.09647819614,1.05925372518,0,0
1400,1.09647819614,1.17489755494,1.13501081567,0,0
1400,1.17489755494,1.25892541179,1.21618600065,0,0
1400,1.25892541179,1.34896288259,1.30316677845,0,0
1400,1.34896288259,1.44543977075,1.39636836106,0,0
1400,1.44543977075,1.54881661891,1.49623565609,0,0
1400,1.54881661891,1.65958690744,1.60324539069,0,0
1400,1.65958690744,1.77827941004,1.71790838716,0,0
1400,1.77827941004,1.90546071796,1.84077200147,0,0
1400,1.90546071796,2.04173794467,1.97242273611,0,0
1400,2.04173794467,2.18776162395,2.11348903984,0,0
1400,2.18776162395,2.34422881532,2.26464430759,0,0
1400,2.34422881532,2.51188643151,2.42661009508,0,0
1400,2.51188643151,2.69153480393,2.60015956317,0,0
1400,2.69153480393,2.88403150313,2.78612116863,0,0
1400,2.88403150313,3.09029543251,2.98538261892,0,0
1400,3.09029543251,3.31131121483,3.19889510969,0,0
1400,3.31131121483,3.54813389234,3.42767786546,0,0
1400,3.54813389234,3.80189396321,3.67282300498,0,0
1400,3.80189396321,4.07380277804,3.93550075456,0,0
1400,4.07380277804,4.3651583224,4.21696503429,0,0
1400,4.3651583224,4.67735141287,4.51855944375,0,0
1400,4.67735141287,5.01187233627,4.84172367584,0,0
1400,5.01187233627,5.3703179637,5.18800038929,0,0
1400,5.3703179637,5.75439937337,5.5590425727,0,0
1400,5.75439937337,6.16595001861,5.95662143529,0,0
1400,6.16595001861,6.60693448008,6.38263486191,0,0
1400,6.60693448008,7.07945784384,6.83911647281,0,0
1400,7.07945784384,7.58577575029,7.32824533139,0,0
1400,7.58577575029,8.12830516164,7.8523563461,0,0
1400,8.12830516164,8.70963589956,8.41395141645,0,0
1400,8.70963589956,9.33254300797,9.01571137606,0,0
1400,9.33254300797,10,9.6605087899,2.07904564766,0.424741036897
1500,0.01,0.0107151930524,0.0103514216668,0,0
1500,0.0107151930524,0.011481536215,0.0110917481526,0,0
1500,0.011481536215,0.0123026877081,0.0118850222744,0,0
1500,0.0123026877081,0.0131825673856,0.0127350308102,0,0
1500,0.0131825673856,0.0141253754462,0.0136458313659,0,0
1500,0.0141253754462,0.0151356124844,0.0146217717446,0,0
1500,0.0151356124844,0.0162181009736,0.0156675107011,0,0
1500,0.0162181009736,0.0173780082875,0.0167880401812,0,0
1500,0.0173780082875,0.0186208713666,0.0179887091513,0,0
1500,0.0186208713666,0.0199526231497,0.0192752491319,0,0
1500,0.0199526231497,0.021379620895,0.0206538015581,0,0
1500,0.021379620895,0.0229086765277,0.0221309470961,0,0
1500,0.0229086765277,0.0245470891569,0.0237137370566,0,0
1500,0.0245470891569,0.026302679919,0.0254097270555,0,0
1500,0.026302679919,0.0281838293126,0.0272270130808,0,0
1500,0.0281838293126,0.030199517204,0.02917427014,0,0
1500,0.030199517204,0.032359365693,0.0312607936712,0,0
1500,0.032359365693,0.0346736850453,0.0334965439158,0,0
1500,0.0346736850453,0.0371535229097,0.0358921934645,0,0
1500,0.0371535229097,0.0398107170553,0.0384591782045,0,0
1500,0.0398107170553,0.0426579518802,0.0412097519097,0,0
1500,0.0426579518802,0.0457088189615,0.0441570447353,0,0
1500,0.0457088189615,0.0489778819368,0.0473151258961,0,0
1500,0.0489778819368,0.052480746025,0.0506990708275,0,0
1500,0.052480746025,0.056234132519,0.0543250331492,0,0
1500,0.056234132519,0.0602559586074,0.0582103217771,0,0
1500,0.0602559586074,0.0645654229035,0.0623734835482,0,0
1500,0.0645654229035,0.0691830970919,0.0668343917569,0,0
1500,0.0691830970919,0.0741310241301,0.0716143410213,0,0
1500,0.0741310241301,0.0794328234724,0.0767361489362,0,0
1500,0.0794328234724,0.0851138038202,0.0822242649947,0,0
1500,0.0851138038202,0.0912010839356,0.0881048873008,0,0
1500,0.0912010839356,0.0977237220956,0.0944060876286,0.666809525062,0.999499874937
1500,0.0977237220956,0.104712854805,0.101157945426,0,0
1500,0.104712854805,0.11220184543,0.108392691402,0,0
1500,0.11220184543,0.120226443462,0.116144861384,0,0
1500,0.120226443462,0.128824955169,0.124451461177,0,0
1500,0.128824955169,0.13803842646,0.133352143216,0,0
1500,0.13803842646,0.147910838817,0.142889395851,0,0
1500,0.147910838817,0.158489319246,0.153108746168,0,0
1500,0.158489319246,0.169824365246,0.16405897732,0,0
1500,0.169824365246,0.181970085861,0.175792361396,0,0
1500,0.181970085861,0.194984459976,0.188364908949,0,0
1500,0.194984459976,0.208929613085,0.201836636368,0,0
1500,0.208929613085,0.223872113857,0.216271852373,0,0
1500,0.223872113857,0.239883291902,0.231739464997,0,0
1500,0.239883291902,0.257039578277,0.24831331053,0,0
1500,0.257039578277,0.275422870334,0.26607250598,0,0
1500,0.275422870334,0.295120922667,0.28510182675,0,0
1500,0.295120922667,0.316227766017,0.305492111322,0,0
1500,0.316227766017,0.338844156139,0.327340694879,0,0
1500,0.338844156139,0.36307805477,0.350751873953,0,0
1500,0.36307805477,0.389045144994,0.375837404288,0,0
1500,0.389045144994,0.41686938347,0.402717034325,0,0
1500,0.41686938347,0.446683592151,0.431519076828,0,0
1500,0.446683592151,0.478630092323,0.462381021399,0,0
1500,0.478630092323,0.512861383991,0.495450190805,0,0
1500,0.512861383991,0.549540873858,0.530884444231,0,0
1500,0.549540873858,0.588843655356,0.568852930844,0,0
1500,0.588843655356,0.63095734448,0.60953689724,0,0
1500,0.63095734448,0.676082975392,0.653130552647,0,0
1500,0.676082975392,0.724435960075,0.699841996002,0,0
1500,0.724435960075,0.776247116629,0.749894209332,0,0
1500,0.776247116629,0.831763771103,0.803526122186,0,0
1500,0.831763771103,0.891250938134,0.860993752185,0,0
1500,0.891250938134,0.954992586021,0.922571427155,0,0
1500,0.954992586021,1.02329299228,0.988553094657,0,0
1500,1.02329299228,1.09647819614,1.05925372518,0,0
1500,1.09647819614,1.17489755494,1.13501081567,0,0
1500,1.17489755494,1.25892541179,1.21618600065,0,0
1500,1.25892541179,1.34896288259,1.30316677845,0,0
1500,1.34896288259,1.44543977075,1.39636836106,0,0
1500,1.44543977075,1.54881661891,1.49623565609,0,0
1500,1.54881661891,1.65958690744,1.60324539069,0,0
1500,1.65958690744,1.77827941004,1.71790838716,0,0
1500,1.77827941004,1.90546071796,1.84077200147,0,0
1500,1.90546071796,2.04173794467,1.97242273611,0,0
1500,2.04173794467,2.18776162395,2.11348903984,0,0
1500,2.18776162395,2.34422881532,2.26464430759,0,0
1500,2.34422881532,2.51188643151,2.42661009508,0,0
1500,2.51188643151,2.69153480393,2.60015956317,0,0
1500,2.69153480393,2.88403150313,2.78612116863,0,0
1500,2.88403150313,3.09029543251,2.98538261892,0,0
1500,3.09029543251,3.31131121483,3.19889510969,0,0
1500,3.31131121483,3.54813389234,3.42767786546,0,0
1500,3.54813389234,3.80189396321,3.67282300498,0,0
1500,3.80189396321,4.07380277804,3.93550075456,0,0
1500,4.07380277804,4.3651583224,4.21696503429,0,0
1500,4.3651583224,4.67735141287,4.51855944375,0,0
1500,4.67735141287,5.01187233627,4.84172367584,0,0
1500,5.01187233627,5.3703179637,5.18800038929,0,0
1500,5.3703179637,5.75439937337,5.5590425727,0,0
1500,5.75439937337,6.16595001861,5.95662143529,0,0
1500,6.16595001861,6.60693448008,6.38263486191,0,0
1500,6.60693448008,7.07945784384,6.83911647281,0,0
1500,7.07945784384,7.58577575029,7.32824533139,0,0
1500,7.58577575029,8.12830516164,7.8523563461,0,0
1500,8.12830516164,8.70963589956,8.41395141645,0,0
1500,8.70963589956,9.33254300797,9.01571137606,0,0
1500,9.33254300797,10,9.6605087899,1.37272720448,0.589856484551
1700,0.01,0.0107151930524,0.0103514216668,0,0
1700,0.0107151930524,0.011481536215,0.0110917481526,0,0
1700,0.011481536215,0.0123026877081,0.0118850222744,0,0
1700,0.0123026877081,0.0131825673856,0.0127350308102,0,0
1700,0.0131825673856,0.0141253754462,0.0136458313659,0,0
1700,0.0141253754462,0.0151356124844,0.0146217717446,0,0
1700,0.0151356124844,0.0162181009736,0.0156675107011,0,0
1700,0.0162181009736,0.0173780082875,0.0167880401812,0,0
1700,0.0173780082875,0.0186208713666,0.0179887091513,0,0
1700,0.0186208713666,0.0199526231497,0.0192752491319,0,0
1700,0.0199526231497,0.021379620895,0.0206538015581,0,0
1700,0.021379620895,0.0229086765277,0.0221309470961,0,0
1700,0.0229086765277,0.0245470891569,0.0237137370566,0,0
1700,0.0245470891569,0.026302679919,0.0254097270555,0,0
1700,0.026302679919,0.0281838293126,0.0272270130808,0,0
1700,0.0281838293126,0.030199517204,0.02917427014,0,0
1700,0.030199517204,0.032359365693,0.0312607936712,0,0
1700,0.032359365693,0.0346736850453,0.0334965439158,0,0
1700,0.0346736850453,0.0371535229097,0.0358921934645,0,0
1700,0.0371535229097,0.0398107170553,0.0384591782045,0,0
1700,0.0398107170553,0.0426579518802,0.0412097519097,0,0
1700,0.0426579518802,0.0457088189615,0.0441570447353,0,0
1700,0.0457088189615,0.0489778819368,0.0473151258961,0,0
1700,0.0489778819368,0.052480746025,0.0506990708275,0,0
1700,0.052480746025,0.056234132519,0.0543250331492,0,0
1700,0.056234132519,0.0602559586074,0.0582103217771,0,0
1700,0.0602559586074,0.0645654229035,0.0623734835482,0,0
1700,0.0645654229035,0.0691830970919,0.0668343917569,0,0
1700,0.0691830970919,0.0741310241301,0.0716143410213,0,0
1700,0.0741310241301,0.0794328234724,0.0767361489362,0,0
1700,0.0794328234724,0.0851138038202,0.0822242649947,0,0
1700,0.0851138038202,0.0912010839356,0.0881048873008,0,0
1700,0.0912010839356,0.0977237220956,0.0944060876286,0,0
1700,0.0977237220956,0.104712854805,0.101157945426,0,0
1700,0.104712854805,0.11220184543,0.108392691402,0,0
1700,0.11220184543,0.120226443462,0.116144861384,0,0
1700,0.120226443462,0.128824955169,0.124451461177,0,0
1700,0.128824955169,0.13803842646,0.133352143216,0,0
1700,0.13803842646,0.147910838817,0.142889395851,0,0
1700,0.147910838817,0.158489319246,0.153108746168,0,0
1700,0.158489319246,0.169824365246,0.16405897732,0,0
1700,0.169824365246,0.181970085861,0.175792361396,0,0
1700,0.181970085861,0.194984459976,0.188364908949,0,0
1700,0.194984459976,0.208929613085,0.201836636368,0,0
1700,0.208929613085,0.223872113857,0.216271852373,0,0
1700,0.223872113857,0.239883291902,0.231739464997,0,0
1700,0.239883291902,0.257039578277,0.24831331053,0,0
1700,0.257039578277,0.275422870334,0.26607250598,0,0
1700,0.275422870334,0.295120922667,0.28510182675,0,0
1700,0.295120922667,0.316227766017,0.305492111322,0,0
1700,0.316227766017,0.338844156139,0.327340694879,0,0
1700,0.338844156139,0.36307805477,0.350751873953,0,0
1700,0.36307805477,0.389045144994,0.375837404288,0,0
1700,0.389045144994,0.41686938347,0.402717034325,0,0
1700,0.41686938347,0.446683592151,0.431519076828,0,0
1700,0.446683592151,0.478630092323,0.462381021399,0,0
1700,0.478630092323,0.512861383991,0.495450190805,0,0
1700,0.512861383991,0.549540873858,0.530884444231,0,0
1700,0.549540873858,0.588843655356,0.568852930844,0,0
1700,0.588843655356,0.63095734448,0.60953689724,0,0
1700,0.63095734448,0.676082975392,0.653130552647,0,0
1700,0.676082975392,0.724435960075,0.699841996002,0,0
1700,0.724435960075,0.776247116629,0.749894209332,0,0
1700,0.776247116629,0.831763771103,0.803526122186,0,0
1700,0.831763771103,0.891250938134,0.860993752185,0,0
1700,0.891250938134,0.954992586021,0.922571427155,0,0
1700,0.954992586021,1.02329299228,0.988553094657,0,0
1700,1.02329299228,1.09647819614,1.05925372518,0,0
1700,1.09647819614,1.17489755494,1.13501081567,0,0
1700,1.17489755494,1.25892541179,1.21618600065,0,0
1700,1.25892541179,1.34896288259,1.30316677845,0,0
1700,1.34896288259,1.44543977075,1.39636836106,0.314366459263,0.999499874937
1700,1.44543977075,1.54881661891,1.49623565609,0,0
1700,1.54881661891,1.65958690744,1.60324539069,0.372134310062,0.999499874937
1700,1.65958690744,1.77827941004,1.71790838716,0,0
1700,1.77827941004,1.90546071796,1.84077200147,0,0
1700,1.90546071796,2.04173794467,1.97242273611,0,0
1700,2.04173794467,2.18776162395,2.11348903984,0,0
1700,2.18776162395,2.34422881532,2.26464430759,0,0
1700,2.34422881532,2.51188643151,2.42661009508,0,0
1700,2.51188643151,2.69153480393,2.60015956317,0,0
1700,2.69153480393,2.88403150313,2.78612116863,0,0
1700,2.88403150313,3.09029543251,2.98538261892,0,0
1700,3.09029543251,3.31131121483,3.19889510969,0,0
1700,3.31131121483,3.54813389234,3.42767786546,0,0
1700,3.54813389234,3.80189396321,3.67282300498,0,0
1700,3.80189396321,4.07380277804,3.93550075456,0,0
1700,4.07380277804,4.3651583224,4.21696503429,0,0
1700,4.3651583224,4.67735141287,4.51855944375,0,0
1700,4.67735141287,5.01187233627,4.84172367584,0,0
1700,5.01187233627,5.3703179637,5.18800038929,0,0
1700,5.3703179637,5.75439937337,5.5590425727,0,0
1700,5.75439937337,6.16595001861,5.95662143529,0,0
1700,6.16595001861,6.60693448008,6.38263486191,0,0
1700,6.60693448008,7.07945784384,6.83911647281,0,0
1700,7.07945784384,7.58577575029,7.32824533139,0,0
1700,7.58577575029,8.12830516164,7.8523563461,0,0
1700,8.12830516164,8.70963589956,8.41395141645,0,0
1700,8.70963589956,9.33254300797,9.01571137606,0,0
1700,9.33254300797,10,9.6605087899,1.85275557908,0.454529190817
1800,0.01,0.0107151930524,0.0103514216668,0,0
1800,0.0107151930524,0.011481536215,0.0110917481526,0,0
1800,0.011481536215,0.0123026877081,0.0118850222744,0,0
1800,0.0123026877081,0.0131825673856,0.0127350308102,0,0
1800,0.0131825673856,0.0141253754462,0.0136458313659,0,0
1800,0.0141253754462,0.0151356124844,0.0146217717446,0,0
1800,0.0151356124844,0.0162181009736,0.0156675107011,0,0
1800,0.0162181009736,0.0173780082875,0.0167880401812,0,0
1800,0.0173780082875,0.0186208713666,0.0179887091513,0,0
1800,0.0186208713666,0.0199526231497,0.0192752491319,0,0
1800,0.0199526231497,0.021379620895,0.0206538015581,0,0
1800,0.021379620895,0.0229086765277,0.0221309470961,0,0
1800,0.0229086765277,0.0245470891569,0.0237137370566,0,0
1800,0.0245470891569,0.026302679919,0.0254097270555,0,0
1800,0.026302679919,0.0281838293126,0.0272270130808,0,0
1800,0.0281838293126,0.030199517204,0.02917427014,0,0
1800,0.030199517204,0.032359365693,0.0312607936712,0,0
1800,0.032359365693,0.0346736850453,0.0334965439158,0.479725593298,0.999499874937
1800,0.0346736850453,0.0371535229097,0.0358921934645,0,0
1800,0.0371535229097,0.0398107170553,0.0384591782045,0,0
1800,0.0398107170553,0.0426579518802,0.0412097519097,0,0
1800,0.0426579518802,0.0457088189615,0.0441570447353,0,0
1800,0.0457088189615,0.0489778819368,0.0473151258961,0,0
1800,0.0489778819368,0.052480746025,0.0506990708275,0,0
1800,0.052480746025,0.056234132519,0.0543250331492,0,0
1800,0.056234132519,0.0602559586074,0.0582103217771,0,0
1800,0.0602559586074,0.0645654229035,0.0623734835482,0,0
1800,0.0645654229035,0.0691830970919,0.0668343917569,0.541547363305,0.999499874937
1800,0.0691830970919,0.0741310241301,0.0716143410213,0,0
1800,0.0741310241301,0.0794328234724,0.0767361489362,0,0
1800,0.0794328234724,0.0851138038202,0.0822242649947,0,0
1800,0.0851138038202,0.0912010839356,0.0881048873008,0,0
1800,0.0912010839356,0.0977237220956,0.0944060876286,0,0
1800,0.0977237220956,0.104712854805,0.101157945426,0,0
1800,0.104712854805,0.11220184543,0.108392691402,0,0
1800,0.11220184543,0.120226443462,0.116144861384,0.460009798321,0.999499874937
1800,0.120226443462,0.128824955169,0.124451461177,0,0
1800,0.128824955169,0.13803842646,0.133352143216,0,0
1800,0.13803842646,0.147910838817,0.142889395851,0,0
1800,0.147910838817,0.158489319246,0.153108746168,0,0
1800,0.158489319246,0.169824365246,0.16405897732,0,0
1800,0.169824365246,0.181970085861,0.175792361396,0,0
1800,0.181970085861,0.194984459976,0.188364908949,0,0
1800,0.194984459976,0.208929613085,0.201836636368,0,0
1800,0.208929613085,0.223872113857,0.216271852373,0,0
1800,0.223872113857,0.239883291902,0.231739464997,0,0
1800,0.239883291902,0.257039578277,0.24831331053,0,0
1800,0.257039578277,0.275422870334,0.26607250598,0,0
1800,0.275422870334,0.295120922667,0.28510182675,0,0
1800,0.295120922667,0.316227766017,0.305492111322,0.496863808949,0.999499874937
1800,0.316227766017,0.338844156139,0.327340694879,0.230995153868,0.999499874937
1800,0.338844156139,0.36307805477,0.350751873953,0,0
1800,0.36307805477,0.389045144994,0.375837404288,0,0
1800,0.389045144994,0.41686938347,0.402717034325,0,0
1800,0.41686938347,0.446683592151,0.431519076828,0,0
1800,0.446683592151,0.478630092323,0.462381021399,0,0
1800,0.478630092323,0.512861383991,0.495450190805,0.260028029954,0.999499874937
1800,0.512861383991,0.549540873858,0.530884444231,0,0
1800,0.549540873858,0.588843655356,0.568852930844,0,0
1800,0.588843655356,0.63095734448,0.60953689724,0,0
1800,0.63095734448,0.676082975392,0.653130552647,0,0
1800,0.676082975392,0.724435960075,0.699841996002,0,0
1800,0.724435960075,0.776247116629,0.749894209332,0,0
1800,0.776247116629,0.831763771103,0.803526122186,0,0
1800,0.831763771103,0.891250938134,0.860993752185,0,0
1800,0.891250938134,0.954992586021,0.922571427155,0,0
1800,0.954992586021,1.02329299228,0.988553094657,0,0
1800,1.02329299228,1.09647819614,1.05925372518,0,0
1800,1.09647819614,1.17489755494,1.13501081567,0,0
1800,1.17489755494,1.25892541179,1.21618600065,0,0
1800,1.25892541179,1.34896288259,1.30316677845,0,0
1800,1.34896288259,1.44543977075,1.39636836106,0.372646678615,0.999499874937
1800,1.44543977075,1.54881661891,1.49623565609,0,0
1800,1.54881661891,1.65958690744,1.60324539069,0,0
1800,1.65958690744,1.77827941004,1.71790838716,0,0
1800,1.77827941004,1.90546071796,1.84077200147,0,0
1800,1.90546071796,2.04173794467,1.97242273611,0,0
1800,2.04173794467,2.18776162395,2.11348903984,0,0
1800,2.18776162395,2.34422881532,2.26464430759,0,0
1800,2.34422881532,2.51188643151,2.42661009508,0,0
1800,2.51188643151,2.69153480393,2.60015956317,0,0
1800,2.69153480393,2.88403150313,2.78612116863,0,0
1800,2.88403150313,3.09029543251,2.98538261892,0,0
1800,3.09029543251,3.31131121483,3.19889510969,0,0
1800,3.31131121483,3.54813389234,3.42767786546,0,0
1800,3.54813389234,3.80189396321,3.67282300498,0,0
1800,3.80189396321,4.07380277804,3.93550075456,0,0
1800,4.07380277804,4.3651583224,4.21696503429,0,0
1800,4.3651583224,4.67735141287,4.51855944375,0,0
1800,4.67735141287,5.01187233627,4.84172367584,0,0
1800,5.01187233627,5.3703179637,5.18800038929,0,0
1800,5.3703179637,5.75439937337,5.5590425727,0,0
1800,5.75439937337,6.16595001861,5.95662143529,0,0
1800,6.16595001861,6.60693448008,6.38263486191,0,0
1800,6.60693448008,7.07945784384,6.83911647281,0,0
1800,7.07945784384,7.58577575029,7.32824533139,0,0
1800,7.58577575029,8.12830516164,7.8523563461,0,0
1800,8.12830516164,8.70963589956,8.41395141645,0,0
1800,8.70963589956,9.33254300797,9.01571137606,0,0
1800,9.33254300797,10,9.6605087899,1.63709812734,0.504262570088
2000,0.01,0.0107151930524,0.0103514216668,0,0
2000,0.0107151930524,0.011481536215,0.0110917481526,0,0
2000,0.011481536215,0.0123026877081,0.0118850222744,0,0
2000,0.0123026877081,0.0131825673856,0.0127350308102,0,0
2000,0.0131825673856,0.0141253754462,0.0136458313659,0,0
2000,0.0141253754462,0.0151356124844,0.0146217717446,0,0
2000,0.0151356124844,0.0162181009736,0.0156675107011,0,0
2000,0.0162181009736,0.0173780082875,0.0167880401812,0,0
2000,0.0173780082875,0.0186208713666,0.0179887091513,0,0
2000,0.0186208713666,0.0199526231497,0.0192752491319,0,0
2000,0.0199526231497,0.021379620895,0.0206538015581,0,0
2000,0.021379620895,0.0229086765277,0.0221309470961,0,0
2000,0.0229086765277,0.0245470891569,0.0237137370566,0,0
2000,0.0245470891569,0.026302679919,0.0254097270555,0,0
2000,0.026302679919,0.0281838293126,0.0272270130808,0,0
2000,0.0281838293126,0.030199517204,0.02917427014,0,0
2000,0.030199517204,0.032359365693,0.0312607936712,0,0
2000,0.032359365693,0.0346736850453,0.0334965439158,0,0
2000,0.0346736850453,0.0371535229097,0.0358921934645,0,0
2000,0.0371535229097,0.0398107170553,0.0384591782045,0,0
2000,0.0398107170553,0.0426579518802,0.0412097519097,0,0
2000,0.0426579518802,0.0457088189615,0.0441570447353,0,0
2000,0.0457088189615,0.0489778819368,0.0473151258961,0,0
2000,0.0489778819368,0.052480746025,0.0506990708275,0,0
2000,0.052480746025,0.056234132519,0.0543250331492,0,0
2000,0.056234132519,0.0602559586074,0.0582103217771,0,0
2000,0.0602559586074,0.0645654229035,0.0623734835482,0,0
2000,0.0645654229035,0.0691830970919,0.0668343917569,0,0
2000,0.0691830970919,0.0741310241301,0.0716143410213,0,0
2000,0.0741310241301,0.0794328234724,0.0767361489362,0,0
2000,0.0794328234724,0.0851138038202,0.0822242649947,0,0
2000,0.0851138038202,0.0912010839356,0.0881048873008,0,0
2000,0.0912010839356,0.0977237220956,0.0944060876286,0,0
2000,0.0977237220956,0.104712854805,0.101157945426,0,0
2000,0.104712854805,0.11220184543,0.108392691402,0,0
2000,0.11220184543,0.120226443462,0.116144861384,0,0
2000,0.120226443462,0.128824955169,0.124451461177,0,0
2000,0.128824955169,0.13803842646,0.133352143216,0,0
2000,0.13803842646,0.147910838817,0.142889395851,0,0
2000,0.147910838817,0.158489319246,0.153108746168,0,0
2000,0.158489319246,0.169824365246,0.16405897732,0,0
2000,0.169824365246,0.181970085861,0.175792361396,0,0
2000,0.181970085861,0.194984459976,0.188364908949,0,0
2000,0.194984459976,0.208929613085,0.201836636368,0,0
2000,0.208929613085,0.223872113857,0.216271852373,0,0
2000,0.223872113857,0.239883291902,0.231739464997,0,0
2000,0.239883291902,0.257039578277,0.24831331053,0,0
2000,0.257039578277,0.275422870334,0.26607250598,0,0
2000,0.275422870334,0.295120922667,0.28510182675,0,0
2000,0.295120922667,0.316227766017,0.305492111322,0,0
2000,0.316227766017,0.338844156139,0.327340694879,0,0
2000,0.338844156139,0.36307805477,0.350751873953,0,0
2000,0.36307805477,0.389045144994,0.375837404288,0,0
2000,0.389045144994,0.41686938347,0.402717034325,0,0
2000,0.41686938347,0.446683592151,0.431519076828,0,0
2000,0.446683592151,0.478630092323,0.462381021399,0,0
2000,0.478630092323,0.512861383991,0.495450190805,0,0
2000,0.512861383991,0.549540873858,0.530884444231,0,0
2000,0.549540873858,0.588843655356,0.568852930844,0,0
2000,0.588843655356,0.63095734448,0.60953689724,0,0
2000,0.63095734448,0.676082975392,0.653130552647,0,0
2000,0.676082975392,0.724435960075,0.699841996002,0,0
2000,0.724435960075,0.776247116629,0.749894209332,0,0
2000,0.776247116629,0.831763771103,0.803526122186,0,0
2000,0.831763771103,0.891250938134,0.860993752185,0,0
2000,0.891250938134,0.954992586021,0.922571427155,0,0
2000,0.954992586021,1.02329299228,0.988553094657,0,0
2000,1.02329299228,1.09647819614,1.05925372518,0,0
2000,1.09647819614,1.17489755494,1.13501081567,0,0
2000,1.17489755494,1.25892541179,1.21618600065,0,0
2000,1.25892541179,1.34896288259,1.30316677845,0,0
2000,1.34896288259,1.44543977075,1.39636836106,0,0
2000,1.44543977075,1.54881661891,1.49623565609,0,0
2000,1.54881661891,1.65958690744,1.60324539069,0.244533407854,0.999499874937
2000,1.65958690744,1.77827941004,1.71790838716,0,0
2000,1.77827941004,1.90546071796,1.84077200147,0,0
2000,1.90546071796,2.04173794467,1.97242273611,0,0
2000,2.04173794467,2.18776162395,2.11348903984,0,0
2000,2.18776162395,2.34422881532,2.26464430759,0,0
2000,2.34422881532,2.51188643151,2.42661009508,0,0
2000,2.51188643151,2.69153480393,2.60015956317,0,0
2000,2.69153480393,2.88403150313,2.78612116863,0,0
2000,2.88403150313,3.09029543251,2.98538261892,0,0
2000,3.09029543251,3.31131121483,3.19889510969,0,0
2000,3.31131121483,3.54813389234,3.42767786546,0,0
2000,3.54813389234,3.80189396321,3.67282300498,0,0
2000,3.80189396321,4.07380277804,3.93550075456,0,0
2000,4.07380277804,4.3651583224,4.21696503429,0,0
2000,4.3651583224,4.67735141287,4.51855944375,0,0
2000,4.67735141287,5.01187233627,4.84172367584,0,0
2000,5.01187233627,5.3703179637,5.18800038929,0,0
2000,5.3703179637,5.75439937337,5.5590425727,0,0
2000,5.75439937337,6.16595001861,5.95662143529,0,0
2000,6.16595001861,6.60693448008,6.38263486191,0,0
2000,6.60693448008,7.07945784384,6.83911647281,0,0
2000,7.07945784384,7.58577575029,7.32824533139,0,0
2000,7.58577575029,8.12830516164,7.8523563461,0,0
2000,8.12830516164,8.70963589956,8.41395141645,0,0
2000,8.70963589956,9.33254300797,9.01571137606,0,0
2000,9.33254300797,10,9.6605087899,0.559547735129,0.50477268416
2100,0.01,0.0107151930524,0.0103514216668,0,0
2100,0.0107151930524,0.011481536215,0.0110917481526,0,0
2100,0.011481536215,0.0123026877081,0.0118850222744,0,0
2100,0.0123026877081,0.0131825673856,0.0127350308102,0,0
2100,0.0131825673856,0.0141253754462,0.0136458313659,0,0
2100,0.0141253754462,0.0151356124844,0.0146217717446,0,0
2100,0.0151356124844,0.0162181009736,0.0156675107011,0,0
2100,0.0162181009736,0.0173780082875,0.0167880401812,0,0
2100,0.0173780082875,0.0186208713666,0.0179887091513,0,0
2100,0.0186208713666,0.0199526231497,0.0192752491319,0,0
2100,0.0199526231497,0.021379620895,0.0206538015581,0,0
2100,0.021379620895,0.0229086765277,0.0221309470961,0,0
2100,0.0229086765277,0.0245470891569,0.0237137370566,0,0
2100,0.0245470891569,0.026302679919,0.0254097270555,0,0
2100,0.026302679919,0.0281838293126,0.0272270130808,0,0
2100,0.0281838293126,0.030199517204,0.02917427014,0,0
2100,0.030199517204,0.032359365693,0.0312607936712,0,0
2100,0.032359365693,0.0346736850453,0.0334965439158,0,0
2100,0.0346736850453,0.0371535229097,0.0358921934645,0,0
2100,0.0371535229097,0.0398107170553,0.0384591782045,0,0
2100,0.0398107170553,0.0426579518802,0.0412097519097,0,0
2100,0.0426579518802,0.0457088189615,0.0441570447353,0,0
2100,0.0457088189615,0.0489778819368,0.0473151258961,0,0
2100,0.0489778819368,0.052480746025,0.0506990708275,0,0
2100,0.052480746025,0.056234132519,0.0543250331492,0,0
2100,0.056234132519,0.0602559586074,0.0582103217771,0,0
2100,0.0602559586074,0.0645654229035,0.0623734835482,0,0
2100,0.0645654229035,0.0691830970919,0.0668343917569,0,0
2100,0.0691830970919,0.0741310241301,0.0716143410213,0,0
2100,0.0741310241301,0.0794328234724,0.0767361489362,0,0
2100,0.0794328234724,0.0851138038202,0.0822242649947,0,0
2100,0.0851138038202,0.0912010839356,0.0881048873008,0,0
2100,0.0912010839356,0.0977237220956,0.0944060876286,0,0
2100,0.0977237220956,0.104712854805,0.101157945426,0,0
2100,0.104712854805,0.11220184543,0.108392691402,0.270882228992,0.999499874937
2100,0.11220184543,0.120226443462,0.116144861384,0,0
2100,0.120226443462,0.128824955169,0.124451461177,0,0
2100,0.128824955169,0.13803842646,0.133352143216,0,0
2100,0.13803842646,0.147910838817,0.142889395851,0,0
2100,0.147910838817,0.158489319246,0.153108746168,0,0
2100,0.158489319246,0.169824365246,0.16405897732,0,0
2100,0.169824365246,0.181970085861,0.175792361396,0,0
2100,0.181970085861,0.194984459976,0.188364908949,0,0
2100,0.194984459976,0.208929613085,0.201836636368,0,0
2100,0.208929613085,0.223872113857,0.216271852373,0,0
2100,0.223872113857,0.239883291902,0.231739464997,0,0
2100,0.239883291902,0.257039578277,0.24831331053,0,0
2100,0.257039578277,0.275422870334,0.26607250598,0,0
2100,0.275422870334,0.295120922667,0.28510182675,0,0
2100,0.295120922667,0.316227766017,0.305492111322,0,0
2100,0.316227766017,0.338844156139,0.327340694879,0,0
2100,0.338844156139,0.36307805477,0.350751873953,0,0
2100,0.36307805477,0.389045144994,0.375837404288,0,0
2100,0.389045144994,0.41686938347,0.402717034325,0,0
2100,0.41686938347,0.446683592151,0.431519076828,0,0
2100,0.446683592151,0.478630092323,0.462381021399,0,0
2100,0.478630092323,0.512861383991,0.495450190805,0,0
2100,0.512861383991,0.549540873858,0.530884444231,0,0
2100,0.549540873858,0.588843655356,0.568852930844,0,0
2100,0.588843655356,0.63095734448,0.60953689724,0,0
2100,0.63095734448,0.676082975392,0.653130552647,0,0
2100,0.676082975392,0.724435960075,0.699841996002,0,0
2100,0.724435960075,0.776247116629,0.749894209332,0,0
2100,0.776247116629,0.831763771103,0.803526122186,0,0
2100,0.831763771103,0.891250938134,0.860993752185,0,0
2100,0.891250938134,0.954992586021,0.922571427155,0,0
2100,0.954992586021,1.02329299228,0.988553094657,0,0
2100,1.02329299228,1.09647819614,1.05925372518,0,0
2100,1.09647819614,1.17489755494,1.13501081567,0,0
2100,1.17489755494,1.25892541179,1.21618600065,0,0
2100,1.25892541179,1.34896288259,1.30316677845,0,0
2100,1.34896288259,1.44543977075,1.39636836106,0,0
2100,1.44543977075,1.54881661891,1.49623565609,0,0
2100,1.54881661891,1.65958690744,1.60324539069,0,0
2100,1.65958690744,1.77827941004,1.71790838716,0,0
2100,1.77827941004,1.90546071796,1.84077200147,0,0
2100,1.90546071796,2.04173794467,1.97242273611,0,0
2100,2.04173794467,2.18776162395,2.11348903984,0,0
2100,2.18776162395,2.34422881532,2.26464430759,0,0
2100,2.34422881532,2.51188643151,2.42661009508,0,0
2100,2.51188643151,2.69153480393,2.60015956317,0,0
2100,2.69153480393,2.88403150313,2.78612116863,0,0
2100,2.88403150313,3.09029543251,2.98538261892,0,0
2100,3.09029543251,3.31131121483,3.19889510969,0,0
2100,3.31131121483,3.54813389234,3.42767786546,0,0
2100,3.54813389234,3.80189396321,3.67282300498,0,0
2100,3.80189396321,4.07380277804,3.93550075456,0,0
2100,4.07380277804,4.3651583224,4.21696503429,0,0
2100,4.3651583224,4.67735141287,4.51855944375,0,0
2100,4.67735141287,5.01187233627,4.84172367584,0,0
2100,5.01187233627,5.3703179637,5.18800038929,0,0
2100,5.3703179637,5.75439937337,5.5590425727,0,0
2100,5.75439937337,6.16595001861,5.95662143529,0,0
2100,6.16595001861,6.60693448008,6.38263486191,0,0
2100,6.60693448008,7.07945784384,6.83911647281,0,0
2100,7.07945784384,7.58577575029,7.32824533139,0,0
2100,7.58577575029,8.12830516164,7.8523563461,0,0
2100,8.12830516164,8.70963589956,8.41395141645,0.373975703317,0.999499874937
2100,8.70963589956,9.33254300797,9.01571137606,0,0
2100,9.33254300797,10,9.6605087899,0.930314237212,0.738891680926
2300,0.01,0.0107151930524,0.0103514216668,0,0
2300,0.0107151930524,0.011481536215,0.0110917481526,0,0
2300,0.011481536215,0.0123026877081,0.0118850222744,0,0
2300,0.0123026877081,0.0131825673856,0.0127350308102,0,0
2300,0.0131825673856,0.0141253754462,0.0136458313659,0,0
2300,0.0141253754462,0.0151356124844,0.0146217717446,0,0
2300,0.0151356124844,0.0162181009736,0.0156675107011,0,0
2300,0.0162181009736,0.0173780082875,0.0167880401812,0,0
2300,0.0173780082875,0.0186208713666,0.0179887091513,0,0
2300,0.0186208713666,0.0199526231497,0.0192752491319,0,0
2300,0.0199526231497,0.021379620895,0.0206538015581,0,0
2300,0.021379620895,0.0229086765277,0.0221309470961,0,0
2300,0.0229086765277,0.0245470891569,0.0237137370566,0,0
2300,0.0245470891569,0.026302679919,0.0254097270555,0,0
2300,0.026302679919,0.0281838293126,0.0272270130808,0,0
2300,0.0281838293126,0.030199517204,0.02917427014,0,0
2300,0.030199517204,0.032359365693,0.0312607936712,0,0
2300,0.032359365693,0.0346736850453,0.0334965439158,0,0
2300,0.0346736850453,0.0371535229097,0.0358921934645,0,0
2300,0.0371535229097,0.0398107170553,0.0384591782045,0,0
2300,0.0398107170553,0.0426579518802,0.0412097519097,0,0
2300,0.0426579518802,0.0457088189615,0.0441570447353,0,0
2300,0.0457088189615,0.0489778819368,0.0473151258961,0,0
2300,0.0489778819368,0.052480746025,0.0506990708275,0,0
2300,0.052480746025,0.056234132519,0.0543250331492,0,0
2300,0.056234132519,0.0602559586074,0.0582103217771,0,0
2300,0.0602559586074,0.0645654229035,0.0623734835482,0,0
2300,0.0645654229035,0.0691830970919,0.0668343917569,0,0
2300,0.0691830970919,0.0741310241301,0.0716143410213,0,0
2300,0.0741310241301,0.0794328234724,0.0767361489362,0,0
2300,0.0794328234724,0.0851138038202,0.0822242649947,0,0
2300,0.0851138038202,0.0912010839356,0.0881048873008,0,0
2300,0.0912010839356,0.0977237220956,0.0944060876286,0.0980727881647,0.999499874937
2300,0.0977237220956,0.104712854805,0.101157945426,0,0
2300,0.104712854805,0.11220184543,0.108392691402,0,0
2300,0.11220184543,0.120226443462,0.116144861384,0,0
2300,0.120226443462,0.128824955169,0.124451461177,0,0
2300,0.128824955169,0.13803842646,0.133352143216,0,0
2300,0.13803842646,0.147910838817,0.142889395851,0,0
2300,0.147910838817,0.158489319246,0.153108746168,0,0
2300,0.158489319246,0.169824365246,0.16405897732,0,0
2300,0.169824365246,0.181970085861,0.175792361396,0,0
2300,0.181970085861,0.194984459976,0.188364908949,0,0
2300,0.194984459976,0.208929613085,0.201836636368,0,0
2300,0.208929613085,0.223872113857,0.216271852373,0,0
2300,0.223872113857,0.239883291902,0.231739464997,0,0
2300,0.239883291902,0.257039578277,0.24831331053,0,0
2300,0.257039578277,0.275422870334,0.26607250598,0,0
2300,0.275422870334,0.295120922667,0.28510182675,0,0
2300,0.295120922667,0.316227766017,0.305492111322,0,0
2300,0.316227766017,0.338844156139,0.327340694879,0,0
2300,0.338844156139,0.36307805477,0.350751873953,0,0
2300,0.36307805477,0.389045144994,0.375837404288,0,0
2300,0.389045144994,0.41686938347,0.402717034325,0,0
2300,0.41686938347,0.446683592151,0.431519076828,0,0
2300,0.446683592151,0.478630092323,0.462381021399,0,0
2300,0.478630092323,0.512861383991,0.495450190805,0.378829752324,0.999499874937
2300,0.512861383991,0.549540873858,0.530884444231,0,0
2300,0.549540873858,0.588843655356,0.568852930844,0,0
2300,0.588843655356,0.63095734448,0.60953689724,0,0
2300,0.63095734448,0.676082975392,0.653130552647,0,0
2300,0.676082975392,0.724435960075,0.699841996002,0,0
2300,0.724435960075,0.776247116629,0.749894209332,0,0
2300,0.776247116629,0.831763771103,0.803526122186,0,0
2300,0.831763771103,0.891250938134,0.860993752185,0,0
2300,0.891250938134,0.954992586021,0.922571427155,0,0
2300,0.954992586021,1.02329299228,0.988553094657,0.0657984625221,0.999499874937
2300,1.02329299228,1.09647819614,1.05925372518,0,0
2300,1.09647819614,1.17489755494,1.13501081567,0,0
2300,1.17489755494,1.25892541179,1.21618600065,0,0
2300,1.25892541179,1.34896288259,1.30316677845,0,0
2300,1.34896288259,1.44543977075,1.39636836106,0,0
2300,1.44543977075,1.54881661891,1.49623565609,0,0
2300,1.54881661891,1.65958690744,1.60324539069,0,0
2300,1.65958690744,1.77827941004,1.71790838716,0,0
2300,1.77827941004,1.90546071796,1.84077200147,0,0
2300,1.90546071796,2.04173794467,1.97242273611,0,0
2300,2.04173794467,2.18776162395,2.11348903984,0,0
2300,2.18776162395,2.34422881532,2.26464430759,0,0
2300,2.34422881532,2.51188643151,2.42661009508,0,0
2300,2.51188643151,2.69153480393,2.60015956317,0,0
2300,2.69153480393,2.88403150313,2.78612116863,0,0
2300,2.88403150313,3.09029543251,2.98538261892,0,0
2300,3.09029543251,3.31131121483,3.19889510969,0,0
2300,3.31131121483,3.54813389234,3.42767786546,0,0
2300,3.54813389234,3.80189396321,3.67282300498,0,0
2300,3.80189396321,4.07380277804,3.93550075456,0,0
2300,4.07380277804,4.3651583224,4.21696503429,0,0
2300,4.3651583224,4.67735141287,4.51855944375,0,0
2300,4.67735141287,5.01187233627,4.84172367584,0.127145251752,0.999499874937
2300,5.01187233627,5.3703179637,5.18800038929,0,0
2300,5.3703179637,5.75439937337,5.5590425727,0,0
2300,5.75439937337,6.16595001861,5.95662143529,0,0
2300,6.16595001861,6.60693448008,6.38263486191,0,0
2300,6.60693448008,7.07945784384,6.83911647281,0,0
2300,7.07945784384,7.58577575029,7.32824533139,0,0
2300,7.58577575029,8.12830516164,7.8523563461,0,0
2300,8.12830516164,8.70963589956,8.41395141645,0,0
2300,8.70963589956,9.33254300797,9.01571137606,0,0
2300,9.33254300797,10,9.6605087899,0,0
2500,0.01,0.0107151930524,0.0103514216668,0,0
2500,0.0107151930524,0.011481536215,0.0110917481526,0,0
2500,0.011481536215,0.0123026877081,0.0118850222744,0,0
2500,0.0123026877081,0.0131825673856,0.0127350308102,0,0
2500,0.0131825673856,0.0141253754462,0.0136458313659,0,0
2500,0.0141253754462,0.0151356124844,0.0146217717446,0,0
2500,0.0151356124844,0.0162181009736,0.0156675107011,0,0
2500,0.0162181009736,0.0173780082875,0.0167880401812,0,0
2500,0.0173780082875,0.0186208713666,0.0179887091513,0,0
2500,0.0186208713666,0.0199526231497,0.0192752491319,0,0
2500,0.0199526231497,0.021379620895,0.0206538015581,0,0
2500,0.021379620895,0.0229086765277,0.0221309470961,0,0
2500,0.0229086765277,0.0245470891569,0.0237137370566,0,0
2500,0.0245470891569,0.026302679919,0.0254097270555,0,0
2500,0.026302679919,0.0281838293126,0.0272270130808,0,0
2500,0.0281838293126,0.030199517204,0.02917427014,0,0
2500,0.030199517204,0.032359365693,0.0312607936712,0,0
2500,0.032359365693,0.0346736850453,0.0334965439158,0,0
2500,0.0346736850453,0.0371535229097,0.0358921934645,0,0
2500,0.0371535229097,0.0398107170553,0.0384591782045,0,0
2500,0.0398107170553,0.0426579518802,0.0412097519097,0,0
2500,0.0426579518802,0.0457088189615,0.0441570447353,0,0
2500,0.0457088189615,0.0489778819368,0.0473151258961,0.380295004636,0.999499874937
2500,0.0489778819368,0.052480746025,0.0506990708275,0,0
2500,0.052480746025,0.056234132519,0.0543250331492,0,0
2500,0.056234132519,0.0602559586074,0.0582103217771,0,0
2500,0.0602559586074,0.0645654229035,0.0623734835482,0,0
2500,0.0645654229035,0.0691830970919,0.0668343917569,0,0
2500,0.0691830970919,0.0741310241301,0.0716143410213,0,0
2500,0.0741310241301,0.0794328234724,0.0767361489362,0.307176881077,0.999499874937
2500,0.0794328234724,0.0851138038202,0.0822242649947,0,0
2500,0.0851138038202,0.0912010839356,0.0881048873008,0,0
2500,0.0912010839356,0.0977237220956,0.0944060876286,0,0
2500,0.0977237220956,0.104712854805,0.101157945426,0,0
2500,0.104712854805,0.11220184543,0.108392691402,0,0
2500,0.11220184543,0.120226443462,0.116144861384,0,0
2500,0.120226443462,0.128824955169,0.124451461177,0,0
2500,0.128824955169,0.13803842646,0.133352143216,0,0
2500,0.13803842646,0.147910838817,0.142889395851,0,0
2500,0.147910838817,0.158489319246,0.153108746168,0,0
2500,0.158489319246,0.169824365246,0.16405897732,0,0
2500,0.169824365246,0.181970085861,0.175792361396,0.348207022863,0.999499874937
2500,0.181970085861,0.194984459976,0.188364908949,0,0
2500,0.194984459976,0.208929613085,0.201836636368,0,0
2500,0.208929613085,0.223872113857,0.216271852373,0,0
2500,0.223872113857,0.239883291902,0.231739464997,0,0
2500,0.239883291902,0.257039578277,0.24831331053,0,0
2500,0.257039578277,0.275422870334,0.26607250598,0,0
2500,0.275422870334,0.295120922667,0.28510182675,0,0
2500,0.295120922667,0.316227766017,0.305492111322,0,0
2500,0.316227766017,0.338844156139,0.327340694879,0,0
2500,0.338844156139,0.36307805477,0.350751873953,0,0
2500,0.36307805477,0.389045144994,0.375837404288,0,0
2500,0.389045144994,0.41686938347,0.402717034325,0,0
2500,0.41686938347,0.446683592151,0.431519076828,0,0
2500,0.446683592151,0.478630092323,0.462381021399,0,0
2500,0.478630092323,0.512861383991,0.495450190805,0,0
2500,0.512861383991,0.549540873858,0.530884444231,0,0
2500,0.549540873858,0.588843655356,0.568852930844,0,0
2500,0.588843655356,0.63095734448,0.60953689724,0,0
2500,0.63095734448,0.676082975392,0.653130552647,0,0
2500,0.676082975392,0.724435960075,0.699841996002,0,0
2500,0.724435960075,0.776247116629,0.749894209332,0,0
2500,0.776247116629,0.831763771103,0.803526122186,0,0
2500,0.831763771103,0.891250938134,0.860993752185,0,0
2500,0.891250938134,0.954992586021,0.922571427155,0,0
2500,0.954992586021,1.02329299228,0.988553094657,0,0
2500,1.02329299228,1.09647819614,1.05925372518,0,0
2500,1.09647819614,1.17489755494,1.13501081567,0,0
2500,1.17489755494,1.25892541179,1.21618600065,0,0
2500,1.25892541179,1.34896288259,1.30316677845,0,0
2500,1.34896288259,1.44543977075,1.39636836106,0,0
2500,1.44543977075,1.54881661891,1.49623565609,0,0
2500,1.54881661891,1.65958690744,1.60324539069,0,0
2500,1.65958690744,1.77827941004,1.71790838716,0,0
2500,1.77827941004,1.90546071796,1.84077200147,0.580605018954,0.999499874937
2500,1.90546071796,2.04173794467,1.97242273611,0,0
2500,2.04173794467,2.18776162395,2.11348903984,0,0
2500,2.18776162395,2.34422881532,2.26464430759,0.292165920099,0.999499874937
2500,2.34422881532,2.51188643151,2.42661009508,0,0
2500,2.51188643151,2.69153480393,2.60015956317,0,0
2500,2.69153480393,2.88403150313,2.78612116863,0,0
2500,2.88403150313,3.09029543251,2.98538261892,0,0
2500,3.09029543251,3.31131121483,3.19889510969,0,0
2500,3.31131121483,3.54813389234,3.42767786546,0,0
2500,3.54813389234,3.80189396321,3.67282300498,0,0
2500,3.80189396321,4.07380277804,3.93550075456,0,0
2500,4.07380277804,4.3651583224,4.21696503429,0,0
2500,4.3651583224,4.67735141287,4.51855944375,0,0
2500,4.67735141287,5.01187233627,4.84172367584,0,0
2500,5.01187233627,5.3703179637,5.18800038929,0,0
2500,5.3703179637,5.75439937337,5.5590425727,0,0
2500,5.75439937337,6.16595001861,5.95662143529,0,0
2500,6.16595001861,6.60693448008,6.38263486191,0,0
2500,6.60693448008,7.07945784384,6.83911647281,0,0
2500,7.07945784384,7.58577575029,7.32824533139,0,0
2500,7.58577575029,8.12830516164,7.8523563461,0,0
2500,8.12830516164,8.70963589956,8.41395141645,0,0
2500,8.70963589956,9.33254300797,9.01571137606,0,0
2500,9.33254300797,10,9.6605087899,1.18898354512,0.633646166432
2700,0.01,0.0107151930524,0.0103514216668,0,0
2700,0.0107151930524,0.011481536215,0.0110917481526,0,0
2700,0.011481536215,0.0123026877081,0.0118850222744,0,0
2700,0.0123026877081,0.0131825673856,0.0127350308102,0,0
2700,0.0131825673856,0.0141253754462,0.0136458313659,0,0
2700,0.0141253754462,0.0151356124844,0.0146217717446,0,0
2700,0.0151356124844,0.0162181009736,0.0156675107011,0,0
2700,0.0162181009736,0.0173780082875,0.0167880401812,0,0
2700,0.0173780082875,0.0186208713666,0.0179887091513,0,0
2700,0.0186208713666,0.0199526231497,0.0192752491319,0,0
2700,0.0199526231497,0.021379620895,0.0206538015581,0,0
2700,0.021379620895,0.0229086765277,0.0221309470961,0,0
2700,0.0229086765277,0.0245470891569,0.0237137370566,0,0
2700,0.0245470891569,0.026302679919,0.0254097270555,0,0
2700,0.026302679919,0.0281838293126,0.0272270130808,0,0
2700,0.0281838293126,0.030199517204,0.02917427014,0,0
2700,0.030199517204,0.032359365693,0.0312607936712,0,0
2700,0.032359365693,0.0346736850453,0.0334965439158,0,0
2700,0.0346736850453,0.0371535229097,0.0358921934645,0,0
2700,0.0371535229097,0.0398107170553,0.0384591782045,0,0
2700,0.0398107170553,0.0426579518802,0.0412097519097,0,0
2700,0.0426579518802,0.0457088189615,0.0441570447353,0,0
2700,0.0457088189615,0.0489778819368,0.0473151258961,0,0
2700,0.0489778819368,0.052480746025,0.0506990708275,0,0
2700,0.052480746025,0.056234132519,0.0543250331492,0,0
2700,0.056234132519,0.0602559586074,0.0582103217771,0,0
2700,0.0602559586074,0.0645654229035,0.0623734835482,0,0
2700,0.0645654229035,0.0691830970919,0.0668343917569,0,0
2700,0.0691830970919,0.0741310241301,0.0716143410213,0,0
2700,0.0741310241301,0.0794328234724,0.0767361489362,0.0327472398491,0.999499874937
2700,0.0794328234724,0.0851138038202,0.0822242649947,0,0
2700,0.0851138038202,0.0912010839356,0.0881048873008,0,0
2700,0.0912010839356,0.0977237220956,0.0944060876286,0,0
2700,0.0977237220956,0.104712854805,0.101157945426,0,0
2700,0.104712854805,0.11220184543,0.108392691402,0.0240679437047,0.999499874937
2700,0.11220184543,0.120226443462,0.116144861384,0,0
2700,0.120226443462,0.128824955169,0.124451461177,0,0
2700,0.128824955169,0.13803842646,0.133352143216,0,0
2700,0.13803842646,0.147910838817,0.142889395851,0,0
2700,0.147910838817,0.158489319246,0.153108746168,0,0
2700,0.158489319246,0.169824365246,0.16405897732,0.084788503244,0.763431575388
2700,0.169824365246,0.181970085861,0.175792361396,0.0513541567283,0.999499874937
2700,0.181970085861,0.194984459976,0.188364908949,0,0
2700,0.194984459976,0.208929613085,0.201836636368,0,0
2700,0.208929613085,0.223872113857,0.216271852373,0,0
2700,0.223872113857,0.239883291902,0.231739464997,0,0
2700,0.239883291902,0.257039578277,0.24831331053,0,0
2700,0.257039578277,0.275422870334,0.26607250598,0,0
2700,0.275422870334,0.295120922667,0.28510182675,0,0
2700,0.295120922667,0.316227766017,0.305492111322,0,0
2700,0.316227766017,0.338844156139,0.327340694879,0,0
2700,0.338844156139,0.36307805477,0.350751873953,0,0
2700,0.36307805477,0.389045144994,0.375837404288,0,0
2700,0.389045144994,0.41686938347,0.402717034325,0.0125596179572,0.999499874937
2700,0.41686938347,0.446683592151,0.431519076828,0,0
2700,0.446683592151,0.478630092323,0.462381021399,0,0
2700,0.478630092323,0.512861383991,0.495450190805,0.0450549893037,0.858281571323
2700,0.512861383991,0.549540873858,0.530884444231,0,0
2700,0.549540873858,0.588843655356,0.568852930844,0,0
2700,0.588843655356,0.63095734448,0.60953689724,0,0
2700,0.63095734448,0.676082975392,0.653130552647,0,0
2700,0.676082975392,0.724435960075,0.699841996002,0,0
2700,0.724435960075,0.776247116629,0.749894209332,0,0
2700,0.776247116629,0.831763771103,0.803526122186,0,0
2700,0.831763771103,0.891250938134,0.860993752185,0,0
2700,0.891250938134,0.954992586021,0.922571427155,0,0
2700,0.954992586021,1.02329299228,0.988553094657,0,0
2700,1.02329299228,1.09647819614,1.05925372518,0,0
2700,1.09647819614,1.17489755494,1.13501081567,0,0
2700,1.17489755494,1.25892541179,1.21618600065,0,0
2700,1.25892541179,1.34896288259,1.30316677845,0,0
2700,1.34896288259,1.44543977075,1.39636836106,0,0
2700,1.44543977075,1.54881661891,1.49623565609,0,0
2700,1.54881661891,1.65958690744,1.60324539069,0,0
2700,1.65958690744,1.77827941004,1.71790838716,0,0
2700,1.77827941004,1.90546071796,1.84077200147,0.034333252736,0.999499874937
2700,1.90546071796,2.04173794467,1.97242273611,0,0
2700,2.04173794467,2.18776162395,2.11348903984,0,0
2700,2.18776162395,2.34422881532,2.26464430759,0,0
2700,2.34422881532,2.51188643151,2.42661009508,0,0
2700,2.51188643151,2.69153480393,2.60015956317,0,0
2700,2.69153480393,2.88403150313,2.78612116863,0.110712148245,0.999499874937
2700,2.88403150313,3.09029543251,2.98538261892,0,0
2700,3.09029543251,3.31131121483,3.19889510969,0,0
2700,3.31131121483,3.54813389234,3.42767786546,0,0
2700,3.54813389234,3.80189396321,3.67282300498,0,0
2700,3.80189396321,4.07380277804,3.93550075456,0,0
2700,4.07380277804,4.3651583224,4.21696503429,0,0
2700,4.3651583224,4.67735141287,4.51855944375,0,0
2700,4.67735141287,5.01187233627,4.84172367584,0,0
2700,5.01187233627,5.3703179637,5.18800038929,0,0
2700,5.3703179637,5.75439937337,5.5590425727,0,0
2700,5.75439937337,6.16595001861,5.95662143529,0,0
2700,6.16595001861,6.60693448008,6.38263486191,0,0
2700,6.60693448008,7.07945784384,6.83911647281,0,0
2700,7.07945784384,7.58577575029,7.32824533139,0,0
2700,7.58577575029,8.12830516164,7.8523563461,0,0
2700,8.12830516164,8.70963589956,8.41395141645,0,0
2700,8.70963589956,9.33254300797,9.01571137606,0,0
2700,9.33254300797,10,9.6605087899,0.148748344998,0.460427331559
2900,0.01,0.0107151930524,0.0103514216668,0,0
2900,0.0107151930524,0.011481536215,0.0110917481526,0,0
2900,0.011481536215,0.0123026877081,0.0118850222744,0,0
2900,0.0123026877081,0.0131825673856,0.0127350308102,0,0
2900,0.0131825673856,0.0141253754462,0.0136458313659,0,0
2900,0.0141253754462,0.0151356124844,0.0146217717446,0,0
2900,0.0151356124844,0.0162181009736,0.0156675107011,0,0
2900,0.0162181009736,0.0173780082875,0.0167880401812,0,0
2900,0.0173780082875,0.0186208713666,0.0179887091513,0,0
2900,0.0186208713666,0.0199526231497,0.0192752491319,0,0
2900,0.0199526231497,0.021379620895,0.0206538015581,0,0
2900,0.021379620895,0.0229086765277,0.0221309470961,0,0
2900,0.0229086765277,0.0245470891569,0.0237137370566,0,0
2900,0.0245470891569,0.026302679919,0.0254097270555,0,0
2900,0.026302679919,0.0281838293126,0.0272270130808,0,0
2900,0.0281838293126,0.030199517204,0.02917427014,0,0
2900,0.030199517204,0.032359365693,0.0312607936712,0.0228882188042,0.999499874937
2900,0.032359365693,0.0346736850453,0.0334965439158,0,0
2900,0.0346736850453,0.0371535229097,0.0358921934645,0,0
2900,0.0371535229097,0.0398107170553,0.0384591782045,0,0
2900,0.0398107170553,0.0426579518802,0.0412097519097,0,0
2900,0.0426579518802,0.0457088189615,0.0441570447353,0,0
2900,0.0457088189615,0.0489778819368,0.0473151258961,0,0
2900,0.0489778819368,0.052480746025,0.0506990708275,0,0
2900,0.052480746025,0.056234132519,0.0543250331492,0,0
2900,0.056234132519,0.0602559586074,0.0582103217771,0,0
2900,0.0602559586074,0.0645654229035,0.0623734835482,0,0
2900,0.0645654229035,0.0691830970919,0.0668343917569,0,0
2900,0.0691830970919,0.0741310241301,0.0716143410213,0,0
2900,0.0741310241301,0.0794328234724,0.0767361489362,0,0
2900,0.0794328234724,0.0851138038202,0.0822242649947,0,0
2900,0.0851138038202,0.0912010839356,0.0881048873008,0.266463260162,0.999499874937
2900,0.0912010839356,0.0977237220956,0.0944060876286,0,0
2900,0.0977237220956,0.104712854805,0.101157945426,0,0
2900,0.104712854805,0.11220184543,0.108392691402,0,0
2900,0.11220184543,0.120226443462,0.116144861384,0,0
2900,0.120226443462,0.128824955169,0.124451461177,0,0
2900,0.128824955169,0.13803842646,0.133352143216,0,0
2900,0.13803842646,0.147910838817,0.142889395851,0,0
2900,0.147910838817,0.158489319246,0.153108746168,0,0
2900,0.158489319246,0.169824365246,0.16405897732,0.0778595731081,0.999499874937
2900,0.169824365246,0.181970085861,0.175792361396,0,0
2900,0.181970085861,0.194984459976,0.188364908949,0,0
2900,0.194984459976,0.208929613085,0.201836636368,0,0
2900,0.208929613085,0.223872113857,0.216271852373,0,0
2900,0.223872113857,0.239883291902,0.231739464997,0,0
2900,0.239883291902,0.257039578277,0.24831331053,0,0
2900,0.257039578277,0.275422870334,0.26607250598,0,0
2900,0.275422870334,0.295120922667,0.28510182675,0,0
2900,0.295120922667,0.316227766017,0.305492111322,0,0
2900,0.316227766017,0.338844156139,0.327340694879,0.273285248353,0.999499874937
2900,0.338844156139,0.36307805477,0.350751873953,0.0791180887933,0.999499874937
2900,0.36307805477,0.389045144994,0.375837404288,0.0978488281052,0.999499874937
2900,0.389045144994,0.41686938347,0.402717034325,0,0
2900,0.41686938347,0.446683592151,0.431519076828,0,0
2900,0.446683592151,0.478630092323,0.462381021399,0.268960445573,0.737920616399
2900,0.478630092323,0.512861383991,0.495450190805,0.0312827440816,0.999499874937
2900,0.512861383991,0.549540873858,0.530884444231,0,0
2900,0.549540873858,0.588843655356,0.568852930844,0,0
2900,0.588843655356,0.63095734448,0.60953689724,0,0
2900,0.63095734448,0.676082975392,0.653130552647,0,0
2900,0.676082975392,0.724435960075,0.699841996002,0,0
2900,0.724435960075,0.776247116629,0.749894209332,0,0
2900,0.776247116629,0.831763771103,0.803526122186,0,0
2900,0.831763771103,0.891250938134,0.860993752185,0,0
2900,0.891250938134,0.954992586021,0.922571427155,0,0
2900,0.954992586021,1.02329299228,0.988553094657,0,0
2900,1.02329299228,1.09647819614,1.05925372518,0,0
2900,1.09647819614,1.17489755494,1.13501081567,0.223341979387,0.999499874937
2900,1.17489755494,1.25892541179,1.21618600065,0,0
2900,1.25892541179,1.34896288259,1.30316677845,0,0
2900,1.34896288259,1.44543977075,1.39636836106,0,0
2900,1.44543977075,1.54881661891,1.49623565609,0,0
2900,1.54881661891,1.65958690744,1.60324539069,0,0
2900,1.65958690744,1.77827941004,1.71790838716,0,0
2900,1.77827941004,1.90546071796,1.84077200147,0,0
2900,1.90546071796,2.04173794467,1.97242273611,0,0
2900,2.04173794467,2.18776162395,2.11348903984,0,0
2900,2.18776162395,2.34422881532,2.26464430759,0,0
2900,2.34422881532,2.51188643151,2.42661009508,0,0
2900,2.51188643151,2.69153480393,2.60015956317,0,0
2900,2.69153480393,2.88403150313,2.78612116863,0,0
2900,2.88403150313,3.09029543251,2.98538261892,0,0
2900,3.09029543251,3.31131121483,3.19889510969,0,0
2900,3.31131121483,3.54813389234,3.42767786546,0,0
2900,3.54813389234,3.80189396321,3.67282300498,0,0
2900,3.80189396321,4.07380277804,3.93550075456,0,0
2900,4.07380277804,4.3651583224,4.21696503429,0,0
2900,4.3651583224,4.67735141287,4.51855944375,0,0
2900,4.67735141287,5.01187233627,4.84172367584,0,0
2900,5.01187233627,5.3703179637,5.18800038929,0,0
2900,5.3703179637,5.75439937337,5.5590425727,0,0
2900,5.75439937337,6.16595001861,5.95662143529,0,0
2900,6.16595001861,6.60693448008,6.38263486191,0,0
2900,6.60693448008,7.07945784384,6.83911647281,0,0
2900,7.07945784384,7.58577575029,7.32824533139,0,0
2900,7.58577575029,8.12830516164,7.8523563461,0,0
2900,8.12830516164,8.70963589956,8.41395141645,0,0
2900,8.70963589956,9.33254300797,9.01571137606,0,0
2900,9.33254300797,10,9.6605087899,0.0982864841597,0.999499874937
3000,0.01,0.0107151930524,0.0103514216668,0,0
3000,0.0107151930524,0.011481536215,0.0110917481526,0,0
3000,0.011481536215,0.0123026877081,0.0118850222744,0,0
3000,0.0123026877081,0.0131825673856,0.0127350308102,0,0
3000,0.0131825673856,0.0141253754462,0.0136458313659,0,0
3000,0.0141253754462,0.0151356124844,0.0146217717446,0,0
3000,0.0151356124844,0.0162181009736,0.0156675107011,0,0
3000,0.0162181009736,0.0173780082875,0.0167880401812,0,0
3000,0.0173780082875,0.0186208713666,0.0179887091513,0,0
3000,0.0186208713666,0.0199526231497,0.0192752491319,0,0
3000,0.0199526231497,0.021379620895,0.0206538015581,0,0
3000,0.021379620895,0.0229086765277,0.0221309470961,0,0
3000,0.0229086765277,0.0245470891569,0.0237137370566,0,0
3000,0.0245470891569,0.026302679919,0.0254097270555,0,0
3000,0.026302679919,0.0281838293126,0.0272270130808,0,0
3000,0.0281838293126,0.030199517204,0.02917427014,0,0
3000,0.030199517204,0.032359365693,0.0312607936712,0,0
3000,0.032359365693,0.0346736850453,0.0334965439158,0,0
3000,0.0346736850453,0.0371535229097,0.0358921934645,0,0
3000,0.0371535229097,0.0398107170553,0.0384591782045,0,0
3000,0.0398107170553,0.0426579518802,0.0412097519097,0,0
3000,0.0426579518802,0.0457088189615,0.0441570447353,0,0
3000,0.0457088189615,0.0489778819368,0.0473151258961,0,0
3000,0.0489778819368,0.052480746025,0.0506990708275,0,0
3000,0.052480746025,0.056234132519,0.0543250331492,0,0
3000,0.056234132519,0.0602559586074,0.0582103217771,0,0
3000,0.0602559586074,0.0645654229035,0.0623734835482,0,0
3000,0.0645654229035,0.0691830970919,0.0668343917569,0,0
3000,0.0691830970919,0.0741310241301,0.0716143410213,0,0
3000,0.0741310241301,0.0794328234724,0.0767361489362,0,0
3000,0.0794328234724,0.0851138038202,0.0822242649947,0,0
3000,0.0851138038202,0.0912010839356,0.0881048873008,0,0
3000,0.0912010839356,0.0977237220956,0.0944060876286,0,0
3000,0.0977237220956,0.104712854805,0.101157945426,0,0
3000,0.104712854805,0.11220184543,0.108392691402,0,0
3000,0.11220184543,0.120226443462,0.116144861384,0,0
3000,0.120226443462,0.128824955169,0.124451461177,0,0
3000,0.128824955169,0.13803842646,0.133352143216,0,0
3000,0.13803842646,0.147910838817,0.142889395851,0,0
3000,0.147910838817,0.158489319246,0.153108746168,0,0
3000,0.158489319246,0.169824365246,0.16405897732,0,0
3000,0.169824365246,0.181970085861,0.175792361396,0,0
3000,0.181970085861,0.194984459976,0.188364908949,0,0
3000,0.194984459976,0.208929613085,0.201836636368,0,0
3000,0.208929613085,0.223872113857,0.216271852373,0,0
3000,0.223872113857,0.239883291902,0.231739464997,0,0
3000,0.239883291902,0.257039578277,0.24831331053,0,0
3000,0.257039578277,0.275422870334,0.26607250598,0,0
3000,0.275422870334,0.295120922667,0.28510182675,0,0
3000,0.295120922667,0.316227766017,0.305492111322,0,0
3000,0.316227766017,0.338844156139,0.327340694879,0,0
3000,0.338844156139,0.36307805477,0.350751873953,0,0
3000,0.36307805477,0.389045144994,0.375837404288,0,0
3000,0.389045144994,0.41686938347,0.402717034325,0,0
3000,0.41686938347,0.446683592151,0.431519076828,0,0
3000,0.446683592151,0.478630092323,0.462381021399,0,0
3000,0.478630092323,0.512861383991,0.495450190805,0,0
3000,0.512861383991,0.549540873858,0.530884444231,0,0
3000,0.549540873858,0.588843655356,0.568852930844,0,0
3000,0.588843655356,0.63095734448,0.60953689724,0,0
3000,0.63095734448,0.676082975392,0.653130552647,0,0
3000,0.676082975392,0.724435960075,0.699841996002,0,0
3000,0.724435960075,0.776247116629,0.749894209332,0,0
3000,0.776247116629,0.831763771103,0.803526122186,0,0
3000,0.831763771103,0.891250938134,0.860993752185,0,0
3000,0.891250938134,0.954992586021,0.922571427155,0,0
3000,0.954992586021,1.02329299228,0.988553094657,0,0
3000,1.02329299228,1.09647819614,1.05925372518,0,0
3000,1.09647819614,1.17489755494,1.13501081567,0,0
3000,1.17489755494,1.25892541179,1.21618600065,0,0
3000,1.25892541179,1.34896288259,1.30316677845,0,0
3000,1.34896288259,1.44543977075,1.39636836106,0,0
3000,1.44543977075,1.54881661891,1.49623565609,0,0
3000,1.54881661891,1.65958690744,1.60324539069,0,0
3000,1.65958690744,1.77827941004,1.71790838716,0,0
3000,1.77827941004,1.90546071796,1.84077200147,0,0
3000,1.90546071796,2.04173794467,1.97242273611,0,0
3000,2.04173794467,2.18776162395,2.11348903984,0,0
3000,2.18776162395,2.34422881532,2.26464430759,0,0
3000,2.34422881532,2.51188643151,2.42661009508,0,0
3000,2.51188643151,2.69153480393,2.60015956317,0,0
3000,2.69153480393,2.88403150313,2.78612116863,0,0
3000,2.88403150313,3.09029543251,2.98538261892,0,0
3000,3.09029543251,3.31131121483,3.19889510969,0,0
3000,3.31131121483,3.54813389234,3.42767786546,0,0
3000,3.54813389234,3.80189396321,3.67282300498,0,0
3000,3.80189396321,4.07380277804,3.93550075456,0,0
3000,4.07380277804,4.3651583224,4.21696503429,0,0
3000,4.3651583224,4.67735141287,4.51855944375,0,0
3000,4.67735141287,5.01187233627,4.84172367584,0,0
3000,5.01187233627,5.3703179637,5.18800038929,0,0
3000,5.3703179637,5.75439937337,5.5590425727,0,0
3000,5.75439937337,6.16595001861,5.95662143529,0,0
3000,6.16595001861,6.60693448008,6.38263486191,0,0
3000,6.60693448008,7.07945784384,6.83911647281,0,0
3000,7.07945784384,7.58577575029,7.32824533139,0,0
3000,7.58577575029,8.12830516164,7.8523563461,0,0
3000,8.12830516164,8.70963589956,8.41395141645,0,0
3000,8.70963589956,9.33254300797,9.01571137606,0,0
3000,9.33254300797,10,9.6605087899,0,0
3200,0.01,0.0107151930524,0.0103514216668,0,0
3200,0.0107151930524,0.011481536215,0.0110917481526,0,0
3200,0.011481536215,0.0123026877081,0.0118850222744,0,0
3200,0.0123026877081,0.0131825673856,0.0127350308102,0,0
3200,0.0131825673856,0.0141253754462,0.0136458313659,0,0
3200,0.0141253754462,0.0151356124844,0.0146217717446,0,0
3200,0.0151356124844,0.0162181009736,0.0156675107011,0,0
3200,0.0162181009736,0.0173780082875,0.0167880401812,0,0
3200,0.0173780082875,0.0186208713666,0.0179887091513,0,0
3200,0.0186208713666,0.0199526231497,0.0192752491319,0,0
3200,0.0199526231497,0.021379620895,0.0206538015581,0,0
3200,0.021379620895,0.0229086765277,0.0221309470961,0,0
3200,0.0229086765277,0.0245470891569,0.0237137370566,0,0
3200,0.0245470891569,0.026302679919,0.0254097270555,0,0
3200,0.026302679919,0.0281838293126,0.0272270130808,0,0
3200,0.0281838293126,0.030199517204,0.02917427014,0,0
3200,0.030199517204,0.032359365693,0.0312607936712,0,0
3200,0.032359365693,0.0346736850453,0.0334965439158,0,0
3200,0.0346736850453,0.0371535229097,0.0358921934645,0,0
3200,0.0371535229097,0.0398107170553,0.0384591782045,0,0
3200,0.0398107170553,0.0426579518802,0.0412097519097,0,0
3200,0.0426579518802,0.0457088189615,0.0441570447353,0,0
3200,0.0457088189615,0.0489778819368,0.0473151258961,0,0
3200,0.0489778819368,0.052480746025,0.0506990708275,0,0
3200,0.052480746025,0.056234132519,0.0543250331492,0,0
3200,0.056234132519,0.0602559586074,0.0582103217771,0,0
3200,0.0602559586074,0.0645654229035,0.0623734835482,0,0
3200,0.0645654229035,0.0691830970919,0.0668343917569,0,0
3200,0.0691830970919,0.0741310241301,0.0716143410213,0,0
3200,0.0741310241301,0.0794328234724,0.0767361489362,0,0
3200,0.0794328234724,0.0851138038202,0.0822242649947,0,0
3200,0.0851138038202,0.0912010839356,0.0881048873008,0,0
3200,0.0912010839356,0.0977237220956,0.0944060876286,0,0
3200,0.0977237220956,0.104712854805,0.101157945426,0,0
3200,0.104712854805,0.11220184543,0.108392691402,0,0
3200,0.11220184543,0.120226443462,0.116144861384,0,0
3200,0.120226443462,0.128824955169,0.124451461177,0,0
3200,0.128824955169,0.13803842646,0.133352143216,0,0
3200,0.13803842646,0.147910838817,0.142889395851,0,0
3200,0.147910838817,0.158489319246,0.153108746168,0,0
3200,0.158489319246,0.169824365246,0.16405897732,0,0
3200,0.169824365246,0.181970085861,0.175792361396,0,0
3200,0.181970085861,0.194984459976,0.188364908949,0,0
3200,0.194984459976,0.208929613085,0.201836636368,0,0
3200,0.208929613085,0.223872113857,0.216271852373,0,0
3200,0.223872113857,0.239883291902,0.231739464997,0,0
3200,0.239883291902,0.257039578277,0.24831331053,0,0
3200,0.257039578277,0.275422870334,0.26607250598,0,0
3200,0.275422870334,0.295120922667,0.28510182675,0,0
3200,0.295120922667,0.316227766017,0.305492111322,0,0
3200,0.316227766017,0.338844156139,0.327340694879,0,0
3200,0.338844156139,0.36307805477,0.350751873953,0,0
3200,0.36307805477,0.389045144994,0.375837404288,0,0
3200,0.389045144994,0.41686938347,0.402717034325,0,0
3200,0.41686938347,0.446683592151,0.431519076828,0,0
3200,0.446683592151,0.478630092323,0.462381021399,0,0
3200,0.478630092323,0.512861383991,0.495450190805,0.216066137737,0.999499874937
3200,0.512861383991,0.549540873858,0.530884444231,0,0
3200,0.549540873858,0.588843655356,0.568852930844,0,0
3200,0.588843655356,0.63095734448,0.60953689724,0,0
3200,0.63095734448,0.676082975392,0.653130552647,0,0
3200,0.676082975392,0.724435960075,0.699841996002,0,0
3200,0.724435960075,0.776247116629,0.749894209332,0,0
3200,0.776247116629,0.831763771103,0.803526122186,0,0
3200,0.831763771103,0.891250938134,0.860993752185,0,0
3200,0.891250938134,0.954992586021,0.922571427155,0,0
3200,0.954992586021,1.02329299228,0.988553094657,0,0
3200,1.02329299228,1.09647819614,1.05925372518,0,0
3200,1.09647819614,1.17489755494,1.13501081567,0,0
3200,1.17489755494,1.25892541179,1.21618600065,0,0
3200,1.25892541179,1.34896288259,1.30316677845,0,0
3200,1.34896288259,1.44543977075,1.39636836106,0,0
3200,1.44543977075,1.54881661891,1.49623565609,0,0
3200,1.54881661891,1.65958690744,1.60324539069,0,0
3200,1.65958690744,1.77827941004,1.71790838716,0,0
3200,1.77827941004,1.90546071796,1.84077200147,0,0
3200,1.90546071796,2.04173794467,1.97242273611,0,0
3200,2.04173794467,2.18776162395,2.11348903984,0,0
3200,2.18776162395,2.34422881532,2.26464430759,0,0
3200,2.34422881532,2.51188643151,2.42661009508,0,0
3200,2.51188643151,2.69153480393,2.60015956317,0,0
3200,2.69153480393,2.88403150313,2.78612116863,0,0
3200,2.88403150313,3.09029543251,2.98538261892,0,0
3200,3.09029543251,3.31131121483,3.19889510969,0,0
3200,3.31131121483,3.54813389234,3.42767786546,0,0
3200,3.54813389234,3.80189396321,3.67282300498,0,0
3200,3.80189396321,4.07380277804,3.93550075456,0,0
3200,4.07380277804,4.3651583224,4.21696503429,0,0
3200,4.3651583224,4.67735141287,4.51855944375,0,0
3200,4.67735141287,5.01187233627,4.84172367584,0,0
3200,5.01187233627,5.3703179637,5.18800038929,0,0
3200,5.3703179637,5.75439937337,5.5590425727,0,0
3200,5.75439937337,6.16595001861,5.95662143529,0,0
3200,6.16595001861,6.60693448008,6.38263486191,0,0
3200,6.60693448008,7.07945784384,6.83911647281,0,0
3200,7.07945784384,7.58577575029,7.32824533139,0,0
3200,7.58577575029,8.12830516164,7.8523563461,0,0
3200,8.12830516164,8.70963589956,8.41395141645,0,0
3200,8.70963589956,9.33254300797,9.01571137606,0,0
3200,9.33254300797,10,9.6605087899,0,0
3300,0.01,0.0107151930524,0.0103514216668,0,0
3300,0.0107151930524,0.011481536215,0.0110917481526,0,0
3300,0.011481536215,0.0123026877081,0.0118850222744,0,0
3300,0.0123026877081,0.0131825673856,0.0127350308102,0,0
3300,0.0131825673856,0.0141253754462,0.0136458313659,0,0
3300,0.0141253754462,0.0151356124844,0.0146217717446,0,0
3300,0.0151356124844,0.0162181009736,0.0156675107011,0,0
3300,0.0162181009736,0.0173780082875,0.0167880401812,0,0
3300,0.0173780082875,0.0186208713666,0.0179887091513,0,0
3300,0.0186208713666,0.0199526231497,0.0192752491319,0,0
3300,0.0199526231497,0.021379620895,0.0206538015581,0,0
3300,0.021379620895,0.0229086765277,0.0221309470961,0,0
3300,0.0229086765277,0.0245470891569,0.0237137370566,0,0
3300,0.0245470891569,0.026302679919,0.0254097270555,0,0
3300,0.026302679919,0.0281838293126,0.0272270130808,0,0
3300,0.0281838293126,0.030199517204,0.02917427014,0,0
3300,0.030199517204,0.032359365693,0.0312607936712,0,0
3300,0.032359365693,0.0346736850453,0.0334965439158,0,0
3300,0.0346736850453,0.0371535229097,0.0358921934645,0,0
3300,0.0371535229097,0.0398107170553,0.0384591782045,0,0
3300,0.0398107170553,0.0426579518802,0.0412097519097,0,0
3300,0.0426579518802,0.0457088189615,0.0441570447353,0,0
3300,0.0457088189615,0.0489778819368,0.0473151258961,0,0
3300,0.0489778819368,0.052480746025,0.0506990708275,0,0
3300,0.052480746025,0.056234132519,0.0543250331492,0,0
3300,0.056234132519,0.0602559586074,0.0582103217771,0,0
3300,0.0602559586074,0.0645654229035,0.0623734835482,0,0
3300,0.0645654229035,0.0691830970919,0.0668343917569,0,0
3300,0.0691830970919,0.0741310241301,0.0716143410213,0,0
3300,0.0741310241301,0.0794328234724,0.0767361489362,0,0
3300,0.0794328234724,0.0851138038202,0.0822242649947,0,0
3300,0.0851138038202,0.0912010839356,0.0881048873008,0,0
3300,0.0912010839356,0.0977237220956,0.0944060876286,0,0
3300,0.0977237220956,0.104712854805,0.101157945426,0,0
3300,0.104712854805,0.11220184543,0.108392691402,0,0
3300,0.11220184543,0.120226443462,0.116144861384,0,0
3300,0.120226443462,0.128824955169,0.124451461177,0,0
3300,0.128824955169,0.13803842646,0.133352143216,0,0
3300,0.13803842646,0.147910838817,0.142889395851,0,0
3300,0.147910838817,0.158489319246,0.153108746168,0,0
3300,0.158489319246,0.169824365246,0.16405897732,0,0
3300,0.169824365246,0.181970085861,0.175792361396,0,0
3300,0.181970085861,0.194984459976,0.188364908949,0,0
3300,0.194984459976,0.208929613085,0.201836636368,0,0
3300,0.208929613085,0.223872113857,0.216271852373,0,0
3300,0.223872113857,0.239883291902,0.231739464997,0,0
3300,0.239883291902,0.257039578277,0.24831331053,0,0
3300,0.257039578277,0.275422870334,0.26607250598,0,0
3300,0.275422870334,0.295120922667,0.28510182675,0,0
3300,0.295120922667,0.316227766017,0.305492111322,0,0
3300,0.316227766017,0.338844156139,0.327340694879,0,0
3300,0.338844156139,0.36307805477,0.350751873953,0,0
3300,0.36307805477,0.389045144994,0.375837404288,0,0
3300,0.389045144994,0.41686938347,0.402717034325,0,0
3300,0.41686938347,0.446683592151,0.431519076828,0,0
3300,0.446683592151,0.478630092323,0.462381021399,0,0
3300,0.478630092323,0.512861383991,0.495450190805,0,0
3300,0.512861383991,0.549540873858,0.530884444231,0,0
3300,0.549540873858,0.588843655356,0.568852930844,0,0
3300,0.588843655356,0.63095734448,0.60953689724,0,0
3300,0.63095734448,0.676082975392,0.653130552647,0,0
3300,0.676082975392,0.724435960075,0.699841996002,0,0
3300,0.724435960075,0.776247116629,0.749894209332,0,0
3300,0.776247116629,0.831763771103,0.803526122186,0,0
3300,0.831763771103,0.891250938134,0.860993752185,0,0
3300,0.891250938134,0.954992586021,0.922571427155,0,0
3300,0.954992586021,1.02329299228,0.988553094657,0,0
3300,1.02329299228,1.09647819614,1.05925372518,0,0
3300,1.09647819614,1.17489755494,1.13501081567,0,0
3300,1.17489755494,1.25892541179,1.21618600065,0,0
3300,1.25892541179,1.34896288259,1.30316677845,0,0
3300,1.34896288259,1.44543977075,1.39636836106,0,0
3300,1.44543977075,1.54881661891,1.49623565609,0,0
3300,1.54881661891,1.65958690744,1.60324539069,0,0
3300,1.65958690744,1.77827941004,1.71790838716,0,0
3300,1.77827941004,1.90546071796,1.84077200147,0,0
3300,1.90546071796,2.04173794467,1.97242273611,0,0
3300,2.04173794467,2.18776162395,2.11348903984,0,0
3300,2.18776162395,2.34422881532,2.26464430759,0,0
3300,2.34422881532,2.51188643151,2.42661009508,0,0
3300,2.51188643151,2.69153480393,2.60015956317,0,0
3300,2.69153480393,2.88403150313,2.78612116863,0,0
3300,2.88403150313,3.09029543251,2.98538261892,0,0
3300,3.09029543251,3.31131121483,3.19889510969,0,0
3300,3.31131121483,3.54813389234,3.42767786546,0,0
3300,3.54813389234,3.80189396321,3.67282300498,0,0
3300,3.80189396321,4.07380277804,3.93550075456,0,0
3300,4.07380277804,4.3651583224,4.21696503429,0,0
3300,4.3651583224,4.67735141287,4.51855944375,0,0
3300,4.67735141287,5.01187233627,4.84172367584,0,0
3300,5.01187233627,5.3703179637,5.18800038929,0,0
3300,5.3703179637,5.75439937337,5.5590425727,0,0
3300,5.75439937337,6.16595001861,5.95662143529,0,0
3300,6.16595001861,6.60693448008,6.38263486191,0,0
3300,6.60693448008,7.07945784384,6.83911647281,0,0
3300,7.07945784384,7.58577575029,7.32824533139,0,0
3300,7.58577575029,8.12830516164,7.8523563461,0,0
3300,8.12830516164,8.70963589956,8.41395141645,0,0
3300,8.70963589956,9.33254300797,9.01571137606,0,0
3300,9.33254300797,10,9.6605087899,0,0
3500,0.01,0.0107151930524,0.0103514216668,0,0
3500,0.0107151930524,0.011481536215,0.0110917481526,0,0
3500,0.011481536215,0.0123026877081,0.0118850222744,0,0
3500,0.0123026877081,0.0131825673856,0.0127350308102,0,0
3500,0.0131825673856,0.0141253754462,0.0136458313659,0,0
3500,0.0141253754462,0.0151356124844,0.0146217717446,0,0
3500,0.0151356124844,0.0162181009736,0.0156675107011,0,0
3500,0.0162181009736,0.0173780082875,0.0167880401812,0,0
3500,0.0173780082875,0.0186208713666,0.0179887091513,0,0
3500,0.0186208713666,0.0199526231497,0.0192752491319,0,0
3500,0.0199526231497,0.021379620895,0.0206538015581,0,0
3500,0.021379620895,0.0229086765277,0.0221309470961,0,0
3500,0.0229086765277,0.0245470891569,0.0237137370566,0,0
3500,0.0245470891569,0.026302679919,0.0254097270555,0,0
3500,0.026302679919,0.0281838293126,0.0272270130808,0,0
3500,0.0281838293126,0.030199517204,0.02917427014,0,0
3500,0.030199517204,0.032359365693,0.0312607936712,0,0
3500,0.032359365693,0.0346736850453,0.0334965439158,0,0
3500,0.0346736850453,0.0371535229097,0.0358921934645,0,0
3500,0.0371535229097,0.0398107170553,0.0384591782045,0,0
3500,0.0398107170553,0.0426579518802,0.0412097519097,0.112411674689,0.999499874937
3500,0.0426579518802,0.0457088189615,0.0441570447353,0,0
3500,0.0457088189615,0.0489778819368,0.0473151258961,0,0
3500,0.0489778819368,0.052480746025,0.0506990708275,0,0
3500,0.052480746025,0.056234132519,0.0543250331492,0,0
3500,0.056234132519,0.0602559586074,0.0582103217771,0,0
3500,0.0602559586074,0.0645654229035,0.0623734835482,0,0
3500,0.0645654229035,0.0691830970919,0.0668343917569,0,0
3500,0.0691830970919,0.0741310241301,0.0716143410213,0,0
3500,0.0741310241301,0.0794328234724,0.0767361489362,0,0
3500,0.0794328234724,0.0851138038202,0.0822242649947,0,0
3500,0.0851138038202,0.0912010839356,0.0881048873008,0,0
3500,0.0912010839356,0.0977237220956,0.0944060876286,0,0
3500,0.0977237220956,0.104712854805,0.101157945426,0,0
3500,0.104712854805,0.11220184543,0.108392691402,0,0
3500,0.11220184543,0.120226443462,0.116144861384,0,0
3500,0.120226443462,0.128824955169,0.124451461177,0,0
3500,0.128824955169,0.13803842646,0.133352143216,0,0
3500,0.13803842646,0.147910838817,0.142889395851,0,0
3500,0.147910838817,0.158489319246,0.153108746168,0,0
3500,0.158489319246,0.169824365246,0.16405897732,0,0
3500,0.169824365246,0.181970085861,0.175792361396,0,0
3500,0.181970085861,0.194984459976,0.188364908949,0,0
3500,0.194984459976,0.208929613085,0.201836636368,0.0043842414903,0.999499874937
3500,0.208929613085,0.223872113857,0.216271852373,0,0
3500,0.223872113857,0.239883291902,0.231739464997,0,0
3500,0.239883291902,0.257039578277,0.24831331053,0,0
3500,0.257039578277,0.275422870334,0.26607250598,0,0
3500,0.275422870334,0.295120922667,0.28510182675,0,0
3500,0.295120922667,0.316227766017,0.305492111322,0,0
3500,0.316227766017,0.338844156139,0.327340694879,0,0
3500,0.338844156139,0.36307805477,0.350751873953,0,0
3500,0.36307805477,0.389045144994,0.375837404288,0,0
3500,0.389045144994,0.41686938347,0.402717034325,0,0
3500,0.41686938347,0.446683592151,0.431519076828,0,0
3500,0.446683592151,0.478630092323,0.462381021399,0,0
3500,0.478630092323,0.512861383991,0.495450190805,0.0398594191042,0.737916686319
3500,0.512861383991,0.549540873858,0.530884444231,0,0
3500,0.549540873858,0.588843655356,0.568852930844,0,0
3500,0.588843655356,0.63095734448,0.60953689724,0,0
3500,0.63095734448,0.676082975392,0.653130552647,0,0
3500,0.676082975392,0.724435960075,0.699841996002,0,0
3500,0.724435960075,0.776247116629,0.749894209332,0,0
3500,0.776247116629,0.831763771103,0.803526122186,0,0
3500,0.831763771103,0.891250938134,0.860993752185,0,0
3500,0.891250938134,0.954992586021,0.922571427155,0,0
3500,0.954992586021,1.02329299228,0.988553094657,0,0
3500,1.02329299228,1.09647819614,1.05925372518,0,0
3500,1.09647819614,1.17489755494,1.13501081567,0,0
3500,1.17489755494,1.25892541179,1.21618600065,0,0
3500,1.25892541179,1.34896288259,1.30316677845,0,0
3500,1.34896288259,1.44543977075,1.39636836106,0,0
3500,1.44543977075,1.54881661891,1.49623565609,0,0
3500,1.54881661891,1.65958690744,1.60324539069,0,0
3500,1.65958690744,1.77827941004,1.71790838716,0,0
3500,1.77827941004,1.90546071796,1.84077200147,0,0
3500,1.90546071796,2.04173794467,1.97242273611,0,0
3500,2.04173794467,2.18776162395,2.11348903984,0,0
3500,2.18776162395,2.34422881532,2.26464430759,0,0
3500,2.34422881532,2.51188643151,2.42661009508,0,0
3500,2.51188643151,2.69153480393,2.60015956317,0,0
3500,2.69153480393,2.88403150313,2.78612116863,0,0
3500,2.88403150313,3.09029543251,2.98538261892,0,0
3500,3.09029543251,3.31131121483,3.19889510969,0,0
3500,3.31131121483,3.54813389234,3.42767786546,0,0
3500,3.54813389234,3.80189396321,3.67282300498,0,0
3500,3.80189396321,4.07380277804,3.93550075456,0,0
3500,4.07380277804,4.3651583224,4.21696503429,0,0
3500,4.3651583224,4.67735141287,4.51855944375,0,0
3500,4.67735141287,5.01187233627,4.84172367584,0,0
3500,5.01187233627,5.3703179637,5.18800038929,0,0
3500,5.3703179637,5.75439937337,5.5590425727,0,0
3500,5.75439937337,6.16595001861,5.95662143529,0,0
3500,6.16595001861,6.60693448008,6.38263486191,0,0
3500,6.60693448008,7.07945784384,6.83911647281,0,0
3500,7.07945784384,7.58577575029,7.32824533139,0,0
3500,7.58577575029,8.12830516164,7.8523563461,0,0
3500,8.12830516164,8.70963589956,8.41395141645,0,0
3500,8.70963589956,9.33254300797,9.01571137606,0,0
3500,9.33254300797,10,9.6605087899,0.037368830807,0.999499874937
3600,0.01,0.0107151930524,0.0103514216668,0,0
3600,0.0107151930524,0.011481536215,0.0110917481526,0,0
3600,0.011481536215,0.0123026877081,0.0118850222744,0,0
3600,0.0123026877081,0.0131825673856,0.0127350308102,0,0
3600,0.0131825673856,0.0141253754462,0.0136458313659,0,0
3600,0.0141253754462,0.0151356124844,0.0146217717446,0,0
3600,0.0151356124844,0.0162181009736,0.0156675107011,0,0
3600,0.0162181009736,0.0173780082875,0.0167880401812,0,0
3600,0.0173780082875,0.0186208713666,0.0179887091513,0,0
3600,0.0186208713666,0.0199526231497,0.0192752491319,0,0
3600,0.0199526231497,0.021379620895,0.0206538015581,0,0
3600,0.021379620895,0.0229086765277,0.0221309470961,0,0
3600,0.0229086765277,0.0245470891569,0.0237137370566,0,0
3600,0.0245470891569,0.026302679919,0.0254097270555,0,0
3600,0.026302679919,0.0281838293126,0.0272270130808,0,0
3600,0.0281838293126,0.030199517204,0.02917427014,0,0
3600,0.030199517204,0.032359365693,0.0312607936712,0,0
3600,0.032359365693,0.0346736850453,0.0334965439158,0,0
3600,0.0346736850453,0.0371535229097,0.0358921934645,0,0
3600,0.0371535229097,0.0398107170553,0.0384591782045,0,0
3600,0.0398107170553,0.0426579518802,0.0412097519097,0,0
3600,0.0426579518802,0.0457088189615,0.0441570447353,0,0
3600,0.0457088189615,0.0489778819368,0.0473151258961,0,0
3600,0.0489778819368,0.052480746025,0.0506990708275,0,0
3600,0.052480746025,0.056234132519,0.0543250331492,0,0
3600,0.056234132519,0.0602559586074,0.0582103217771,0,0
3600,0.0602559586074,0.0645654229035,0.0623734835482,0,0
3600,0.0645654229035,0.0691830970919,0.0668343917569,0,0
3600,0.0691830970919,0.0741310241301,0.0716143410213,0,0
3600,0.0741310241301,0.0794328234724,0.0767361489362,0,0
3600,0.0794328234724,0.0851138038202,0.0822242649947,0,0
3600,0.0851138038202,0.0912010839356,0.0881048873008,0,0
3600,0.0912010839356,0.0977237220956,0.0944060876286,0,0
3600,0.0977237220956,0.104712854805,0.101157945426,0,0
3600,0.104712854805,0.11220184543,0.108392691402,0,0
3600,0.11220184543,0.120226443462,0.116144861384,0,0
3600,0.120226443462,0.128824955169,0.124451461177,0,0
3600,0.128824955169,0.13803842646,0.133352143216,0,0
3600,0.13803842646,0.147910838817,0.142889395851,0,0
3600,0.147910838817,0.158489319246,0.153108746168,0,0
3600,0.158489319246,0.169824365246,0.16405897732,0,0
3600,0.169824365246,0.181970085861,0.175792361396,0,0
3600,0.181970085861,0.194984459976,0.188364908949,0,0
3600,0.194984459976,0.208929613085,0.201836636368,0,0
3600,0.208929613085,0.223872113857,0.216271852373,0,0
3600,0.223872113857,0.239883291902,0.231739464997,0,0
3600,0.239883291902,0.257039578277,0.24831331053,0,0
3600,0.257039578277,0.275422870334,0.26607250598,0,0
3600,0.275422870334,0.295120922667,0.28510182675,0,0
3600,0.295120922667,0.316227766017,0.305492111322,0,0
3600,0.316227766017,0.338844156139,0.327340694879,0,0
3600,0.338844156139,0.36307805477,0.350751873953,0,0
3600,0.36307805477,0.389045144994,0.375837404288,0,0
3600,0.389045144994,0.41686938347,0.402717034325,0,0
3600,0.41686938347,0.446683592151,0.431519076828,0,0
3600,0.446683592151,0.478630092323,0.462381021399,0,0
3600,0.478630092323,0.512861383991,0.495450190805,0,0
3600,0.512861383991,0.549540873858,0.530884444231,0,0
3600,0.549540873858,0.588843655356,0.568852930844,0,0
3600,0.588843655356,0.63095734448,0.60953689724,0,0
3600,0.63095734448,0.676082975392,0.653130552647,0,0
3600,0.676082975392,0.724435960075,0.699841996002,0,0
3600,0.724435960075,0.776247116629,0.749894209332,0,0
3600,0.776247116629,0.831763771103,0.803526122186,0,0
3600,0.831763771103,0.891250938134,0.860993752185,0,0
3600,0.891250938134,0.954992586021,0.922571427155,0,0
3600,0.954992586021,1.02329299228,0.988553094657,0,0
3600,1.02329299228,1.09647819614,1.05925372518,0,0
3600,1.09647819614,1.17489755494,1.13501081567,0,0
3600,1.17489755494,1.25892541179,1.21618600065,0,0
3600,1.25892541179,1.34896288259,1.30316677845,0,0
3600,1.34896288259,1.44543977075,1.39636836106,0,0
3600,1.44543977075,1.54881661891,1.49623565609,0,0
3600,1.54881661891,1.65958690744,1.60324539069,0,0
3600,1.65958690744,1.77827941004,1.71790838716,0,0
3600,1.77827941004,1.90546071796,1.84077200147,0,0
3600,1.90546071796,2.04173794467,1.97242273611,0,0
3600,2.04173794467,2.18776162395,2.11348903984,0,0
3600,2.18776162395,2.34422881532,2.26464430759,0,0
3600,2.34422881532,2.51188643151,2.42661009508,0,0
3600,2.51188643151,2.69153480393,2.60015956317,0,0
3600,2.69153480393,2.88403150313,2.78612116863,0,0
3600,2.88403150313,3.09029543251,2.98538261892,0,0
3600,3.09029543251,3.31131121483,3.19889510969,0,0
3600,3.31131121483,3.54813389234,3.42767786546,0,0
3600,3.54813389234,3.80189396321,3.67282300498,0,0
3600,3.80189396321,4.07380277804,3.93550075456,0,0
3600,4.07380277804,4.3651583224,4.21696503429,0,0
3600,4.3651583224,4.67735141287,4.51855944375,0,0
3600,4.67735141287,5.01187233627,4.84172367584,0,0
3600,5.01187233627,5.3703179637,5.18800038929,0,0
3600,5.3703179637,5.75439937337,5.5590425727,0,0
3600,5.75439937337,6.16595001861,5.95662143529,0,0
3600,6.16595001861,6.60693448008,6.38263486191,0,0
3600,6.60693448008,7.07945784384,6.83911647281,0,0
3600,7.07945784384,7.58577575029,7.32824533139,0,0
3600,7.58577575029,8.12830516164,7.8523563461,0,0
3600,8.12830516164,8.70963589956,8.41395141645,0,0
3600,8.70963589956,9.33254300797,9.01571137606,0,0
3600,9.33254300797,10,9.6605087899,0,0
3800,0.01,0.0107151930524,0.0103514216668,0,0
3800,0.0107151930524,0.011481536215,0.0110917481526,0,0
3800,0.011481536215,0.0123026877081,0.0118850222744,0,0
3800,0.0123026877081,0.0131825673856,0.0127350308102,0,0
3800,0.0131825673856,0.0141253754462,0.0136458313659,0,0
3800,0.0141253754462,0.0151356124844,0.0146217717446,0,0
3800,0.0151356124844,0.0162181009736,0.0156675107011,0,0
3800,0.0162181009736,0.0173780082875,0.0167880401812,0,0
3800,0.0173780082875,0.0186208713666,0.0179887091513,0,0
3800,0.0186208713666,0.0199526231497,0.0192752491319,0,0
3800,0.0199526231497,0.021379620895,0.0206538015581,0,0
3800,0.021379620895,0.0229086765277,0.0221309470961,0,0
3800,0.0229086765277,0.0245470891569,0.0237137370566,0,0
3800,0.0245470891569,0.026302679919,0.0254097270555,0,0
3800,0.026302679919,0.0281838293126,0.0272270130808,0,0
3800,0.0281838293126,0.030199517204,0.02917427014,0,0
3800,0.030199517204,0.032359365693,0.0312607936712,0,0
3800,0.032359365693,0.0346736850453,0.0334965439158,0,0
3800,0.0346736850453,0.0371535229097,0.0358921934645,0,0
3800,0.0371535229097,0.0398107170553,0.0384591782045,0,0
3800,0.0398107170553,0.0426579518802,0.0412097519097,0,0
3800,0.0426579518802,0.0457088189615,0.0441570447353,0,0
3800,0.0457088189615,0.0489778819368,0.0473151258961,0,0
3800,0.0489778819368,0.052480746025,0.0506990708275,0,0
3800,0.052480746025,0.056234132519,0.0543250331492,0,0
3800,0.056234132519,0.0602559586074,0.0582103217771,0,0
3800,0.0602559586074,0.0645654229035,0.0623734835482,0,0
3800,0.0645654229035,0.0691830970919,0.0668343917569,0,0
3800,0.0691830970919,0.0741310241301,0.0716143410213,0,0
3800,0.0741310241301,0.0794328234724,0.0767361489362,0,0
3800,0.0794328234724,0.0851138038202,0.0822242649947,0,0
3800,0.0851138038202,0.0912010839356,0.0881048873008,0,0
3800,0.0912010839356,0.0977237220956,0.0944060876286,0,0
3800,0.0977237220956,0.104712854805,0.101157945426,0,0
3800,0.104712854805,0.11220184543,0.108392691402,0,0
3800,0.11220184543,0.120226443462,0.116144861384,0,0
3800,0.120226443462,0.128824955169,0.124451461177,0,0
3800,0.128824955169,0.13803842646,0.133352143216,0,0
3800,0.13803842646,0.147910838817,0.142889395851,0,0
3800,0.147910838817,0.158489319246,0.153108746168,0,0
3800,0.158489319246,0.169824365246,0.16405897732,0,0
3800,0.169824365246,0.181970085861,0.175792361396,0,0
3800,0.181970085861,0.194984459976,0.188364908949,0,0
3800,0.194984459976,0.208929613085,0.201836636368,0,0
3800,0.208929613085,0.223872113857,0.216271852373,0,0
3800,0.223872113857,0.239883291902,0.231739464997,0,0
3800,0.239883291902,0.257039578277,0.24831331053,0,0
3800,0.257039578277,0.275422870334,0.26607250598,0,0
3800,0.275422870334,0.295120922667,0.28510182675,0,0
3800,0.295120922667,0.316227766017,0.305492111322,0,0
3800,0.316227766017,0.338844156139,0.327340694879,0,0
3800,0.338844156139,0.36307805477,0.350751873953,0,0
3800,0.36307805477,0.389045144994,0.375837404288,0,0
3800,0.389045144994,0.41686938347,0.402717034325,0,0
3800,0.41686938347,0.446683592151,0.431519076828,0,0
3800,0.446683592151,0.478630092323,0.462381021399,0,0
3800,0.478630092323,0.512861383991,0.495450190805,0,0
3800,0.512861383991,0.549540873858,0.530884444231,0,0
3800,0.549540873858,0.588843655356,0.568852930844,0,0
3800,0.588843655356,0.63095734448,0.60953689724,0,0
3800,0.63095734448,0.676082975392,0.653130552647,0,0
3800,0.676082975392,0.724435960075,0.699841996002,0,0
3800,0.724435960075,0.776247116629,0.749894209332,0,0
3800,0.776247116629,0.831763771103,0.803526122186,0,0
3800,0.831763771103,0.891250938134,0.860993752185,0,0
3800,0.891250938134,0.954992586021,0.922571427155,0,0
3800,0.954992586021,1.02329299228,0.988553094657,0,0
3800,1.02329299228,1.09647819614,1.05925372518,0,0
3800,1.09647819614,1.17489755494,1.13501081567,0,0
3800,1.17489755494,1.25892541179,1.21618600065,0,0
3800,1.25892541179,1.34896288259,1.30316677845,0,0
3800,1.34896288259,1.44543977075,1.39636836106,0,0
3800,1.44543977075,1.54881661891,1.49623565609,0,0
3800,1.54881661891,1.65958690744,1.60324539069,0,0
3800,1.65958690744,1.77827941004,1.71790838716,0,0
3800,1.77827941004,1.90546071796,1.84077200147,0,0
3800,1.90546071796,2.04173794467,1.97242273611,0,0
3800,2.04173794467,2.18776162395,2.11348903984,0,0
3800,2.18776162395,2.34422881532,2.26464430759,0,0
3800,2.34422881532,2.51188643151,2.42661009508,0,0
3800,2.51188643151,2.69153480393,2.60015956317,0,0
3800,2.69153480393,2.88403150313,2.78612116863,0,0
3800,2.88403150313,3.09029543251,2.98538261892,0,0
3800,3.09029543251,3.31131121483,3.19889510969,0,0
3800,3.31131121483,3.54813389234,3.42767786546,0,0
3800,3.54813389234,3.80189396321,3.67282300498,0,0
3800,3.80189396321,4.07380277804,3.93550075456,0,0
3800,4.07380277804,4.3651583224,4.21696503429,0,0
3800,4.3651583224,4.67735141287,4.51855944375,0,0
3800,4.67735141287,5.01187233627,4.84172367584,0,0
3800,5.01187233627,5.3703179637,5.18800038929,0,0
3800,5.3703179637,5.75439937337,5.5590425727,0,0
3800,5.75439937337,6.16595001861,5.95662143529,0,0
3800,6.16595001861,6.60693448008,6.38263486191,0,0
3800,6.60693448008,7.07945784384,6.83911647281,0,0
3800,7.07945784384,7.58577575029,7.32824533139,0,0
3800,7.58577575029,8.12830516164,7.8523563461,0,0
3800,8.12830516164,8.70963589956,8.41395141645,0,0
3800,8.70963589956,9.33254300797,9.01571137606,0,0
3800,9.33254300797,10,9.6605087899,0,0
4000,0.01,0.0107151930524,0.0103514216668,0,0
4000,0.0107151930524,0.011481536215,0.0110917481526,0,0
4000,0.011481536215,0.0123026877081,0.0118850222744,0,0
4000,0.0123026877081,0.0131825673856,0.0127350308102,0,0
4000,0.0131825673856,0.0141253754462,0.0136458313659,0,0
4000,0.0141253754462,0.0151356124844,0.0146217717446,0,0
4000,0.0151356124844,0.0162181009736,0.0156675107011,0,0
4000,0.0162181009736,0.0173780082875,0.0167880401812,0,0
4000,0.0173780082875,0.0186208713666,0.0179887091513,0,0
4000,0.0186208713666,0.0199526231497,0.0192752491319,0,0
4000,0.0199526231497,0.021379620895,0.0206538015581,0,0
4000,0.021379620895,0.0229086765277,0.0221309470961,0,0
4000,0.0229086765277,0.0245470891569,0.0237137370566,0,0
4000,0.0245470891569,0.026302679919,0.0254097270555,0,0
4000,0.026302679919,0.0281838293126,0.0272270130808,0,0
4000,0.0281838293126,0.030199517204,0.02917427014,0,0
4000,0.030199517204,0.032359365693,0.0312607936712,0,0
4000,0.032359365693,0.0346736850453,0.0334965439158,0,0
4000,0.0346736850453,0.0371535229097,0.0358921934645,0,0
4000,0.0371535229097,0.0398107170553,0.0384591782045,0,0
4000,0.0398107170553,0.0426579518802,0.0412097519097,0,0
4000,0.0426579518802,0.0457088189615,0.0441570447353,0,0
4000,0.0457088189615,0.0489778819368,0.0473151258961,0,0
4000,0.0489778819368,0.052480746025,0.0506990708275,0,0
4000,0.052480746025,0.056234132519,0.0543250331492,0,0
4000,0.056234132519,0.0602559586074,0.0582103217771,0,0
4000,0.0602559586074,0.0645654229035,0.0623734835482,0,0
4000,0.0645654229035,0.0691830970919,0.0668343917569,0,0
4000,0.0691830970919,0.0741310241301,0.0716143410213,0,0
4000,0.0741310241301,0.0794328234724,0.0767361489362,0,0
4000,0.0794328234724,0.0851138038202,0.0822242649947,0,0
4000,0.0851138038202,0.0912010839356,0.0881048873008,0,0
4000,0.0912010839356,0.0977237220956,0.0944060876286,0,0
4000,0.0977237220956,0.104712854805,0.101157945426,0,0
4000,0.104712854805,0.11220184543,0.108392691402,0,0
4000,0.11220184543,0.120226443462,0.116144861384,0,0
4000,0.120226443462,0.128824955169,0.124451461177,0,0
4000,0.128824955169,0.13803842646,0.133352143216,0,0
4000,0.13803842646,0.147910838817,0.142889395851,0,0
4000,0.147910838817,0.158489319246,0.153108746168,0,0
4000,0.158489319246,0.169824365246,0.16405897732,0,0
4000,0.169824365246,0.181970085861,0.175792361396,0,0
4000,0.181970085861,0.194984459976,0.188364908949,0,0
4000,0.194984459976,0.208929613085,0.201836636368,0,0
4000,0.208929613085,0.223872113857,0.216271852373,0,0
4000,0.223872113857,0.239883291902,0.231739464997,0,0
4000,0.239883291902,0.257039578277,0.24831331053,0,0
4000,0.257039578277,0.275422870334,0.26607250598,0,0
4000,0.275422870334,0.295120922667,0.28510182675,0,0
4000,0.295120922667,0.316227766017,0.305492111322,0,0
4000,0.316227766017,0.338844156139,0.327340694879,0,0
4000,0.338844156139,0.36307805477,0.350751873953,0,0
4000,0.36307805477,0.389045144994,0.375837404288,0,0
4000,0.389045144994,0.41686938347,0.402717034325,0,0
4000,0.41686938347,0.446683592151,0.431519076828,0,0
4000,0.446683592151,0.478630092323,0.462381021399,0,0
4000,0.478630092323,0.512861383991,0.495450190805,0,0
4000,0.512861383991,0.549540873858,0.530884444231,0,0
4000,0.549540873858,0.588843655356,0.568852930844,0,0
4000,0.588843655356,0.63095734448,0.60953689724,0,0
4000,0.63095734448,0.676082975392,0.653130552647,0,0
4000,0.676082975392,0.724435960075,0.699841996002,0,0
4000,0.724435960075,0.776247116629,0.749894209332,0,0
4000,0.776247116629,0.831763771103,0.803526122186,0,0
4000,0.831763771103,0.891250938134,0.860993752185,0,0
4000,0.891250938134,0.954992586021,0.922571427155,0,0
4000,0.954992586021,1.02329299228,0.988553094657,0,0
4000,1.02329299228,1.09647819614,1.05925372518,0,0
4000,1.09647819614,1.17489755494,1.13501081567,0,0
4000,1.17489755494,1.25892541179,1.21618600065,0,0
4000,1.25892541179,1.34896288259,1.30316677845,0,0
4000,1.34896288259,1.44543977075,1.39636836106,0,0
4000,1.44543977075,1.54881661891,1.49623565609,0,0
4000,1.54881661891,1.65958690744,1.60324539069,0,0
4000,1.65958690744,1.77827941004,1.71790838716,0,0
4000,1.77827941004,1.90546071796,1.84077200147,0,0
4000,1.90546071796,2.04173794467,1.97242273611,0,0
4000,2.04173794467,2.18776162395,2.11348903984,0,0
4000,2.18776162395,2.34422881532,2.26464430759,0,0
4000,2.34422881532,2.51188643151,2.42661009508,0,0
4000,2.51188643151,2.69153480393,2.60015956317,0,0
4000,2.69153480393,2.88403150313,2.78612116863,0,0
4000,2.88403150313,3.09029543251,2.98538261892,0,0
4000,3.09029543251,3.31131121483,3.19889510969,0,0
4000,3.31131121483,3.54813389234,3.42767786546,0,0
4000,3.54813389234,3.80189396321,3.67282300498,0,0
4000,3.80189396321,4.07380277804,3.93550075456,0,0
4000,4.07380277804,4.3651583224,4.21696503429,0,0
4000,4.3651583224,4.67735141287,4.51855944375,0,0
4000,4.67735141287,5.01187233627,4.84172367584,0,0
4000,5.01187233627,5.3703179637,5.18800038929,0,0
4000,5.3703179637,5.75439937337,5.5590425727,0,0
4000,5.75439937337,6.16595001861,5.95662143529,0,0
4000,6.16595001861,6.60693448008,6.38263486191,0,0
4000,6.60693448008,7.07945784384,6.83911647281,0,0
4000,7.07945784384,7.58577575029,7.32824533139,0,0
4000,7.58577575029,8.12830516164,7.8523563461,0,0
4000,8.12830516164,8.70963589956,8.41395141645,0,0
4000,8.70963589956,9.33254300797,9.01571137606,0,0
4000,9.33254300797,10,9.6605087899,0.0233217261486,0.999499874937
4200,0.01,0.0107151930524,0.0103514216668,0,0
4200,0.0107151930524,0.011481536215,0.0110917481526,0,0
4200,0.011481536215,0.0123026877081,0.0118850222744,0,0
4200,0.0123026877081,0.0131825673856,0.0127350308102,0,0
4200,0.0131825673856,0.0141253754462,0.0136458313659,0,0
4200,0.0141253754462,0.0151356124844,0.0146217717446,0,0
4200,0.0151356124844,0.0162181009736,0.0156675107011,0,0
4200,0.0162181009736,0.0173780082875,0.0167880401812,0,0
4200,0.0173780082875,0.0186208713666,0.0179887091513,0,0
4200,0.0186208713666,0.0199526231497,0.0192752491319,0,0
4200,0.0199526231497,0.021379620895,0.0206538015581,0,0
4200,0.021379620895,0.0229086765277,0.0221309470961,0,0
4200,0.0229086765277,0.0245470891569,0.0237137370566,0,0
4200,0.0245470891569,0.026302679919,0.0254097270555,0,0
4200,0.026302679919,0.0281838293126,0.0272270130808,0,0
4200,0.0281838293126,0.030199517204,0.02917427014,0,0
4200,0.030199517204,0.032359365693,0.0312607936712,0,0
4200,0.032359365693,0.0346736850453,0.0334965439158,0,0
4200,0.0346736850453,0.0371535229097,0.0358921934645,0,0
4200,0.0371535229097,0.0398107170553,0.0384591782045,0,0
4200,0.0398107170553,0.0426579518802,0.0412097519097,0.019091442313,0.999499874937
4200,0.0426579518802,0.0457088189615,0.0441570447353,0.0234028490157,0.999499874937
4200,0.0457088189615,0.0489778819368,0.0473151258961,0.137063245217,0.999499874937
4200,0.0489778819368,0.052480746025,0.0506990708275,0,0
4200,0.052480746025,0.056234132519,0.0543250331492,0,0
4200,0.056234132519,0.0602559586074,0.0582103217771,0,0
4200,0.0602559586074,0.0645654229035,0.0623734835482,0,0
4200,0.0645654229035,0.0691830970919,0.0668343917569,0,0
4200,0.0691830970919,0.0741310241301,0.0716143410213,0.103301204957,0.774288050605
4200,0.0741310241301,0.0794328234724,0.0767361489362,0.185394200657,0.677474851866
4200,0.0794328234724,0.0851138038202,0.0822242649947,0.00116742487747,0.999499874937
4200,0.0851138038202,0.0912010839356,0.0881048873008,0,0
4200,0.0912010839356,0.0977237220956,0.0944060876286,0.177394905069,0.841116952682
4200,0.0977237220956,0.104712854805,0.101157945426,0.0448066706326,0.999499874937
4200,0.104712854805,0.11220184543,0.108392691402,0,0
4200,0.11220184543,0.120226443462,0.116144861384,0.0177581581607,0.999499874937
4200,0.120226443462,0.128824955169,0.124451461177,0.0638407066404,0.999499874937
4200,0.128824955169,0.13803842646,0.133352143216,0,0
4200,0.13803842646,0.147910838817,0.142889395851,0,0
4200,0.147910838817,0.158489319246,0.153108746168,0,0
4200,0.158489319246,0.169824365246,0.16405897732,0.0111780790393,0.999499874937
4200,0.169824365246,0.181970085861,0.175792361396,0.0416799662625,0.749075435875
4200,0.181970085861,0.194984459976,0.188364908949,0.0528453480324,0.999499874937
4200,0.194984459976,0.208929613085,0.201836636368,0.285185551613,0.621368708965
4200,0.208929613085,0.223872113857,0.216271852373,0,0
4200,0.223872113857,0.239883291902,0.231739464997,0,0
4200,0.239883291902,0.257039578277,0.24831331053,0,0
4200,0.257039578277,0.275422870334,0.26607250598,0,0
4200,0.275422870334,0.295120922667,0.28510182675,0,0
4200,0.295120922667,0.316227766017,0.305492111322,0,0
4200,0.316227766017,0.338844156139,0.327340694879,0,0
4200,0.338844156139,0.36307805477,0.350751873953,0,0
4200,0.36307805477,0.389045144994,0.375837404288,0,0
4200,0.389045144994,0.41686938347,0.402717034325,0,0
4200,0.41686938347,0.446683592151,0.431519076828,0,0
4200,0.446683592151,0.478630092323,0.462381021399,0.120967860212,0.72245848981
4200,0.478630092323,0.512861383991,0.495450190805,0.130303729843,0.534098567323
4200,0.512861383991,0.549540873858,0.530884444231,0,0
4200,0.549540873858,0.588843655356,0.568852930844,0.0893644026004,0.999499874937
4200,0.588843655356,0.63095734448,0.60953689724,0,0
4200,0.63095734448,0.676082975392,0.653130552647,0,0
4200,0.676082975392,0.724435960075,0.699841996002,0,0
4200,0.724435960075,0.776247116629,0.749894209332,0,0
4200,0.776247116629,0.831763771103,0.803526122186,0.0369476923976,0.999499874937
4200,0.831763771103,0.891250938134,0.860993752185,0,0
4200,0.891250938134,0.954992586021,0.922571427155,0,0
4200,0.954992586021,1.02329299228,0.988553094657,0,0
4200,1.02329299228,1.09647819614,1.05925372518,0,0
4200,1.09647819614,1.17489755494,1.13501081567,0.0344790803851,0.999499874937
4200,1.17489755494,1.25892541179,1.21618600065,0,0
4200,1.25892541179,1.34896288259,1.30316677845,0,0
4200,1.34896288259,1.44543977075,1.39636836106,0,0
4200,1.44543977075,1.54881661891,1.49623565609,0,0
4200,1.54881661891,1.65958690744,1.60324539069,0,0
4200,1.65958690744,1.77827941004,1.71790838716,0,0
4200,1.77827941004,1.90546071796,1.84077200147,0.0661600802885,0.999499874937
4200,1.90546071796,2.04173794467,1.97242273611,0,0
4200,2.04173794467,2.18776162395,2.11348903984,0,0
4200,2.18776162395,2.34422881532,2.26464430759,0.0407038071473,0.999499874937
4200,2.34422881532,2.51188643151,2.42661009508,0,0
4200,2.51188643151,2.69153480393,2.60015956317,0,0
4200,2.69153480393,2.88403150313,2.78612116863,0,0
4200,2.88403150313,3.09029543251,2.98538261892,0,0
4200,3.09029543251,3.31131121483,3.19889510969,0,0
4200,3.31131121483,3.54813389234,3.42767786546,0,0
4200,3.54813389234,3.80189396321,3.67282300498,0.0485895062114,0.999499874937
4200,3.80189396321,4.07380277804,3.93550075456,0,0
4200,4.07380277804,4.3651583224,4.21696503429,0,0
4200,4.3651583224,4.67735141287,4.51855944375,0,0
4200,4.67735141287,5.01187233627,4.84172367584,0,0
4200,5.01187233627,5.3703179637,5.18800038929,0,0
4200,5.3703179637,5.75439937337,5.5590425727,0,0
4200,5.75439937337,6.16595001861,5.95662143529,0,0
4200,6.16595001861,6.60693448008,6.38263486191,0.0624859646487,0.999499874937
4200,6.60693448008,7.07945784384,6.83911647281,0.0640874512824,0.999499874937
4200,7.07945784384,7.58577575029,7.32824533139,0,0
4200,7.58577575029,8.12830516164,7.8523563461,0,0
4200,8.12830516164,8.70963589956,8.41395141645,0,0
4200,8.70963589956,9.33254300797,9.01571137606,0,0
4200,9.33254300797,10,9.6605087899,0.476982922279,0.385859785375
4400,0.01,0.0107151930524,0.0103514216668,0,0
4400,0.0107151930524,0.011481536215,0.0110917481526,0,0
4400,0.011481536215,0.0123026877081,0.0118850222744,0,0
4400,0.0123026877081,0.0131825673856,0.0127350308102,0,0
4400,0.0131825673856,0.0141253754462,0.0136458313659,0,0
4400,0.0141253754462,0.0151356124844,0.0146217717446,0,0
4400,0.0151356124844,0.0162181009736,0.0156675107011,0,0
4400,0.0162181009736,0.0173780082875,0.0167880401812,0,0
4400,0.0173780082875,0.0186208713666,0.0179887091513,0,0
4400,0.0186208713666,0.0199526231497,0.0192752491319,0,0
4400,0.0199526231497,0.021379620895,0.0206538015581,0,0
4400,0.021379620895,0.0229086765277,0.0221309470961,0.0185353764664,0.999499874937
4400,0.0229086765277,0.0245470891569,0.0237137370566,0,0
4400,0.0245470891569,0.026302679919,0.0254097270555,0,0
4400,0.026302679919,0.0281838293126,0.0272270130808,0,0
4400,0.0281838293126,0.030199517204,0.02917427014,0,0
4400,0.030199517204,0.032359365693,0.0312607936712,0.00326529647147,0.999499874937
4400,0.032359365693,0.0346736850453,0.0334965439158,0.0243345865822,0.999499874937
4400,0.0346736850453,0.0371535229097,0.0358921934645,0,0
4400,0.0371535229097,0.0398107170553,0.0384591782045,0.074256695006,0.586801443235
4400,0.0398107170553,0.0426579518802,0.0412097519097,0.0219570158613,0.999499874937
4400,0.0426579518802,0.0457088189615,0.0441570447353,0.0214551673745,0.999499874937
4400,0.0457088189615,0.0489778819368,0.0473151258961,0,0
4400,0.0489778819368,0.052480746025,0.0506990708275,0,0
4400,0.052480746025,0.056234132519,0.0543250331492,0,0
4400,0.056234132519,0.0602559586074,0.0582103217771,0,0
4400,0.0602559586074,0.0645654229035,0.0623734835482,0.0317154584873,0.999499874937
4400,0.0645654229035,0.0691830970919,0.0668343917569,0.0280751200607,0.999499874937
4400,0.0691830970919,0.0741310241301,0.0716143410213,0.0496289416261,0.756515474137
4400,0.0741310241301,0.0794328234724,0.0767361489362,0.0559567393109,0.582465711692
4400,0.0794328234724,0.0851138038202,0.0822242649947,0.0333181852388,0.999499874937
4400,0.0851138038202,0.0912010839356,0.0881048873008,0.0720987179816,0.841043606349
4400,0.0912010839356,0.0977237220956,0.0944060876286,0.0461473101827,0.717366027061
4400,0.0977237220956,0.104712854805,0.101157945426,0.0236012583586,0.999499874937
4400,0.104712854805,0.11220184543,0.108392691402,0.0417955657578,0.714562382354
4400,0.11220184543,0.120226443462,0.116144861384,0.177982420934,0.896126069256
4400,0.120226443462,0.128824955169,0.124451461177,0.0520526998243,0.709315967155
4400,0.128824955169,0.13803842646,0.133352143216,0.0763868816504,0.892706348042
4400,0.13803842646,0.147910838817,0.142889395851,0.0128412407302,0.710707835973
4400,0.147910838817,0.158489319246,0.153108746168,0.0224479660701,0.836011786848
4400,0.158489319246,0.169824365246,0.16405897732,0.0832141018673,0.744837055753
4400,0.169824365246,0.181970085861,0.175792361396,0.110728710539,0.558609233108
4400,0.181970085861,0.194984459976,0.188364908949,0,0
4400,0.194984459976,0.208929613085,0.201836636368,0,0
4400,0.208929613085,0.223872113857,0.216271852373,0,0
4400,0.223872113857,0.239883291902,0.231739464997,0.269461122471,0.746661554572
4400,0.239883291902,0.257039578277,0.24831331053,0.141361483858,0.654709433839
4400,0.257039578277,0.275422870334,0.26607250598,0.0540430584022,0.63793321446
4400,0.275422870334,0.295120922667,0.28510182675,0.123309724548,0.628395076083
4400,0.295120922667,0.316227766017,0.305492111322,0.0276912702934,0.867380412157
4400,0.316227766017,0.338844156139,0.327340694879,0.00280150641771,0.999499874937
4400,0.338844156139,0.36307805477,0.350751873953,0.100283019752,0.511981913376
4400,0.36307805477,0.389045144994,0.375837404288,0.111062617007,0.451384202699
4400,0.389045144994,0.41686938347,0.402717034325,0.0221424423809,0.999499874937
4400,0.41686938347,0.446683592151,0.431519076828,0.0327752606531,0.999499874937
4400,0.446683592151,0.478630092323,0.462381021399,0,0
4400,0.478630092323,0.512861383991,0.495450190805,0.572691233477,0.288757074499
4400,0.512861383991,0.549540873858,0.530884444231,0.0183197634697,0.999499874937
4400,0.549540873858,0.588843655356,0.568852930844,0,0
4400,0.588843655356,0.63095734448,0.60953689724,0,0
4400,0.63095734448,0.676082975392,0.653130552647,0.0205161647226,0.999499874937
4400,0.676082975392,0.724435960075,0.699841996002,0.0553007955057,0.800613404766
4400,0.724435960075,0.776247116629,0.749894209332,0.0119121454278,0.999499874937
4400,0.776247116629,0.831763771103,0.803526122186,0.0158110599548,0.999499874937
4400,0.831763771103,0.891250938134,0.860993752185,0,0
4400,0.891250938134,0.954992586021,0.922571427155,0.0143560495121,0.999499874937
4400,0.954992586021,1.02329299228,0.988553094657,0.0332523383812,0.999499874937
4400,1.02329299228,1.09647819614,1.05925372518,0,0
4400,1.09647819614,1.17489755494,1.13501081567,0,0
4400,1.17489755494,1.25892541179,1.21618600065,0,0
4400,1.25892541179,1.34896288259,1.30316677845,0,0
4400,1.34896288259,1.44543977075,1.39636836106,0.00691561176695,0.999499874937
4400,1.44543977075,1.54881661891,1.49623565609,0.0383078090046,0.999499874937
4400,1.54881661891,1.65958690744,1.60324539069,0.00500635872166,0.999499874937
4400,1.65958690744,1.77827941004,1.71790838716,0.0195837241708,0.999499874937
4400,1.77827941004,1.90546071796,1.84077200147,0.042170120206,0.707536134665
4400,1.90546071796,2.04173794467,1.97242273611,0.0053841095545,0.999499874937
4400,2.04173794467,2.18776162395,2.11348903984,0.02055232443,0.999499874937
4400,2.18776162395,2.34422881532,2.26464430759,0.0729731378258,0.678651362447
4400,2.34422881532,2.51188643151,2.42661009508,0,0
4400,2.51188643151,2.69153480393,2.60015956317,0,0
4400,2.69153480393,2.88403150313,2.78612116863,0.0355485407539,0.999499874937
4400,2.88403150313,3.09029543251,2.98538261892,0.02880762876,0.999499874937
4400,3.09029543251,3.31131121483,3.19889510969,0.0221345984657,0.999499874937
4400,3.31131121483,3.54813389234,3.42767786546,0.033719900318,0.999499874937
4400,3.54813389234,3.80189396321,3.67282300498,0.0202806414432,0.999499874937
4400,3.80189396321,4.07380277804,3.93550075456,0.0154692983025,0.999499874937
4400,4.07380277804,4.3651583224,4.21696503429,0.037356768243,0.712367583587
4400,4.3651583224,4.67735141287,4.51855944375,0,0
4400,4.67735141287,5.01187233627,4.84172367584,0,0
4400,5.01187233627,5.3703179637,5.18800038929,0,0
4400,5.3703179637,5.75439937337,5.5590425727,0.0524450477765,0.632194476237
4400,5.75439937337,6.16595001861,5.95662143529,0,0
4400,6.16595001861,6.60693448008,6.38263486191,0.0186357290513,0.999499874937
4400,6.60693448008,7.07945784384,6.83911647281,0.0152977317681,0.999499874937
4400,7.07945784384,7.58577575029,7.32824533139,0,0
4400,7.58577575029,8.12830516164,7.8523563461,0,0
4400,8.12830516164,8.70963589956,8.41395141645,0.035948243723,0.999499874937
4400,8.70963589956,9.33254300797,9.01571137606,0,0
4400,9.33254300797,10,9.6605087899,5.6828920402,0.0626872012864
4600,0.01,0.0107151930524,0.0103514216668,0,0
4600,0.0107151930524,0.011481536215,0.0110917481526,0,0
4600,0.011481536215,0.0123026877081,0.0118850222744,0,0
4600,0.0123026877081,0.0131825673856,0.0127350308102,0,0
4600,0.0131825673856,0.0141253754462,0.0136458313659,0,0
4600,0.0141253754462,0.0151356124844,0.0146217717446,0,0
4600,0.0151356124844,0.0162181009736,0.0156675107011,0,0
4600,0.0162181009736,0.0173780082875,0.0167880401812,0,0
4600,0.0173780082875,0.0186208713666,0.0179887091513,0,0
4600,0.0186208713666,0.0199526231497,0.0192752491319,0,0
4600,0.0199526231497,0.021379620895,0.0206538015581,0,0
4600,0.021379620895,0.0229086765277,0.0221309470961,0,0
4600,0.0229086765277,0.0245470891569,0.0237137370566,0,0
4600,0.0245470891569,0.026302679919,0.0254097270555,0,0
4600,0.026302679919,0.0281838293126,0.0272270130808,0,0
4600,0.0281838293126,0.030199517204,0.02917427014,0,0
4600,0.030199517204,0.032359365693,0.0312607936712,0,0
4600,0.032359365693,0.0346736850453,0.0334965439158,0,0
4600,0.0346736850453,0.0371535229097,0.0358921934645,0,0
4600,0.0371535229097,0.0398107170553,0.0384591782045,0,0
4600,0.0398107170553,0.0426579518802,0.0412097519097,0,0
4600,0.0426579518802,0.0457088189615,0.0441570447353,0,0
4600,0.0457088189615,0.0489778819368,0.0473151258961,0,0
4600,0.0489778819368,0.052480746025,0.0506990708275,0,0
4600,0.052480746025,0.056234132519,0.0543250331492,0,0
4600,0.056234132519,0.0602559586074,0.0582103217771,0,0
4600,0.0602559586074,0.0645654229035,0.0623734835482,0,0
4600,0.0645654229035,0.0691830970919,0.0668343917569,0,0
4600,0.0691830970919,0.0741310241301,0.0716143410213,0.0509183483792,0.999499874937
4600,0.0741310241301,0.0794328234724,0.0767361489362,0,0
4600,0.0794328234724,0.0851138038202,0.0822242649947,0,0
4600,0.0851138038202,0.0912010839356,0.0881048873008,0,0
4600,0.0912010839356,0.0977237220956,0.0944060876286,0,0
4600,0.0977237220956,0.104712854805,0.101157945426,0.0517098222099,0.999499874937
4600,0.104712854805,0.11220184543,0.108392691402,0,0
4600,0.11220184543,0.120226443462,0.116144861384,0,0
4600,0.120226443462,0.128824955169,0.124451461177,0,0
4600,0.128824955169,0.13803842646,0.133352143216,0,0
4600,0.13803842646,0.147910838817,0.142889395851,0,0
4600,0.147910838817,0.158489319246,0.153108746168,0,0
4600,0.158489319246,0.169824365246,0.16405897732,0,0
4600,0.169824365246,0.181970085861,0.175792361396,0,0
4600,0.181970085861,0.194984459976,0.188364908949,0.0496430440242,0.999499874937
4600,0.194984459976,0.208929613085,0.201836636368,0,0
4600,0.208929613085,0.223872113857,0.216271852373,0,0
4600,0.223872113857,0.239883291902,0.231739464997,0.016076252156,0.999499874937
4600,0.239883291902,0.257039578277,0.24831331053,0,0
4600,0.257039578277,0.275422870334,0.26607250598,0.0212827046239,0.999499874937
4600,0.275422870334,0.295120922667,0.28510182675,0,0
4600,0.295120922667,0.316227766017,0.305492111322,0,0
4600,0.316227766017,0.338844156139,0.327340694879,0,0
4600,0.338844156139,0.36307805477,0.350751873953,0,0
4600,0.36307805477,0.389045144994,0.375837404288,0.0447117855144,0.758258069782
4600,0.389045144994,0.41686938347,0.402717034325,0.0635641590037,0.999499874937
4600,0.41686938347,0.446683592151,0.431519076828,0,0
4600,0.446683592151,0.478630092323,0.462381021399,0,0
4600,0.478630092323,0.512861383991,0.495450190805,0.198791254132,0.638900501017
4600,0.512861383991,0.549540873858,0.530884444231,0,0
4600,0.549540873858,0.588843655356,0.568852930844,0,0
4600,0.588843655356,0.63095734448,0.60953689724,0,0
4600,0.63095734448,0.676082975392,0.653130552647,0,0
4600,0.676082975392,0.724435960075,0.699841996002,0,0
4600,0.724435960075,0.776247116629,0.749894209332,0,0
4600,0.776247116629,0.831763771103,0.803526122186,0,0
4600,0.831763771103,0.891250938134,0.860993752185,0,0
4600,0.891250938134,0.954992586021,0.922571427155,0.00514529841807,0.999499874937
4600,0.954992586021,1.02329299228,0.988553094657,0,0
4600,1.02329299228,1.09647819614,1.05925372518,0,0
4600,1.09647819614,1.17489755494,1.13501081567,0,0
4600,1.17489755494,1.25892541179,1.21618600065,0.243478566799,0.999499874937
4600,1.25892541179,1.34896288259,1.30316677845,0,0
4600,1.34896288259,1.44543977075,1.39636836106,0,0
4600,1.44543977075,1.54881661891,1.49623565609,0,0
4600,1.54881661891,1.65958690744,1.60324539069,0,0
4600,1.65958690744,1.77827941004,1.71790838716,0,0
4600,1.77827941004,1.90546071796,1.84077200147,0,0
4600,1.90546071796,2.04173794467,1.97242273611,0,0
4600,2.04173794467,2.18776162395,2.11348903984,0,0
4600,2.18776162395,2.34422881532,2.26464430759,0,0
4600,2.34422881532,2.51188643151,2.42661009508,0,0
4600,2.51188643151,2.69153480393,2.60015956317,0,0
4600,2.69153480393,2.88403150313,2.78612116863,0,0
4600,2.88403150313,3.09029543251,2.98538261892,0,0
4600,3.09029543251,3.31131121483,3.19889510969,0,0
4600,3.31131121483,3.54813389234,3.42767786546,0,0
4600,3.54813389234,3.80189396321,3.67282300498,0,0
4600,3.80189396321,4.07380277804,3.93550075456,0,0
4600,4.07380277804,4.3651583224,4.21696503429,0,0
4600,4.3651583224,4.67735141287,4.51855944375,0,0
4600,4.67735141287,5.01187233627,4.84172367584,0,0
4600,5.01187233627,5.3703179637,5.18800038929,0,0
4600,5.3703179637,5.75439937337,5.5590425727,0,0
4600,5.75439937337,6.16595001861,5.95662143529,0,0
4600,6.16595001861,6.60693448008,6.38263486191,0,0
4600,6.60693448008,7.07945784384,6.83911647281,0,0
4600,7.07945784384,7.58577575029,7.32824533139,0,0
4600,7.58577575029,8.12830516164,7.8523563461,0,0
4600,8.12830516164,8.70963589956,8.41395141645,0,0
4600,8.70963589956,9.33254300797,9.01571137606,0,0
4600,9.33254300797,10,9.6605087899,1.32086656085,0.373718464577
4800,0.01,0.0107151930524,0.0103514216668,0,0
4800,0.0107151930524,0.011481536215,0.0110917481526,0,0
4800,0.011481536215,0.0123026877081,0.0118850222744,0,0
4800,0.0123026877081,0.0131825673856,0.0127350308102,0,0
4800,0.0131825673856,0.0141253754462,0.0136458313659,0,0
4800,0.0141253754462,0.0151356124844,0.0146217717446,0,0
4800,0.0151356124844,0.0162181009736,0.0156675107011,0,0
4800,0.0162181009736,0.0173780082875,0.0167880401812,0,0
4800,0.0173780082875,0.0186208713666,0.0179887091513,0,0
4800,0.0186208713666,0.0199526231497,0.0192752491319,0,0
4800,0.0199526231497,0.021379620895,0.0206538015581,0,0
4800,0.021379620895,0.0229086765277,0.0221309470961,0,0
4800,0.0229086765277,0.0245470891569,0.0237137370566,0,0
4800,0.0245470891569,0.026302679919,0.0254097270555,0,0
4800,0.026302679919,0.0281838293126,0.0272270130808,0,0
4800,0.0281838293126,0.030199517204,0.02917427014,0,0
4800,0.030199517204,0.032359365693,0.0312607936712,0,0
4800,0.032359365693,0.0346736850453,0.0334965439158,0,0
4800,0.0346736850453,0.0371535229097,0.0358921934645,0,0
4800,0.0371535229097,0.0398107170553,0.0384591782045,0,0
4800,0.0398107170553,0.0426579518802,0.0412097519097,0,0
4800,0.0426579518802,0.0457088189615,0.0441570447353,0,0
4800,0.0457088189615,0.0489778819368,0.0473151258961,0,0
4800,0.0489778819368,0.052480746025,0.0506990708275,0,0
4800,0.052480746025,0.056234132519,0.0543250331492,0,0
4800,0.056234132519,0.0602559586074,0.0582103217771,0,0
4800,0.0602559586074,0.0645654229035,0.0623734835482,0,0
4800,0.0645654229035,0.0691830970919,0.0668343917569,0,0
4800,0.0691830970919,0.0741310241301,0.0716143410213,0,0
4800,0.0741310241301,0.0794328234724,0.0767361489362,0,0
4800,0.0794328234724,0.0851138038202,0.0822242649947,0,0
4800,0.0851138038202,0.0912010839356,0.0881048873008,0,0
4800,0.0912010839356,0.0977237220956,0.0944060876286,0,0
4800,0.0977237220956,0.104712854805,0.101157945426,0,0
4800,0.104712854805,0.11220184543,0.108392691402,0,0
4800,0.11220184543,0.120226443462,0.116144861384,0,0
4800,0.120226443462,0.128824955169,0.124451461177,0,0
4800,0.128824955169,0.13803842646,0.133352143216,0,0
4800,0.13803842646,0.147910838817,0.142889395851,0,0
4800,0.147910838817,0.158489319246,0.153108746168,0,0
4800,0.158489319246,0.169824365246,0.16405897732,0,0
4800,0.169824365246,0.181970085861,0.175792361396,0,0
4800,0.181970085861,0.194984459976,0.188364908949,0,0
4800,0.194984459976,0.208929613085,0.201836636368,0,0
4800,0.208929613085,0.223872113857,0.216271852373,0,0
4800,0.223872113857,0.239883291902,0.231739464997,0,0
4800,0.239883291902,0.257039578277,0.24831331053,0,0
4800,0.257039578277,0.275422870334,0.26607250598,0,0
4800,0.275422870334,0.295120922667,0.28510182675,0.447252713872,0.999499874937
4800,0.295120922667,0.316227766017,0.305492111322,0,0
4800,0.316227766017,0.338844156139,0.327340694879,0,0
4800,0.338844156139,0.36307805477,0.350751873953,0,0
4800,0.36307805477,0.389045144994,0.375837404288,0,0
4800,0.389045144994,0.41686938347,0.402717034325,0,0
4800,0.41686938347,0.446683592151,0.431519076828,0,0
4800,0.446683592151,0.478630092323,0.462381021399,0,0
4800,0.478630092323,0.512861383991,0.495450190805,0,0
4800,0.512861383991,0.549540873858,0.530884444231,0,0
4800,0.549540873858,0.588843655356,0.568852930844,0,0
4800,0.588843655356,0.63095734448,0.60953689724,0,0
4800,0.63095734448,0.676082975392,0.653130552647,0,0
4800,0.676082975392,0.724435960075,0.699841996002,0,0
4800,0.724435960075,0.776247116629,0.749894209332,0,0
4800,0.776247116629,0.831763771103,0.803526122186,0,0
4800,0.831763771103,0.891250938134,0.860993752185,0,0
4800,0.891250938134,0.954992586021,0.922571427155,0,0
4800,0.954992586021,1.02329299228,0.988553094657,0,0
4800,1.02329299228,1.09647819614,1.05925372518,0,0
4800,1.09647819614,1.17489755494,1.13501081567,0,0
4800,1.17489755494,1.25892541179,1.21618600065,0,0
4800,1.25892541179,1.34896288259,1.30316677845,0,0
4800,1.34896288259,1.44543977075,1.39636836106,0,0
4800,1.44543977075,1.54881661891,1.49623565609,0,0
4800,1.54881661891,1.65958690744,1.60324539069,0,0
4800,1.65958690744,1.77827941004,1.71790838716,0,0
4800,1.77827941004,1.90546071796,1.84077200147,0.128859509813,0.999499874937
4800,1.90546071796,2.04173794467,1.97242273611,0,0
4800,2.04173794467,2.18776162395,2.11348903984,0,0
4800,2.18776162395,2.34422881532,2.26464430759,0,0
4800,2.34422881532,2.51188643151,2.42661009508,0,0
4800,2.51188643151,2.69153480393,2.60015956317,0,0
4800,2.69153480393,2.88403150313,2.78612116863,0,0
4800,2.88403150313,3.09029543251,2.98538261892,0,0
4800,3.09029543251,3.31131121483,3.19889510969,0,0
4800,3.31131121483,3.54813389234,3.42767786546,0,0
4800,3.54813389234,3.80189396321,3.67282300498,0,0
4800,3.80189396321,4.07380277804,3.93550075456,0,0
4800,4.07380277804,4.3651583224,4.21696503429,0,0
4800,4.3651583224,4.67735141287,4.51855944375,0,0
4800,4.67735141287,5.01187233627,4.84172367584,0,0
4800,5.01187233627,5.3703179637,5.18800038929,0,0
4800,5.3703179637,5.75439937337,5.5590425727,0,0
4800,5.75439937337,6.16595001861,5.95662143529,0,0
4800,6.16595001861,6.60693448008,6.38263486191,0,0
4800,6.60693448008,7.07945784384,6.83911647281,0,0
4800,7.07945784384,7.58577575029,7.32824533139,0,0
4800,7.58577575029,8.12830516164,7.8523563461,0,0
4800,8.12830516164,8.70963589956,8.41395141645,0,0
4800,8.70963589956,9.33254300797,9.01571137606,0,0
4800,9.33254300797,10,9.6605087899,0.630945937988,0.609557158216
5000,0.01,0.0107151930524,0.0103514216668,0,0
5000,0.0107151930524,0.011481536215,0.0110917481526,0,0
5000,0.011481536215,0.0123026877081,0.0118850222744,0,0
5000,0.0123026877081,0.0131825673856,0.0127350308102,0,0
5000,0.0131825673856,0.0141253754462,0.0136458313659,0,0
5000,0.0141253754462,0.0151356124844,0.0146217717446,0,0
5000,0.0151356124844,0.0162181009736,0.0156675107011,0,0
5000,0.0162181009736,0.0173780082875,0.0167880401812,0,0
5000,0.0173780082875,0.0186208713666,0.0179887091513,0,0
5000,0.0186208713666,0.0199526231497,0.0192752491319,0,0
5000,0.0199526231497,0.021379620895,0.0206538015581,0,0
5000,0.021379620895,0.0229086765277,0.0221309470961,0,0
5000,0.0229086765277,0.0245470891569,0.0237137370566,0,0
5000,0.0245470891569,0.026302679919,0.0254097270555,0,0
5000,0.026302679919,0.0281838293126,0.0272270130808,0,0
5000,0.0281838293126,0.030199517204,0.02917427014,0,0
5000,0.030199517204,0.032359365693,0.0312607936712,0,0
5000,0.032359365693,0.0346736850453,0.0334965439158,0.107268213947,0.999499874937
5000,0.0346736850453,0.0371535229097,0.0358921934645,0,0
5000,0.0371535229097,0.0398107170553,0.0384591782045,0.0134448539905,0.999499874937
5000,0.0398107170553,0.0426579518802,0.0412097519097,0.0143573216533,0.999499874937
5000,0.0426579518802,0.0457088189615,0.0441570447353,0,0
5000,0.0457088189615,0.0489778819368,0.0473151258961,0.131458872568,0.748688328879
5000,0.0489778819368,0.052480746025,0.0506990708275,0,0
5000,0.052480746025,0.056234132519,0.0543250331492,0.227893751584,0.999499874937
5000,0.056234132519,0.0602559586074,0.0582103217771,0.0413829378087,0.999499874937
5000,0.0602559586074,0.0645654229035,0.0623734835482,0.0626889315676,0.999499874937
5000,0.0645654229035,0.0691830970919,0.0668343917569,0.020173313938,0.925512122853
5000,0.0691830970919,0.0741310241301,0.0716143410213,0.0216788503822,0.999499874937
5000,0.0741310241301,0.0794328234724,0.0767361489362,0.0268286401733,0.999499874937
5000,0.0794328234724,0.0851138038202,0.0822242649947,0.0129601525015,0.962750090199
5000,0.0851138038202,0.0912010839356,0.0881048873008,0.211812640417,0.579663638787
5000,0.0912010839356,0.0977237220956,0.0944060876286,0.19020967526,0.696875460578
5000,0.0977237220956,0.104712854805,0.101157945426,0,0
5000,0.104712854805,0.11220184543,0.108392691402,0.24987346298,0.526075169113
5000,0.11220184543,0.120226443462,0.116144861384,0.0566088108626,0.708085414665
5000,0.120226443462,0.128824955169,0.124451461177,0.12972155899,0.690849192869
5000,0.128824955169,0.13803842646,0.133352143216,0.13144471744,0.588060201368
5000,0.13803842646,0.147910838817,0.142889395851,0,0
5000,0.147910838817,0.158489319246,0.153108746168,0,0
5000,0.158489319246,0.169824365246,0.16405897732,0.235724622635,0.628683980592
5000,0.169824365246,0.181970085861,0.175792361396,0.0659776657262,0.999499874937
5000,0.181970085861,0.194984459976,0.188364908949,0.0694421216573,0.999499874937
5000,0.194984459976,0.208929613085,0.201836636368,0.173115721438,0.60729455766
5000,0.208929613085,0.223872113857,0.216271852373,0.00716581430937,0.999499874937
5000,0.223872113857,0.239883291902,0.231739464997,0.00015068722373,0.999499874937
5000,0.239883291902,0.257039578277,0.24831331053,0.134696434462,0.709762840321
5000,0.257039578277,0.275422870334,0.26607250598,0.0169134012169,0.999499874937
5000,0.275422870334,0.295120922667,0.28510182675,0.0294082445436,0.999499874937
5000,0.295120922667,0.316227766017,0.305492111322,0.0304087555543,0.999499874937
5000,0.316227766017,0.338844156139,0.327340694879,0.0255714265432,0.999499874937
5000,0.338844156139,0.36307805477,0.350751873953,0.121991121854,0.999499874937
5000,0.36307805477,0.389045144994,0.375837404288,0,0
5000,0.389045144994,0.41686938347,0.402717034325,0.148035460227,0.657535801794
5000,0.41686938347,0.446683592151,0.431519076828,0.0979349012477,0.993304155575
5000,0.446683592151,0.478630092323,0.462381021399,0.0973670807875,0.999499874937
5000,0.478630092323,0.512861383991,0.495450190805,0.658430082693,0.456148531843
5000,0.512861383991,0.549540873858,0.530884444231,0,0
5000,0.549540873858,0.588843655356,0.568852930844,0,0
5000,0.588843655356,0.63095734448,0.60953689724,0,0
5000,0.63095734448,0.676082975392,0.653130552647,0.13003877482,0.999499874937
5000,0.676082975392,0.724435960075,0.699841996002,0,0
5000,0.724435960075,0.776247116629,0.749894209332,0.0418664905172,0.999499874937
5000,0.776247116629,0.831763771103,0.803526122186,0,0
5000,0.831763771103,0.891250938134,0.860993752185,0,0
5000,0.891250938134,0.954992586021,0.922571427155,0,0
5000,0.954992586021,1.02329299228,0.988553094657,0.00428153561889,0.999499874937
5000,1.02329299228,1.09647819614,1.05925372518,0,0
5000,1.09647819614,1.17489755494,1.13501081567,0,0
5000,1.17489755494,1.25892541179,1.21618600065,0.00295577444373,0.999499874937
5000,1.25892541179,1.34896288259,1.30316677845,0.0999292764567,0.999499874937
5000,1.34896288259,1.44543977075,1.39636836106,0,0
5000,1.44543977075,1.54881661891,1.49623565609,0.0211201944567,0.999499874937
5000,1.54881661891,1.65958690744,1.60324539069,0,0
5000,1.65958690744,1.77827941004,1.71790838716,0.112633967881,0.999499874937
5000,1.77827941004,1.90546071796,1.84077200147,0.00471951080814,0.999499874937
5000,1.90546071796,2.04173794467,1.97242273611,0,0
5000,2.04173794467,2.18776162395,2.11348903984,0,0
5000,2.18776162395,2.34422881532,2.26464430759,0,0
5000,2.34422881532,2.51188643151,2.42661009508,0.0226627289596,0.999499874937
5000,2.51188643151,2.69153480393,2.60015956317,0,0
5000,2.69153480393,2.88403150313,2.78612116863,0,0
5000,2.88403150313,3.09029543251,2.98538261892,0,0
5000,3.09029543251,3.31131121483,3.19889510969,0.0965580543652,0.999499874937
5000,3.31131121483,3.54813389234,3.42767786546,0,0
5000,3.54813389234,3.80189396321,3.67282300498,0,0
5000,3.80189396321,4.07380277804,3.93550075456,0,0
5000,4.07380277804,4.3651583224,4.21696503429,0.125870945575,0.999499874937
5000,4.3651583224,4.67735141287,4.51855944375,0,0
5000,4.67735141287,5.01187233627,4.84172367584,0.206945165703,0.655603560479
5000,5.01187233627,5.3703179637,5.18800038929,0.158777781501,0.999499874937
5000,5.3703179637,5.75439937337,5.5590425727,0,0
5000,5.75439937337,6.16595001861,5.95662143529,0,0
5000,6.16595001861,6.60693448008,6.38263486191,0,0
5000,6.60693448008,7.07945784384,6.83911647281,0,0
5000,7.07945784384,7.58577575029,7.32824533139,0,0
5000,7.58577575029,8.12830516164,7.8523563461,0.140830065398,0.999499874937
5000,8.12830516164,8.70963589956,8.41395141645,0,0
5000,8.70963589956,9.33254300797,9.01571137606,0,0
5000,9.33254300797,10,9.6605087899,5.38969767949,0.13918126756
5200,0.01,0.0107151930524,0.0103514216668,0,0
5200,0.0107151930524,0.011481536215,0.0110917481526,0,0
5200,0.011481536215,0.0123026877081,0.0118850222744,0,0
5200,0.0123026877081,0.0131825673856,0.0127350308102,0,0
5200,0.0131825673856,0.0141253754462,0.0136458313659,0,0
5200,0.0141253754462,0.0151356124844,0.0146217717446,0,0
5200,0.0151356124844,0.0162181009736,0.0156675107011,0,0
5200,0.0162181009736,0.0173780082875,0.0167880401812,0,0
5200,0.0173780082875,0.0186208713666,0.0179887091513,0,0
5200,0.0186208713666,0.0199526231497,0.0192752491319,0.00957307975865,0.999499874937
5200,0.0199526231497,0.021379620895,0.0206538015581,0,0
5200,0.021379620895,0.0229086765277,0.0221309470961,0,0
5200,0.0229086765277,0.0245470891569,0.0237137370566,0,0
5200,0.0245470891569,0.026302679919,0.0254097270555,0,0
5200,0.026302679919,0.0281838293126,0.0272270130808,0,0
5200,0.0281838293126,0.030199517204,0.02917427014,0,0
5200,0.030199517204,0.032359365693,0.0312607936712,0,0
5200,0.032359365693,0.0346736850453,0.0334965439158,0,0
5200,0.0346736850453,0.0371535229097,0.0358921934645,0,0
5200,0.0371535229097,0.0398107170553,0.0384591782045,0,0
5200,0.0398107170553,0.0426579518802,0.0412097519097,0,0
5200,0.0426579518802,0.0457088189615,0.0441570447353,0,0
5200,0.0457088189615,0.0489778819368,0.0473151258961,0,0
5200,0.0489778819368,0.052480746025,0.0506990708275,0.0783956885269,0.999499874937
5200,0.052480746025,0.056234132519,0.0543250331492,0,0
5200,0.056234132519,0.0602559586074,0.0582103217771,0,0
5200,0.0602559586074,0.0645654229035,0.0623734835482,0,0
5200,0.0645654229035,0.0691830970919,0.0668343917569,0.228876065686,0.862929781355
5200,0.0691830970919,0.0741310241301,0.0716143410213,0,0
5200,0.0741310241301,0.0794328234724,0.0767361489362,0.0409610278353,0.999499874937
5200,0.0794328234724,0.0851138038202,0.0822242649947,0,0
5200,0.0851138038202,0.0912010839356,0.0881048873008,0,0
5200,0.0912010839356,0.0977237220956,0.0944060876286,0,0
5200,0.0977237220956,0.104712854805,0.101157945426,0.339092387222,0.782671037142
5200,0.104712854805,0.11220184543,0.108392691402,0.239030262507,0.671577014531
5200,0.11220184543,0.120226443462,0.116144861384,0,0
5200,0.120226443462,0.128824955169,0.124451461177,0,0
5200,0.128824955169,0.13803842646,0.133352143216,0,0
5200,0.13803842646,0.147910838817,0.142889395851,0,0
5200,0.147910838817,0.158489319246,0.153108746168,0,0
5200,0.158489319246,0.169824365246,0.16405897732,0.0890853454881,0.743027619646
5200,0.169824365246,0.181970085861,0.175792361396,0.0579609987933,0.851629211471
5200,0.181970085861,0.194984459976,0.188364908949,0,0
5200,0.194984459976,0.208929613085,0.201836636368,0.0404356395549,0.999499874937
5200,0.208929613085,0.223872113857,0.216271852373,0,0
5200,0.223872113857,0.239883291902,0.231739464997,0,0
5200,0.239883291902,0.257039578277,0.24831331053,0,0
5200,0.257039578277,0.275422870334,0.26607250598,0.0584793692809,0.999499874937
5200,0.275422870334,0.295120922667,0.28510182675,0.12990223193,0.999499874937
5200,0.295120922667,0.316227766017,0.305492111322,0.0707898238675,0.999499874937
5200,0.316227766017,0.338844156139,0.327340694879,0,0
5200,0.338844156139,0.36307805477,0.350751873953,0,0
5200,0.36307805477,0.389045144994,0.375837404288,0,0
5200,0.389045144994,0.41686938347,0.402717034325,0,0
5200,0.41686938347,0.446683592151,0.431519076828,0,0
5200,0.446683592151,0.478630092323,0.462381021399,0,0
5200,0.478630092323,0.512861383991,0.495450190805,0.135366607487,0.707552018485
5200,0.512861383991,0.549540873858,0.530884444231,0.0662960833153,0.743079040911
5200,0.549540873858,0.588843655356,0.568852930844,0,0
5200,0.588843655356,0.63095734448,0.60953689724,0,0
5200,0.63095734448,0.676082975392,0.653130552647,0,0
5200,0.676082975392,0.724435960075,0.699841996002,0,0
5200,0.724435960075,0.776247116629,0.749894209332,0,0
5200,0.776247116629,0.831763771103,0.803526122186,0,0
5200,0.831763771103,0.891250938134,0.860993752185,0,0
5200,0.891250938134,0.954992586021,0.922571427155,0,0
5200,0.954992586021,1.02329299228,0.988553094657,0,0
5200,1.02329299228,1.09647819614,1.05925372518,0,0
5200,1.09647819614,1.17489755494,1.13501081567,0,0
5200,1.17489755494,1.25892541179,1.21618600065,0,0
5200,1.25892541179,1.34896288259,1.30316677845,0,0
5200,1.34896288259,1.44543977075,1.39636836106,0,0
5200,1.44543977075,1.54881661891,1.49623565609,0,0
5200,1.54881661891,1.65958690744,1.60324539069,0,0
5200,1.65958690744,1.77827941004,1.71790838716,0,0
5200,1.77827941004,1.90546071796,1.84077200147,0,0
5200,1.90546071796,2.04173794467,1.97242273611,0,0
5200,2.04173794467,2.18776162395,2.11348903984,0,0
5200,2.18776162395,2.34422881532,2.26464430759,0,0
5200,2.34422881532,2.51188643151,2.42661009508,0,0
5200,2.51188643151,2.69153480393,2.60015956317,0,0
5200,2.69153480393,2.88403150313,2.78612116863,0,0
5200,2.88403150313,3.09029543251,2.98538261892,0,0
5200,3.09029543251,3.31131121483,3.19889510969,0,0
5200,3.31131121483,3.54813389234,3.42767786546,0,0
5200,3.54813389234,3.80189396321,3.67282300498,0,0
5200,3.80189396321,4.07380277804,3.93550075456,0,0
5200,4.07380277804,4.3651583224,4.21696503429,0,0
5200,4.3651583224,4.67735141287,4.51855944375,0.0330610410199,0.999499874937
5200,4.67735141287,5.01187233627,4.84172367584,0,0
5200,5.01187233627,5.3703179637,5.18800038929,0.140496045415,0.999499874937
5200,5.3703179637,5.75439937337,5.5590425727,0,0
5200,5.75439937337,6.16595001861,5.95662143529,0,0
5200,6.16595001861,6.60693448008,6.38263486191,0,0
5200,6.60693448008,7.07945784384,6.83911647281,0,0
5200,7.07945784384,7.58577575029,7.32824533139,0,0
5200,7.58577575029,8.12830516164,7.8523563461,0,0
5200,8.12830516164,8.70963589956,8.41395141645,0,0
5200,8.70963589956,9.33254300797,9.01571137606,0,0
5200,9.33254300797,10,9.6605087899,3.32356103121,0.20780584138
5400,0.01,0.0107151930524,0.0103514216668,0,0
5400,0.0107151930524,0.011481536215,0.0110917481526,0,0
5400,0.011481536215,0.0123026877081,0.0118850222744,0,0
5400,0.0123026877081,0.0131825673856,0.0127350308102,0,0
5400,0.0131825673856,0.0141253754462,0.0136458313659,0,0
5400,0.0141253754462,0.0151356124844,0.0146217717446,0,0
5400,0.0151356124844,0.0162181009736,0.0156675107011,0,0
5400,0.0162181009736,0.0173780082875,0.0167880401812,0,0
5400,0.0173780082875,0.0186208713666,0.0179887091513,0,0
5400,0.0186208713666,0.0199526231497,0.0192752491319,0,0
5400,0.0199526231497,0.021379620895,0.0206538015581,0,0
5400,0.021379620895,0.0229086765277,0.0221309470961,0,0
5400,0.0229086765277,0.0245470891569,0.0237137370566,0,0
5400,0.0245470891569,0.026302679919,0.0254097270555,0,0
5400,0.026302679919,0.0281838293126,0.0272270130808,0,0
5400,0.0281838293126,0.030199517204,0.02917427014,0,0
5400,0.030199517204,0.032359365693,0.0312607936712,0,0
5400,0.032359365693,0.0346736850453,0.0334965439158,0,0
5400,0.0346736850453,0.0371535229097,0.0358921934645,0,0
5400,0.0371535229097,0.0398107170553,0.0384591782045,0,0
5400,0.0398107170553,0.0426579518802,0.0412097519097,0,0
5400,0.0426579518802,0.0457088189615,0.0441570447353,0,0
5400,0.0457088189615,0.0489778819368,0.0473151258961,0,0
5400,0.0489778819368,0.052480746025,0.0506990708275,0,0
5400,0.052480746025,0.056234132519,0.0543250331492,0.0296469111194,0.999499874937
5400,0.056234132519,0.0602559586074,0.0582103217771,0,0
5400,0.0602559586074,0.0645654229035,0.0623734835482,0,0
5400,0.0645654229035,0.0691830970919,0.0668343917569,0.00313431560716,0.999499874937
5400,0.0691830970919,0.0741310241301,0.0716143410213,0.0143347097323,0.999499874937
5400,0.0741310241301,0.0794328234724,0.0767361489362,0.0915022766841,0.999499874937
5400,0.0794328234724,0.0851138038202,0.0822242649947,0,0
5400,0.0851138038202,0.0912010839356,0.0881048873008,0,0
5400,0.0912010839356,0.0977237220956,0.0944060876286,0,0
5400,0.0977237220956,0.104712854805,0.101157945426,0.19885372065,0.835338357891
5400,0.104712854805,0.11220184543,0.108392691402,0.0308557187032,0.999499874937
5400,0.11220184543,0.120226443462,0.116144861384,0,0
5400,0.120226443462,0.128824955169,0.124451461177,0,0
5400,0.128824955169,0.13803842646,0.133352143216,0,0
5400,0.13803842646,0.147910838817,0.142889395851,0.0308907246562,0.999499874937
5400,0.147910838817,0.158489319246,0.153108746168,0,0
5400,0.158489319246,0.169824365246,0.16405897732,0,0
5400,0.169824365246,0.181970085861,0.175792361396,0,0
5400,0.181970085861,0.194984459976,0.188364908949,0,0
5400,0.194984459976,0.208929613085,0.201836636368,0,0
5400,0.208929613085,0.223872113857,0.216271852373,0.114401299152,0.999499874937
5400,0.223872113857,0.239883291902,0.231739464997,0,0
5400,0.239883291902,0.257039578277,0.24831331053,0,0
5400,0.257039578277,0.275422870334,0.26607250598,0.0760962244614,0.999499874937
5400,0.275422870334,0.295120922667,0.28510182675,0,0
5400,0.295120922667,0.316227766017,0.305492111322,0,0
5400,0.316227766017,0.338844156139,0.327340694879,0.012761922267,0.999499874937
5400,0.338844156139,0.36307805477,0.350751873953,0,0
5400,0.36307805477,0.389045144994,0.375837404288,0,0
5400,0.389045144994,0.41686938347,0.402717034325,0,0
5400,0.41686938347,0.446683592151,0.431519076828,0,0
5400,0.446683592151,0.478630092323,0.462381021399,0,0
5400,0.478630092323,0.512861383991,0.495450190805,0,0
5400,0.512861383991,0.549540873858,0.530884444231,0,0
5400,0.549540873858,0.588843655356,0.568852930844,0,0
5400,0.588843655356,0.63095734448,0.60953689724,0,0
5400,0.63095734448,0.676082975392,0.653130552647,0,0
5400,0.676082975392,0.724435960075,0.699841996002,0,0
5400,0.724435960075,0.776247116629,0.749894209332,0,0
5400,0.776247116629,0.831763771103,0.803526122186,0.0515727170147,0.999499874937
5400,0.831763771103,0.891250938134,0.860993752185,0,0
5400,0.891250938134,0.954992586021,0.922571427155,0,0
5400,0.954992586021,1.02329299228,0.988553094657,0,0
5400,1.02329299228,1.09647819614,1.05925372518,0,0
5400,1.09647819614,1.17489755494,1.13501081567,0.220680324438,0.999499874937
5400,1.17489755494,1.25892541179,1.21618600065,0,0
5400,1.25892541179,1.34896288259,1.30316677845,0,0
5400,1.34896288259,1.44543977075,1.39636836106,0,0
5400,1.44543977075,1.54881661891,1.49623565609,0,0
5400,1.54881661891,1.65958690744,1.60324539069,0,0
5400,1.65958690744,1.77827941004,1.71790838716,0,0
5400,1.77827941004,1.90546071796,1.84077200147,0.042800495557,0.999499874937
5400,1.90546071796,2.04173794467,1.97242273611,0,0
5400,2.04173794467,2.18776162395,2.11348903984,0,0
5400,2.18776162395,2.34422881532,2.26464430759,0,0
5400,2.34422881532,2.51188643151,2.42661009508,0,0
5400,2.51188643151,2.69153480393,2.60015956317,0,0
5400,2.69153480393,2.88403150313,2.78612116863,0,0
5400,2.88403150313,3.09029543251,2.98538261892,0,0
5400,3.09029543251,3.31131121483,3.19889510969,0,0
5400,3.31131121483,3.54813389234,3.42767786546,0,0
5400,3.54813389234,3.80189396321,3.67282300498,0,0
5400,3.80189396321,4.07380277804,3.93550075456,0,0
5400,4.07380277804,4.3651583224,4.21696503429,0,0
5400,4.3651583224,4.67735141287,4.51855944375,0,0
5400,4.67735141287,5.01187233627,4.84172367584,0,0
5400,5.01187233627,5.3703179637,5.18800038929,0,0
5400,5.3703179637,5.75439937337,5.5590425727,0,0
5400,5.75439937337,6.16595001861,5.95662143529,0,0
5400,6.16595001861,6.60693448008,6.38263486191,0.237438354633,0.731070648745
5400,6.60693448008,7.07945784384,6.83911647281,0,0
5400,7.07945784384,7.58577575029,7.32824533139,0,0
5400,7.58577575029,8.12830516164,7.8523563461,0,0
5400,8.12830516164,8.70963589956,8.41395141645,0,0
5400,8.70963589956,9.33254300797,9.01571137606,0,0
5400,9.33254300797,10,9.6605087899,1.15290060453,0.401236417315
5600,0.01,0.0107151930524,0.0103514216668,0,0
5600,0.0107151930524,0.011481536215,0.0110917481526,0,0
5600,0.011481536215,0.0123026877081,0.0118850222744,0,0
5600,0.0123026877081,0.0131825673856,0.0127350308102,0,0
5600,0.0131825673856,0.0141253754462,0.0136458313659,0,0
5600,0.0141253754462,0.0151356124844,0.0146217717446,0,0
5600,0.0151356124844,0.0162181009736,0.0156675107011,0,0
5600,0.0162181009736,0.0173780082875,0.0167880401812,0,0
5600,0.0173780082875,0.0186208713666,0.0179887091513,0,0
5600,0.0186208713666,0.0199526231497,0.0192752491319,0,0
5600,0.0199526231497,0.021379620895,0.0206538015581,0,0
5600,0.021379620895,0.0229086765277,0.0221309470961,0,0
5600,0.0229086765277,0.0245470891569,0.0237137370566,0,0
5600,0.0245470891569,0.026302679919,0.0254097270555,0,0
5600,0.026302679919,0.0281838293126,0.0272270130808,0,0
5600,0.0281838293126,0.030199517204,0.02917427014,0,0
5600,0.030199517204,0.032359365693,0.0312607936712,0,0
5600,0.032359365693,0.0346736850453,0.0334965439158,0,0
5600,0.0346736850453,0.0371535229097,0.0358921934645,0,0
5600,0.0371535229097,0.0398107170553,0.0384591782045,0,0
5600,0.0398107170553,0.0426579518802,0.0412097519097,0,0
5600,0.0426579518802,0.0457088189615,0.0441570447353,0,0
5600,0.0457088189615,0.0489778819368,0.0473151258961,0,0
5600,0.0489778819368,0.052480746025,0.0506990708275,0.343423605305,0.999499874937
5600,0.052480746025,0.056234132519,0.0543250331492,0,0
5600,0.056234132519,0.0602559586074,0.0582103217771,0,0
5600,0.0602559586074,0.0645654229035,0.0623734835482,0,0
5600,0.0645654229035,0.0691830970919,0.0668343917569,0,0
5600,0.0691830970919,0.0741310241301,0.0716143410213,0.466061865083,0.999499874937
5600,0.0741310241301,0.0794328234724,0.0767361489362,0,0
5600,0.0794328234724,0.0851138038202,0.0822242649947,0.0746530345962,0.999499874937
5600,0.0851138038202,0.0912010839356,0.0881048873008,4.78201969575e-05,0.999499874937
5600,0.0912010839356,0.0977237220956,0.0944060876286,0.456500604823,0.715542665679
5600,0.0977237220956,0.104712854805,0.101157945426,0.35082900792,0.999499874937
5600,0.104712854805,0.11220184543,0.108392691402,0,0
5600,0.11220184543,0.120226443462,0.116144861384,0,0
5600,0.120226443462,0.128824955169,0.124451461177,0,0
5600,0.128824955169,0.13803842646,0.133352143216,0,0
5600,0.13803842646,0.147910838817,0.142889395851,0.00776934121217,0.999499874937
5600,0.147910838817,0.158489319246,0.153108746168,0.235191486619,0.724653527013
5600,0.158489319246,0.169824365246,0.16405897732,0.215378507576,0.999499874937
5600,0.169824365246,0.181970085861,0.175792361396,0,0
5600,0.181970085861,0.194984459976,0.188364908949,0,0
5600,0.194984459976,0.208929613085,0.201836636368,0,0
5600,0.208929613085,0.223872113857,0.216271852373,0,0
5600,0.223872113857,0.239883291902,0.231739464997,0.852609983655,0.999499874937
5600,0.239883291902,0.257039578277,0.24831331053,0,0
5600,0.257039578277,0.275422870334,0.26607250598,0,0
5600,0.275422870334,0.295120922667,0.28510182675,0,0
5600,0.295120922667,0.316227766017,0.305492111322,0,0
5600,0.316227766017,0.338844156139,0.327340694879,0.512486206126,0.999499874937
5600,0.338844156139,0.36307805477,0.350751873953,0,0
5600,0.36307805477,0.389045144994,0.375837404288,0,0
5600,0.389045144994,0.41686938347,0.402717034325,0,0
5600,0.41686938347,0.446683592151,0.431519076828,0,0
5600,0.446683592151,0.478630092323,0.462381021399,0,0
5600,0.478630092323,0.512861383991,0.495450190805,0.593565129326,0.773857536809
5600,0.512861383991,0.549540873858,0.530884444231,0,0
5600,0.549540873858,0.588843655356,0.568852930844,0,0
5600,0.588843655356,0.63095734448,0.60953689724,0,0
5600,0.63095734448,0.676082975392,0.653130552647,0,0
5600,0.676082975392,0.724435960075,0.699841996002,0,0
5600,0.724435960075,0.776247116629,0.749894209332,0,0
5600,0.776247116629,0.831763771103,0.803526122186,0,0
5600,0.831763771103,0.891250938134,0.860993752185,0,0
5600,0.891250938134,0.954992586021,0.922571427155,0,0
5600,0.954992586021,1.02329299228,0.988553094657,0,0
5600,1.02329299228,1.09647819614,1.05925372518,0,0
5600,1.09647819614,1.17489755494,1.13501081567,0,0
5600,1.17489755494,1.25892541179,1.21618600065,0,0
5600,1.25892541179,1.34896288259,1.30316677845,0,0
5600,1.34896288259,1.44543977075,1.39636836106,0,0
5600,1.44543977075,1.54881661891,1.49623565609,0,0
5600,1.54881661891,1.65958690744,1.60324539069,0,0
5600,1.65958690744,1.77827941004,1.71790838716,0,0
5600,1.77827941004,1.90546071796,1.84077200147,0,0
5600,1.90546071796,2.04173794467,1.97242273611,0,0
5600,2.04173794467,2.18776162395,2.11348903984,0,0
5600,2.18776162395,2.34422881532,2.26464430759,0,0
5600,2.34422881532,2.51188643151,2.42661009508,0,0
5600,2.51188643151,2.69153480393,2.60015956317,0,0
5600,2.69153480393,2.88403150313,2.78612116863,0,0
5600,2.88403150313,3.09029543251,2.98538261892,0,0
5600,3.09029543251,3.31131121483,3.19889510969,0,0
5600,3.31131121483,3.54813389234,3.42767786546,0,0
5600,3.54813389234,3.80189396321,3.67282300498,0,0
5600,3.80189396321,4.07380277804,3.93550075456,0,0
5600,4.07380277804,4.3651583224,4.21696503429,0.320337479009,0.999499874937
5600,4.3651583224,4.67735141287,4.51855944375,0,0
5600,4.67735141287,5.01187233627,4.84172367584,0,0
5600,5.01187233627,5.3703179637,5.18800038929,0,0
5600,5.3703179637,5.75439937337,5.5590425727,0,0
5600,5.75439937337,6.16595001861,5.95662143529,0,0
5600,6.16595001861,6.60693448008,6.38263486191,0,0
5600,6.60693448008,7.07945784384,6.83911647281,0,0
5600,7.07945784384,7.58577575029,7.32824533139,0,0
5600,7.58577575029,8.12830516164,7.8523563461,0,0
5600,8.12830516164,8.70963589956,8.41395141645,0,0
5600,8.70963589956,9.33254300797,9.01571137606,0,0
5600,9.33254300797,10,9.6605087899,3.75208782545,0.329914894332
